Date,Close,High,Low,Open,Volume,Index
2005-01-03,28.85529136657715,29.159620713991984,28.68139023618308,28.979507475098004,10238100,BAC
2005-01-04,28.45778465270996,29.02296535685951,28.408099660625584,28.824220650074423,10264100,BAC
2005-01-05,28.12861442565918,28.53231357835937,28.10377074478488,28.345990710249758,14796100,BAC
2005-01-06,28.085140228271484,28.33978204378004,27.942292611690966,28.209353898881393,14602200,BAC
2005-01-07,27.78080940246582,28.172089075521328,27.77459966699296,28.134823555012883,10547200,BAC
2005-01-10,28.12861442565918,28.159667842140145,27.80565368196474,27.811863417571406,11488600,BAC
2005-01-11,28.06031036376953,28.215579897712825,27.923672415747415,28.041678777848357,8900700,BAC
2005-01-12,27.985780715942383,28.159681829997353,27.78703590867242,28.060309426362373,9709300,BAC
2005-01-13,27.63797950744629,28.04168127940247,27.575872636018545,28.01062547446332,12200500,BAC
2005-01-14,27.880189895629883,27.954718589185433,27.700076714414884,27.855346208036547,11224200,BAC
2005-01-18,28.401905059814453,28.5571746057587,27.7684050280549,27.973361965929424,15553300,BAC
2005-01-19,27.929880142211914,28.184522043161508,27.89882434491526,28.103781234794653,10838600,BAC
2005-01-20,28.141050338745117,28.30252960673225,27.892618144214914,27.905039990863923,11086700,BAC
2005-01-21,28.004423141479492,28.259065172440135,27.960947846136886,28.11000532467556,8258900,BAC
2005-01-24,28.085140228271484,28.345991779620977,28.0354528646484,28.041664969713235,7088400,BAC
2005-01-25,28.31495475769043,28.507489849381116,28.09136623036583,28.09136623036583,7370000,BAC
2005-01-26,28.42674446105957,28.519904753016288,28.277684677013976,28.401900768847824,7771400,BAC
2005-01-27,28.277671813964844,28.432941265821402,28.165877619090214,28.296305759259823,5700200,BAC
2005-01-28,28.383262634277344,28.420525794770832,28.203149461144346,28.215571304383623,6836900,BAC
2005-01-31,28.79938507080078,28.836650602264847,28.507480033284534,28.538533458225693,10799200,BAC
2005-02-01,28.991918563842773,29.066447253607276,28.77454223151951,28.793173811654555,8110400,BAC
2005-02-02,29.02297019958496,29.035392041984693,28.818015723049882,28.849069144437113,7091700,BAC
2005-02-03,28.81802749633789,28.942241232632977,28.718655085766734,28.849080930411663,7452400,BAC
2005-02-04,29.122356414794922,29.128568523560215,28.755920182077862,28.755920182077862,7539900,BAC
2005-02-07,28.96709442138672,29.097520308778012,28.886353570952426,28.991938124478185,7041700,BAC
2005-02-08,29.122356414794922,29.147200111405475,28.91118973205585,28.91118973205585,4591400,BAC
2005-02-09,28.84286880493164,29.178251578869542,28.836659065810633,29.103722863291726,5396800,BAC
2005-02-10,29.147199630737305,29.190674914476165,28.942242690918174,28.973298495781876,6027900,BAC
2005-02-11,29.07887840270996,29.234147938123503,28.960874408716702,29.147197377367934,7038700,BAC
2005-02-14,29.147199630737305,29.24657204631545,29.06645880269717,29.122355934536454,5887300,BAC
2005-02-15,29.227924346923828,29.234134082938297,29.04159909735424,29.066442779860047,5792600,BAC
2005-02-16,29.047822952270508,29.128563768461596,28.88013158136206,29.047822952270508,6073000,BAC
2005-02-17,28.793195724487305,29.190685531370207,28.78077387186895,29.03541592747994,9197800,BAC
2005-02-18,28.408113479614258,28.793181240171723,28.35221635556358,28.78696913237446,11250300,BAC
2005-02-22,28.072729110717773,28.401899728175184,28.047885419416325,28.29010548654346,12081600,BAC
2005-02-23,28.401905059814453,28.5571746057587,28.18452864318261,28.290110797196576,7740000,BAC
2005-02-24,28.69380760192871,28.81802369104677,28.333581180408828,28.35221513377268,9387700,BAC
2005-02-25,29.060253143310547,29.184469272529448,28.50749385597331,28.631707615966608,8157100,BAC
2005-02-28,28.973291397094727,29.128560906469886,28.774546614632495,28.911182171809845,10043400,BAC
2005-03-01,29.240341186523438,29.314869852068526,28.96706546415217,28.973277568328005,10527200,BAC
2005-03-02,29.202713012695312,29.359480852528158,29.07729826241156,29.096112029810932,9691700,BAC
2005-03-03,29.052234649658203,29.309333965491955,28.757510168547984,29.177647083068745,9103300,BAC
2005-03-04,29.33440589904785,29.409656206211086,29.15882663317648,29.221532830391087,8889400,BAC
2005-03-07,29.140026092529297,29.403395089309704,29.12748437000323,29.284252313445563,7653200,BAC
2005-03-08,29.00834083557129,29.13375567580533,28.81395010569319,29.00207116999969,7804800,BAC
2005-03-09,28.657180786132812,28.97071667571394,28.550577339788948,28.939363565173625,10203500,BAC
2005-03-10,28.757505416870117,28.983251587050603,28.56938440574919,28.719880257810555,8026800,BAC
2005-03-11,28.701074600219727,28.908007036109456,28.563118048233967,28.776322541262456,7595000,BAC
2005-03-14,28.719881057739258,28.75123416178461,28.387533849099214,28.67598623365806,9219900,BAC
2005-03-15,28.556840896606445,28.970708051973716,28.544299177705827,28.657172255723108,7143800,BAC
2005-03-16,28.09280776977539,28.38126013750831,27.99874846312598,28.34363737168389,12799200,BAC
2005-03-17,28.08025360107422,28.31854137803343,28.030089138185982,28.15550388353753,7583800,BAC
2005-03-18,28.180601119995117,28.30601593744778,27.87333732892922,28.142978349221398,19222100,BAC
2005-03-21,27.779266357421875,28.04890728782753,27.547250577336044,27.992470758391747,10031000,BAC
2005-03-22,27.377948760986328,27.923500439009658,27.214911180827006,27.854522173219287,12770500,BAC
2005-03-23,27.578624725341797,27.729123049415936,27.22746356389528,27.28390013641187,16983100,BAC
2005-03-24,27.434391021728516,27.92350625619026,27.434391021728516,27.7479269191197,10748400,BAC
2005-03-28,27.77301025390625,28.055193038847253,27.572347471745772,27.609970248345203,12028800,BAC
2005-03-29,27.522178649902344,27.892151077079532,27.4657420968723,27.779277971019447,11567100,BAC
2005-03-30,27.603702545166016,27.716575667166065,27.359144911528986,27.465745975590576,12252600,BAC
2005-03-31,27.65386962890625,27.904699343889348,27.503373713587948,27.653869628906254,12242400,BAC
2005-04-01,27.597431182861328,28.01757056802712,27.415582163579007,27.85453054676662,11748100,BAC
2005-04-04,27.691484451293945,27.73537927619245,27.283886914849482,27.52844687196929,12265300,BAC
2005-04-05,27.78555679321289,27.97367788508654,27.68522538474098,27.81063785126377,8477100,BAC
2005-04-06,27.96739387512207,28.161786942505003,27.84198146219212,27.942312827789145,8186000,BAC
2005-04-07,28.11162567138672,28.299746704388898,28.061458786805485,28.12416500044331,8529100,BAC
2005-04-08,28.017566680908203,28.33110256373655,27.98621357104316,28.28093567428132,6728400,BAC
2005-04-11,28.2056884765625,28.32483125402954,28.099087421790255,28.186877088564813,6809600,BAC
2005-04-12,28.544300079345703,28.71987936532388,27.998748446421814,28.155516349499006,10269300,BAC
2005-04-13,28.287206649780273,28.669720794937415,28.130438714361045,28.46278597198138,8569000,BAC
2005-04-14,28.017566680908203,28.28093567428132,27.998755293406965,28.230771176915038,9956000,BAC
2005-04-15,27.766721725463867,28.205672198092152,27.59741215493206,27.885866826257157,13423000,BAC
2005-04-18,28.04890251159668,28.18685898052325,27.835698146931733,27.99246599177103,16980700,BAC
2005-04-19,28.17434310913086,28.280944193200682,28.05520029891935,28.092823085254736,9657400,BAC
2005-04-20,27.735380172729492,28.180600492285105,27.653860184387785,28.174330827992033,11100500,BAC
2005-04-21,27.835721969604492,27.967406497868204,27.258816955064688,27.84199402833487,12941300,BAC
2005-04-22,27.823177337646484,28.030112196519887,27.497099688327022,27.76047110943051,8948300,BAC
2005-04-25,28.11162567138672,28.161790163879232,27.747922934438943,28.042647401131884,8189300,BAC
2005-04-26,27.973669052124023,28.224496298057883,27.936043888794025,27.99875249434402,7244800,BAC
2005-04-27,28.13670539855957,28.211955721893034,27.71656852434644,27.773005070802235,9465300,BAC
2005-04-28,28.023855209350586,28.230790179511224,27.923523754994367,28.005043809187093,7992700,BAC
2005-04-29,28.243316650390625,28.255858374420153,27.816907601743807,28.130443526214158,10723600,BAC
2005-05-02,28.431428909301758,28.462782013607494,28.099081697901585,28.11162341804159,7910400,BAC
2005-05-03,28.4439697265625,28.67598556156646,28.287201817921474,28.406344567336813,9886800,BAC
2005-05-04,28.82649803161621,28.832767698536873,28.33738028866733,28.594479690027914,9779100,BAC
2005-05-05,28.751224517822266,28.939347863169573,28.462772230018352,28.732413140122613,8165200,BAC
2005-05-06,28.525501251220703,28.813953745736576,28.44398123595685,28.807681687283516,7758100,BAC
2005-05-09,28.675987243652344,28.682259299935424,28.43769933875564,28.475324500188357,5546400,BAC
2005-05-10,28.456527709960938,28.66346022374849,28.33111283295251,28.425174588731284,7526600,BAC
2005-05-11,28.632097244262695,28.682264134629136,28.306019633147802,28.462787577409443,7620400,BAC
2005-05-12,28.431428909301758,28.77004817681619,28.387534084856018,28.531760278333234,9033300,BAC
2005-05-13,28.299732208251953,28.55683137981356,28.048902698007094,28.531747950371575,9838500,BAC
2005-05-16,28.751224517822266,28.788849665309268,28.29973470841675,28.29973470841675,7024300,BAC
2005-05-17,28.933090209960938,28.97071537617496,28.494139505819565,28.569389838247613,6908200,BAC
2005-05-18,29.252897262573242,29.31560347895473,28.97071450467891,28.989525891175592,8961400,BAC
2005-05-19,29.12749481201172,29.30934626569869,28.951913025790926,29.064786176900782,6709900,BAC
2005-05-20,29.202713012695312,29.246607816481518,29.002050369076265,29.15881820890911,7617800,BAC
2005-05-23,29.190189361572266,29.315604189463684,29.140024865669027,29.158836252621633,5728600,BAC
2005-05-24,29.227813720703125,29.309333715395436,29.0334206232334,29.158835447662618,6375100,BAC
2005-05-25,29.183917999267578,29.22154077098463,29.03341973613315,29.071044899938943,6931900,BAC
2005-05-26,29.29051399230957,29.346950532244378,29.158829529824466,29.303055711416008,6935700,BAC
2005-05-27,29.252897262573242,29.28425037076399,29.083587607836645,29.190188654102936,5211400,BAC
2005-05-31,29.04596519470215,29.25290003412689,29.04596519470215,29.19646347720096,9095400,BAC
2005-06-01,29.311914443969727,29.571535965069184,29.064957681894125,29.109283130699705,9146100,BAC
2005-06-02,29.242267608642578,29.27392830722834,29.115622398743074,29.27392830722834,6693200,BAC
2005-06-03,28.988969802856445,29.13461091168878,28.9446443530186,29.01429932149403,6426700,BAC
2005-06-06,29.06494903564453,29.096609716007833,28.849653027396975,28.963633409148922,4520100,BAC
2005-06-07,29.03962516784668,29.292913075524762,29.014295652412212,29.109280127513706,6265100,BAC
2005-06-08,29.071287155151367,29.2549225269347,29.014296950651563,29.12827735965117,5255900,BAC
2005-06-09,29.185264587402344,29.2612507138,28.925643107951228,29.020627577614853,6333700,BAC
2005-06-10,29.128273010253906,29.235919816260044,28.97629834909521,29.185263206244006,5106400,BAC
2005-06-13,29.07761573791504,29.248586336193995,28.893982798035065,28.99529843973125,5765400,BAC
2005-06-14,29.109281539916992,29.166271744631985,28.982636372155262,29.026961818538517,5093400,BAC
2005-06-15,29.50819969177246,29.527198030052276,29.08394131388132,29.223251188677704,10128700,BAC
2005-06-16,29.400554656982422,29.57152521833747,29.35622922428536,29.495539107364642,6729200,BAC
2005-06-17,29.533540725708008,29.68551541348664,29.375234866401634,29.68551541348664,13876500,BAC
2005-06-20,29.577871322631836,29.685520581791078,29.31824976479102,29.39423591413181,8135700,BAC
2005-06-21,29.812150955200195,29.92612891477649,29.577856619899933,29.577856619899933,12812100,BAC
2005-06-22,29.80583953857422,30.0401316325768,29.786843600442225,29.799508364382465,10628100,BAC
2005-06-23,29.50819969177246,29.875470301488463,29.43221358531751,29.761489934028653,10607300,BAC
2005-06-24,29.60318946838379,29.824816658609496,29.36256393645644,29.476544324445435,12332000,BAC
2005-06-27,29.3815860748291,29.698197983327013,29.349922951533582,29.603213444554775,9136800,BAC
2005-06-28,29.552534103393555,29.698177607065208,29.41955777279474,29.53987176143172,8160400,BAC
2005-06-29,29.704517364501953,29.812166626738932,29.59053692945395,29.603201690632197,9222600,BAC
2005-06-30,28.881330490112305,29.444899140944575,28.862334553967187,29.444899140944575,42051300,BAC
2005-07-01,28.482393264770508,29.058626563762317,28.216440549338596,28.881324753474374,34938900,BAC
2005-07-05,28.564699172973633,28.60902460409311,28.2480875703746,28.558365588210947,25842200,BAC
2005-07-06,28.305084228515625,28.62169590352015,28.305084228515625,28.590035219130773,22795900,BAC
2005-07-07,28.292428970336914,28.368415121493516,28.051803340192123,28.273433036436813,17265100,BAC
2005-07-08,28.590049743652344,28.634375207427084,28.222778854596925,28.33675930874815,15123800,BAC
2005-07-11,28.602703094482422,28.799003240565245,28.49505626362,28.672358062949098,15516700,BAC
2005-07-12,28.691364288330078,28.856001373551198,28.53938955034738,28.60271094876554,14704800,BAC
2005-07-13,28.96997833251953,29.00163902791377,28.75468222205998,28.96364715966317,14116900,BAC
2005-07-14,29.007966995239258,29.09661789138709,28.944643201165274,29.001633408053983,13844700,BAC
2005-07-15,29.11562156677246,29.15994702663723,28.988976360491804,29.014305884859215,13909400,BAC
2005-07-18,28.545717239379883,28.868660169453506,28.545717239379883,28.678693597906904,19272500,BAC
2005-07-19,28.381092071533203,28.729364697427282,28.2354508794523,28.672374455695,18397300,BAC
2005-07-20,28.40641975402832,28.48240593286861,28.229117864881953,28.387423813207516,13133300,BAC
2005-07-21,28.241758346557617,28.469719122118214,28.241758346557617,28.431727269894914,11957200,BAC
2005-07-22,28.400066375732422,28.400066375732422,28.184770339394163,28.32408024983521,8088100,BAC
2005-07-25,28.2797794342041,28.539401138021546,28.279779434204105,28.444416586271814,10232800,BAC
2005-07-26,28.19745635986328,28.330435199906315,28.127801352116265,28.222785892781687,15081700,BAC
2005-07-27,27.95680809020996,28.172104096733772,27.830162954215655,28.09611556580415,23059100,BAC
2005-07-28,27.868167877197266,28.03280735588944,27.82384242113926,27.937822855447322,12103900,BAC
2005-07-29,27.608537673950195,27.988473141267477,27.608537673950195,27.86182798549505,13126200,BAC
2005-08-01,27.646535873413086,27.766847459935466,27.595879253239996,27.71619083976238,12298400,BAC
2005-08-02,27.82382583618164,27.893480772912454,27.678184793723908,27.741508561458627,10597200,BAC
2005-08-03,27.722524642944336,27.874499349000978,27.640207325404827,27.79851320375066,12631900,BAC
2005-08-04,27.678194046020508,27.735184248255127,27.55154888377074,27.722519490474596,11410100,BAC
2005-08-05,27.386919021606445,27.659205346164025,27.317264043386203,27.621211062892204,12698500,BAC
2005-08-08,27.19061851501465,27.513563879979326,27.177953754079155,27.443908902612193,9544000,BAC
2005-08-09,27.165285110473633,27.336253304573702,27.06396946203571,27.190612210916413,11487100,BAC
2005-08-10,27.070302963256836,27.475565591890348,26.9056659262079,27.323593313930687,16749400,BAC
2005-08-11,27.095630645751953,27.14628726312134,26.88033458693187,27.133622504890084,11957500,BAC
2005-08-12,27.032312393188477,27.196951868371805,26.96899100461405,27.165291174084594,8386000,BAC
2005-08-15,27.34258270263672,27.4818926037308,27.032302218078613,27.114621924684677,12521500,BAC
2005-08-16,27.684534072875977,27.956820389609856,27.450239622766095,27.450239622766095,19137500,BAC
2005-08-17,27.690855026245117,27.874490365678177,27.608535319679397,27.72884929440358,13637600,BAC
2005-08-18,27.735191345214844,27.85550536713842,27.564220694762533,27.690865889418635,11846600,BAC
2005-08-19,27.621217727661133,27.849178651184744,27.61488655336626,27.849178651184744,7767700,BAC
2005-08-22,27.697208404541016,27.836515989561125,27.545233638860864,27.72886910952027,8004700,BAC
2005-08-23,27.443912506103516,27.76685549791569,27.304602533077315,27.703534100480038,9228600,BAC
2005-08-24,27.171634674072266,27.557901600065588,27.165303498564924,27.48191541619129,10045500,BAC
2005-08-25,27.272939682006836,27.361590597643094,27.177955177792967,27.31093396680364,6963100,BAC
2005-08-26,27.127294540405273,27.266604481861982,26.987984598948568,27.22861020267672,10788500,BAC
2005-08-29,27.45656394958496,27.54521482921312,26.924656256260704,27.07662850260746,11389200,BAC
2005-08-30,27.29193115234375,27.469235370169983,27.184284319695585,27.469235370169983,15381300,BAC
2005-08-31,27.567415237426758,27.567415237426758,27.24068189094893,27.33037330198568,11348700,BAC
2005-09-01,27.612245559692383,27.958200047160695,27.34317147648789,27.573807801466767,13294700,BAC
2005-09-02,27.49053192138672,27.7660140271354,27.45849962990814,27.70835492491109,9509000,BAC
2005-09-06,27.772445678710938,27.81088593105299,27.51618466149239,27.593062722267003,11949200,BAC
2005-09-07,27.74680519104004,27.81086979720166,27.6443003548366,27.772429567159847,9770000,BAC
2005-09-08,27.567415237426758,27.77242487519866,27.541790865636013,27.714765761831085,10490200,BAC
2005-09-09,27.516162872314453,27.644294501415093,27.490536057712816,27.586635390515184,13402900,BAC
2005-09-12,27.35599708557129,27.58022558830989,27.34958916040311,27.484128705953655,13153800,BAC
2005-09-13,27.330371856689453,27.407249855811507,27.247085932027833,27.247085932027833,11504700,BAC
2005-09-14,27.317554473876953,27.445686083037856,27.227863080636475,27.34318128449057,11571300,BAC
2005-09-15,27.37520980834961,27.471309112971614,27.291923907270988,27.375209808349606,9177200,BAC
2005-09-16,27.98383331298828,27.99023879287015,27.458495982028072,27.5353739601448,24500500,BAC
2005-09-19,27.798051834106445,27.983842583015527,27.631482419024017,27.983842583015527,10275900,BAC
2005-09-20,27.548185348510742,27.93257765488078,27.426461688405126,27.791635112628665,12390600,BAC
2005-09-21,27.074092864990234,27.458487524996592,26.990809432642383,27.388015048466787,19531400,BAC
2005-09-22,27.029266357421875,27.07411206630854,26.785818921725095,27.04207976623347,16441800,BAC
2005-09-23,27.054889678955078,27.227867009697352,26.83066116349705,27.042076271799257,11267900,BAC
2005-09-26,26.90753173828125,27.368804492987692,26.83705924032256,27.291924071265385,15253500,BAC
2005-09-27,26.856300354003906,26.98443205236145,26.74738999894077,26.9459942535904,11978700,BAC
2005-09-28,26.651269912719727,26.971597687843314,26.491106025157933,26.965192207659914,14976400,BAC
2005-09-29,26.971599578857422,26.978007503397066,26.350165313404837,26.619239490298444,17436800,BAC
2005-09-30,26.971599578857422,27.304740781611756,26.913940477536343,27.003634313741358,15079700,BAC
2005-10-03,26.939565658569336,27.279114765327307,26.881906560735494,27.208642263096277,13229600,BAC
2005-10-04,26.849884033203125,27.247089938295577,26.843478550629264,26.997234571480842,11183700,BAC
2005-10-05,26.881916046142578,27.400848109754726,26.817851445458153,26.87551056363728,11886600,BAC
2005-10-06,27.054889678955078,27.330371823036383,26.894725755368622,26.90753916252444,14776300,BAC
2005-10-07,27.080524444580078,27.279128647947644,27.029270800907838,27.266315237029584,9818200,BAC
2005-10-10,26.965198516845703,27.195834959922994,26.939571702302107,27.163802663697272,10301800,BAC
2005-10-11,26.83065414428711,27.131760579999593,26.79862185673134,27.00363142977652,11136100,BAC
2005-10-12,26.837060928344727,27.131761898429392,26.74096406100773,26.843468852511396,11057200,BAC
2005-10-13,26.90753173828125,26.97800423623994,26.51032600167673,26.83705924032256,14538800,BAC
2005-10-14,26.939565658569336,27.074102738879308,26.84346879145093,27.003632680555274,13751600,BAC
2005-10-17,26.939565658569336,27.04847837399193,26.862687676093213,26.971597947608807,10224400,BAC
2005-10-18,26.63205909729004,26.99082719393515,26.63205909729004,26.971605859747278,10709200,BAC
2005-10-19,27.189437866210938,27.202251278587415,26.676913590694472,26.811450754784698,23207200,BAC
2005-10-20,27.035673141479492,27.54179177056786,26.93957380140681,27.25349619425754,19581300,BAC
2005-10-21,27.074092864990234,27.227851217774,26.971588111103095,27.131751941795883,14292900,BAC
2005-10-24,27.791654586791992,27.791654586791992,27.22147120711141,27.234282174914853,14165900,BAC
2005-10-25,27.66350555419922,27.804450550675334,27.458495983274073,27.804450550675334,11885100,BAC
2005-10-26,27.676321029663086,27.91977082982593,27.548189427266486,27.599443045787943,10893200,BAC
2005-10-27,27.66350555419922,27.868515125124368,27.618659863303524,27.682724437752558,9911500,BAC
2005-10-28,28.1760311126709,28.1760311126709,27.69553944476606,27.82367104498875,14087800,BAC
2005-10-31,28.02227210998535,28.24650055313901,27.977423977447884,28.188841461484248,14757400,BAC
2005-11-01,27.94540023803711,28.09915867744076,27.721171726310423,28.02868616121023,19218600,BAC
2005-11-02,28.240100860595703,28.278538633637794,27.964618748893614,28.0479022197563,11795200,BAC
2005-11-03,28.19525146484375,28.400263502214727,27.99664979587341,28.3490098818952,14361800,BAC
2005-11-04,28.33622169494629,28.43232109661655,28.220903390505693,28.284970472922303,11984700,BAC
2005-11-07,28.48352813720703,28.49634153381521,28.297737552246726,28.445090391288012,9632500,BAC
2005-11-08,28.438703536987305,28.509176048582002,28.34901213819671,28.4387035369873,7777700,BAC
2005-11-09,28.534807205200195,28.701376622041835,28.445115792754102,28.48996149897715,9608400,BAC
2005-11-10,29.021705627441406,29.098583634845827,28.554027212877166,28.58605951230336,13948700,BAC
2005-11-11,29.124217987060547,29.21390942622226,28.906394873135632,28.989680828317976,11850900,BAC
2005-11-14,29.226701736450195,29.297174228884334,28.96403309259083,29.028100105670347,9828400,BAC
2005-11-15,28.989667892456055,29.252336608752955,28.8871630871672,29.201085428062193,11406600,BAC
2005-11-16,28.810298919677734,29.13703237960793,28.765453198587483,29.08578117432272,11949900,BAC
2005-11-17,29.04732322692871,29.079355516190063,28.75902773576249,28.82950023848168,11455700,BAC
2005-11-18,29.188274383544922,29.45094312109443,28.989670238019183,29.45094312109443,13406200,BAC
2005-11-21,29.367660522460938,29.425319639375704,29.156242945804202,29.213902062718965,14224100,BAC
2005-11-22,29.53422737121582,29.566262111969642,29.226712922458404,29.399690258117126,16508200,BAC
2005-11-23,29.92502212524414,30.110812833520594,29.43812495048933,29.476562721920914,17356500,BAC
2005-11-25,30.104398727416992,30.142836487835407,29.957045832791618,30.014704917325673,5130700,BAC
2005-11-28,29.82892417907715,30.206911062627455,29.803297369773762,30.117217230065595,14917500,BAC
2005-11-29,29.969879150390625,30.08519739609223,29.905814544515543,29.91862795447217,13686200,BAC
2005-11-30,29.717321395874023,30.112343937399395,29.684943025487467,30.10586925144661,14514600,BAC
2005-12-01,29.710844039916992,29.956921608989767,29.659036675705195,29.788552615923603,13589900,BAC
2005-12-02,29.872737884521484,29.90511625149638,29.633132534222938,29.71084357933595,9221600,BAC
2005-12-05,30.067014694213867,30.138248593547793,29.6525656111562,29.74322603928614,11815700,BAC
2005-12-06,29.989295959472656,30.261277151816174,29.87273188552242,30.086431040890815,12883300,BAC
2005-12-07,29.697906494140625,30.008743418101485,29.412970794442295,29.950461340464308,11727100,BAC
2005-12-08,29.64607810974121,29.807972380712382,29.503612831097744,29.684933624086085,10978000,BAC
2005-12-09,29.723793029785156,29.924540371071938,29.5359950579981,29.646081990921708,8840600,BAC
2005-12-12,29.620187759399414,29.833886990839055,29.54247670222915,29.775604933117076,10321300,BAC
2005-12-13,30.112348556518555,30.24186452824334,29.536005076170543,29.54247976311652,13980700,BAC
2005-12-14,30.29366683959961,30.42965995693204,30.11234597690502,30.190054565158203,15120000,BAC
2005-12-15,30.228906631469727,30.313092366781536,30.034633947936562,30.241858473080097,10459700,BAC
2005-12-16,30.41669273376465,30.598013504775153,30.332507031376817,30.40374089721958,18620400,BAC
2005-12-19,30.131771087646484,30.293665413232915,29.995780447028615,30.22890867112289,12631900,BAC
2005-12-20,30.235374450683594,30.338986689725086,30.170617727649155,30.261278128021626,11935800,BAC
2005-12-21,30.202993392944336,30.43612152755399,30.054050967012703,30.351935818875965,13973100,BAC
2005-12-22,30.384313583374023,30.429646248937622,30.14471076984832,30.293653192867563,12058500,BAC
2005-12-23,30.39726448059082,30.46849834816022,30.345459603465077,30.436119991167843,6523300,BAC
2005-12-27,30.151208877563477,30.598036457149178,30.151208877563477,30.164160723824057,9184500,BAC
2005-12-28,29.963407516479492,30.319574603377212,29.963407516479492,30.280719068869317,7799100,BAC
2005-12-29,29.91158676147461,30.16414391737143,29.89216023806359,30.015199003517903,6998700,BAC
2005-12-30,29.88570213317871,30.021692813119873,29.730282448737324,29.801516367843288,14498300,BAC
2006-01-03,30.487947463989258,30.55270422072056,29.885700239202816,30.38433270072009,16296700,BAC
2006-01-04,30.16414451599121,30.591545331690586,30.07995879568824,30.436125730385925,17757900,BAC
2006-01-05,30.202993392944336,30.326034614160772,29.99576893336029,30.164140350716337,14970700,BAC
2006-01-06,30.157657623291016,30.377833879696528,30.0151899072904,30.30660002169622,12599800,BAC
2006-01-09,30.177108764648438,30.41671420440023,30.021691557021736,30.254819838773763,15619400,BAC
2006-01-10,29.924556732177734,30.118829494932342,29.710857434241326,30.047598042495007,15634600,BAC
2006-01-11,29.85331153869629,29.95044911855666,29.626660479437128,29.827410325003292,14742100,BAC
2006-01-12,29.659029006958008,29.937487341819494,29.60074697244489,29.931012658122683,10546600,BAC
2006-01-13,29.659029006958008,29.788544913688305,29.581320451044007,29.678457998669344,10791000,BAC
2006-01-17,29.34171485900879,29.5165609460401,29.140965099015006,29.399996888019224,14605900,BAC
2006-01-18,29.309350967407227,29.561908219251915,29.089174560630173,29.348206499301405,10867000,BAC
2006-01-19,29.231632232666016,29.71084041186368,29.043834265797287,29.71084041186368,14584000,BAC
2006-01-20,28.616439819335938,29.23811590089797,28.603487976979295,29.14097831837884,24950800,BAC
2006-01-23,28.46748924255371,28.745947598259413,28.16312967981146,28.16960436399294,23459500,BAC
2006-01-24,28.64882469177246,28.933757852779593,28.51930872029224,28.545212408650624,13500300,BAC
2006-01-25,28.901365280151367,28.91431711796817,28.590528583479436,28.590528583479436,15132000,BAC
2006-01-26,29.076221466064453,29.244590475436254,28.92727651468656,29.140978207289454,18449100,BAC
2006-01-27,29.011457443237305,29.212207260240373,28.888418667190155,29.076216644033902,12250800,BAC
2006-01-30,28.804229736328125,29.36762113386115,28.655287296534823,28.979075853557816,14812100,BAC
2006-01-31,28.64234161376953,28.96613024038277,28.571107720664834,28.914325344686464,19151000,BAC
2006-02-01,28.461013793945312,28.648811744202465,28.402731756634832,28.55814887592239,15854700,BAC
2006-02-02,28.130754470825195,28.47397208850216,28.085424261562203,28.461020247239713,14745100,BAC
2006-02-03,27.904104232788086,28.20198917951954,27.79401481402399,28.0400948645162,17097000,BAC
2006-02-06,28.08542251586914,28.26674581196181,28.001239258362485,28.104851511710734,12554600,BAC
2006-02-07,28.163127899169922,28.40920540747782,28.143698907232626,28.234359301905062,13914200,BAC
2006-02-08,28.279695510864258,28.31207634753969,28.065996316610264,28.201986937527444,11101600,BAC
2006-02-09,28.383310317993164,28.525775624471745,28.29912458895286,28.33150295541113,13766200,BAC
2006-02-10,28.44158172607422,28.5063409107008,28.111318530564716,28.3444466545998,9038900,BAC
2006-02-13,28.299114227294922,28.46748315341661,28.04008244985067,28.299114227294922,8329500,BAC
2006-02-14,28.597007751464844,28.810709403486513,28.318549370515267,28.441588143602647,17049200,BAC
2006-02-15,28.726518630981445,28.88193574121842,28.448060298970574,28.538720691660547,12818500,BAC
2006-02-16,28.940216064453125,28.966119738064904,28.674709585708058,28.74594345298532,11773700,BAC
2006-02-17,28.920806884765625,29.348207874380417,28.83014644307639,28.998515481883288,11938900,BAC
2006-02-21,28.849567413330078,29.030890732065878,28.823663729180492,28.953179679617126,10380500,BAC
2006-02-22,29.192766189575195,29.251045735787393,28.765363088208204,28.78479207392196,14729600,BAC
2006-02-23,29.380586624145508,29.594288356825405,29.14098367230497,29.264022491831344,17345700,BAC
2006-02-24,29.607221603393555,29.717308509031167,29.102109857220878,29.102109857220878,13832400,BAC
2006-02-27,29.77559471130371,29.78854654971912,29.594273914109156,29.68493431270643,18460200,BAC
2006-02-28,29.6914119720459,29.820927898867804,29.626655243790363,29.639607083503638,20699000,BAC
2006-03-01,29.855093002319336,29.90092299067552,29.665226978078163,29.69141375889095,15576200,BAC
2006-03-02,29.56045913696289,29.69794904051905,29.396779966763862,29.62592980602413,14367400,BAC
2006-03-03,29.586660385131836,29.783077483529695,29.449170414291054,29.514643612939395,12399500,BAC
2006-03-06,29.599754333496094,29.65867896212971,29.40333973723307,29.52773506543866,11318400,BAC
2006-03-07,29.868186950683594,29.91401693797979,29.494998484102037,29.521187761856144,12823300,BAC
2006-03-08,29.927106857299805,30.044956091061266,29.737238369845606,29.737238369845606,14201200,BAC
2006-03-09,29.822349548339844,29.992577313869013,29.78306813902263,29.920558066725626,11922800,BAC
2006-03-10,30.084245681762695,30.11698103120024,29.756887192293128,29.78962254173067,12535400,BAC
2006-03-13,30.077701568603516,30.247929406969032,29.979495505744122,30.090796209827587,10090800,BAC
2006-03-14,30.287199020385742,30.37886147320378,30.077689837608872,30.116973745959463,14364000,BAC
2006-03-15,30.378856658935547,30.46396803388749,30.031855100695683,30.14970430952491,11344600,BAC
2006-03-16,30.614572525024414,30.70623502303617,30.43125252409629,30.43125252409629,13005400,BAC
2006-03-17,30.706222534179688,30.758598585622,30.53599474751214,30.752052515771716,18970500,BAC
2006-03-20,30.706222534179688,30.771693222869246,30.48361869606983,30.58182472910417,11243700,BAC
2006-03-21,30.49017333984375,30.758607235030013,30.457437986293694,30.608022610661855,11774400,BAC
2006-03-22,30.765155792236328,30.863361852848083,30.378872626383036,30.378872626383036,11157200,BAC
2006-03-23,30.575292587280273,30.75861259715653,30.51636794159893,30.68659330826291,10793900,BAC
2006-03-24,30.706222534179688,30.771693222869246,30.54908938475939,30.6276547106962,10495000,BAC
2006-03-27,30.653844833374023,30.7258640914533,30.555636300075598,30.63420412573304,10450300,BAC
2006-03-28,30.15628433227539,30.77826386401283,30.084265018693497,30.52292447771242,16077800,BAC
2006-03-29,30.097339630126953,30.313394929492585,29.933660389149622,30.228281024871208,11836200,BAC
2006-03-30,29.86164665222168,30.175910553376642,29.776532731841957,29.986041999278598,12825100,BAC
2006-03-31,29.815797805786133,30.06458834260848,29.75687320547644,29.940193074197307,10968800,BAC
2006-04-03,29.907485961914062,30.26103389739262,29.894391316428013,30.0187867022231,11832600,BAC
2006-04-04,30.306846618652344,30.37886587896661,29.920563538595964,29.966393522878345,8823300,BAC
2006-04-05,30.47707748413086,30.49017212453842,30.2544735922969,30.2544735922969,10249600,BAC
2006-04-06,30.24793243408203,30.46398779203275,30.14972386384681,30.33304636178271,7795500,BAC
2006-04-07,29.946762084960938,30.424705281534393,29.894383516682836,30.385421355325818,9406600,BAC
2006-04-10,29.907485961914062,30.169373876538533,29.881296670941964,30.051524564712345,9100000,BAC
2006-04-11,29.828899383544922,30.116973886823896,29.75688013333856,29.953294680917246,8570000,BAC
2006-04-12,29.933664321899414,30.06460573384704,29.835455765391355,29.868191118378263,7157300,BAC
2006-04-13,29.940214157104492,30.071158083059725,29.85510023060144,29.940214157104492,7642200,BAC
2006-04-17,29.77651596069336,30.084233616600876,29.632477483877743,30.084233616600876,10618900,BAC
2006-04-18,30.090803146362305,30.313407103391363,29.704519882622122,29.75689845959273,16356400,BAC
2006-04-19,30.14971160888672,30.27410941362702,29.979486320224563,30.031862371525737,10493000,BAC
2006-04-20,30.300296783447266,30.6734852098777,30.188996111287572,30.50980598784517,17056200,BAC
2006-04-21,30.68657112121582,30.73894965619413,30.34611813649483,30.34611813649483,16502600,BAC
2006-04-24,30.817537307739258,30.863367310304838,30.581838724517507,30.67349872964867,12568100,BAC
2006-04-25,30.830623626708984,30.882999687979044,30.66039830564736,30.784793636517502,12677000,BAC
2006-04-26,31.23653221130371,31.28236217911165,30.80441930229606,30.83715463679517,19058900,BAC
2006-04-27,32.107330322265625,32.19899032561882,31.10561136300396,31.15798993494737,34554500,BAC
2006-04-28,32.68345642089844,32.72274032196178,32.01564758564367,32.03528828740234,29595900,BAC
2006-05-01,32.198978424072266,32.73584610031366,32.14659987148927,32.63109149269453,21093000,BAC
2006-05-02,32.382301330566406,32.51324522647686,32.251357434655944,32.251357434655944,19227800,BAC
2006-05-03,32.27755355834961,32.47396819509481,32.22517748740644,32.25791284393937,13745200,BAC
2006-05-04,32.696563720703125,32.70311228885683,32.42812986998173,32.44122450874216,15863000,BAC
2006-05-05,33.043556213378906,33.06319691728328,32.70310319294093,32.73583853196364,19401000,BAC
2006-05-08,32.807857513427734,32.94534743474907,32.73583826962715,32.866782122214914,10721900,BAC
2006-05-09,32.8602409362793,32.96499554236793,32.76203489794129,32.80786488200839,10343700,BAC
2006-05-10,32.84716033935547,33.02393428098484,32.56563424440635,32.75550033203977,11892500,BAC
2006-05-11,32.53289031982422,32.932268132262436,32.36921105227068,32.932268132262436,11227700,BAC
2006-05-12,32.21207809448242,32.63764266174132,32.16624810258604,32.53288803775712,15232200,BAC
2006-05-15,32.441219329833984,32.58525783565747,31.819237824514857,32.081125562821825,13367300,BAC
2006-05-16,32.500152587890625,32.60490721155843,32.33647333231297,32.48705794773874,8121100,BAC
2006-05-17,31.793052673339844,32.28409033459741,31.62282488547774,32.27754176715449,20638000,BAC
2006-05-18,31.504993438720703,32.107334608746456,31.48535272039368,31.851995280302752,13165300,BAC
2006-05-19,31.60319709777832,31.806160313187245,31.42642316775398,31.655573170999766,15761800,BAC
2006-05-22,31.596643447875977,31.904361257803806,31.49843738979393,31.60319201694317,16162600,BAC
2006-05-23,31.57699203491211,32.00910503766104,31.544256693311493,31.917445082160732,12592100,BAC
2006-05-24,31.740678787231445,31.891263392434947,31.43296100841943,31.557358832644063,17052700,BAC
2006-05-25,32.02220153808594,32.12695613583441,31.701389177611265,31.917446940337463,13871200,BAC
2006-05-26,32.329925537109375,32.48051014450565,31.98947240395589,32.1793409297131,15352800,BAC
2006-05-30,31.88471794128418,32.23171714708226,31.851982591264058,32.19898179706214,14796800,BAC
2006-05-31,32.01701354980469,32.12946878755202,31.68625928802346,31.98393610486276,15518900,BAC
2006-06-01,32.215476989746094,32.24193794567118,31.97733343333159,32.01702486721922,14188200,BAC
2006-06-02,32.5859260559082,32.69838387679922,32.36101293758227,32.55946761874805,13392700,BAC
2006-06-05,32.24193572998047,32.73145076367651,32.189013821767126,32.54622913184076,10750300,BAC
2006-06-06,32.1030158996582,32.46684769771244,31.77226155484918,32.28162354866972,15816700,BAC
2006-06-07,32.314697265625,32.57268776459567,31.964098480791822,32.0831702423305,12480200,BAC
2006-06-08,32.43376922607422,32.546227011975006,32.096400915282466,32.18901172516823,15392800,BAC
2006-06-09,32.275001525878906,32.546219920068864,32.169160262864644,32.314690422350026,11685300,BAC
2006-06-12,32.02362823486328,32.42053234842044,31.98393681412564,32.281616161020914,9570900,BAC
2006-06-13,31.137210845947266,32.18239568702433,30.925528287354087,31.8516413737906,22932100,BAC
2006-06-14,30.852754592895508,31.26288913714131,30.33677879453935,31.077667573311828,20908100,BAC
2006-06-15,31.692869186401367,31.7987104356192,30.958594415941356,30.998285830693455,21674900,BAC
2006-06-16,31.368738174438477,31.679648039541718,31.348893722948542,31.553962307680173,21387400,BAC
2006-06-19,31.183521270751953,31.706113775466118,31.123985383842044,31.706113775466118,10154500,BAC
2006-06-20,31.14383888244629,31.39521043673572,31.090916961465727,31.097530939860256,12954900,BAC
2006-06-21,31.295984268188477,31.46797545703364,31.11076007621372,31.11076007621372,11575200,BAC
2006-06-22,31.4481201171875,31.55396139449602,31.17690168636847,31.295973438772442,10268800,BAC
2006-06-23,31.362123489379883,31.573806045337303,31.17028538446375,31.35550951351783,12398500,BAC
2006-06-26,31.395193099975586,31.441498493535203,31.19674105279797,31.3224267605377,8859800,BAC
2006-06-27,31.28936004638672,31.55396452765958,31.282746069909805,31.395201334204792,10128700,BAC
2006-06-28,31.52089500427246,31.633350287853798,31.35551780597818,31.35551780597818,12517900,BAC
2006-06-29,32.14932632446289,32.215478717824105,31.467973075304943,31.560583902554864,16028900,BAC
2006-06-30,31.818565368652344,32.28823843259902,31.759029488628414,32.28162193289899,14414500,BAC
2006-07-03,32.28823471069336,32.43376488240009,31.87148359856528,31.87809757404764,6660400,BAC
2006-07-05,32.327938079833984,32.48008481857588,31.964108702541964,32.08318050215842,12059500,BAC
2006-07-06,32.453617095947266,32.618994267714,32.27500944762455,32.327928830393105,7653500,BAC
2006-07-07,32.28163146972656,32.5594664997363,32.18240665600995,32.347783868993645,7583700,BAC
2006-07-10,32.50652313232422,32.59251993290222,32.440373300159195,32.49329266120034,7321900,BAC
2006-07-11,32.51315689086914,32.57269278080704,32.189016484883766,32.394085110993345,11447500,BAC
2006-07-12,32.12946701049805,32.55283203840929,32.08316161828617,32.53298759130552,7977600,BAC
2006-07-13,31.739173889160156,32.261766149888416,31.686254527422335,32.129463960362294,12113600,BAC
2006-07-14,31.957494735717773,32.083180513822576,31.481207537078784,31.752426075535745,10613100,BAC
2006-07-17,31.89794921875,32.056709888126385,31.666419667681033,31.82518286051276,10434700,BAC
2006-07-18,32.04347610473633,32.136089429679004,31.613497023050353,31.85825450176114,9437000,BAC
2006-07-19,33.04235076904297,33.06219521695148,32.31468988978921,32.40068670315064,24176600,BAC
2006-07-20,32.843902587890625,33.12173498515132,32.810825139541,32.96297433627522,15785300,BAC
2006-07-21,33.168052673339844,33.24743302718804,32.923295110291946,32.976214505038755,19627600,BAC
2006-07-24,33.4525032043457,33.538500063628625,33.168054189641936,33.17467069144774,13098200,BAC
2006-07-25,33.61125183105469,33.79647342579927,33.439258187259036,33.45910516059236,15198200,BAC
2006-07-26,33.73031997680664,33.86923615803694,33.465715563882995,33.4921765098663,14242200,BAC
2006-07-27,33.75016784667969,34.03461673620528,33.72370689801336,33.928775464994935,13054100,BAC
2006-07-28,34.17353820800781,34.332301401064264,33.842783868974266,33.842783868974266,12051700,BAC
2006-07-31,34.08753204345703,34.16691487998567,33.86923555163992,34.160298381880956,10928400,BAC
2006-08-01,34.08753204345703,34.12060948707129,33.789855238565934,33.96184633746867,11102900,BAC
2006-08-02,34.37199783325195,34.378614334616444,34.08093485961163,34.173545691067375,9711300,BAC
2006-08-03,34.37860870361328,34.623366221435965,34.2396899557278,34.31245631808317,11329500,BAC
2006-08-04,34.61013412475586,34.89458306058588,34.48444838331332,34.729205889682625,19869100,BAC
2006-08-07,34.5042839050293,34.63658611219711,34.46459248584254,34.5307448511538,9614800,BAC
2006-08-08,34.438148498535156,34.848283241561404,34.36538212791881,34.629984129712355,12969100,BAC
2006-08-09,34.094154357910156,34.775507418562256,33.968466107025144,34.56382486528286,12412600,BAC
2006-08-10,34.08092498779297,34.16692181643043,33.78324559901342,33.942008780847566,10816200,BAC
2006-08-11,34.001548767089844,34.07431260562359,33.538492164531135,33.95524335917952,11741200,BAC
2006-08-14,33.82293701171875,34.31906848499986,33.750170658551355,34.133844352358736,8245700,BAC
2006-08-15,34.4976921081543,34.53076705034584,34.153707157758305,34.26616246590082,12396900,BAC
2006-08-16,34.59688949584961,34.71596121206816,34.33228764471731,34.71596121206816,9384100,BAC
2006-08-17,34.49106979370117,34.66306350164542,34.352153545831065,34.44476437774447,9622900,BAC
2006-08-18,34.722572326660156,34.729186299445075,34.438123551283624,34.55057875280489,8985600,BAC
2006-08-21,34.702754974365234,34.8350572540469,34.636605096252445,34.636605096252445,7274400,BAC
2006-08-22,34.729183197021484,34.868099324180676,34.61672800554606,34.70933875698552,7504200,BAC
2006-08-23,34.722572326660156,34.8284135553965,34.60350062890003,34.722572326660156,7575900,BAC
2006-08-24,34.73580551147461,34.86810769821383,34.6498112350303,34.72257756390958,9418600,BAC
2006-08-25,34.484439849853516,34.583664613768256,34.30583224666129,34.52412874603751,11392400,BAC
2006-08-28,34.524139404296875,34.636597199597134,34.43814508704696,34.477833995483685,8147700,BAC
2006-08-29,34.59029006958008,34.65643992932003,34.39183796690483,34.57705959294101,16074400,BAC
2006-08-30,34.570228576660156,34.80426198233318,34.52342189552555,34.67721564079251,12362200,BAC
2006-08-31,34.41642379760742,34.70395191855251,34.41642379760742,34.65045712825017,10533100,BAC
2006-09-01,34.543479919433594,34.66384068106149,34.3027583961778,34.657155105758925,9775300,BAC
2006-09-05,34.60365295410156,34.69726629310022,34.42979997464293,34.51672518898616,8992800,BAC
2006-09-06,34.53681945800781,34.71067260079384,34.38302305571398,34.4365179001248,10342800,BAC
2006-09-07,34.44318771362305,34.683909301730225,34.38969544447334,34.530115520611396,9487400,BAC
2006-09-08,34.543479919433594,34.64378140438108,34.23589244006129,34.36962690306703,10082700,BAC
2006-09-11,34.2225227355957,34.302762402461404,33.96842748128581,34.16902792383656,13728000,BAC
2006-09-12,34.570228576660156,34.67052751447453,34.2960740653977,34.2960740653977,13893100,BAC
2006-09-13,34.70397186279297,34.73740485055975,34.42312915385044,34.570237360952405,8985200,BAC
2006-09-14,34.72403335571289,34.757466345607895,34.47662616956149,34.50337103101332,8290500,BAC
2006-09-15,34.40306091308594,34.77082878430382,34.39637278681004,34.77082878430382,15843600,BAC
2006-09-18,34.62372970581055,34.7240312201004,34.27602102058544,34.36294882958508,11259500,BAC
2006-09-19,34.7908935546875,34.8310146663592,34.443184905852334,34.69059460166804,14284600,BAC
2006-09-20,35.09846878051758,35.2054558155663,34.86443288769267,34.891180284147886,13629000,BAC
2006-09-21,34.931312561035156,35.23221193977769,34.84438477011448,35.19209338302426,9765700,BAC
2006-09-22,35.0583610534668,35.25227592554796,34.891193588039535,34.96474768095123,11521500,BAC
2006-09-25,35.4194450378418,35.55986510314414,35.12522865251512,35.2522775646419,13046100,BAC
2006-09-26,35.76044845581055,35.77382215336239,35.26563440025243,35.419428095940596,14145600,BAC
2006-09-27,35.599979400634766,35.91425245556834,35.52642531838242,35.64009795402861,11387100,BAC
2006-09-28,35.78721618652344,36.00119036739687,35.45288121006202,35.660169813746535,12219800,BAC
2006-09-29,35.820640563964844,36.10816877867165,35.72702720118083,35.827328690319604,10701400,BAC
2006-10-02,35.85408401489258,35.894205132420346,35.64010982295829,35.79390361398771,7378600,BAC
2006-10-03,36.38230895996094,36.48929598253802,35.82062645373831,35.860747543744154,13591200,BAC
2006-10-04,36.6564826965332,36.67654197672902,36.20847510033886,36.30208847561689,12570700,BAC
2006-10-05,36.455875396728516,36.68990879097781,36.28870795775825,36.482622799149205,8653700,BAC
2006-10-06,36.268653869628906,36.42244762938932,36.18172607471283,36.342205410648454,8968900,BAC
2006-10-09,36.449180603027344,36.46924242655926,36.14159318377498,36.1616550073069,5886000,BAC
2006-10-10,36.52943420410156,36.54280790704217,36.29539822880049,36.47593939233914,10630800,BAC
2006-10-11,36.134925842285156,36.255286641117905,35.87414496173869,36.255286641117905,12485000,BAC
2006-10-12,36.282012939453125,36.48930144267686,36.208461422927485,36.342193308081164,9426000,BAC
2006-10-13,36.36894226074219,36.43581075695087,36.027921857781,36.241895944104165,7951400,BAC
2006-10-16,35.91425323486328,36.34220148550171,35.91425323486328,36.308768506690484,8634300,BAC
2006-10-17,35.89419937133789,35.987812746437335,35.386008833979254,35.65347780635466,10068900,BAC
2006-10-18,35.98112869262695,36.06805394417027,35.66685301940229,36.05468023990824,12417500,BAC
2006-10-19,35.61335372924805,35.92094378709442,35.32582805143451,35.92094378709442,16086300,BAC
2006-10-20,35.85408401489258,35.894205132420346,35.272341839994574,35.66017165710896,16555700,BAC
2006-10-23,35.880828857421875,36.088117456979276,35.59330057932786,35.62673356615366,14966300,BAC
2006-10-24,35.72703552246094,35.840708189239386,35.51974692032131,35.747094804651624,14260800,BAC
2006-10-25,36.1081657409668,36.168346119232645,35.80057827461806,35.80057827461806,11578600,BAC
2006-10-26,36.22853088378906,36.22853088378906,35.9008815511672,36.10148453685601,9950800,BAC
2006-10-27,35.907569885253906,36.1416033022126,35.84738949935411,36.12822959970455,9197700,BAC
2006-10-30,36.054683685302734,36.154985201466204,35.83402392082602,35.84070949820928,7471300,BAC
2006-10-31,36.021240234375,36.30208286759712,35.994495381836565,36.19509580512507,11782300,BAC
2006-11-01,35.82732009887695,36.2084615849695,35.77382530395831,36.2084615849695,12654100,BAC
2006-11-02,35.807281494140625,35.90089489517836,35.58662169894794,35.68023509998568,8920300,BAC
2006-11-03,35.72703552246094,35.90088858658486,35.70697624027025,35.8072752019971,7531600,BAC
2006-11-06,36.24860382080078,36.27535123574098,35.8875213714298,35.89420950055179,11139700,BAC
2006-11-07,36.389007568359375,36.5227420321807,36.21515455093257,36.25527565531079,8579500,BAC
2006-11-08,36.516048431396484,36.6096617702654,36.24189398866374,36.37562842309312,9559600,BAC
2006-11-09,36.449180603027344,36.589603164661874,36.362255387220515,36.45586872779539,9004900,BAC
2006-11-10,36.623046875,36.623046875,36.27533825749896,36.44919129086299,9612200,BAC
2006-11-13,36.41575622558594,36.73003184377508,36.41575622558594,36.489310310759805,8669900,BAC
2006-11-14,36.663169860839844,36.763468809957786,36.154979335859096,36.4759405644281,13716200,BAC
2006-11-15,36.42912673950195,36.643100849951715,36.32882781003822,36.62304157421349,12612500,BAC
2006-11-16,36.70996856689453,36.77014894359196,36.50268003587613,36.59629338834491,10064100,BAC
2006-11-17,36.676536560058594,36.8102710267505,36.656477282825286,36.676536560058594,13267400,BAC
2006-11-20,36.70996856689453,36.8303293202894,36.58960781349966,36.67653304035064,8949900,BAC
2006-11-21,36.5896110534668,36.81027075371485,36.44918846155682,36.8035851782776,9191500,BAC
2006-11-22,36.52943420410156,36.723346519807805,36.38901159861171,36.56286718606657,11706600,BAC
2006-11-24,36.48261642456055,36.61634831175171,36.288701617052226,36.355567560647806,4835400,BAC
2006-11-27,36.054683685302734,36.56955987011308,35.92763730883272,36.482634610263155,14859600,BAC
2006-11-28,36.28871536254883,36.43582355510767,35.961065992969566,36.05467936977129,11998100,BAC
2006-11-29,36.498146057128906,36.579222297512395,36.288696310657095,36.525172329712476,9322900,BAC
2006-11-30,36.383296966552734,36.58599149639979,36.25492599803521,36.49815737195727,11314900,BAC
2006-12-01,36.14680480957031,36.48462541526723,35.81573948194599,36.369767646466286,14482400,BAC
2006-12-04,35.57253646850586,35.82252317536872,35.26849718860858,35.471189182750585,28801800,BAC
2006-12-05,35.667118072509766,35.69414435310039,35.336052578694584,35.579283949274235,16918300,BAC
2006-12-06,35.59954833984375,35.82926654411547,35.538740504084544,35.640087756139124,13045300,BAC
2006-12-07,35.464420318603516,35.70764907200765,35.40361248591059,35.552251850096305,12408800,BAC
2006-12-08,34.903648376464844,35.39011120093785,34.673930106837965,35.33605863049933,32237800,BAC
2006-12-11,35.504966735839844,35.65360871750137,35.01850652040181,35.03877494431266,18229300,BAC
2006-12-12,35.67388153076172,35.77522881752231,35.369842247848496,35.43740796481175,14986000,BAC
2006-12-13,35.86981964111328,36.07251164516122,35.77523021104882,35.944140643983545,13299700,BAC
2006-12-14,35.923858642578125,36.133308443154114,35.619822018260805,35.87656394202352,13389700,BAC
2006-12-15,36.02520751953125,36.126554783765364,35.71441302268638,35.957644394953846,22369800,BAC
2006-12-18,36.23466110229492,36.329250517499226,36.05223755410022,36.126558545294536,12915300,BAC
2006-12-19,36.20087814331055,36.41032538966864,36.079262449194424,36.09277301310229,10902300,BAC
2006-12-20,36.25492858886719,36.342762719586474,36.0927734688753,36.28195487176053,8999000,BAC
2006-12-21,36.15357208251953,36.49139280029715,36.099522107906225,36.410316549693434,10445800,BAC
2006-12-22,36.04547119140625,36.254920973783996,35.83602398639616,36.24140783517566,8402700,BAC
2006-12-26,36.28194046020508,36.4913876260135,36.065735437673524,36.07924857375264,10028200,BAC
2006-12-27,36.32925033569336,36.51842916515524,36.14682678841157,36.40357132651574,8905300,BAC
2006-12-28,36.2481803894043,36.45762767933142,36.15358838079513,36.349525104003924,7024400,BAC
2006-12-29,36.0724983215332,36.33599808720692,35.977908926405995,36.24816655022749,7612900,BAC
2007-01-03,36.0319709777832,36.606265358040595,35.80225271020657,36.07926568781059,16028200,BAC
2007-01-04,36.26167297363281,36.4103149075085,35.84277602414464,36.03195737017754,13175000,BAC
2007-01-05,35.97113800048828,36.20761138545555,35.82925139214132,36.20761138545555,10205000,BAC
2007-01-08,36.113040924072266,36.241411889159636,35.67387289096252,36.11979620544826,9685900,BAC
2007-01-09,36.14680480957031,36.288688845395015,35.78871579228892,36.21436789976302,12546500,BAC
2007-01-10,36.20087814331055,36.281954413598584,35.91710733125019,35.984670460262194,10083900,BAC
2007-01-11,35.98467254638672,36.24817495049302,35.93062255551734,36.1468276737315,14645200,BAC
2007-01-12,36.06575012207031,36.214389524725746,35.971160708370974,35.971160708370974,13012400,BAC
2007-01-16,36.106292724609375,36.167100582732594,36.018461156384774,36.119805868344386,12006200,BAC
2007-01-17,36.02520751953125,36.288707313698346,35.91034969227606,36.14682320566499,12746800,BAC
2007-01-18,36.00493240356445,36.18059804122662,35.950879852057625,36.1130349292106,10111100,BAC
2007-01-19,36.20762634277344,36.241407900671504,35.977908140751865,36.11979223034434,12794000,BAC
2007-01-22,36.2481803894043,36.51843553903867,36.173859385610015,36.24142252867643,15563000,BAC
2007-01-23,36.02520751953125,36.160336346054066,35.74143930346454,35.97791281685347,17367300,BAC
2007-01-24,35.944122314453125,36.13330107811125,35.511712239024625,36.1265457982809,25262700,BAC
2007-01-25,35.40361022949219,35.95763596877621,35.3630708178248,35.94412283155375,20091400,BAC
2007-01-26,35.16038513183594,35.673871550255335,34.94418005277852,35.484692750422056,22715300,BAC
2007-01-29,34.768516540527344,35.30227402959096,34.69419555124403,35.12660834549529,22157900,BAC
2007-01-30,35.21443557739258,35.22119343597167,34.70094915220032,34.8090516931549,17991300,BAC
2007-01-31,35.525238037109375,35.67387744265783,35.03201738058901,35.133364655735555,19232300,BAC
2007-02-01,35.70090103149414,35.78873515816651,35.57253005971766,35.64684846819789,12647800,BAC
2007-02-02,35.63334655761719,35.91711485172598,35.626588696880106,35.69415441740746,12651800,BAC
2007-02-05,35.72792434692383,35.89007686861414,35.38334572793816,35.63333494637651,11112400,BAC
2007-02-06,35.95088577270508,36.03196461331796,35.640091282459515,35.65360442256166,13702200,BAC
2007-02-07,36.05222702026367,36.14006112759046,35.977906050784654,36.045469162656026,9509500,BAC
2007-02-08,36.02520751953125,36.07250222220904,35.80900242804195,36.04547594143088,13669800,BAC
2007-02-09,35.80226135253906,36.1468375483973,35.579298313701536,36.025221814007566,11423700,BAC
2007-02-12,35.836029052734375,36.01845258368567,35.79548963117808,35.944131599516474,10685400,BAC
2007-02-13,36.30222702026367,36.3427664487635,35.86981675907273,35.86981675907273,10682100,BAC
2007-02-14,36.5184211730957,36.599497428354645,36.19411357469225,36.32248452696622,12189700,BAC
2007-02-15,36.383296966552734,36.62652834047479,36.28195227899722,36.53869679340028,16916400,BAC
2007-02-16,36.5184211730957,36.531934311866806,36.214381994165066,36.24140827170728,10815700,BAC
2007-02-20,36.5184211730957,36.599497428354645,36.2887029687223,36.39680550152345,9998000,BAC
2007-02-21,36.42384338378906,36.46438281301834,36.28871453039333,36.31574081654618,11771600,BAC
2007-02-22,36.28194046020508,36.55219544968595,36.14005639742509,36.383285114747714,10215100,BAC
2007-02-23,35.71440887451172,36.30897409573345,35.660356319233514,35.99817705761919,16807800,BAC
2007-02-26,35.667118072509766,35.910349443089416,35.5387445283883,35.86981002220349,16356500,BAC
2007-02-27,34.32257843017578,35.54549014329614,33.106424573559266,35.26847730608146,31633500,BAC
2007-02-28,34.725677490234375,35.183402052416625,34.40458541425137,34.75300242381565,27398400,BAC
2007-03-01,34.418235778808594,34.773485837977915,34.021994426086295,34.32942261249211,25006600,BAC
2007-03-02,34.16545486450195,34.39090303571789,34.03565303040855,34.22694049246119,17183400,BAC
2007-03-05,33.91266632080078,34.3498960954488,33.8580139020173,33.885338808361524,18612500,BAC
2007-03-06,34.80082321166992,34.90330017916743,34.22695792709845,34.22695792709845,16716600,BAC
2007-03-07,34.56169891357422,34.91011576239997,34.438727647848324,34.86229389307283,14548500,BAC
2007-03-08,34.684669494628906,35.06724704779036,34.56169823133045,34.75981888954423,13333900,BAC
2007-03-09,34.807640075683594,34.98526378246855,34.616349999804044,34.94427509957004,10723700,BAC
2007-03-12,34.903297424316406,34.96478307874246,34.636860457169284,34.80765365211973,10574300,BAC
2007-03-13,33.78971481323242,34.896456257165134,33.6530797775016,34.896456257165134,25463400,BAC
2007-03-14,34.001502990722656,34.103977324225475,33.03822966165394,33.8307098287878,25008800,BAC
2007-03-15,34.2269401550293,34.718825173853865,33.84436523469569,33.90585086204876,19655200,BAC
2007-03-16,33.899017333984375,34.47971549889434,33.81703736704392,34.34308048326281,21922100,BAC
2007-03-19,34.41139602661133,34.425059788521466,33.714559805770904,34.021987933508754,12994400,BAC
2007-03-20,34.67782974243164,34.725654207853836,34.370404248504144,34.41139292444334,10061800,BAC
2007-03-21,35.429344177246094,35.52498795862061,34.55488376913897,34.69151625333252,21716000,BAC
2007-03-22,35.279022216796875,35.62744159920096,35.1218928779837,35.51130093636764,20661200,BAC
2007-03-23,35.31318283081055,35.52496722747662,35.12189537969026,35.32001601469116,13102700,BAC
2007-03-26,35.22437286376953,35.32684716878596,34.78714030163934,35.32001659088998,13472600,BAC
2007-03-27,35.41566848754883,35.52497600177195,35.08091275931112,35.22438098918254,20025700,BAC
2007-03-28,34.684669494628906,35.16972136314149,34.50021259968123,35.14239383660931,19919100,BAC
2007-03-29,34.97161102294922,35.012602324841566,34.62319407820427,34.85547291006662,13947300,BAC
2007-03-30,34.855472564697266,35.121909509114644,34.34992360408952,34.957946909267044,16151700,BAC
2007-04-02,34.452392578125,35.0125938715826,34.24060814529239,34.978435764634504,16943000,BAC
2007-04-03,34.746158599853516,34.76665294375329,34.4728885194056,34.56853226573338,13101600,BAC
2007-04-04,34.76665115356445,34.86229489496739,34.56169990683009,34.80080926033743,11108100,BAC
2007-04-05,34.739322662353516,34.78714453172884,34.41823334027583,34.65734268715245,10748700,BAC
2007-04-09,34.746158599853516,34.81447481691718,34.51387981330178,34.773486129117636,9290300,BAC
2007-04-10,34.889625549316406,34.96477495460906,34.71200181452199,34.80081237887083,10498700,BAC
2007-04-11,34.50703811645508,34.88961561349653,34.3704057160294,34.88961561349653,15268300,BAC
2007-04-12,34.349910736083984,34.5138732745087,34.19961456579882,34.5138732745087,12953900,BAC
2007-04-13,34.445560455322266,34.55487057068153,34.261106150894975,34.45922421974217,12906200,BAC
2007-04-16,34.998931884765625,35.30636007510215,34.67100935043889,34.70516745912147,18774400,BAC
2007-04-17,35.046756744384766,35.18339179685405,34.903291112035596,35.046756744384766,13395400,BAC
2007-04-18,35.402008056640625,35.66161440465631,35.01259983766556,35.13557112851,19115500,BAC
2007-04-19,34.78032302856445,35.10824562103311,34.657351730626566,35.07408750629417,25404800,BAC
2007-04-20,34.8691291809082,35.046752905393724,34.384077273566405,35.046752905393724,29384700,BAC
2007-04-23,34.50703811645508,35.03991438127996,34.37723629361229,34.86912127465188,22349400,BAC
2007-04-24,34.58220291137695,34.7734930481912,34.32942973062977,34.60269986545175,15076800,BAC
2007-04-25,34.998931884765625,35.00576507016013,34.50021620092933,34.73249498850619,16116700,BAC
2007-04-26,34.65052032470703,34.95794595613145,34.60269844399225,34.841807847566145,14693900,BAC
2007-04-27,34.684669494628906,34.7393219415969,34.43189638944713,34.65051138951186,15118100,BAC
2007-04-30,34.77349090576172,34.99210595771135,34.684677726501874,34.79398525247669,19515200,BAC
2007-05-01,34.793983459472656,35.012598500156614,34.61635711010641,34.84180533674122,14725300,BAC
2007-05-02,34.84862518310547,34.97159643137676,34.78713955896983,34.85545836695168,11477800,BAC
2007-05-03,34.998931884765625,35.23804385773698,34.9101187173136,34.99210130546776,12718400,BAC
2007-05-04,35.00577163696289,35.22438670085783,34.90329468559465,35.183395399091104,13558200,BAC
2007-05-07,35.12873840332031,35.2243847688633,35.03309464387431,35.16972970283874,11593100,BAC
2007-05-08,35.115074157714844,35.17655979854188,34.90328970462243,35.03309156588095,10795300,BAC
2007-05-09,35.149234771728516,35.27220606214225,34.971608416198926,35.06042159396372,16584300,BAC
2007-05-10,34.554874420166016,35.16289767105574,34.527546888281854,35.14923390511366,17866500,BAC
2007-05-11,34.807640075683594,34.90328381057521,34.582191895356516,34.71882691924296,11040500,BAC
2007-05-14,34.691497802734375,34.94427349746892,34.541201628836646,34.86229092323794,16609200,BAC
2007-05-15,34.80082321166992,35.10825150806492,34.78715944226375,34.83498393823412,15653600,BAC
2007-05-16,34.92379379272461,35.12874511729403,34.746170006390436,35.07409264692101,18972400,BAC
2007-05-17,34.93061447143555,35.012594450686215,34.75298814261311,34.94427823566008,14744800,BAC
2007-05-18,35.033077239990234,35.09456285567429,34.91693919152908,35.06040475942663,14634500,BAC
2007-05-21,34.998931884765625,35.08091186682315,34.88962437332338,35.04675375814057,14297800,BAC
2007-05-22,35.18340301513672,35.26538303031901,34.95795471576332,34.98528225618998,16403900,BAC
2007-05-23,35.0809211730957,35.45666828657228,35.06726001087595,35.32003320949874,13478000,BAC
2007-05-24,34.87596893310547,35.34735980616902,34.81448328036228,35.32003227026154,17259600,BAC
2007-05-25,34.97842788696289,35.01258598621806,34.69832730331698,34.97842788696289,11556400,BAC
2007-05-29,34.97161102294922,35.18339550691396,34.951116675051615,34.998938557544115,14373200,BAC
2007-05-30,35.095947265625,35.358422432060436,34.87491415972018,34.98543071267259,16051700,BAC
2007-05-31,35.026878356933594,35.25482026587867,34.86110481853979,35.19956066313215,15938900,BAC
2007-06-01,35.07521438598633,35.22026946450411,34.86799623300321,35.05449336116455,14293500,BAC
2007-06-04,35.12357711791992,35.17192794885732,34.96470972556523,35.07522628698252,12758700,BAC
2007-06-05,34.99232864379883,35.089030275604294,34.91634803740258,35.075215380357534,12630000,BAC
2007-06-06,34.76438903808594,34.98542208951082,34.71603558784754,34.88181169387711,14588700,BAC
2007-06-07,34.39141082763672,34.88182797470149,34.356874891280036,34.74368159435172,21053100,BAC
2007-06-08,34.716041564941406,34.72985646239921,34.232533328529534,34.481193578003236,18402800,BAC
2007-06-11,34.57098388671875,34.73675999631991,34.40521041203946,34.60551980770011,13209900,BAC
2007-06-12,34.301605224609375,34.60552506430161,34.2946990933328,34.432842798242376,16877600,BAC
2007-06-13,34.78512954711914,34.798944449936435,34.36378423342311,34.53646656625438,19863000,BAC
2007-06-14,34.59171676635742,34.84728581163801,34.53645717012239,34.78512008333489,17525600,BAC
2007-06-15,34.59171676635742,34.79893498239365,34.5295510380543,34.65387985973797,27194200,BAC
2007-06-18,34.474273681640625,34.6331409865885,34.41901674879499,34.543345506427976,13196100,BAC
2007-06-19,34.91634750366211,35.109753399238436,34.640057507715916,34.65386976782969,25301000,BAC
2007-06-20,34.522621154785156,35.08901849513594,34.494991373567814,35.019946677013536,21505400,BAC
2007-06-21,34.46046829223633,34.62624440632874,34.336136865397506,34.55026379715813,19282200,BAC
2007-06-22,33.81118392944336,34.460468218834926,33.81118392944336,34.42593229699147,35893600,BAC
2007-06-25,33.74209213256836,34.177251902229806,33.610854642952624,33.970033842602646,20984900,BAC
2007-06-26,33.70756912231445,34.12200803502108,33.70756912231445,33.94932581345705,21003400,BAC
2007-06-27,33.97696304321289,33.98387180968054,33.53489684648898,33.70067298772163,16095400,BAC
2007-06-28,33.907894134521484,34.163463182662404,33.67995224988471,34.0045957940925,15200500,BAC
2007-06-29,33.76973342895508,34.08746807109324,33.56251529864417,34.00458134595318,19179000,BAC
2007-07-02,34.06675338745117,34.08747441386144,33.83190542675415,33.949330724563644,11098100,BAC
2007-07-03,34.22560119628906,34.32921153902599,34.01147701918277,34.184159167130666,8331400,BAC
2007-07-05,34.101287841796875,34.294693741347686,33.86643989120949,33.87334865633016,12644600,BAC
2007-07-06,33.94933319091797,34.10129178716945,33.74211237207312,34.05984973133821,20671200,BAC
2007-07-09,33.71448516845703,33.96314540788125,33.69376150564673,33.84572273661888,21405600,BAC
2007-07-10,33.403656005859375,33.65922500683595,33.341490288332956,33.56942949598176,27025200,BAC
2007-07-11,33.507266998291016,33.88717010574883,33.23788307476447,33.410565347273526,24178900,BAC
2007-07-12,34.211814880371094,34.22562977993494,33.507270812150956,33.569436542726926,18427900,BAC
2007-07-13,34.19108581542969,34.41211888667507,34.08747541050502,34.22562173876389,14025900,BAC
2007-07-16,34.27396011352539,34.522622887117386,34.080556905140995,34.080556905140995,14072800,BAC
2007-07-17,34.398292541503906,34.67458510606264,34.32922071782481,34.3499417379443,19572700,BAC
2007-07-18,34.094383239746094,34.384488149692345,33.52798568087028,34.094383239746094,28540200,BAC
2007-07-19,34.03221130371094,34.432832673002984,33.776642362873524,34.23942943506348,22329300,BAC
2007-07-20,33.36912155151367,34.03222081105583,33.22406644761451,34.02531204495851,32525300,BAC
2007-07-23,33.25859451293945,33.569420381254396,33.16879902646642,33.47271876578562,24454400,BAC
2007-07-24,32.56787872314453,33.25169906927372,32.464268302253465,33.10664658796419,33103600,BAC
2007-07-25,33.106651306152344,33.32077831021301,32.39520106173701,32.77510160094162,33727500,BAC
2007-07-26,32.623138427734375,32.96159688086541,32.395199171480975,32.699119058126406,51484500,BAC
2007-07-27,32.7474479675293,33.30003040739474,32.706003296444045,32.83724343742022,37536200,BAC
2007-07-30,32.947776794433594,33.251696633234275,32.77509452888092,33.08592313386018,35877300,BAC
2007-07-31,32.754371643066406,33.438194590259116,32.733650613883164,33.16190190484498,33880000,BAC
2007-08-01,32.89944076538086,33.05830820493954,32.388299870124854,32.67149880758572,48411400,BAC
2007-08-02,33.003013610839844,33.189510660027054,32.85105510162559,32.996107483797644,37180800,BAC
2007-08-03,32.46425247192383,33.22405307155358,32.44353145181865,32.91322723029125,43493200,BAC
2007-08-06,33.265506744384766,33.348393482145966,32.13271166693485,32.6645732845028,52233600,BAC
2007-08-07,33.617774963378906,34.08056470569464,32.878695236549646,33.182617644912725,46093100,BAC
2007-08-08,34.32923126220703,34.51572840532946,33.5418006367492,33.61777861216472,35709200,BAC
2007-08-09,33.3967399597168,33.98386108279242,33.09972633349629,33.36220404304683,39096900,BAC
2007-08-10,33.56252670288086,34.122018216259704,32.98231415990655,32.98231415990655,32166500,BAC
2007-08-13,33.50035858154297,34.05294128889326,33.431286731220005,34.04603515782984,26263700,BAC
2007-08-14,33.058284759521484,33.63849712659542,33.01684007797278,33.56942265734758,26116600,BAC
2007-08-15,33.31385803222656,34.032216796110085,32.92014272863927,33.085918841428516,40894900,BAC
2007-08-16,34.432838439941406,34.76439066754086,32.996123538338864,33.196435573994634,69390600,BAC
2007-08-17,35.75212097167969,36.45666465289469,34.895618748578386,35.7935656476057,63492600,BAC
2007-08-20,35.46893310546875,36.035330674825694,34.861093482450876,35.82120637111882,36334500,BAC
2007-08-21,35.43439483642578,35.89027584096752,35.01995851772306,35.227176677074425,26677700,BAC
2007-08-22,35.6761474609375,35.82810602174715,35.17882182757833,35.765940317577254,30700500,BAC
2007-08-23,35.800498962402344,35.97318127813473,35.39296859187698,35.93864270704983,37119400,BAC
2007-08-24,35.8281135559082,35.91100293551293,35.48274904565482,35.835022321669655,18412600,BAC
2007-08-27,35.13737487792969,35.75903187949283,35.061394284969595,35.75903187949283,24534600,BAC
2007-08-28,34.301605224609375,35.0614061413011,34.2946990933328,35.0614061413011,30401900,BAC
2007-08-29,34.91634750366211,34.95088342379016,34.26015448154196,34.54335324246685,25674300,BAC
2007-08-30,34.68149948120117,34.94397721645311,34.53644703603108,34.63314866614447,18907100,BAC
2007-08-31,35.00615310668945,35.46203423474344,34.90254268148159,35.44821933572089,22514200,BAC
2007-09-04,35.28243637084961,35.399859028718964,34.88871844142648,34.964699048246345,24405600,BAC
2007-09-05,34.93968200683594,35.156523167090675,34.69485781291817,35.156523167090675,27360000,BAC
2007-09-06,34.82777404785156,35.023631329227605,34.61792657946933,35.00964114222141,20653000,BAC
2007-09-07,34.289161682128906,34.77880752288579,34.100298172050316,34.39408407549135,32834000,BAC
2007-09-10,34.24718475341797,34.624911703313785,33.99536678682076,34.422058044848846,20641600,BAC
2007-09-11,34.58993911743164,34.82776691109159,34.310140771353545,34.43604976025321,21040400,BAC
2007-09-12,34.5479736328125,34.61792456377044,34.35911012175885,34.533983446620915,16901500,BAC
2007-09-13,34.876731872558594,35.14254003946001,34.66688444325951,34.66688444325951,23447600,BAC
2007-09-14,34.93968200683594,35.04460437421112,34.69485781291817,34.73682836088095,18494200,BAC
2007-09-17,34.631900787353516,35.15652059084921,34.53397218430434,34.86273478170169,19139500,BAC
2007-09-18,35.82105255126953,35.88400705728612,34.56895885847024,34.76481880405257,33475200,BAC
2007-09-19,35.723121643066406,36.324686291593586,35.4503196904448,35.988929836955066,34416800,BAC
2007-09-20,35.52726745605469,35.953958821316924,35.338403933642454,35.73711492483873,19987500,BAC
2007-09-21,35.842037200927734,35.99592390959042,35.42933605485234,35.8700149044586,26822400,BAC
2007-09-24,35.387367248535156,35.84903273408378,35.32441274285328,35.84203897494369,20674800,BAC
2007-09-25,35.12856674194336,35.38038484549732,34.91871654341097,35.04462559518796,20737300,BAC
2007-09-26,35.26144790649414,35.45730512529883,34.93268528776815,35.19149966216518,21087800,BAC
2007-09-27,35.394344329833984,35.42932111411914,35.044597833814464,35.33138985381631,13994900,BAC
2007-09-28,35.16352462768555,35.43632655762003,35.05160581878025,35.43632655762003,14729500,BAC
2007-10-01,35.422332763671875,35.4433167043426,34.806778043236065,35.00263794012973,22172400,BAC
2007-10-02,36.17778396606445,36.282706329994355,35.639173959156835,35.6741480804668,26625200,BAC
2007-10-03,36.32468032836914,36.39462857763598,35.93995962069219,35.988923928849914,16454000,BAC
2007-10-04,36.65343475341797,36.71638923098699,36.37363648236583,36.40161684314186,16592800,BAC
2007-10-05,36.87027359008789,37.031156652033275,36.73037446324506,36.75835482228441,16607600,BAC
2007-10-08,36.6744270324707,36.82831638339132,36.54851804869105,36.82831638339132,10854900,BAC
2007-10-09,36.772361755371094,36.828322498945624,36.42261511309566,36.82132607182125,14764200,BAC
2007-10-10,36.58348846435547,36.70939743536961,36.35965088663131,36.51354022194957,15382700,BAC
2007-10-11,36.66741180419922,37.04513856184752,36.45756449495682,36.72337250978562,18522300,BAC
2007-10-12,36.422611236572266,36.77235784162355,36.36665316730858,36.70940334598013,14666500,BAC
2007-10-15,35.967933654785156,36.42260523375929,35.66015765367236,36.37364093059031,20870800,BAC
2007-10-16,35.11457061767578,35.77908990791673,34.95368744944577,35.674164826379226,28061000,BAC
2007-10-17,34.99565505981445,35.51328136633406,34.603940451118625,35.47830722889417,28344700,BAC
2007-10-18,34.17024230957031,34.26117717419173,33.40779460240962,33.883450199630325,49030200,BAC
2007-10-19,33.2748908996582,34.13526720483183,33.253906957790846,34.016354643110446,35663200,BAC
2007-10-22,33.42177963256836,33.68059400208793,32.87617586569199,33.19094829594929,25526300,BAC
2007-10-23,33.42177963256836,33.78551636660408,33.044055384614026,33.78551636660408,20194300,BAC
2007-10-24,33.21192169189453,33.41477526792509,32.49144487785572,33.33083686928794,28020700,BAC
2007-10-25,32.87617111206055,33.463745340797495,32.49145049442001,33.086018479105014,34432800,BAC
2007-10-26,33.59665298461914,33.890441476310166,32.74327321086445,33.54069492375455,26594400,BAC
2007-10-29,33.56167984008789,33.883446037401306,33.344836010583016,33.79950760948357,17553900,BAC
2007-10-30,33.56867218017578,33.7015748972336,33.20493547899449,33.526701637147646,20259000,BAC
2007-10-31,33.771541595458984,33.981391756962054,33.10702497855141,33.78553178411623,29107800,BAC
2007-11-01,31.973838806152344,32.87618582341298,31.81295566381487,32.70131249456504,48004100,BAC
2007-11-02,31.55413818359375,32.26762155659593,30.931589672303403,32.19067687886705,51566400,BAC
2007-11-05,31.092472076416016,31.547141037895532,30.267069918730783,30.70775136490113,37758000,BAC
2007-11-06,31.86890983581543,31.93885808558332,31.12045235620935,31.12045235620935,31114100,BAC
2007-11-07,30.29503631591797,31.547126490370776,30.25306578428051,31.4771782726618,43617100,BAC
2007-11-08,30.427959442138672,31.06449825706759,29.392709647988077,30.32303437672023,48097300,BAC
2007-11-09,30.76369285583496,31.540130286532317,29.79139829607999,30.323011647102064,45235900,BAC
2007-11-12,30.76369285583496,31.74298383782957,30.4629107400089,30.4629107400089,32698500,BAC
2007-11-13,32.36555099487305,32.44249567454839,30.903610086105974,31.127447698786163,40882500,BAC
2007-11-14,31.987829208374023,32.86919228599009,31.701037053863615,32.764267220631666,33978500,BAC
2007-11-15,30.833669662475586,32.036796469056995,30.637809700378913,31.92487763429697,32015600,BAC
2007-11-16,31.03650665283203,31.127441498731574,30.41395824979409,30.980548594985287,33513600,BAC
2007-11-19,29.952299118041992,30.83366205925445,29.92431874916274,30.83366205925445,32492400,BAC
2007-11-20,29.91731071472168,30.525868771492707,29.189837481137026,29.938294647190265,43513500,BAC
2007-11-21,29.476659774780273,30.309058863639933,29.32277032944024,29.651533174173473,29442100,BAC
2007-11-23,30.183135986328125,30.316038748422663,29.66550978699001,29.777428604636754,14465600,BAC
2007-11-26,29.294782638549805,30.26008155329729,29.252812076378234,30.24609403426217,31375200,BAC
2007-11-27,30.036243438720703,30.302051658420638,29.38571441082806,29.70048695147859,35700800,BAC
2007-11-28,31.372255325317383,31.477180327082447,30.078194534767672,30.567840095748572,36845200,BAC
2007-11-29,31.218385696411133,31.393259015642993,30.79169437054858,31.337298272678353,22607000,BAC
2007-11-30,32.267601013183594,32.66631166361402,31.896868044552125,32.27459476654507,45494200,BAC
2007-12-03,31.805952072143555,32.435494260364315,31.694033283014015,32.351555835605765,25093100,BAC
2007-12-04,31.27434730529785,31.491191206258463,31.106470394142544,31.477201018936288,24637200,BAC
2007-12-05,32.097530364990234,32.133012391212205,31.4730364164843,31.58658052465765,29247800,BAC
2007-12-06,32.615577697753906,32.62977105060804,31.87753959197037,32.06914579484332,21654800,BAC
2007-12-07,32.19688415527344,32.934922281500505,32.16850015588419,32.6439653076944,23926800,BAC
2007-12-10,33.09815216064453,33.19750295742026,32.22528096554978,32.289149721635056,30544800,BAC
2007-12-11,31.685932159423828,33.35361165955985,31.57948337979603,33.01297935469779,33997700,BAC
2007-12-12,30.820167541503906,32.38849684317099,30.167286697038403,31.891740208554907,62623400,BAC
2007-12-13,30.550495147705078,30.614363888092,29.812456971479634,30.422757666931233,37553200,BAC
2007-12-14,29.918912887573242,30.692433279668794,29.883430847168267,30.10342112194281,33028000,BAC
2007-12-17,29.59246253967285,29.94728822310513,29.280214205705168,29.812452730853582,39410600,BAC
2007-12-18,29.450532913208008,29.947289431478346,28.93958304217506,29.90470937319052,34660100,BAC
2007-12-19,29.51439094543457,30.231137403876424,29.436328887097442,29.578259656155467,26788600,BAC
2007-12-20,29.386672973632812,29.805367530560645,28.975076448763073,29.69891870653765,28801500,BAC
2007-12-21,29.748584747314453,29.855033537861893,29.145382153159485,29.670525368965553,42798800,BAC
2007-12-24,30.004066467285156,30.280830136799317,29.613758658813758,29.613758658813758,12722200,BAC
2007-12-26,30.01825714111328,30.032450495603083,29.627949367513263,29.862135655936616,15446400,BAC
2007-12-27,29.422149658203125,29.826650784507517,29.322798884318615,29.805362106419565,19281700,BAC
2007-12-28,29.16666030883789,29.72728535025645,28.982152206488404,29.59245261035122,23522900,BAC
2007-12-31,29.280214309692383,29.521495883567436,28.818942543855318,29.031837413249743,24663300,BAC
2008-01-02,28.783462524414062,29.486015913128313,28.634433669048782,29.471822559898033,30764600,BAC
2008-01-03,28.59895133972168,28.96087507553645,28.563469310570603,28.83313760490833,22589500,BAC
2008-01-04,28.27960205078125,28.59185034239465,28.21573332814258,28.386050824213957,34921700,BAC
2008-01-07,28.315092086791992,28.556373672302847,27.860912914514596,28.421538173069997,31884400,BAC
2008-01-08,27.257707595825195,28.535079453971935,27.165452164533683,28.51379078025274,42143300,BAC
2008-01-09,27.491897583007812,27.527379613078583,26.555155205086166,27.23642263512967,44276900,BAC
2008-01-10,27.889297485351562,28.251221189464086,26.895787220620157,27.25061289526103,60532300,BAC
2008-01-11,27.32158088684082,28.229933878623083,27.073203961620813,27.967363599518293,79116300,BAC
2008-01-14,27.832529067993164,27.889299772897537,27.257710453369153,27.506087363148197,37063400,BAC
2008-01-15,26.881593704223633,27.534471642155754,26.83191832664641,27.534471642155754,42560000,BAC
2008-01-16,27.456401824951172,27.96735151561447,26.739655359641187,26.739655359641187,46457400,BAC
2008-01-17,26.193227767944336,27.797038416435615,26.100972346614196,27.797038416435615,46725700,BAC
2008-01-18,25.526159286499023,26.597731607036444,24.93005205914367,26.434512125476704,60762800,BAC
2008-01-22,26.533872604370117,27.66221874447132,23.503659980235366,23.503659980235366,85919200,BAC
2008-01-23,28.79056739807129,29.09571782598549,25.973249464256753,26.136471726997467,93531900,BAC
2008-01-24,28.315092086791992,28.946681402866062,27.569955947319624,28.740881846114547,109818800,BAC
2008-01-25,28.017030715942383,28.776357328493834,27.804135884712895,28.471207077793196,78213500,BAC
2008-01-28,29.23764991760254,29.294420644618274,27.78995983276571,27.981566112268204,47332200,BAC
2008-01-29,29.762781143188477,29.89051862206484,29.095709747916175,29.56407960142768,54214400,BAC
2008-01-30,29.954381942749023,31.004665584653885,29.258923965289252,29.691811709049055,71585900,BAC
2008-01-31,31.33112144470215,31.579498439473504,29.35828801596574,29.649245084314842,80378600,BAC
2008-02-01,31.955596923828125,31.99108165423564,31.274332330839584,31.309814354142244,60211900,BAC
2008-02-04,31.245956420898438,31.820775142506477,31.153703669870783,31.756906395661137,36302000,BAC
2008-02-05,30.067934036254883,30.79177890890387,30.01825864660202,30.529208605437944,55739200,BAC
2008-02-06,30.039541244506836,30.749192554336663,29.954381138211723,30.309206793126634,37702200,BAC
2008-02-07,30.777578353881836,31.08982668106185,29.720199356217876,29.925996190735077,47817600,BAC
2008-02-08,29.918912887573242,30.756302035240214,29.486024956156538,30.671144596847043,44693100,BAC
2008-02-11,29.904727935791016,30.366002712032056,29.57119070659805,30.366002712032056,36314700,BAC
2008-02-12,30.387266159057617,30.74918981075714,29.92599176598322,30.096309256272058,39998300,BAC
2008-02-13,30.74920654296875,30.86275069591158,30.167289713642326,30.557600277295318,33394600,BAC
2008-02-14,29.97568702697754,30.940811001511086,29.897624911976347,30.79888283653389,37342100,BAC
2008-02-15,30.30211067199707,30.30211067199707,29.578266030208013,29.805354226796165,51280800,BAC
2008-02-19,30.28082847595215,30.727909682933497,30.053740210493036,30.642752260162744,32874300,BAC
2008-02-20,30.49371910095215,30.664033907438366,29.72729435044904,29.947287241524197,38450800,BAC
2008-02-21,29.954381942749023,30.869832806722545,29.805355813387287,30.53629581587057,36158900,BAC
2008-02-22,30.231157302856445,30.266642048806183,29.11700449910692,30.018262362688226,33756000,BAC
2008-02-25,30.472440719604492,30.53630947606002,29.606667551892723,29.996975415962623,29972200,BAC
2008-02-26,30.316307067871094,30.671132749069567,30.039543469673106,30.309209038268264,30539700,BAC
2008-02-27,30.429853439331055,30.69242370494456,29.940192230334826,30.05373634847353,29710100,BAC
2008-02-28,29.393760681152344,30.330503051320914,29.344085298043336,30.22405425488427,34949400,BAC
2008-02-29,28.201549530029297,29.14538454132645,28.059618700037994,29.10990251060498,39711500,BAC
2008-03-03,27.80414390563965,28.357671167938534,27.371256089901106,28.201549690454875,37261500,BAC
2008-03-04,27.520294189453125,27.740287208036143,26.81064243453494,27.506100829501968,46582400,BAC
2008-03-05,27.09456443786621,27.94600504918138,26.849234045579948,27.888281708219008,51850800,BAC
2008-03-06,26.351348876953125,26.86365537593289,26.17817341471163,26.66161963042664,51961200,BAC
2008-03-07,26.510093688964844,27.108986562401654,25.903983680077687,26.0050015561371,43862700,BAC
2008-03-10,25.4782657623291,26.842012714107106,25.362816357748187,26.791503771636137,50356100,BAC
2008-03-11,27.21722984313965,27.238875751005857,25.673092691302237,26.625551172856742,68076000,BAC
2008-03-12,26.719341278076172,28.068659215531795,26.68326386185408,26.943025662701803,41747400,BAC
2008-03-13,26.798721313476562,27.09456061961364,25.579286661844467,26.235905743881943,53560500,BAC
2008-03-14,25.752456665039062,27.137852287989354,25.398894063799755,27.044048785555454,57591200,BAC
2008-03-17,25.947288513183594,26.264776571702562,24.713421974481417,24.792793989111157,67553100,BAC
2008-03-18,28.090320587158203,28.090320587158203,26.336930218183436,26.748219045223745,68660600,BAC
2008-03-19,27.82333755493164,29.194299063984417,27.700670998722135,28.342858565111168,61962200,BAC
2008-03-20,30.204496383666992,30.29829993680857,27.85942682285474,28.032599649004247,69566900,BAC
2008-03-24,30.63020133972168,31.358975223946242,29.908641839386803,30.125109138981056,62674600,BAC
2008-03-25,29.562307357788086,30.485903066934576,29.367485871790187,30.05296826640524,52389000,BAC
2008-03-26,28.74692153930664,29.187073136132536,28.140811640035437,29.028329215302165,51047100,BAC
2008-03-27,27.88105010986328,29.13656446687374,27.85940421229541,28.869585551729028,42795300,BAC
2008-03-28,27.46976661682129,28.24905210362536,27.404826159587618,27.98207313914764,38462100,BAC
2008-03-31,27.354312896728516,28.862371940733027,27.260509417212653,27.527488339486236,37031600,BAC
2008-04-01,29.482925415039062,29.497356937205108,28.277919463222513,28.328428414537974,52432700,BAC
2008-04-02,29.078845977783203,29.94471788893324,28.8768102077762,29.504566173534336,40527100,BAC
2008-04-03,29.12934684753418,29.34581407719839,28.31398685738131,28.638686325612547,31047600,BAC
2008-04-04,28.43667221069336,29.064428479291394,28.364517330176714,29.021136651994308,31394100,BAC
2008-04-07,28.501598358154297,29.1510029660613,28.40058047526451,28.75414306537876,32126700,BAC
2008-04-08,27.693456649780273,28.357290122956762,27.59965313638576,28.270703746570977,39627900,BAC
2008-04-09,27.36876678466797,27.996523116808447,27.31825781268727,27.873859257007478,31935100,BAC
2008-04-10,27.195573806762695,27.635725497541216,26.957460627220847,27.375963663473186,37341200,BAC
2008-04-11,26.654420852661133,27.332688898336027,26.55340291033487,26.820379293987493,35756400,BAC
2008-04-14,25.67308235168457,26.365778649740882,25.57206173308725,26.26476078367397,44191700,BAC
2008-04-15,25.67308235168457,26.308052581970983,25.449397967871835,26.05550791680371,44341600,BAC
2008-04-16,26.683269500732422,26.683269500732425,26.069945037754,26.264766429560687,38112700,BAC
2008-04-17,27.03683853149414,27.231659949753197,26.1565349569602,26.48845170546168,30100100,BAC
2008-04-18,27.82333755493164,28.588188924998907,27.505849587705583,27.75839708459279,48291900,BAC
2008-04-21,27.137859344482422,27.599657088034,26.957469428874354,27.26774030392276,38324400,BAC
2008-04-22,26.69770622253418,27.217230035242235,26.481238884749672,27.145072420959707,42136100,BAC
2008-04-23,26.596683502197266,26.93581734662745,26.33692164284913,26.84201384130039,30227300,BAC
2008-04-24,27.325456619262695,27.556355431666262,26.618328662210406,26.704915028729,39720600,BAC
2008-04-25,27.63573455810547,27.909928000910224,27.08735042502763,27.614088649013297,34667400,BAC
2008-04-28,27.54914093017578,27.830548684555783,27.31824211875983,27.693453375443486,24256800,BAC
2008-04-29,27.31824493408203,27.729533656335843,27.195578379577064,27.46977177859002,28257700,BAC
2008-04-30,27.087345123291016,27.73674704173545,27.000755998806852,27.426476226995025,33748000,BAC
2008-05-01,28.422231674194336,28.494389284369166,27.10177906210581,27.17393391974926,41524300,BAC
2008-05-02,28.710861206054688,29.331402990241745,28.422236224213137,28.934542952076658,44354600,BAC
2008-05-05,28.11918830871582,28.523260064149927,27.996521702578757,28.429459265228378,32767200,BAC
2008-05-06,28.314002990722656,28.458312724373158,27.49863978344502,27.895497056047358,35600200,BAC
2008-05-07,27.419275283813477,28.443888986361436,27.311040201417008,28.34287104414206,36551000,BAC
2008-05-08,26.935819625854492,27.642947662508863,26.85644763405623,27.570790055178048,36001600,BAC
2008-05-09,26.445158004760742,27.036836602050023,26.358568878915104,26.849229581915658,43012400,BAC
2008-05-12,27.015186309814453,27.116206950522276,26.5245256365005,26.567820196803854,26709900,BAC
2008-05-13,26.41629981994629,27.130642348065443,26.336927816259344,27.02962443520267,35473600,BAC
2008-05-14,26.553390502929688,26.697702961335036,26.336923191587264,26.510098692179923,28741400,BAC
2008-05-15,26.48844337463379,26.61832427929124,26.055508860795964,26.61110989682383,46841100,BAC
2008-05-16,26.09881591796875,26.567830875920215,26.005015128404153,26.538967824116284,32144800,BAC
2008-05-19,26.04830551147461,26.495674532071646,25.723605830519038,26.1348946620926,37786200,BAC
2008-05-20,25.535995483398438,25.94006987689049,25.449409096411433,25.86069787526423,36536800,BAC
2008-05-21,24.98760986328125,25.651443377906947,24.893806344029723,25.543211088799602,44293800,BAC
2008-05-22,25.05976676940918,25.492704218792504,24.886593991681192,25.074198292975126,40330700,BAC
2008-05-23,24.482515335083008,24.980390425199406,24.460869429761352,24.951530135614266,42429400,BAC
2008-05-27,24.655685424804688,24.785566347795676,24.323768733841458,24.5474531573328,37972000,BAC
2008-05-28,24.43921661376953,24.87936829729614,23.99185054720691,24.85050526009062,46624900,BAC
2008-05-29,24.965957641601562,25.088624188127085,24.294907085253673,24.37427907079412,37973700,BAC
2008-05-30,24.54023551940918,25.16077708266767,24.51858961686369,25.110268141707643,31973900,BAC
2008-06-02,24.229970932006836,24.489730057042156,23.955777533183113,24.417575203287548,39784200,BAC
2008-06-03,24.035160064697266,24.48252640974162,23.739320630509997,24.38872285669714,47951400,BAC
2008-06-04,23.53488540649414,23.983658450445375,23.40246006777092,23.770309010461528,61136800,BAC
2008-06-05,23.53488540649414,23.821807441470114,23.21853629803912,23.64523938768782,52548300,BAC
2008-06-06,22.438692092895508,23.314169324833216,22.357765213364058,23.284740858375773,70192800,BAC
2008-06-09,21.78392791748047,22.696189487049196,21.58528994421564,22.644691065067967,69906600,BAC
2008-06-10,21.791284561157227,22.46076683879784,21.57057523903479,21.59264659221505,61912700,BAC
2008-06-11,21.224796295166016,22.203270370728898,21.210082061674473,22.107629256260417,68528000,BAC
2008-06-12,21.658857345581055,22.100274547816273,21.33515121017835,21.37193539235353,61131700,BAC
2008-06-13,21.90899085998535,21.99727344699853,21.364576895982676,21.90899085998535,51467700,BAC
2008-06-16,22.306270599365234,22.629976769396293,21.666216780397253,21.828069163799405,45187700,BAC
2008-06-17,21.5117244720459,22.72562110168485,21.460226039762283,22.600552879041626,44534100,BAC
2008-06-18,20.871662139892578,21.29836506871362,20.599454445866833,21.224795307904515,73024600,BAC
2008-06-19,20.702444076538086,20.9452232206023,19.849038515389566,20.937866106754782,104447300,BAC
2008-06-20,19.937326431274414,20.673021123179552,19.8269725081339,20.091821643025888,89929700,BAC
2008-06-23,19.039785385131836,20.055045239081092,19.003001197576825,19.99618969705699,69725400,BAC
2008-06-24,19.58419418334961,19.746046517575984,18.796999649434945,19.105991489849895,74750100,BAC
2008-06-25,19.576845169067383,20.555319501425576,19.385564293156328,19.782838879104744,72567600,BAC
2008-06-26,18.252588272094727,19.039781512775907,18.193732742040805,19.039781512775907,96150100,BAC
2008-06-27,18.090736389160156,18.71607728938118,17.840600029071748,18.39237116399149,83313400,BAC
2008-06-30,17.561031341552734,18.421794110175952,16.508987801765898,18.20108488042125,79478800,BAC
2008-07-01,17.51690101623535,17.825893033382428,16.678208999647772,17.149053443594887,105853900,BAC
2008-07-02,16.582561492919922,17.870027395045017,16.582561492919922,17.69345940791428,76056000,BAC
2008-07-03,16.479562759399414,16.832695916340317,15.979290085453258,16.7370562125454,46598700,BAC
2008-07-07,15.83951187133789,16.884198696624892,15.523162836442811,16.63406231569514,98083400,BAC
2008-07-08,17.318256378173828,17.41389608537615,15.537874894466485,15.861579598248563,104967400,BAC
2008-07-09,16.22943878173828,17.656688131976768,16.08965767768393,17.355053155313698,97149900,BAC
2008-07-10,16.450138092041016,17.068121908240432,15.655587671674144,15.905724045051366,112748800,BAC
2008-07-11,15.942503929138184,16.531059117658817,15.33187739483818,15.67765339269077,133737500,BAC
2008-07-14,14.824250221252441,16.876839425833154,14.750680459208144,16.77384119768054,102861100,BAC
2008-07-15,13.625065803527832,14.912531492880893,13.566210285286456,14.382830425482268,186221000,BAC
2008-07-16,16.67820167541504,16.86212538096517,14.007630088246787,14.309264853090882,191122800,BAC
2008-07-17,19.49591636657715,19.49591636657715,17.509539420767258,17.619894786933074,189147600,BAC
2008-07-18,20.224246978759766,20.592094325925043,18.833784455507423,20.20217563276839,157811600,BAC
2008-07-21,21.011445999145508,22.732972181340426,20.74659678873398,22.298912077089685,163781600,BAC
2008-07-22,23.799732208251953,24.6016398732337,20.010904629255798,20.48910610023459,139814700,BAC
2008-07-23,24.60162925720215,25.20489867441354,23.35830624981819,23.579014094037785,159601900,BAC
2008-07-24,22.541690826416016,25.0136260889442,22.423979757079117,24.77084542980688,120641100,BAC
2008-07-25,21.761850357055664,22.87274958304624,21.3425045796951,22.512259328767396,89735800,BAC
2008-07-28,20.643600463867188,22.50490924299996,20.555317853280304,21.585290530563633,73281800,BAC
2008-07-29,23.704086303710938,23.704086303710938,20.452313972444998,20.71716453774165,109271100,BAC
2008-07-30,24.726701736450195,25.381469634510925,23.53487558836658,24.55749227566113,119467100,BAC
2008-07-31,24.204357147216797,24.895909166169165,23.630513363472918,24.07928758682229,66288700,BAC
2008-08-01,24.52071762084961,24.64578443356384,23.490743417462387,24.425076477539125,58692700,BAC
2008-08-04,23.998369216918945,24.719349953187784,23.321531189322993,23.983654980694652,59095000,BAC
2008-08-05,24.704635620117188,25.160765663651315,24.314715422130977,24.483924909144392,74277800,BAC
2008-08-06,24.60899543762207,24.99891284402502,23.70409103006501,24.292646400046834,55622800,BAC
2008-08-07,23.189102172851562,24.675206117141038,22.916894459005835,24.101362221692607,77877400,BAC
2008-08-08,23.726165771484375,24.094013302825218,22.637337415489952,22.784475586090107,61163900,BAC
2008-08-11,24.557497024536133,24.998912850523908,23.556951492080234,23.674662566107198,63158700,BAC
2008-08-12,22.902179718017578,24.27792968420911,22.68882894440991,24.24850121710375,59264100,BAC
2008-08-13,21.232154846191406,22.549047961659586,20.967304238358565,22.423979774985927,98225700,BAC
2008-08-14,22.203271865844727,22.431336887414822,21.062943951540984,21.291010376337713,64682500,BAC
2008-08-15,22.58583641052246,23.174391832273606,22.262130226945924,22.43869685347127,55464900,BAC
2008-08-18,21.55586051940918,22.666760013115727,21.55586051940918,22.593190240727385,59555500,BAC
2008-08-19,20.658321380615234,21.33516102797669,20.415542018150106,21.305732546113155,71296800,BAC
2008-08-20,21.548498153686523,21.629423615430365,20.393456311138415,20.820159175408133,63148100,BAC
2008-08-21,21.364572525024414,21.592637465246355,20.584735214337808,21.077650667866607,49905900,BAC
2008-08-22,22.225343704223633,22.38719749083923,21.541148581334355,22.056134202968007,55439800,BAC
2008-08-25,21.305727005004883,22.1076346852749,21.22480150738145,22.026709187651466,41479400,BAC
2008-08-26,21.349863052368164,21.69563909704569,20.930517248356193,21.371932997909987,43496300,BAC
2008-08-27,21.8133487701416,21.9531311637077,21.180652247651658,21.46021563155749,39123300,BAC
2008-08-28,23.122892379760742,23.122892379760742,21.923708831845953,22.21063081501072,64508600,BAC
2008-08-29,22.909542083740234,23.1596784985399,22.600550124471642,22.799188113264353,40830800,BAC
2008-09-02,24.00572967529297,24.38093290670023,23.586383731650926,24.079298055897112,70626400,BAC
2008-09-03,24.733619689941406,24.756134033696725,23.675537136620104,24.17080976024711,71778400,BAC
2008-09-04,22.962644577026367,24.613552784903007,22.887602969554788,24.448463824804843,70001300,BAC
2008-09-05,24.185819625854492,24.230845453106472,22.37732373892586,22.572431363118543,85388200,BAC
2008-09-08,26.06185531616211,26.789757182089907,25.101327143671636,26.45957347584649,164205500,BAC
2008-09-09,24.403444290161133,26.33950938778242,24.23835242492057,25.739179235907603,107012300,BAC
2008-09-10,24.313386917114258,25.033782845559386,23.412890575258366,24.741122178540987,88138200,BAC
2008-09-11,24.808666229248047,24.936235123917086,22.790053929375322,23.232796486361664,93465600,BAC
2008-09-12,25.318950653076172,25.814223407562423,24.088270210395102,24.22334485821863,79018300,BAC
2008-09-15,19.92347526550293,22.59494800915988,19.92347526550293,21.1841700108152,275947400,BAC
2008-09-16,22.17471694946289,22.324800212487034,18.760336313014314,18.78284923185796,174575700,BAC
2008-09-17,20.411239624023438,22.06214780617412,19.900958418727914,21.476826425875977,174479800,BAC
2008-09-18,22.94763946533203,24.088266633735387,20.15610240623723,21.101623369309625,225157700,BAC
2008-09-19,28.125490188598633,29.641325400703522,25.821721582665845,28.92092931849513,169634200,BAC
2008-09-22,25.62661361694336,27.007374110607003,25.51405048447212,26.992365502104214,64641500,BAC
2008-09-23,24.988767623901367,26.602157706548223,24.013230699263808,25.81422414674866,54546200,BAC
2008-09-24,24.816165924072266,25.94929153351289,24.763637225631907,25.341455771075243,46292200,BAC
2008-09-25,25.79170036315918,26.639668063613215,25.153850301041896,25.566576980211853,60479300,BAC
2008-09-26,27.5401611328125,28.14049103572147,24.981252595801514,25.333944803548718,71964400,BAC
2008-09-29,22.700008392333984,27.540176043550055,22.700008392333984,27.540176043550055,102415400,BAC
2008-09-30,26.26447105407715,26.58714907032097,23.900668945470223,24.313397206528627,79197200,BAC
2008-10-01,28.61325454711914,28.890906614352726,25.67913921065897,25.941782671204383,77465900,BAC
2008-10-02,27.29252815246582,28.8458832969736,27.247505191094117,28.395636507660928,60475000,BAC
2008-10-03,25.874250411987305,28.890912241494235,25.52906097872322,28.410648184326888,71040700,BAC
2008-10-06,24.178316116333008,25.131341298590517,23.0977206228182,23.848133881672986,82372200,BAC
2008-10-07,17.837322235107422,22.692495158570022,17.837322235107422,22.24975125289898,143285000,BAC
2008-10-08,16.584136962890625,17.784798728001714,15.015772791637394,15.27091347039725,322727700,BAC
2008-10-09,14.730611801147461,18.00991840764463,14.64056301063708,17.507141461512564,197845600,BAC
2008-10-10,15.661128997802734,16.621657277318352,14.250350940314112,14.558020333758963,212897700,BAC
2008-10-13,17.101926803588867,18.242554399309945,16.246454317672594,17.84483610332905,169776400,BAC
2008-10-14,19.908464431762695,20.418744249569556,18.760331621272897,19.83342281901766,213923300,BAC
2008-10-15,17.874847412109375,19.57078191085636,17.709756975192416,19.06050055691302,118298900,BAC
2008-10-16,18.19752311706543,18.775341720376993,16.591639060833128,18.317589134467855,132357000,BAC
2008-10-17,17.439603805541992,18.595240900700045,17.379570802631164,17.664728639932367,113718000,BAC
2008-10-20,18.310089111328125,18.34761064510328,17.267014804481573,17.949890974887612,84862900,BAC
2008-10-21,17.987407684326172,18.700300947276435,17.784797165360214,17.97240050494714,75498200,BAC
2008-10-22,17.00436019897461,18.302574477806893,16.253947122475115,17.589682913911982,99175000,BAC
2008-10-23,17.259511947631836,17.409595232740052,16.178916016233416,16.94433819394481,97334900,BAC
2008-10-24,15.811213493347168,16.71171033861651,15.375973685437051,15.375973685437051,106422900,BAC
2008-10-27,15.405989646911621,16.359013702678656,15.375972419933051,15.661130351028826,73489800,BAC
2008-10-28,17.27452278137207,17.462126196205475,15.023281803371207,15.976307494237018,110456600,BAC
2008-10-29,16.749223709106445,17.86733929307586,16.5841333074216,17.25950495415014,110623200,BAC
2008-10-30,17.094419479370117,17.619708053200736,16.636666801507626,17.49213770517185,77086600,BAC
2008-10-31,18.137489318847656,18.137489318847656,16.77173735687076,16.77173735687076,134621200,BAC
2008-11-03,17.71725845336914,18.054943579252928,17.334547498994354,17.987406267816215,59182300,BAC
2008-11-04,18.40764045715332,18.47517777486847,17.612201255463756,18.032433772646893,89542600,BAC
2008-11-05,16.321487426757812,18.27256207207844,16.178908515139483,18.092463072228792,88416800,BAC
2008-11-06,15.098315238952637,16.74171922800463,14.978247802004393,16.223935115382616,118548800,BAC
2008-11-07,15.375975608825684,15.563579022449181,14.97075297967517,15.338455498621169,82003200,BAC
2008-11-10,14.618051528930664,15.863737559614291,14.295373563518664,15.796200244467599,79599800,BAC
2008-11-11,14.025227546691895,14.505491688643447,13.695045233450179,14.370417040894562,103837200,BAC
2008-11-12,12.757028579711914,14.137789434608267,12.757028579711914,13.770087017890225,101948600,BAC
2008-11-13,12.832069396972656,13.057192843938855,11.166151452392876,12.877093800105902,197772100,BAC
2008-11-14,12.321784019470215,13.537453956111273,12.156693641212579,12.636957600725342,124550600,BAC
2008-11-17,11.27871322631836,12.216730694022603,11.241192413106193,12.164200553615585,130129600,BAC
2008-11-18,11.39877700805664,11.796496547758997,10.911008679444118,11.383769115121561,149127600,BAC
2008-11-19,9.800397872924805,11.241190729950697,9.70284405944,11.11362112917044,173059700,BAC
2008-11-20,8.442148208618164,9.935470253320009,8.254544915093316,9.612793075099114,196136500,BAC
2008-11-21,8.607242584228516,9.125027556600918,7.511638904302087,9.064994537069337,229691500,BAC
2008-11-24,10.948527336120605,11.143634915527002,9.327635140912976,9.447701123424697,197880500,BAC
2008-11-25,11.106119155883789,11.631408425519165,10.438250930590936,11.428796451369074,145943000,BAC
2008-11-26,11.578873634338379,11.601385825541692,10.318179476558278,10.745914687669531,118890800,BAC
2008-11-28,12.194222450256348,12.299279908734697,11.563874836785208,11.578883454082266,52660100,BAC
2008-12-01,9.642809867858887,11.706446159640766,9.582776869349942,11.6989418559147,127347400,BAC
2008-12-02,10.783437728881836,11.02356972678574,9.687834414970574,10.10056182310526,136087200,BAC
2008-12-03,11.550943374633789,11.650719051814669,10.276885966238384,10.514811961712564,128501000,BAC
2008-12-04,11.006013870239258,11.788868024366911,10.69133716456298,11.313015355789458,107562100,BAC
2008-12-05,11.69677448272705,11.865625765418828,10.553192359116206,10.668317801163045,140156600,BAC
2008-12-08,13.692280769348145,13.81508137557469,12.318446974327953,12.425898602700205,164101500,BAC
2008-12-09,13.009203910827637,13.769033309909942,12.970827801440315,13.3545801119202,116333600,BAC
2008-12-10,12.809654235839844,13.323882458768798,12.318450217703818,13.254806916591843,88454000,BAC
2008-12-11,11.443493843078613,12.564051356947097,11.38209353162684,12.533350469271761,107442900,BAC
2008-12-12,11.458844184875488,11.581644806685498,10.66831390106203,10.829489900175027,119512500,BAC
2008-12-15,10.829488754272461,11.58931880223339,10.668312772214005,11.55094342899102,81959400,BAC
2008-12-16,11.58931827545166,11.666068286498431,10.368985999899477,10.883214074905107,183131000,BAC
2008-12-17,11.220917701721191,11.811896623368659,11.12881723314291,11.374418482684995,96214400,BAC
2008-12-18,10.714365005493164,11.59699506533855,10.675989626380435,11.397444411461416,102574800,BAC
2008-12-19,10.59156322479248,11.029040595980955,10.438062457002612,10.798789078321454,104069400,BAC
2008-12-22,10.3843412399292,10.752743977789178,10.138739902655693,10.66831796913912,72654800,BAC
2008-12-23,9.78568172454834,10.422710358649269,9.762656796024613,10.307584984081354,68454600,BAC
2008-12-24,10.3843412399292,10.407366914260882,9.778012389572943,9.78568761435017,38022300,BAC
2008-12-26,10.253860473632812,10.591562883849253,10.200135389623123,10.4841119838805,43646200,BAC
2008-12-29,9.93150520324707,10.537833563844739,9.731954643873138,10.41503299439951,62741300,BAC
2008-12-30,10.161758422851562,10.161758422851562,9.716605914402878,10.04663305175076,72897800,BAC
2008-12-31,10.806461334228516,10.837161479361868,9.977556683678825,10.046632193216166,113351000,BAC
2009-01-02,10.99833869934082,11.18253959149541,10.522486028633493,10.683661992256079,86580700,BAC
2009-01-05,10.729714393615723,11.167192531156969,10.660639591640273,11.036716685287583,93640500,BAC
2009-01-06,10.959967613220215,11.366745657284689,10.798791586616261,10.952293122010174,111015400,BAC
2009-01-07,10.522485733032227,10.844837651221777,10.445734997482615,10.82948721133215,112810000,BAC
2009-01-08,10.39201545715332,10.737392487195745,10.246189860273061,10.606916606431994,93943500,BAC
2009-01-09,9.969882011413574,10.576210460025852,9.939181864595835,10.499460458956122,74813700,BAC
2009-01-12,8.772577285766602,9.900808453055953,8.688151316385515,9.870108300176298,122567000,BAC
2009-01-13,8.173922538757324,8.634425526271535,8.02809700748244,8.588374934740386,242917900,BAC
2009-01-14,7.828545570373535,8.043446620397704,7.744120340851369,7.744120340851369,166801200,BAC
2009-01-15,6.385636329650879,7.460142921395475,5.6411572278241335,7.444792482165916,552512600,BAC
2009-01-16,5.510683536529541,7.153143468892288,5.372532824228854,6.899866980020317,494599400,BAC
2009-01-20,3.9142727851867676,4.988779133231577,3.87589778066978,4.973429058229851,413433500,BAC
2009-01-21,5.126930236816406,5.2804313656397595,4.11382447006583,4.251975156629631,438488400,BAC
2009-01-22,4.382451057434082,4.912029246609839,4.22127507090343,4.8890039488305925,362515000,BAC
2009-01-23,4.789228916168213,4.819929439351105,4.06777485580196,4.12149994792885,301305600,BAC
2009-01-26,4.60502815246582,5.3571827653408945,4.60502815246582,4.958080340099514,267222800,BAC
2009-01-27,4.9887800216674805,5.073205632199391,4.7585284896621705,4.835279244313755,190621000,BAC
2009-01-28,5.671859264373779,5.994211276119943,5.4492829450204265,5.863735426986997,357522100,BAC
2009-01-29,5.20367956161499,5.526031075471587,5.1499541263182635,5.3418302104106745,175314200,BAC
2009-01-30,5.050179958343506,5.311131626480607,4.873653894481588,5.28043147328503,220955000,BAC
2009-02-02,4.60502815246582,5.1115811321251385,4.466877439642758,4.758528944491445,291276500,BAC
2009-02-03,4.067775249481201,4.727829059311156,3.983349626000708,4.727829059311156,355724700,BAC
2009-02-04,3.607271432876587,4.251975406708459,3.5458711241258767,4.198249953564233,610037800,BAC
2009-02-05,3.7147226333618164,3.806823103782009,2.8934925238449205,3.4998211697399624,757557100,BAC
2009-02-06,4.704803466796875,4.981104869922586,4.113824916704793,4.136849850644573,725522500,BAC
2009-02-09,5.288105010986328,5.410905959145643,4.842952534592142,5.042503846616903,461430100,BAC
2009-02-10,4.267325401306152,5.28810642946724,4.205925093743786,5.257406275686058,608904400,BAC
2009-02-11,4.658753871917725,4.712478969129069,4.382452064920891,4.451527608163794,396772000,BAC
2009-02-12,4.505251884460449,4.5436272605973045,4.106149509730941,4.390126122024595,370215500,BAC
2009-02-13,4.2750020027160645,4.50525323040039,4.259651920870443,4.359427269879574,239879500,BAC
2009-02-17,3.7607738971710205,3.991025136196897,3.737748590281014,3.8912497822731025,278175000,BAC
2009-02-18,3.5074963569641113,3.998699226949928,3.461446122213072,3.9603238483366954,327604800,BAC
2009-02-19,3.0162925720214844,3.5919207326954283,2.962567128195561,3.11606805643603,406830800,BAC
2009-02-20,2.9088430404663086,3.139094617178993,1.9417870404301822,2.7706921310361774,840283700,BAC
2009-02-23,3.0009424686431885,3.4384199543831118,2.9318669509560866,3.2925940648073637,511845600,BAC
2009-02-24,3.630296468734741,3.6456465448107465,2.962567427479145,3.0930434400998723,510482600,BAC
2009-02-25,3.9603219032287598,4.221273471293293,3.223517777143239,3.6916954827959154,593460500,BAC
2009-02-26,4.083124160766602,4.520601501080209,3.921948182974849,4.3057004413409885,449243000,BAC
2009-02-27,3.0316426753997803,3.753096733917813,3.0316426753997803,3.2618939784581875,476468300,BAC
2009-03-02,2.7860422134399414,3.0086185523233206,2.5097404125598,2.770691950735592,437894200,BAC
2009-03-03,2.8013925552368164,3.131419483014106,2.739992047637343,3.0316439555194887,347261200,BAC
2009-03-04,2.762911796569824,3.1015418902690337,2.601293150937869,2.601293150937869,262493200,BAC
2009-03-05,2.439673662185669,2.7013420583309506,2.4011928591874816,2.6166846954130873,282814100,BAC
2009-03-06,2.4165849685668945,2.7244300671137953,2.3088390648069512,2.5320268117132163,281698600,BAC
2009-03-09,2.8860487937927246,2.901441039347082,2.4627616740677998,2.4781539196221574,298867900,BAC
2009-03-10,3.68644642829895,3.6941427348411646,3.232374617750948,3.3478166470235022,419616900,BAC
2009-03-11,3.794192314147949,4.232871897451184,3.470955132060424,4.078949429790458,451780400,BAC
2009-03-12,4.502236843109131,4.609982581091566,3.7249277543370614,3.786496747469881,544222900,BAC
2009-03-13,4.43297004699707,4.9640025731665185,4.348312533514698,4.810080154998561,568457500,BAC
2009-03-16,4.756210803985596,5.348813122768496,4.640769084557718,4.786995311430401,537893100,BAC
2009-03-17,4.825473785400391,4.894739076997843,4.46375581512723,4.671551322939492,429150400,BAC
2009-03-18,5.902929782867432,5.902929782867432,4.786991088100787,4.894737136078776,664772200,BAC
2009-03-19,5.333418369293213,6.595583683898946,5.248761196988633,6.4878383253222465,622301500,BAC
2009-03-20,4.763906002044678,5.379596374167653,4.602287192204601,5.364204124039083,572920000,BAC
2009-03-23,6.0029826164245605,6.072247549219978,5.310330719609397,5.67204873259035,569334700,BAC
2009-03-24,5.556607246398926,6.149209406797289,5.441165557825101,5.633568861421714,524215100,BAC
2009-03-25,5.926020622253418,6.149208388092825,5.356507114105998,5.979893670448492,620457600,BAC
2009-03-26,5.8336687088012695,6.126121848546294,5.495038815461801,6.064552843753703,479338200,BAC
2009-03-27,5.648960590362549,5.9568055541587555,5.487341800879468,5.5412144860537325,383537100,BAC
2009-03-30,4.6407670974731445,5.194888361196147,4.633070790417212,5.156407559876721,486926900,BAC
2009-03-31,5.2487616539001465,5.3026343378781835,4.810082039761086,4.894739586415319,422256900,BAC
2009-04-01,5.425771236419678,5.556605124643921,4.956307252151384,4.964003190526911,421386100,BAC
2009-04-02,5.571999549865723,6.056855967690995,5.44116561041875,6.041463717933694,512639600,BAC
2009-04-03,5.849061489105225,5.856757798890614,5.117928940584665,5.4565588645565795,348608900,BAC
2009-04-06,5.756706714630127,5.87984470842537,5.495038110835067,5.571999356957094,290223200,BAC
2009-04-07,5.664351940155029,5.833666643388701,5.548909913551119,5.556605852935334,264002200,BAC
2009-04-08,5.433468341827393,5.810578944707174,5.318026305558884,5.764401836615677,309546200,BAC
2009-04-09,7.349807262420654,7.580691402373851,6.15690648429618,6.272348187292555,1029694600,BAC
2009-04-13,8.4811372756958,8.55809815041395,7.049656345206725,7.234363325282639,687385400,BAC
2009-04-14,7.765396595001221,8.912119981940515,7.742308406622385,8.604275023688448,666610100,BAC
2009-04-15,8.03475570678711,8.096325393752204,7.134309585594945,7.449850653236956,556590300,BAC
2009-04-16,7.957798957824707,8.388781849574796,7.896229973288981,8.381086276977973,383207300,BAC
2009-04-17,8.157903671264648,8.64275954688292,7.927019466613639,8.219472694643496,487364200,BAC
2009-04-20,6.172297477722168,7.6114739014346835,6.172297477722168,7.503727802101888,802467300,BAC
2009-04-21,6.7418107986450195,6.87264508177098,5.387291593317574,5.54891037047551,867931700,BAC
2009-04-22,6.357005596160889,7.1112262258950345,6.256955785978941,6.487839906863406,620909200,BAC
2009-04-23,6.787986755371094,6.8649483526993675,6.333914945846689,6.610976109060325,561041900,BAC
2009-04-24,7.003477096557617,7.288233757614313,6.695631521984978,6.972692612496353,589862000,BAC
2009-04-27,6.864948749542236,7.149705501781516,6.6571528651199285,6.664849172089695,332356100,BAC
2009-04-28,6.272346496582031,6.680241969669982,6.156904824702951,6.187689319468056,467568100,BAC
2009-04-29,6.680242538452148,6.80338052799702,6.43396582540209,6.518623743684425,457954600,BAC
2009-04-30,6.872644424438477,7.126616659401227,6.772594644913732,7.018870573614541,343739500,BAC
2009-05-01,6.695633888244629,6.941910581729755,6.580192215707409,6.764899185351062,299754800,BAC
2009-05-04,7.988584518432617,8.042457203615905,6.7879876915057435,6.84186111064932,582512600,BAC
2009-05-05,8.342606544494629,8.558098017913524,7.77309299776455,7.903927290116092,550673100,BAC
2009-05-06,9.766389846801758,9.88952855845516,8.858246894334577,9.181484452759245,924590100,BAC
2009-05-07,10.397472381591797,11.598068317020315,9.835654478839071,11.351792378257581,946806700,BAC
2009-05-08,10.90541934967041,11.2517451507209,10.428259242940344,10.951595731698283,681310400,BAC
2009-05-11,9.95879077911377,10.736099998005821,9.95879077911377,10.46673591861991,411170100,BAC
2009-05-12,9.435458183288574,10.22046328020022,9.327712069062901,10.181982472693884,412128100,BAC
2009-05-13,8.473443031311035,9.196879246411196,8.473443031311035,9.181487361303775,391486200,BAC
2009-05-14,8.704323768615723,8.904422600361688,8.165594055720671,8.327212822797149,440641900,BAC
2009-05-15,8.21176815032959,8.950596424106758,8.142502884981743,8.727408754630316,324124400,BAC
2009-05-18,9.027558326721191,9.312315725482222,8.865940333744398,8.889028513603938,553623400,BAC
2009-05-19,8.6581449508667,9.420061530392559,8.6581449508667,9.196873823239729,506343300,BAC
2009-05-20,8.842857360839844,9.420067382836605,8.627365824803327,9.143006836503938,1197984500,BAC
2009-05-21,8.781283378601074,9.212266940612697,8.619664634591725,8.81206786631904,587487600,BAC
2009-05-22,8.51961612701416,8.965991631973155,8.273340188818905,8.92751156710029,502447400,BAC
2009-05-26,8.45035171508789,8.673540224748287,8.31951815977978,8.38878272413339,495077300,BAC
2009-05-27,8.396480560302734,8.881337002821056,8.396480560302734,8.712021879887578,539898200,BAC
2009-05-28,8.69663143157959,8.69663143157959,8.134813276655088,8.39648194602043,464520100,BAC
2009-05-29,8.67353630065918,8.85054688608001,8.442652322056409,8.842850582202601,370618000,BAC
2009-06-01,8.627361297607422,9.042952266005884,8.627361297607422,8.781283742577202,350813400,BAC
2009-06-02,8.781283378601074,8.92751024573148,8.542703782276847,8.611968329172212,311852000,BAC
2009-06-03,8.634929656982422,8.889124671997104,8.581009724889604,8.758175635825422,236543800,BAC
2009-06-04,9.143320083618164,9.143320083618164,8.627226973873741,8.75817601572555,316481900,BAC
2009-06-05,9.135614395141602,9.497649920393188,9.135614395141602,9.428323890599927,369767900,BAC
2009-06-08,9.289678573608398,9.382113094912427,8.981562767990692,9.066294963472592,246762300,BAC
2009-06-09,9.289678573608398,9.359003913633213,9.189540991877964,9.351301587811085,203171000,BAC
2009-06-10,9.228052139282227,9.513059415283058,9.189538317566928,9.335892750055624,328393900,BAC
2009-06-11,9.990636825561523,10.18320884984588,9.389811580879469,9.397514638155798,530063800,BAC
2009-06-12,10.568355560302734,10.730116130828945,10.190913739338804,10.244834419250314,448295800,BAC
2009-06-15,10.267942428588867,10.5452459372333,10.13699336585574,10.491325994203471,345381600,BAC
2009-06-16,9.805768966674805,10.321862147510755,9.79806664255501,10.321862147510755,370863900,BAC
2009-06-17,9.474543571472168,9.828876119172882,9.258863113838157,9.674818649434302,444130500,BAC
2009-06-18,9.93671703338623,9.975231588552107,9.505356072419717,9.551572950935538,341091800,BAC
2009-06-19,10.183207511901855,10.2833450395254,9.882794929031224,10.090773040542556,433963600,BAC
2009-06-22,9.197240829467773,10.052261205769312,9.197240829467773,9.921312152364646,433445300,BAC
2009-06-23,9.42061996459961,9.58238044096773,9.18953419944835,9.32818551161836,358378200,BAC
2009-06-24,9.5130615234375,9.7595535631391,9.382112443694968,9.590089918542137,334262900,BAC
2009-06-25,9.5130615234375,9.520763848725007,9.251163363952438,9.312786373877838,330425500,BAC
2009-06-26,9.821172714233398,9.844281150224846,9.4514347999545,9.505354728802523,341830600,BAC
2009-06-29,10.160099983215332,10.160099983215332,9.644007618466055,9.85198502894651,333302300,BAC
2009-06-30,10.167804718017578,10.383485221584694,9.967529597403196,10.21402233608402,306341500,BAC
2009-07-01,10.052263259887695,10.360378310504759,10.044560199971212,10.221726905029193,243363600,BAC
2009-07-02,9.736444473266602,10.052262561870101,9.721038354503419,9.851987425573773,215974600,BAC
2009-07-06,9.359003067016602,9.697930349076247,9.120214092233143,9.605495836133855,377832200,BAC
2009-07-07,9.359003067016602,9.528466708046423,9.204945545445948,9.359003067016602,275460100,BAC
2009-07-08,9.120209693908691,9.466839133927738,8.681145785524823,9.38981004298846,570440000,BAC
2009-07-09,9.22035026550293,9.436030762967322,9.120212708029152,9.320487822976707,273316500,BAC
2009-07-10,9.151021957397461,9.212644941519686,8.919935399637158,9.143318900731204,212285000,BAC
2009-07-13,10.006038665771484,10.006038665771484,9.451431960945206,9.528460302646998,392441900,BAC
2009-07-14,9.94442081451416,10.190912810134597,9.851986316156497,10.175507427710366,272335100,BAC
2009-07-15,10.337268829345703,10.491326339214401,10.090776813555786,10.190913644017325,371943700,BAC
2009-07-16,10.144694328308105,10.344969410465781,10.029151407234664,10.167802765601998,308208800,BAC
2009-07-17,9.929017066955566,10.375784249882255,9.828879493595554,10.206320607688065,457023600,BAC
2009-07-20,9.428328514099121,9.905907166800425,9.335894007247658,9.882798723738599,381163700,BAC
2009-07-21,9.389813423156738,9.551573984677107,9.18953903690628,9.459139483037484,258512200,BAC
2009-07-22,9.42061996459961,9.613191925294814,9.18953419944835,9.21264262904273,247974800,BAC
2009-07-23,9.774958610534668,9.921313805003209,9.397517504133399,9.513061194703962,285591600,BAC
2009-07-24,9.63630199432373,9.844279349409298,9.451433071002382,9.728736455984405,187107000,BAC
2009-07-27,10.0830717086792,10.113883204401661,9.636304653401478,9.674819206705557,240525400,BAC
2009-07-28,10.275646209716797,10.344972275401608,9.944422000157893,9.975233503284011,241532500,BAC
2009-07-29,10.414292335510254,10.591458192668728,10.198611203399386,10.198611203399386,258773100,BAC
2009-07-30,10.760927200317383,10.891876263315263,10.622275078412775,10.68389808045835,288316600,BAC
2009-07-31,11.392561912536621,11.392561912536621,10.799440408440187,10.86106340277218,375052000,BAC
2009-08-03,11.800816535949707,12.031903173164727,11.4156723854594,11.739193530639591,468196400,BAC
2009-08-04,12.047307968139648,12.309205344630524,11.592837802957696,11.700677683099794,364961500,BAC
2009-08-05,12.83299732208252,12.956243278395789,12.201361428675096,12.347716552749986,488503800,BAC
2009-08-06,12.863814353942871,13.364501422261027,12.625023938775184,13.27976924467196,462678600,BAC
2009-08-07,12.6481351852417,13.202742286720119,12.52488916269094,13.079496264169359,381728400,BAC
2009-08-10,12.848407745361328,13.010167566350061,12.447857518329915,12.563400457494465,240548200,BAC
2009-08-11,12.209067344665527,12.979355486673347,12.170552790644333,12.86381255921378,326233600,BAC
2009-08-12,12.270689964294434,12.455558936452316,11.862436732524113,11.962574276093966,313761100,BAC
2009-08-13,13.094900131225586,13.094900131225586,12.501777831495394,12.833002011064417,337776700,BAC
2009-08-14,13.39531135559082,13.456934352950096,12.763675265356207,13.079493310473515,302461500,BAC
2009-08-17,12.755969047546387,13.002460975930621,12.63272308335427,12.74056440392821,309793300,BAC
2009-08-18,13.017873764038086,13.15652591215396,12.886924676285155,12.925439978099863,202882900,BAC
2009-08-19,12.902325630187988,13.118006826353753,12.732862777691425,12.786782709430879,198785800,BAC
2009-08-20,13.202736854553223,13.24895519589993,12.99476019532455,13.01016483989891,183804300,BAC
2009-08-21,13.449230194091797,13.557071532552088,13.333687267148937,13.449230194091797,236597200,BAC
2009-08-24,13.364500999450684,14.019246284633399,13.349094882338575,13.71883287778004,316639800,BAC
2009-08-25,13.672618865966797,13.865190962670553,13.51856060092039,13.52626366109356,238816800,BAC
2009-08-26,13.703424453735352,13.81896736182057,13.510852450524059,13.680315284435194,203846000,BAC
2009-08-27,13.803563117980957,13.849779993631335,13.549368098091902,13.672614079298231,176384900,BAC
2009-08-28,13.849781036376953,14.057759196274242,13.69572428287415,13.942216263845113,188061000,BAC
2009-08-31,13.549371719360352,13.788160688116475,13.441531824285013,13.53396560029005,159710500,BAC
2009-09-01,12.678940773010254,13.757345233280692,12.640426957661116,13.634099261113994,334738300,BAC
2009-09-02,12.540206909179688,12.894754145505532,12.347517810280557,12.447715494863594,229078300,BAC
2009-09-03,12.979540824890137,13.025785807705716,12.72519121425221,12.78685168137348,176555400,BAC
2009-09-04,13.17222785949707,13.295548773995595,13.04119920407973,13.156812377659438,173567100,BAC
2009-09-08,13.11827564239502,13.495946141182017,13.087444677546456,13.457407435121313,163026500,BAC
2009-09-09,13.13369369506836,13.257014638393748,13.033494509802976,13.118278209627285,155753700,BAC
2009-09-10,13.272425651550293,13.28784113350443,12.871633411451587,13.072028796450303,175319800,BAC
2009-09-11,13.079736709594727,13.326380013803679,13.064322697538968,13.287841308411048,139774800,BAC
2009-09-14,13.095151901245117,13.172227840219207,12.725189158290991,12.856217813516569,162371700,BAC
2009-09-15,12.941001892089844,13.233888705093253,12.917878668654849,13.095152304685895,158450100,BAC
2009-09-16,13.295549392700195,13.334086628986329,12.971831609552137,13.018076587115765,193950600,BAC
2009-09-17,13.573019981384277,13.680925401442178,13.257009991128067,13.341792191130235,212907800,BAC
2009-09-18,13.588431358337402,13.696338227587654,13.495941436238107,13.665507273487352,160550400,BAC
2009-09-21,13.295549392700195,13.441993536769903,13.241596673859073,13.403454830382437,127963900,BAC
2009-09-22,13.573019981384277,13.935274941650862,13.519067271355329,13.626972691413227,158650700,BAC
2009-09-23,13.488238334655762,13.919861549736378,13.480530593480943,13.68863519489709,197847500,BAC
2009-09-24,13.087448120117188,13.642393872555774,12.956419425247155,13.526779194063264,221414100,BAC
2009-09-25,12.794559478759766,13.164522283084498,12.71748352700007,13.064324574867946,161603900,BAC
2009-09-28,13.272425651550293,13.280133392527363,12.833094706566238,12.879339682327382,129240300,BAC
2009-09-29,13.226180076599121,13.511360599425975,13.156811881049379,13.388039689582257,124964600,BAC
2009-09-30,13.041200637817383,13.341795216191972,12.917879709761069,13.303257977462408,186120500,BAC
2009-10-01,12.493962287902832,13.226181558477244,12.470840533529797,13.072029668850618,247824500,BAC
2009-10-02,12.594159126281738,12.709772287053505,12.039214337466053,12.255025913930274,226303000,BAC
2009-10-05,13.072027206420898,13.079734946460428,12.75601721530561,12.848508625678884,155256700,BAC
2009-10-06,13.102861404418945,13.388041975948,12.879341298341924,13.26471957494248,195927500,BAC
2009-10-07,13.372625350952148,13.372625350952148,13.13369125147684,13.164520746521395,153192000,BAC
2009-10-08,13.357206344604492,13.565310894135026,13.28013042217456,13.542187676375763,137567400,BAC
2009-10-09,13.488238334655762,13.526775570428539,13.280133733239614,13.357209674886482,87503400,BAC
2009-10-12,13.896740913391113,13.896740913391112,13.495947160690985,13.6038526056097,139972400,BAC
2009-10-13,13.727176666259766,13.873620853564777,13.472827009415148,13.827375862348054,150388900,BAC
2009-10-14,14.328361511230469,14.366898742968441,13.996936025919737,14.166501903708438,229813800,BAC
2009-10-15,13.950693130493164,14.721449640795534,13.781125757361762,14.127966775038379,212270200,BAC
2009-10-16,13.303255081176758,13.480528692900341,13.149103219616448,13.226179150396602,336814500,BAC
2009-10-19,13.226180076599121,13.511360599425975,13.210764595343354,13.31096375340463,155876100,BAC
2009-10-20,13.110568046569824,13.465115325652079,13.110568046569824,13.272426203515723,169353700,BAC
2009-10-21,12.725191116333008,13.233890333694468,12.68665240586533,13.0951539162138,219344000,BAC
2009-10-22,12.73289966583252,12.84851286436373,12.370643114972724,12.756021423477813,235015400,BAC
2009-10-23,12.501669883728027,12.840803154894285,12.38605670290584,12.833095413492625,181905600,BAC
2009-10-26,11.869647979736328,12.486253966927217,11.61529843267416,12.455423006022164,376383000,BAC
2009-10-27,11.908187866210938,11.977556069332957,11.57676306859006,11.892773118323092,270531500,BAC
2009-10-28,11.56905460357666,11.908187121457003,11.561346862589447,11.892772374533214,213262400,BAC
2009-10-29,12.124000549316406,12.16253852500469,11.623009070520972,11.723207513290209,202946700,BAC
2009-10-30,11.237629890441895,12.123999585559673,11.175969428262434,12.100877096005048,307670900,BAC
2009-11-02,11.276165008544922,11.738618357822432,10.883079110371158,11.445731604138594,307863100,BAC
2009-11-03,11.407196998596191,11.50739543752567,10.952450520012686,10.983280752371702,188258700,BAC
2009-11-04,11.330123901367188,11.75404025426904,11.330123901367188,11.700087517826388,200076300,BAC
2009-11-05,11.661541938781738,11.684664420047413,11.345531999632634,11.491975361049136,156790200,BAC
2009-11-06,11.599884033203125,11.746327426616526,11.438025158877478,11.515100358286947,152297800,BAC
2009-11-09,12.154824256896973,12.193361474513265,11.669247817418526,11.784860940368024,170808600,BAC
2009-11-10,12.355225563049316,12.486254209236282,12.123997762077588,12.216489176486512,195721000,BAC
2009-11-11,12.663530349731445,12.8099745058369,12.48625669608358,12.509378451715026,184673700,BAC
2009-11-12,12.378351211547852,12.771437273876604,12.324398482030466,12.609579085324446,154405900,BAC
2009-11-13,12.316690444946289,12.478550099732772,12.216492731108247,12.393766401030252,125121900,BAC
2009-11-16,12.23190689086914,12.532502223026125,12.147123931309828,12.455426270662562,153962000,BAC
2009-11-17,12.154824256896973,12.193361474513265,12.016087921317329,12.185654472020191,110912100,BAC
2009-11-18,12.601866722106934,12.624988471935978,12.231903288780858,12.239611028757567,179789700,BAC
2009-11-19,12.39376449584961,12.694359061257655,12.355227258782401,12.517085418586314,158923100,BAC
2009-11-20,12.401471138000488,12.478547075404157,12.308980454146457,12.35522616359878,128329800,BAC
2009-11-23,12.555625915527344,12.69436087080643,12.463134475239718,12.547918172994912,138294900,BAC
2009-11-24,12.409181594848633,12.57103977573243,12.324397898137184,12.493963821458529,118077000,BAC
2009-11-25,12.293563842773438,12.540206378766477,12.255025877613537,12.493959938513939,97450200,BAC
2009-11-27,11.923603057861328,12.147122409654756,11.715498453579173,11.807989143798798,96712700,BAC
2009-11-30,12.216490745544434,12.24732097595698,11.977555908559204,12.016093880337554,129973500,BAC
2009-12-01,12.255025863647461,12.401469984078085,12.077752253184707,12.362932754012649,143216700,BAC
2009-12-02,12.069930076599121,12.208753792266547,11.985093770087508,12.201041200170966,130213100,BAC
2009-12-03,12.154767036437988,12.910583404376174,12.093067771117045,12.532675220407082,651715900,BAC
2009-12-04,12.55581283569336,12.648360996975942,12.046792800046397,12.154766880731495,1226791300,BAC
2009-12-07,12.25502872467041,12.563525791777886,12.208753907174643,12.532675423105193,291029100,BAC
2009-12-08,11.884827613830566,12.231886031243267,11.853977993071949,12.12391272634459,312296800,BAC
2009-12-09,11.86941146850586,12.008234491207224,11.76143735261503,11.915685564235151,199467800,BAC
2009-12-10,11.730582237243652,12.069928144481915,11.638033353451398,12.015941479481388,254946200,BAC
2009-12-11,12.054508209228516,12.108494894431571,11.73058662698334,11.815422951661487,194958400,BAC
2009-12-14,12.054508209228516,12.131631940159533,11.900260011853057,12.085357848703607,128586100,BAC
2009-12-15,11.715160369873047,11.9619581986541,11.684310733214584,11.91568337590973,190193100,BAC
2009-12-16,11.784570693969727,11.907969224454238,11.746008469315,11.82313291862445,166373000,BAC
2009-12-17,11.460649490356445,11.846270276195652,11.43751244914981,11.77685915257575,268907300,BAC
2009-12-18,11.59176254272461,11.761435922634233,11.476076581953238,11.57633809119468,202871600,BAC
2009-12-21,11.784570693969727,11.907969224454238,11.722871428727471,11.730584020761068,153571100,BAC
2009-12-22,11.823132514953613,11.907968817886879,11.815419923183343,11.846269554751188,104061100,BAC
2009-12-23,11.715160369873047,11.93110856199564,11.684310733214584,11.923395968952684,102116100,BAC
2009-12-24,11.761433601379395,11.784570641864626,11.722871376895172,11.746008417380404,36611800,BAC
2009-12-28,11.792284965515137,11.884833876559766,11.684310868206389,11.807710151779258,102573300,BAC
2009-12-29,11.661174774169922,11.823135565568675,11.645750322162787,11.79999851980126,83089500,BAC
2009-12-30,11.622611999511719,11.645749779714821,11.545488272041544,11.599474954822005,86897900,BAC
2009-12-31,11.614899635314941,11.75372263291513,11.57633740550414,11.63803667899608,94322600,BAC
2010-01-04,12.100780487060547,12.147055307094384,11.66117300654901,11.75372191110337,180845200,BAC
2010-01-05,12.49411392211914,12.501825043253874,12.108492404701284,12.13934203783312,209521300,BAC
2010-01-06,12.640644073486328,12.756331441986942,12.362998213752446,12.50182040810639,205257900,BAC
2010-01-07,13.057117462158203,13.25764040766933,12.733196007259652,12.864307107362071,320868400,BAC
2010-01-08,12.941434860229492,13.188231942255644,12.82574744088142,13.095682300982515,220104700,BAC
2010-01-11,13.057117462158203,13.219077454094345,12.895155999195794,13.103391535421919,168991600,BAC
2010-01-12,12.617513656616211,12.91829742442656,12.470977333645692,12.895159645738579,223486800,BAC
2010-01-13,12.818034172058105,12.941432692400605,12.455549731403917,12.671497877516488,192609900,BAC
2010-01-14,12.97227668762207,13.049401101464493,12.810316742476239,12.825740448424051,142634200,BAC
2010-01-15,12.540389060974121,12.841172825481497,12.51725128254022,12.833460232670197,195117100,BAC
2010-01-19,12.586660385131836,12.70234630986495,12.216464837575334,12.386137429115479,181616500,BAC
2010-01-20,12.717771530151367,12.825744864088456,12.478687088850805,12.509535982392968,288741100,BAC
2010-01-21,11.931106567382812,12.848883656175383,11.72287100311548,12.694634763156664,551285500,BAC
2010-01-22,11.491496086120605,11.969666381412523,11.344960549863012,11.769143449259536,369620800,BAC
2010-01-25,11.553197860717773,11.776858612337298,11.391237844187627,11.692021572615893,262351600,BAC
2010-01-26,11.3912353515625,11.699731604371923,11.352673136083052,11.522345707371692,212380600,BAC
2010-01-27,11.715160369873047,11.79228482927588,11.321827686355991,11.3449647299715,258716200,BAC
2010-01-28,11.853983879089355,12.023657245268435,11.576337154398145,11.877120922268622,232729500,BAC
2010-01-29,11.707447052001953,11.992806339376457,11.638035194300238,11.946531522404229,175135300,BAC
2010-02-01,11.892542839050293,11.907967285092163,11.66888285509464,11.76914432866278,159503300,BAC
2010-02-02,12.031366348266602,12.093065602523303,11.807706367707782,11.915679694900444,171404800,BAC
2010-02-03,11.977384567260742,12.185620199686811,11.969672708496182,12.008234208859404,130861600,BAC
2010-02-04,11.375814437866211,11.900258999857538,11.360389251683708,11.838559726154248,252558700,BAC
2010-02-05,11.568621635437012,11.614896445604549,11.036465363832699,11.445223122341122,297683300,BAC
2010-02-08,11.167582511901855,11.53777901143904,11.144445460528782,11.522353820181257,208207300,BAC
2010-02-09,11.159866333007812,11.398950820870864,10.990192972402431,11.314114508324831,251522100,BAC
2010-02-10,11.314114570617676,11.499212382017205,11.152153801764758,11.190716029684657,175741800,BAC
2010-02-11,11.283262252807617,11.414373355255835,11.213850406157015,11.314111880706426,141086300,BAC
2010-02-12,11.144441604614258,11.213853470230962,11.013330466341227,11.159866790535013,162819300,BAC
2010-02-16,11.692021369934082,11.807708039681495,11.275550976972504,11.306400608469167,205493300,BAC
2010-02-17,12.077640533447266,12.247313851986629,11.761431668564677,11.83855610485888,261541900,BAC
2010-02-18,12.247313499450684,12.33986237903185,11.954241679687104,11.96966686070719,242140300,BAC
2010-02-19,12.247313499450684,12.370712741072019,12.116202402832421,12.131626848339392,216078200,BAC
2010-02-22,12.501824378967285,12.648360680192226,12.309014733773237,12.309014733773237,173773200,BAC
2010-02-23,12.293587684631348,12.632933579552196,12.17790176796843,12.432412108550466,210478400,BAC
2010-02-24,12.594376564025879,12.617514343974326,12.309017230948797,12.324441682067715,191571600,BAC
2010-02-25,12.764050483703613,12.779475671882537,12.301305871037751,12.378429605392002,287325100,BAC
2010-02-26,12.84887981414795,12.987703482148932,12.656069491041254,12.779467980147457,343669400,BAC
2010-03-01,12.887441635131836,13.003129008911612,12.779468322031844,12.910579404093003,170931100,BAC
2010-03-02,12.694632530212402,12.956854719604321,12.640645868459867,12.879731757687102,183048600,BAC
2010-03-03,12.632902145385742,12.825829779743417,12.602033017366416,12.710072021591982,154950200,BAC
2010-03-04,12.656051635742188,12.733222978480804,12.370519581106524,12.694638043071963,157746500,BAC
2010-03-05,12.887561798095703,12.926146721930282,12.694634235081818,12.748653717218426,172469000,BAC
2010-03-08,12.918431282043457,13.049622102448037,12.87984635271534,12.926148562293221,127705100,BAC
2010-03-09,12.964730262756348,13.111355607143427,12.76408691391551,12.833539475024823,167779500,BAC
2010-03-10,13.203967094421387,13.389177437347714,13.11136118699774,13.126795750221842,222932200,BAC
2010-03-11,13.21168041229248,13.335153937199095,13.165376736512108,13.257982616152331,145079600,BAC
2010-03-12,13.003321647644043,13.350590474222477,12.872130809535504,13.319722820978592,171456700,BAC
2010-03-15,13.003321647644043,13.04962386347032,12.802676749835637,12.918433025361782,120308200,BAC
2010-03-16,13.142230987548828,13.173098643659358,13.041907793367265,13.095927295501474,107411800,BAC
2010-03-17,13.327439308166504,13.350589678739798,13.14222898397608,13.250267971773624,134463900,BAC
2010-03-18,13.18081283569336,13.366023144700865,13.103641505626724,13.34287277602536,123986800,BAC
2010-03-19,12.9801664352417,13.296567526465887,12.918429672854554,12.9801664352417,178218800,BAC
2010-03-22,13.088205337524414,13.095922616775187,12.810390644099193,12.825825202600736,113667800,BAC
2010-03-23,13.219399452209473,13.288853510943115,13.072775525479233,13.180814518211173,131261400,BAC
2010-03-24,13.558950424194336,13.682423960712297,13.196247094662906,13.211681654707817,270410600,BAC
2010-03-25,13.690145492553711,14.160889416680217,13.659277834797825,13.767316844825107,315304700,BAC
2010-03-26,13.813617706298828,14.06828211335637,13.697861425258305,13.875354487648506,220970700,BAC
2010-03-29,13.921656608581543,14.045130157364992,13.713294443039171,14.021978314997794,152539700,BAC
2010-03-30,13.705574035644531,13.983390192990448,13.636119996308052,13.937086518819148,144373000,BAC
2010-03-31,13.775029182434082,13.875350874029724,13.636121092593513,13.651555651891483,114280900,BAC
2010-04-01,13.921656608581543,13.967958821395134,13.805898868666354,13.90622204700341,95607200,BAC
2010-04-05,13.991107940673828,14.083713829940452,13.906220803426821,14.014259780970653,107989300,BAC
2010-04-06,14.26892375946045,14.307510158935413,13.96795720315891,14.014259410608231,160316600,BAC
2010-04-07,14.369246482849121,14.554456778852858,14.299792437857645,14.338377364221536,233522300,BAC
2010-04-08,14.392400741577148,14.53902615086423,14.130019049977525,14.346098523036328,164305500,BAC
2010-04-09,14.346096992492676,14.546741880657986,14.276642936130804,14.523590037897085,135480600,BAC
2010-04-12,14.400115966796875,14.523589513219422,14.353813754868614,14.415550528079887,128319000,BAC
2010-04-13,14.407835006713867,14.446419942712053,14.268926882046864,14.361532789131852,113687800,BAC
2010-04-14,14.971179008483887,14.98661356721169,14.600758430539834,14.647060634802706,246624700,BAC
2010-04-15,15.032919883728027,15.32617069209286,14.940315449870349,15.148676162010593,240100000,BAC
2010-04-16,14.207189559936523,15.032919522969566,13.92937332118862,15.025202241679802,589061800,BAC
2010-04-19,14.19175910949707,14.39240406540621,13.790470669600118,13.96796377493159,358828000,BAC
2010-04-20,14.361529350280762,14.531305088709525,14.230338538611072,14.500437441686389,200544700,BAC
2010-04-21,14.106864929199219,14.593041774528112,13.975674118250058,14.407831477644695,201891300,BAC
2010-04-22,14.307510375976562,14.353812584128274,13.85220115870952,13.913937926885357,219472400,BAC
2010-04-23,14.222624778747559,14.299796123284983,14.106868497901909,14.199472933810041,145428400,BAC
2010-04-26,13.92937183380127,14.230339884280902,13.913938744790599,14.207188042883779,160873000,BAC
2010-04-27,13.481778144836426,14.029693212413521,13.435475939888683,13.821331082267841,259438600,BAC
2010-04-28,13.721013069152832,13.859919721213195,13.512650883180862,13.620689880979238,195287800,BAC
2010-04-29,14.122300148010254,14.199471484671896,13.883070329087898,13.92165673337913,177296300,BAC
2010-04-30,13.75959587097168,14.122299215843473,13.589820119059064,14.106866127066489,231536200,BAC
2010-05-03,13.937090873718262,14.006544934756933,13.72101288108322,13.798182751640919,150747100,BAC
2010-05-04,13.551236152648926,13.821335125716232,13.489499370683912,13.713296125257704,183242300,BAC
2010-05-05,13.528080940246582,13.767310700796251,13.03418538927636,13.27341662174649,195023300,BAC
2010-05-06,12.563445091247559,13.589819803046629,11.961510485320622,13.489496632765128,465091500,BAC
2010-05-07,12.486276626586914,12.957020521492774,12.308782821764561,12.717789197109225,388118300,BAC
2010-05-10,13.3505859375,13.42003997359838,13.126790743787756,13.296566458739129,268476800,BAC
2010-05-11,13.242552757263184,13.497217176752052,13.095927342429883,13.180815972899854,188202400,BAC
2010-05-12,13.173097610473633,13.373742511178838,13.11136083117364,13.327440294684076,179359300,BAC
2010-05-13,13.018754005432129,13.257983797260795,13.00331944546366,13.14222754133858,135257500,BAC
2010-05-14,12.609746932983398,12.90299621127389,12.439971189964762,12.895278931329319,212906900,BAC
2010-05-17,12.617465019226074,12.69463635168265,12.231609828863936,12.648332669056261,181966800,BAC
2010-05-18,12.308778762817383,12.926147131201132,12.092700091469165,12.895278013619688,216050700,BAC
2010-05-19,12.586596488952637,12.702352757116824,12.193024735618158,12.193024735618158,260711100,BAC
2010-05-20,11.807169914245605,12.385952010003487,11.79173535213878,12.31649868840405,301263900,BAC
2010-05-21,12.33965015411377,12.347367435391398,11.537071300251748,11.544788581529374,266468500,BAC
2010-05-24,11.884342193603516,12.40910560390515,11.87662564742184,12.331934254404134,170656700,BAC
2010-05-25,11.953792572021484,11.992378234864455,11.42131277986146,11.506200649347752,263919800,BAC
2010-05-26,11.938358306884766,12.424535874418746,11.868904263528442,12.27791050823089,225933000,BAC
2010-05-27,12.486276626586914,12.501711190467342,12.030967295561481,12.20074381844362,163490700,BAC
2010-05-28,12.146721839904785,12.48627483700294,12.123570733362769,12.478557556168798,160778500,BAC
2010-06-01,11.915209770202637,12.331933409855774,11.884341379708347,12.023249504912888,126185400,BAC
2010-06-02,12.270424842834473,12.293590951127403,11.853431211375211,12.031039269016516,127114500,BAC
2010-06-03,12.208646774291992,12.409420919031547,12.11598087802792,12.324478039966245,124229100,BAC
2010-06-04,11.853433609008789,12.146873003907011,11.776212250496128,11.969264910340327,148415800,BAC
2010-06-07,11.451883316040039,11.892043129181435,11.405551091729064,11.861154734161643,158959100,BAC
2010-06-08,11.837987899780273,11.853432464566623,11.420994224234805,11.490493292898613,167648900,BAC
2010-06-09,11.590882301330566,11.961543068413599,11.536827053802847,11.91521084074696,150844900,BAC
2010-06-10,11.938372611999512,11.953816436791541,11.668098681985446,11.79165296250776,124056500,BAC
2010-06-11,12.046483993530273,12.123704601020163,11.82254297986616,11.837986806789212,115114300,BAC
2010-06-14,11.899762153625488,12.193202194181803,11.88431832856317,12.123703140308303,120504600,BAC
2010-06-15,12.200926780700684,12.231815173099932,11.822543789700559,12.015596426305198,129815000,BAC
2010-06-16,12.254979133605957,12.332200469277124,12.085092636991732,12.123703304827314,110926700,BAC
2010-06-17,12.216368675231934,12.40942128128269,12.038760631155117,12.324478399737767,127136400,BAC
2010-06-18,12.216368675231934,12.285867731240167,12.154591900210672,12.262701624716504,105721700,BAC
2010-06-21,12.193205833435059,12.432591453065804,12.16231743765407,12.378536944558435,109114600,BAC
2010-06-22,12.031042098999023,12.285871559475016,12.015598268650088,12.185484084675764,108235700,BAC
2010-06-23,11.915209770202637,12.131428531574494,11.807100021298002,12.04648563085919,132920800,BAC
2010-06-24,11.598601341247559,11.822542342845308,11.56771221619119,11.791653954226215,167776300,BAC
2010-06-25,11.907485008239746,12.061926948492173,11.668099448520536,11.783931456037804,175269500,BAC
2010-06-28,11.768492698669434,12.00787837646698,11.745326580314066,11.969267688249618,110641800,BAC
2010-06-29,11.25111198425293,11.621773579661614,11.158446769510174,11.590885174747363,201991800,BAC
2010-06-30,11.096663475036621,11.428714186149975,11.042608982134348,11.289716077044433,138978000,BAC
2010-07-01,10.826391220092773,11.081220618094976,10.424841419339426,11.058053773594922,256787300,BAC
2010-07-02,10.687389373779297,10.888164204176414,10.563835858592467,10.888164204176414,140988600,BAC
2010-07-06,10.857282638549805,11.050335311283042,10.679673796687725,10.911337151255111,120153500,BAC
2010-07-07,11.359216690063477,11.37466051739561,10.888168541654768,10.9036123689869,150021000,BAC
2010-07-08,11.475045204162598,11.536821971461784,11.27427107865882,11.490489764205972,132297400,BAC
2010-07-09,11.668102264404297,11.683546830375436,11.390106704860766,11.475049608389707,86584400,BAC
2010-07-12,11.745320320129395,11.776208706952437,11.559989999191144,11.637210598030132,92146300,BAC
2010-07-13,12.100536346435547,12.139147011551703,11.892039196670616,11.953815966281592,130720700,BAC
2010-07-14,12.100536346435547,12.139147011551703,11.907483757291951,12.04648185713524,115645600,BAC
2010-07-15,11.884323120117188,12.115985744514921,11.629493644129662,12.092819629362653,177237600,BAC
2010-07-16,10.795504570007324,11.328330332713675,10.780060739902593,11.297441936066747,438430600,BAC
2010-07-19,10.509785652160645,10.826392606262838,10.270400786508551,10.787781930256484,314752200,BAC
2010-07-20,10.63333511352539,10.695111872388411,10.270396102877356,10.316728303806093,180152700,BAC
2010-07-21,10.316730499267578,10.787779306386408,10.293564393873325,10.78005702577592,203245200,BAC
2010-07-22,10.5483980178833,10.726006861388203,10.455732822486723,10.463455106212482,185760900,BAC
2010-07-23,10.610174179077148,10.656507142218027,10.40167768603686,10.563841952373735,133979700,BAC
2010-07-26,10.926777839660645,10.973110791824086,10.587005557398802,10.695115288155305,159255000,BAC
2010-07-27,10.957667350769043,11.312884232263794,10.94994580498237,11.212497509100757,176895900,BAC
2010-07-28,10.803227424621582,10.996280097984101,10.780061310020582,10.903614903142593,110133600,BAC
2010-07-29,10.834113121032715,10.973111246849632,10.733725667546867,10.926778292764885,124734700,BAC
2010-07-30,10.841835975646973,10.996277936694321,10.69511629676133,10.718282406809093,130077700,BAC
2010-08-02,11.150724411010742,11.173891266872676,10.988560102165486,11.104392172162187,130216100,BAC
2010-08-03,11.073495864868164,11.166161012872598,11.0348852024237,11.08893968798367,96776700,BAC
2010-08-04,10.957667350769043,11.112110049500352,10.903612848075504,11.088943202828236,131865800,BAC
2010-08-05,10.826391220092773,10.911334107281075,10.780058267529965,10.880445717718302,110927900,BAC
2010-08-06,10.780059814453125,10.841836602443552,10.617895561868904,10.741449137849758,135088300,BAC
2010-08-09,10.741445541381836,10.864999075994298,10.617892006769374,10.857277532408887,121443000,BAC
2010-08-10,10.525229454040527,10.67194912850237,10.509784890182786,10.633339191732695,131286100,BAC
2010-08-11,10.185458183288574,10.440288376157211,10.162292069914141,10.424843809615943,182937400,BAC
2010-08-12,10.085068702697754,10.309009701556723,10.054180314456422,10.077346421528105,146852800,BAC
2010-08-13,10.216343879699707,10.301287500350693,10.123678714256402,10.123678714256402,107923800,BAC
2010-08-16,10.185458183288574,10.262679543119976,10.10823755989464,10.139125956539706,99799300,BAC
2010-08-17,10.20090103149414,10.386231380145757,10.154568076112566,10.355342988703821,132047600,BAC
2010-08-18,10.285842895507812,10.424841011318653,10.224066118800165,10.231788399997937,137585300,BAC
2010-08-19,10.054182052612305,10.324455312339179,10.046459770107635,10.254956242671945,153344800,BAC
2010-08-20,9.938345909118652,10.03101105149204,9.845680766745264,10.023288772184985,164506800,BAC
2010-08-23,9.938345909118652,10.11595465099546,9.930623629811597,10.092787813074297,114682800,BAC
2010-08-24,9.760744094848633,9.907463812560485,9.72213341025997,9.845687011793647,156884400,BAC
2010-08-25,9.77618408203125,9.822517032603274,9.590853752617688,9.698963479660899,159923400,BAC
2010-08-26,9.629467010498047,9.961517089179038,9.629467010498047,9.837963503024486,137778600,BAC
2010-08-27,9.760744094848633,9.82252089561547,9.583135240315807,9.706688841849482,158558400,BAC
2010-08-30,9.513635635375977,9.729855162679987,9.475025689335096,9.683522196418409,126732000,BAC
2010-08-31,9.621739387512207,9.668072324825674,9.405520731735825,9.52135197036391,172987600,BAC
2010-09-01,10.209096908569336,10.209096908569336,9.73767029303349,9.768583501641922,204575600,BAC
2010-09-02,10.26319408416748,10.38684690950231,10.162725979325689,10.162725979325689,154881900,BAC
2010-09-03,10.433216094970703,10.580053626829423,10.301834796293944,10.433216094970703,141624900,BAC
2010-09-07,10.209096908569336,10.371391438020861,10.201368422159971,10.34047822941243,127499100,BAC
2010-09-08,10.332749366760254,10.425488989208654,10.22455277205595,10.247738230439804,102657200,BAC
2010-09-09,10.433216094970703,10.719163410611616,10.417759124759835,10.495042501756364,168549000,BAC
2010-09-10,10.471855163574219,10.556866267378826,10.440941967915387,10.510496842404939,85884600,BAC
2010-09-13,10.78099250793457,10.86600439125236,10.71916608571932,10.773264020900392,164136200,BAC
2010-09-14,10.572324752807617,10.79644563779415,10.541411552707022,10.788717153511794,140042500,BAC
2010-09-15,10.59550952911377,10.65733592966792,10.440943527728395,10.525954644233144,134665300,BAC
2010-09-16,10.471855163574219,10.556866267378826,10.440941967915387,10.525953071719995,120788100,BAC
2010-09-17,10.35593318939209,10.587782593906915,10.30956375070649,10.58005410844967,132686500,BAC
2010-09-20,10.618697166442871,10.672795834582809,10.332749800953891,10.402304704970218,130367700,BAC
2010-09-21,10.549138069152832,10.819629091245465,10.541410322800928,10.780987411370983,168349300,BAC
2010-09-22,10.37138843536377,10.64187948514851,10.363659951191904,10.53368291782885,141117900,BAC
2010-09-23,10.178183555603027,10.379119777222458,10.139541861133287,10.286380152712495,153255800,BAC
2010-09-24,10.510497093200684,10.510497093200684,10.278647751712821,10.332745661149453,142535200,BAC
2010-09-27,10.232280731201172,10.533685041407308,10.224552245471253,10.51822806994747,123657600,BAC
2010-09-28,10.255464553833008,10.294105502265918,10.16272421391325,10.286377754796645,124743600,BAC
2010-09-29,10.13180923461914,10.27091898305345,10.08543980982685,10.232277304374062,156717200,BAC
2010-09-30,10.124085426330566,10.34820636540975,10.085443732621258,10.20909656286784,148937800,BAC
2010-10-01,10.27864933013916,10.371388933569984,10.093170123277512,10.216822927851943,168814600,BAC
2010-10-04,10.162725448608398,10.394574852518064,10.147269214763186,10.255465799795415,133664600,BAC
2010-10-05,10.479586601257324,10.541413010005716,10.209095510211416,10.294106637983221,191282100,BAC
2010-10-06,10.348200798034668,10.556864652556504,10.294102161135326,10.533679943615992,150771000,BAC
2010-10-07,10.286378860473633,10.433216396577176,10.224551714871748,10.41003167761955,112300500,BAC
2010-10-08,10.185908317565918,10.425485409028012,10.12408192383191,10.309561105033934,173162700,BAC
2010-10-11,10.162725448608398,10.240008828921265,10.131812243889039,10.201367138764832,101283500,BAC
2010-10-12,10.448675155639648,10.456402905262262,10.116357599908529,10.124086086560194,136898300,BAC
2010-10-13,10.270916938781738,10.541407898671572,10.240003749396777,10.510494709286611,175054300,BAC
2010-10-14,9.737667083740234,10.06998378250029,9.598557322334898,10.04679906794233,511175200,BAC
2010-10-15,9.258511543273926,9.799493629385564,9.073032349936174,9.784036661426352,600410400,BAC
2010-10-18,9.536730766296387,9.559915480467321,9.142586940246627,9.243055017692376,416485100,BAC
2010-10-19,9.119402885437012,9.62174257195771,9.049848000866398,9.536731455831864,574229600,BAC
2010-10-20,9.08076286315918,9.181230966258884,8.632521010578321,8.964838525675116,655116600,BAC
2010-10-21,8.779356002807617,9.181228298432803,8.748442805992507,9.150315101617691,318784400,BAC
2010-10-22,8.84118366241455,8.949380235274573,8.787085744498967,8.86436911611739,173466800,BAC
2010-10-25,8.624791145324707,8.957108607266877,8.555236259148082,8.933923890884284,327390900,BAC
2010-10-26,8.732991218566895,8.87210030967106,8.524326476366934,8.56296817718498,232839500,BAC
2010-10-27,8.918466567993164,9.018934651035552,8.694345686445933,8.748443601534598,275344800,BAC
2010-10-28,8.910738945007324,9.057577210194614,8.817999337165878,9.057577210194614,180293000,BAC
2010-10-29,8.84891128540039,8.91846616567893,8.77935640512185,8.887552967447222,126825100,BAC
2010-11-01,8.887555122375488,8.949381533829696,8.779358533816144,8.887555122375488,152004500,BAC
2010-11-02,8.810270309448242,8.957108565588722,8.732987676189584,8.93392384931401,176470800,BAC
2010-11-03,8.903010368347168,8.92619508389205,8.740715885475355,8.856640200228584,176344100,BAC
2010-11-04,9.374441146850586,9.459452300846124,9.042123544544946,9.111678460100002,310826500,BAC
2010-11-05,9.552186012268066,9.822677018823837,9.397620038677069,9.405348521613792,405644600,BAC
2010-11-08,9.737667083740234,9.838134425834324,9.606285806197146,9.753123314435944,247865900,BAC
2010-11-09,9.482634544372559,9.845864500230196,9.45172060392962,9.838136015119462,225038100,BAC
2010-11-10,9.714483261108398,9.714483261108398,9.428535943515724,9.544461009801777,191612200,BAC
2010-11-11,9.559914588928223,9.706752818050767,9.513545164910676,9.660382657004513,130702300,BAC
2010-11-12,9.366707801818848,9.529002274943156,9.29715292233289,9.498089077063707,170642600,BAC
2010-11-15,9.351256370544434,9.498093951573031,9.328070907464271,9.443996011777624,112735900,BAC
2010-11-16,9.227601051330566,9.31261292598714,9.057578776075449,9.266242745535463,219262600,BAC
2010-11-17,8.980292320251465,9.266239580449762,8.964836090066326,9.196684702044735,170058200,BAC
2010-11-18,9.042120933532715,9.134860548483482,8.98802300906867,9.103947343499893,138773700,BAC
2010-11-19,9.011207580566406,9.011207580566406,8.9107394817624,8.995751346842907,104569300,BAC
2010-11-22,8.732991218566895,8.957112198876587,8.663436304500241,8.933927473197416,223150100,BAC
2010-11-23,8.570693016052246,8.802542385228822,8.547508300243237,8.640247900508102,199123000,BAC
2010-11-24,8.717528343200684,8.732985307877922,8.578419346248744,8.640245730900416,109514300,BAC
2010-11-26,8.59387493133545,8.66342979312514,8.57841870484251,8.632516603110675,54441000,BAC
2010-11-29,8.740717887878418,8.77935884362917,8.562966395903212,8.609336574644697,144663800,BAC
2010-11-30,8.462498664855957,8.732989789283238,8.431585456666756,8.655706400295724,267119300,BAC
2010-12-01,8.733238220214844,8.74097377215256,8.485706459830562,8.640413810070738,289105800,BAC
2010-12-02,9.034912109375,9.081323914788964,8.779644966491155,8.795115322395027,284454000,BAC
2010-12-03,9.174150466918945,9.18962156424127,8.918883262720787,8.965295816985234,164553900,BAC
2010-12-06,9.003973960876465,9.174151626720853,8.99623841123737,9.112268705013326,132238800,BAC
2010-12-07,8.949823379516602,9.18188464068495,8.895676022401538,9.158678735878839,215071600,BAC
2010-12-08,9.282449722290039,9.336597109605162,8.973035026628168,8.980769840742596,235158100,BAC
2010-12-09,9.78524398803711,9.816185442428198,9.475829444126218,9.483564992149606,328639000,BAC
2010-12-10,9.901277542114258,9.939954554477342,9.646010293301616,9.785246505025006,224667700,BAC
2010-12-13,9.700156211853027,9.963158971198256,9.684685851851713,9.947687873494399,189201500,BAC
2010-12-14,9.591863632202148,9.831660554973446,9.537716249322692,9.723365051511768,161365800,BAC
2010-12-15,9.5067720413208,9.700156338937337,9.499036492367527,9.576390506495162,160612500,BAC
2010-12-16,9.68468189239502,9.878066108415346,9.576386465850831,9.646004901650507,309278400,BAC
2010-12-17,9.723361015319824,9.785243923695097,9.630536652756915,9.707890657077234,154544200,BAC
2010-12-20,9.762039184570312,9.86259910712808,9.723362177786164,9.738833275580841,113899800,BAC
2010-12-21,10.04051399230957,10.04051399230957,9.823923750715785,9.847129663603738,163167100,BAC
2010-12-22,10.349931716918945,10.404079105217836,10.05598738184827,10.063722933806066,240618000,BAC
2010-12-23,10.102394104003906,10.28804281723554,10.032775652116442,10.257101365030268,183718500,BAC
2010-12-27,10.264841079711914,10.365400286926137,10.025044174494196,10.04051453802611,116011000,BAC
2010-12-28,10.318984985351562,10.43501525474568,10.318984985351562,10.349926439703491,119303600,BAC
2010-12-29,10.295783042907715,10.38087189070926,10.295783042907715,10.35766597543661,74986200,BAC
2010-12-30,10.272574424743652,10.365398805779282,10.257104063422348,10.303515885088862,88176300,BAC
2010-12-31,10.318984985351562,10.349926439703491,10.226160622295774,10.23389543260691,63036100,BAC
2011-01-03,10.976494789123535,11.007436253945835,10.674815691531778,10.713492706985333,354322300,BAC
2011-01-04,11.015167236328125,11.022902783751265,10.844989619233488,11.007431688904987,218978200,BAC
2011-01-05,11.216289520263672,11.293643536174104,10.945551202279729,10.976492661103388,246151200,BAC
2011-01-06,11.169879913330078,11.36326426647965,11.092526614691906,11.247233949671012,241658500,BAC
2011-01-07,11.022907257080078,11.35552855423578,10.814051818111789,11.247233059470442,392328700,BAC
2011-01-10,11.138936042785645,11.162142691302074,10.899139909736695,10.961022830375303,185382600,BAC
2011-01-11,11.363259315490723,11.394200769005305,11.239493501432387,11.301376408461554,212239400,BAC
2011-01-12,11.595327377319336,11.595327377319336,11.487032595439066,11.517974067076697,204060800,BAC
2011-01-13,11.425143241882324,11.618527515541517,11.386466239609994,11.61079196754656,158944400,BAC
2011-01-14,11.796442985534668,11.842855544821,11.355526991976237,11.401938813559966,282493800,BAC
2011-01-18,11.603055000305176,11.726820802276052,11.487024745383072,11.664937901290614,198400500,BAC
2011-01-19,11.115731239318848,11.564382827494633,11.100260876469344,11.487029537841757,247013200,BAC
2011-01-20,11.247230529785156,11.301377896137849,10.78310792826838,11.038375875494385,245219600,BAC
2011-01-21,11.022907257080078,11.378734468220244,10.999701343095614,11.146673115267491,291812600,BAC
2011-01-24,10.76763916015625,11.030641957383187,10.736697697994414,11.022906407417066,225424700,BAC
2011-01-25,10.543312072753906,10.705754913464371,10.365398134022179,10.659342357103144,303642100,BAC
2011-01-26,10.481430053710938,10.651608458006232,10.481430053710938,10.6051958976702,145810300,BAC
2011-01-27,10.574254989624023,10.574254989624023,10.427282488960024,10.50463651433083,153086100,BAC
2011-01-28,10.520108222961426,10.875935432383134,10.504637121911363,10.698021458820929,226452500,BAC
2011-01-31,10.620668411254883,10.667080980994948,10.551050663198938,10.605198046476707,118000800,BAC
2011-02-01,11.069316864013672,11.115728679577101,10.728960107270163,10.752166015051877,211978400,BAC
2011-02-02,11.015167236328125,11.100256782577851,10.930078427780806,11.084785687731571,140312700,BAC
2011-02-03,11.162139892578125,11.193081345139365,10.945548986947022,10.953284534512939,145885300,BAC
2011-02-04,11.053848266601562,11.193085220182146,10.91461131302098,11.16214375690898,141015200,BAC
2011-02-07,11.347789764404297,11.42514377254179,11.162141030117303,11.2240239415463,149423500,BAC
2011-02-08,11.30138111114502,11.417412163383897,11.216292262998708,11.324587764214446,158426200,BAC
2011-02-09,11.324584007263184,11.363260274142473,11.146670081267938,11.185347085849731,150179100,BAC
2011-02-10,11.208553314208984,11.32458433127416,11.193082954555143,11.22402441156535,132240800,BAC
2011-02-11,11.425143241882324,11.502496508724526,11.100257603118683,11.115727961406138,156195600,BAC
2011-02-14,11.517970085144043,11.564381907703797,11.37873314205954,11.432880514280127,112571100,BAC
2011-02-15,11.425143241882324,11.510232056719484,11.36325959562512,11.44834914816474,109532300,BAC
2011-02-16,11.479287147521973,11.5102285924869,11.370991721293604,11.456081248223835,132821900,BAC
2011-02-17,11.456087112426758,11.533440395583971,11.394203453117326,11.409674552370339,103495400,BAC
2011-02-18,11.409676551818848,11.517972052459946,11.347793619367575,11.479295035252216,98369000,BAC
2011-02-22,10.968758583068848,11.231761369506158,10.899140111635134,11.123465887531202,187522800,BAC
2011-02-23,10.96102237701416,11.169877041105325,10.767638073591472,10.96102237701416,196355700,BAC
2011-02-24,10.806315422058105,10.953287172697687,10.66707848314501,10.91461016325487,201697200,BAC
2011-02-25,10.98422622680664,11.077050586516268,10.922343320333557,10.953284773570099,126869100,BAC
2011-02-28,11.053848266601562,11.200820032723431,10.953288326538106,11.038377903816318,137039100,BAC
2011-03-01,10.775373458862305,11.100259142686474,10.759902360726601,11.077052495482917,161263900,BAC
2011-03-02,10.705705642700195,10.891487777051644,10.690224167287198,10.775374127640132,115609400,BAC
2011-03-03,11.046302795410156,11.061784264985643,10.876002200685988,10.876002200685988,139513500,BAC
2011-03-04,10.930190086364746,11.077268129607829,10.821816830197864,11.069527024546105,146184700,BAC
2011-03-07,10.860527992248535,11.046310931619745,10.775378001284995,10.976642421634647,139010300,BAC
2011-03-08,11.371423721313477,11.379164827043482,10.992118399332938,11.046305401210498,250033200,BAC
2011-03-09,11.294013977050781,11.371422813473453,11.2088632972837,11.348200236369893,148290400,BAC
2011-03-10,11.038567543029785,11.19338601201514,11.038567543029785,11.162422318218068,155462700,BAC
2011-03-11,11.131455421447754,11.17016021211532,10.914709627234854,10.922449994782383,111555000,BAC
2011-03-14,11.015339851379395,11.10823163417132,10.891485125300024,11.038563166193574,112139700,BAC
2011-03-15,10.8063383102417,10.883747905539847,10.612815060228941,10.659260965054353,167837200,BAC
2011-03-16,10.597331047058105,10.91470974332175,10.574108467703565,10.845041267025644,178630900,BAC
2011-03-17,10.821818351745605,10.868264250413823,10.643777339687889,10.752150611092052,131745300,BAC
2011-03-18,10.868266105651855,11.061789363044682,10.821820199055216,10.992120872266042,199209100,BAC
2011-03-21,10.876007080078125,11.007602952554057,10.759892684123262,10.992120737800358,114391500,BAC
2011-03-22,10.74441146850586,10.8760073441773,10.74441146850586,10.868266236612474,86286500,BAC
2011-03-23,10.566368103027344,10.636036584210398,10.34962229130537,10.62055510963224,230626600,BAC
2011-03-24,10.434774398803711,10.519925110356246,10.310919623708415,10.496702524584052,170761100,BAC
2011-03-25,10.326397895812988,10.473475200508133,10.310915685722756,10.442511518560082,115322600,BAC
2011-03-28,10.349625587463379,10.496703703076406,10.349625587463379,10.388330393584322,78640400,BAC
2011-03-29,10.334137916564941,10.38058306549763,10.187059889069316,10.38058306549763,117737500,BAC
2011-03-30,10.41154956817627,10.496700261369291,10.272213345352972,10.372844774746035,121082200,BAC
2011-03-31,10.318659782409668,10.3651056879138,10.287696091484454,10.334141996988587,86180900,BAC
2011-04-01,10.349625587463379,10.535407770964575,10.334144107954666,10.411552981963778,95017100,BAC
2011-04-04,10.403807640075684,10.519922011194833,10.372843955423738,10.372843955423738,71113900,BAC
2011-04-05,10.427029609680176,10.450252185609799,10.349620038938262,10.396065929029886,64968800,BAC
2011-04-06,10.620555877685547,10.66700104301136,10.473477798277752,10.527664808801326,136151600,BAC
2011-04-07,10.53540325164795,10.744408672105417,10.48121698926229,10.674740198619595,119206000,BAC
2011-04-08,10.434774398803711,10.620557299679348,10.411551813031517,10.55088880413007,87592400,BAC
2011-04-11,10.442513465881348,10.519923054303034,10.396068303414374,10.450254572370026,63348300,BAC
2011-04-12,10.427029609680176,10.512179546910376,10.303174887079019,10.372842614867885,100372600,BAC
2011-04-13,10.272212982177734,10.558627262263206,10.225767084057047,10.53540394408661,124630800,BAC
2011-04-14,10.163844108581543,10.26447631617932,10.117398190369943,10.18706669857093,115624900,BAC
2011-04-15,9.923869132995605,10.318656625171949,9.923869132995605,10.23350668573941,266336200,BAC
2011-04-18,9.614237785339355,9.753574800215606,9.474900770463103,9.745833690892967,262012500,BAC
2011-04-19,9.55230712890625,9.699384464703849,9.405229054876084,9.699384464703849,182612900,BAC
2011-04-20,9.49811840057373,9.660677169434356,9.451672510733284,9.621973122505088,179989100,BAC
2011-04-21,9.529083251953125,9.598750987925731,9.474896250775588,9.54456472498066,100820900,BAC
2011-04-25,9.629718780517578,9.753574308740381,9.536827688025062,9.544568796957632,112414300,BAC
2011-04-26,9.467156410217285,9.69938444252207,9.467156410217285,9.668420754096935,146800000,BAC
2011-04-27,9.544567108154297,9.598753384629088,9.467157508990898,9.474898616553768,118705100,BAC
2011-04-28,9.614237785339355,9.637460375074458,9.482641879785744,9.529087797488767,92414200,BAC
2011-04-29,9.505861282348633,9.61423456183121,9.505861282348633,9.59101197988229,87169300,BAC
2011-05-02,9.55230712890625,9.652939301076215,9.544566022224123,9.56778860403794,89940100,BAC
2011-05-03,9.753572463989258,9.838722431444284,9.544566991736957,9.560049206673856,145530300,BAC
2011-05-04,9.668421745300293,9.815499834072497,9.61423546955929,9.784536142472977,99234300,BAC
2011-05-05,9.521345138549805,9.652941022685946,9.443935534387593,9.60649511254208,130921200,BAC
2011-05-06,9.529083251953125,9.637455777843268,9.505859935063123,9.606492093555731,111324100,BAC
2011-05-09,9.428452491760254,9.536825033722737,9.374265482546438,9.505861344843089,110668200,BAC
2011-05-10,9.505861282348633,9.575529766427964,9.428452429774707,9.451675011723628,91577700,BAC
2011-05-11,9.482638359069824,9.62197532221302,9.467156146172783,9.505860940182842,150517800,BAC
2011-05-12,9.443934440612793,9.498121452543606,9.358784476482393,9.443934440612793,111941900,BAC
2011-05-13,9.234928131103516,9.45167392696031,9.219445919426073,9.443932821121589,159056700,BAC
2011-05-16,9.180742263793945,9.374265504298956,9.149778574842447,9.203965584182,123646400,BAC
2011-05-17,9.21170711517334,9.242670808032155,9.134298252142635,9.142039359915506,145394700,BAC
2011-05-18,9.126556396484375,9.211706360310247,9.080110491885877,9.211706360310247,152963400,BAC
2011-05-19,9.04914379119873,9.203962929535194,9.041403424867799,9.196221824971898,121082700,BAC
2011-05-20,8.963994979858398,9.118813399378004,8.925290190420384,9.010440874830508,115821500,BAC
2011-05-23,8.840141296386719,8.917550884475954,8.809177608797533,8.878846090431336,122134100,BAC
2011-05-24,8.871105194091797,8.909809989053153,8.739509334162719,8.863364087453013,129513400,BAC
2011-05-25,8.809174537658691,8.96399292163035,8.785951964621015,8.785951964621015,103583400,BAC
2011-05-26,8.871105194091797,8.948514784014511,8.809177817446649,8.816918924085433,124072200,BAC
2011-05-27,9.04914379119873,9.118812255803666,8.933030175678747,8.95625275113627,107370400,BAC
2011-05-31,9.095590591430664,9.227186429258895,8.994958436724817,9.188481640797809,106228200,BAC
2011-06-01,8.70821762084961,9.095593857423292,8.700469918791368,9.072351490110101,176331800,BAC
2011-06-02,8.746955871582031,8.847673787273564,8.584257813751336,8.746955871582031,198074000,BAC
2011-06-03,8.739205360412598,8.870913304844194,8.64623517708347,8.67722523819318,115786700,BAC
2011-06-06,8.3905668258667,8.677225070300382,8.328586704846515,8.661730409475998,213289400,BAC
2011-06-07,8.25110912322998,8.561010389787018,8.212372111413847,8.491282586340157,160224800,BAC
2011-06-08,8.165889739990234,8.359577827503154,8.134899675542623,8.204627505265101,159384200,BAC
2011-06-09,8.25110912322998,8.328584624584524,8.134896610059302,8.196876715598483,129533300,BAC
2011-06-10,8.36732292175293,8.545515552101,8.065169333369155,8.227867305751005,210796300,BAC
2011-06-13,8.499032020568848,8.537769779160103,8.243363848272379,8.437051902367358,186095900,BAC
2011-06-14,8.36732292175293,8.615243360101962,8.328585168545596,8.615243360101962,173051000,BAC
2011-06-15,8.134899139404297,8.266607089341656,8.065171314277297,8.212374664847932,213408200,BAC
2011-06-16,8.212377548217773,8.282104658964627,8.057426442927092,8.096164219249761,200127400,BAC
2011-06-17,8.2743558883667,8.344083722752492,8.196880352635493,8.328588320061664,116367000,BAC
2011-06-20,8.212377548217773,8.258862288715676,8.158144365821384,8.204629845180914,88402500,BAC
2011-06-21,8.3905668258667,8.421556886376791,8.158141002610346,8.274354283669185,109392600,BAC
2011-06-22,8.359576225280762,8.47578875997029,8.351828525938453,8.359576225280762,102448600,BAC
2011-06-23,8.297598838806152,8.344084311295987,8.181386265873845,8.251113366316318,180604400,BAC
2011-06-24,8.150394439697266,8.344082512060474,8.127151339033501,8.313091711175455,122210200,BAC
2011-06-27,8.406062126159668,8.48353690708818,8.150393945259081,8.150393945259081,202814500,BAC
2011-06-28,8.382818222045898,8.460293734397064,8.34408120473156,8.4525460353897,113027000,BAC
2011-06-29,8.63074016571045,8.715962645588354,8.5222745867975,8.653982525884185,301628700,BAC
2011-06-30,8.491286277770996,8.661732011532465,8.39831607904514,8.653984310256611,255993900,BAC
2011-07-01,8.592004776000977,8.630742546215945,8.460296800586994,8.506781533755746,137487700,BAC
2011-07-05,8.522276878356934,8.576509312965342,8.452549040225264,8.568762350065217,110261100,BAC
2011-07-06,8.320839881896973,8.406063111426985,8.258859754345,8.390567710108291,145455700,BAC
2011-07-07,8.460294723510742,8.491284784302083,8.406062301841228,8.444799323684407,113940400,BAC
2011-07-08,8.289849281311035,8.367324805164765,8.220121457614948,8.328587043237901,129514100,BAC
2011-07-11,8.018689155578613,8.173639517178929,7.979951380463133,8.158144111588095,145323900,BAC
2011-07-12,7.910221099853516,8.057423713379075,7.9024733994412815,7.956706563465543,145156100,BAC
2011-07-13,7.902473449707031,8.026433701645749,7.863735686260836,7.956706614076257,164765500,BAC
2011-07-14,7.8017578125,8.00319364948153,7.794010848663477,7.979951280248767,148536100,BAC
2011-07-15,7.747523784637451,7.886979449196588,7.654553587885175,7.840493981389727,183416000,BAC
2011-07-18,7.5305914878845215,7.693289477213736,7.3833881581355225,7.654551719971302,226934200,BAC
2011-07-19,7.414378643035889,7.631309800538707,7.282670704145358,7.553834281593228,322430300,BAC
2011-07-20,7.631310939788818,7.747523496694671,7.460865215980339,7.484107579589226,249783800,BAC
2011-07-21,7.925715923309326,7.964453687298431,7.747523243365391,7.7707656062142965,238464700,BAC
2011-07-22,7.848235607147217,7.956701122158626,7.786255523958089,7.948953427044767,138441500,BAC
2011-07-25,7.755269527435303,7.80175424464268,7.654551655004307,7.724279469676632,130582700,BAC
2011-07-26,7.747523784637451,7.817251616917019,7.677795952357883,7.724281420164743,121168700,BAC
2011-07-27,7.499602317810059,7.701037349370198,7.499602317810058,7.685542687955427,151491700,BAC
2011-07-28,7.584822654724121,7.631308103526467,7.507347153007258,7.530590246839003,113623300,BAC
2011-07-29,7.522842884063721,7.708783209835105,7.43762041946713,7.468610473762361,187926700,BAC
2011-08-01,7.600321292877197,7.786261689685693,7.515098056860544,7.778513988436641,159616700,BAC
2011-08-02,7.352401256561279,7.639059601042102,7.3369065903290736,7.5615847921579125,173972600,BAC
2011-08-03,7.391134262084961,7.429872010966403,7.220688610323279,7.352396513203519,175691200,BAC
2011-08-04,6.841060161590576,7.329154014584673,6.7945754549403325,7.259426215748217,305309300,BAC
2011-08-05,6.32972526550293,7.011507261342135,6.221259696098541,6.949527147071412,546781600,BAC
2011-08-08,5.043638229370117,5.965593247117714,4.88868752992233,5.7331677520921245,682052900,BAC
2011-08-09,5.888117790222168,5.934602886922917,5.175345568615933,5.438761486017553,496094500,BAC
2011-08-10,5.245072841644287,5.8803698346490245,5.221830111045658,5.833884742882435,493986500,BAC
2011-08-11,5.616954803466797,5.748662768312176,5.392276640882583,5.50074187157789,344079000,BAC
2011-08-12,5.570469379425049,5.9733405822067285,5.523984283269167,5.802894860204458,298997800,BAC
2011-08-15,6.012077331542969,6.074057449281656,5.6944286739862315,5.779651520592248,268370400,BAC
2011-08-16,5.733166694641113,5.934602086509643,5.686681604209914,5.895864695865639,275997300,BAC
2011-08-17,5.7796525955200195,5.88037049029271,5.73316749857048,5.7796525955200195,159346200,BAC
2011-08-18,5.4310150146484375,5.492995153397679,5.252821931028984,5.462005084023058,335205500,BAC
2011-08-19,5.400022029876709,5.516234919955643,5.229576728676706,5.2683144818465495,289217900,BAC
2011-08-22,4.973908424377441,5.593709868173117,4.973908424377441,5.57821484131399,398777800,BAC
2011-08-23,4.880939483642578,4.989404698776885,4.656261353291891,4.935171906494395,563788800,BAC
2011-08-24,5.415517330169678,5.462002784088328,4.896433702004615,4.927423758329973,602753000,BAC
2011-08-25,5.926855564117432,6.817820842417428,5.71767244394532,6.422696965741934,859643400,BAC
2011-08-26,6.012077331542969,6.182522655324359,5.771903821159591,5.903611756069623,424194600,BAC
2011-08-29,6.500173091888428,6.515667756133132,6.167029313720182,6.275494918879061,363420500,BAC
2011-08-30,6.290988445281982,6.50017191621194,6.236756021942225,6.4226963924168405,297220400,BAC
2011-08-31,6.337531566619873,6.430616395949083,6.290988782069036,6.4228591418951995,282263500,BAC
2011-09-01,6.1358466148376465,6.345288008861927,6.1358466148376465,6.345288008861927,243549600,BAC
2011-09-02,5.623880863189697,5.779022256288703,5.561824305950094,5.670423281119398,305988600,BAC
2011-09-06,5.422194480895996,5.484251382827123,5.27481040223213,5.360137948850977,283101800,BAC
2011-09-07,5.8022918701171875,5.8333201392178555,5.507522943774691,5.608365003294937,257251800,BAC
2011-09-08,5.58509635925293,5.7712664351674015,5.58509635925293,5.724724008660365,204593600,BAC
2011-09-09,5.414438724517822,5.592851476166586,5.398924588282546,5.515280794990207,255828800,BAC
2011-09-12,5.468738079071045,5.507523232537337,5.282568084819888,5.313596355547387,286856000,BAC
2011-09-13,5.429952621459961,5.569579841424196,5.406681233189504,5.499766416385163,220657500,BAC
2011-09-14,5.468738079071045,5.530794620526042,5.367896014263592,5.499766349798543,212940200,BAC
2011-09-15,5.685935974121094,5.693693226745992,5.530794620484758,5.56957977395076,230299700,BAC
2011-09-16,5.608365535736084,5.7324786239216765,5.492009330619,5.724721740853167,240523700,BAC
2011-09-19,5.422194480895996,5.484251382827123,5.383409333310913,5.476494131378442,199254700,BAC
2011-09-20,5.352383136749268,5.4764962488267575,5.352383136749268,5.460982109817071,142828700,BAC
2011-09-21,4.9490156173706055,5.406682946078771,4.933501476903994,5.3911688056121605,381953600,BAC
2011-09-22,4.700786590576172,4.871442418123565,4.654244193032182,4.840413783208143,384622500,BAC
2011-09-23,4.89471435546875,4.956770897235998,4.708544730167007,4.724058865608819,503374000,BAC
2011-09-26,5.119670867919922,5.119670867919922,4.894715659154735,5.026586030476313,228406400,BAC
2011-09-27,5.026586055755615,5.313597824259958,4.972286382030632,5.305840939377112,231598900,BAC
2011-09-28,4.7783589363098145,5.065371043759249,4.7783589363098145,5.049856905779785,222449300,BAC
2011-09-29,4.9257426261901855,5.003313303396691,4.770601271777174,4.964528149736521,224013100,BAC
2011-09-30,4.747330665588379,4.902472415440411,4.739573781533202,4.793873079578121,175213100,BAC
2011-10-03,4.289661884307861,4.793871374838893,4.281904633124999,4.716300712440741,369335100,BAC
2011-10-04,4.468075752258301,4.468075752258301,3.9793798975013885,4.250877471293165,448300000,BAC
2011-10-05,4.475832462310791,4.522374870026074,4.274148695544563,4.429290054595508,291785700,BAC
2011-10-06,4.871443271636963,4.894714289543167,4.382747456972749,4.475832268369887,336087400,BAC
2011-10-07,4.576675891876221,4.91023009798776,4.56116175135676,4.902473212671173,285598300,BAC
2011-10-10,4.871443271636963,4.87920015431031,4.747329819887952,4.762843955120808,225326600,BAC
2011-10-11,4.941258907318115,5.018829618208838,4.755089201180381,4.793874371682579,204431100,BAC
2011-10-12,5.104156017303467,5.228269116605174,4.917986368350906,5.049856721302076,284617700,BAC
2011-10-13,4.824902057647705,4.995557970328634,4.786116891955698,4.995557970328634,230115400,BAC
2011-10-14,4.801630020141602,4.933500369449144,4.747330355754318,4.894714842045913,203564500,BAC
2011-10-17,4.677516937255859,4.871443835038029,4.677516937255859,4.793872780016199,175512200,BAC
2011-10-18,5.150698184967041,5.267054394980466,4.778358534855798,4.863686471517135,496883800,BAC
2011-10-19,4.964527606964111,5.321353052988434,4.94125622140334,5.181725479396058,318554300,BAC
2011-10-20,5.01882791519165,5.026585168591651,4.793872744998457,4.9877996413640515,254971700,BAC
2011-10-21,5.011072158813477,5.15845667758873,4.949015597199956,5.11191425637859,252586400,BAC
2011-10-24,5.212753772735596,5.228267906557667,5.034341048838712,5.111912087835195,217032400,BAC
2011-10-25,5.011072158813477,5.17397081799211,5.011072158813477,5.15845667758873,200837500,BAC
2011-10-26,5.111912250518799,5.166211535681028,4.995556058207233,5.10415499841783,208197400,BAC
2011-10-27,5.600608825683594,5.608366079390242,5.352382625250283,5.515281254227751,408959900,BAC
2011-10-28,5.701450347900391,5.763506891949923,5.468738307714644,5.492009326790129,273167300,BAC
2011-10-31,5.2980828285217285,5.554066276359285,5.290325944892272,5.499766981294474,252026900,BAC
2011-11-01,4.964527606964111,5.181725479396058,4.902471071983555,4.949013473218972,371823200,BAC
2011-11-02,5.212753772735596,5.228267906557667,5.096397954013124,5.212753772735596,216830700,BAC
2011-11-03,5.360138893127441,5.414438553175663,5.104155468403001,5.360138893127441,244340400,BAC
2011-11-04,5.034340858459473,5.236024960405616,5.003312591988698,5.220510827170229,266446300,BAC
2011-11-07,5.00331449508667,5.111913838928147,4.886958636506343,4.995557610461566,192433500,BAC
2011-11-08,5.065371036529541,5.111913450401506,4.964528954863838,5.0731279205650885,219000600,BAC
2011-11-09,4.7783589363098145,4.933500685990687,4.770602052263195,4.894715156098912,265539000,BAC
2011-11-10,4.677516937255859,4.9102289926627405,4.662002800228734,4.90247210909228,324988000,BAC
2011-11-11,4.817144870758057,4.879201427887588,4.747331059044206,4.747331059044206,210025900,BAC
2011-11-14,4.69303035736084,4.8016292999608,4.66975897043206,4.77835791303202,225481700,BAC
2011-11-15,4.7550883293151855,4.840415910706651,4.654246238703899,4.662003493313809,268228500,BAC
2011-11-16,4.576675891876221,4.724060411754237,4.576675891876221,4.724060411754237,292502400,BAC
2011-11-17,4.499106407165527,4.67751925637797,4.491349149862802,4.638733709637114,285881900,BAC
2011-11-18,4.4835896492004395,4.5689172104792055,4.460318260742303,4.54564619190724,227038600,BAC
2011-11-21,4.258636474609375,4.406021029726053,4.250879587438169,4.390506885497264,269658300,BAC
2011-11-22,4.165550708770752,4.3362066282831595,4.126765541526146,4.281906950277158,270959000,BAC
2011-11-23,3.987138032913208,4.119008419566191,3.979381147167548,4.111251533820531,264978500,BAC
2011-11-25,4.010406970977783,4.134520025899994,3.9716214563715524,4.002649720102105,138425100,BAC
2011-11-28,4.072465419769287,4.289663738240268,3.9871374693107318,4.266392344520206,345537900,BAC
2011-11-29,3.94059419631958,4.095735924373385,3.9018090417207594,4.025922128254864,333749700,BAC
2011-11-30,4.228172302246094,4.228172302246094,4.0260903620305415,4.197082829999969,436268200,BAC
2011-12-01,4.298123836517334,4.375847517791046,4.11158663084468,4.173765575863649,315495500,BAC
2011-12-02,4.383620738983154,4.570157988841923,4.360303814385704,4.406938034196438,283132900,BAC
2011-12-05,4.500205993652344,4.624563899878822,4.453571778817414,4.554612762934325,293977700,BAC
2011-12-06,4.492433547973633,4.601246709579482,4.430254227868803,4.461343702613331,254787200,BAC
2011-12-07,4.577929496765137,4.601246788531517,4.430254303886805,4.4535715956531865,244700100,BAC
2011-12-08,4.3447585105896,4.570157395730647,4.298124296831015,4.5390679198915915,286031100,BAC
2011-12-09,4.445801734924316,4.546842776099325,4.375850558478238,4.406940052591162,293654100,BAC
2011-12-12,4.235945224761963,4.352530951353242,4.197083562975409,4.344758767242255,191824000,BAC
2011-12-13,4.1349053382873535,4.352531720472235,4.057181259748308,4.321442237302966,227194200,BAC
2011-12-14,4.064952850341797,4.173766015588956,4.041635558195227,4.07272503398013,226723100,BAC
2011-12-15,4.08827018737793,4.173766061417272,4.049408156912199,4.142676585291004,196092100,BAC
2011-12-16,4.041635036468506,4.212627501828176,4.010545564696882,4.12713126914834,227111300,BAC
2011-12-19,3.878415107727051,4.0571797549551265,3.824008717667899,4.0416350191359784,344317700,BAC
2011-12-20,4.018317699432373,4.057179349791521,3.9172767413903298,3.971683496631976,239246100,BAC
2011-12-21,4.064952850341797,4.080497588234248,3.9639118687329695,4.026090820302776,203711800,BAC
2011-12-22,4.251489639282227,4.282579485201967,4.049408049806486,4.088270079244326,303085900,BAC
2011-12-23,4.352529048919678,4.375846332292577,4.251488105329857,4.305894852789525,190712000,BAC
2011-12-27,4.25926399230957,4.3369877133959625,4.243719248092292,4.313670782378013,158575400,BAC
2011-12-28,4.1115875244140625,4.243717996603099,4.096042784780989,4.235945441478648,146104500,BAC
2011-12-29,4.243716716766357,4.259261451711389,4.103814102261078,4.111586284425735,168098500,BAC
2011-12-30,4.32144021987915,4.336984954206871,4.17376505845795,4.1893097927856715,176441000,BAC
2012-01-03,4.507979393005371,4.577930543060431,4.46134479881418,4.469117354718,246293200,BAC
2012-01-04,4.515749931335449,4.5701566909716815,4.3680747585648705,4.4380262537234945,243711200,BAC
2012-01-05,4.904369354248047,4.935458829503519,4.438026854800178,4.469116330055651,547780000,BAC
2012-01-06,4.803328514099121,4.89659731319471,4.710060085619322,4.826645806526966,299630600,BAC
2012-01-09,4.873279571533203,4.9510032547682306,4.811100624945181,4.865507388517578,240614400,BAC
2012-01-10,5.153085231781006,5.1764021515793175,5.005410047467248,5.005410047467248,354292100,BAC
2012-01-11,5.339622497558594,5.362939789828258,5.067589397696709,5.129768349594764,354039600,BAC
2012-01-12,5.27744197845459,5.456206597382882,5.176401026317799,5.4328893120375925,362099600,BAC
2012-01-13,5.137541770935059,5.199720733326842,4.982093994339751,5.044272956731534,337048400,BAC
2012-01-17,5.036498546600342,5.300759390630038,5.00540907913987,5.153084234884954,294196500,BAC
2012-01-18,5.285214900970459,5.285214900970459,5.020954044737225,5.052043513633405,302497700,BAC
2012-01-19,5.409572124481201,5.666060397265245,5.2463522471430535,5.603881466967981,491008100,BAC
2012-01-20,5.4950690269470215,5.502841208899451,5.308531842084551,5.401800249207934,236630700,BAC
2012-01-23,5.634973526000977,5.72824196438009,5.52616034789201,5.541705087621862,339942200,BAC
2012-01-24,5.666062831878662,5.712697049639561,5.4872981451539715,5.526160178595963,228810300,BAC
2012-01-25,5.712695598602295,5.7282403339075305,5.557248245549933,5.596109898505161,249340100,BAC
2012-01-26,5.673834800720215,5.829282177199215,5.619428033644675,5.7904201477715755,265938800,BAC
2012-01-27,5.666062831878662,5.712697049639561,5.5961113199294035,5.603883874864129,230914000,BAC
2012-01-30,5.4950690269470215,5.557247965029277,5.45620700533776,5.541703230508713,231240100,BAC
2012-01-31,5.541702747344971,5.588336946840772,5.479523814683902,5.572792213675505,212736300,BAC
2012-02-01,5.7204670906066895,5.782646020295514,5.603881412132316,5.634970876976728,318811000,BAC
2012-02-02,5.790419101715088,5.8215085713944825,5.697150692676904,5.774874366875391,232425400,BAC
2012-02-03,6.093542575836182,6.132404231382798,5.930322658939445,5.953639578144265,364195700,BAC
2012-02-06,6.194583415985107,6.194583415985107,6.039136046563758,6.054680783505893,236316000,BAC
2012-02-07,6.101315021514893,6.210128180594622,6.0624533642943,6.179038706571842,253694200,BAC
2012-02-08,6.318944454193115,6.334488827338642,6.163496645962668,6.1868139469128085,436439700,BAC
2012-02-09,6.357802867889404,6.489933299708483,6.295623928354712,6.458843829941136,480206700,BAC
2012-02-10,6.272307395935059,6.311169425427524,6.2023562617107135,6.256763028877009,254420800,BAC
2012-02-13,6.412211894989014,6.4588464894581685,6.381122412420154,6.427757006889309,308490200,BAC
2012-02-14,6.202354431152344,6.3500295807768845,6.179037146215555,6.334484477075244,384682800,BAC
2012-02-15,6.046910285949707,6.311170887629989,6.039137730004119,6.225674995923713,372981400,BAC
2012-02-16,6.287853240966797,6.3189427199571835,5.953640785896405,5.9925028199423,337131800,BAC
2012-02-17,6.233445167541504,6.280079002913865,6.155721120278969,6.248989532255141,355445600,BAC
2012-02-21,6.303397178649902,6.373348686901014,6.2179013025827645,6.241218224922603,333407700,BAC
2012-02-22,6.1790385246276855,6.318941524226462,6.1790385246276855,6.264535131596496,228867800,BAC
2012-02-23,6.233445167541504,6.256762085227685,6.140176384949607,6.194582773294512,144231800,BAC
2012-02-24,6.124632835388184,6.287852773254768,6.124632835388184,6.256763296576923,163128200,BAC
2012-02-27,6.248990058898926,6.256762612526514,5.961412245761778,6.0546806655982985,298930800,BAC
2012-02-28,6.311169147491455,6.334486067667462,6.2179007255559,6.25676275333693,193443200,BAC
2012-02-29,6.20222282409668,6.412335758637651,6.20222282409668,6.350080129302967,266720500,BAC
2012-03-01,6.318950176239014,6.357860116942085,6.2644767045419485,6.295604508675327,197850100,BAC
2012-03-02,6.326733589172363,6.388989209998653,6.30338791689889,6.31116931289302,143887500,BAC
2012-03-05,6.20222282409668,6.326734453838871,6.186658916763009,6.2956066391715275,196328300,BAC
2012-03-06,5.999892711639404,6.0621483480597425,5.960982753340262,6.054366579043632,262871200,BAC
2012-03-07,6.241132736206055,6.241132736206055,6.046583350794849,6.077711163403171,328331900,BAC
2012-03-08,6.27225923538208,6.318950573444442,6.22556715517428,6.280040630295515,160282000,BAC
2012-03-09,6.264477729797363,6.373424691021944,6.233349920569553,6.3189512104096535,195281400,BAC
2012-03-12,6.217785358428955,6.272259578677126,6.155529742841456,6.23334963339857,165298900,BAC
2012-03-13,6.60688591003418,6.61466805056159,6.2644798904316,6.280043429340651,385984100,BAC
2012-03-14,6.879255771636963,6.925947136484784,6.661361004006785,6.739180192801775,488077000,BAC
2012-03-15,7.190531253814697,7.1983133923538025,6.887035272245384,6.988200104671436,489593000,BAC
2012-03-16,7.626321792602539,7.626321792602539,7.260569424315897,7.322825051835459,582294100,BAC
2012-03-19,7.4162068367004395,7.859779011387226,7.400643304369484,7.610755814782841,669479900,BAC
2012-03-20,7.634103298187256,7.7586145428958435,7.462899965640169,7.494027776817315,451213900,BAC
2012-03-21,7.641885280609131,7.805306487362176,7.579629653478982,7.7508329991597,326573800,BAC
2012-03-22,7.470684051513672,7.602977469040688,7.408428412929871,7.517375409378647,264520500,BAC
2012-03-23,7.665231227874756,7.665231227874756,7.315042419035717,7.369516646047106,283110900,BAC
2012-03-26,7.727485179901123,7.8130864579116155,7.665229570048871,7.789740789753374,241605700,BAC
2012-03-27,7.470684051513672,7.704142325130051,7.455119770794846,7.680796646197564,250069600,BAC
2012-03-28,7.587411403656006,7.610757077097262,7.455118017246255,7.486245829216456,234021500,BAC
2012-03-29,7.4162068367004395,7.532936668837154,7.338387690754751,7.494026724791582,253625800,BAC
2012-03-30,7.447334289550781,7.501808505483711,7.2761317313199125,7.478462094878704,250234500,BAC
2012-04-02,7.532938480377197,7.610757645037034,7.322825177289808,7.423990759278666,179229000,BAC
2012-04-03,7.3850789070129395,7.5251544063881015,7.322823294434077,7.5251544063881015,190453400,BAC
2012-04-04,7.159402847290039,7.283914084994046,7.120492899971158,7.276132689246683,228560600,BAC
2012-04-05,7.1827497482299805,7.31504314647034,7.089366303968369,7.112712721643005,180868100,BAC
2012-04-09,6.949289321899414,7.034890599999789,6.871469438429684,7.034890599999789,211427600,BAC
2012-04-10,6.645791530609131,7.073799332218775,6.614663730972718,6.980415933309535,377220000,BAC
2012-04-11,6.894815921783447,6.933725868118619,6.785868962619567,6.832560304505374,252563700,BAC
2012-04-12,7.136057376861572,7.143839514973764,6.933726238817812,6.949290515042196,223979900,BAC
2012-04-13,6.754739761352539,7.066017783566568,6.754739761352539,7.066017783566568,282354600,BAC
2012-04-16,6.840340614318848,6.949288286515121,6.708047277418124,6.902596214960918,217284500,BAC
2012-04-17,6.941509246826172,7.003764875234383,6.9025992935346325,6.980419200117712,193424400,BAC
2012-04-18,6.941509246826172,7.003764875234383,6.879253618417962,6.910381432622067,160064100,BAC
2012-04-19,6.824779987335205,7.136058122910496,6.746960082368575,7.12827598398471,348804500,BAC
2012-04-20,6.505715847015381,6.832558103511263,6.482370183592892,6.832558103511263,277965300,BAC
2012-04-23,6.365643501281738,6.45902693198655,6.186658035821696,6.241132260341989,256073900,BAC
2012-04-24,6.3889875411987305,6.435679615695274,6.303386270457971,6.42011534348131,192443800,BAC
2012-04-25,6.42789888381958,6.497936639792089,6.357861127847071,6.459026692902305,164902400,BAC
2012-04-26,6.435678958892822,6.53684374937768,6.357859090055716,6.373422618535974,131586300,BAC
2012-04-27,6.420119285583496,6.490157069260463,6.373427182416918,6.490157069260463,120948200,BAC
2012-04-30,6.3111701011657715,6.412335683180579,6.256696611675348,6.396772147102873,137422300,BAC
2012-05-01,6.4668097496032715,6.536846773382102,6.2878242653357335,6.311169939928677,177953400,BAC
2012-05-02,6.350078582763672,6.404552059628287,6.318950775677398,6.38898852715788,136208900,BAC
2012-05-03,6.2255682945251465,6.365643818638546,6.155530532468447,6.365643818638546,204584500,BAC
2012-05-04,6.023237228393555,6.163312754403595,5.9921094161852775,6.147748848299456,194857200,BAC
2012-05-07,6.194441318511963,6.225569134498629,5.96098232753913,5.999892283058881,167662600,BAC
2012-05-08,6.06214714050293,6.147748809065797,5.984327610478864,6.124402764522182,180627900,BAC
2012-05-09,6.015453338623047,6.085491076918719,5.953197736170298,5.968761636783485,174742300,BAC
2012-05-10,5.992109775543213,6.178877031066448,5.968764100523318,6.155530984973739,156787300,BAC
2012-05-11,5.8753790855407715,6.0465820171250115,5.766431394368995,5.820905239954883,245533600,BAC
2012-05-14,5.71973991394043,5.852033279160549,5.71973991394043,5.735303817432636,170716800,BAC
2012-05-15,5.6808319091796875,5.875380942082104,5.641921954170072,5.735305400905752,201254900,BAC
2012-05-16,5.532973289489746,5.813123563359871,5.509627247797531,5.758650084532608,216226100,BAC
2012-05-17,5.431807041168213,5.641919905567114,5.392897100286947,5.525190453996014,241468300,BAC
2012-05-18,5.462935447692871,5.470717585156128,5.361769887106974,5.455153681302353,223783500,BAC
2012-05-21,5.315077304840088,5.532972294170525,5.229475662131057,5.470716688954022,229980800,BAC
2012-05-22,5.431807041168213,5.56410039487728,5.338423628340411,5.385115334754312,221551500,BAC
2012-05-23,5.579662799835205,5.579662799835205,5.330640061374823,5.369549991815463,194441500,BAC
2012-05-24,5.556319236755371,5.704176518640488,5.455154040579459,5.64970303710102,206041500,BAC
2012-05-25,5.564100742340088,5.641920257889538,5.501845129900529,5.501845129900529,108661200,BAC
2012-05-29,5.789779186248779,5.797560954502899,5.618575831784232,5.665267925600255,159872200,BAC
2012-05-30,5.610552787780762,5.77419394481849,5.532628515756187,5.711854527198829,206801500,BAC
2012-05-31,5.727437496185303,5.743022345459832,5.485872146644036,5.618343551263596,203267300,BAC
2012-06-01,5.470287799835205,5.602759216622744,5.407948397010988,5.548212053365478,240859000,BAC
2012-06-04,5.376778602600098,5.532627106965028,5.337816290722793,5.532627106965028,163821500,BAC
2012-06-05,5.532627582550049,5.5637972861023846,5.37677906478837,5.3845713048903665,147346700,BAC
2012-06-06,5.953418731689453,6.0547204502705485,5.5949667825349305,5.64172133613263,356852900,BAC
2012-06-07,5.781985759735107,6.156022585398009,5.750816055227548,6.085890564469907,276170400,BAC
2012-06-08,5.891078948974609,5.906663799174061,5.610551273812351,5.727437836094303,234555000,BAC
2012-06-11,5.672892093658447,6.054721179834237,5.672892093658447,6.015758861355309,204590700,BAC
2012-06-12,5.836530685424805,5.844323294839183,5.626135061673477,5.704059669528987,148255600,BAC
2012-06-13,5.844324111938477,5.930040969620434,5.727437555385283,5.766399864760388,162374500,BAC
2012-06-14,5.969003200531006,5.992380661618442,5.805362087635371,5.8599092491246285,157528300,BAC
2012-06-15,6.156021595001221,6.156021595001221,5.883286538652308,6.015757575711056,211751900,BAC
2012-06-18,6.046926975250244,6.163813149582053,6.023549517440631,6.054719213472057,140319900,BAC
2012-06-19,6.3196635246276855,6.397588159643269,6.124853051805319,6.1404379044939965,248771500,BAC
2012-06-20,6.343041896820068,6.40538131284063,6.249532772789226,6.358626379252979,213582800,BAC
2012-06-21,6.093682765960693,6.366417847818659,6.078097914756586,6.319662922634174,227157600,BAC
2012-06-22,6.187190055847168,6.241737204825713,6.070303520362886,6.2105671400007925,142219300,BAC
2012-06-25,5.922247886657715,6.031341824003858,5.891078190273102,6.031341824003858,151907200,BAC
2012-06-26,5.937835216522217,5.984589780639843,5.828741233581089,5.961212684367153,129776500,BAC
2012-06-27,6.054719924926758,6.093682235330317,5.9300411261507735,5.984587914829201,111335500,BAC
2012-06-28,6.031343936920166,6.039136549532293,5.867703159359928,5.9378348150079665,133125300,BAC
2012-06-29,6.374210357666016,6.389794837049701,6.194984014315598,6.233946327491282,258769800,BAC
2012-07-02,6.272910118103027,6.397588955114923,6.132646054892401,6.389796342015558,152974000,BAC
2012-07-03,6.280701160430908,6.327455341045142,6.2417388478228455,6.280701160430908,57653700,BAC
2012-07-05,6.093682765960693,6.280701351982148,6.093682765960693,6.257323517817743,120162000,BAC
2012-07-06,5.969003200531006,6.078097523509522,5.9612109612166195,5.992380661618442,116595200,BAC
2012-07-09,5.891078948974609,6.000172900370768,5.867701859461502,5.9456261104587576,87078300,BAC
2012-07-10,5.828739643096924,5.976795908188852,5.7664002412839315,5.961211057735604,101758300,BAC
2012-07-11,5.945626258850098,5.992380810615355,5.80536223198218,5.836531933159018,128619400,BAC
2012-07-12,5.828739643096924,5.883286805469364,5.789777331177731,5.867701955016116,107637000,BAC
2012-07-13,6.093682765960693,6.101475005776666,5.883287088919159,5.891079328735132,177154500,BAC
2012-07-16,6.0858917236328125,6.202778323585321,6.054722013188444,6.179400854965915,109439900,BAC
2012-07-17,6.17160701751709,6.179399257327426,6.0391355965919145,6.17160701751709,127266800,BAC
2012-07-18,5.867702007293701,6.179399019135689,5.844324545619478,6.140437078441514,254341100,BAC
2012-07-19,5.657306671142578,5.961211461343045,5.5482123390114,5.8910794437690255,260959200,BAC
2012-07-20,5.509250640869141,5.618344606276516,5.501458028982521,5.618344606276516,160463000,BAC
2012-07-23,5.524835586547852,5.571590143942078,5.376779302346706,5.40794900727619,168638000,BAC
2012-07-24,5.485873222351074,5.594967188664662,5.431326053408186,5.57938233633415,138286700,BAC
2012-07-25,5.509250640869141,5.579382289987788,5.46249608426598,5.540420345271247,117241300,BAC
2012-07-26,5.587172985076904,5.641719763281077,5.540418444513874,5.626134916426733,121121500,BAC
2012-07-27,5.696268558502197,5.766400575391361,5.5637971361880725,5.610551690256793,146210900,BAC
2012-07-30,5.672892093658447,5.750816359044097,5.657307240581317,5.672892093658447,74683800,BAC
2012-07-31,5.719647407531738,5.719647407531738,5.618345663378686,5.67289284213162,86093200,BAC
2012-08-01,5.626137733459473,5.735232087635973,5.6183454919167195,5.727439474520975,97187800,BAC
2012-08-02,5.594966888427734,5.657306665976699,5.532627482450939,5.548212333945139,112848000,BAC
2012-08-03,5.789776802062988,5.836531349149938,5.665098009831119,5.68847546916065,130250800,BAC
2012-08-06,5.953418731689453,5.984588434087919,5.797570219697122,5.805362459510658,112657000,BAC
2012-08-07,5.976796627044678,6.117060297994043,5.969004015094729,6.007966331700092,119572200,BAC
2012-08-08,5.976796627044678,6.054720888683214,5.898872365406141,5.9066646057839,73353500,BAC
2012-08-09,6.015758037567139,6.046928111025227,5.976796095995802,5.984588335681207,59676500,BAC
2012-08-10,6.031343936920166,6.046929162144419,5.945627427620093,5.969004522312033,50443800,BAC
2012-08-13,6.015758037567139,6.101474903539528,5.984588335681207,6.015758037567139,58341300,BAC
2012-08-14,6.062514781951904,6.156023915681399,6.031344699136471,6.062514781951904,104644000,BAC
2012-08-15,6.132643699645996,6.132643699645996,6.023549759158198,6.039134607799311,73559200,BAC
2012-08-16,6.179400444030762,6.202777911095546,6.10147617310187,6.148230735659205,78181200,BAC
2012-08-17,6.233947277069092,6.327456397047797,6.187192717079739,6.210569811288309,138307600,BAC
2012-08-20,6.350833415985107,6.382003122275246,6.218362350038119,6.218362350038119,100276900,BAC
2012-08-21,6.3820013999938965,6.545642499642161,6.358624312371063,6.428756318383779,190820700,BAC
2012-08-22,6.405381679534912,6.48330558244936,6.327457033475962,6.343042259945553,140333800,BAC
2012-08-23,6.350833415985107,6.444343277999942,6.327456322053607,6.405380959351164,98866200,BAC
2012-08-24,6.358625888824463,6.39758820661834,6.2573241598181415,6.327456183218241,88822200,BAC
2012-08-27,6.288494110107422,6.389795843055357,6.272909628270125,6.389795843055357,96142100,BAC
2012-08-28,6.202777862548828,6.319664082241227,6.194985249730812,6.265117278804036,96280400,BAC
2012-08-29,6.233947277069092,6.311871915290226,6.218362423739308,6.218362423739308,106910900,BAC
2012-08-30,6.163815021514893,6.19498472701247,6.101475610519739,6.19498472701247,91900100,BAC
2012-08-31,6.226153373718262,6.249531206224213,6.140436883962588,6.2339459845535785,91730500,BAC
2012-09-04,6.233947277069092,6.3196637845967985,6.194984957958525,6.233947277069092,81461800,BAC
2012-09-05,6.202739238739014,6.257355060071867,6.187134877802761,6.233947960611521,55769500,BAC
2012-09-06,6.514827728271484,6.5148277282714835,6.265157189030602,6.2729595561482165,200570300,BAC
2012-09-07,6.865923881530762,6.865923881530762,6.592847071804329,6.608451801079871,232843000,BAC
2012-09-10,6.694275379180908,6.9595498163167715,6.655264301236031,6.897132389234736,190045600,BAC
2012-09-11,7.045375823974609,7.060980557724721,6.694277499418336,6.733288589718957,201630400,BAC
2012-09-12,6.998561859130859,7.170209435233744,6.920539692484438,7.139000717390081,204167100,BAC
2012-09-13,7.334055423736572,7.396472859711601,6.8737270194393725,6.9361444554144,330759200,BAC
2012-09-14,7.451087951660156,7.638340241426042,7.373065792220475,7.490099031379997,329619800,BAC
2012-09-17,7.256032943725586,7.404274146551447,7.232626594663485,7.326252734986306,141409300,BAC
2012-09-18,7.201419353485107,7.248232810091221,7.092189194861927,7.146804274173517,150503600,BAC
2012-09-19,7.248232841491699,7.380870101029868,7.224826485124568,7.2794415646727595,126360100,BAC
2012-09-20,7.170207977294922,7.2170214165789695,7.0843842066942715,7.131197645978319,111354300,BAC
2012-09-21,7.107794761657715,7.29504788556137,7.084388400197813,7.29504788556137,155865300,BAC
2012-09-24,7.0999908447265625,7.178012272425737,6.982957587065937,7.014166306960522,113331700,BAC
2012-09-25,6.96735143661499,7.185812408070718,6.951746709473838,7.154603697862757,146678000,BAC
2012-09-26,6.881526947021484,6.951746731227719,6.78790081610462,6.912735657327106,158640100,BAC
2012-09-27,6.998561859130859,7.076583281702755,6.943946044848554,6.975154762692217,119023800,BAC
2012-09-28,6.889329433441162,6.967351582633388,6.858120722579144,6.936142871771369,119039200,BAC
2012-10-01,6.990760803222656,7.123398064923646,6.9049369990939375,6.920540988901584,133194500,BAC
2012-10-02,6.96735143661499,7.107790260513643,6.928340362836454,7.099988641017411,109601600,BAC
2012-10-03,7.107794761657715,7.115597130169286,6.951751111800347,7.006366203231722,115670100,BAC
2012-10-04,7.34185791015625,7.349660275800249,7.139000867859537,7.178011952004988,160486300,BAC
2012-10-05,7.271636962890625,7.529109036017908,7.201417171296925,7.458889988498633,204255800,BAC
2012-10-08,7.240428447723389,7.3184506058711,7.123395954576266,7.1468023043908016,81944200,BAC
2012-10-09,7.185815334320068,7.3184525927358015,7.053178075904334,7.2794415030709425,153036100,BAC
2012-10-10,7.185815334320068,7.232628790732829,7.068782809400137,7.170210600824266,110640900,BAC
2012-10-11,7.287243843078613,7.349661288683491,7.256035120276175,7.326254932600323,122925800,BAC
2012-10-12,7.115596294403076,7.240431199626419,7.060981209386545,7.1468050207089115,158562500,BAC
2012-10-15,7.365262031555176,7.365262031555176,7.146801068232276,7.209218486324533,154458500,BAC
2012-10-16,7.380870342254639,7.4901012489956065,7.318452893852566,7.435485423587784,172663600,BAC
2012-10-17,7.365262031555176,7.490097611814006,7.256031921930884,7.349658049069269,229733500,BAC
2012-10-18,7.388671875,7.466693304655129,7.310649701270277,7.318452067458169,149739000,BAC
2012-10-19,7.365262031555176,7.451086539487767,7.326251703303252,7.349658049069269,169451300,BAC
2012-10-22,7.451087951660156,7.458890316419016,7.341857077259495,7.388670521738194,132617600,BAC
2012-10-23,7.302845478057861,7.3886699961513465,7.240428052575911,7.365262903539812,160627600,BAC
2012-10-24,7.26383638381958,7.404275243064454,7.2560340182852725,7.373066525001756,120868300,BAC
2012-10-25,7.209221363067627,7.34966098185291,7.154606286462068,7.310649893959819,121778900,BAC
2012-10-26,7.115596294403076,7.232629576106006,7.060981209386545,7.154607388304052,124687200,BAC
2012-10-31,7.271636962890625,7.295044056138142,7.138999744119064,7.1780108221238335,94925500,BAC
2012-11-01,7.599328517913818,7.607130882011686,7.232626334206819,7.287241394743097,205700000,BAC
2012-11-02,7.685154914855957,7.778781074710879,7.622737474952675,7.7007589027944885,220993300,BAC
2012-11-05,7.60713005065918,7.74756961277513,7.505701560694806,7.669547468471976,121104400,BAC
2012-11-06,7.755373001098633,7.778780096173784,7.60713178599509,7.6695492180465275,132533500,BAC
2012-11-07,7.201419353485107,7.544716051064205,7.19361773077963,7.5135073280183455,286124300,BAC
2012-11-08,7.326253414154053,7.490099360926651,7.318451049051907,7.404274832952034,223927000,BAC
2012-11-09,7.3574628829956055,7.4822977610998445,7.2326280048913665,7.25603435851727,141093100,BAC
2012-11-12,7.326253414154053,7.42768192825847,7.318451049051907,7.412077198054179,68498300,BAC
2012-11-13,7.279438018798828,7.451086284720707,7.240426947806452,7.263834036846452,119629700,BAC
2012-11-14,7.014166355133057,7.349660654359916,6.982957635024134,7.318451934250993,197392900,BAC
2012-11-15,7.092189788818359,7.1780135983633775,7.037574704932867,7.045376328291715,144569800,BAC
2012-11-16,7.115596294403076,7.185816114609889,6.959552662873898,7.115596294403076,178995000,BAC
2012-11-19,7.404273509979248,7.435482220737062,7.271636303239948,7.302845013997762,146244000,BAC
2012-11-20,7.513504981994629,7.5525160596397605,7.349659051144613,7.388670128789744,150696200,BAC
2012-11-21,7.622737407684326,7.630539029547457,7.513506516780224,7.544715236456457,132499300,BAC
2012-11-23,7.72416353225708,7.72416353225708,7.646142121834182,7.677350834818224,59048000,BAC
2012-11-26,7.677349090576172,7.700755433977836,7.607129316296937,7.661744365592234,99730900,BAC
2012-11-27,7.536910533905029,7.7631738674295825,7.536910533905029,7.716361174465517,149684000,BAC
2012-11-28,7.614932537078857,7.614932537078857,7.318449425635186,7.4588889900228,152946500,BAC
2012-11-29,7.66955041885376,7.708561506012422,7.614935343276392,7.677352785100412,125905400,BAC
2012-11-30,7.692956924438477,7.700759290838194,7.614935492665137,7.63053948138996,108739700,BAC
2012-12-03,7.646143436431885,7.755373578618709,7.630538705219746,7.747571957087177,99872800,BAC
2012-12-04,7.731966018676758,7.731966018676758,7.622735893544124,7.638339878245462,144124500,BAC
2012-12-05,8.169332504272461,8.247433495075612,7.771018791863635,7.786639287954765,463491000,BAC
2012-12-06,8.169332504272461,8.263053246340494,8.036561266802853,8.208382999674036,176607900,BAC
2012-12-07,8.30991268157959,8.34115292401753,8.184950967001697,8.24743219670371,192055100,BAC
2012-12-10,8.255241394042969,8.3021021283836,8.169330916715596,8.278672133626337,148065200,BAC
2012-12-11,8.208382606506348,8.364583835804627,8.200572358834881,8.309913591756782,159121300,BAC
2012-12-12,8.286479949951172,8.356770664752728,8.208379735036296,8.270860204898579,166819300,BAC
2012-12-13,8.231812477111816,8.32553321323823,8.208382479286763,8.270862970037706,106232100,BAC
2012-12-14,8.26305103302002,8.278671524927082,8.216191046950927,8.239621039985474,91707200,BAC
2012-12-17,8.591073989868164,8.591073989868164,8.30991183651895,8.317721337714664,170087700,BAC
2012-12-18,8.872238159179688,8.872238159179688,8.630126436100305,8.77851742010126,255238400,BAC
2012-12-19,8.739466667175293,8.973768880346936,8.723846916871159,8.903478141912823,193013700,BAC
2012-12-20,8.997199058532715,8.997199058532715,8.653555635488477,8.66917612963874,184449000,BAC
2012-12-21,8.8175687789917,8.864429525539634,8.68479753273656,8.747278031582942,244892300,BAC
2012-12-24,8.786328315734863,8.817568564397758,8.755088067071968,8.801948812479452,50657100,BAC
2012-12-26,9.01282024383545,9.083110989058483,8.801948752992626,8.817568504805369,146097900,BAC
2012-12-27,8.958146095275879,9.129967014544299,8.770703941342951,9.106537024612415,210411400,BAC
2012-12-28,8.872238159179688,8.973769146054542,8.801948163490536,8.840997912820212,131872200,BAC
2012-12-31,9.067488670349121,9.098728912523299,8.825376979705771,8.880047217304051,170837500,BAC
2013-01-02,9.395509719848633,9.489230427760289,9.293978766737846,9.411130210246897,236021400,BAC
2013-01-03,9.340843200683594,9.411133945723703,9.278362703942669,9.379893697353241,157149700,BAC
2013-01-04,9.457989692687988,9.457989692687988,9.317409010651991,9.348649244973982,132601900,BAC
2013-01-07,9.44237232208252,9.528282801862414,9.372081590978006,9.48923231293478,201403500,BAC
2013-01-08,9.356461524963379,9.450183000602186,9.286171535473514,9.442372753494592,168461100,BAC
2013-01-09,8.926905632019043,9.372079153464298,8.848804674476469,9.270548206589325,335692000,BAC
2013-01-10,9.200260162353516,9.223690903308066,9.012818703674002,9.067488942915656,199964900,BAC
2013-01-11,9.083106994628906,9.153397708940567,8.989386290488676,9.137777219170887,146136700,BAC
2013-01-14,8.958146095275879,9.08310703468053,8.887855380654274,9.067486544841973,110032900,BAC
2013-01-15,9.020625114440918,9.07529533043287,8.825373491811574,8.887853951466896,126058300,BAC
2013-01-16,9.200260162353516,9.208070409338365,8.958148464432346,9.044058946787255,164579300,BAC
2013-01-17,8.809755325317383,9.137778197334745,8.723844856865608,9.129967951613848,323622200,BAC
2013-01-18,8.70041561126709,8.848806568570058,8.60669488905057,8.79413633348361,179971800,BAC
2013-01-22,8.864426612854004,8.872236114024021,8.66136468591248,8.684794679074638,137242700,BAC
2013-01-23,8.919099807739258,8.934719560093598,8.770708063828376,8.887859558204278,121638200,BAC
2013-01-24,9.00500774383545,9.114348958489247,8.919097268281382,8.94252726255502,127870800,BAC
2013-01-25,9.075296401977539,9.1533973581812,8.989385946014247,9.12996662442455,100171600,BAC
2013-01-28,8.965957641601562,9.114349349630361,8.926907897745046,9.090919354351227,91304200,BAC
2013-01-29,8.973766326904297,9.04405704533752,8.903475608471075,8.919096099156675,96824100,BAC
2013-01-30,8.887858390808105,9.012819372534738,8.864428392940912,8.973768879538614,89130200,BAC
2013-01-31,8.840995788574219,8.872236027427533,8.762895563853958,8.840995788574219,97024700,BAC
2013-02-01,9.145587921142578,9.161207666866968,8.88004554039409,8.911285776668853,161141300,BAC
2013-02-04,8.965957641601562,9.129969098207743,8.95033789302418,9.044058618966837,139733000,BAC
2013-02-05,9.278360366821289,9.356460595661684,9.028438442810293,9.051868436979802,187785900,BAC
2013-02-06,9.317411422729492,9.348651665138911,9.161209465856263,9.161209465856263,173626800,BAC
2013-02-07,9.24711799621582,9.356458440370657,9.161206796007404,9.348648940663821,173209900,BAC
2013-02-08,9.184639930725098,9.293980403464564,9.153399689252948,9.262740161992415,145321100,BAC
2013-02-11,9.262742042541504,9.293982290356139,9.114351051628548,9.161211050937371,103510800,BAC
2013-02-12,9.56733512878418,9.637625873392349,9.200261654067226,9.270552398675395,232173900,BAC
2013-02-13,9.504851341247559,9.700103010961229,9.411130629164118,9.645432781785724,192742500,BAC
2013-02-14,9.473613739013672,9.582954972604435,9.426752997524426,9.442373492962913,144104800,BAC
2013-02-15,9.395509719848633,9.536091154129105,9.348649738305795,9.536091154129105,158242700,BAC
2013-02-19,9.520469665527344,9.614191108438456,9.418939467887785,9.450179700582856,170783400,BAC
2013-02-20,9.215880393981934,9.598573547431984,9.17682990499545,9.512663067522624,193466400,BAC
2013-02-21,8.919099807739258,9.161211555428778,8.864429557259617,9.161211555428778,235532400,BAC
2013-02-22,8.93471622467041,9.090918158859793,8.7941355266564,9.075297667510446,179268200,BAC
2013-02-25,8.614509582519531,9.067493718656088,8.575459071853992,9.059684212384212,206893900,BAC
2013-02-26,8.692604064941406,8.762894782298703,8.61450310236086,8.684793819718156,173039600,BAC
2013-02-27,8.833312034606934,8.880214158114276,8.676970380422773,8.716055234846953,147145400,BAC
2013-02-28,8.778595924377441,8.888035505268094,8.755144851863786,8.856767160084502,143546700,BAC
2013-03-01,8.864578247070312,9.028737131108489,8.61443166015333,8.700419363032134,189050700,BAC
2013-03-04,8.919301986694336,8.950570325344167,8.770777564481637,8.809863174167926,116436000,BAC
2013-03-05,9.028738021850586,9.153811327648349,9.01310348587801,9.036555289836873,135869700,BAC
2013-03-06,9.317973136901855,9.396144350177934,9.192899792056881,9.200717062483676,182557500,BAC
2013-03-07,9.583755493164062,9.599389290358078,9.36487636847963,9.380510911169672,212403800,BAC
2013-03-08,9.43523120880127,9.72446356636106,9.396146339384726,9.708829767693661,209777100,BAC
2013-03-11,9.49776554107666,9.552485686594068,9.396144011178434,9.443046141055168,106427800,BAC
2013-03-12,9.388330459594727,9.521221122707768,9.31015921817663,9.466500955516617,128134700,BAC
2013-03-13,9.427409172058105,9.466494018630232,9.364871777452246,9.411774637032725,86216800,BAC
2013-03-14,9.466497421264648,9.529034092853005,9.458680896438052,9.474314691587177,115440000,BAC
2013-03-15,9.826083183288574,9.89643712181742,9.654107717435723,9.786998324546678,319019100,BAC
2013-03-18,9.818264961242676,9.912069947896795,9.583752121859497,9.607203182149085,189783300,BAC
2013-03-19,9.935524940490723,10.115317716362629,9.841719916710241,9.998061623011044,242939600,BAC
2013-03-20,9.990245819091797,10.07623432931274,9.935526400221137,9.998063091929367,219121700,BAC
2013-03-21,9.826083183288574,10.037144998875114,9.810449388890994,9.935522726055213,154529400,BAC
2013-03-22,9.818264961242676,9.904252679301676,9.755727557977497,9.865167081821852,101974400,BAC
2013-03-25,9.693193435668945,9.943340877673743,9.630656761541736,9.912072540610138,154320200,BAC
2013-03-26,9.599386215209961,9.771362402227995,9.497763956767296,9.732276803519925,135654700,BAC
2013-03-27,9.560301780700684,9.599387384168375,9.474314049468468,9.489948589053897,107177200,BAC
2013-03-28,9.52121639251709,9.599386849603482,9.466496252511194,9.568118517669758,92013900,BAC
2013-04-01,9.49776554107666,9.5993878164708,9.458680681344687,9.49776554107666,86281600,BAC
2013-04-02,9.49776554107666,9.575936751532433,9.489949016427813,9.568119481387674,102626000,BAC
2013-04-03,9.23198413848877,9.489948063392312,9.161630205243105,9.474313524672903,199765800,BAC
2013-04-04,9.333606719970703,9.372692325719758,9.16163124746834,9.231985188717454,117831400,BAC
2013-04-05,9.357057571411133,9.388325903705493,9.099093643608708,9.122544706455516,141061900,BAC
2013-04-08,9.544668197631836,9.544668197631836,9.310155317136784,9.38050925583489,101419200,BAC
2013-04-09,9.57593822479248,9.654109447274912,9.544669884898713,9.57593822479248,132365800,BAC
2013-04-10,9.630654335021973,9.693190993392575,9.583752213991907,9.622837811847477,105853900,BAC
2013-04-11,9.591569900512695,9.63847202358602,9.505581432385256,9.62283823106018,100241900,BAC
2013-04-12,9.513397216796875,9.57593386813278,9.435226029879148,9.497762681215054,88191700,BAC
2013-04-15,9.364874839782715,9.630656058159811,9.35705831520967,9.529033783751162,176504300,BAC
2013-04-16,9.599386215209961,9.661922874944556,9.443044565873471,9.544666824316137,147641900,BAC
2013-04-17,9.145994186401367,9.396141546958981,8.95056695701033,9.310153088909667,335408600,BAC
2013-04-18,8.942753791809082,9.106912769632748,8.778594813985416,9.075644428404242,220290500,BAC
2013-04-19,9.114728927612305,9.138179994294251,8.934936173890756,9.036558456840488,119792000,BAC
2013-04-22,9.161628723144531,9.185079781934073,9.044371938205389,9.130360396259904,88532300,BAC
2013-04-23,9.43523120880127,9.505585166544805,9.302340565395948,9.317975109559443,176816000,BAC
2013-04-24,9.622840881347656,9.669743017338595,9.474315711218988,9.489950253546642,120624900,BAC
2013-04-25,9.72446346282959,9.802634691822622,9.6619267778336,9.685378593829162,118694600,BAC
2013-04-26,9.708828926086426,9.740097266206831,9.607206634321098,9.646292245845613,83093200,BAC
2013-04-29,9.677558898925781,9.755729362851715,9.669741628884417,9.732278298223525,65432400,BAC
2013-04-30,9.622840881347656,9.693194085334065,9.536852389537582,9.685377559666248,89362100,BAC
2013-05-01,9.489948272705078,9.591570540135129,9.443045401008188,9.536850398906115,88417800,BAC
2013-05-02,9.529031753540039,9.544666290346921,9.419592977874862,9.513397962228906,76530500,BAC
2013-05-03,9.568121910095215,9.701012554304546,9.544670839204187,9.661926939155432,94322600,BAC
2013-05-06,10.068412780761719,10.07623005027956,9.661923711784178,9.685375520337704,265062800,BAC
2013-05-07,10.0840482711792,10.24820723119821,9.97460946149718,10.099682812845762,218248100,BAC
2013-05-08,10.177857398986816,10.302930791733825,10.03714945939832,10.044966732819065,149755400,BAC
2013-05-09,10.091862678527832,10.209119471268442,10.060594349562823,10.201302202653249,112952300,BAC
2013-05-10,10.177857398986816,10.19349120033208,10.076235081005816,10.115319957117087,87625100,BAC
2013-05-13,10.146583557128906,10.240389303288238,10.12313249333701,10.146583557128906,94295600,BAC
2013-05-14,10.428001403808594,10.443635200985037,10.177854685017296,10.19348848219374,154128100,BAC
2013-05-15,10.506171226501465,10.592159714853802,10.388915145743164,10.388915145743164,139728300,BAC
2013-05-16,10.443632125854492,10.592157255525578,10.41236379521255,10.482717725530874,117977000,BAC
2013-05-17,10.498353004455566,10.56870693973868,10.467084671607056,10.553072400566496,107335600,BAC
2013-05-20,10.560892105102539,10.631246056606665,10.467087084929048,10.467087084929048,88941700,BAC
2013-05-21,10.506171226501465,10.599976985703282,10.443634550697574,10.576525173154838,111810300,BAC
2013-05-22,10.40455150604248,10.732868738651135,10.295111931508854,10.5452586784473,174531500,BAC
2013-05-23,10.326376914978027,10.490535850617938,10.02151010721937,10.107498582623434,190522000,BAC
2013-05-24,10.349827766418457,10.365462305442778,10.256022768760097,10.295108370825044,83452600,BAC
2013-05-28,10.435816764831543,10.560890101332074,10.404548430706411,10.545255561521563,133553000,BAC
2013-05-29,10.53744125366211,10.599978684987365,10.373283012482649,10.404551355397226,126397300,BAC
2013-05-30,10.811037063598633,10.889208273750999,10.498353713980993,10.553073113790104,153383400,BAC
2013-05-31,10.678143501281738,10.93610737976691,10.670326233328684,10.873570727133881,160176100,BAC
2013-06-03,10.592158317565918,10.732865446814992,10.326377107712503,10.701597113037877,197168200,BAC
2013-06-04,10.443632125854492,10.685962247451407,10.40454727167392,10.560888924883635,130055400,BAC
2013-06-05,10.24023723602295,10.521863045517916,10.146361966191293,10.396696019075709,185778900,BAC
2013-06-06,10.326286315917969,10.357578063242862,10.052483713338683,10.23241107394329,142361900,BAC
2013-06-07,10.4671049118042,10.474928039154943,10.287176713009538,10.42799002110497,121057300,BAC
2013-06-10,10.404520034790039,10.600093716849798,10.373228275502653,10.553155704891525,104648500,BAC
2013-06-11,10.26370620727539,10.388873237867694,10.22459132370171,10.255883081349785,106369100,BAC
2013-06-12,10.216764450073242,10.365400047011908,10.146357839819235,10.357576924527235,117289400,BAC
2013-06-13,10.334110260009766,10.373225133785958,10.146359761149046,10.169828386993096,103636400,BAC
2013-06-14,10.224587440490723,10.357577546500126,10.193295694726984,10.349754423545674,101380700,BAC
2013-06-17,10.334110260009766,10.373225133785958,10.271526760389527,10.302818510199646,115441500,BAC
2013-06-18,10.38105297088623,10.435813371402338,10.326291824315618,10.341938079351365,67257600,BAC
2013-06-19,10.318463325500488,10.482745187586056,10.302817824663542,10.396693067847565,103850000,BAC
2013-06-20,10.083778381347656,10.279352045288077,10.013371742960414,10.232414037678476,185741100,BAC
2013-06-21,9.927318572998047,10.169830237699385,9.692630779740732,10.162007112309661,196004700,BAC
2013-06-24,9.622223854064941,9.739567747165841,9.489233710654974,9.700452867447448,159762500,BAC
2013-06-25,9.911675453186035,9.989905233798053,9.723924874982568,9.864737435607928,132844500,BAC
2013-06-26,9.982078552246094,10.0524851805166,9.919495048462135,10.044662056030052,105282000,BAC
2013-06-27,10.177655220031738,10.193300727611454,9.997727033511172,10.044665048359192,124616300,BAC
2013-06-28,10.060311317443848,10.169832863009724,10.044665808679861,10.146364226836496,90297100,BAC
2013-07-01,10.115068435668945,10.248058564454471,10.107245311374692,10.130713938203257,83146300,BAC
2013-07-02,10.09160041809082,10.248059940771661,10.013371402804696,10.13071529876103,83708600,BAC
2013-07-03,10.03684139251709,10.044664518921822,9.958611620578562,10.029018266112358,37971700,BAC
2013-07-05,10.216764450073242,10.232409948988565,10.099419850965223,10.162003338734557,80758500,BAC
2013-07-08,10.388875961303711,10.459282620982522,10.232417132047768,10.255885769922523,107441200,BAC
2013-07-09,10.584446907043457,10.584446907043457,10.365404603561526,10.459279876482354,106067300,BAC
2013-07-10,10.459280014038086,10.58444704624533,10.41234274998755,10.568801540246605,104353400,BAC
2013-07-11,10.568800926208496,10.623561313104045,10.427987650129296,10.592269556870258,93756500,BAC
2013-07-12,10.780020713806152,10.795666965849403,10.537509775570657,10.592270165613312,123958400,BAC
2013-07-15,10.858255386352539,10.905192671574126,10.76438006985467,10.89737028807366,90765200,BAC
2013-07-16,10.889541625976562,10.967771389673377,10.772197726485658,10.897364751557108,146041900,BAC
2013-07-17,11.194636344909668,11.296333989022283,10.983416439319727,10.999062689831998,249674500,BAC
2013-07-18,11.546670913696289,11.617077561934773,11.265044320742353,11.265044320742353,221796400,BAC
2013-07-19,11.538846969604492,11.546670095755578,11.421503061555688,11.546670095755578,136196600,BAC
2013-07-22,11.671836853027344,11.726597242676949,11.46061692828569,11.53102356986624,112416800,BAC
2013-07-23,11.687480926513672,11.75788755946535,11.62489741856868,11.718772680486166,113736000,BAC
2013-07-24,11.507554054260254,11.734419467455556,11.484085424220547,11.734419467455556,117771100,BAC
2013-07-25,11.60142993927002,11.617076190833895,11.374564513974178,11.437148028121007,89243300,BAC
2013-07-26,11.523199081420898,11.546668456542347,11.437146944138387,11.499730452353717,73777800,BAC
2013-07-29,11.358919143676758,11.499731679156133,11.304158008605674,11.460616795835172,88616700,BAC
2013-07-30,11.358919143676758,11.444971290139394,11.311981134480735,11.405856406818433,71675200,BAC
2013-07-31,11.42150592803955,11.617079654574102,11.398036543696122,11.4058596718106,128182500,BAC
2013-08-01,11.695302963256836,11.710949211814311,11.59360458579583,11.617073958632044,108554200,BAC
2013-08-02,11.609251022338867,11.664011401068361,11.562313021960582,11.640542773906322,83367400,BAC
2013-08-05,11.577961921691895,11.609253680423993,11.499732151834461,11.554493289156415,61711900,BAC
2013-08-06,11.45279312133789,11.546668383063498,11.444969996347192,11.531022133082098,84249800,BAC
2013-08-07,11.366741180419922,11.398032936921355,11.147698884909886,11.2885121621935,128693600,BAC
2013-08-08,11.429325103759766,11.499731744929319,11.296334947340462,11.484086239144059,88544100,BAC
2013-08-09,11.304156303405762,11.429323314308272,11.265041425985169,11.390209182941913,72897900,BAC
2013-08-12,11.27286434173584,11.319802342981395,11.202457712894617,11.233749465040248,60867500,BAC
2013-08-13,11.351096153259277,11.437148300748811,11.21028287004517,11.31980439543996,75777900,BAC
2013-08-14,11.42150592803955,11.538849865538458,11.374567905407254,11.38239103352173,78553700,BAC
2013-08-15,11.202457427978516,11.319802055080826,11.194635049681724,11.31197893072983,99238900,BAC
2013-08-16,11.280689239501953,11.31980412234603,11.1164073284003,11.178990842529089,104959000,BAC
2013-08-19,11.06946849822998,11.249396647537209,11.053822993886119,11.241573522338138,98384600,BAC
2013-08-20,11.17899227142334,11.24939892033116,10.936480563635785,11.09294011501069,114332500,BAC
2013-08-21,11.218101501464844,11.327622236925636,11.108580019949995,11.155518010900375,91680600,BAC
2013-08-22,11.39803409576416,11.42150347506712,11.26504393059832,11.31980506958416,76348300,BAC
2013-08-23,11.39803409576416,11.4919093748128,11.351096829267041,11.4136803486328,67699200,BAC
2013-08-26,11.33544921875,11.499731123922652,11.33544921875,11.366740974685062,68938900,BAC
2013-08-27,11.038179397583008,11.272867987605295,11.030357016557351,11.155524065621382,122534200,BAC
2013-08-28,11.046000480651855,11.147698875711178,10.944302085592533,11.006885598543759,96473600,BAC
2013-08-29,11.085113525390625,11.186811903593334,11.045998649765862,11.061644898437446,76691500,BAC
2013-08-30,11.046000480651855,11.147698875711178,11.006885598543759,11.13205262444621,73233400,BAC
2013-09-03,11.147697448730469,11.24939583077171,11.092937068421426,11.186812325831596,74628700,BAC
2013-09-04,11.210326194763184,11.272953657012724,11.124213620814626,11.124213620814626,71132500,BAC
2013-09-05,11.249467849731445,11.390380004369089,11.241639230789756,11.280781578920012,71229200,BAC
2013-09-06,11.24163818359375,11.35123659883337,11.171182859416271,11.32775149077421,75513100,BAC
2013-09-09,11.335580825805664,11.343409445028747,11.249468254086395,11.280781984400512,53447300,BAC
2013-09-10,11.437350273132324,11.499977731773765,11.366894942094353,11.366894942094353,93180300,BAC
2013-09-11,11.46866512298584,11.492150982204686,11.366896052683916,11.39820978506411,81098900,BAC
2013-09-12,11.335580825805664,11.492150223954471,11.319924333937715,11.468664366285218,63355900,BAC
2013-09-13,11.343408584594727,11.390379549792115,11.312094856655856,11.319923475285115,56793400,BAC
2013-09-16,11.374724388122559,11.492151449254306,11.374724388122559,11.43735185542817,65276500,BAC
2013-09-17,11.390378952026367,11.445177786399013,11.272951918484535,11.37472171558954,73686100,BAC
2013-09-18,11.515637397766113,11.601749984910164,11.343411476899657,11.3747252128228,127092600,BAC
2013-09-19,11.437350273132324,11.609576157685384,11.413865162786333,11.586091047339393,79710700,BAC
2013-09-20,11.304266929626465,11.476492817116188,11.304266929626465,11.468664198007971,145174800,BAC
2013-09-23,11.069414138793945,11.210325547429445,11.030271790503674,11.202497675033948,127283100,BAC
2013-09-24,11.030271530151367,11.155526444461229,10.967644072996436,11.100727606095209,96912800,BAC
2013-09-25,11.069414138793945,11.14769808879629,10.98330082323971,11.053756900846558,86546100,BAC
2013-09-26,11.022442817687988,11.132041240066783,10.94415812362054,11.108555383899645,89352900,BAC
2013-09-27,10.8815336227417,10.983303454041788,10.86587712762235,10.951989717224713,79156000,BAC
2013-09-30,10.80324649810791,10.905016299678666,10.646677859759885,10.717133187082878,104439900,BAC
2013-10-01,10.8815336227417,10.897190864439425,10.811078274837062,10.842392011654137,57631000,BAC
2013-10-02,11.00678539276123,11.038099118415223,10.795417184663194,10.811074420779244,89186300,BAC
2013-10-03,10.959815979003906,11.03810067748522,10.8267324395326,11.014614819993897,95269000,BAC
2013-10-04,10.998956680297852,11.022441787692244,10.928500611536572,10.97547157290346,63495400,BAC
2013-10-07,10.811075210571289,10.920672885077757,10.803246591941353,10.889359157136171,64822700,BAC
2013-10-08,10.717132568359375,10.881529815778327,10.70930469682751,10.826730982164714,92746200,BAC
2013-10-09,10.834559440612793,10.905015509408095,10.71713241042792,10.740618264411758,96012800,BAC
2013-10-10,11.139866828918457,11.155524063154017,10.96764173179541,10.983298219452951,102305800,BAC
2013-10-11,11.10855770111084,11.179013791152835,11.045930231424249,11.14770005630954,83422000,BAC
2013-10-14,11.233811378479004,11.265125107723465,10.998958035856445,11.006786654812108,78367500,BAC
2013-10-15,11.147696495056152,11.296437247978691,11.124211388070837,11.265123523138907,102099300,BAC
2013-10-16,11.398210525512695,11.437352133596944,11.210327372448038,11.210327372448038,153481000,BAC
2013-10-17,11.476493835449219,11.476493835449219,11.28078281984721,11.312096552480401,94090800,BAC
2013-10-18,11.453009605407715,11.52346569590766,11.374724894501478,11.492151960860832,96986400,BAC
2013-10-21,11.36689281463623,11.421691644046644,11.327750473666766,11.374720685567677,91280600,BAC
2013-10-22,11.36689281463623,11.453005367506604,11.312093238647757,11.390377920586685,102836000,BAC
2013-10-23,11.124214172363281,11.335581681290714,11.092900439685947,11.312096568427283,108529700,BAC
2013-10-24,11.092897415161133,11.11638252162125,11.014612731523306,11.053755073342218,92566100,BAC
2013-10-25,11.163354873657227,11.171183492313181,11.06941368952028,11.077241561598068,58592400,BAC
2013-10-28,11.139866828918457,11.21032288982244,11.124210341260916,11.186837785047118,62328000,BAC
2013-10-29,11.077240943908691,11.186839359246116,11.006785619668339,11.163354251166,79563100,BAC
2013-10-30,11.092897415161133,11.18683858757968,11.077240179802338,11.108553903941853,76624200,BAC
2013-10-31,10.936328887939453,11.085068892228959,10.928500270193142,11.069412403314418,105713400,BAC
2013-11-01,10.975473403930664,11.038100865149188,10.928502434727656,10.95981616533692,75610400,BAC
2013-11-04,10.991127967834473,11.053755418066617,10.959814242718402,11.030270310874087,53063200,BAC
2013-11-05,10.905019760131836,10.975475856390583,10.881533896993325,10.95198999325207,71809700,BAC
2013-11-06,10.928502082824707,10.975473050515227,10.889359734178974,10.951987193380864,66712900,BAC
2013-11-07,10.80324649810791,10.9833002455636,10.80324649810791,10.959815136455934,80775000,BAC
2013-11-08,11.210326194763184,11.210326194763184,10.834561421265938,10.850217913539204,158227300,BAC
2013-11-11,11.272956848144531,11.288614091428265,11.147701888188461,11.171187753114063,66357400,BAC
2013-11-12,11.210326194763184,11.319924626989001,11.16335597136515,11.218154814188937,69498300,BAC
2013-11-13,11.460836410522461,11.460836410522461,11.116384632987028,11.163355601406666,128018500,BAC
2013-11-14,11.586090087890625,11.601746577965367,11.43734932600084,11.492148907707772,128999400,BAC
2013-11-15,11.680034637451172,11.703519752627178,11.562608314992785,11.578264809584006,105475300,BAC
2013-11-18,11.680034637451172,11.875745672600717,11.633063660520806,11.727004867803187,145554400,BAC
2013-11-19,11.899227142333984,11.977511831041875,11.719173403515207,11.727001275123497,161505600,BAC
2013-11-20,11.852258682250977,11.954028494016901,11.805287712751998,11.938371255324498,107174900,BAC
2013-11-21,12.20453929901123,12.21236791897229,11.899229839734522,11.91488707965664,142053600,BAC
2013-11-22,12.243680000305176,12.3611062975646,12.212366271264118,12.29065022057767,110331100,BAC
2013-11-25,12.376765251159668,12.509848058099736,12.259338191043192,12.267166811033283,153765500,BAC
2013-11-26,12.431565284729004,12.502021378209413,12.376766432723517,12.40025154835753,114833700,BAC
2013-11-27,12.392420768737793,12.478533342113092,12.337621926278805,12.423734499654104,75503600,BAC
2013-11-29,12.384590148925781,12.462874836860635,12.36110504117657,12.400247385143997,44288400,BAC
2013-12-02,12.31413459777832,12.502017707420089,12.290649489039904,12.400247907449424,92987400,BAC
2013-12-03,12.165397644042969,12.361108674832964,12.047971324200306,12.243682354990302,106450300,BAC
2013-12-04,12.243732452392578,12.322066824136321,12.032228079860449,12.055729063736726,96678100,BAC
2013-12-05,12.08705997467041,12.251563085854025,12.032225106236623,12.22806210778574,95230500,BAC
2013-12-06,12.1889009475708,12.314236567052788,12.110565811864948,12.228067768364506,92203100,BAC
2013-12-09,12.20456314086914,12.275064588258461,12.188896567593154,12.235897034480066,50167200,BAC
2013-12-10,12.1889009475708,12.282902662182291,12.149733379717874,12.157567042700304,67486300,BAC
2013-12-11,11.946057319641113,12.181061875340914,11.891223197232753,12.181061875340914,117565000,BAC
2013-12-12,11.946057319641113,12.024392420560677,11.844221987269238,11.953890979144848,76113900,BAC
2013-12-13,11.891225814819336,12.008727745005205,11.852058255737695,11.969560185923564,61575600,BAC
2013-12-16,11.938224792480469,12.016559900830131,11.906890898552394,11.92255821904591,71467000,BAC
2013-12-17,11.891225814819336,11.985227508379841,11.859891916965834,11.938226288070062,74247300,BAC
2013-12-18,12.290736198425293,12.306403525180889,11.797227358572126,11.969563470528142,152929300,BAC
2013-12-19,12.33773136138916,12.369065252424617,12.220229456770914,12.267229919794657,97776100,BAC
2013-12-20,12.220231056213379,12.431734661620604,12.220231056213379,12.33773297621084,131956000,BAC
2013-12-23,12.290736198425293,12.36907133808476,12.290736198425293,12.314237188558687,52565800,BAC
2013-12-24,12.298565864562988,12.337733421662609,12.275065629126821,12.314233186226442,21770400,BAC
2013-12-26,12.2593994140625,12.33773453533269,12.251566499582747,12.329900873793855,48803600,BAC
2013-12-27,12.275065422058105,12.298565657097845,12.204563969879883,12.275065422058105,40049300,BAC
2013-12-30,12.173233032226562,12.290734983037146,12.157566454079436,12.25156816413974,56218800,BAC
2013-12-31,12.196730613708496,12.235898171125335,12.149730142455509,12.220231596394012,57188900,BAC
2014-01-02,12.611906051635742,12.658906524286946,12.282899754841136,12.290732668910309,148709900,BAC
2014-01-03,12.854742050170898,12.925243497870534,12.713739154771627,12.745073795579426,129921800,BAC
2014-01-06,13.050576210021973,13.105410325289006,12.97224111930439,13.027075234571424,114431300,BAC
2014-01-07,12.92524242401123,13.152414068640088,12.886075620373463,13.136746749537865,110605100,BAC
2014-01-08,12.987909317016602,13.074078072061036,12.940908857045859,13.058410754031561,101036400,BAC
2014-01-09,13.183744430541992,13.262079515404148,13.011408439139226,13.058408892409531,100947200,BAC
2014-01-10,13.136747360229492,13.152414680060044,13.01141178982078,13.121080040398938,87454100,BAC
2014-01-13,12.87040901184082,13.160246960644816,12.84690803189001,13.15241479477908,90025400,BAC
2014-01-14,13.136747360229492,13.136747360229492,12.948744004616426,12.956577664531702,97786600,BAC
2014-01-15,13.434420585632324,13.645924946483225,13.403087436312582,13.497088378389847,329333100,BAC
2014-01-16,13.3795804977417,13.426580947857827,13.309079075508821,13.387414155113948,163613100,BAC
2014-01-17,13.324751853942871,13.48925424386067,13.309084532774135,13.473588416809914,96232200,BAC
2014-01-21,13.324751853942871,13.442253774472439,13.215083593997674,13.37958598391547,118269200,BAC
2014-01-22,13.434420585632324,13.434420585632324,13.316918660976725,13.379586453734248,68114400,BAC
2014-01-23,13.207247734069824,13.387417415153513,13.11324531682918,13.371750096593782,123765900,BAC
2014-01-24,12.886073112487793,13.097575902733999,12.886073112487793,13.058409106718866,112899300,BAC
2014-01-27,12.776405334472656,12.956576508208741,12.580568336421988,12.823407289769577,134872600,BAC
2014-01-28,13.105413436889648,13.128914417920004,12.823409135115066,12.886076923744744,92891300,BAC
2014-01-29,13.066246032714844,13.199415264237443,12.917409481220675,12.964409947017513,130026900,BAC
2014-01-30,13.2620849609375,13.30908543350663,13.136749371341102,13.168082521681159,91028200,BAC
2014-01-31,13.121082305908203,13.301252032714416,13.011414036394529,13.097581322104652,139432100,BAC
2014-02-03,12.8077392578125,13.222912714315079,12.768570963913815,13.136745455973251,159981200,BAC
2014-02-04,12.8077392578125,12.972241609834056,12.737237822912507,12.917407492493536,125337000,BAC
2014-02-05,12.846905708312988,12.886074001146769,12.651068726496884,12.776404275329783,110576200,BAC
2014-02-06,13.074080467224121,13.105413614905602,12.878243438331504,12.886077098781364,110029100,BAC
2014-02-07,13.175914764404297,13.22291523191381,13.027078207486593,13.175914764404297,122571100,BAC
2014-02-10,13.097577095031738,13.105410753771377,13.003576178391338,13.0897434362921,95792500,BAC
2014-02-11,13.222916603088379,13.25425124742264,13.034913219437046,13.105414675071055,92617500,BAC
2014-02-12,13.121082305908203,13.24641789795758,13.042747187347816,13.215084747004292,96948900,BAC
2014-02-13,13.121082305908203,13.175916440665041,13.027079864812116,13.042747187347816,95756900,BAC
2014-02-14,13.081914901733398,13.128915373095625,13.042746597166504,13.113248051268869,100684300,BAC
2014-02-18,12.901740074157715,13.113244377205618,12.901740074157715,13.081911236449056,121778600,BAC
2014-02-19,12.690242767333984,12.88607983785384,12.67457544310401,12.831244203048929,137734500,BAC
2014-02-20,12.768573760986328,12.815575723960958,12.674572823273001,12.70590597113812,107425900,BAC
2014-02-21,12.760744094848633,12.917412853106615,12.729409446726082,12.760744094848633,106236900,BAC
2014-02-24,12.948741912841797,13.027075511104629,12.768570752131486,12.768570752131486,102909600,BAC
2014-02-25,12.799904823303223,12.97224082366021,12.784237506693255,12.925240367947858,81457000,BAC
2014-02-26,12.792073249816895,12.846907372770952,12.635403046418626,12.815574228561973,89831600,BAC
2014-02-27,12.91740894317627,12.91740894317627,12.698070955063919,12.74507291302087,71314500,BAC
2014-02-28,12.948741912841797,13.042742828404242,12.807739045380517,12.917407278242573,126252100,BAC
2014-03-03,12.768573760986328,12.854742532321849,12.682406483768773,12.768573760986328,87526800,BAC
2014-03-04,13.105413436889648,13.113247097233101,12.87040960305784,12.909576410657163,100849900,BAC
2014-03-05,13.52083683013916,13.567865409205968,13.152443553261273,13.160281898941005,207180000,BAC
2014-03-06,13.599215507507324,13.818683153488703,13.56786213236072,13.65408241900267,138078900,BAC
2014-03-07,13.583540916442871,13.78733340131587,13.520835651482829,13.748143171345134,109547100,BAC
2014-03-10,13.693276405334473,13.693276405334473,13.520837279681846,13.536513971562528,81732700,BAC
2014-03-11,13.536513328552246,13.7324674827177,13.520836637416238,13.724629137149694,90183400,BAC
2014-03-12,13.544356346130371,13.583546592477182,13.379754022447218,13.465974358424683,83309200,BAC
2014-03-13,13.450292587280273,13.69327531198318,13.379748974461444,13.59137981291793,100875700,BAC
2014-03-14,13.168118476867676,13.497321513539944,13.136766589809696,13.387587666319702,131297200,BAC
2014-03-17,13.411102294921875,13.45813087158406,13.30136695602811,13.309205301307058,79942200,BAC
2014-03-18,13.473809242248535,13.497322786005885,13.37975058218409,13.434617510966815,67402400,BAC
2014-03-19,13.669760704040527,13.708950932542386,13.418939653601297,13.450291537400508,105006500,BAC
2014-03-20,14.045995712280273,14.108700990214087,13.66192569805919,13.669764044677384,167048700,BAC
2014-03-21,13.763819694519043,14.132214469843968,13.763819694519043,14.132214469843968,155721000,BAC
2014-03-24,13.614893913269043,13.834361586947061,13.560025499838137,13.81084804763093,118500000,BAC
2014-03-25,13.489481925964355,13.779494703358035,13.481645076180104,13.708951095208528,98348600,BAC
2014-03-26,13.465975761413574,13.638414956322476,13.465975761413574,13.622738258145606,97573700,BAC
2014-03-27,13.332721710205078,13.708953352271521,13.191634470677249,13.544352569496821,175139500,BAC
2014-03-28,13.3092041015625,13.442452969270027,13.207308612144445,13.395424396847183,79909500,BAC
2014-03-31,13.481647491455078,13.536514419842835,13.418942216867404,13.442455760455486,62115800,BAC
2014-04-01,13.591378211975098,13.638406783310936,13.52867295185687,13.544349640639258,57423800,BAC
2014-04-02,13.50516128540039,13.622733490555362,13.426779316959843,13.599219946531388,65349000,BAC
2014-04-03,13.442455291748047,13.512998910075945,13.348398130651928,13.489483872296105,56534500,BAC
2014-04-04,13.1054105758667,13.497318802962116,13.089735382991426,13.489480459018859,110409600,BAC
2014-04-07,12.838916778564453,13.089739376232538,12.689992683244535,13.081901029898063,129464900,BAC
2014-04-08,12.885945320129395,12.93297389751714,12.73701974755476,12.831078397341772,75769700,BAC
2014-04-09,13.027032852172852,13.034869702744613,12.815402006457965,12.972164433089635,83096400,BAC
2014-04-10,12.635122299194336,13.027030538691525,12.619445610811738,13.027030538691525,98390900,BAC
2014-04-11,12.360786437988281,12.642959358508476,12.2432135156816,12.4313292943655,133757100,BAC
2014-04-14,12.541062355041504,12.713501424219317,12.368622538358125,12.580252576896555,99249400,BAC
2014-04-15,12.846756935119629,12.862433629997561,12.50971621780958,12.611612491998278,134956600,BAC
2014-04-16,12.642962455749512,12.713506076913987,12.368627064839245,12.697830879442078,172948900,BAC
2014-04-17,12.658639907836914,12.737021879946633,12.486200765204952,12.650801561124766,104765500,BAC
2014-04-21,12.61160659790039,12.674311853094595,12.56457803025754,12.658635165543242,51280500,BAC
2014-04-22,12.768375396728516,12.807565635676296,12.572421211966041,12.611611450913822,77888900,BAC
2014-04-23,12.831076622009277,12.854590159944012,12.721341296605702,12.776208211801833,52425600,BAC
2014-04-24,12.8075590133667,12.932969507168666,12.705662052770718,12.878102603006681,73910900,BAC
2014-04-25,12.501872062683105,12.72134045647944,12.486196122593313,12.619444977131776,84617700,BAC
2014-04-28,11.718057632446289,12.078613286406439,11.647514021181474,12.015908020283433,344935200,BAC
2014-04-29,11.945364952087402,11.992394277570606,11.686705530694208,11.788601779653007,155495000,BAC
2014-04-30,11.866983413696289,11.968879659856507,11.859145068413406,11.961041314573624,82359700,BAC
2014-05-01,11.827791213989258,11.929687449632317,11.780761894651818,11.866982188852845,68368300,BAC
2014-05-02,11.953200340270996,11.98455296700099,11.835628176909909,11.898333430369899,73562900,BAC
2014-05-05,11.819952964782715,11.859143939962177,11.772924392571904,11.819952964782715,51669100,BAC
2014-05-06,11.545616149902344,11.780761238480965,11.537778553370705,11.780761238480965,96268300,BAC
2014-05-07,11.600484848022461,11.694542742363842,11.561293871837128,11.647513421440303,91733000,BAC
2014-05-08,11.702381134033203,11.788600683982152,11.600484894544971,11.639675870887476,65232700,BAC
2014-05-09,11.553457260131836,11.74941142294617,11.49859033374568,11.71805878679611,86751600,BAC
2014-05-12,11.812113761901855,11.835628793804187,11.592645363352798,11.592645363352798,70669900,BAC
2014-05-13,11.780763626098633,11.835631297973956,11.710220010477347,11.788601971724505,58469100,BAC
2014-05-14,11.6318359375,11.772923134061754,11.608321653908241,11.749408102964397,52431900,BAC
2014-05-15,11.404531478881836,11.62399991371951,11.279120944688879,11.616161568456015,104193000,BAC
2014-05-16,11.373181343078613,11.396695636527497,11.263446727807304,11.373181343078613,80476100,BAC
2014-05-19,11.498589515686035,11.522103804249221,11.271282732893232,11.310473712169044,51034700,BAC
2014-05-20,11.388855934143066,11.514266480953088,11.34966495138848,11.482913844250582,60108200,BAC
2014-05-21,11.451560974121094,11.529942938032542,11.365341411823147,11.435885029842288,64808600,BAC
2014-05-22,11.529945373535156,11.537783721083178,11.404534802790659,11.428049097928762,51929400,BAC
2014-05-23,11.537778854370117,11.60832245753462,11.482911192183478,11.529940510128363,51648900,BAC
2014-05-27,11.9296875,12.000231105551162,11.741570969361678,11.75724765837557,125398900,BAC
2014-05-28,11.866983413696289,11.97671725763364,11.780763110596085,11.968879659856507,72481700,BAC
2014-05-29,11.874821662902832,11.921850989674311,11.835631429350022,11.851307373269988,39423000,BAC
2014-05-30,11.866983413696289,11.93752627872498,11.812115744221865,11.851306723130525,45787100,BAC
2014-06-02,11.961039543151855,11.976715483890276,11.79643805411745,11.882657596942847,46374000,BAC
2014-06-03,11.92185115814209,11.976718083895983,11.843469194917272,11.914012812318449,49025400,BAC
2014-06-04,11.92185115814209,11.961042139754499,11.87482183070604,11.906174466494807,39757300,BAC
2014-06-05,12.09428882598877,12.133479052957625,11.929687331200322,11.976715902565214,60300500,BAC
2014-06-06,12.219701766967773,12.266730347648803,12.094291221810607,12.109967166202347,73930500,BAC
2014-06-09,12.415654182434082,12.447006814308684,12.227538391186464,12.227538391186464,78647900,BAC
2014-06-10,12.478363990783691,12.494039938677295,12.329438374511573,12.368629365504551,49852900,BAC
2014-06-11,12.219701766967773,12.399979238754744,12.188349130678482,12.298082983938095,73729300,BAC
2014-06-12,12.086454391479492,12.274570232804596,12.055101751258642,12.204026605431206,66173200,BAC
2014-06-13,12.102128028869629,12.188348333656409,12.015908471588611,12.117804719742049,61588100,BAC
2014-06-16,11.976717948913574,12.000232986119476,11.898336734077946,11.992394640384177,55425400,BAC
2014-06-17,12.219701766967773,12.243216057308288,11.961042330704668,11.968880676653443,58011600,BAC
2014-06-18,12.266731262207031,12.298083900833849,12.102129722539768,12.251055316646555,70220300,BAC
2014-06-19,12.188348770141602,12.282406676227199,12.149157789062821,12.274568330510284,40953900,BAC
2014-06-20,12.117761611938477,12.258939658224811,12.109918220925472,12.258939658224811,54765300,BAC
2014-06-23,12.266777992248535,12.274620632041469,12.062854397899706,12.133443391942503,58492200,BAC
2014-06-24,12.149131774902344,12.3138392102723,12.109915576388207,12.204034752016845,73262500,BAC
2014-06-25,12.13344669342041,12.149132725261031,11.984425277006933,12.117759913592957,71766400,BAC
2014-06-26,12.086385726928711,12.180504151225641,11.976581272575665,12.109915146006257,68519600,BAC
2014-06-27,12.023640632629395,12.094229640912769,12.007954601892411,12.062856831452022,58149200,BAC
2014-06-30,12.055011749267578,12.11775735937803,11.992266139157124,12.007952915678075,47274500,BAC
2014-07-01,12.235405921936035,12.27462136720933,12.062855120384183,12.062855120384183,74193500,BAC
2014-07-02,12.431488990783691,12.572667019696958,12.360899976327058,12.37658600843584,87685800,BAC
2014-07-03,12.572665214538574,12.72952850505166,12.549135047773548,12.604037274251802,70582300,BAC
2014-07-07,12.5020751953125,12.549134779851098,12.415800162976243,12.541291391096879,62437100,BAC
2014-07-08,12.219719886779785,12.415800116988686,12.17266105040221,12.407956728263517,73343400,BAC
2014-07-09,12.235405921936035,12.305994172219968,12.18834634042674,12.251091950448018,46415800,BAC
2014-07-10,12.10991382598877,12.180502823513738,11.960893190759018,12.02363880011751,61458500,BAC
2014-07-11,12.06285572052002,12.10207191573102,12.000110107377102,12.070699109159563,56849400,BAC
2014-07-14,12.211877822875977,12.290310222663065,12.172662370969231,12.25109402276952,59181700,BAC
2014-07-15,12.400115966796875,12.431488778465466,12.282467362049532,12.353056375300572,99946700,BAC
2014-07-16,12.164817810058594,12.282465650424268,12.102072195465336,12.282465650424268,123711700,BAC
2014-07-17,11.921677589416504,12.141287233067324,11.866775365500475,12.117757815387126,114839900,BAC
2014-07-18,12.149131774902344,12.156975164202526,11.960894919618614,11.976581698218979,74859200,BAC
2014-07-21,12.172660827636719,12.196190245394908,12.047168854290742,12.094228437793822,61802200,BAC
2014-07-22,12.172660827636719,12.251092469492912,12.133444632715271,12.227563051734725,58331100,BAC
2014-07-23,12.172660827636719,12.258935858074542,12.164817439055088,12.172660827636719,47253300,BAC
2014-07-24,12.251092910766602,12.266779688494886,12.196190684691064,12.204034073555208,46549800,BAC
2014-07-25,12.227564811706543,12.258937622562,12.196192000851086,12.227564811706543,35627200,BAC
2014-07-28,12.156975746154785,12.24325078862644,12.12560293543902,12.22756475726196,39313000,BAC
2014-07-29,12.03148365020752,12.180504303544495,12.03148365020752,12.172661662411738,51480500,BAC
2014-07-30,12.219719886779785,12.290308889332865,12.007953627107264,12.102072047849132,83243100,BAC
2014-07-31,11.960893630981445,12.196190048729237,11.960893630981445,12.10991427169592,70677300,BAC
2014-08-01,11.749128341674805,12.070700583287486,11.63932387925824,11.90599314167584,115978900,BAC
2014-08-04,11.80402946472168,11.858931687296751,11.749126494159924,11.819715493463121,51954700,BAC
2014-08-05,11.764813423156738,11.921677452534823,11.68638103447435,11.772656811622316,65071500,BAC
2014-08-06,11.921677589416504,12.04716881435983,11.874618754056108,11.874618754056108,95977900,BAC
2014-08-07,11.858929634094238,12.109912034396798,11.835400221062512,12.109912034396798,80058300,BAC
2014-08-08,11.921677589416504,11.921677589416504,11.756970169681713,11.827559170709009,54495000,BAC
2014-08-11,11.937365531921387,11.97658173054136,11.882462554658714,11.96873834122001,41545100,BAC
2014-08-12,11.929521560668945,12.000110565144158,11.882461975023224,11.905992141839453,33674400,BAC
2014-08-13,11.960893630981445,11.99226643681537,11.921677436692363,11.960893630981445,34394600,BAC
2014-08-14,12.01579761505127,12.01579761505127,11.968738773397481,11.968738773397481,29934600,BAC
2014-08-15,11.937365531921387,12.086386189093156,11.874619913324139,12.031483959817258,61535500,BAC
2014-08-18,12.117761611938477,12.117761611938477,11.976584313639078,11.984426956665148,54968600,BAC
2014-08-19,12.117761611938477,12.274625692263884,12.109918220925472,12.172664601042571,44825500,BAC
2014-08-20,12.172660827636719,12.258935858074542,12.055012242872372,12.086385049212192,57825000,BAC
2014-08-21,12.6746244430542,12.72168327379579,12.251091226446725,12.305993444974126,177294400,BAC
2014-08-22,12.651098251342773,12.776590999339245,12.5883526253314,12.674628422087185,107641800,BAC
2014-08-25,12.776592254638672,12.862866563897176,12.706003231443795,12.760905472601172,89396500,BAC
2014-08-26,12.807962417602539,12.90992349373221,12.800119027750466,12.815805807454614,73323400,BAC
2014-08-27,12.706001281738281,12.855021200306163,12.658940942847076,12.839335916649405,63061800,BAC
2014-08-28,12.55698013305664,12.627569146914334,12.541293353094115,12.627569146914334,62170400,BAC
2014-08-29,12.619721412658691,12.658936853091618,12.564819197663331,12.588347863533823,50106600,BAC
2014-09-02,12.760900497436523,12.768743885397328,12.59619234220622,12.65893794991936,59400400,BAC
2014-09-03,12.666494369506836,12.808107586773755,12.61929046394623,12.800240019082803,67418900,BAC
2014-09-04,12.674360275268555,12.800238340647772,12.61928880923826,12.66649270860924,56378600,BAC
2014-09-05,12.603557586669922,12.642893931587238,12.509148258048842,12.627158793386164,80974900,BAC
2014-09-08,12.863173484802246,12.878908613364148,12.70582520035213,12.737295457475934,99411200,BAC
2014-09-09,12.69796085357666,12.792370148285762,12.666492089063514,12.784502582011267,82428900,BAC
2014-09-10,12.871040344238281,12.902509099054338,12.690089376854564,12.713692068404884,75656100,BAC
2014-09-11,13.036260604858398,13.083464508816316,12.823840786170186,12.839575921017843,106598100,BAC
2014-09-12,13.209344863891602,13.24081363485263,13.067731643104118,13.07559921099066,116306800,BAC
2014-09-15,13.17000675201416,13.319487537595913,13.075598940498923,13.21721065777178,87306900,BAC
2014-09-16,13.146404266357422,13.248681147873786,13.11493549552671,13.11493549552671,65017200,BAC
2014-09-17,13.193609237670898,13.319487318006017,13.12280262990926,13.146403832106417,82902700,BAC
2014-09-18,13.406028747558594,13.492568987900231,13.272283102756013,13.280149169581122,111923200,BAC
2014-09-19,13.335221290588379,13.508303260813074,13.280148322231248,13.492568126996751,88455000,BAC
2014-09-22,13.398162841796875,13.508305798028982,13.366692568253283,13.44536675152703,109276700,BAC
2014-09-23,13.413894653320312,13.531906662470634,13.398161019273964,13.413894653320312,91921900,BAC
2014-09-24,13.516172409057617,13.524039976886252,13.350956485826549,13.468968502670938,86396100,BAC
2014-09-25,13.256548881530762,13.516172621618129,13.256548881530762,13.500437485713404,104522500,BAC
2014-09-26,13.398162841796875,13.413896477983437,13.288018384979534,13.30375352175133,66785900,BAC
2014-09-29,13.382426261901855,13.41389503146671,13.280149384499664,13.30375208711211,68038300,BAC
2014-09-30,13.413894653320312,13.461100057214454,13.350955615379823,13.437497355267384,82217400,BAC
2014-10-01,13.232945442199707,13.445365263351965,13.217210307169523,13.429630128321783,91235900,BAC
2014-10-02,13.2801513671875,13.36669312243516,13.083466651141217,13.264417730348624,118018800,BAC
2014-10-03,13.602714538574219,13.610580606039774,13.42176347457787,13.461101314831499,110840600,BAC
2014-10-06,13.602714538574219,13.697122354012583,13.54764156221914,13.665653582394853,66212100,BAC
2014-10-07,13.2801513671875,13.531909064218391,13.2801513671875,13.516173926794218,91396300,BAC
2014-10-08,13.468968391418457,13.468968391418457,13.154271683212958,13.280149766261111,101266800,BAC
2014-10-09,13.05199909210205,13.461103699709025,13.02052881432362,13.40603221418221,121363100,BAC
2014-10-10,12.965452194213867,13.193607115997183,12.871044399436858,12.996922459529433,129552700,BAC
2014-10-13,12.902510643005371,13.114930390623897,12.902510643005371,12.965449660753318,92674100,BAC
2014-10-14,12.996925354003906,13.083465601724932,12.871047265877708,12.98905778592287,97451900,BAC
2014-10-15,12.399003028869629,12.77663727326117,12.13937929827731,12.76876970559654,216591800,BAC
2014-10-16,12.650755882263184,12.784501496402786,12.210182712397021,12.280988551977675,148199400,BAC
2014-10-17,12.753034591674805,12.910382944061288,12.713698253870733,12.784504862386141,94339200,BAC
2014-10-20,12.792372703552246,12.84744417788936,12.713698525677028,12.745168797061167,76510700,BAC
2014-10-21,13.059863090515137,13.067730657808472,12.831708140763514,12.926117447698502,78287300,BAC
2014-10-22,12.902510643005371,13.138533084998581,12.878909449215236,13.05199137287595,85199800,BAC
2014-10-23,13.059863090515137,13.162138464158433,12.996924052753487,13.044127955928468,68436600,BAC
2014-10-24,13.154267311096191,13.154267311096191,13.028389269886437,13.083460725342627,41951400,BAC
2014-10-27,13.05199909210205,13.13067328596269,12.98119246768602,13.122805716518084,51500000,BAC
2014-10-28,13.217211723327637,13.217211723327637,13.06773242628015,13.075599994638212,71850800,BAC
2014-10-29,13.366689682006836,13.39029238206804,13.146402316523663,13.19360771664607,99875700,BAC
2014-10-30,13.398162841796875,13.468969456684725,13.248682043635277,13.343089863095587,72579100,BAC
2014-10-31,13.50044059753418,13.547644515543599,13.453236679524759,13.5083081673,82788900,BAC
2014-11-03,13.586980819702148,13.649919870087823,13.453235150059426,13.516174200445098,64050700,BAC
2014-11-04,13.539772987365723,13.61057959397198,13.390293707272564,13.547640554831425,53515400,BAC
2014-11-05,13.642049789428711,13.665652491697085,13.539772913517481,13.62631465458313,58608200,BAC
2014-11-06,13.657785415649414,13.6892541858877,13.59484637458774,13.64205028023772,57339200,BAC
2014-11-07,13.657785415649414,13.673519050476004,13.547640968352654,13.618447577120177,53907800,BAC
2014-11-10,13.665654182434082,13.689255387037383,13.610581203660827,13.657786614037901,54261100,BAC
2014-11-11,13.626314163208008,13.73645710198514,13.610579028929847,13.66565199890341,62236000,BAC
2014-11-12,13.602714538574219,13.610580606039774,13.429631042628596,13.56337669832059,48669100,BAC
2014-11-13,13.54764461517334,13.610583673177256,13.468971918107577,13.602717603939087,50586300,BAC
2014-11-14,13.484704971313477,13.571246735028536,13.453236193971463,13.508307679759069,41144600,BAC
2014-11-17,13.445363998413086,13.484700331702713,13.350954697699079,13.421761298088352,43393300,BAC
2014-11-18,13.484704971313477,13.547644026582944,13.421765916044007,13.429633485525871,39490700,BAC
2014-11-19,13.42176342010498,13.492570031688969,13.382427080596171,13.492570031688969,49441600,BAC
2014-11-20,13.374558448791504,13.382426016184528,13.240812804280187,13.343088179219409,49652100,BAC
2014-11-21,13.468968391418457,13.524039865178885,13.421762984836564,13.492569594124289,63000000,BAC
2014-11-24,13.516172409057617,13.594846586758834,13.4374982313564,13.500437273400347,52785700,BAC
2014-11-25,13.453235626220703,13.579113731447357,13.437500487921026,13.555511023997843,44786300,BAC
2014-11-26,13.461100578308105,13.492569348204025,13.406029105551431,13.468968145928358,27310300,BAC
2014-11-28,13.406028747558594,13.492568987900231,13.398161180148437,13.429629949204019,27834900,BAC
2014-12-01,13.209344863891602,13.327355381019457,13.162139456572346,13.311620245246372,61173100,BAC
2014-12-02,13.492571830749512,13.49257183074951,13.264418330123796,13.272285899191628,62945200,BAC
2014-12-03,13.642488479614258,13.650377547231928,13.461008319978204,13.492570610340243,70104200,BAC
2014-12-04,13.579362869262695,13.681938800188876,13.516239798297631,13.603034585239365,49412800,BAC
2014-12-05,13.950209617614746,13.973879824189428,13.689826810486137,13.737168728607944,131824000,BAC
2014-12-08,13.934431076049805,14.100130077845925,13.816075506179844,13.934431076049805,101035100,BAC
2014-12-09,13.8555269241333,13.879198640203994,13.547802140077934,13.555692712101498,95939400,BAC
2014-12-10,13.713493347167969,13.950205884374823,13.705604283735909,13.79239752623692,103611100,BAC
2014-12-11,13.784513473510742,13.92654076197405,13.760843262082025,13.760843262082025,80173200,BAC
2014-12-12,13.51623821258545,13.784511608956572,13.51623821258545,13.784511608956572,88886700,BAC
2014-12-15,13.295310974121094,13.658268287914431,13.224297324905379,13.650377715226814,101305300,BAC
2014-12-16,13.192729949951172,13.563579198487398,13.090155554487875,13.208511089244686,96112000,BAC
2014-12-17,13.618813514709473,13.626704085418634,13.271635928368765,13.311088781914572,92164100,BAC
2014-12-18,13.831853866577148,13.831853866577148,13.681936038926482,13.784510444178567,79334000,BAC
2014-12-19,13.90286636352539,13.965989416612935,13.800290461650444,13.800290461650444,105588200,BAC
2014-12-22,13.973881721496582,13.989662864670688,13.847635586049032,13.926539796946912,70969300,BAC
2014-12-23,14.14747142791748,14.19481335294049,14.029115862873626,14.06856721623069,94405200,BAC
2014-12-24,14.186922073364258,14.281607423658254,14.139580150703553,14.179031502092043,35091300,BAC
2014-12-26,14.186922073364258,14.242154567297177,14.163251864520198,14.21848435845312,34362500,BAC
2014-12-29,14.289497375488281,14.352620437957064,14.13168896683006,14.179030887438518,58370900,BAC
2014-12-30,14.305274963378906,14.344727812378745,14.210591135723904,14.234262845123808,41433500,BAC
2014-12-31,14.11590576171875,14.368397974688367,14.11590576171875,14.352618340106993,57819600,BAC
2015-01-02,14.123799324035645,14.22637524789595,13.9502112670824,14.194812962101203,48951100,BAC
2015-01-05,13.713493347167969,14.052780263684031,13.642481241475156,14.037000631847873,105605500,BAC
2015-01-06,13.303196907043457,13.760839428503065,13.240073852530832,13.745058288631826,144912400,BAC
2015-01-07,13.366320610046387,13.555689782771834,13.311088122789682,13.524127501498057,104603800,BAC
2015-01-08,13.642488479614258,13.68193983759397,13.492570610340243,13.539912540910466,73388500,BAC
2015-01-09,13.397884368896484,13.71349972703244,13.37421415764425,13.71349972703244,84144600,BAC
2015-01-12,13.161170959472656,13.437334914636036,13.14538981804104,13.429444343920228,92762500,BAC
2015-01-13,12.979694366455078,13.32687050210664,12.877118436170019,13.271638003479016,100845400,BAC
2015-01-14,12.6561918258667,12.798217643897905,12.443150841360216,12.624629529655465,164779800,BAC
2015-01-15,11.99339771270752,12.435260070340725,11.95394559555493,12.301123323513853,193241300,BAC
2015-01-16,12.135424613952637,12.15120500877623,11.811918618960476,11.96183575597397,149802000,BAC
2015-01-20,12.040736198425293,12.332680559411118,11.99339352387984,12.301119027209577,123402800,BAC
2015-01-21,12.159093856811523,12.285340007429498,11.953943485814108,12.056518671312816,101054200,BAC
2015-01-22,12.695636749267578,12.77454094478579,12.174871165808682,12.269555748938828,183042100,BAC
2015-01-23,12.411585807800293,12.774544609314122,12.411585807800293,12.656189034571293,103376900,BAC
2015-01-26,12.506268501281738,12.569391561336657,12.387912199314096,12.40369334057094,69969300,BAC
2015-01-27,12.33267879486084,12.458924905603805,12.214322501674676,12.269555739489356,86184200,BAC
2015-01-28,11.99339771270752,12.411588348557244,11.977617317338412,12.403698527115964,105359800,BAC
2015-01-29,12.174873352050781,12.222215275873955,11.993393970765112,12.080188751918119,76095800,BAC
2015-01-30,11.95394229888916,12.20643532754111,11.95394229888916,12.017065367930563,99844600,BAC
2015-02-02,12.198548316955566,12.22221928663486,11.930274818968385,12.048631172337966,101586700,BAC
2015-02-03,12.53783130645752,12.569392839694913,12.316899821309448,12.324790392740374,105159400,BAC
2015-02-04,12.458928108215332,12.624626359280342,12.427366572416586,12.458928108215332,83848100,BAC
2015-02-05,12.60095500946045,12.695639613955558,12.54572175914021,12.608844828803615,92264700,BAC
2015-02-06,13.011256217956543,13.216406590404336,12.798215272917737,12.861338348672994,160832300,BAC
2015-02-09,12.900785446166992,13.019140972192492,12.821881260492605,12.900785446166992,95532900,BAC
2015-02-10,12.956021308898926,13.113829721468948,12.900788815991186,13.066486294714405,100322800,BAC
2015-02-11,12.908675193786621,12.979688805877394,12.790318170320619,12.885003488099008,99924400,BAC
2015-02-12,13.153280258178711,13.200622177031098,12.916569158944306,12.948129936521742,116394100,BAC
2015-02-13,13.105940818786621,13.247968107185823,13.050708318847542,13.200624674404255,93632700,BAC
2015-02-17,13.121719360351562,13.161172217702363,12.916570522017894,13.034926084125049,93350600,BAC
2015-02-18,12.861337661743164,13.066488023233784,12.813995733698485,13.05859745106421,84057400,BAC
2015-02-19,12.790324211120605,12.92446093009165,12.68774978130641,12.790324211120605,83604300,BAC
2015-02-20,12.924459457397461,12.963912314348015,12.632515840826407,12.73509025895263,89763600,BAC
2015-02-23,12.782435417175293,12.87711927672523,12.70353119756847,12.87711927672523,87623700,BAC
2015-02-24,12.924459457397461,13.058596161084127,12.821885039271239,12.83766618205146,74109600,BAC
2015-02-25,13.011256217956543,13.019146790547556,12.877119493855018,12.916572356810077,57201000,BAC
2015-02-26,12.6561918258667,12.971807263113464,12.545725294100494,12.956026115007846,161100700,BAC
2015-02-27,12.474709510803223,12.529942011473718,12.324791648288471,12.451037794098966,130448200,BAC
2015-03-02,12.632518768310547,12.648299914747922,12.403697412373965,12.458929919931819,71402400,BAC
2015-03-03,12.6561918258667,12.742985130501362,12.593067985930789,12.64830125181389,65689800,BAC
2015-03-04,12.537461280822754,12.648271691816932,12.474140830300565,12.63244195660604,78441600,BAC
2015-03-05,12.664102554321289,12.687848290094962,12.466225951910019,12.60078210193683,69510000,BAC
2015-03-06,12.83823299407959,13.154836755153283,12.664102133231953,12.664102133231953,163207200,BAC
2015-03-09,12.798660278320312,12.925301198663464,12.759085556842649,12.909470706200855,72912700,BAC
2015-03-10,12.497885704040527,12.766997239047049,12.497885704040527,12.695763053785376,85633600,BAC
2015-03-11,12.751171112060547,12.7907458360256,12.561208964766706,12.600784443571234,85910100,BAC
2015-03-12,12.735336303710938,12.830316212918259,12.5849496861745,12.703675327522872,126376300,BAC
2015-03-13,12.735336303710938,12.782826258314598,12.616609907523348,12.72742105966392,88581900,BAC
2015-03-16,12.766999244689941,12.838234950821061,12.545378389774323,12.751170261966575,63406500,BAC
2015-03-17,12.735336303710938,12.759082035851986,12.63244039561738,12.719505815616904,67315000,BAC
2015-03-18,12.648269653320312,12.743251068634944,12.59286445675277,12.672015384568565,86387600,BAC
2015-03-19,12.355416297912598,12.640359123423394,12.355416297912598,12.63244387719489,109169200,BAC
2015-03-20,12.537461280822754,12.608696976370048,12.379160154517278,12.426650114989265,99867700,BAC
2015-03-23,12.44248104095459,12.569121946435763,12.44248104095459,12.521631229460654,73773500,BAC
2015-03-24,12.355416297912598,12.505802956896503,12.355416297912598,12.450396988136388,77011000,BAC
2015-03-25,12.19711685180664,12.387078258796967,12.189201604472162,12.371248518967539,88541500,BAC
2015-03-26,12.205028533935547,12.300009209685944,12.078387632935014,12.181283553707773,76741500,BAC
2015-03-27,12.117965698242188,12.260436364957897,12.086305466212089,12.252521118240505,73140800,BAC
2015-03-30,12.284181594848633,12.355416547827787,12.18920014786421,12.205030640641427,70835300,BAC
2015-03-31,12.181283950805664,12.28417987493273,12.173368705525274,12.26834938437195,61381700,BAC
2015-04-01,12.19711685180664,12.236692333639509,12.070475913813091,12.205032099141121,73153900,BAC
2015-04-02,12.300012588500977,12.363333056395382,12.212947133856046,12.212947133856046,50443500,BAC
2015-04-06,12.276267051696777,12.347502763596058,12.141710874740243,12.181286354110897,51189500,BAC
2015-04-07,12.236692428588867,12.387078354913228,12.228777181192969,12.292097650681074,50057800,BAC
2015-04-08,12.355416297912598,12.458312234364895,12.268350853917314,12.27626610014582,71732500,BAC
2015-04-09,12.434564590454102,12.47414005829102,12.2920932081769,12.371244143850737,44935600,BAC
2015-04-10,12.44248104095459,12.497886248392769,12.34750036184371,12.418735305047367,43817700,BAC
2015-04-13,12.505804061889648,12.55329403377797,12.458313335161835,12.489973568033879,49191200,BAC
2015-04-14,12.521634101867676,12.624530049884834,12.434568648086778,12.569124829736944,84385400,BAC
2015-04-15,12.379158973693848,12.545375329169378,12.339583507182676,12.426648929635862,124479100,BAC
2015-04-16,12.497885704040527,12.61661135904813,12.331669334126298,12.379160049032922,105591000,BAC
2015-04-17,12.315840721130371,12.46622661483075,12.268350001896929,12.434566386954915,88994300,BAC
2015-04-20,12.323753356933594,12.418734026264113,12.315838867285496,12.363328824531125,53649400,BAC
2015-04-21,12.268349647521973,12.379160819306273,12.212944439049497,12.347500592344952,64033100,BAC
2015-04-22,12.458308219909668,12.529543903333009,12.260431656995578,12.3079223642242,73092800,BAC
2015-04-23,12.418733596801758,12.505799773473273,12.410819107427358,12.442479329442662,50292200,BAC
2015-04-24,12.379158973693848,12.466224396147034,12.355413240883601,12.434564173905946,40766100,BAC
2015-04-27,12.315840721130371,12.474141860509553,12.315840721130371,12.37124593120324,73523400,BAC
2015-04-28,12.387076377868652,12.434567099824722,12.268350705237605,12.33167116461942,58080100,BAC
2015-04-29,12.648269653320312,12.695761115816818,12.323752207986093,12.347497939234346,134499400,BAC
2015-04-30,12.608695983886719,12.703675897354426,12.505800071177699,12.664101185022632,78313900,BAC
2015-05-01,12.751171112060547,12.7828305892968,12.600784443571234,12.66410490772269,78171400,BAC
2015-05-04,13.012367248535156,13.020282494675829,12.759085410748975,12.774914393351485,76592300,BAC
2015-05-05,12.941126823425293,13.146918618995697,12.925296336917196,12.996532016525347,106148700,BAC
2015-05-06,12.893638610839844,13.051938968214998,12.727421499465667,12.949043811405073,96426500,BAC
2015-05-07,12.854063987731934,12.925299685796894,12.735338327516562,12.846148742427086,73794800,BAC
2015-05-08,13.020282745361328,13.028196481975531,12.838235099978482,12.917386053230302,86333700,BAC
2015-05-11,13.051941871643066,13.13109282277716,13.00445190483414,13.020282396996725,56246000,BAC
2015-05-12,13.004451751708984,13.044026471970632,12.94113129348306,13.02819597999445,59627100,BAC
2015-05-13,13.036109924316406,13.075686150305145,12.949045246498496,13.01236569840182,47330600,BAC
2015-05-14,13.07568645477295,13.13109166276864,13.02028124677726,13.083601700155004,55395700,BAC
2015-05-15,12.941126823425293,13.075682939387546,12.90155060715505,13.075682939387546,54937800,BAC
2015-05-18,13.067773818969727,13.091519559857813,12.909471899073802,12.909471899073802,51059900,BAC
2015-05-19,13.273566246032715,13.281481493314482,13.123179567037258,13.131094814319024,89115500,BAC
2015-05-20,13.24981689453125,13.33688308123213,13.16275070783037,13.281477875032895,67684000,BAC
2015-05-21,13.241901397705078,13.257731887654998,13.107345252488003,13.226070907755162,52056600,BAC
2015-05-22,13.257731437683105,13.297306151536107,13.218156723830102,13.233985703564166,47032900,BAC
2015-05-26,13.059856414794922,13.24190253582977,13.004451204886815,13.24190253582977,100048200,BAC
2015-05-27,13.24981689453125,13.25773213965666,13.091516521058953,13.107345501631134,70026700,BAC
2015-05-28,13.194411277770996,13.241901237367111,13.123175583537527,13.233985992487993,60970000,BAC
2015-05-29,13.059856414794922,13.194412571576928,13.036110677829129,13.186497325921664,74266200,BAC
2015-06-01,13.099431991577148,13.170667697462656,13.036111531865457,13.123177730098599,62941600,BAC
2015-06-02,13.23398494720459,13.265645924220328,13.059854102653462,13.07568459116133,65513200,BAC
2015-06-03,13.440400123596191,13.511849505767563,13.233990965568584,13.233990965568584,89614900,BAC
2015-06-04,13.321313858032227,13.480089031902924,13.27367994308497,13.392763216246392,61025500,BAC
2015-06-05,13.646805763244629,13.773826517866237,13.472151089984793,13.527723995062727,119087400,BAC
2015-06-08,13.559479713439941,13.757949850647321,13.535662751860542,13.710317441695505,69749600,BAC
2015-06-09,13.742072105407715,13.77382805470977,13.4959695551448,13.535662977565364,82104900,BAC
2015-06-10,13.964356422424316,13.988173379650078,13.781764292980247,13.805579735999306,102643100,BAC
2015-06-11,13.884966850280762,14.035804537613503,13.845273439291045,13.988172141584531,77191500,BAC
2015-06-12,13.884966850280762,13.956416201427503,13.78176307318356,13.853212424330302,53149400,BAC
2015-06-15,13.869091033935547,13.892907992751855,13.694437878569687,13.75794825453971,68053400,BAC
2015-06-16,13.932599067687988,13.940538052625463,13.789701881433073,13.861149717457256,47291200,BAC
2015-06-17,13.789704322814941,13.972296466084046,13.734131418413773,13.964357479741022,88712100,BAC
2015-06-18,13.797636032104492,13.813513998158804,13.670615332082365,13.773820597229209,97599900,BAC
2015-06-19,13.630929946899414,13.805583133584102,13.591236522627874,13.718257297345296,83395400,BAC
2015-06-22,13.869091033935547,13.916724951568165,13.773826227083914,13.781765213356017,58477700,BAC
2015-06-23,14.02786922454834,14.067562645928316,13.940541880464036,13.940541880464036,63865700,BAC
2015-06-24,13.884966850280762,14.04374352265276,13.853212424330302,13.916722790437788,59079500,BAC
2015-06-25,13.789704322814941,13.988174438770095,13.773826350128894,13.948479507054973,59772200,BAC
2015-06-26,13.821456909179688,13.908784233090238,13.77382451168603,13.877028291956723,63080800,BAC
2015-06-29,13.408641815185547,13.69443929368698,13.384826368115068,13.599172962784182,98604200,BAC
2015-06-30,13.511846542358398,13.599172368143325,13.376886796101445,13.55947894862353,89039800,BAC
2015-07-01,13.670624732971191,13.742074115143062,13.567420911060283,13.694441698430891,62317400,BAC
2015-07-02,13.519786834716797,13.662684067311856,13.408642523755697,13.622990643958845,64736500,BAC
2015-07-06,13.448334693908691,13.503906080850205,13.265741047120782,13.321313948269024,58726900,BAC
2015-07-07,13.249866485595703,13.440397631319764,12.972007996920508,13.416580670276652,115450500,BAC
2015-07-08,12.900558471679688,13.099028602013222,12.876741510925171,13.035518220874769,83033000,BAC
2015-07-09,13.083146095275879,13.27367717267818,13.059330656979593,13.122841016113693,81534400,BAC
2015-07-10,13.257804870605469,13.368947655346046,13.226048923989946,13.337191708730524,72965300,BAC
2015-07-13,13.511846542358398,13.535661988387517,13.41658021562124,13.472151608631709,67934300,BAC
2015-07-14,13.599169731140137,13.615047701551928,13.384823187407346,13.440394569642018,69999800,BAC
2015-07-15,14.03580379486084,14.170763504973213,13.88496611551019,13.916722053986742,173099900,BAC
2015-07-16,14.250155448913574,14.345420260076818,14.178706083437705,14.21839950238791,117054300,BAC
2015-07-17,14.36923885345459,14.416871264451027,14.2025231436565,14.258094542186848,96894900,BAC
2015-07-20,14.385114669799805,14.47244049115409,14.353358724429652,14.408930114620603,71980100,BAC
2015-07-21,14.353358268737793,14.424807629345437,14.305725866401618,14.377175227009264,63732800,BAC
2015-07-22,14.6470947265625,14.67091017067485,14.313664881128673,14.313664881128673,110327000,BAC
2015-07-23,14.432745933532715,14.63121603379756,14.353357590585436,14.59946009093597,103650100,BAC
2015-07-24,14.210458755493164,14.472439225050616,14.162826355811815,14.432745811017272,86364300,BAC
2015-07-27,14.02786922454834,14.115196568632644,13.892909471966671,14.019930237430952,93231900,BAC
2015-07-28,14.194584846496582,14.202523834416619,13.972299241564006,14.12313698363048,82166800,BAC
2015-07-29,14.416871070861816,14.44862702057105,14.226339915227474,14.250156877509399,96388600,BAC
2015-07-30,14.393051147460938,14.520073405958245,14.32954077531564,14.448624048018946,65667900,BAC
2015-07-31,14.194584846496582,14.33748360064302,14.178708384863624,14.313668151090026,67176900,BAC
2015-08-03,14.107254981994629,14.266030152464259,14.004049682693017,14.218397752744037,62376800,BAC
2015-08-04,14.131072044372559,14.234277355502961,14.059622679499775,14.123134572015013,69741500,BAC
2015-08-05,14.186639785766602,14.329536949284497,14.131066900046727,14.2342721736059,65228600,BAC
2015-08-06,14.13901138305664,14.273971129598857,14.107256950215065,14.218399736470927,47594700,BAC
2015-08-07,14.091378211975098,14.345419717748882,13.972296445419488,14.226337951193273,71020700,BAC
2015-08-10,14.32160472869873,14.329542201075782,14.178705998602002,14.186644985185916,65791200,BAC
2015-08-11,14.123136520385742,14.266033755637974,14.067563606768296,14.170768932136488,65868600,BAC
2015-08-12,13.908785820007324,14.01198961205301,13.511845595789353,13.988174167692277,141600100,BAC
2015-08-13,13.988173484802246,14.04374487120673,13.845274768786878,13.940539569992646,67456200,BAC
2015-08-14,14.051685333251953,14.051685333251953,13.924664575495223,13.948480021195314,52710300,BAC
2015-08-17,14.107254981994629,14.13900941040588,13.940539311663828,13.98023423993625,42310000,BAC
2015-08-18,14.04374885559082,14.210463062103143,14.011992903374868,14.067564305545641,50360700,BAC
2015-08-19,13.861150741577148,14.043744380216774,13.845274284735726,13.932600097086858,78540500,BAC
2015-08-20,13.27367877960205,13.654742494744983,13.27367877960205,13.64680350961632,149185400,BAC
2015-08-21,12.781476020812988,13.226048665286257,12.781476020812988,12.860864371592069,148874300,BAC
2015-08-24,12.138435363769531,12.686212690676454,11.590658036862608,11.924087977450684,214649500,BAC
2015-08-25,12.114617347717285,12.860865487032834,12.106678360530132,12.860865487032834,194377000,BAC
2015-08-26,12.749719619750977,12.749719619750977,12.178126240115436,12.55125026409396,174208500,BAC
2015-08-27,13.051395416259766,13.059334402704417,12.77353694752432,13.00376149759186,124185400,BAC
2015-08-28,12.987882614135742,13.051392979629043,12.86086188314914,13.019637039779115,75899300,BAC
2015-08-31,12.972004890441895,13.003759316688022,12.84498415704422,12.964065905328717,66695200,BAC
2015-09-01,12.36865520477295,12.741778406430766,12.273389658151597,12.662390829464604,119064000,BAC
2015-09-02,12.623519897460938,12.631483685883925,12.400517111713084,12.599626253568676,74820400,BAC
2015-09-03,12.695197105407715,12.894306984139535,12.639446795087414,12.719090746580141,77175800,BAC
2015-09-04,12.464229583740234,12.631481261175349,12.344764425375562,12.575730955210629,104539500,BAC
2015-09-08,12.87041187286377,12.87041187286377,12.663338230268161,12.711124747613658,73960200,BAC
2015-09-09,12.663335800170898,13.109339665282958,12.607585506917086,13.037661801872028,70466100,BAC
2015-09-10,12.77484130859375,12.830591616697768,12.591660531259004,12.639446292622168,71110200,BAC
2015-09-11,12.77484130859375,12.790768882993495,12.663339173303749,12.735018574889477,54287700,BAC
2015-09-14,12.711126327514648,12.798734067405984,12.663339804229633,12.71909087465232,50640900,BAC
2015-09-15,12.989876747131348,13.053591595859059,12.750946444172888,12.774840082101461,62327100,BAC
2015-09-16,13.005805015563965,13.053590769313528,12.81466048148399,13.021734106507727,83776400,BAC
2015-09-17,12.63148307800293,13.125273634896551,12.56776821643866,12.973951788107739,119088200,BAC
2015-09-18,12.39255142211914,12.51201658508862,12.34476490120676,12.48812370440292,136531200,BAC
2015-09-21,12.504047393798828,12.543869353177373,12.400510603230893,12.480154521987982,79096200,BAC
2015-09-22,12.4005126953125,12.408477240440043,12.304940432404486,12.336797853373824,92235200,BAC
2015-09-23,12.519981384277344,12.623518215391014,12.408480006260852,12.424409100066494,78117500,BAC
2015-09-24,12.384588241577148,12.440338555840844,12.265122305887857,12.376623693956315,99520100,BAC
2015-09-25,12.655376434326172,12.758913271910108,12.591661574203911,12.647411886925628,88655000,BAC
2015-09-28,12.32087230682373,12.599624613410269,12.249192903560022,12.575731732169364,91324300,BAC
2015-09-29,12.225298881530762,12.368656915139907,12.145654938771626,12.344764036128538,79829400,BAC
2015-09-30,12.408475875854492,12.424404964357821,12.201402282555689,12.384583002640245,71347100,BAC
2015-10-01,12.384588241577148,12.45626765108251,12.233264874945592,12.360695358255716,71516800,BAC
2015-10-02,12.249192237854004,12.249192237854004,11.65186492250733,12.010261159807143,181838400,BAC
2015-10-05,12.496087074279785,12.575731019960271,12.296977969619526,12.304942516095766,75315300,BAC
2015-10-06,12.496087074279785,12.599623899848034,12.400514795187776,12.488123287344502,67473700,BAC
2015-10-07,12.543871879577637,12.687230658397311,12.400513100757962,12.567764756200631,66655600,BAC
2015-10-08,12.543871879577637,12.567764756200631,12.352727347511973,12.519979002954642,79056900,BAC
2015-10-09,12.408475875854492,12.599620380649968,12.344761040922668,12.543870089969808,76667100,BAC
2015-10-12,12.360696792602539,12.44033999942954,12.289017374779432,12.424411661880601,50725800,BAC
2015-10-13,12.360696792602539,12.416447113335556,12.265123729144292,12.304945712328369,73689800,BAC
2015-10-14,12.456265449523926,12.679267426705723,12.3845860526874,12.559802271672137,122272400,BAC
2015-10-15,12.894306182861328,12.965985582842277,12.519980849372462,12.591660249353412,127028800,BAC
2015-10-16,12.838555335998535,12.973949583703028,12.766875939032518,12.973949583703028,66989500,BAC
2015-10-19,12.854479789733887,12.91023008071485,12.727050119182687,12.742979207771961,62953500,BAC
2015-10-20,12.90227222442627,12.973951632712803,12.822628268654334,12.870414034484652,50797800,BAC
2015-10-21,12.663335800170898,12.973946963998877,12.663335800170898,12.95005333014086,64440400,BAC
2015-10-22,12.87041187286377,12.902270057454716,12.74298217266368,12.74298217266368,74116600,BAC
2015-10-23,13.157130241394043,13.181022362178236,12.94209203984465,12.973950226332832,82285800,BAC
2015-10-26,13.149168014526367,13.181024687552707,13.013773736229451,13.157132562553505,67702800,BAC
2015-10-27,13.061554908752441,13.117305206240825,12.981910975591175,13.061554908752441,56159300,BAC
2015-10-28,13.762423515319824,13.78631563853862,13.101381269149442,13.101381269149442,147720100,BAC
2015-10-29,13.611098289489746,13.889851335189514,13.515525252447983,13.666848594813322,95542300,BAC
2015-10-30,13.364205360412598,13.68277966478552,13.348276265423424,13.68277966478552,87645800,BAC
2015-11-02,13.587203025817871,13.65091786986661,13.43588122062818,13.45977333772039,56948200,BAC
2015-11-03,13.682780265808105,13.746495129481396,13.531456894928226,13.547385990617093,66127100,BAC
2015-11-04,13.547385215759277,13.786315561097684,13.507562478814817,13.778351013708791,78728400,BAC
2015-11-05,13.786314964294434,13.834102246559096,13.563313723387433,13.563313723387433,85505500,BAC
2015-11-06,14.296034812927246,14.407535429257855,14.144711462848589,14.208426317763502,158037500,BAC
2015-11-09,14.080994606018066,14.399568835300473,13.98542157769247,14.359747626295828,129920700,BAC
2015-11-10,14.216386795043945,14.288066176190103,13.985419562665987,14.041169854872658,59905800,BAC
2015-11-11,14.136744499206543,14.327889031272207,14.080994200572604,14.327889031272207,59235000,BAC
2015-11-12,13.834100723266602,14.041172847284376,13.818171630932355,14.001351635530616,77850900,BAC
2015-11-13,13.698709487915039,13.786316476847931,13.611100979899957,13.642957652489503,103574900,BAC
2015-11-16,13.881885528564453,13.905777646344408,13.547382207909344,13.64295371719266,70384300,BAC
2015-11-17,13.873918533325195,14.01727729102009,13.810203698692073,13.937633367958316,70488600,BAC
2015-11-18,14.208426475524902,14.232320116039032,13.881887650575042,13.881887650575042,85708300,BAC
2015-11-19,14.088961601257324,14.216391315126257,14.033211291324918,14.16064100519385,51829700,BAC
2015-11-20,14.057100296020508,14.200459072103074,14.009314543686878,14.184529981631306,56288300,BAC
2015-11-23,13.913742065429688,14.120815692436025,13.905777519881552,14.033208729569997,50362900,BAC
2015-11-24,13.913742065429688,13.993386001829316,13.738526620615895,13.746491166164033,58724200,BAC
2015-11-25,13.889850616455078,13.993386675401087,13.865956978660549,13.945600918893838,34939000,BAC
2015-11-27,13.921709060668945,13.937638154568134,13.802243894589049,13.905779966769758,22937500,BAC
2015-11-30,13.881885528564453,14.001350674709474,13.873920982943886,13.921706737585543,61893700,BAC
2015-12-01,14.184531211853027,14.184531211853027,13.921707272600878,13.953565456307471,74351800,BAC
2015-12-02,14.072717666625977,14.288359731859524,14.01680888474916,14.280372763019978,76919000,BAC
2015-12-03,13.81714153289795,14.192521514024081,13.777208205414182,14.12064030586626,95810100,BAC
2015-12-04,14.21648120880127,14.2404421198253,13.881036071259006,13.928957893307064,103021700,BAC
2015-12-07,14.008821487426758,14.216476554888294,13.928953333517835,14.2084911105199,81633300,BAC
2015-12-08,13.729287147521973,13.944929236695762,13.681365329164496,13.889021971970754,84873500,BAC
2015-12-09,13.657407760620117,13.881036849276583,13.473712002549759,13.66539473140912,82418100,BAC
2015-12-10,13.737274169921875,13.904995964740008,13.545589942474411,13.697339321137521,68395000,BAC
2015-12-11,13.361893653869629,13.625457551478437,13.290012452398258,13.553576350007067,91503900,BAC
2015-12-14,13.417802810668945,13.489684022287722,13.178199787512272,13.38585645181553,121121200,BAC
2015-12-15,13.912980079650879,13.96888733311848,13.569548067368867,13.59350897172287,99737200,BAC
2015-12-16,14.176548957824707,14.200509870669688,13.761235608665386,14.096680771700385,171576700,BAC
2015-12-17,13.81714153289795,14.240441811676364,13.81714153289795,14.216480901170824,97265700,BAC
2015-12-18,13.385851860046387,13.793178078374098,13.385851860046387,13.729283859226125,136737800,BAC
2015-12-21,13.553576469421387,13.601498286396954,13.393841649578832,13.561563438917315,65150300,BAC
2015-12-22,13.641429901123047,13.665390806608311,13.457734195811447,13.617468995637783,56173500,BAC
2015-12-23,13.849089622497559,13.849089622497559,13.657406905637933,13.705327204013134,65770700,BAC
2015-12-24,13.793181419372559,13.881035039882049,13.753246570633047,13.833114744753352,29369400,BAC
2015-12-28,13.681365013122559,13.761233185181338,13.561563516713731,13.75324621563959,41777500,BAC
2015-12-29,13.80117130279541,13.857078579475038,13.705329168945308,13.777210388493126,45670400,BAC
2015-12-30,13.617471694946289,13.769221079716369,13.609486248226771,13.737274722761962,35066400,BAC
2015-12-31,13.441760063171387,13.633442734188062,13.441760063171387,13.585522447273506,47153000,BAC
2016-01-04,13.122292518615723,13.170212818581184,12.978530095360464,13.138266459723832,114888000,BAC
2016-01-05,13.122292518615723,13.250081000762869,12.962556154252352,13.194173730243351,66670000,BAC
2016-01-06,12.842748641967773,13.010471898517588,12.794828364392751,12.930603753653779,102760800,BAC
2016-01-07,12.379521369934082,12.698992584486405,12.331600306911504,12.563217127881803,116255900,BAC
2016-01-08,12.139917373657227,12.73093949146172,12.107970252740213,12.73093949146172,124782400,BAC
2016-01-11,12.22776985168457,12.275690141734165,11.932258095768535,12.187835768857056,104611700,BAC
2016-01-12,12.22776985168457,12.443412680266299,12.02810019922628,12.411465566340144,100023500,BAC
2016-01-13,11.900310516357422,12.395491905362546,11.860377196771191,12.355557824097067,119413000,BAC
2016-01-14,11.972190856933594,12.139913376950107,11.700640037699316,11.988164792972878,125920000,BAC
2016-01-15,11.548892974853516,11.708628547889528,11.28532908892427,11.50895889117469,172296100,BAC
2016-01-19,11.373183250427246,11.812456639299382,11.189487535299945,11.732588473439256,185727400,BAC
2016-01-20,10.933910369873047,11.181501086206518,10.59846603803182,11.013778539446248,250537600,BAC
2016-01-21,10.670344352722168,11.053710424014255,10.58248999302233,10.91793501977322,188976000,BAC
2016-01-22,10.830080032348633,10.9578684614795,10.75819885054274,10.901960452475405,169999800,BAC
2016-01-25,10.350876808166504,10.82209740062492,10.334902867286154,10.814110430184742,186419100,BAC
2016-01-26,10.630415916442871,10.662363040239564,10.41477225955556,10.438732411983201,124246900,BAC
2016-01-27,10.670344352722168,10.965855302635255,10.534568948481134,10.542555916184527,124095800,BAC
2016-01-28,10.806122779846191,10.949885192006427,10.590479923285214,10.854043837792728,110996200,BAC
2016-01-29,11.293316841125488,11.301303049071619,10.854043413555779,10.909950677575422,159984100,BAC
2016-02-01,11.149555206298828,11.253383533578445,11.02176673016373,11.22143641454467,105739400,BAC
2016-02-02,10.566515922546387,10.981829097664038,10.486648531570868,10.97384213006274,147101200,BAC
2016-02-03,10.406782150268555,10.614438773172893,9.999456635099932,10.606451804212123,257664600,BAC
2016-02-04,10.582491874694824,10.854042731461343,10.294967841360494,10.294967841360494,179394400,BAC
2016-02-05,10.342889785766602,10.694308866574652,10.294969486725135,10.638400835453714,125842800,BAC
2016-02-08,9.799788475036621,10.143219814230337,9.687973177578552,10.119259665374821,221363600,BAC
2016-02-09,9.743878364562988,9.927574831036743,9.552195691295864,9.576155835034445,247349000,BAC
2016-02-10,9.568171501159668,10.015431956948778,9.512264229815822,9.919590593925278,227530000,BAC
2016-02-11,8.913253784179688,9.22473873789669,8.777478350124532,9.15285753614051,375088700,BAC
2016-02-12,9.544208526611328,9.608102749720151,9.104935171478752,9.168829394587576,245388400,BAC
2016-02-16,9.783815383911133,9.895630691074723,9.67200007674754,9.887643720203153,194306700,BAC
2016-02-17,10.03140640258789,10.135233979823347,9.959525186286816,10.039392611981743,221859400,BAC
2016-02-18,9.775829315185547,10.175168755462861,9.664014759382802,10.151208602316492,161539400,BAC
2016-02-19,9.687973022460938,9.775827407977424,9.56817075674276,9.759854229555966,121045600,BAC
2016-02-22,10.015429496765137,10.015429496765137,9.687971396451582,9.687971396451582,88865500,BAC
2016-02-23,9.711930274963379,9.967507146932155,9.664009992308813,9.9595209409425,104498700,BAC
2016-02-24,9.687973022460938,9.703946200882395,9.304606838513912,9.552197578321302,159552800,BAC
2016-02-25,9.83971881866455,9.847705786420798,9.65602313034584,9.695957207447915,103054600,BAC
2016-02-26,10.143218040466309,10.342887689930919,9.903614308772925,9.975495504448867,160314400,BAC
2016-02-29,9.999456405639648,10.27100648896097,9.991469436862157,10.143218035238167,123661100,BAC
2016-03-01,10.534570693969727,10.550544632023259,10.079324122954112,10.095298061007643,153558200,BAC
2016-03-02,10.751033782958984,10.831205855421558,10.526553050472348,10.58267304244962,139622500,BAC
2016-03-03,10.823190689086914,10.863276733443517,10.6227612318816,10.726984641377687,105082700,BAC
2016-03-04,10.85525894165039,11.135860476453521,10.815172898881704,11.031637071086006,171410900,BAC
2016-03-07,10.847241401672363,10.919396124553042,10.718966678585671,10.783104040129018,97650300,BAC
2016-03-08,10.470434188842773,10.79913834518537,10.462416827815483,10.74301758257197,125894800,BAC
2016-03-09,10.534571647644043,10.638795048252682,10.422330885932208,10.558622966375994,92253800,BAC
2016-03-10,10.638794898986816,10.74301753355554,10.422330739703408,10.606725455023977,123016200,BAC
2016-03-11,11.055685997009277,11.095772031098065,10.71896453398747,10.77508452296527,120400600,BAC
2016-03-14,10.935426712036133,11.015598001360006,10.815168631184267,10.999564049326178,87746800,BAC
2016-03-15,10.879308700561523,10.903360781518444,10.735000037707815,10.831206067802809,80404000,BAC
2016-03-16,10.670866012573242,11.071724978619786,10.494487853430979,10.831209446076299,149645400,BAC
2016-03-17,10.74301815032959,10.807155512782245,10.462417380743636,10.598709467099948,122212300,BAC
2016-03-18,11.055685997009277,11.127840705453593,10.863273950876104,10.967497333675949,146616200,BAC
2016-03-21,11.095773696899414,11.24809973181241,10.999567659389477,11.063705017729436,104695700,BAC
2016-03-22,11.031638145446777,11.095775514291883,10.927414729929042,10.959483414351595,83252100,BAC
2016-03-23,10.919395446777344,11.087756201522753,10.903361489675577,11.039653565639842,95789700,BAC
2016-03-24,10.967497825622559,10.975514421137895,10.638793707590004,10.75103369058012,94836500,BAC
2016-03-28,10.919395446777344,11.015601483120776,10.855258089215054,11.007584122281086,54498500,BAC
2016-03-29,10.759056091308594,10.855262163763202,10.630781328035784,10.855262163763202,101606800,BAC
2016-03-30,10.807154655456543,10.951464091815865,10.791120698404178,10.815172016271529,85897000,BAC
2016-03-31,10.839225769042969,10.991551825113138,10.783104999267453,10.815173682891578,79592100,BAC
2016-04-01,10.87129020690918,10.943444143450611,10.678877415733075,10.79913550579032,73130900,BAC
2016-04-04,10.83121109008789,10.943451128287446,10.751038978878565,10.855262417619521,59709600,BAC
2016-04-05,10.57465648651123,10.694914604350956,10.550605168774329,10.66284592584255,78445900,BAC
2016-04-06,10.638794898986816,10.66284621738132,10.510519416868338,10.582674136629473,62558500,BAC
2016-04-07,10.302075386047363,10.590693556626434,10.221903289708735,10.542590145907702,105704500,BAC
2016-04-08,10.326125144958496,10.53457195220204,10.310090422288534,10.44638250667257,76548100,BAC
2016-04-11,10.398280143737793,10.494486188577424,10.326125418963649,10.35819410057686,79411500,BAC
2016-04-12,10.638794898986816,10.686897535775824,10.366210741923691,10.422330739703408,100791600,BAC
2016-04-13,11.055685997009277,11.103789390831324,10.847239231409587,10.863273950876104,138647200,BAC
2016-04-14,11.336289405822754,11.448529402934401,10.98353316312937,10.991550524230954,179383300,BAC
2016-04-15,11.224048614501953,11.456546733790674,11.18396257367749,11.44051277620747,87958700,BAC
2016-04-18,11.36034107208252,11.416461072355153,11.079739541564038,11.10379162560459,81998200,BAC
2016-04-19,11.584819793701172,11.656974503936379,11.416459058011531,11.432493777876033,107153600,BAC
2016-04-20,11.96964168548584,11.977658278848338,11.648954249088504,11.673006322908007,115628700,BAC
2016-04-21,11.945592880249023,12.138005700566831,11.825335536555746,11.969644960649715,121589000,BAC
2016-04-22,12.113956451416016,12.138008537438113,11.92154435070558,11.92154435070558,83456600,BAC
2016-04-25,11.993699073791504,12.138008531543107,11.873441702050316,12.041802481234614,70489500,BAC
2016-04-26,12.097922325134277,12.138008370040549,11.86542418217116,12.041802321012126,84812400,BAC
2016-04-27,12.041802406311035,12.26628318896748,12.009732958496683,12.041802406311035,115789000,BAC
2016-04-28,11.857404708862305,12.08990281042519,11.833353392032373,11.961628101228781,78639300,BAC
2016-04-29,11.673011779785156,11.905509916686773,11.568788371577163,11.809303105588862,122128100,BAC
2016-05-02,11.841373443603516,11.849390041316983,11.544737155450498,11.689046618381399,68882800,BAC
2016-05-03,11.512665748596191,11.632923860795144,11.344305003179715,11.632923860795144,110549000,BAC
2016-05-04,11.328272819519043,11.440513588885041,11.224049411802978,11.296204137496998,99269700,BAC
2016-05-05,11.26413345336914,11.480596827398953,11.224047416822122,11.344304761885624,73145900,BAC
2016-05-06,11.312238693237305,11.336290779456483,11.06370658559428,11.087757907235732,76595100,BAC
2016-05-09,11.216032028198242,11.376375437994598,11.1518946642797,11.288186753751024,55399600,BAC
2016-05-10,11.464563369750977,11.488614686893383,11.264133942883223,11.28818526002563,59870500,BAC
2016-05-11,11.384391784667969,11.624907260208497,11.376374423748507,11.42447782468766,68088900,BAC
2016-05-12,11.336289405822754,11.600856205553976,11.26413468506376,11.464564125137573,72567100,BAC
2016-05-13,11.127840042114258,11.520681470696275,11.11982268285892,11.34430338996615,86193900,BAC
2016-05-16,11.167927742004395,11.240082456925505,11.06370434984919,11.07973830617745,57848600,BAC
2016-05-17,11.232064247131348,11.32827027155877,11.079737468354788,11.135858222703924,76273800,BAC
2016-05-18,11.777233123779297,11.825336524019967,11.232065586991489,11.240082947794535,150748500,BAC
2016-05-19,11.648957252502441,11.921541376117615,11.568785946165795,11.70507800797338,106156900,BAC
2016-05-20,11.640944480895996,11.785253185535565,11.568789746287319,11.737150538848303,81214000,BAC
2016-05-23,11.60085391998291,11.70507730003678,11.54473316790622,11.656973907482115,66303200,BAC
2016-05-24,11.769218444824219,11.825338450432584,11.648960306920637,11.705081077106735,96183700,BAC
2016-05-25,11.961628913879395,12.14602362973227,11.889474193909964,11.889474193909964,123498700,BAC
2016-05-26,11.785253524780273,12.017751696002046,11.777236161909018,12.00973433313079,65356600,BAC
2016-05-27,11.929561614990234,11.929561614990234,11.777234796408987,11.833355565423103,62411300,BAC
2016-05-31,11.857404708862305,12.065851493595257,11.809301310624864,12.049816772656918,85635900,BAC
2016-06-01,11.953935623168945,11.98611307807928,11.624116518545268,11.744782549837298,62612100,BAC
2016-06-02,12.018294334411621,12.050471799499782,11.881540683165401,12.026338892476483,64327300,BAC
2016-06-03,11.599987030029297,11.664341958772964,11.414966034512805,11.63216449440113,148600900,BAC
2016-06-06,11.680432319641113,11.825230541163757,11.559766240005674,11.61607661686607,80949300,BAC
2016-06-07,11.543673515319824,11.744782804665668,11.535628959624937,11.696516237667401,67447100,BAC
2016-06-08,11.608031272888184,11.632164178719306,11.50345432472499,11.543676345891026,58292900,BAC
2016-06-09,11.41496467590332,11.519541614457843,11.326476851205419,11.519541614457843,74814900,BAC
2016-06-10,11.125368118286133,11.262122524601418,11.061013193804964,11.246033409895519,90725700,BAC
2016-06-13,10.94034481048584,11.18971988058489,10.924255700326677,10.97252226363317,71925000,BAC
2016-06-14,10.666837692260742,11.044922632267498,10.594438219910606,10.908169011037492,85377800,BAC
2016-06-15,10.731193542480469,10.98861322909323,10.682926967654986,10.763371003307064,100659100,BAC
2016-06-16,10.707062721252441,10.723151071209447,10.473775893090899,10.642707019910434,90152000,BAC
2016-06-17,10.779459953308105,10.884036898639023,10.682927565426773,10.763371605580161,89022300,BAC
2016-06-20,10.892080307006836,11.141456191436957,10.867947404375258,11.052967603169265,89874000,BAC
2016-06-21,10.956435203552246,10.980568106135545,10.819680810294988,10.956435203552246,73810800,BAC
2016-06-22,10.94839096069336,11.08514535786931,10.932302614233862,10.940347171049192,77980500,BAC
2016-06-23,11.294299125671387,11.302343682410953,11.11732271325671,11.133411826735843,82494600,BAC
2016-06-24,10.457683563232422,10.8116355924327,10.433550662125176,10.497905576525227,231499200,BAC
2016-06-27,9.79804515838623,10.272663220263816,9.693468232280061,10.272663220263816,250847700,BAC
2016-06-28,10.216352462768555,10.232441575288172,9.934799898215239,10.111775532904371,150136300,BAC
2016-06-29,10.610527038574219,10.63466070854805,10.393329379007767,10.513994660192335,118484000,BAC
2016-06-30,10.674883842468262,10.763371673458048,10.51399576114686,10.755327115957733,125773900,BAC
2016-07-01,10.538129806518555,10.674884220177791,10.473774878581416,10.610528525069396,88888100,BAC
2016-07-05,10.248531341552734,10.409418653199712,10.1600435119397,10.401374862995777,98246500,BAC
2016-07-06,10.345061302185059,10.393327867944203,10.015242198872524,10.071553320120032,94983300,BAC
2016-07-07,10.465729713439941,10.546172985107383,10.32897530771696,10.35310821250007,101100300,BAC
2016-07-08,10.594435691833496,10.715100938842799,10.546169132727217,10.68292348849559,92698900,BAC
2016-07-11,10.626619338989258,10.779462125474536,10.618574779918617,10.690974277211625,67267300,BAC
2016-07-12,10.892080307006836,10.940346879441135,10.779458816107564,10.787503372708471,89070600,BAC
2016-07-13,10.811640739440918,10.924262276841356,10.715108321885454,10.85990733180438,74595600,BAC
2016-07-14,10.980569839477539,11.085146790074718,10.97252604879411,11.044924767972532,97852100,BAC
2016-07-15,10.988615036010742,11.093191992686128,10.87599428818441,11.085147434363874,78652500,BAC
2016-07-18,11.350611686706543,11.447144084762682,11.117324866278045,11.133413982873055,187187100,BAC
2016-07-19,11.471275329589844,11.559763150603294,11.28625436379845,11.310388033578507,96940100,BAC
2016-07-20,11.58389663696289,11.608030307959122,11.471275907665197,11.54367538631153,79277900,BAC
2016-07-21,11.47931957244873,11.640206864062952,11.47127501607524,11.608029405740108,65376300,BAC
2016-07-22,11.5678071975708,11.583895542877583,11.406919908647438,11.471274824216783,46604800,BAC
2016-07-25,11.559762001037598,11.575851112624314,11.487362533239509,11.51149620061958,46420800,BAC
2016-07-26,11.688472747802734,11.704561860659616,11.511497109403773,11.51954089866109,60205600,BAC
2016-07-27,11.768918991088867,11.825229362335824,11.62412001682953,11.720652410611999,100986000,BAC
2016-07-28,11.8091402053833,11.817183995602853,11.632163778642425,11.720651608427254,72049500,BAC
2016-07-29,11.656295776367188,11.825227632568357,11.648251219602571,11.71260690654835,63276500,BAC
2016-08-01,11.527584075927734,11.744782470483257,11.471273722007874,11.680427561097407,61460900,BAC
2016-08-02,11.366698265075684,11.624117935742623,11.334520806242317,11.487363543908028,83776300,BAC
2016-08-03,11.648253440856934,11.648253440856934,11.342567897220604,11.350611688347968,65305400,BAC
2016-08-04,11.648253440856934,11.696520023477635,11.551721042786834,11.648253440856934,46176600,BAC
2016-08-05,12.106781005859375,12.114825562639872,11.865449672642582,11.865449672642582,120947800,BAC
2016-08-08,12.171134948730469,12.203312406098272,12.002203105756733,12.130912935227942,71960300,BAC
2016-08-09,12.219401359558105,12.219401359558105,12.122868982648686,12.155046441618493,49973300,BAC
2016-08-10,11.913716316223145,12.211358014311632,11.889582645739715,12.195268900656012,79080700,BAC
2016-08-11,11.970027923583984,12.042427408215598,11.865450975468459,11.929805902436284,68945400,BAC
2016-08-12,11.994158744812012,11.994158744812012,11.825226899089119,11.88153802577749,63031300,BAC
2016-08-15,12.082648277282715,12.090692067008286,12.026337146176703,12.042426259970183,48592100,BAC
2016-08-16,12.203312873840332,12.219401219555335,12.010248122233518,12.042425580834653,80307500,BAC
2016-08-17,12.187222480773926,12.259621946814217,12.130912125929719,12.195267036371968,93407300,BAC
2016-08-18,12.195271492004395,12.259626425959194,12.114828208146559,12.155049466489812,62804300,BAC
2016-08-19,12.243538856506348,12.26767176648489,12.106784421342313,12.171139359399344,59834800,BAC
2016-08-22,12.211358070373535,12.267668434084396,12.16309149635625,12.227446416931851,60877100,BAC
2016-08-23,12.348114013671875,12.396379826558132,12.275714527171228,12.275714527171228,67817900,BAC
2016-08-24,12.388336181640625,12.46878023194103,12.356158714954725,12.364203273419031,65484900,BAC
2016-08-25,12.492914199829102,12.500958758975756,12.388337232436736,12.404426350730049,67714400,BAC
2016-08-26,12.702067375183105,12.790555218991651,12.533135479060363,12.557268387886086,126886300,BAC
2016-08-29,12.74228572845459,12.879040117667309,12.694019157544346,12.718152826585026,120144900,BAC
2016-08-30,13.023838996887207,13.056015687768646,12.710108205496475,12.742285663549028,121280600,BAC
2016-08-31,13.044042587280273,13.124861006361007,12.833916085005185,13.100615018191847,127664300,BAC
2016-09-01,12.914735794067383,13.052126665982286,12.728854479559978,13.052126665982286,128812600,BAC
2016-09-02,12.93089771270752,12.979388147514896,12.78542486680226,12.882406507158578,100997300,BAC
2016-09-06,12.753096580505371,12.979387055633595,12.688442159040163,12.97130506026507,96542200,BAC
2016-09-07,12.688443183898926,12.809670811993996,12.648033974533902,12.70460717594156,63310300,BAC
2016-09-08,12.817752838134766,12.882407268861826,12.672280754369684,12.745017181623028,69292700,BAC
2016-09-09,12.720770835876465,13.0521249767605,12.720770835876465,12.858161690010078,135182500,BAC
2016-09-12,12.850080490112305,12.882407706574234,12.510644331891228,12.648035194539837,109724000,BAC
2016-09-13,12.704607963562012,12.817752831908603,12.567217105648343,12.664198751691824,89317600,BAC
2016-09-14,12.631872177124023,12.801590258994851,12.575299740080965,12.664199394111721,75528100,BAC
2016-09-15,12.66419792175293,12.728852348211504,12.591461499301642,12.639952704516354,67322600,BAC
2016-09-16,12.518725395202637,12.672280240002836,12.5106433990044,12.656116247606361,90926200,BAC
2016-09-19,12.5995454788208,12.753099573148303,12.56721826050229,12.56721826050229,66186400,BAC
2016-09-20,12.607626914978027,12.736935782497122,12.534890484313125,12.720771788686411,68210400,BAC
2016-09-21,12.64803409576416,12.793506942575963,12.437907592386807,12.696525301615285,95464600,BAC
2016-09-22,12.607626914978027,12.696526568711993,12.52680848740777,12.680362574901283,75611300,BAC
2016-09-23,12.542974472045898,12.664201361900831,12.52681047566963,12.551055699492263,51604400,BAC
2016-09-26,12.195455551147461,12.478318534675925,12.138883108590115,12.445991314537194,94972100,BAC
2016-09-27,12.35709285736084,12.397502079161884,11.969166177851147,12.130802294313519,81992600,BAC
2016-09-28,12.429826736450195,12.437908733290323,12.243944662835474,12.41366274276994,66076400,BAC
2016-09-29,12.25202751159668,12.526809257334296,12.17120984980083,12.42982760073426,78997700,BAC
2016-09-30,12.64803409576416,12.712688523071279,12.260107531921443,12.332843955327347,119428700,BAC
2016-10-03,12.631872177124023,12.712689834222445,12.526808529228592,12.599544960136326,69873100,BAC
2016-10-04,12.769262313842773,12.971306830438106,12.664198671938575,12.688443890611357,98501500,BAC
2016-10-05,13.019800186157227,13.116781071104434,12.898572538489846,12.898572538489846,86056900,BAC
2016-10-06,13.108698844909668,13.116780842094725,12.963227520028685,13.068290400467731,75886700,BAC
2016-10-07,13.03596019744873,13.132942605712705,12.914733343231077,13.08445217232226,99605400,BAC
2016-10-10,13.17335319519043,13.254171625031782,13.076372312567475,13.108698759614015,64158500,BAC
2016-10-11,13.019800186157227,13.197599502882689,12.947063751705135,13.141027063082923,77374000,BAC
2016-10-12,12.955144882202148,13.124862190245656,12.938980888631356,13.003635321431254,67165800,BAC
2016-10-13,12.793506622314453,13.003633891173232,12.607625341145068,13.003633891173232,78637000,BAC
2016-10-14,12.93089771270752,13.116778997371739,12.882406507158578,13.052124570467527,108865700,BAC
2016-10-17,12.97131061553955,13.092539056503423,12.85008371605934,13.068293060013916,101795500,BAC
2016-10-18,13.141027450561523,13.149109448125994,13.019800570061312,13.084455009093652,71433100,BAC
2016-10-19,13.31074333190918,13.359235312038845,13.157190019281662,13.173352471174965,97969000,BAC
2016-10-20,13.383480072021484,13.440052508672478,13.262253201843171,13.294581189348474,88081200,BAC
2016-10-21,13.472378730773926,13.472378730773926,13.254169468156862,13.302659901577403,77954900,BAC
2016-10-24,13.553200721740723,13.577445174103246,13.42389183752896,13.53703672584338,68244800,BAC
2016-10-25,13.512786865234375,13.593605280110939,13.480460424173579,13.504704869598413,49350300,BAC
2016-10-26,13.634016036987305,13.634016036987305,13.431970758997755,13.448133209709734,58730400,BAC
2016-10-27,13.666346549987793,13.819901438606644,13.625938098948746,13.698674544005907,97937300,BAC
2016-10-28,13.480463027954102,13.722916777931207,13.334990161374499,13.698672327823507,115123600,BAC
2016-10-31,13.334988594055176,13.520869883289077,13.334988594055176,13.480461443536722,70387600,BAC
2016-11-01,13.423887252807617,13.537032102479163,13.19759601198156,13.38347727686566,88587100,BAC
2016-11-02,13.31882381439209,13.383478239064553,13.15718852345247,13.302659822853206,119202000,BAC
2016-11-03,13.31882381439209,13.472378651045345,13.29457936856684,13.31882381439209,69690400,BAC
2016-11-04,13.375399589538574,13.504708471233862,13.213764258161197,13.35923713543926,82437400,BAC
2016-11-07,13.747164726257324,13.771410721299485,13.61785583566627,13.625937834013657,91581900,BAC
2016-11-08,13.739080429077148,13.827980854539954,13.504707140669138,13.593607566131944,95842800,BAC
2016-11-09,14.523014068603516,14.58766849608626,14.062351080103571,14.272478354793275,319516900,BAC
2016-11-10,15.161480903625488,15.347362226915138,14.749308268407058,14.757390266134884,304986400,BAC
2016-11-11,15.37160873413086,15.37969073212895,15.056416978139314,15.064498976137404,212952500,BAC
2016-11-14,16.228275299072266,16.325257702588125,15.678711942609413,15.686793938025986,320959900,BAC
2016-11-15,16.292932510375977,16.3090965039765,15.84035147994422,15.99390633618265,190293100,BAC
2016-11-16,15.961576461791992,16.13129375008144,15.905004032362175,15.985822449326095,126734500,BAC
2016-11-17,16.228275299072266,16.341420151938262,15.921167180657559,15.969657611673984,167979200,BAC
2016-11-18,16.16362762451172,16.276772524608532,16.058564723205198,16.21211807576983,120620200,BAC
2016-11-21,16.430326461791992,16.446490458431224,16.171708681498497,16.244445124891488,117479100,BAC
2016-11-22,16.406078338623047,16.543469209266952,16.26060701219129,16.430324330436687,104771800,BAC
2016-11-23,16.61620330810547,16.697021727976615,16.325259154645746,16.50305844517575,110801300,BAC
2016-11-25,16.858657836914062,16.87482028700115,16.56771215458338,16.664694562521298,62610400,BAC
2016-11-28,16.406078338623047,16.850578939639618,16.365669893750344,16.705106071724497,108651200,BAC
2016-11-29,16.39799690246582,16.600042197716608,16.365668915313723,16.470731790591493,114216800,BAC
2016-11-30,17.132112503051758,17.188894823092202,16.80763945047405,16.848199355647353,191699600,BAC
2016-12-01,17.440364837646484,17.79728436521505,17.310576199840206,17.375470518743345,199233900,BAC
2016-12-02,17.22134780883789,17.440366739217193,17.05100078334473,17.4322547550695,128468700,BAC
2016-12-05,17.716161727905273,17.740497671716934,17.407912628433152,17.416024609703705,130377300,BAC
2016-12-06,17.975746154785156,17.975746154785156,17.618826571633026,17.918963810302444,120789200,BAC
2016-12-07,18.308320999145508,18.308320999145508,17.80539057745495,18.000073471064404,168005200,BAC
2016-12-08,18.61656951904297,18.851810761602344,18.405662670457495,18.4867809271753,182693900,BAC
2016-12-09,18.73013687133789,18.795031176699904,18.47867163146037,18.616572223754936,130590400,BAC
2016-12-12,18.340770721435547,18.859925155337976,18.283988398627752,18.65713026119456,136986000,BAC
2016-12-13,18.340770721435547,18.559788031236724,18.081193504484332,18.49489372699892,118204100,BAC
2016-12-14,18.38944435119629,18.900486895052854,18.01630087470206,18.097419156305374,225340900,BAC
2016-12-15,18.786916732788086,18.973487642850337,18.49489162333268,18.57600988120386,162025800,BAC
2016-12-16,18.381330490112305,18.91670892790568,18.3732185080606,18.78692030948319,147497700,BAC
2016-12-19,18.235319137573242,18.430002078338504,18.113642492995265,18.332661381557113,97508900,BAC
2016-12-20,18.421890258789062,18.519232503634495,18.340773526487446,18.356995944626274,83879500,BAC
2016-12-21,18.356990814208984,18.42999709063862,18.22720222215676,18.42999709063862,61079100,BAC
2016-12-22,18.283987045288086,18.43811003944362,18.227203179481048,18.332657383063406,67123500,BAC
2016-12-23,18.332656860351562,18.37321521614088,18.194756284584944,18.25965058216911,38187800,BAC
2016-12-27,18.340770721435547,18.44622338562113,18.283988398627752,18.42188744133111,39988600,BAC
2016-12-28,18.113643646240234,18.389444883351132,18.056861311635505,18.34888651497706,52652900,BAC
2016-12-29,17.845947265625,18.162306744774632,17.65937637008557,18.113636412721295,79188400,BAC
2016-12-30,17.92707061767578,18.056859238212603,17.805393979322808,17.86217630740737,72605900,BAC
2017-01-03,18.27587127685547,18.39754786967784,18.008182153765524,18.332653583692455,99298100,BAC
2017-01-04,18.61656951904297,18.624679952232896,18.332656394131675,18.429997064431394,76875100,BAC
2017-01-05,18.397550582885742,18.600345449897794,18.129861420317916,18.511115213307836,86826400,BAC
2017-01-06,18.397550582885742,18.53545115434202,18.300208365951054,18.47866883913097,66281500,BAC
2017-01-09,18.29210090637207,18.421889529559976,18.17042426553371,18.25965452417631,75901500,BAC
2017-01-10,18.608457565307617,18.770692531773573,18.283986085173645,18.324544439989616,100977700,BAC
2017-01-11,18.713909149169922,18.713909149169922,18.429996040039335,18.608456504339575,92385600,BAC
2017-01-12,18.592235565185547,18.754472095962573,18.340770334963153,18.665241849314988,120474200,BAC
2017-01-13,18.66524314880371,18.989714685745504,18.49489462490781,18.827478143673442,161930900,BAC
2017-01-17,17.886507034301758,18.486781215039368,17.854060659430637,18.397550976540142,152495900,BAC
2017-01-18,18.356990814208984,18.373214775016027,17.92706668323676,18.089301649701014,124366000,BAC
2017-01-19,18.27587127685547,18.50300050420341,18.17852907427648,18.43810621821802,75990800,BAC
2017-01-20,18.36510467529297,18.60034748947898,18.267763994886646,18.381328637761428,102564900,BAC
2017-01-23,18.300214767456055,18.462451336697665,18.186650097308483,18.348886666550094,61385600,BAC
2017-01-24,18.61656951904297,18.738246130518647,18.235314176629895,18.34076837452366,98508700,BAC
2017-01-25,18.95726776123047,18.99782612198255,18.73824889988375,18.9167078532761,99753300,BAC
2017-01-26,19.014047622680664,19.10327631421981,18.88425902844001,18.98971168105976,84146400,BAC
2017-01-27,18.949153900146484,19.022160180020848,18.8842596010584,19.00593621844829,54590200,BAC
2017-01-30,18.61656951904297,18.819364387236455,18.42188508403941,18.819364387236455,91561200,BAC
2017-01-31,18.36510467529297,18.681465754619058,18.251540032418188,18.470558884135738,91044300,BAC
2017-02-01,18.567907333374023,18.83559663729622,18.51112498817884,18.632801663197498,103630900,BAC
2017-02-02,18.43000030517578,18.486784177904603,18.259653328596308,18.44622426881259,88679100,BAC
2017-02-03,18.892370223999023,18.941040558016486,18.6165690858967,18.778804048355582,116035100,BAC
2017-02-06,18.754472732543945,18.96537806362971,18.713912824871855,18.778807129944923,92228400,BAC
2017-02-07,18.576011657714844,18.89237273894732,18.543565279784623,18.884260757664205,87982900,BAC
2017-02-08,18.38944435119629,18.438114701277264,18.210985369431025,18.438114701277264,102264500,BAC
2017-02-09,18.754472732543945,18.778807129944923,18.365105354903264,18.462447586114003,102634200,BAC
2017-02-10,18.722023010253906,18.85181160794839,18.62468078838198,18.811253251369664,90548300,BAC
2017-02-13,18.981603622436523,19.09516982626334,18.795032673067166,18.795032673067166,105342500,BAC
2017-02-14,19.516983032226562,19.60621329379847,18.924822226091585,18.98160455720008,139711400,BAC
2017-02-15,19.938796997070312,20.092921573541776,19.557543094433004,19.744114054412805,151233300,BAC
2017-02-16,19.938796997070312,19.971244927781147,19.711666123701974,19.906350613561976,98144500,BAC
2017-02-17,19.8901309967041,19.938801356208455,19.630553683077103,19.69544801148385,85789200,BAC
2017-02-21,20.10103416442871,20.117256583072486,19.938797600370652,19.946909583293806,78571500,BAC
2017-02-22,20.109142303466797,20.23893091102299,19.906347410759963,19.963129733165516,81531900,BAC
2017-02-23,19.938796997070312,20.190262271269283,19.882014665528853,20.10914553889719,85846000,BAC
2017-02-24,19.65488052368164,19.75222275242426,19.48453355738485,19.565651823469995,97074400,BAC
2017-02-27,19.930681228637695,20.003687511667312,19.622433681447678,19.63054566258455,69129100,BAC
2017-02-28,20.019912719726562,20.036136683009875,19.809005838650403,19.857676181298043,90242000,BAC
2017-03-01,20.748123168945312,20.837625373346622,20.520300081340988,20.64234910622198,143947500,BAC
2017-03-02,20.528446197509766,20.992227738536254,20.50403762287797,20.89459033617201,99824600,BAC
2017-03-03,20.69931411743164,20.87018034866671,20.585401744689722,20.585401744689722,92456100,BAC
2017-03-06,20.54471778869629,20.6260833180451,20.406396854378826,20.60980990179166,75660400,BAC
2017-03-07,20.512170791625977,20.634219860629223,20.422670106786875,20.52030749968742,64053700,BAC
2017-03-08,20.552854537963867,20.967817341746894,20.520307705391836,20.82949640715255,105314600,BAC
2017-03-09,20.626083374023438,20.7725410168651,20.528444428156195,20.626083374023438,78984600,BAC
2017-03-10,20.59353256225586,20.845765810375955,20.4145296733251,20.845765810375955,86998800,BAC
2017-03-13,20.585397720336914,20.674899948868596,20.4470767998417,20.585397720336914,56886200,BAC
2017-03-14,20.60167121887207,20.617944633565607,20.381984776264048,20.495897127200564,63182700,BAC
2017-03-15,20.48776626586914,20.78881676401064,20.308761756999257,20.658632513151826,114662700,BAC
2017-03-16,20.52030372619629,20.739990147701814,20.49589515841885,20.536577139326646,70306200,BAC
2017-03-17,20.227392196655273,20.56098944164972,20.202982074368514,20.52030590450512,105222400,BAC
2017-03-20,19.885663986206055,20.146032491439733,19.869390566649273,19.999574819266112,87287500,BAC
2017-03-21,18.73027229309082,19.98329575880274,18.673316892638223,19.934477065831697,259545800,BAC
2017-03-22,18.665178298950195,18.860454603019026,18.266488984153238,18.429218461584874,167984400,BAC
2017-03-23,18.770954132080078,19.11268808404682,18.64076991722782,18.746545561744192,111666800,BAC
2017-03-24,18.8116397857666,18.998779421683,18.518724493432458,18.876731900516585,113499100,BAC
2017-03-27,18.738412857055664,18.75468472344935,18.03053467965753,18.1281736376126,119513500,BAC
2017-03-28,19.104551315307617,19.259145651917805,18.713998672004426,18.722135379396356,95761700,BAC
2017-03-29,18.998781204223633,19.242876269458428,18.966234367835753,19.128965445938,67204500,BAC
2017-03-30,19.421876907348633,19.51137758579769,18.98250401491079,19.023186000395064,79189200,BAC
2017-03-31,19.194053649902344,19.50324077289911,19.194053649902344,19.38932997262424,77158300,BAC
2017-04-03,19.194053649902344,19.324237865050275,18.779090882148967,19.242872342603253,88076600,BAC
2017-04-04,19.072004318237305,19.128959712927806,18.876728014190682,18.876728014190682,75244400,BAC
2017-04-05,18.85232162475586,19.430013944552417,18.83604820821889,19.340513257435937,97453300,BAC
2017-04-06,18.925548553466797,19.08827804679767,18.681451985593096,18.852319738296515,82975200,BAC
2017-04-07,18.844179153442383,18.990636753647667,18.657039576254714,18.738405082137422,79519400,BAC
2017-04-10,18.73027229309082,18.94182203185637,18.640770062712015,18.819772971551355,63254700,BAC
2017-04-11,18.648906707763672,18.673316830126613,18.37226486199007,18.575677892593117,94206700,BAC
2017-04-12,18.429224014282227,18.665183922741914,18.3966787297573,18.616363668076655,76556300,BAC
2017-04-13,18.17698860168457,18.68145205024997,18.17698860168457,18.35599151054354,88061800,BAC
2017-04-17,18.559410095214844,18.575683515049082,18.11190191320445,18.1932674604569,85053200,BAC
2017-04-18,18.478042602539062,18.83605004160653,18.209537411218104,18.803504757283253,146488400,BAC
2017-04-19,18.50244903564453,18.83604628092681,18.453630342947147,18.64890666565495,101771800,BAC
2017-04-20,18.770954132080078,18.852319654342303,18.567541102383643,18.681451902399807,103802600,BAC
2017-04-21,18.478042602539062,18.77909463010187,18.38040519765066,18.73841263671813,127235400,BAC
2017-04-24,19.226598739624023,19.405603197639806,18.909274912295306,18.909274912295306,138638900,BAC
2017-04-25,19.511383056640625,19.812435110159058,19.45442764022547,19.519519766402606,131531100,BAC
2017-04-26,19.438152313232422,19.68224892638246,19.413743738260404,19.527654559912627,95172200,BAC
2017-04-27,19.24287223815918,19.470695389390638,19.088277901540753,19.446285267213543,80024200,BAC
2017-04-28,18.990646362304688,19.299833578796243,18.97437294251073,19.177786034179015,69384900,BAC
2017-05-01,19.210323333740234,19.340507523603748,18.99877363723253,19.13709453295226,72382900,BAC
2017-05-02,19.145238876342773,19.259149699935854,18.982507798136737,19.210330997241474,60262600,BAC
2017-05-03,19.34050941467285,19.348646121324652,18.9906387882359,19.015048908191307,64272800,BAC
2017-05-04,19.40560531616211,19.56833482531109,19.30796636913799,19.511379419513027,68133400,BAC
2017-05-05,19.31610107421875,19.519514103498963,19.202190274435672,19.511377396097565,56678800,BAC
2017-05-08,19.49510955810547,19.5764751034768,19.324243309552504,19.324243309552504,56016500,BAC
2017-05-09,19.511383056640625,19.77988827111114,19.421882353096255,19.552066605450523,61622000,BAC
2017-05-10,19.649696350097656,19.665969763270613,19.421874773348645,19.454420047776463,48495300,BAC
2017-05-11,19.584606170654297,19.714790384973366,19.397466556560413,19.609016292808466,68350800,BAC
2017-05-12,19.527652740478516,19.527652740478516,19.32423969109853,19.462560626753657,62589000,BAC
2017-05-15,19.576473236083984,19.641565355788195,19.511381116379777,19.576473236083984,50688800,BAC
2017-05-16,19.519515991210938,19.665973634763375,19.478834002187885,19.584608104798864,55774800,BAC
2017-05-17,18.36412811279297,19.08014284796236,18.27462588291723,19.015050740394077,190353300,BAC
2017-05-18,18.50244903564453,18.713998773224215,18.30717271293673,18.39667494281382,108444100,BAC
2017-05-19,18.754682540893555,18.958095590369272,18.608226448882505,18.640771729801045,89566700,BAC
2017-05-22,18.74654197692871,18.909271438416894,18.567537551798363,18.86858946102434,74839400,BAC
2017-05-23,19.031322479248047,19.12082470854016,18.58381443662398,18.738408773059927,79020000,BAC
2017-05-24,19.006914138793945,19.096414817249787,18.89300178597646,19.07200624672468,58823200,BAC
2017-05-25,18.91741180419922,19.185916941924027,18.893001681890325,19.047596019343473,60443500,BAC
2017-05-26,18.909278869628906,19.055736528867662,18.852323458129074,18.901142160569133,50399500,BAC
2017-05-30,18.640775680541992,18.884870770879196,18.616365550740777,18.81977864332803,61307900,BAC
2017-05-31,18.2938289642334,18.612194969541864,18.032605415568487,18.595869665511685,138636300,BAC
2017-06-01,18.473421096801758,18.481584527913096,18.204034098188725,18.35097274416225,69725100,BAC
2017-06-02,18.32648468017578,18.440769605896655,18.089749840307878,18.17954602881161,79722300,BAC
2017-06-05,18.2938289642334,18.530563778345456,18.27750210318805,18.318319255801423,51590300,BAC
2017-06-06,18.146896362304688,18.293835046536415,18.016284544546636,18.122407619609856,71735600,BAC
2017-06-07,18.448932647705078,18.465259510181937,18.179545644898095,18.20403438159808,66429700,BAC
2017-06-08,18.7509708404541,18.946888508912018,18.44893168546219,18.465258547087487,93685900,BAC
2017-06-09,19.322404861450195,19.322404861450195,18.946894706317522,18.955058139800375,108254300,BAC
2017-06-12,19.41220474243164,19.62444938206143,19.37138756730128,19.4448569255199,85829900,BAC
2017-06-13,19.404033660888672,19.681584114337145,19.31423746800375,19.55097231942203,68047300,BAC
2017-06-14,19.3958740234375,19.436689633452332,18.93873265180537,19.224445035940626,102352400,BAC
2017-06-15,19.216283798217773,19.55097679391346,19.15913976247578,19.224445674879433,69707500,BAC
2017-06-16,19.126483917236328,19.281586013334746,19.07750488157937,19.232605420662317,57745800,BAC
2017-06-19,19.5183162689209,19.591785589442527,19.26525614102153,19.27341957185896,58587800,BAC
2017-06-20,19.175460815429688,19.58362303344313,19.167297384227584,19.518317140841592,59693500,BAC
2017-06-21,18.88158416748047,19.240767367609468,18.832605135604126,19.183624904251175,72432800,BAC
2017-06-22,18.71831512451172,18.93872304360983,18.693824836718065,18.873417166508343,64763300,BAC
2017-06-23,18.628530502319336,18.86526542663342,18.563224584752675,18.86526542663342,85399600,BAC
2017-06-26,18.685672760009766,18.889753944569122,18.555060926453045,18.701999628458324,61307800,BAC
2017-06-27,18.99587059020996,19.265257600187777,18.7754626119512,18.857095369493187,88257800,BAC
2017-06-28,19.49382972717285,19.559135629422414,19.208117377965724,19.208117377965724,119049300,BAC
2017-06-29,19.85300636291504,20.138720174080092,19.624436559595004,20.065250863865792,150501200,BAC
2017-06-30,19.804035186767578,20.09791254403868,19.730565847449803,20.09791254403868,84005200,BAC
2017-07-03,20.146888732910156,20.334642992584286,19.950971041465575,19.96729634799107,58129700,BAC
2017-07-05,20.34280776977539,20.367298066706464,20.09791102852668,20.2448481390666,76172500,BAC
2017-07-06,20.17137908935547,20.497910158306183,20.15505378152036,20.326481191405506,84465400,BAC
2017-07-07,20.269338607788086,20.408113844209332,20.122399938987297,20.342807942188482,54478800,BAC
2017-07-10,20.318313598632812,20.399946349155492,20.11423250083372,20.179538389848823,54632800,BAC
2017-07-11,20.081579208374023,20.33463931948544,19.967292741246993,20.310149028597834,69410600,BAC
2017-07-12,19.877500534057617,20.081581645173166,19.836683377625317,19.93464299604752,68708700,BAC
2017-07-13,20.097911834716797,20.106073710339043,19.893830689818035,19.942809728629378,55533400,BAC
2017-07-14,19.763221740722656,19.85301796278807,19.444855581786616,19.755059863276635,92625400,BAC
2017-07-17,19.608118057250977,19.771382049632475,19.534648715723815,19.771382049632475,81522000,BAC
2017-07-18,19.510154724121094,19.640766516115672,19.273421435011684,19.51831815574768,107981400,BAC
2017-07-19,19.640769958496094,19.755056464283548,19.436688803108932,19.63260652543873,74140100,BAC
2017-07-20,19.542804718017578,19.689743345200544,19.453008544291304,19.608110601541664,62793500,BAC
2017-07-21,19.428529739379883,19.55914158364002,19.31424476490626,19.46118347895292,65922500,BAC
2017-07-24,19.5183162689209,19.616275881954813,19.371377627877642,19.379541058715073,51382700,BAC
2017-07-25,19.983625411987305,20.138727518673786,19.787707698969655,19.795871131639004,86154700,BAC
2017-07-26,19.763221740722656,20.138731940892267,19.706079256505,20.138731940892267,65704700,BAC
2017-07-27,19.681591033935547,19.95914158496446,19.616285113517918,19.804039440091607,62902100,BAC
2017-07-28,19.616275787353516,19.763212870672927,19.5591317717671,19.632601091934415,50143400,BAC
2017-07-31,19.689748764038086,19.836685874644694,19.665258467095896,19.689748764038086,62272000,BAC
2017-08-01,19.959135055541992,19.991787226561012,19.812196393417786,19.82852325743502,52782500,BAC
2017-08-02,20.07342529296875,20.07342529296875,19.804038193574943,19.950976894519904,55317100,BAC
2017-08-03,19.893831253051758,20.081585537990577,19.85301408870705,20.040768373645868,53210600,BAC
2017-08-04,20.38362693786621,20.473423151963207,20.122403286328527,20.1468935875411,105206600,BAC
2017-08-07,20.37545394897461,20.448923261142813,20.326474926534154,20.416271098520863,41860900,BAC
2017-08-08,20.326478958129883,20.693825591831203,20.261173062918022,20.367296115771897,73399300,BAC
2017-08-09,20.195871353149414,20.220361652810052,19.967299894030496,20.081586402097795,56910400,BAC
2017-08-10,19.689748764038086,20.065257308391935,19.665258467095896,20.065257308391935,78023700,BAC
2017-08-11,19.477506637573242,19.787709319332297,19.428526037546256,19.64893406662058,68157400,BAC
2017-08-14,19.934646606445312,19.99178907878439,19.73056545836828,19.7795444979424,54989500,BAC
2017-08-15,19.975465774536133,20.28567004684604,19.9591404631113,20.20403726165839,45143200,BAC
2017-08-16,19.74689483642578,20.097914704903346,19.65709862160153,20.032608791490016,59188900,BAC
2017-08-17,19.29791259765625,19.73056518613565,19.281587289367188,19.648932416628046,78969300,BAC
2017-08-18,19.281585693359375,19.51015556064241,19.14281046378806,19.23260510149977,60461200,BAC
2017-08-21,19.085660934448242,19.29790543356887,18.88974329457112,19.24892641285334,70124800,BAC
2017-08-22,19.45301628112793,19.50199532399713,19.240771686007147,19.265261985949593,59228600,BAC
2017-08-23,19.3958740234375,19.567301453918652,19.257098769565065,19.273425636377286,39825500,BAC
2017-08-24,19.4611759185791,19.542808678782592,19.330564125059677,19.534645247060702,39178700,BAC
2017-08-25,19.404033660888672,19.64893038710066,19.38770679727043,19.5019917285673,43511900,BAC
2017-08-28,19.363216400146484,19.51015505790811,19.240768037683594,19.461176024326036,37155000,BAC
2017-08-29,19.248931884765625,19.34689151105876,18.873423357508724,18.95505456290166,60897200,BAC
2017-08-30,19.585342407226562,19.724827517675283,19.330986193185893,19.470471303634614,58412900,BAC
2017-08-31,19.60175323486328,19.724829541696728,19.51149925882707,19.716624350242483,62362400,BAC
2017-09-01,19.76584815979004,19.839693296325628,19.52790237206875,19.6099526976616,56233900,BAC
2017-09-05,19.125856399536133,19.552516816127394,19.060216455828222,19.552516816127394,108605400,BAC
2017-09-06,19.207904815673828,19.347389877843632,19.043804190187156,19.273544752872585,64188900,BAC
2017-09-07,18.84688377380371,19.207904199301687,18.666374343544472,19.183288636774726,103501200,BAC
2017-09-08,18.78125,19.060220206905253,18.748430804177033,18.814070760802977,68365000,BAC
2017-09-11,19.166881561279297,19.207905937557317,18.937140985175326,19.05201049073749,73741000,BAC
2017-09-12,19.65098762512207,19.71662760260345,19.240737374618313,19.24894100244554,99658500,BAC
2017-09-13,19.962766647338867,19.979177024339613,19.58533736619983,19.626361743722008,86339800,BAC
2017-09-14,19.888925552368164,20.13507656239782,19.856106356685544,20.003795084727333,70051000,BAC
2017-09-15,20.00379180908203,20.02840737554817,19.815077161114218,19.864306729066744,85937600,BAC
2017-09-18,20.266355514526367,20.323790277983726,20.028409705940252,20.03661489571701,68076400,BAC
2017-09-19,20.397634506225586,20.504298838579988,20.200714655354478,20.266354605644846,56218100,BAC
2017-09-20,20.561735153198242,20.70942544375668,20.24174056697495,20.41404486263981,82289900,BAC
2017-09-21,20.64378547668457,20.742246191993804,20.446865611046082,20.55352995139944,57864000,BAC
2017-09-22,20.528915405273438,20.56993978933278,20.38943030849977,20.52071021546558,61446000,BAC
2017-09-25,20.315587997436523,20.578147847972026,20.167897690265264,20.463278304607783,62361700,BAC
2017-09-26,20.356603622436523,20.479678303761247,20.258144503368534,20.37301399727435,53012700,BAC
2017-09-27,20.848905563354492,21.037620193991863,20.660190932717125,20.7668552476488,92877400,BAC
2017-09-28,20.881731033325195,21.037624946908714,20.79147550916003,20.996600562277255,64991400,BAC
2017-09-29,20.791471481323242,20.906340988022155,20.76685591632505,20.848906234672697,66232600,BAC
2017-10-02,21.02121353149414,21.045827533236018,20.83249731658775,20.889932073958484,54001400,BAC
2017-10-03,21.218124389648438,21.275559122709627,21.021204634161894,21.12786891484994,55946900,BAC
2017-10-04,21.095060348510742,21.29198178263318,21.086856723320647,21.218136636082267,53402800,BAC
2017-10-05,21.439668655395508,21.521718985016,21.054034140653027,21.144289659733555,62636900,BAC
2017-10-06,21.505306243896484,21.579151375945596,21.365822733336714,21.53812699813151,53900600,BAC
2017-10-09,21.209924697875977,21.554534750480943,21.13607957481923,21.54632956292136,55172500,BAC
2017-10-10,21.27556610107422,21.291976477325463,21.095055092269792,21.19351578479763,46133800,BAC
2017-10-11,21.19351577758789,21.27556609383657,21.04582552133619,21.27556609383657,51652300,BAC
2017-10-12,20.881731033325195,21.275570759715073,20.79147550916003,21.226341185161328,71770000,BAC
2017-10-13,21.19351577758789,21.33300084571676,20.610961505683534,20.824290136958638,104196900,BAC
2017-10-16,21.529924392700195,21.603769533609135,21.22634020450112,21.22634020450112,71927200,BAC
2017-10-17,21.49710464477539,21.685819304459624,21.423259505772023,21.636589733450663,48644400,BAC
2017-10-18,21.726842880249023,21.784277638459095,21.603768174801754,21.611973363828877,55382500,BAC
2017-10-19,21.80889129638672,21.817096484695558,21.456076024004876,21.49710196554907,54542700,BAC
2017-10-20,22.292985916137695,22.301191104249398,22.07145053206061,22.18632160064481,83764700,BAC
2017-10-23,22.28478240966797,22.506317810462438,22.227347653531563,22.334011977073494,69607700,BAC
2017-10-24,22.711444854736328,22.842724756152617,22.432474672981744,22.440679862442746,90346500,BAC
2017-10-25,22.67041778564453,22.908363573299845,22.432473562969008,22.883748006134876,81265300,BAC
2017-10-26,22.760671615600586,22.957591443405605,22.71144204989425,22.71964723834192,55342500,BAC
2017-10-27,22.80990219116211,22.941182082177566,22.66221348750453,22.71144305539039,58856700,BAC
2017-10-30,22.645801544189453,22.777081426128436,22.530930473758115,22.68682592042802,51357600,BAC
2017-10-31,22.47349739074707,22.74426236298572,22.432473011460512,22.678622417139373,50311200,BAC
2017-11-01,22.588367462158203,22.752466536964548,22.448882387833986,22.678621405558804,46527700,BAC
2017-11-02,22.867338180541992,22.924772936404175,22.38324300258972,22.571957647559664,59692000,BAC
2017-11-03,22.826313018798828,22.826313018798828,22.66221393428421,22.752467883024327,37816100,BAC
2017-11-06,22.76888084411621,22.826315608461336,22.66221650532955,22.76067565421263,37261000,BAC
2017-11-07,22.301191329956055,22.785286478588567,22.169911448799404,22.760670914004336,68342100,BAC
2017-11-08,21.981203079223633,22.120686623343904,21.735052058174745,22.120686623343904,83128200,BAC
2017-11-09,21.73504638671875,21.87453145942242,21.431462241115252,21.73504638671875,95448600,BAC
2017-11-10,21.75145721435547,21.940171856342698,21.710431271545396,21.81709715787188,61105300,BAC
2017-11-13,21.66120147705078,21.726841419875978,21.44787127162397,21.546331968351605,55902200,BAC
2017-11-14,21.529924392700195,21.62017991269554,21.39864448996872,21.5463347717866,61596800,BAC
2017-11-15,21.981203079223633,22.096072616725067,21.177111621773356,21.324801921406674,98274900,BAC
2017-11-16,21.956581115722656,22.194525311989242,21.94017073943403,22.079655807928106,54565200,BAC
2017-11-17,21.841718673706055,21.931972642515912,21.69402836931522,21.751463139916073,48420700,BAC
2017-11-20,21.940176010131836,22.02222634630633,21.776076902762846,21.940176010131836,46328800,BAC
2017-11-21,21.93197250366211,22.03863841837134,21.899153305660885,21.989407273899335,57749100,BAC
2017-11-22,21.874536514282227,22.07145638625489,21.817101747246035,21.964792042470542,38103200,BAC
2017-11-24,21.817096710205078,21.94017140615051,21.800686333417776,21.92376102936321,14273600,BAC
2017-11-27,21.817096710205078,22.087861667276904,21.751456768035535,21.759661956429184,44828600,BAC
2017-11-28,22.678621292114258,22.72785242279161,21.80068647310394,21.841712415335067,99765000,BAC
2017-11-29,23.2037410736084,23.376045326206928,22.84272062747582,22.990410881120038,119728400,BAC
2017-11-30,23.211984634399414,23.66518214256429,23.13782481355079,23.58278373864254,122131900,BAC
2017-12-01,23.1543025970459,23.49214104554581,22.659904369206217,23.27790176109366,137774800,BAC
2017-12-04,23.945337295532227,24.15133641576273,23.74757832870877,23.772298788929913,145661700,BAC
2017-12-05,23.838220596313477,24.143098441651464,23.772300934755368,23.978300073580545,91349800,BAC
2017-12-06,23.599258422851562,23.871177195373438,23.541578921354276,23.67341823096194,74593800,BAC
2017-12-07,23.714618682861328,23.871176878662958,23.37678026001789,23.805257224733715,80706100,BAC
2017-12-08,23.937091827392578,23.970052433702552,23.698133718238115,23.91237294430831,60991300,BAC
2017-12-11,23.84646224975586,24.0359810921949,23.81350163108013,23.92062207012745,54001900,BAC
2017-12-12,24.15957260131836,24.3078921949888,23.821734225357158,24.15957260131836,76017200,BAC
2017-12-13,23.764062881469727,24.258461172687245,23.755822726590402,24.15134073090488,79980600,BAC
2017-12-14,23.673418045043945,24.04421708268379,23.65693773856028,23.94533681543032,60615800,BAC
2017-12-15,23.928861618041992,24.04422063718433,23.681661699188577,23.821741181710884,129859400,BAC
2017-12-18,24.291419982910156,24.307900292507576,24.118381447083742,24.13486175668116,70548600,BAC
2017-12-19,24.266700744628906,24.423258968628666,24.20078107882669,24.39029992155196,67984100,BAC
2017-12-20,24.291419982910156,24.58805926906838,24.266701090162854,24.522139602327535,81271200,BAC
2017-12-21,24.571575164794922,24.7034144779162,24.373816195113005,24.382056348639157,72953200,BAC
2017-12-22,24.621021270751953,24.744622035913924,24.406783506875637,24.703421256976927,54203000,BAC
2017-12-26,24.538616180419922,24.670455493853254,24.373816252803962,24.505655566237298,42371200,BAC
2017-12-27,24.497419357299805,24.497419357299805,24.390300487255015,24.43973984484116,35111800,BAC
2017-12-28,24.55510139465332,24.571581706092914,24.439742357874163,24.49742187626374,37914900,BAC
2017-12-29,24.324378967285156,24.6210166618578,24.324378967285156,24.596297770771834,40672000,BAC
2018-01-02,24.637495040893555,24.637495040893555,24.398536873100163,24.51389588019707,57121600,BAC
2018-01-03,24.55510139465332,24.670462003081482,24.464462825033554,24.63750138020229,57865700,BAC
2018-01-04,24.87645149230957,25.082450590125468,24.621011479431015,24.69517128037661,76512500,BAC
2018-01-05,24.99181365966797,25.065973470036454,24.761094075005055,25.02477427389778,56445200,BAC
2018-01-08,24.818775177001953,24.9423743372015,24.76109410203681,24.909413722935707,42914800,BAC
2018-01-09,24.942373275756836,25.16485269763737,24.82701270238442,24.884693774894888,69479100,BAC
2018-01-10,25.173093795776367,25.321413425191004,24.975334813773078,25.02477573801041,63532800,BAC
2018-01-11,25.26373863220215,25.288459098933092,25.090700080032462,25.26373863220215,59318300,BAC
2018-01-12,25.700450897216797,25.70869105069348,25.354372309438855,25.445010854385252,66371600,BAC
2018-01-16,25.74164390563965,26.194842808034156,25.56860543916683,26.15364205055382,104467900,BAC
2018-01-17,25.69221305847168,25.782853183232845,25.00005582055612,25.543893425825672,124382900,BAC
2018-01-18,25.939409255981445,26.128928072420816,25.716929825388142,25.81581009620136,76463800,BAC
2018-01-19,26.13716697692871,26.153647283218127,25.922927710111857,26.02180797619983,66491000,BAC
2018-01-22,26.318445205688477,26.318445205688477,26.02180600158298,26.095965802609353,53848800,BAC
2018-01-23,26.30196762084961,26.475007698356748,26.194848770315517,26.25252827226838,56531400,BAC
2018-01-24,26.442049026489258,26.54092773091231,26.219569584064395,26.376127794675668,81585000,BAC
2018-01-25,26.442049026489258,26.573888346819103,26.310209706159416,26.565649764491074,62265800,BAC
2018-01-26,26.53268814086914,26.53268814086914,26.32668901422155,26.45852832954412,52699900,BAC
2018-01-29,26.59860610961914,26.738687149636498,26.516207716642256,26.573887220385515,59126500,BAC
2018-01-30,26.269010543823242,26.532690772267664,26.244291652029126,26.326691625189962,60555800,BAC
2018-01-31,26.367887496948242,26.606847231780648,26.326688301393688,26.409086692502797,65734100,BAC
2018-02-01,26.779888153076172,26.779888153076172,26.33492925706445,26.367889873798077,62367400,BAC
2018-02-02,26.326688766479492,26.919964108199544,26.252528955852338,26.730445290662857,96971900,BAC
2018-02-05,24.934133529663086,26.351406901299622,24.019496939208043,25.64277100130563,155908300,BAC
2018-02-06,25.708696365356445,25.78285619032883,24.143101457405145,24.23374159273781,165878400,BAC
2018-02-07,25.749895095825195,26.153653262329872,25.428536907956936,25.642776223752065,101180500,BAC
2018-02-08,24.50566291809082,25.857017072021545,24.497422762073064,25.799337551546316,128981300,BAC
2018-02-09,24.99181365966797,25.22253324433088,24.003017235853875,24.8599743460459,143071100,BAC
2018-02-12,25.64277458190918,25.90645323934392,25.164856622396513,25.230776286755198,95055100,BAC
2018-02-13,25.69221305847168,25.873491736345294,25.3461344395139,25.576854042701992,76727300,BAC
2018-02-14,26.367887496948242,26.392606385621548,25.59333036166379,25.68397047786209,97251500,BAC
2018-02-15,26.54092788696289,26.75516874831938,26.260770508351253,26.689247516118197,68117400,BAC
2018-02-16,26.343170166015625,26.582128357586072,26.301970965566888,26.36789062927412,62137800,BAC
2018-02-20,26.310213088989258,26.49973193987467,26.16189344163585,26.334931982448914,58573900,BAC
2018-02-21,26.260774612426758,26.67277137653091,26.178374630946355,26.203093525236227,72210300,BAC
2018-02-22,26.11244773864746,26.483245195291175,26.030047779954916,26.3596460430766,64749700,BAC
2018-02-23,26.392608642578125,26.417330676662665,26.170130767250402,26.203089812182817,53626300,BAC
2018-02-26,26.713966369628906,26.730446677656428,26.409088529363135,26.507967234230914,61796300,BAC
2018-02-27,26.639808654785156,27.068284073524957,26.631566929445604,26.631566929445604,69235500,BAC
2018-02-28,26.45029067993164,27.002370058931117,26.442052096647036,26.771652007389804,72044000,BAC
2018-03-01,26.036745071411133,26.75631116833854,25.937495336857186,26.524727402681943,90547100,BAC
2018-03-02,26.160808563232422,26.210435009070093,25.33372006315804,25.738994816435074,82739100,BAC
2018-03-05,26.574356079101562,26.756313415215068,25.780350248262476,25.92922644014144,70543100,BAC
2018-03-06,26.557815551757812,26.731503401195752,26.425481501458535,26.71496125052176,50832600,BAC
2018-03-07,26.615707397460938,26.65706119022289,26.119453996587144,26.218705307780333,52763900,BAC
2018-03-08,26.632247924804688,26.69014386216643,26.309682366217004,26.623975273700463,53139800,BAC
2018-03-09,27.062332153320312,27.070601648681336,26.797664130483728,26.855560063286,73905800,BAC
2018-03-12,27.16158103942871,27.33526883250445,26.99616274146018,27.03751652717941,60322800,BAC
2018-03-13,26.764585494995117,27.285652155423872,26.714959047066348,27.269110006114285,63347500,BAC
2018-03-14,26.582630157470703,26.921736396280583,26.408942288710445,26.921736396280583,58011400,BAC
2018-03-15,26.549541473388672,26.748044115725996,26.408937932847934,26.706690318807688,41964200,BAC
2018-03-16,26.607439041137695,26.93827574682514,26.53300409520531,26.55781574384944,83447600,BAC
2018-03-19,26.450288772583008,26.648791392727432,26.20216286372156,26.574353304559786,57363200,BAC
2018-03-20,26.450288772583008,26.632249244791055,26.367579610447173,26.51645736432852,44784500,BAC
2018-03-21,26.359310150146484,26.839021398136428,26.20216289962766,26.466830956788172,64546300,BAC
2018-03-22,25.26755142211914,26.04501500392857,25.160030618140933,26.003661212601415,110271900,BAC
2018-03-23,24.126171112060547,25.399886555548594,24.02691979998089,25.383345984823723,115740200,BAC
2018-03-26,25.176570892333984,25.275820615152515,24.523170310670732,24.721671333853696,83297000,BAC
2018-03-27,24.415653228759766,25.366804701112024,24.159254654459538,25.35026255227727,85821800,BAC
2018-03-28,24.30813217163086,24.779572396446124,23.993839214269425,24.638968856280236,79396100,BAC
2018-03-29,24.80438804626465,24.928451026365092,24.241967520426492,24.457010755455574,65678300,BAC
2018-04-02,24.241960525512695,24.86227682457169,23.778791463928172,24.647233651592394,86644200,BAC
2018-04-03,24.473543167114258,24.523168023896027,24.068270085380675,24.43218938272041,69698700,BAC
2018-04-04,24.71340560913086,24.787843706127486,23.944214569409475,23.985568366609268,66640800,BAC
2018-04-05,25.07732582092285,25.267555818197824,24.91190904928882,24.9615339230244,55765500,BAC
2018-04-06,24.50663185119629,25.05251171900546,24.291590226889397,24.82092636834539,79687600,BAC
2018-04-09,24.705127716064453,25.333713423126465,24.614147500087665,24.66377235537241,65917500,BAC
2018-04-10,25.209657669067383,25.292366836439076,25.002885539411228,25.209657669067383,60540500,BAC
2018-04-11,24.72994613647461,25.01115635611223,24.721675062068076,24.93671826399956,62211500,BAC
2018-04-12,25.35026741027832,25.474330395221497,24.95326522744157,24.994619029907145,57989100,BAC
2018-04-13,24.647239685058594,25.78035176283755,24.448738610073597,25.747267461566892,99254500,BAC
2018-04-16,24.7547550201416,25.118674342502725,24.374293551867275,24.878817959398887,110588900,BAC
2018-04-17,24.845735549926758,25.11867465065956,24.71339995854351,24.953256344589914,83475900,BAC
2018-04-18,24.423919677734375,24.99460950653985,24.399106459181418,24.837463855008636,79743200,BAC
2018-04-19,24.96152687072754,25.011151730442773,24.432190826976107,24.440460322307107,80902600,BAC
2018-04-20,25.02769660949707,25.25101086892278,24.920174227901278,25.02769660949707,65554600,BAC
2018-04-23,25.07732582092285,25.143492845085724,24.91190904928882,25.03597202240092,50686300,BAC
2018-04-24,24.96980094909668,25.523950278178884,24.81265370061324,25.19311363346721,81486800,BAC
2018-04-25,24.92844581604004,25.093864139963934,24.647235611897052,24.887092023832093,65893500,BAC
2018-04-26,24.870553970336914,25.044243396805868,24.804386945383577,24.845742321945856,45936700,BAC
2018-04-27,24.936716079711914,24.986340944258178,24.787839908527115,24.804382055891203,47411200,BAC
2018-04-30,24.74648666381836,25.168301965636097,24.74648666381836,25.03596793889477,55153900,BAC
2018-05-01,24.771305084228516,24.77957458228261,24.49836589959884,24.74649185742714,52871700,BAC
2018-05-02,24.46527862548828,24.8705518154055,24.44873647629668,24.77130207534823,68234600,BAC
2018-05-03,24.15098762512207,24.415655723334975,23.51412902783083,24.407384648072533,110672700,BAC
2018-05-04,24.233688354492188,24.33293965196599,23.83668631968869,23.97729140420816,58281900,BAC
2018-05-07,24.514902114868164,24.638966649271847,24.25850512702298,24.349485364906727,46765200,BAC
2018-05-08,24.7547550201416,24.92017174663603,24.53971185590757,24.622421007927713,65119800,BAC
2018-05-09,25.408161163330078,25.46605869033054,24.87882496541059,24.89536711598215,72266500,BAC
2018-05-10,25.548763275146484,25.697639457641046,25.16003224783545,25.317179504640386,54773200,BAC
2018-05-11,25.573575973510742,25.664556211512583,25.482595735508898,25.56530489937002,42024800,BAC
2018-05-14,25.73899269104004,25.829971345804307,25.664554605976374,25.67282567959967,41791600,BAC
2018-05-15,25.821701049804688,25.937494506471964,25.515679204256834,25.573575143817454,64433500,BAC
2018-05-16,25.689369201660156,25.846516463470987,25.65628648091092,25.7886205190002,43590100,BAC
2018-05-17,25.482595443725586,25.705909710329777,25.36680356217352,25.67282699169179,45981500,BAC
2018-05-18,25.02769660949707,25.466054054568346,25.00288338815665,25.44951190700807,58641700,BAC
2018-05-21,25.26755142211914,25.37507380364337,25.20965548324272,25.242739778341257,34983300,BAC
2018-05-22,25.548763275146484,25.75553540026757,25.259283562013863,25.308908430330007,61103000,BAC
2018-05-23,25.176570892333984,25.4412389232446,24.87881856878659,25.399883557448632,73893100,BAC
2018-05-24,24.986347198486328,25.151765558440395,24.672054207629277,25.143494482688055,62146200,BAC
2018-05-25,24.944988250732422,24.9698014728701,24.713402910085662,24.820925295136185,44166700,BAC
2018-05-29,23.95248794555664,24.64724257833268,23.73744627223946,24.614159850724842,135895000,BAC
2018-05-30,24.390838623046875,24.481818858935153,24.11789949292809,24.225421876713522,79435300,BAC
2018-05-31,24.116785049438477,24.29948739048274,23.942385992267134,24.24965976728732,97509300,BAC
2018-06-01,24.41575050354004,24.631672299513163,24.34100828247275,24.490492724607332,64796600,BAC
2018-06-04,24.41575050354004,24.573539812903373,24.35761801693025,24.540320343988373,43777000,BAC
2018-06-05,24.183225631713867,24.36592799711029,24.133396417885194,24.341013390195954,47690800,BAC
2018-06-06,24.947250366210938,24.95555364926449,24.31609472671518,24.324399593760162,74995800,BAC
2018-06-07,24.988773345947266,25.17147567063325,24.822679171511684,25.080125300285978,68402700,BAC
2018-06-08,24.92233657836914,24.95555446364164,24.756242400032193,24.92233657836914,49572900,BAC
2018-06-11,24.96385955810547,25.254523580844154,24.96385955810547,25.02199204585491,46732800,BAC
2018-06-12,24.83098602294922,25.13825979501275,24.706416174163515,25.055212701158425,49644600,BAC
2018-06-13,24.781160354614258,25.2130040095211,24.664895364443833,24.89742534478468,68900200,BAC
2018-06-14,24.498796463012695,24.9555530516079,24.399139644851008,24.9472497687532,77863200,BAC
2018-06-15,24.31609535217285,24.424055458551702,23.97560371452763,24.291180750397054,105079500,BAC
2018-06-18,24.41575050354004,24.49879759183608,23.925774424984002,24.033736114966292,52644100,BAC
2018-06-19,24.29948616027832,24.390838118171388,24.042041605478722,24.116783828483687,65466200,BAC
2018-06-20,24.282880783081055,24.49880262340021,24.233053153466418,24.43236525591676,52256500,BAC
2018-06-21,24.324403762817383,24.457278490328164,24.083567329209274,24.25796481507029,68322600,BAC
2018-06-22,24.075258255004883,24.515406702989104,24.075258255004883,24.46557750088351,76079200,BAC
2018-06-25,23.65172004699707,24.008821416435584,23.469017720675915,23.967298664450787,73616400,BAC
2018-06-26,23.701553344726562,23.809513468932547,23.261404811289204,23.684943607466646,56369300,BAC
2018-06-27,23.45240592956543,23.95899169610919,23.45240592956543,23.6766325721987,61764400,BAC
2018-06-28,23.809513092041016,23.950692688532037,23.50223929356349,23.585286394556743,71292100,BAC
2018-06-29,23.410886764526367,24.224744794960397,23.40258189678828,24.15830743704724,102307600,BAC
2018-07-02,23.485626220703125,23.485626220703125,23.111915136515705,23.319532053510635,52534300,BAC
2018-07-03,23.070396423339844,23.610200185177828,23.037176950492388,23.527153087050834,40599000,BAC
2018-07-05,23.186660766601562,23.31953548631915,23.09530880279887,23.21157537054546,44506800,BAC
2018-07-06,23.27801513671875,23.377670394812785,22.945826719093915,23.095311190226738,39424900,BAC
2018-07-09,24.125089645385742,24.15830911865043,23.435801415060197,23.44410628337637,61758900,BAC
2018-07-10,23.942386627197266,24.35762052748441,23.875949266510986,24.26626856254392,58858400,BAC
2018-07-11,23.81781768798828,24.008824909292844,23.767990061559196,23.809512819584818,50218900,BAC
2018-07-12,23.892560958862305,24.058653582180874,23.801208986442454,24.000521084819788,51700700,BAC
2018-07-13,23.709850311279297,23.826116857124823,23.435796055486268,23.767984376197713,75178000,BAC
2018-07-16,24.731332778930664,24.789465274135665,23.859340598880564,23.90086494116392,129172000,BAC
2018-07-17,24.92233657836914,25.08012588939009,24.56523520373874,24.822679754568675,87778900,BAC
2018-07-18,25.021991729736328,25.154868022331108,24.781156914389626,24.84759426869128,59109200,BAC
2018-07-19,24.63997459411621,24.930638580808804,24.61505999503126,24.855896367545242,59260600,BAC
2018-07-20,25.021991729736328,25.04690633159625,24.46557829346316,24.59845458605794,80432700,BAC
2018-07-23,25.536884307861328,25.619931402896594,25.021993585835954,25.030298453738638,74080200,BAC
2018-07-24,25.603322982788086,25.835854544037783,25.45383852084126,25.619932719446993,64761500,BAC
2018-07-25,25.80263900756836,25.835858485954653,25.47045214366501,25.49536675245473,57644100,BAC
2018-07-26,25.694677352905273,25.91890248279918,25.653153007375426,25.902294328579057,46215000,BAC
2018-07-27,25.79433250427246,25.86076987284528,25.578410660412843,25.73620000477022,57198900,BAC
2018-07-30,26.0019474029541,26.11821397666717,25.852462939602784,25.86076780801027,58721000,BAC
2018-07-31,25.644845962524414,26.09329935224844,25.595018336107863,26.04347172583189,64066000,BAC
2018-08-01,25.952117919921875,26.201257618356497,25.885680561406538,25.927203316481783,69070700,BAC
2018-08-02,25.97703742980957,26.00195045396357,25.63654570510869,25.727896100326475,46427200,BAC
2018-08-03,26.16804313659668,26.16804313659668,25.877379061268297,25.89398879905661,50153800,BAC
2018-08-06,26.176347732543945,26.234480230205104,26.010253524376264,26.118215234882786,41261500,BAC
2018-08-07,26.16804313659668,26.408877998560122,26.151433398808365,26.20126102818153,43946200,BAC
2018-08-08,26.408878326416016,26.500230301394062,26.143128854470927,26.1680434614627,43689600,BAC
2018-08-09,26.242780685424805,26.400569998247455,26.201256348370688,26.350740793782514,38219100,BAC
2018-08-10,25.90229606628418,26.018561073583978,25.66145959802954,25.935513960944725,55679800,BAC
2018-08-13,25.312658309936523,25.844158782118434,25.287745289547374,25.810939309610724,63960600,BAC
2018-08-14,25.570104598999023,25.661454980873184,25.262830812717834,25.42062013994286,42521200,BAC
2018-08-15,25.21300506591797,25.428926902418276,25.046910858151037,25.31266032338472,59747900,BAC
2018-08-16,25.511966705322266,25.611623524448635,25.34587411876685,25.379092002481375,44015400,BAC
2018-08-17,25.528579711914062,25.62823654381634,25.37079038806529,25.46214235197641,39843500,BAC
2018-08-20,25.636539459228516,25.686367079388784,25.453835545321716,25.48705501475622,40011000,BAC
2018-08-21,25.76111602783203,25.95212327497781,25.603326674802435,25.6697640470267,53510600,BAC
2018-08-22,25.72789192199707,25.819243886370742,25.64484482565661,25.67806429778944,33062900,BAC
2018-08-23,25.61162567138672,25.72789065012076,25.52857857915175,25.694672763621693,38259100,BAC
2018-08-24,25.653146743774414,25.810936050277572,25.619928859453,25.69467107916547,43585000,BAC
2018-08-27,26.0019474029541,26.151431866305415,25.7361979498814,25.76941742351133,47729300,BAC
2018-08-28,25.96872901916504,26.084994006674055,25.90229165716108,26.043471249418452,38539000,BAC
2018-08-29,25.86077117919922,26.00195079254711,25.80263867676042,25.943818290108315,46401800,BAC
2018-08-30,25.7528076171875,25.869072606595076,25.702979990868776,25.761112485572568,47358900,BAC
2018-08-31,25.686372756958008,25.702982495346582,25.42892814790246,25.644848410986576,49266000,BAC
2018-09-04,25.86077117919922,25.877380918179416,25.595021691483634,25.66976393290263,44745600,BAC
2018-09-05,25.893993377685547,25.943821015869336,25.7195942680542,25.80264138768855,48516700,BAC
2018-09-06,25.743778228759766,25.960743808954092,25.643639656497538,25.910673726998674,42666000,BAC
2018-09-07,25.752120971679688,25.969086532742686,25.56018885773842,25.868947969310355,49103800,BAC
2018-09-10,25.71874237060547,25.868949428401894,25.660328868495426,25.768810859321423,34156200,BAC
2018-09-11,25.743778228759766,25.78550170540734,25.618606207168437,25.6352946428383,53071000,BAC
2018-09-12,25.393291473388672,25.83556598368293,25.35156641189502,25.768807476941436,59482300,BAC
2018-09-13,25.151294708251953,25.593570877307727,25.10122621851028,25.476743870694296,59219500,BAC
2018-09-14,25.343225479125977,25.35991391371335,25.126259913005068,25.14294834759244,33743900,BAC
2018-09-17,25.268125534057617,25.443366059426314,25.159641939797133,25.318194028213142,35026600,BAC
2018-09-18,25.20970916748047,25.368261247931223,25.142950648077306,25.309847742409534,49921700,BAC
2018-09-19,25.868953704833984,26.035850817008573,25.142953336018003,25.142953336018003,92666300,BAC
2018-09-20,26.027502059936523,26.177709120966746,25.9857769920678,26.119294025950534,83357400,BAC
2018-09-21,25.893991470336914,26.177715635860796,25.84392137643341,26.152680588909046,85992100,BAC
2018-09-24,25.651981353759766,26.03584397421422,25.585222844765305,25.85225688074315,45587700,BAC
2018-09-25,25.59356689453125,25.902325981795556,25.535153400314627,25.74377393203019,40949900,BAC
2018-09-26,25.142948150634766,25.651982805302,25.084534650915277,25.626947766144294,57882400,BAC
2018-09-27,24.984399795532227,25.293157346408464,24.97605478177224,25.23474384173721,45879700,BAC
2018-09-28,24.58384895324707,24.909298147914555,24.55047048733044,24.74240104338514,74707600,BAC
2018-10-01,24.742401123046875,24.984401766228807,24.65060914774403,24.767436166301515,53900900,BAC
2018-10-02,24.68398666381836,24.800813677879816,24.425297593404263,24.68398666381836,42940300,BAC
2018-10-03,25.034467697143555,25.18467475799019,24.800812092310053,24.875915622733373,61080300,BAC
2018-10-04,25.393291473388672,25.693705549549563,25.15129089167054,25.176325928566733,72325700,BAC
2018-10-05,25.226396560668945,25.576879148844284,25.076189509786875,25.535155675443036,51931000,BAC
2018-10-08,25.259777069091797,25.384949083205584,24.9593629618999,25.076189962852965,47471600,BAC
2018-10-09,25.017778396606445,25.193020503233267,24.92598642803872,25.05950346563599,58868600,BAC
2018-10-10,24.400266647338867,25.14295551852145,24.3752316008449,25.017783469349517,88454400,BAC
2018-10-11,23.665916442871094,24.408605114814854,23.582467901926634,24.108191004074214,111417300,BAC
2018-10-12,23.74936866760254,24.233369994261665,23.140196889195472,24.1916449186968,102279200,BAC
2018-10-15,23.298748016357422,23.882886316587296,23.06509237793571,23.774402716315176,114636100,BAC
2018-10-16,23.807777404785156,23.84950087754006,23.28205273484201,23.565776806191035,87887800,BAC
2018-10-17,24.116535186767578,24.358535788007227,23.49901855168332,23.674260640796252,79068700,BAC
2018-10-18,23.574125289916992,24.11653847383313,23.482331726363185,23.92460792426489,77369200,BAC
2018-10-19,23.63254165649414,23.799438775577126,23.340472493923357,23.48233456764923,64305400,BAC
2018-10-22,22.848127365112305,23.657576310118003,22.789713851895165,23.63254126517543,89942900,BAC
2018-10-23,22.547714233398438,22.69792131608788,21.788335396822998,22.021989443985397,102392500,BAC
2018-10-24,21.85508918762207,22.447570783569404,21.76329563661393,22.414192323342746,86386600,BAC
2018-10-25,22.18888282775879,22.472606915908468,21.84674523763392,22.01364073018467,73780400,BAC
2018-10-26,22.02198600769043,22.18053808041658,21.59639987036145,21.971917518489544,91103500,BAC
2018-10-29,22.2055721282959,22.681226733564944,21.938538075628962,22.272330641462634,89367000,BAC
2018-10-30,22.34743309020996,22.414191600157814,21.96357046427348,22.33074306481089,79004800,BAC
2018-10-31,22.94826316833496,23.265365740881087,22.581090511979976,22.61447056785255,92296300,BAC
2018-11-01,23.206954956054688,23.365507056744274,23.040059432067256,23.173576487916744,49827300,BAC
2018-11-02,23.273706436157227,23.682602494829105,22.964948934872595,23.373844993544473,69010200,BAC
2018-11-05,23.415576934814453,23.565784029410064,23.27371485565737,23.32378494828854,41103100,BAC
2018-11-06,23.540742874145508,23.57412292723732,23.148536800207953,23.382192396905015,43514400,BAC
2018-11-07,23.816125869750977,23.92460786962698,23.48233167273532,23.71598729231654,56679200,BAC
2018-11-08,24.091503143310547,24.300123704818905,23.72433050939424,23.782744011952808,49421200,BAC
2018-11-09,23.799436569213867,24.108194141749994,23.682607960026996,23.991367124211866,43270600,BAC
2018-11-12,23.156883239746094,23.799434976502287,23.065089679738456,23.682606375133847,50307500,BAC
2018-11-13,23.16522979736328,23.48233238415667,23.106816288610453,23.1568847830202,57423400,BAC
2018-11-14,22.70626449584961,23.44895488655957,22.34743841417486,23.32378284954291,69213300,BAC
2018-11-15,23.28205680847168,23.34047031720846,22.430884445496147,22.647850043410426,66174800,BAC
2018-11-16,23.156883239746094,23.273710249465896,22.881504151371814,23.106814748673123,52456100,BAC
2018-11-19,23.156883239746094,23.382193837047403,22.981642725166385,23.181918281106896,46000000,BAC
2018-11-20,22.848127365112305,23.006679466450876,22.505989709141456,22.881507425035736,92330600,BAC
2018-11-21,22.75632667541504,23.165222703110885,22.739636651840126,23.02336068602063,40364400,BAC
2018-11-23,22.5059871673584,22.672884264828788,22.430883632661594,22.59778073013198,22974100,BAC
2018-11-26,22.99833106994629,23.140193120464676,22.61446998716043,22.681228505542695,53210700,BAC
2018-11-27,23.148536682128906,23.282053710518014,22.856467585659534,22.889847638581074,43617100,BAC
2018-11-28,23.724328994750977,23.757707454804063,22.998328786726887,23.265362833745435,61388100,BAC
2018-11-29,23.39888572692871,23.657574808318078,23.34047062577094,23.51571274594673,46824600,BAC
2018-11-30,23.699295043945312,23.891225575094847,23.257020480135388,23.31543398164624,64284600,BAC
2018-12-03,23.816125869750977,24.23336702437185,23.665918799423668,24.19164195392055,59908700,BAC
2018-12-04,22.52267837524414,23.632539834108826,22.305712773826766,23.632539834108826,103565700,BAC
2018-12-06,22.05275535583496,22.086320360355277,21.423395915776766,22.01079709950479,133294200,BAC
2018-12-07,21.339481353759766,22.270933852501503,21.23039148605539,21.94366584993222,107477600,BAC
2018-12-10,20.777254104614258,21.1716521285355,20.382856080693013,21.129695470868267,110166900,BAC
2018-12-11,20.626203536987305,21.31430283146288,20.58424688753629,21.154864682570572,78545000,BAC
2018-12-12,20.575855255126953,20.970253202151834,20.449983706122723,20.869556603165883,87191800,BAC
2018-12-13,20.475160598754883,20.82760195728167,20.374463982343723,20.693338735037546,64860100,BAC
2018-12-14,20.542295455932617,20.869563512342836,20.240203958419333,20.29055227458086,92762600,BAC
2018-12-17,20.53390121459961,20.919909191294614,20.273766413256745,20.357681329976867,98602800,BAC
2018-12-18,20.53390121459961,21.05417241782925,20.399637988064974,20.701731048039857,89046300,BAC
2018-12-19,20.290544509887695,21.1800385575597,20.198237965128246,20.51711424672807,121887600,BAC
2018-12-20,20.231807708740234,20.50033413464831,19.938106330199375,20.01362958755399,112594000,BAC
2018-12-21,19.61083984375,20.567465631064334,19.518533285134147,20.063977784909095,160800400,BAC
2018-12-24,19.073789596557617,19.47657932200602,19.01504962833107,19.09896455460218,64859100,BAC
2018-12-26,20.231807708740234,20.290547664339655,19.04022049336535,19.224832011041215,100877800,BAC
2018-12-27,20.449983596801758,20.449983596801758,19.627619506580217,19.954887452894017,91575400,BAC
2018-12-28,20.466766357421875,20.76885936951608,20.357678103356555,20.63459616426169,78693800,BAC
2018-12-31,20.676551818847656,20.953469866402095,20.4499836712439,20.617811869448772,56257300,BAC
2019-01-02,20.945077896118164,21.096124392573252,20.14789036561256,20.206630314113195,71836300,BAC
2019-01-03,20.609418869018555,21.01221003951311,20.517113926244438,20.92829514563743,66599600,BAC
2019-01-04,21.465351104736328,21.524091059040774,21.003821520449634,21.06256147475408,83829100,BAC
2019-01-07,21.448572158813477,21.633185310451665,21.222003946280125,21.448572158813477,57016300,BAC
2019-01-08,21.406612396240234,21.64157382767587,21.054171049358683,21.582832269409106,67339400,BAC
2019-01-09,21.616397857666016,21.691921114199577,21.305913180745396,21.54087460113245,69707200,BAC
2019-01-10,21.591218948364258,21.633177194606557,21.33108422383576,21.44856411222732,65235800,BAC
2019-01-11,21.842966079711914,21.85135772990374,21.36465162203959,21.42339317338237,63476000,BAC
2019-01-14,22.128278732299805,22.22058369562081,21.490527637643495,21.624790857513894,76715400,BAC
2019-01-15,22.279321670532227,22.497499783531364,21.85974874565935,21.994011953575175,80625500,BAC
2019-01-16,23.873699188232422,24.100267342925203,23.378603027031502,23.605171181724284,163131700,BAC
2019-01-17,24.326841354370117,24.33523300609266,23.5716103053243,23.781396796756134,107428800,BAC
2019-01-18,24.58698081970215,24.721244071644524,24.091884477960566,24.352020929075103,97928200,BAC
2019-01-22,24.41075325012207,24.586973112855812,24.24292343752866,24.318446693141322,84861400,BAC
2019-01-23,24.26810073852539,24.57019379021607,24.0163575958124,24.51984388123838,79425900,BAC
2019-01-24,24.402362823486328,24.503061036202247,24.117053088092316,24.125444739197295,59492300,BAC
2019-01-25,24.821935653686523,24.9394155674922,24.452711009598104,24.570192523947565,72182100,BAC
2019-01-28,24.8638916015625,24.897458204863387,24.57858347622364,24.603756828155564,59963800,BAC
2019-01-29,24.66249656677246,24.9226329384383,24.620539913558602,24.788369727501486,51451900,BAC
2019-01-30,24.393966674804688,24.72962465439866,24.293270081198244,24.687668007153224,66475800,BAC
2019-01-31,23.89048194885254,24.200966619873217,23.479300671396405,24.125443364774775,100201200,BAC
2019-02-01,23.81496238708496,24.20097037306793,23.756222424130673,23.9995755284201,64244100,BAC
2019-02-04,24.234539031982422,24.31006231017346,23.848532588378603,23.890489253798428,55195900,BAC
2019-02-05,24.15062141418457,24.234534730128836,23.974399929505015,24.20936137556312,46622600,BAC
2019-02-06,24.108657836914062,24.251312683308846,23.949221291359077,24.058309538346357,35606900,BAC
2019-02-07,23.697477340698242,24.03313534258334,23.41216763896001,23.949222042519768,62289200,BAC
2019-02-08,23.73944091796875,23.76461427341882,23.378607884774105,23.621959390540564,50031300,BAC
2019-02-11,23.84013557434082,23.88209223032601,23.672305749312418,23.781395615744028,47724400,BAC
2019-02-12,24.075092315673828,24.21774715897332,23.982785769849592,24.016352368528775,49178100,BAC
2019-02-13,24.0834903717041,24.326841874687144,24.04992376409599,24.226145252950694,48951200,BAC
2019-02-14,23.823352813720703,24.016357597057457,23.588392973988096,23.798179459774417,47756600,BAC
2019-02-15,24.42753791809082,24.595366139529684,24.058313270055237,24.133836529893056,65867000,BAC
2019-02-19,24.444316864013672,24.55340671616681,24.125442158848948,24.27648866149568,40841300,BAC
2019-02-20,24.67928123474121,24.712847839605825,24.34362318881414,24.419146449215706,42806300,BAC
2019-02-21,24.578584671020508,24.712847889663298,24.42753814991142,24.6121496754093,42754100,BAC
2019-02-22,24.402362823486328,24.561800993393284,24.30166461077041,24.3771878701714,47887800,BAC
2019-02-25,24.561798095703125,24.830324497207652,24.435926545065833,24.435926545065833,61227400,BAC
2019-02-26,24.578584671020508,24.86389281022857,24.301664981957966,24.352014889356873,53153200,BAC
2019-02-27,24.779979705810547,24.897459622967578,24.511451665739887,24.58697492692479,48128600,BAC
2019-02-28,24.526948928833008,24.92336052393191,24.467909075170976,24.881189659520558,62358100,BAC
2019-03-01,24.720935821533203,25.00770218470572,24.636592489650358,24.737804809652822,45771500,BAC
2019-03-04,24.484779357910156,24.914928954234483,24.265487312212535,24.737807775176023,56893200,BAC
2019-03-05,24.526948928833008,24.619726760996404,24.20644617664682,24.476343569796317,39932500,BAC
2019-03-06,24.324527740478516,24.594425154227242,24.290789759402184,24.467910942621963,41672000,BAC
2019-03-07,24.07992935180664,24.223312536967853,23.835335452834745,24.18114167433262,53908600,BAC
2019-03-08,24.16427993774414,24.18114893134691,23.62448501218164,23.666655887472796,40860700,BAC
2019-03-11,24.408870697021484,24.51008142121304,24.20644763992292,24.20644763992292,40709300,BAC
2019-03-12,24.408870697021484,24.56068839202427,24.36669822134546,24.459476059117264,34450000,BAC
2019-03-13,24.704071044921875,24.8896251076417,24.44260652766593,24.50164638358972,54683300,BAC
2019-03-14,24.847450256347656,24.999267933468357,24.66189621137528,24.72093606165216,45219100,BAC
2019-03-15,24.712509155273438,24.973973727801873,24.678772777063298,24.830590500798323,82346200,BAC
2019-03-18,25.151086807250977,25.269166513422846,24.7378062269341,24.779977090933954,58568600,BAC
2019-03-19,25.007707595825195,25.42098824188922,24.91493135852305,25.311343012817375,55455100,BAC
2019-03-20,24.155838012695312,25.01613711729375,24.12210164457993,24.98240074917837,81689900,BAC
2019-03-21,23.767864227294922,24.12210498956257,23.649784509444206,23.995590776334588,77444400,BAC
2019-03-22,22.781049728393555,23.67508528341301,22.528019705015303,23.540136581097446,118851600,BAC
2019-03-25,22.63766860961914,23.09312011957355,22.44368003331848,22.69670847121364,65568000,BAC
2019-03-26,22.94973373413086,23.067815049699487,22.671401847465738,22.899128375295934,59878500,BAC
2019-03-27,22.79791831970215,23.084684709286986,22.73044396972427,22.848523680006707,57621700,BAC
2019-03-28,23.050947189331055,23.118421540653653,22.789484279045407,22.941301971700117,45872300,BAC
2019-03-29,23.27023696899414,23.346145807935173,23.025641463802977,23.236498992258003,83446300,BAC
2019-04-01,24.07149887084961,24.24018394695647,23.489531577799625,23.531702444647475,91751100,BAC
2019-04-02,24.349824905395508,24.349824905395508,23.91124091754665,24.01245161707173,66694000,BAC
2019-04-03,24.324527740478516,24.661899507664426,24.20644802414232,24.51851630552098,63110600,BAC
2019-04-04,24.58599281311035,24.720941531808524,24.324529871722095,24.332964367730185,53712100,BAC
2019-04-05,24.526948928833008,24.881189659520558,24.44260559129495,24.729371973695127,46383400,BAC
2019-04-08,24.60285758972168,24.6281610734105,24.349829187694898,24.36669656810543,35272800,BAC
2019-04-09,24.366701126098633,24.5185188391996,24.240186901419708,24.45947897493048,40535300,BAC
2019-04-10,24.518510818481445,24.58598515681843,24.24861346513351,24.375127648425966,42669700,BAC
2019-04-11,24.518510818481445,24.872751496929393,24.451036480144463,24.670328481918443,50440100,BAC
2019-04-12,25.446287155151367,25.488458018279104,24.931794259673385,24.931794259673385,100192000,BAC
2019-04-15,25.167953491210938,25.420981869465948,25.016135820771854,25.387245503099038,57438800,BAC
2019-04-16,25.20169448852539,25.345077691541388,24.459476596199664,24.712505020950015,105168400,BAC
2019-04-17,25.32820701599121,25.404115855288396,24.847450497537288,25.15952034894963,94831600,BAC
2019-04-18,25.32820701599121,25.437852223467544,25.151085854726023,25.260732670917637,61796600,BAC
2019-04-22,25.345077514648438,25.387249990956153,25.117352577448695,25.24386678894088,34763400,BAC
2019-04-23,25.36194610595703,25.48002582032902,25.235431896456266,25.29447175364226,41889700,BAC
2019-04-24,25.319772720336914,25.44628691725264,25.176389534841675,25.260732869023926,40078100,BAC
2019-04-25,25.370376586914062,25.57279961183044,25.21855891604798,25.226993409842226,43243800,BAC
2019-04-26,25.598108291625977,25.63184466493889,25.34507825255927,25.446290589929056,40627500,BAC
2019-04-29,25.952346801757812,26.289718549116667,25.64871142477715,25.66558041432394,68408600,BAC
2019-04-30,25.79209327697754,26.045121672157144,25.648710090718353,25.977647326194894,47764200,BAC
2019-05-01,25.52219009399414,26.05355024662214,25.454715763363364,25.77521843168082,56161000,BAC
2019-05-02,25.724618911743164,25.775224268998112,25.429418045111248,25.52219587400807,40634100,BAC
2019-05-03,25.901737213134766,25.97764604970169,25.72461766695543,25.859566352248798,35256100,BAC
2019-05-06,25.699317932128906,25.81739925551316,25.361946169707032,25.39568415030695,39882000,BAC
2019-05-07,25.235429763793945,25.44628729804733,24.990834251876663,25.43785280363136,58528400,BAC
2019-05-08,25.134220123291016,25.395684651958817,25.024574901606336,25.07518026479038,39903400,BAC
2019-05-09,25.05830955505371,25.11735101821935,24.695635933614213,24.81371564251473,44173500,BAC
2019-05-10,24.94866180419922,25.05830700721345,24.61972458644131,24.84744948635013,59649900,BAC
2019-05-13,23.826900482177734,24.459473061350593,23.65821381757887,24.425735084944716,72547000,BAC
2019-05-14,24.138973236083984,24.451041511843872,23.793165371139768,23.91968118918262,52216100,BAC
2019-05-15,23.86064338684082,24.029328477565212,23.624482329367964,23.700391183244395,51973200,BAC
2019-05-16,24.113666534423828,24.31608956409134,23.97871784797882,24.004019721240237,42791500,BAC
2019-05-17,23.953414916992188,24.15583795131595,23.80159723907055,23.826900721629247,43772500,BAC
2019-05-20,23.953414916992188,24.054627238511706,23.818466227443015,23.953414916992188,41717600,BAC
2019-05-21,24.19800567626953,24.24861102274638,23.995582681647186,24.09679337460088,39258700,BAC
2019-05-22,24.029321670532227,24.14740136146121,23.91124197960324,24.04619065744069,29177600,BAC
2019-05-23,23.413623809814453,23.784733568301565,23.194331752922775,23.725692099791264,59772900,BAC
2019-05-24,23.767864227294922,23.835338581597547,23.49796681008443,23.557006669009787,35524400,BAC
2019-05-28,23.53169822692871,23.826899068099525,23.514829239726915,23.65821241351187,44273400,BAC
2019-05-29,23.405181884765625,23.489525204291567,23.093112085134145,23.219627868780563,49818900,BAC
2019-05-30,22.90755844116211,23.556999920729112,22.755740785292936,23.422051250782076,58649300,BAC
2019-05-31,22.435245513916016,22.662972073011012,22.33403317363527,22.350902165134656,68304200,BAC
2019-06-03,22.502717971801758,22.764180883110544,22.26655693689081,22.42680912517736,50109900,BAC
2019-06-04,23.54857635498047,23.573879845605223,22.890700077179,22.92443806467867,58426400,BAC
2019-06-05,23.540142059326172,23.624485420080525,23.160597740289493,23.481102189412866,44874400,BAC
2019-06-06,23.641897201538086,23.77757672635824,23.353582861343938,23.540139579683267,38633600,BAC
2019-06-07,23.345096588134766,23.565573533459652,23.251817445041365,23.531653256913756,51317200,BAC
2019-06-10,23.803007125854492,24.142201777572666,23.6079704032925,23.62493054023033,48305800,BAC
2019-06-11,23.947166442871094,24.337241528009596,23.86236737067509,24.065884173500834,38691800,BAC
2019-06-12,23.70125961303711,23.972615449748858,23.624940581785882,23.913256562644207,33528900,BAC
2019-06-13,23.69277572631836,23.87933242966911,23.582536424523013,23.718214321034125,33404200,BAC
2019-06-14,23.777576446533203,23.88781413847997,23.557099445231447,23.667337137178215,37322100,BAC
2019-06-17,23.684297561645508,23.930213162334343,23.565579796996293,23.752136515360522,33410100,BAC
2019-06-18,24.269407272338867,24.422043690827266,23.599496251994985,23.760614358486617,60170700,BAC
2019-06-19,24.0150146484375,24.5662064043942,23.998054503969072,24.337250923704026,61953500,BAC
2019-06-20,23.97260856628418,24.26092446435584,23.61645372851377,24.243964325079176,60887200,BAC
2019-06-21,23.84541130065918,24.210044598980673,23.81149102133182,23.904770172074123,69444000,BAC
2019-06-24,23.726694107055664,24.06588884426359,23.65037508900787,23.811493195709666,40046400,BAC
2019-06-25,23.54014015197754,23.760617161234077,23.21790390098403,23.760617161234077,46901300,BAC
2019-06-26,23.667341232299805,23.896298344507116,23.61646241316768,23.692781450570116,42312300,BAC
2019-06-27,23.921728134155273,24.015007282713263,23.794530324472138,23.811490463738664,35575600,BAC
2019-06-28,24.591644287109375,24.82060136347768,24.36268721074107,24.600124358538746,101856900,BAC
2019-07-01,24.94779396057129,25.31242886841251,24.80363601136448,24.99867276105372,48029900,BAC
2019-07-02,24.71883773803711,24.956274843707927,24.532281051915152,24.87995583179259,32263500,BAC
2019-07-03,24.634035110473633,24.795153181038433,24.5322775208384,24.75275445492504,26642300,BAC
2019-07-05,24.812116622924805,25.074992318134623,24.718837472163152,24.89691570385286,33092000,BAC
2019-07-08,24.76123809814453,24.846035562612624,24.54076113222999,24.600120004320836,30924400,BAC
2019-07-09,24.88843536376953,24.94779423455224,24.540760591406865,24.5661991832235,28750100,BAC
2019-07-10,24.608598709106445,24.930833261470166,24.55771829235859,24.735796516160338,40574800,BAC
2019-07-11,24.89691925048828,25.01563701025447,24.617083375747864,24.676442255630956,37376800,BAC
2019-07-12,24.973234176635742,25.04107311643429,24.896915167186386,24.964754106984934,29632900,BAC
2019-07-15,24.778196334838867,25.04107364736378,24.659478592026286,25.01563343787197,46462100,BAC
2019-07-16,24.583162307739258,24.761240559118626,24.472924622529646,24.735800346804968,54920400,BAC
2019-07-17,24.752758026123047,25.117392945973652,24.591639932312976,24.676439014181852,84958300,BAC
2019-07-18,24.998676300048828,25.083475391129596,24.74428064421466,24.829079735295426,49468800,BAC
2019-07-19,24.93083381652832,25.108912044294787,24.913873677234772,25.049553174175266,44863200,BAC
2019-07-22,25.074989318847656,25.108909594124757,24.82907379271965,24.83755386153893,31224300,BAC
2019-07-23,25.651622772216797,25.677062980373428,25.185230277866907,25.227629007386767,64030300,BAC
2019-07-24,26.007781982421875,26.07562093153116,25.473550460362276,25.498989055398177,53171900,BAC
2019-07-25,25.72794532775879,26.194337886435022,25.617706027950028,26.067140062924057,43251900,BAC
2019-07-26,26.092580795288086,26.279137498999855,25.79578478956764,25.922982615616945,46978800,BAC
2019-07-29,25.880584716796875,26.16042059012297,25.855144503800627,26.050181284547385,39176700,BAC
2019-07-30,26.194337844848633,26.202817915390312,25.56682718143711,25.617705987279106,37598300,BAC
2019-07-31,26.01625633239746,26.338490865456837,25.939937329255653,26.143454131831223,60607600,BAC
2019-08-01,25.007156372070312,26.346976835503238,24.89691868584584,25.90602285578908,76913400,BAC
2019-08-02,24.91387367248535,25.01563289081935,24.515320103610332,24.89691515060294,57492300,BAC
2019-08-05,23.81148910522461,24.28636165573916,23.497733016326187,24.193084129910826,96207700,BAC
2019-08-06,24.09980583190918,24.159164700629372,23.4807753189588,24.091325762462315,65115800,BAC
2019-08-07,23.650375366210938,23.68429564903335,22.997426095960577,23.41293985608648,75388500,BAC
2019-08-08,24.065893173217773,24.15917234925697,23.80301740677175,23.836937695298143,53141900,BAC
2019-08-09,24.02349090576172,24.18460901780956,23.718214823441205,23.972612097844348,53499600,BAC
2019-08-12,23.43837547302246,23.616453700399624,23.285737454530008,23.599493561143152,55674700,BAC
2019-08-13,23.506214141845703,23.95564812251729,23.217898247438704,23.379016333703294,69919200,BAC
2019-08-14,22.403831481933594,22.96350314419034,22.28511374066941,22.844785402926156,106591700,BAC
2019-08-15,22.259675979614258,22.751508755610363,22.22575569700372,22.5395118415188,70192000,BAC
2019-08-16,22.921106338500977,22.9974253549843,22.42079350484721,22.497112521330536,70841700,BAC
2019-08-19,23.12462043762207,23.489255335984186,23.014381152466708,23.438374919416546,44964800,BAC
2019-08-20,22.658231735229492,22.946547695009457,22.641273209731096,22.912629026604417,47665000,BAC
2019-08-21,22.836307525634766,22.963505348830736,22.717589772972932,22.836307525634766,47785400,BAC
2019-08-22,23.056781768798828,23.15005929877948,22.861743404494817,22.971982690937242,49353700,BAC
2019-08-23,22.446231842041016,23.082222560523483,22.268155217221782,22.8532671310999,81880700,BAC
2019-08-26,22.7091064453125,22.72606496654038,22.46318928731808,22.64126750817746,41499100,BAC
2019-08-27,22.446231842041016,22.810866779422916,22.285115357892575,22.77694811548936,52517000,BAC
2019-08-28,22.76846694946289,22.96350370556713,22.225753795970803,22.234233865898112,45897900,BAC
2019-08-29,23.17550277709961,23.277262008371896,22.82782796448215,22.895666912860968,55432900,BAC
2019-08-30,23.328134536743164,23.480772533866368,23.19245667650202,23.319654468302133,41326200,BAC
2019-09-03,22.93806266784668,23.090700686212934,22.56494930896017,23.07374054697048,50743100,BAC
2019-09-04,23.311180114746094,23.38749913201779,23.031344257219224,23.16702215072267,40862500,BAC
2019-09-05,24.002578735351562,24.2671870698868,23.729432809947603,23.772112623949052,63413700,BAC
2019-09-06,23.66968536376953,23.9769735469088,23.533113199722884,23.917223428646967,56054100,BAC
2019-09-09,24.437902450561523,24.625690383783503,23.87454190703258,23.900149796490624,68629300,BAC
2019-09-10,25.052474975585938,25.052474975585938,24.591542803619646,24.659828870421883,71066200,BAC
2019-09-11,25.1463680267334,25.154903988838935,24.668365545301434,25.06954762392017,53982200,BAC
2019-09-12,25.32561683654785,25.436581074032915,24.67689844952875,24.941506729737824,72943900,BAC
2019-09-13,25.752405166625977,25.880441326435808,25.496332847006318,25.60729708469001,79657000,BAC
2019-09-16,25.71826171875,25.75240556352851,25.300009388622026,25.334153233400535,43391300,BAC
2019-09-17,25.55608367919922,25.624369741593767,25.25733154569751,25.47926165549683,48284900,BAC
2019-09-18,25.607301712036133,25.735337894982635,25.223191535128233,25.410979456313605,66640400,BAC
2019-09-19,25.453655242919922,25.69265728915041,25.39390513837936,25.607299299206076,43035700,BAC
2019-09-20,25.257335662841797,25.718266252123275,25.240263737443264,25.581694105071843,167269000,BAC
2019-09-23,25.197582244873047,25.282940232594196,24.898830101883124,25.018330307851812,52048300,BAC
2019-09-24,24.70250701904297,25.300009656377227,24.531791049479956,25.265867439305513,64806900,BAC
2019-09-25,24.967121124267578,25.103693280513816,24.56594061880282,24.56594061880282,45807700,BAC
2019-09-26,24.864686965942383,25.035402946261975,24.796400899428196,24.93297303245657,33198100,BAC
2019-09-27,25.052474975585938,25.359761462161874,24.93297313763083,25.10368911867055,41336600,BAC
2019-09-30,24.898834228515625,25.19758642101953,24.822012189641235,25.171978532038576,39191000,BAC
2019-10-01,24.275724411010742,25.189051317608815,24.250116521155913,25.12930120268274,49434400,BAC
2019-10-02,23.76357650756836,24.156221025433464,23.73796861933299,24.070864654119084,52293100,BAC
2019-10-03,23.737966537475586,23.79771664338284,23.183142032248984,23.69528835556134,53015800,BAC
2019-10-04,24.21597671508789,24.241582979432078,23.7635803842059,23.772116348343523,42641800,BAC
2019-10-07,24.164756774902344,24.42936673346045,24.053792516331956,24.181828700241912,36742400,BAC
2019-10-08,23.584314346313477,23.831852274661564,23.439206298539563,23.78917410746183,58201100,BAC
2019-10-09,23.80625343322754,23.959897498370953,23.68675321725748,23.755039287535848,37511400,BAC
2019-10-10,24.284257888793945,24.540330248859046,23.93429157027308,23.93429157027308,48239300,BAC
2019-10-11,24.676902770996094,25.043941019986995,24.63422458635136,24.7451888432687,70008600,BAC
2019-10-14,24.873220443725586,24.890292365666255,24.523254184282287,24.53179014525262,36040100,BAC
2019-10-15,25.3768367767334,25.812161121291307,24.847620095319172,25.04394236009966,78656000,BAC
2019-10-16,25.752405166625977,26.221871628618054,25.735333244499838,25.923121131751152,87131700,BAC
2019-10-17,25.829227447509766,26.068229475471515,25.607297341845594,25.863369664036803,55575900,BAC
2019-10-18,25.90605354309082,26.02555376182712,25.69265936502264,25.718265624427058,48872900,BAC
2019-10-21,26.477949142456055,26.58891339508483,26.14505312843308,26.17919697728398,61087400,BAC
2019-10-22,26.631589889526367,26.7766979729347,26.247479778131346,26.435266039219957,58662100,BAC
2019-10-23,26.819379806518555,26.836451731145086,26.537699562454126,26.57184178363885,47771200,BAC
2019-10-24,26.76816177368164,26.904733894725478,26.631589652637803,26.84498379527731,39491000,BAC
2019-10-25,27.07545280456543,27.186418689196305,26.751094369324893,26.768166294355545,43702000,BAC
2019-10-28,27.177888870239258,27.510783343245876,27.092530853859195,27.288853151885213,58790300,BAC
2019-10-29,27.374208450317383,27.43395856743029,27.152278280991865,27.263244179688915,48266600,BAC
2019-10-30,26.99009132385254,27.322984030492947,26.91326930383242,27.322984030492947,45262400,BAC
2019-10-31,26.691341400146484,26.990093543901907,26.307231268451194,26.81084160642137,49430900,BAC
2019-11-01,27.14373779296875,27.177881641666946,26.776701187873044,27.058381427359894,41985300,BAC
2019-11-04,27.655887603759766,27.74124397507449,27.39981197754191,27.519315455974105,54228600,BAC
2019-11-05,28.014385223388672,28.24485130823375,27.74124095752854,27.749775291276954,68785600,BAC
2019-11-06,27.988779067993164,28.21924515367802,27.886347525820003,27.963169554381622,47524500,BAC
2019-11-07,28.364355087280273,28.68017757390278,28.176567159816504,28.2619267887259,68310700,BAC
2019-11-08,28.389957427978516,28.39849501775909,28.108278831812168,28.227779039648585,38724000,BAC
2019-11-11,28.321674346923828,28.381424453703858,28.14242402658375,28.193636543174282,27784000,BAC
2019-11-12,28.24485206604004,28.44117430888578,28.15949570171983,28.278995914222754,37282200,BAC
2019-11-13,27.988779067993164,28.074135430334294,27.724169134917254,27.929028963127074,48887800,BAC
2019-11-14,27.911949157714844,28.04852125257762,27.732698893732877,27.903411570209652,35554600,BAC
2019-11-15,28.108274459838867,28.133880712924874,27.911952255195587,28.09973687138623,36398300,BAC
2019-11-18,28.133882522583008,28.193632621050973,27.95463222717912,28.04852616938196,31133700,BAC
2019-11-19,28.116811752319336,28.29606531120122,28.01438347305561,28.270455799283074,33183700,BAC
2019-11-20,27.903419494628906,28.022922960690806,27.67295340857144,27.98877911324455,43612200,BAC
2019-11-21,28.031450271606445,28.20216620993079,27.852200001626947,27.980234513268435,42787600,BAC
2019-11-22,28.321674346923828,28.441174560483883,28.116814512151873,28.133886436394253,38783900,BAC
2019-11-25,28.569211959838867,28.60335255170376,28.389958385899497,28.44971174797033,50238800,BAC
2019-11-26,28.466785430908203,28.509466876497616,28.270463154518016,28.492394949489277,50626600,BAC
2019-11-27,28.52652931213379,28.680173365488685,28.432638618315952,28.586282671670848,32097700,BAC
2019-11-29,28.441173553466797,28.611889533709448,28.372889115051635,28.48385173449334,19503400,BAC
2019-12-02,28.535064697265625,28.80820893631909,28.45824267652333,28.55213661922349,47158800,BAC
2019-12-03,28.031450271606445,28.082666029944455,27.783912323842934,28.057056522707605,58745100,BAC
2019-12-04,28.29607391357422,28.424108487543972,28.039998253360146,28.236323794494208,46637900,BAC
2019-12-05,28.39905548095703,28.51062718023064,28.321814038985075,28.459131794278157,38304500,BAC
2019-12-06,28.896821975708008,29.00839363968994,28.81099963351421,28.905406174274884,50908500,BAC
2019-12-09,28.759517669677734,28.92258477933478,28.69944134735588,28.750936741023477,32974500,BAC
2019-12-10,28.776676177978516,28.862501814338497,28.57928212522046,28.66510776158044,41960100,BAC
2019-12-11,28.87108612060547,28.974073622379674,28.73376836026864,28.73376836026864,43107800,BAC
2019-12-12,29.763652801513672,29.87522450339253,28.905415992413307,28.9912383637579,64942500,BAC
2019-12-13,29.55767059326172,30.00395406747197,29.48042915976546,29.772229766983195,48539600,BAC
2019-12-16,29.78080940246582,30.11552113833998,29.78080940246582,29.99536854329927,50777100,BAC
2019-12-17,30.072612762451172,30.27000679751095,29.815142424282467,29.909545704944378,50840500,BAC
2019-12-18,30.1326904296875,30.270008167854808,30.081195050157337,30.1326904296875,48757900,BAC
2019-12-19,29.995380401611328,30.235685686694538,29.943885008844656,30.16702843691961,45409500,BAC
2019-12-20,30.00395393371582,30.244262433473548,29.961042753945456,30.244262433473548,109395500,BAC
2019-12-23,30.184188842773438,30.20135397287042,29.995378959534246,30.072620408013766,33995400,BAC
2019-12-24,30.22709846496582,30.27859057309797,30.141272828223432,30.20134913698646,13805400,BAC
2019-12-26,30.48457145690918,30.5189017145674,30.287177386244768,30.31292344253165,26992100,BAC
2019-12-27,30.338672637939453,30.656222643264307,30.261431187173127,30.639057512659136,28111300,BAC
2019-12-30,30.16702651977539,30.596144943818206,30.1155311302813,30.52748442449275,30705100,BAC
2019-12-31,30.22709846496582,30.261425445749488,30.012539283979777,30.064031392111925,29630100,BAC
2020-01-02,30.587560653686523,30.604725783468357,30.287179067288793,30.33867118272055,37614200,BAC
2020-01-03,29.95246124267578,30.16702041125107,29.83230535818662,30.021118474185066,50357900,BAC
2020-01-06,29.909542083740234,29.952456529833434,29.497588937763645,29.531919185073175,42185000,BAC
2020-01-07,29.712154388427734,29.969624750153947,29.634912952518544,29.780814897641804,34149000,BAC
2020-01-08,30.012540817260742,30.201350679913347,29.65207967235404,29.669244800579452,45311600,BAC
2020-01-09,30.06402587890625,30.32149946800407,29.986784456959445,30.295750144746677,39861600,BAC
2020-01-10,29.815149307250977,30.098365762444523,29.74648878846846,30.038289445466688,39730400,BAC
2020-01-13,30.089778900146484,30.098359826345074,29.746482921767356,29.900965784646655,37956100,BAC
2020-01-14,30.312915802001953,30.61329729601472,30.13268690559429,30.295750677499402,66719300,BAC
2020-01-15,29.755067825317383,29.85805859694572,29.471851388123266,29.840893468340997,74745500,BAC
2020-01-16,29.79798126220703,30.029705579556186,29.69499049410958,29.9524641404398,50368500,BAC
2020-01-17,29.789400100708008,29.995378384005836,29.69499352394291,29.96962905239752,54156100,BAC
2020-01-21,29.403188705444336,29.626332086937094,29.368861724679764,29.54050645024246,50811000,BAC
2020-01-22,29.489017486572266,29.566258930877098,29.377445783928923,29.497598414200077,38879700,BAC
2020-01-23,29.283037185668945,29.403189807632103,28.948325374796315,29.2572911306521,45717100,BAC
2020-01-24,28.785263061523438,29.300203832025705,28.553538732623345,29.283038703153817,47797200,BAC
2020-01-27,28.19307518005371,28.433383689940122,27.86694758092257,27.952769944080597,57096200,BAC
2020-01-28,28.527786254882812,28.742345406615375,28.27889685313396,28.338973153706053,38834600,BAC
2020-01-29,28.33039665222168,28.69943875539136,28.304650594670125,28.605035453064417,37414700,BAC
2020-01-30,28.733766555786133,28.768096812192812,28.03859359616143,28.06434292542316,50542800,BAC
2020-01-31,28.175914764404297,28.467712123597686,28.02143188370576,28.381889756060037,54845300,BAC
2020-02-03,28.296072006225586,28.66511413990657,28.253157541539984,28.32181806590575,48485500,BAC
2020-02-04,28.853919982910156,29.094228510536315,28.776678540800596,28.802427870779475,45061600,BAC
2020-02-05,29.789400100708008,29.875225749546164,29.24012904379879,29.265875101493364,54604800,BAC
2020-02-06,29.755067825317383,30.046868463770625,29.694991512157614,29.986792150610857,39511500,BAC
2020-02-07,29.70357322692871,29.74648440789166,29.386026559107002,29.454683793865065,31263000,BAC
2020-02-10,29.772232055664062,29.772232055664062,29.506180755101703,29.55767286544878,24373800,BAC
2020-02-11,29.840898513793945,30.072622878267016,29.83231431108342,29.909555765907776,32476300,BAC
2020-02-12,29.969615936279297,30.42448349126565,29.849463354404065,30.106936914322205,36656700,BAC
2020-02-13,29.961042404174805,30.06402988920402,29.65207667517405,29.83230559245345,31775100,BAC
2020-02-14,29.909542083740234,30.003948626885144,29.780808567198378,29.93529140617867,26447700,BAC
2020-02-18,29.411775588989258,29.89238937658055,29.188632187141536,29.840893989866405,40318000,BAC
2020-02-19,29.79798126220703,29.90954968344249,29.531926688825394,29.566256944857876,29632100,BAC
2020-02-20,29.909542083740234,30.106939368813727,29.57483035725379,29.57483035725379,42604100,BAC
2020-02-21,29.489017486572266,29.729322747114576,29.30020433962409,29.634916173640487,46675500,BAC
2020-02-24,28.090085983276367,28.502039194456597,27.90985706724372,28.476293141855678,79159600,BAC
2020-02-25,26.674001693725586,28.11583825161172,26.468025042598995,28.055761932986076,91586800,BAC
2020-02-26,26.287792205810547,27.120282941294725,26.227715892313086,26.940052363845567,80012800,BAC
2020-02-27,25.000438690185547,26.004575868956735,24.811627172717,25.36089823223051,121148300,BAC
2020-02-28,24.459753036499023,24.674312273661293,23.77316413236258,24.030634562174477,171198800,BAC
2020-03-02,25.2064151763916,25.21499610374712,23.550017914126727,24.331013260019994,147776300,BAC
2020-03-03,23.816068649291992,25.532542065457182,23.704498597502166,25.206412836646706,138698500,BAC
2020-03-04,24.365341186523438,24.391088878727132,23.515686987282088,24.24518856348629,111239800,BAC
2020-03-05,23.130231857299805,23.622547942506216,22.802020035561128,23.527538997150028,110878700,BAC
2020-03-06,22.2060604095459,22.63791690896828,21.679196600483824,21.998769487511375,119121200,BAC
2020-03-09,18.941225051879883,20.288616778010105,18.578465550913858,19.20033827511203,145196000,BAC
2020-03-10,20.39225959777832,20.45271922978675,18.647559358156663,20.08132246470476,134863600,BAC
2020-03-11,19.580368041992188,20.69455662906489,19.226245947485246,19.727199274890285,127347000,BAC
2020-03-12,17.714750289916992,19.753113090008917,17.40381314484494,17.783847250221726,139552600,BAC
2020-03-13,20.8673038482666,20.945038142236104,18.552552977622845,19.16579000255985,128357400,BAC
2020-03-16,17.6542911529541,18.768479875183456,16.91149757320018,17.144700438574297,121688800,BAC
2020-03-17,18.984411239624023,19.597648322881255,17.30017188738035,18.189795218122836,120065700,BAC
2020-03-18,17.956592559814453,18.112059503001912,17.015145336715097,17.50746144197956,148272500,BAC
2020-03-19,18.310718536376953,18.785760086500055,16.410549041080507,17.498827754124616,122461300,BAC
2020-03-20,16.989229202270508,18.8634858632826,16.894220276271334,18.794388911847186,150910400,BAC
2020-03-23,15.615927696228027,16.989231209755616,15.503645754653471,16.635109085880096,181898500,BAC
2020-03-24,18.16388511657715,18.26752975479397,16.419184448376402,16.77330664918721,147882400,BAC
2020-03-25,18.224340438842773,19.088053240234363,17.628378144610178,18.75120412745867,146991300,BAC
2020-03-26,19.623558044433594,19.822213279144865,18.284803602684686,18.40572289106409,116111400,BAC
2020-03-27,18.65619659423828,19.17442459773962,18.224340199220737,18.725293551545032,91522800,BAC
2020-03-30,19.03623390197754,19.30398445089017,18.371174545818782,18.69938473667281,80449100,BAC
2020-03-31,18.336626052856445,19.42490459839079,18.103423154370137,18.84621683959241,95213700,BAC
2020-04-01,17.075607299804688,17.576560800148794,16.85104171035362,17.21380125525121,83961300,BAC
2020-04-02,17.76658058166504,17.956598543438282,16.920142025736546,16.971964357400967,70007400,BAC
2020-04-03,17.3001708984375,17.913406299238087,16.997871037909704,17.619743765856995,68293500,BAC
2020-04-06,18.474822998046875,18.65620360880043,17.97386945736862,18.163887396958255,97766200,BAC
2020-04-07,19.122608184814453,19.761755703786886,18.872132233582985,19.692658719233165,94560300,BAC
2020-04-08,20.254066467285156,20.383623061951923,19.355804335779457,19.355804335779457,81212300,BAC
2020-04-09,21.471908569335938,21.86921581154342,20.77229975995002,20.789574417629137,125275700,BAC
2020-04-13,20.660017013549805,21.4632704444133,20.53909770908501,21.4028107921809,83164700,BAC
2020-04-14,20.495906829833984,21.29052276792531,19.951768424817857,21.160966161721625,88991100,BAC
2020-04-15,19.165790557861328,19.56309771863762,18.923950342126826,19.139878576653516,99082200,BAC
2020-04-16,18.500730514526367,19.18306285369535,18.21570532140992,19.131240540601894,89213300,BAC
2020-04-17,20.107236862182617,20.21088148741667,19.269434296632333,19.295346276641652,92800300,BAC
2020-04-20,19.43354606628418,19.977684631283207,19.157158119148033,19.49400572379495,74446300,BAC
2020-04-21,18.690750122070312,19.321261908936094,18.569830820639417,18.91531571572907,78871300,BAC
2020-04-22,18.82894515991211,19.200342061208147,18.785760163325044,19.139882407025446,49669500,BAC
2020-04-23,18.889402389526367,19.338531858380303,18.87212773565461,18.967135037145926,50614800,BAC
2020-04-24,19.157148361206055,19.26079296488833,18.716654677053196,19.09668873449118,47633500,BAC
2020-04-27,20.271343231201172,20.42681183259406,19.390357235644462,19.450816881207967,66916700,BAC
2020-04-28,20.634103775024414,21.428719829117124,20.599556110447445,21.117784258316927,65504900,BAC
2020-04-29,21.40281105041504,21.68783630537956,21.169608119788982,21.51509302771537,73493900,BAC
2020-04-30,20.772293090820312,21.057318261407733,20.599551511695466,20.91048701308079,55244100,BAC
2020-05-01,19.934494018554688,20.262704201500878,19.70129113605517,20.193607234175275,51772600,BAC
2020-05-04,19.8049373626709,19.856759676188897,19.37308090608375,19.606283788017205,45886100,BAC
2020-05-05,19.571731567382812,20.314525089312532,19.537183912647293,20.279975787175616,45691900,BAC
2020-05-06,19.303985595703125,19.93449568105791,19.200339312369977,19.86539870796974,53874600,BAC
2020-05-07,19.727209091186523,20.184977667985052,19.528555455886124,19.571740455768076,51884300,BAC
2020-05-08,20.35771369934082,20.400900334712098,20.08132582257142,20.27134207599996,45181000,BAC
2020-05-11,19.50263786315918,19.96904363538629,19.485363209209655,19.960406308411525,68951800,BAC
2020-05-12,18.889402389526367,19.709928679614684,18.87212773565461,19.614919730721702,69588700,BAC
2020-05-13,18.025693893432617,18.785760729109803,17.896135604965377,18.70802641499029,112113400,BAC
2020-05-14,18.751205444335938,18.820304054805362,17.360628856669738,17.524734761731523,88359100,BAC
2020-05-15,18.518009185791016,18.74257478778778,18.336628579508172,18.483459871298287,64484000,BAC
2020-05-18,19.8049373626709,19.917219316526833,19.062143730172476,19.36444357926381,86589400,BAC
2020-05-19,19.183061599731445,19.86539554169906,19.16578859476382,19.571733041029646,62179000,BAC
2020-05-20,19.78766632080078,19.865400628967155,19.554463396301657,19.589012709887577,59789500,BAC
2020-05-21,19.779024124145508,20.098598606549853,19.67537950370194,19.70128983511206,57726000,BAC
2020-05-22,19.571731567382812,19.82220906567126,19.398988351501025,19.8049344146028,48107000,BAC
2020-05-26,20.9709529876709,21.247340894031986,20.46999949554096,20.51318448813418,119485500,BAC
2020-05-27,22.439260482788086,22.60336639313102,21.56691026635678,22.516994774666234,117672700,BAC
2020-05-28,21.471908569335938,22.577460302366866,21.411448914861065,22.52563797673155,84340800,BAC
2020-05-29,20.832759857177734,21.5150923220268,20.780935887137094,21.09187311777319,113811100,BAC
2020-06-01,21.255977630615234,21.480543210135885,20.77229716053915,20.97095240418553,58375500,BAC
2020-06-02,21.454626083374023,21.929667464404194,21.21278590631422,21.558270696827204,71118100,BAC
2020-06-03,22.447898864746094,22.57745547483348,21.92967077699486,22.024679726513064,86744600,BAC
2020-06-04,23.291547775268555,23.335033943635363,22.239165580103716,22.36092817864357,94545300,BAC
2020-06-05,24.448291778564453,25.23105424020318,24.248251137267733,25.17887051846476,118767900,BAC
2020-06-08,24.822282791137695,25.135386831912964,24.474386832001585,24.86576895658427,79598500,BAC
2020-06-09,24.543964385986328,24.82228147026323,23.961240842000105,24.109096119097828,77773400,BAC
2020-06-10,23.134990692138672,24.439595411707877,23.056714276253267,24.326528740366427,90415300,BAC
2020-06-11,20.81279945373535,22.34353624166273,20.59536527918131,21.72602232330588,149875500,BAC
2020-06-12,21.552074432373047,21.786902063282426,20.90846952094652,21.769508591323532,73729700,BAC
2020-06-15,21.873872756958008,21.89126788518223,20.604058256622984,20.66493954651703,76538900,BAC
2020-06-16,22.439199447631836,22.82188394502519,21.62164838992002,22.769700223209473,96796500,BAC
2020-06-17,21.7434139251709,22.526176494698884,21.673835066965985,22.526176494698884,58349500,BAC
2020-06-18,21.7782039642334,22.16958441560756,21.37812428941911,21.482493405120042,53419000,BAC
2020-06-19,21.960851669311523,22.16958827819052,21.299851578415808,22.12610210675823,127563600,BAC
2020-06-22,21.412912368774414,21.769504184557622,21.40421480511011,21.647739952148022,55484300,BAC
2020-06-23,21.56076431274414,22.09999990575889,21.534671625769725,21.752105707218664,46108300,BAC
2020-06-24,20.70842742919922,21.343336391022753,20.595362404126764,21.343336391022753,75437100,BAC
2020-06-25,21.4998836517334,21.543371467959595,20.48229197650833,20.61275376629635,65031900,BAC
2020-06-26,20.134403228759766,20.969351280070633,20.021338193537044,20.95195614883913,118139200,BAC
2020-06-29,20.3431339263916,20.734515971125948,20.09091123225544,20.360529052577693,66269200,BAC
2020-06-30,20.6562442779541,20.79540200143115,20.090915818967225,20.17788981086311,61716200,BAC
2020-07-01,20.23006820678711,20.934554203443664,20.203975518432983,20.899765611195313,57379900,BAC
2020-07-02,20.256168365478516,20.864983054920483,20.195285403532335,20.734522882817995,56000200,BAC
2020-07-06,20.577966690063477,20.943256108302688,20.404018716086398,20.71712440568881,59589000,BAC
2020-07-07,20.012636184692383,20.343135310258013,19.91696464305125,20.334437746573307,60645800,BAC
2020-07-08,20.09091567993164,20.169192106207145,19.743021373646556,20.030034383693113,52922600,BAC
2020-07-09,19.80389976501465,20.14309645652728,19.473398978354073,19.951755030859506,79385900,BAC
2020-07-10,20.89107322692871,20.91716426285985,19.725626067132296,19.751717103063434,81142900,BAC
2020-07-13,21.03892707824707,21.317242501803563,20.75191409034309,21.19547991872029,73598100,BAC
2020-07-14,20.995437622070312,21.00413518574072,20.395320658828183,20.778003506982127,67423100,BAC
2020-07-15,21.39552116394043,21.630350449256525,21.117205711221033,21.534678890300125,57384400,BAC
2020-07-16,20.81279945373535,21.065022233594664,20.4736026722762,20.656246582633866,78067100,BAC
2020-07-17,20.195280075073242,20.856279986066397,20.177886606568922,20.769306007982177,66659100,BAC
2020-07-20,20.50838851928711,20.612757638947915,20.099612923304953,20.169191783448532,61114000,BAC
2020-07-21,21.238964080810547,21.291147803088876,20.604056873270583,20.621450341436276,75499300,BAC
2020-07-22,21.14329719543457,21.160692326320298,20.84758660594114,21.08241589622551,52193700,BAC
2020-07-23,21.343332290649414,21.430304604508375,20.9693453690499,21.325937164321402,61047600,BAC
2020-07-24,21.178081512451172,21.59555458317671,21.10850266733025,21.36072535880965,50217600,BAC
2020-07-27,20.995437622070312,21.108504290894935,20.76930594331172,21.065016472542908,54721300,BAC
2020-07-28,21.186779022216797,21.36072530513677,20.943252235460214,20.986738391467576,48406500,BAC
2020-07-29,21.978242874145508,21.99563800316653,21.038927472590867,21.18678275148793,71393500,BAC
2020-07-30,21.60425567626953,21.69992722602728,21.178084972907136,21.499886562089184,61755900,BAC
2020-07-31,21.639047622680664,21.699930583057565,21.273758154874503,21.682535451521307,61955800,BAC
2020-08-03,21.73471450805664,22.01302991715512,21.47379422674949,21.769504763639294,58284000,BAC
2020-08-04,21.752111434936523,21.795597599120835,21.62165128349276,21.708623611861384,37985300,BAC
2020-08-05,22.08260726928711,22.25655521760216,21.96084470080092,22.021725985044014,51322600,BAC
2020-08-06,22.152189254760742,22.326137227716057,21.986940505233086,22.13479578457786,51999700,BAC
2020-08-07,22.708820343017578,22.778399196040496,21.9695439928424,22.039122845865315,63354500,BAC
2020-08-10,23.100200653076172,23.31763477504121,22.79579255054698,22.882766531111137,64051100,BAC
2020-08-11,23.41330337524414,24.1351845030333,23.29154081310082,23.726409002344663,81441000,BAC
2020-08-12,23.248056411743164,23.97863520963574,22.969740995191845,23.900358791369342,61971300,BAC
2020-08-13,22.917558670043945,23.19587410360604,22.734913129962045,23.039321257504653,55955500,BAC
2020-08-14,23.021926879882812,23.187177296040034,22.543572420190362,22.66533501162679,50931900,BAC
2020-08-17,22.52617645263672,22.969742294948855,22.473992723803185,22.882768307632407,57518700,BAC
2020-08-18,22.20437240600586,22.604450381068173,22.14348946037883,22.500082934917415,45850100,BAC
2020-08-19,22.17827606201172,22.68272305902735,22.082604536389493,22.31743373988566,59856000,BAC
2020-08-20,21.83038902282715,22.030428042977842,21.760810161083825,21.882572754411914,49403700,BAC
2020-08-21,21.72602081298828,22.117402963534467,21.656441948323515,21.72602081298828,55010700,BAC
2020-08-24,22.343534469604492,22.352232034963787,21.77820599237822,21.93475719217258,54579500,BAC
2020-08-25,22.613147735595703,22.778398125845204,22.378318495592303,22.64793798991797,57304700,BAC
2020-08-26,22.230464935302734,22.560965741117283,22.213071465699937,22.560965741117283,39478000,BAC
2020-08-27,22.656633377075195,22.804488636786186,22.126095281904476,22.16958143992335,52934800,BAC
2020-08-28,22.874073028564453,23.021928324108707,22.604455133945283,22.961047024571247,46466400,BAC
2020-08-31,22.387014389038086,22.73490861185369,22.343528233270074,22.69142245608568,49416200,BAC
2020-09-01,22.360923767089844,22.52617416028549,22.091305926847966,22.24785875630798,46109200,BAC
2020-09-02,22.630550384521484,22.752312997338652,22.16958931488463,22.204379580770212,57300900,BAC
2020-09-03,22.472904205322266,23.31366844750873,22.297744500986454,22.945834404760912,86192500,BAC
2020-09-04,23.24360466003418,23.436278996458153,22.595514762946767,22.998381410583626,99621400,BAC
2020-09-08,22.315258026123047,23.050926019990534,22.236436336033922,22.893282639812284,74978600,BAC
2020-09-09,22.341535568237305,22.525451756906378,22.096312312898444,22.455388208301954,53822700,BAC
2020-09-10,22.017486572265625,22.67433284633509,21.964939338065076,22.507932992958942,56609600,BAC
2020-09-11,22.332778930664062,22.40284248402082,21.973703010904824,22.087555658691976,47708300,BAC
2020-09-14,22.551721572875977,22.761912175431736,22.367805422057096,22.481658038690725,47802400,BAC
2020-09-15,22.140100479125977,22.62178711050316,22.06127878738112,22.56923987282211,63820200,BAC
2020-09-16,22.42035675048828,22.69185278624303,21.938668403336678,22.14010256255477,64598600,BAC
2020-09-17,22.201404571533203,22.315257191600573,21.9824558117951,22.00872859387793,48862000,BAC
2020-09-18,22.078792572021484,22.402837477915178,21.982456251712417,22.026245336357764,94055800,BAC
2020-09-21,21.43070411682129,21.702201783075097,21.04535550033556,21.51828395527586,75218600,BAC
2020-09-22,20.966533660888672,21.544558251876513,20.852679370588554,21.25554595638259,68665300,BAC
2020-09-23,20.37099266052246,21.246787693199543,20.37099266052246,21.106660621606927,59950300,BAC
2020-09-24,20.441057205200195,20.86143844072623,20.09949766014111,20.476088139604094,53570700,BAC
2020-09-25,20.572425842285156,20.624973078373,20.25713908486505,20.38850968075444,42111300,BAC
2020-09-28,21.0979061126709,21.29058045175788,20.835168225693494,20.913988255429317,47996900,BAC
2020-09-29,20.817646026611328,21.010320311142756,20.60745544245533,21.001562161330472,45695200,BAC
2020-09-30,21.0979061126709,21.299338604050025,20.8176519211092,20.826410073401345,56226100,BAC
2020-10-01,21.106658935546875,21.378154906263887,20.896468344948573,21.255544146026462,44782200,BAC
2020-10-02,21.202999114990234,21.39567511103589,20.642490771104615,20.703796162411276,51682100,BAC
2020-10-05,21.56207275390625,21.640892763874746,21.3518804925025,21.47449292339574,44396800,BAC
2020-10-06,21.343124389648438,22.06127600570959,21.26430270784208,21.82481096029052,67541100,BAC
2020-10-07,21.789779663085938,21.991213790003016,21.544558123190036,21.57083090506662,47648000,BAC
2020-10-08,22.105066299438477,22.15761353337724,21.72847417024337,21.851086610029082,52080600,BAC
2020-10-09,22.21016502380371,22.32401765566854,21.929910849570305,22.19264872030246,44511500,BAC
2020-10-12,22.49041748046875,22.62178640580233,22.105067185103273,22.157614421147404,48362900,BAC
2020-10-13,21.851085662841797,22.49041560446389,21.75474767942469,22.455383003058987,61186900,BAC
2020-10-14,20.686283111572266,21.535803844050488,20.66000865452569,21.325613199018147,127409500,BAC
2020-10-15,21.150453567504883,21.19424432940357,20.563670721636573,20.66000872736692,66832400,BAC
2020-10-16,21.22926902770996,21.325607005119846,20.96653121534189,21.19423809893581,58357700,BAC
2020-10-19,20.773862838745117,21.299340325619635,20.747590050191864,21.281824019619545,51377900,BAC
2020-10-20,21.141695022583008,21.439465516178267,20.913988076278002,20.922746228495125,62476400,BAC
2020-10-21,21.062870025634766,21.316851388829775,21.027839092697178,21.21175524912407,41564900,BAC
2020-10-22,21.781024932861328,21.816055868326995,21.01908245873566,21.06287154567939,55402000,BAC
2020-10-23,21.80729866027832,22.12258544534223,21.640897115889405,22.10506914162831,51007400,BAC
2020-10-26,21.492008209228516,21.52703913751157,21.150447053402836,21.43070116145224,59450200,BAC
2020-10-27,20.887714385986328,21.360642892113997,20.852681778634157,21.27306471462689,55009300,BAC
2020-10-28,20.554908752441406,20.721310275864,20.24838182830301,20.502361518367174,81942500,BAC
2020-10-29,20.616220474243164,20.800136670356043,20.24838641157057,20.458577065891077,57490400,BAC
2020-10-30,20.75634765625,20.878958454125996,20.353480981098116,20.572429788989165,66453400,BAC
2020-11-02,21.089143753051758,21.246787121966726,20.55490826293912,20.922742233591908,59756400,BAC
2020-11-03,21.623384475708008,21.842333280973122,21.46574106864563,21.527046466848375,65106200,BAC
2020-11-04,20.738828659057617,21.14169361147557,20.37975279435583,20.922744832001477,88845500,BAC
2020-11-05,21.553314208984375,21.710957566926222,20.896467997857552,20.93149892715224,74722600,BAC
2020-11-06,21.29058265686035,21.859849251235822,21.220519101713325,21.83357646208501,55454500,BAC
2020-11-09,24.312074661254883,24.75873040835866,23.033412815937776,23.29615237505887,178378800,BAC
2020-11-10,24.224491119384766,24.312070959088746,23.804109893341465,24.07560589302195,77694600,BAC
2020-11-11,23.944236755371094,24.320828893430615,23.751562446096067,24.303312591556573,48360900,BAC
2020-11-12,23.374975204467773,23.558891401331298,23.042172080933536,23.506344155148412,67912600,BAC
2020-11-13,23.646467208862305,23.830383374228,23.436276589681558,23.541371064048658,52421000,BAC
2020-11-16,24.15442657470703,24.52226054977146,23.80410890094244,24.39964978156546,57396700,BAC
2020-11-17,24.128154754638672,24.17194551266493,23.65522626108139,23.865416888267585,46402300,BAC
2020-11-18,23.628950119018555,24.46095608719454,23.61143381705882,24.198216569137994,54416700,BAC
2020-11-19,23.628950119018555,23.65522457195816,23.339937818468904,23.585161034565715,46423000,BAC
2020-11-20,23.480066299438477,23.602678750053197,23.322422913252833,23.418760909354415,40538000,BAC
2020-11-23,23.98802947998047,24.101883788993554,23.699017136984803,23.742807898315505,45421200,BAC
2020-11-24,25.380542755126953,25.38930090698015,24.452200374494662,24.46095852634786,80387800,BAC
2020-11-25,25.424333572387695,25.43309172426087,24.942645242043056,25.144077723786086,57249900,BAC
2020-11-27,25.389297485351562,25.48563547230693,25.231654114132397,25.37178118400578,25971600,BAC
2020-11-30,24.66238784790039,25.27544503550636,24.60984061396019,25.152832595717296,63567900,BAC
2020-12-01,25.12656021118164,25.43308880983036,25.10904390944252,25.170349295082968,50255100,BAC
2020-12-02,25.450603485107422,25.555699625277303,24.98643318134385,25.126560254606037,45257500,BAC
2020-12-03,25.477041244506836,25.64447989785216,25.230289633306242,25.503479457411206,54013700,BAC
2020-12-04,25.811920166015625,25.935295138905456,25.556355801191895,25.732607203198462,66188200,BAC
2020-12-07,25.63566780090332,25.688542547175665,25.28316669099123,25.468229143373375,42197800,BAC
2020-12-08,25.494667053222656,25.688542241150216,25.353666610937545,25.432979569830152,33869100,BAC
2020-12-09,25.38010597229004,25.776670810955654,25.336043959486325,25.776670810955654,54886300,BAC
2020-12-10,25.65329360961914,25.670917404700113,25.08929014558058,25.230290591375745,58859600,BAC
2020-12-11,25.17742156982422,25.336047527630186,24.939482633115272,25.274360028674153,40538400,BAC
2020-12-14,24.86897850036621,25.52110602857294,24.79847827247516,25.485856755056425,40267100,BAC
2020-12-15,25.239103317260742,25.397729238918828,24.89541494090682,24.98354063970108,43672700,BAC
2020-12-16,25.309602737426758,25.397728433426096,25.06285280565802,25.38010295805466,42463200,BAC
2020-12-17,25.40654182434082,25.48585478469366,25.142166410403277,25.30079065025107,43182700,BAC
2020-12-18,25.26554298400879,25.64448233401384,25.17741728014701,25.459418187818304,82817200,BAC
2020-12-21,26.208480834960938,26.42879422632496,25.31841453214736,25.644479090943538,93397400,BAC
2020-12-22,25.74141502380371,26.243730952103896,25.7061657563494,26.243730952103896,39054300,BAC
2020-12-23,26.481664657592773,26.746041692695655,25.84716279888937,25.900037533566945,52537200,BAC
2020-12-24,26.40235710144043,26.675546928198745,26.208481914165564,26.675546928198745,22632300,BAC
2020-12-28,26.55217170715332,26.92229830700055,26.428796734156894,26.640297408232748,32861200,BAC
2020-12-29,26.446420669555664,26.657921331307726,26.37592044897164,26.587421110723703,33291900,BAC
2020-12-30,26.419984817504883,26.63148549815745,26.38473554449179,26.43761029444043,26370100,BAC
2020-12-31,26.71079444885254,26.78129466514048,26.349480630269625,26.446419057987196,28716000,BAC
2021-01-04,26.464046478271484,26.939922552993554,26.217294862690274,26.842984118147747,51483900,BAC
2021-01-05,26.66673469543457,26.91348631370418,26.358295592812034,26.58742173530712,48507000,BAC
2021-01-06,28.332304000854492,28.746490898352842,27.63611286438884,28.111988924536583,107002800,BAC
2021-01-07,28.957990646362305,29.62774182948543,28.94036517289652,29.35455539505411,74358500,BAC
2021-01-08,28.66718101501465,29.081371318635238,28.297056084582966,29.01086941090578,44641400,BAC
2021-01-11,29.143056869506836,29.195933296788517,28.111990069524424,28.27942872753398,51868200,BAC
2021-01-12,29.663000106811523,29.93618997046953,29.257624202066985,29.451497734670458,68166200,BAC
2021-01-13,29.486745834350586,29.680622709892113,29.160682930525518,29.460309301037046,43172800,BAC
2021-01-14,29.953805923461914,30.28867981043619,29.451488369570317,29.504364786220773,48483500,BAC
2021-01-15,29.090177536010742,29.636557144855505,28.816991093303795,29.336930810291275,57684300,BAC
2021-01-19,28.878684997558594,29.610123841872245,28.376370642795337,28.640746088189232,78130200,BAC
2021-01-20,28.49974822998047,28.896313115155564,28.341122275910433,28.86987321499957,53920000,BAC
2021-01-21,27.997425079345703,28.623114279456164,27.962174131298944,28.499739323007955,49626600,BAC
2021-01-22,27.80354881286621,27.979800195099706,27.539173420373725,27.63611184868792,45314500,BAC
2021-01-25,27.45985984802246,27.58323480429269,26.939920131086907,27.556798274153476,48078400,BAC
2021-01-26,27.265987396240234,27.697801467114665,27.23954918260625,27.67136325348068,36373000,BAC
2021-01-27,26.287796020507812,26.816548540810984,26.146795572541354,26.71079736440718,63809200,BAC
2021-01-28,26.71961212158203,27.098551484448187,26.367110975029114,26.807737828434774,51223300,BAC
2021-01-29,26.129173278808594,26.87823930040124,26.07629852459562,26.7901135894742,64019100,BAC
2021-02-01,26.40235710144043,26.472859003203496,26.058668734634757,26.32304582367269,40985300,BAC
2021-02-02,27.34530258178711,27.495115776189824,26.913488475769405,26.948737749292267,53527000,BAC
2021-02-03,27.829986572265625,27.962174266364027,27.213108425329438,27.239546636492207,49404900,BAC
2021-02-04,28.640743255615234,28.667179789025194,28.006241240907382,28.023865036228045,51751900,BAC
2021-02-05,28.52617835998535,29.002056115289047,28.482116351912577,28.98443063971679,42008800,BAC
2021-02-08,29.160682678222656,29.328119657286116,28.55261888526143,28.57905541834624,46014100,BAC
2021-02-09,29.037303924560547,29.09899140153091,28.720052122018462,29.054929398225703,35868600,BAC
2021-02-10,29.06374168395996,29.45149203585399,28.957992199209862,29.18711664312099,45031900,BAC
2021-02-11,28.975622177124023,29.354561531566556,28.684806846717226,29.0549351434426,29479900,BAC
2021-02-12,29.407432556152344,29.477934459850683,29.002056695034288,29.08136965583702,37468300,BAC
2021-02-16,30.200559616088867,30.456123952859098,29.698245360624902,29.944995279318636,52802600,BAC
2021-02-17,30.32394027709961,30.45612967937791,29.77756391366719,29.997877342986925,45455300,BAC
2021-02-18,30.130064010620117,30.535443283909512,29.98025248918855,30.01550344542523,37541700,BAC
2021-02-19,30.438501358032227,30.60593833845529,30.1212495115752,30.138874987680126,54514100,BAC
2021-02-22,30.976064682006836,31.0641886953215,30.323935553645214,30.359186503657327,56783400,BAC
2021-02-23,31.302133560180664,31.628196505949845,30.96725619436254,31.214006168272597,67440700,BAC
2021-02-24,32.06000900268555,32.183383976866985,31.37262886383538,31.496007199732738,58139500,BAC
2021-02-25,31.663442611694336,32.63282024215507,31.513627749261243,32.57113275812843,74762000,BAC
2021-02-26,30.58831214904785,31.751566651119948,30.561875616364862,31.48719123914279,70933300,BAC
2021-03-01,31.540067672729492,31.769192133366083,31.055378857052112,31.30212879338625,45901700,BAC
2021-03-02,31.31093406677246,31.672247847542632,31.284497538967248,31.416686901423585,41167400,BAC
2021-03-03,32.09525680541992,32.579949009632706,31.584131428771812,31.69869534628719,66047000,BAC
2021-03-04,32.325523376464844,32.65320581816095,31.811855903912768,32.00669575604125,96512800,BAC
2021-03-05,32.70634078979492,33.299711714814734,32.03325959122688,32.794902505095145,74292300,BAC
2021-03-08,32.88347244262695,33.41484956952723,32.60892567929423,33.104880141904296,65335500,BAC
2021-03-09,32.16610336303711,32.91003320775458,31.71443324015024,32.369797997155715,63946000,BAC
2021-03-10,33.09601593017578,33.237716696837,32.21038529393999,32.36094425887472,53365600,BAC
2021-03-11,32.98087692260742,33.46797295717904,32.63547823565232,33.00744475298404,45834000,BAC
2021-03-12,33.60082244873047,33.81337527101452,33.281998282923134,33.583109432005756,46069600,BAC
2021-03-15,33.43255615234375,33.71595768256742,32.96317300136318,33.680531646686276,50131600,BAC
2021-03-16,33.335147857666016,33.40599995411492,32.74177675276903,33.140307970845434,50300400,BAC
2021-03-17,33.60968780517578,33.9727962793434,33.060597683403266,33.65396866721316,63796000,BAC
2021-03-18,34.48646545410156,35.398667563195886,34.025936988379335,34.105643903185374,95439700,BAC
2021-03-19,34.12334060668945,34.46873594619114,33.2377101450289,33.9107911878017,106252700,BAC
2021-03-22,33.352848052978516,33.99050316209612,33.12258558491528,33.72481465943465,54701300,BAC
2021-03-23,32.679779052734375,33.494557796550076,32.573500920434796,33.08716842464223,49838000,BAC
2021-03-24,32.679779052734375,33.46798995268194,32.670920852502654,32.95432244847451,43896800,BAC
2021-03-25,33.352848052978516,33.432554941618214,32.4406496217562,32.65319907252033,47517900,BAC
2021-03-26,34.25619125366211,34.32703994359572,33.72481425471603,33.96393153935297,66846000,BAC
2021-03-29,33.92851257324219,34.21191412062105,33.52997809148661,33.698246704488774,45680000,BAC
2021-03-30,34.530738830566406,34.94698291826018,34.2119112717115,34.2119112717115,56705900,BAC
2021-03-31,34.265052795410156,34.53074472542148,34.06135812657118,34.203058912651045,49270000,BAC
2021-04-01,34.97356414794922,35.0001319926569,34.29162798033866,34.38904791548497,65587000,BAC
2021-04-05,35.24810028076172,35.673202600455014,35.07097346961962,35.42522709190382,50328500,BAC
2021-04-06,35.150672912597656,35.55806550536755,34.94697830541881,35.00897216941184,42590100,BAC
2021-04-07,35.46951675415039,35.55808187091109,35.06212735229246,35.22154118404796,43136400,BAC
2021-04-08,35.159542083740234,35.29238467158419,34.73443972149573,35.24810380896953,45285900,BAC
2021-04-09,35.4163703918457,35.58463899537244,34.99126471630272,35.34551831978429,45872900,BAC
2021-04-12,35.47836685180664,35.7617684038847,35.292381838294865,35.41637297344038,45544600,BAC
2021-04-13,34.822998046875,35.26581338661493,34.71672331129304,35.25695856632182,46770400,BAC
2021-04-14,35.31895446777344,35.717488972062334,34.46874639915276,34.52188545919565,52023800,BAC
2021-04-15,34.30933380126953,35.28352619141817,33.69824647395389,35.18610627672072,118128900,BAC
2021-04-16,34.67244338989258,34.91156070680999,34.45989053457229,34.81414416730176,60633400,BAC
2021-04-19,34.69015121459961,34.92041707734108,34.56616346316013,34.884991040240415,42321100,BAC
2021-04-20,33.72481918334961,34.539597817929156,33.556547185642,34.539597817929156,50834100,BAC
2021-04-21,34.2916259765625,34.344761662872955,33.13144840152515,33.43256301146695,37851800,BAC
2021-04-22,33.97279357910156,34.33590202440841,33.80452158695571,34.31818900531869,48093400,BAC
2021-04-23,34.69900894165039,34.840709709715014,33.84880433326267,33.93736604639825,48674100,BAC
2021-04-26,34.90270233154297,35.29237858512762,34.787569405869874,34.84956327852169,34699800,BAC
2021-04-27,35.31895446777344,35.35437712938891,34.991268665128615,35.132969446829875,34304800,BAC
2021-04-28,35.45179748535156,35.62006948834599,35.318954901233674,35.3632357626063,34084400,BAC
2021-04-29,36.40827560424805,36.4259886221916,35.83261434552693,35.91232123706658,44008700,BAC
2021-04-30,35.89461135864258,36.22229715164035,35.841475678577126,36.16915809316186,39203400,BAC
2021-05-03,35.92118453979492,36.3551417166347,35.79719339657035,36.19572791090202,41940500,BAC
2021-05-04,36.31086730957031,36.3817194040081,35.230396518290675,35.63778930448035,53880000,BAC
2021-05-05,36.656253814697266,36.806812789166905,36.09830553257823,36.487985199384596,37471100,BAC
2021-05-06,37.20534133911133,37.24962557341212,36.523408725927396,36.73595818555511,39044400,BAC
2021-05-07,37.35590362548828,37.417897504927545,36.40827903587322,36.425992055486304,39249200,BAC
2021-05-10,37.24077224731445,38.028983071844856,37.22305922695933,37.63930675927173,41271500,BAC
2021-05-11,36.815670013427734,37.497606096452174,36.61197534630301,36.79795699301517,42964700,BAC
2021-05-12,36.47026824951172,37.69243941915228,36.34628050649549,37.533025641442094,47533000,BAC
2021-05-13,37.05479049682617,37.276198183021734,36.116020691128234,36.18687277234914,42026100,BAC
2021-05-14,37.51531219482422,37.62158691927742,37.125632574474864,37.24962369448494,30932600,BAC
2021-05-17,37.85185623168945,37.94927276728942,37.33818882268091,37.40904089774949,32656400,BAC
2021-05-18,37.338191986083984,38.03784108380457,37.32047896581614,37.81643339807627,37880300,BAC
2021-05-19,37.169921875,37.19648971513293,36.58540574318443,36.88652031887203,42672800,BAC
2021-05-20,37.081356048583984,37.31162191992157,36.71824760077899,37.10792726660784,36871100,BAC
2021-05-21,37.55073928833008,37.72786270794411,37.099065784441336,37.2141987099206,40243800,BAC
2021-05-24,37.75444412231445,37.88728672291007,37.41790345299444,37.71016325544925,31390800,BAC
2021-05-25,37.20534133911133,38.31237962837617,37.13449264537301,37.80757043874442,52657700,BAC
2021-05-26,37.231910705566406,37.41789231810364,36.8953701363948,37.21419768840868,41332800,BAC
2021-05-27,37.68359375,37.94928234171337,37.30277219645913,37.621599857880675,52981100,BAC
2021-05-28,37.54188919067383,37.825290777300744,37.240774582581054,37.7810099128428,38509700,BAC
2021-06-01,38.011260986328125,38.33008851985798,37.87841843296561,38.03783219973054,42890700,BAC
2021-06-02,38.02898406982422,38.23267874163382,37.72786947271149,38.170684857970606,34180500,BAC
2021-06-03,38.46476364135742,38.678211221374866,37.95782945552946,38.037871873956725,46981200,BAC
2021-06-04,38.4825553894043,38.58927749465208,38.09123874173941,38.455875711251,37192600,BAC
2021-06-07,38.34914779663086,38.58927506278162,38.29578844368692,38.48255296425939,28401900,BAC
2021-06-08,38.135704040527344,38.45587373243029,37.73549192564867,38.11791645846225,41871400,BAC
2021-06-09,37.63766098022461,38.002297921862585,37.45089646215903,37.77106614606248,42366300,BAC
2021-06-10,37.07736587524414,38.20685191950761,37.01511103279638,38.02897948709925,40123600,BAC
2021-06-11,37.22856140136719,37.25524108079232,36.917283773323604,37.184094138113736,31203600,BAC
2021-06-14,36.78388214111328,37.27302882426575,36.51707516781509,37.219666072552215,36050700,BAC
2021-06-15,36.81056213378906,36.961754901946186,36.37477819864304,36.71273211779941,39247900,BAC
2021-06-16,37.015113830566406,37.34417904281619,36.1702222572418,36.71273169040712,63859100,BAC
2021-06-17,35.396480560302734,37.44200517949711,35.32533361846507,37.37085823765945,80728200,BAC
2021-06-18,34.48933029174805,34.951797236157695,34.23141883973641,34.693882391511764,102774200,BAC
2021-06-21,35.35200500488281,35.37868467773422,34.71166571537794,34.79170812656605,48119400,BAC
2021-06-22,35.54767608642578,35.80558758733839,34.93401627814818,35.467633650243265,44113200,BAC
2021-06-23,35.75223159790039,35.94788826608906,35.63661398081032,35.71665642454417,32039900,BAC
2021-06-24,36.31251907348633,36.47260052586311,35.73443453398673,35.965666314205954,37161800,BAC
2021-06-25,37.015113830566406,37.20188176466091,36.3214150236388,36.7038395948001,53178800,BAC
2021-06-28,36.96175003051758,36.97953761222906,36.5526424364221,36.87281212196016,34416500,BAC
2021-06-29,36.365882873535156,37.30860447691689,36.241373177220254,37.02400991601576,38519600,BAC
2021-06-30,36.66826629638672,36.78388390098021,36.21469475934286,36.25026653621902,29159800,BAC
2021-07-01,36.943973541259766,37.08627084504218,36.650483443851165,36.961761128311984,28045100,BAC
2021-07-02,36.59712219238281,36.88171678530506,36.55265153072265,36.79277885461988,28980800,BAC
2021-07-06,35.6366081237793,36.35698999898614,35.458735678867576,36.29473515216224,47578700,BAC
2021-07-07,35.35200500488281,35.574344659001575,35.00515568727897,35.19192018250659,43499900,BAC
2021-07-08,34.48933029174805,34.89843788390978,34.222523352605556,34.3470330313631,52793100,BAC
2021-07-09,35.60992431640625,35.78779674069822,35.04073527277941,35.26307495498579,43887200,BAC
2021-07-12,36.13465118408203,36.29473604919564,35.25418442595716,35.387589611096764,42624500,BAC
2021-07-13,35.44983673095703,36.00123815022783,35.200817391796164,36.00123815022783,54338100,BAC
2021-07-14,34.56048583984375,35.174142231849444,33.608872131125516,34.78282555482716,105651700,BAC
2021-07-15,34.53380584716797,34.97848527311058,34.08023093283103,34.14248578105221,54697300,BAC
2021-07-16,33.724491119384766,34.942915372856284,33.43100441818617,34.880660515249446,60469700,BAC
2021-07-19,32.84402084350586,33.12861538885844,32.470488382333976,32.68393598766571,83251500,BAC
2021-07-20,33.519935607910156,33.90236020504611,32.55942976328225,32.78176948754107,59462900,BAC
2021-07-21,34.204734802246094,34.48043722071111,33.777843033181504,33.840097870797116,49907400,BAC
2021-07-22,33.76005554199219,34.151375542486164,33.511036190866356,34.11580038014413,52715600,BAC
2021-07-23,33.528831481933594,34.03576578765653,33.40432177773989,33.97351093555968,48659400,BAC
2021-07-26,33.9112548828125,34.0090849019681,33.493255125560346,33.493255125560346,32258000,BAC
2021-07-27,33.77785110473633,34.00908632196532,33.31538406291335,33.546619280142345,39121400,BAC
2021-07-28,33.9112548828125,34.24031671690735,33.573297560084484,33.96461424407201,43331100,BAC
2021-07-29,34.400394439697266,34.667201368473584,34.124692024135705,34.284776859928336,43039100,BAC
2021-07-30,34.11580276489258,34.53380247004481,33.84010032642108,34.249204544048894,46210100,BAC
2021-08-02,33.76005554199219,34.64052215046942,33.71558828538175,34.151375542486164,49894000,BAC
2021-08-03,34.284786224365234,34.355936567544255,33.39542729043807,33.84900224661658,39680600,BAC
2021-08-04,34.0357666015625,34.48044606582232,33.671129576574856,33.82231896595836,42289800,BAC
2021-08-05,34.70277404785156,34.73834920717928,34.284774407335675,34.302561986999535,34754500,BAC
2021-08-06,35.70775604248047,35.938987830374124,35.102991806285395,35.102991806285395,58022300,BAC
2021-08-09,36.17021560668945,36.4281304361219,35.39647451102622,35.618814179302305,56340100,BAC
2021-08-10,36.846134185791016,37.01511113107867,36.09018058684135,36.20579478447446,44987300,BAC
2021-08-11,37.30860900878906,37.52205325907457,36.89060921241343,36.99733133755618,58458200,BAC
2021-08-12,37.486473083496094,37.610982767049485,37.14851580482659,37.55762002011185,37400100,BAC
2021-08-13,37.024009704589844,37.55762365507356,36.84613725688369,37.43311395946968,41344900,BAC
2021-08-16,36.72163009643555,36.7305221927491,36.116865768064265,36.60601248854942,38599100,BAC
2021-08-17,36.543758392333984,36.97065026954928,36.12575861161616,36.50818322107394,43526900,BAC
2021-08-18,36.276947021484375,36.935070647310525,36.16132942513964,36.25915943799791,50342500,BAC
2021-08-19,35.74332046508789,36.170212180626464,35.583235647681704,35.68106563527813,51883900,BAC
2021-08-20,35.903411865234375,35.992349776007416,35.49430765358159,35.65439250033866,40415000,BAC
2021-08-23,36.383670806884766,36.5526477688433,36.10796833908786,36.13465141186486,35364500,BAC
2021-08-24,36.890602111816406,37.068474547908075,36.49928546652235,36.55264482250568,35579300,BAC
2021-08-25,37.486473083496094,37.75328003291542,36.94396369718396,37.0506857984248,51219900,BAC
2021-08-26,37.38863754272461,38.10012376673812,37.37084996304503,37.797741697453134,41184500,BAC
2021-08-27,37.78886032104492,37.93115760620387,37.29971022271585,37.45979509259902,46468600,BAC
2021-08-30,37.05067825317383,37.91335716016115,37.02399858145545,37.91335716016115,44855600,BAC
2021-08-31,37.13072967529297,37.415324218159896,36.78388028821356,37.05957934325895,54654600,BAC
2021-09-01,36.632694244384766,37.15741616510553,36.490396946865665,37.130736482019195,52361900,BAC
2021-09-02,36.668453216552734,37.08859503958417,36.32876401048433,36.748905833515764,44538900,BAC
2021-09-03,36.69526290893555,36.82041064354505,36.36451483746472,36.66844651152495,41812400,BAC
2021-09-07,36.93661880493164,37.41039332145033,36.811471076796124,36.87404494086388,43748600,BAC
2021-09-08,36.45390319824219,37.08858632064462,36.36451293819557,36.72208079842173,36064400,BAC
2021-09-09,36.58800506591797,36.96344838422902,36.25725689359332,36.34664718556613,36266400,BAC
2021-09-10,35.99801254272461,36.96344044679748,35.971196142895465,36.847233774190954,40514700,BAC
2021-09-13,36.596923828125,36.61480255928908,36.069513193852174,36.29299221837423,42036300,BAC
2021-09-14,35.61363220214844,36.92769050060027,35.45272696519431,36.766785263646135,53820400,BAC
2021-09-15,35.881797790527344,36.060581722835906,35.4616560611052,35.51529226380374,52358200,BAC
2021-09-16,36.158905029296875,36.48071535401058,35.935426016025595,36.18572141968331,42922000,BAC
2021-09-17,36.2036018371582,36.355565936455534,35.828158714174705,36.06057539839983,92746000,BAC
2021-09-20,34.961063385009766,35.27393269330545,34.29062623007356,35.202421169989165,67566200,BAC
2021-09-21,34.978939056396484,35.39907731789884,34.809092809601175,35.104086768759714,38271100,BAC
2021-09-22,35.881797790527344,36.22148692091162,35.53317099803658,35.53317099803658,46261400,BAC
2021-09-23,37.267372131347656,37.437218423576,36.33770170081599,36.436029636818326,49779800,BAC
2021-09-24,37.66963577270508,37.84841973101816,37.23161865535941,37.29419252926594,39042300,BAC
2021-09-27,38.67081832885742,38.822785875784376,38.116591167755864,38.152348638799864,49755400,BAC
2021-09-28,38.5814208984375,39.36806806526005,38.49203064744336,38.822778668145084,60781200,BAC
2021-09-29,38.500972747802734,38.72445181107534,38.20598215749324,38.59930408124586,44260200,BAC
2021-09-30,37.94675064086914,38.75127332896715,37.75008794799125,38.75127332896715,47410800,BAC
2021-10-01,38.50991439819336,38.822783727464966,37.89310999188657,37.973562592273545,40987100,BAC
2021-10-04,38.742332458496094,39.39489094627407,38.50097464904067,38.53673211933482,48273400,BAC
2021-10-05,39.52898406982422,40.00275866786841,39.03732732466089,39.12672101015442,54070700,BAC
2021-10-06,39.54685974121094,39.59155487548268,38.9300552941924,39.19822950984299,47031700,BAC
2021-10-07,39.4395866394043,40.11002387185347,39.35913403510959,40.03851234026934,46258800,BAC
2021-10-08,39.63624572753906,40.05638744634655,39.260799138174555,39.39488793652326,39389400,BAC
2021-10-11,39.135658264160156,40.05639445999613,39.10884186380293,39.86866942743438,36283500,BAC
2021-10-12,38.92110824584961,39.33230883802432,38.67975048695941,39.03731488492985,36898300,BAC
2021-10-13,38.56354904174805,39.01050719644614,37.839479013550005,38.93005459219968,43908000,BAC
2021-10-14,40.2888069152832,40.31562331277532,38.86747987786055,39.6630648303136,82201000,BAC
2021-10-15,41.45089340209961,41.719067581149616,40.54803953695998,40.91454504399959,64264900,BAC
2021-10-18,41.37044143676758,41.91573087480946,41.14696238248941,41.37938250854977,49542500,BAC
2021-10-19,41.549232482910156,41.683321302465124,41.29893699042924,41.56711121951884,32515500,BAC
2021-10-20,42.09450912475586,42.22859790325186,41.16483556589913,41.55816083081044,40411000,BAC
2021-10-21,41.86210250854492,42.44314606506602,41.6654398287888,42.103456911856384,36848600,BAC
2021-10-22,42.523597717285156,42.56829284985976,42.005128041383735,42.005128041383735,36225600,BAC
2021-10-25,42.46995544433594,42.890097132553976,42.19284361595344,42.72919195025854,31679500,BAC
2021-10-26,42.872222900390625,43.29236463271113,42.40738603718962,42.60404870508771,35674800,BAC
2021-10-27,42.04982376098633,43.059946729350045,42.04088268833457,42.443145707161754,45790800,BAC
2021-10-28,42.71131896972656,42.90798164346552,42.28223956249431,42.541476103328385,37209600,BAC
2021-10-29,42.71131896972656,43.02419171522217,42.47890223623326,42.6845025724058,31756200,BAC
2021-11-01,42.77389144897461,43.05994437784813,42.2643594562924,42.9973705127833,36937200,BAC
2021-11-02,42.80071258544922,43.28342478666083,42.32693463663894,42.523597310108116,36283400,BAC
2021-11-03,43.238731384277344,43.52478433348331,42.55935648241821,42.72919935537796,42553000,BAC
2021-11-04,42.30906677246094,43.04207798098685,41.906803692167294,43.04207798098685,47646300,BAC
2021-11-05,41.98725128173828,42.74707880131445,41.85316246768593,42.55041611670971,38271200,BAC
2021-11-08,42.317996978759766,42.7291976505849,42.2375443768792,42.32693464118205,33815500,BAC
2021-11-09,41.906803131103516,42.33588260766519,41.48666131841955,41.70120276171067,36900300,BAC
2021-11-10,42.21966552734375,42.47890206714593,41.70119585775938,41.790586121819445,39385600,BAC
2021-11-11,42.45208740234375,42.80965188319573,42.02300456928917,42.29118219245332,31194800,BAC
2021-11-12,41.933616638183594,42.48784383089959,41.7995278191299,42.46996509435774,44268500,BAC
2021-11-15,42.05876541137695,42.36269711997223,41.92467999906811,42.24648703462158,35335500,BAC
2021-11-16,42.08558654785156,42.26436710322955,41.73695628081526,42.174976825540554,35120800,BAC
2021-11-17,41.57604217529297,42.192846553711526,41.522409384139905,42.085577561385605,32963700,BAC
2021-11-18,41.40620422363281,41.84422472670259,41.30787288151387,41.75483104749438,30639000,BAC
2021-11-19,40.58380126953125,40.914549344792675,40.07426925277012,40.85197547677078,48429500,BAC
2021-11-22,41.37044143676758,41.89785214126484,41.03969339124143,41.76376675470979,53697100,BAC
2021-11-23,42.461021423339844,42.59511022342148,41.719069306922485,41.89785323702473,49362900,BAC
2021-11-24,42.577239990234375,42.89010937286484,42.201793321057295,42.38951495063557,40060000,BAC
2021-11-26,40.905609130859375,41.155908018221034,40.002755151863056,40.69107112457239,55110100,BAC
2021-11-29,40.75364685058594,41.745894552424005,40.3782002074487,41.49559565365908,50231100,BAC
2021-11-30,39.75245666503906,40.4228938514653,39.65412533209337,40.01168978550877,77193600,BAC
2021-12-01,39.18928527832031,40.851969910692844,39.16246888425611,40.42289055556761,60601600,BAC
2021-12-02,40.32103729248047,40.86895125311405,39.521623189824574,39.81803700843584,57821400,BAC
2021-12-03,39.40486526489258,40.482728714463576,39.162345731756595,40.41985366066167,74605300,BAC
2021-12-06,39.65636444091797,40.31206380418205,39.48570066287362,40.02463404018775,48193100,BAC
2021-12-07,40.159366607666016,40.33901107479122,39.907866409550664,40.02463582714703,40740800,BAC
2021-12-08,39.665340423583984,40.240199883479995,39.602465384309895,40.13241459135766,50560300,BAC
2021-12-09,39.96175765991211,40.177328262497554,39.207253697997146,39.440789088536874,37316700,BAC
2021-12-10,39.988712310791016,40.267161448370096,39.584513055090326,40.159372695894085,37700200,BAC
2021-12-13,39.14438247680664,39.88092172270889,38.97371868778786,39.76415230281709,38653900,BAC
2021-12-14,39.638397216796875,40.258166964871876,39.09946387259732,39.153358234947135,47099400,BAC
2021-12-15,39.467735290527344,39.92582882579005,39.180305530784594,39.85396967263785,60057100,BAC
2021-12-16,40.41985321044922,40.743212584362155,39.60247409369525,40.15038820766624,69487200,BAC
2021-12-17,39.41384506225586,40.150384263171766,39.18030623673633,39.970739803487454,124242400,BAC
2021-12-20,38.76712417602539,38.946768625506046,38.3539443407229,38.8659287945614,56455200,BAC
2021-12-21,39.692298889160156,39.95278323799388,39.10845855806094,39.10845855806094,47845600,BAC
2021-12-22,39.77313232421875,40.04260073894716,39.41384681530292,39.593491282977446,35715700,BAC
2021-12-23,39.89888381958008,40.48272750334059,39.88092245597413,40.13242266365762,34053500,BAC
2021-12-27,40.09648895263672,40.25816861990001,39.80007851360934,40.01564911900507,33879200,BAC
2021-12-28,40.15038299560547,40.49170711558659,39.89887938941429,39.94379307274223,32492400,BAC
2021-12-29,40.08750915527344,40.527634483075836,40.060560259180285,40.28511497683585,25294900,BAC
2021-12-30,39.997684478759766,40.50966895150959,39.952774221338956,40.19529372313093,23852200,BAC
2021-12-31,39.96175765991211,40.16834758173689,39.77312909960866,39.98870312862705,24253900,BAC
2022-01-03,41.47975158691406,41.75820069628473,40.40188815638357,40.50069278959359,58587900,BAC
2022-01-04,43.105533599853516,43.5007487472621,42.25222481938837,42.27018961151154,74606700,BAC
2022-01-05,42.37796401977539,43.44684317747059,42.35999923228057,43.24025326092948,57791600,BAC
2022-01-06,43.23127746582031,43.25822293689113,42.38694949031351,43.09654325759975,52040900,BAC
2022-01-07,44.174400329589844,44.29116973159394,43.16839624502737,43.24923607311747,59082600,BAC
2022-01-10,43.949851989746094,44.98280511738002,43.419902690370705,44.83010611937359,66839500,BAC
2022-01-11,44.201351165771484,44.2372807440497,43.68936666782302,44.00374533810765,40454400,BAC
2022-01-12,43.8869743347168,44.354048556142004,43.725294664745256,44.165419990219846,41378000,BAC
2022-01-13,43.79715347290039,44.452856306368986,43.68038747915572,43.94086836449124,46337500,BAC
2022-01-14,43.03366470336914,43.32109445949738,42.3869460388641,42.6833599022399,72953300,BAC
2022-01-18,41.55160903930664,43.042652428144585,41.36298387343502,42.979777372854045,65877400,BAC
2022-01-19,41.713287353515625,43.6354788100196,41.63244750989427,43.46481501435596,84451800,BAC
2022-01-20,41.09351348876953,42.26119733977582,41.01267365304577,41.9378379968808,46265300,BAC
2022-01-21,40.347991943359375,41.336034803913265,40.114456533516886,40.931835607615454,71303600,BAC
2022-01-24,40.015647888183594,40.14139797520205,38.25513981705944,39.431807708964634,90672700,BAC
2022-01-25,40.80609130859375,40.931841426110054,39.368942213502116,39.78212215003675,73555300,BAC
2022-01-26,41.22825241088867,41.73125284504263,40.653389387460116,41.12046366662699,63735800,BAC
2022-01-27,40.84201431274414,41.99173340359244,40.500690172736114,41.650409263584415,63402400,BAC
2022-01-28,41.201297760009766,41.21926254821221,39.925828635533364,40.71626218427583,51048300,BAC
2022-01-31,41.44382095336914,41.560590373871634,40.61746118103349,40.88692617521106,44793700,BAC
2022-02-01,42.16239547729492,42.306110369503244,41.228250391157495,41.50669606744238,40326600,BAC
2022-02-02,42.11748504638672,42.18036009732267,41.58753574104567,41.96478947309465,41125600,BAC
2022-02-03,41.70430374145508,42.47677254257935,41.63244458486995,42.41389749378394,35879900,BAC
2022-02-04,43.366004943847656,43.73427453497023,41.92885615567002,42.28814506593093,60297100,BAC
2022-02-07,43.57258987426758,43.79714456083683,43.105519141464214,43.617503552727506,44824800,BAC
2022-02-08,44.35404968261719,44.928909223145645,43.95883117867902,44.14745974939184,49560500,BAC
2022-02-09,44.26422119140625,44.72231469638578,44.039666492299794,44.21033025653768,33861100,BAC
2022-02-10,44.05763626098633,45.009749526368715,43.797151958226074,44.623515126119564,47082800,BAC
2022-02-11,43.04264450073242,44.407937527535395,42.66539423846953,43.68038247133328,61056000,BAC
2022-02-14,42.59354019165039,43.285169181776006,42.16239551464351,43.13247360773398,44791900,BAC
2022-02-15,42.92588424682617,43.446849453701866,42.72827498226986,43.11450940312082,42397600,BAC
2022-02-16,42.82707214355469,43.330075899026994,42.49473215094888,42.61149812651434,36664600,BAC
2022-02-17,41.38093948364258,42.47676750661428,41.27315418797688,42.21628323452547,49442400,BAC
2022-02-18,41.28213882446289,41.803107418566526,41.066568212472696,41.38094344930552,37856500,BAC
2022-02-22,40.922855377197266,41.30010568027809,40.45578112593058,40.5725471189223,51905600,BAC
2022-02-23,40.22224426269531,41.41687713399513,40.03361910189011,41.2731622362721,45704900,BAC
2022-02-24,39.16234588623047,39.234205048820925,37.77010716215831,38.62341587253591,80484800,BAC
2022-02-25,40.43781280517578,40.734223242222754,39.18928915909885,39.35096882528192,68530700,BAC
2022-02-28,39.70127487182617,39.75516581128892,39.01862660954468,39.270130223958795,69955300,BAC
2022-03-01,38.14735794067383,39.2880963596667,37.662318910280035,39.26114746257825,74895600,BAC
2022-03-02,38.76712417602539,39.108448287395355,38.28208519035748,38.3898739159056,70834600,BAC
2022-03-03,38.3519287109375,39.263563968538314,38.09919538310657,38.89349373322897,48733800,BAC
2022-03-04,36.96190643310547,37.40418371895749,36.39326076525224,37.39515912755057,75572800,BAC
2022-03-07,34.60609817504883,36.203719702630295,34.48875780707407,36.04124948333815,109779000,BAC
2022-03-08,34.83174514770508,35.797538268484324,34.452646883959986,35.264997846852054,76553800,BAC
2022-03-09,37.04313659667969,37.55762431803475,36.24883837435476,36.38423132973699,78207900,BAC
2022-03-10,36.709171295166016,37.44028711764383,36.20371156492709,36.36618174769994,48804400,BAC
2022-03-11,36.40229034423828,37.35003086874465,36.366185090706146,37.04314310009448,43946600,BAC
2022-03-14,37.187564849853516,38.072123001670896,36.916782304307276,36.916782304307276,54262400,BAC
2022-03-15,37.458335876464844,37.711065715498634,36.889690295452986,37.24170784073172,41395300,BAC
2022-03-16,38.63172912597656,38.85738175339837,37.83743091335975,38.12626944419065,59477600,BAC
2022-03-17,38.839332580566406,38.848360614649415,37.75620262726352,38.2797149789351,50260200,BAC
2022-03-18,38.72199249267578,38.74906970632162,38.14431887047292,38.59562412822818,74470600,BAC
2022-03-21,38.66783142089844,39.20037171868821,38.36996832271076,39.12816123069644,47106400,BAC
2022-03-22,39.87733840942383,40.2835138866597,39.44408571476769,39.552398027635135,52360600,BAC
2022-03-23,38.893489837646484,39.723889914411835,38.83933196356723,39.46213546432734,48539300,BAC
2022-03-24,38.87543487548828,39.20037521405392,38.71296470620546,39.15524537662778,30360800,BAC
2022-03-25,39.471168518066406,39.949551123851506,39.11012627635217,39.24551582579995,38968100,BAC
2022-03-28,39.308685302734375,39.48920808547655,38.65880810532252,39.453102840290974,37428600,BAC
2022-03-29,39.20940017700195,40.066880868993685,38.911540492609156,39.94051594572487,46355800,BAC
2022-03-30,38.812259674072266,39.39895799990843,38.586607001548586,39.20940713816678,36601800,BAC
2022-03-31,37.20560836791992,38.71296634969785,37.18755574354589,38.6678365103558,67902500,BAC
2022-04-01,36.916770935058594,37.67496389499969,36.42033240406052,37.62983061531927,61929200,BAC
2022-04-04,36.85359191894531,37.133398997268635,36.24884103521483,36.53767614759215,53761700,BAC
2022-04-05,36.23078536987305,36.79040292274377,36.140525696024355,36.501567834604955,51781700,BAC
2022-04-06,35.833648681640625,36.11345582001188,35.51773284249044,35.86975393923268,54159800,BAC
2022-04-07,35.5538330078125,36.0863734298671,35.066422429690725,36.00513833351347,54585000,BAC
2022-04-08,35.806556701660156,36.194679490157306,35.49064440552796,35.64408998021059,41018900,BAC
2022-04-11,35.734352111816406,36.46546790299288,35.553829311665744,35.63506439957424,34198700,BAC
2022-04-12,35.35525131225586,36.17663016527959,35.06641623032509,35.71629688626221,42855300,BAC
2022-04-13,35.03934097290039,35.21083573637218,34.62414094985123,34.75050587485002,45484200,BAC
2022-04-14,33.91107940673828,35.174735603152214,33.77568644169888,34.74148293548673,79032000,BAC
2022-04-18,35.06642532348633,35.481628874216824,33.595172319382776,33.77569171001111,80080300,BAC
2022-04-19,35.716304779052734,35.996115332901056,35.30110468742221,35.39136437927701,53714200,BAC
2022-04-20,35.79754638671875,36.43839926767498,35.75241653258709,36.23982722085823,47064300,BAC
2022-04-21,35.12057876586914,36.293971872520395,34.858820862093935,36.10442447041541,46245900,BAC
2022-04-22,33.902061462402344,35.0664267286337,33.84790357713168,35.0303249149734,50409800,BAC
2022-04-25,33.65835189819336,33.75763962040651,32.430800865715106,33.29730626163398,64301100,BAC
2022-04-26,32.9001579284668,33.88400364620561,32.873077268384215,33.288280772183064,44809900,BAC
2022-04-27,32.71963882446289,33.31536176602219,32.647428313637924,32.73769145216913,39824900,BAC
2022-04-28,33.22510528564453,33.351470248629035,32.638406879574205,33.152894767832244,39567800,BAC
2022-04-29,32.20513916015625,33.5139249211817,32.07877425580083,33.17093200708456,47385200,BAC
2022-05-02,32.62034225463867,32.74670717115499,31.952412426427948,32.52105455075136,46652200,BAC
2022-05-03,33.513938903808594,33.965244289476736,32.79185097537693,32.80087556808809,48926000,BAC
2022-05-04,34.85881805419922,34.9761583883684,33.64931979413853,33.730554880380886,57860300,BAC
2022-05-05,33.88399887084961,34.48874625088028,33.279248047633146,34.34432870914268,48860600,BAC
2022-05-06,33.802764892578125,33.95620702929268,33.04457191289313,33.73055439775769,50440100,BAC
2022-05-09,32.82795333862305,33.450756984904224,32.54814619846718,33.279258731841566,51242000,BAC
2022-05-10,32.277347564697266,33.513926336833016,31.75383530408481,33.17093340824762,60235300,BAC
2022-05-11,32.10586929321289,33.32439262546008,32.05171139990892,32.403732541603766,54969300,BAC
2022-05-12,31.65455436706543,31.979494743219245,30.923438520719355,31.6003964899777,61231500,BAC
2022-05-13,31.744813919067383,32.25027710687166,31.374743701820805,32.069754293856825,49117900,BAC
2022-05-16,31.41986656188965,31.744803385673993,31.058821055660204,31.591361283596815,39076500,BAC
2022-05-17,32.48496627807617,32.69256636212925,31.979502958303133,32.150997781689455,42635600,BAC
2022-05-18,31.483062744140625,32.21417522059978,31.230329402245804,32.150992745922736,47396900,BAC
2022-05-19,31.094940185546875,31.44695781762089,30.914417351789602,30.950522607178392,47002700,BAC
2022-05-20,30.562393188476562,31.57331602101991,29.750042331763026,31.4108458496772,62406500,BAC
2022-05-23,32.37664031982422,32.72865789271504,31.284482351833187,31.37474203194352,69081900,BAC
2022-05-24,32.17806625366211,32.457873309817835,31.555262794351137,32.01559608542323,46146700,BAC
2022-05-25,32.34955978393555,32.73768256630641,31.853124707912695,32.04267208260012,49343400,BAC
2022-05-26,33.098724365234375,33.25216993597601,32.80086469984344,32.945282237678434,60201200,BAC
2022-05-27,33.414649963378906,33.44172718372301,33.01750247785626,33.29730960324326,43365600,BAC
2022-05-31,33.577117919921875,33.87497765329081,33.04457748202082,33.234124898090734,71609200,BAC
2022-06-01,33.098724365234375,33.82081549759506,32.64741912910179,33.81178746468842,35237900,BAC
2022-06-02,33.31660461425781,33.325681184241546,32.74468374078058,33.05333906549646,35341900,BAC
2022-06-03,32.85361862182617,33.298446720176024,32.79915227799976,33.116884160379804,25235200,BAC
2022-06-06,32.81730270385742,33.779578202540826,32.771909475188316,33.31659705206334,40394000,BAC
2022-06-07,32.998870849609375,33.05334066119517,32.445110015401845,32.590359383279214,29152200,BAC
2022-06-08,32.58127975463867,32.78099893658321,32.24539123656497,32.608512929260876,33590600,BAC
2022-06-09,31.32849884033203,32.535886926347594,31.319422270648086,32.4451073774369,49419000,BAC
2022-06-10,30.112037658691406,30.901834370008984,29.97586831961536,30.575022415397328,49318200,BAC
2022-06-13,29.068056106567383,29.748913126188057,28.81386886256578,29.403944599935244,61216600,BAC
2022-06-14,28.5596866607666,29.594588959218793,28.350890886782256,28.977279940244543,49349800,BAC
2022-06-15,29.095291137695312,29.494729497718993,28.52337196654562,29.03174475551302,51540100,BAC
2022-06-16,28.91373062133789,29.049901689204223,28.014999495609224,28.595996975310406,61363400,BAC
2022-06-17,28.977277755737305,29.576433586603972,28.72309048602142,29.077135617957488,80470300,BAC
2022-06-21,29.821537017822266,30.220975364970613,29.612741274093807,29.857850224475385,53537200,BAC
2022-06-22,29.594587326049805,29.903242684258494,29.340401782707932,29.403948168543398,38305600,BAC
2022-06-23,29.122526168823242,29.422101459299867,28.37812103307794,29.394868286443238,44091500,BAC
2022-06-24,29.331321716308594,29.748913191468,28.35088594365481,28.369042546446682,79504700,BAC
2022-06-27,29.367633819580078,29.594586178195126,28.968198915104132,29.431180202950838,47900300,BAC
2022-06-28,29.285932540893555,30.411617829039827,29.222386153814643,29.803387134707847,49863800,BAC
2022-06-29,28.922809600830078,29.44933728050986,28.74124701841634,29.258698127333638,35149700,BAC
2022-06-30,28.260103225708008,28.64138320742516,27.815276868956136,28.29641642944719,46312300,BAC
2022-07-01,28.65046501159668,28.750324602580914,27.806201968025764,28.123935613559095,40236100,BAC
2022-07-05,28.359966278076172,28.359966278076172,27.642797731475383,27.960529645565504,47411800,BAC
2022-07-06,28.12393569946289,28.369044660895202,27.815280355031625,28.151170605680615,35933700,BAC
2022-07-07,28.922809600830078,29.058978940376708,28.568762738274206,28.595997645089,40137900,BAC
2022-07-08,28.85926055908203,29.27685203606911,28.65046308907954,29.058976264630946,31153800,BAC
2022-07-11,28.5596866607666,28.85926546453881,28.405360704654974,28.641389656066433,29311900,BAC
2022-07-12,28.468902587890625,29.077133207614306,28.12393405533594,28.16024726150337,39527000,BAC
2022-07-13,27.996841430664062,28.278261853771653,27.597404818456884,28.205637172598436,44153700,BAC
2022-07-14,27.352298736572266,27.43400172789284,26.934707208941912,27.31598725793488,51707800,BAC
2022-07-15,29.276853561401367,29.62182210789395,27.788046678563383,27.824358154688948,77801700,BAC
2022-07-18,29.285932540893555,30.30268166019289,29.140683161424846,30.030339506566353,56382900,BAC
2022-07-19,30.275442123413086,30.520551077125997,29.667211487287663,29.866930663576266,46874900,BAC
2022-07-20,30.284523010253906,30.36622599712761,29.912321284055505,30.121117036506497,35514900,BAC
2022-07-21,30.54778480529785,30.565937944124638,29.91231759281129,30.03941034270506,31244000,BAC
2022-07-22,30.348068237304688,30.811049503278657,30.03941290564937,30.502394171623344,27115400,BAC
2022-07-25,30.620407104492188,30.847359428239994,30.357141577820496,30.665796876638222,30381000,BAC
2022-07-26,30.003103256225586,30.665803775085326,29.921400262776118,30.329915230023467,30645700,BAC
2022-07-27,30.493314743041992,30.656720695249046,29.912317340980323,30.17558287098254,30344800,BAC
2022-07-28,30.24820899963379,30.6385673195615,29.866930713016796,30.411614969046227,40176500,BAC
2022-07-29,30.693044662475586,30.811057420330986,30.27544960315553,30.38438925150975,48152500,BAC
2022-08-01,30.602258682250977,30.76566467606516,30.15743394810459,30.520555685343886,32336700,BAC
2022-08-02,29.994028091430664,30.611338856880387,29.95771487863513,30.502399218493792,37884100,BAC
2022-08-03,30.53870964050293,30.638569235055662,30.112038086693346,30.338990451397464,30065800,BAC
2022-08-04,30.32083511352539,30.565940602196665,30.112035905664957,30.429771271047958,28404500,BAC
2022-08-05,30.829206466674805,31.165098438851853,30.17558605196243,30.21189579615564,35874500,BAC
2022-08-08,30.40253257751465,31.128779267503877,30.366219377260844,31.019839666742456,33454300,BAC
2022-08-09,30.792890548706055,30.829203752720588,30.329909318082834,30.5477850791523,40196900,BAC
2022-08-10,31.83687400817871,32.163685932169734,31.27403317409299,31.319422949532218,61415800,BAC
2022-08-11,32.59944152832031,32.73561434906179,32.36341256378959,32.47234874257156,50420800,BAC
2022-08-12,32.95347595214844,32.96255598417787,32.39971174094996,32.82638320787683,31821700,BAC
2022-08-15,32.90808868408203,32.95347845862893,32.381557602888165,32.53588699196899,24908000,BAC
2022-08-16,33.262142181396484,33.53448436053521,32.77192418113556,32.85362718117905,31870200,BAC
2022-08-17,33.0533447265625,33.21675071839978,32.75376938353983,32.86270555709185,27125600,BAC
2022-08-18,32.935325622558594,33.04426524955042,32.68114008561409,32.908092447319746,23138300,BAC
2022-08-19,32.209075927734375,32.708370387013915,32.05474999758274,32.644824008361134,36485400,BAC
2022-08-22,31.519145965576172,31.60992552753881,31.27403699265508,31.546379141561303,31210300,BAC
2022-08-23,31.237728118896484,31.746102740304366,31.19233833161443,31.473757090574452,26588000,BAC
2022-08-24,31.337581634521484,31.591767164284672,30.91091009840346,31.09247267524207,31389400,BAC
2022-08-25,31.900423049926758,32.02751581697536,31.274035785322276,31.41020512300942,40576700,BAC
2022-08-26,30.892757415771484,32.20908193616565,30.88368084413558,32.17276872358491,36152600,BAC
2022-08-29,30.774742126464844,31.001694491813353,30.51147655153619,30.7384289168847,34931000,BAC
2022-08-30,30.94722557067871,31.119708126635395,30.44793104510442,31.028928563083113,48194900,BAC
2022-08-31,30.511476516723633,31.201410182867864,30.50239648282982,30.992614422547657,44917600,BAC
2022-09-01,30.58458137512207,30.602857610727174,29.844409519375144,30.46578758660665,32848900,BAC
2022-09-02,30.54802703857422,31.507506691323186,30.401820648496617,31.004922443296138,44000800,BAC
2022-09-06,30.20992088317871,30.822158960460364,29.798714383448985,30.73991766051442,40762400,BAC
2022-09-07,30.675954818725586,30.767332498259883,29.816992779264062,29.981475391093827,40742600,BAC
2022-09-08,31.662853240966797,31.735954693779192,30.401820935976104,30.57543993651146,44361800,BAC
2022-09-09,31.9278507232666,32.211127138820814,31.83647303351901,31.96440319349981,37295100,BAC
2022-09-12,32.22939682006836,32.55836201360108,32.01008552910164,32.1654317530853,30534000,BAC
2022-09-13,31.06888771057129,31.726818212850688,30.89526871061881,31.59888805648199,40959600,BAC
2022-09-14,30.95009422302246,31.45267847889587,30.64854506383256,31.251646868047718,32004400,BAC
2022-09-15,31.534915924072266,31.891297229703525,30.79474767859833,30.876988982077094,44863300,BAC
2022-09-16,31.178546905517578,31.279064469903457,30.75820389611838,31.242511994520243,54281800,BAC
2022-09-19,31.699403762817383,31.863886396921735,30.730787679575652,30.81302899662783,29782000,BAC
2022-09-20,31.224225997924805,31.781638872877767,30.959229348809068,31.52577859683437,33591100,BAC
2022-09-21,30.292163848876953,31.434402252140263,30.264747756830854,31.352160947671905,51667800,BAC
2022-09-22,29.698200225830078,30.53888606671423,29.597682682716716,30.438372009436044,47527500,BAC
2022-09-23,28.99458122253418,29.323546463239776,28.519409595496672,29.177340076907868,55316100,BAC
2022-09-26,28.354928970336914,29.07682279140874,28.03510184379624,28.6199273943271,40360200,BAC
2022-09-27,27.934585571289062,28.665619285673138,27.687861627325024,28.574239853510417,43396600,BAC
2022-09-28,28.3914794921875,28.610789072063877,27.770101477745627,27.898033373195055,38372900,BAC
2022-09-29,28.01682472229004,28.23613429679334,27.605618180772865,28.04423907269704,35220900,BAC
2022-09-30,27.596481323242188,28.50113395580779,27.56906697331564,28.108203654781637,42294100,BAC
2022-10-03,28.40975570678711,28.58337644433113,27.59648246410438,27.952860313294767,34591700,BAC
2022-10-04,29.588546752929688,29.716476905781764,28.930616268735886,28.985443228112832,39758700,BAC
2022-10-05,29.168203353881836,29.268719159965293,28.738722291371126,28.82096360547794,35791100,BAC
2022-10-06,28.74785614013672,29.131648324609603,28.6564784595288,28.87578803023937,40891900,BAC
2022-10-07,28.09906768798828,28.54682498020773,27.8980343352319,28.48285990173605,52304600,BAC
2022-10-10,28.01682472229004,28.373202562993214,27.733550073087965,28.23613429679334,37669100,BAC
2022-10-11,27.203554153442383,27.84320670576361,27.02079528539761,27.75182901465896,58124000,BAC
2022-10-12,27.285791397094727,27.696996174442447,26.93854994822245,27.084756323668415,36137900,BAC
2022-10-13,28.95802879333496,29.031131982199057,26.78320587452246,26.874585296331954,67671000,BAC
2022-10-14,28.967164993286133,29.81699059692865,28.848371229918154,29.067680782000515,58108500,BAC
2022-10-17,30.721641540527344,30.950089209448826,30.036298533762892,30.48405749861631,88896800,BAC
2022-10-18,31.873027801513672,32.31164701842641,31.324751165995988,31.964405497848784,81937900,BAC
2022-10-19,30.995779037475586,31.82733192534866,30.858712523239458,31.598884249120207,43139900,BAC
2022-10-20,30.794748306274414,31.64457396426495,30.69423076821435,31.050608595274575,39549100,BAC
2022-10-21,31.936988830566406,32.019230141158786,30.66682018928931,30.66682018928931,54870300,BAC
2022-10-24,32.04664611816406,32.22026513173875,31.717680841213625,32.08319859023313,33765600,BAC
2022-10-25,32.339054107666016,32.51267658122341,31.553193504375926,31.74509221124647,37132300,BAC
2022-10-26,32.62233352661133,32.97871139474554,32.30250464266455,32.36646972228683,41104600,BAC
2022-10-27,32.77767562866211,33.23457103714686,32.686297941299294,33.0335394277816,35261900,BAC
2022-10-28,33.06095504760742,33.1706089795958,32.56750712490626,32.93302487931504,31659100,BAC
2022-10-31,32.93301773071289,33.19801787084525,32.72284628759116,32.896465266039144,32565500,BAC
2022-11-01,33.079219818115234,33.590940313914096,32.99697852617121,33.298527606076334,29913200,BAC
2022-11-02,32.97870635986328,34.06611603326174,32.85077622014992,32.960430127642105,57380600,BAC
2022-11-03,32.79594802856445,33.024395706095085,32.357328906005826,32.622329048541744,30046500,BAC
2022-11-04,33.61836242675781,33.81025764707322,33.097501979710245,33.35336227346412,39369400,BAC
2022-11-07,33.819400787353516,34.12095346747092,33.56354044240718,33.819400787353516,37533700,BAC
2022-11-08,33.9107780456543,34.19405097023719,33.58181279119061,33.89250181086905,32664300,BAC
2022-11-09,33.37164306640625,33.77370979521758,33.25284927700281,33.70060833808622,30164400,BAC
2022-11-10,34.84284591674805,34.92508723228071,33.93819144588874,34.08439784174287,45702800,BAC
2022-11-11,35.09870147705078,35.27232045925334,34.69663481444934,34.89766640283258,35688700,BAC
2022-11-14,34.50474166870117,34.9616371030559,34.49560529378171,34.80629432857634,35541400,BAC
2022-11-15,34.449913024902344,34.99818609732268,34.084395319398666,34.89766855401741,46082800,BAC
2022-11-16,34.13922119140625,34.48646263427074,33.99301481848987,34.367668866952776,23813000,BAC
2022-11-17,33.965599060058594,33.993015151760694,33.408189654361486,33.70060240306109,23689700,BAC
2022-11-18,33.983882904052734,34.586984769053544,33.737158938483894,34.53215954503983,32041800,BAC
2022-11-21,34.09354019165039,34.28543544662627,33.86509246358318,33.892505075483825,27935700,BAC
2022-11-22,34.258018493652344,34.54129140962534,34.203189790963094,34.34939617896584,23499300,BAC
2022-11-23,34.367671966552734,34.413360808615714,34.14836064448116,34.25801804843455,18934700,BAC
2022-11-25,34.449913024902344,34.605255783948536,34.32198287372661,34.46818925876104,16118500,BAC
2022-11-28,33.68232345581055,34.41335526863986,33.654910852152774,34.17577123665833,35428300,BAC
2022-11-29,33.81025695800781,33.94732696163103,33.55439666946846,33.791980725135716,27048800,BAC
2022-11-30,34.586978912353516,34.586978912353516,33.079226248080886,33.718880478000386,51747900,BAC
2022-12-01,33.594322204589844,34.64213363026158,33.45645431007351,34.46749956138808,46213200,BAC
2022-12-02,33.16232681274414,33.35534393902558,32.914160433433075,33.143943728400934,42295300,BAC
2022-12-05,31.682519912719727,32.98768726608246,31.37920429875495,32.914158439379094,71386600,BAC
2022-12-06,30.33139991760254,31.87554419390499,29.789111112160423,31.774438966518517,84085700,BAC
2022-12-07,30.09242057800293,30.257861317659533,29.73395570780536,29.954549204371965,49234100,BAC
2022-12-08,29.816679000854492,30.322205053196893,29.5777059175593,30.303821968910366,45491100,BAC
2022-12-09,29.761533737182617,29.96374065518619,29.48579448083965,29.513367354609485,36985500,BAC
2022-12-12,30.08323097229004,30.12918693373115,29.46741337530586,29.697196688726542,41060500,BAC
2022-12-13,30.101612091064453,30.947212946211977,29.93616783571561,30.836917944717708,54804800,BAC
2022-12-14,29.669620513916016,30.331397583174112,29.55932550444471,30.14757022991185,48819500,BAC
2022-12-15,29.200862884521484,29.403071562248574,28.943504951235422,29.18247979933516,49027600,BAC
2022-12-16,29.136518478393555,29.347918659816433,28.814821559254682,29.062987904285283,61795200,BAC
2022-12-19,29.4674072265625,29.6236581641016,29.16409163315454,29.191666256129952,38374100,BAC
2022-12-20,29.586894989013672,29.94535986458471,29.540939032519354,29.779915616233378,35561100,BAC
2022-12-21,30.03727149963379,30.211905535182176,29.789105129403115,29.89021033648391,32544000,BAC
2022-12-22,29.77071762084961,29.945355136655962,29.29276978820455,29.89020589384119,30234400,BAC
2022-12-23,29.844257354736328,29.945362571893416,29.58689766391418,29.779918308584552,21378600,BAC
2022-12-27,29.89940643310547,30.028084539732063,29.669623098067856,29.871833554889896,22776100,BAC
2022-12-28,30.119993209838867,30.30382053780803,29.899399715032942,29.936165881869705,30541000,BAC
2022-12-29,30.460071563720703,30.47845464718506,30.10161020170241,30.230288279738243,22252900,BAC
2022-12-30,30.441686630249023,30.607130865159164,30.202713572164622,30.423303547901845,28198900,BAC
2023-01-03,30.80015754699707,31.33325658217523,30.524418238484294,30.542801326547217,35221500,BAC
2023-01-04,31.379201889038086,32.00421264598579,31.0942728863981,31.158611919653218,41998500,BAC
2023-01-05,31.314868927001953,31.379207972730903,30.864495606899318,31.17699753974562,34177000,BAC
2023-01-06,31.62737274169922,31.783627206312257,30.827727852840873,31.333250403125692,34068700,BAC
2023-01-09,31.149423599243164,31.949068501817145,30.983979342680975,31.93987871254809,43818800,BAC
2023-01-10,31.360820770263672,31.49869213942009,30.91963729766353,31.011552712505996,35096000,BAC
2023-01-11,31.59980010986328,31.654945857383357,31.250528515305,31.360823516560032,36783700,BAC
2023-01-12,31.682519912719727,32.05017105866582,31.581414708064802,31.80200469438953,44230400,BAC
2023-01-13,32.381065368652344,32.528126554725155,30.41412069009776,31.434359202447066,89667800,BAC
2023-01-17,31.72847557067871,32.01340809874676,31.388397299653,31.88472651734486,56458400,BAC
2023-01-18,30.9931697845459,31.563031334561018,30.800149165518633,31.55384154613809,54517800,BAC
2023-01-19,30.542795181274414,30.836917518672095,30.230289759512523,30.58875113907752,42707100,BAC
2023-01-20,31.112659454345703,31.149425626244227,30.41411971934943,30.607136862493977,45004400,BAC
2023-01-23,31.544645309448242,31.719279322913025,31.020739762839646,31.075889006877382,33683300,BAC
2023-01-24,31.77443504333496,31.976645473141023,31.20457343031739,31.452739819748018,26716700,BAC
2023-01-25,32.050167083740234,32.132889194906305,31.480305599159653,31.526261548426536,28859700,BAC
2023-01-26,32.4821662902832,32.49135607922669,31.97664374923643,32.2156168301298,30035500,BAC
2023-01-27,32.58326721191406,32.88657929414161,32.41782298298473,32.574073917965585,29964900,BAC
2023-01-30,32.44540023803711,32.684376825999344,32.33510523924712,32.36267811239092,27353500,BAC
2023-01-31,32.610843658447266,32.610843658447266,32.16966016831331,32.32591112043348,38917400,BAC
2023-02-01,33.015254974365234,33.32776032796286,32.27075950418712,32.35348161267514,44438700,BAC
2023-02-02,33.20828628540039,33.43806960468949,32.57408208018476,33.18070990285936,33729100,BAC
2023-02-03,33.48402404785156,33.78733619231743,32.99688455505317,33.10717956156667,37411700,BAC
2023-02-06,33.42888259887695,33.49322165988761,33.07042111432734,33.31858756660381,29463200,BAC
2023-02-07,33.79652786254883,34.00792807578767,33.2082831811512,33.2450458440774,44100200,BAC
2023-02-08,33.548362731933594,33.86086816886322,33.40130155609701,33.46564060138708,28032800,BAC
2023-02-09,32.83142852783203,33.41047973420025,32.6843674031048,33.33695092494353,35257100,BAC
2023-02-10,32.7027587890625,32.711948577723795,32.19723275732449,32.67518241064927,32898900,BAC
2023-02-13,32.76709747314453,32.88658225551952,32.52812089596528,32.61084301787892,29163900,BAC
2023-02-14,32.73951721191406,33.07959895400907,32.59245606886716,32.74871050559999,33625200,BAC
2023-02-15,32.68437576293945,32.730331718756,32.31672110397774,32.46378226631949,23500100,BAC
2023-02-16,32.42701721191406,32.776288799291486,32.371871465527754,32.55569529510185,22681100,BAC
2023-02-17,32.491355895996094,32.528122063992285,31.930687612020627,32.24319302755872,28562700,BAC
2023-02-21,31.72847557067871,32.21561499994915,31.498692291782906,32.08693692476184,37068900,BAC
2023-02-22,31.517074584960938,31.75604764628903,31.31486418261175,31.581413620942136,38550400,BAC
2023-02-23,31.489500045776367,31.80200545572997,31.121848891028705,31.618181631463486,28488000,BAC
2023-02-24,31.443553924560547,31.517086282238203,31.10347553584089,31.121858625260305,27046600,BAC
2023-02-27,31.443553924560547,31.884737551979082,31.406787745721722,31.664147491377715,30137500,BAC
2023-02-28,31.526268005371094,31.700905557052906,31.41597300329804,31.57222396405029,32620600,BAC
2023-03-01,31.379201889038086,31.70090056152801,31.232140740710058,31.388395183054158,29281600,BAC
2023-03-02,30.981412887573242,31.17568186386425,30.528115080605836,31.138677241059753,44607200,BAC
2023-03-03,31.601232528686523,31.721495819109176,31.12943581849914,31.12943581849914,39109100,BAC
2023-03-06,31.536474227905273,31.971269807765747,31.443966181914245,31.675239825847562,36646700,BAC
2023-03-07,30.528120040893555,31.360706544500182,30.34310042576368,31.314448994000983,52855300,BAC
2023-03-08,30.121078491210938,30.500367098840268,30.010064609254428,30.213586530552533,40045600,BAC
2023-03-09,28.25238609313965,29.963809459077222,28.039613023039564,29.862048502267516,112457900,BAC
2023-03-10,28.002609252929688,28.714932398527885,26.75373140020713,28.048863269354456,165330900,BAC
2023-03-13,26.374446868896484,27.493810471444206,25.782386898258213,26.753735508146367,218403300,BAC
2023-03-14,26.605716705322266,27.836092258403383,26.337438466747837,27.743582460119868,154255800,BAC
2023-03-15,26.355941772460938,26.420698104356294,25.60661573063542,25.791633569696764,131104400,BAC
2023-03-16,26.79998779296875,27.262535056140663,26.004407700157945,26.254181881267666,108348800,BAC
2023-03-17,25.736125946044922,26.513205383817915,25.551108124585067,26.513205383817915,130665500,BAC
2023-03-20,25.67137336730957,26.30043793394207,25.57886356083812,26.1246694780941,81441200,BAC
2023-03-21,26.448448181152344,26.80923442084266,26.3744407021267,26.485451038426422,84854800,BAC
2023-03-22,25.569612503051758,26.587216849234334,25.569612503051758,26.55946337784177,76925900,BAC
2023-03-23,24.949798583984375,25.985905223369052,24.78328305244695,25.902646575361455,105335900,BAC
2023-03-24,25.1070613861084,25.245826957329747,24.348484262396514,24.607511328935157,96872700,BAC
2023-03-27,26.355941772460938,26.503956749501096,25.819387039570934,25.837889352820383,102469800,BAC
2023-03-28,26.01365852355957,26.503957486968428,25.88414409168744,26.254181544584053,63416500,BAC
2023-03-29,26.5224609375,26.614970745808616,26.124669996907443,26.355943635440063,62666400,BAC
2023-03-30,26.18017578125,26.88324787037785,26.004409082326443,26.753735194438836,67427100,BAC
2023-03-31,26.457704544067383,26.53171203765938,26.143172255181938,26.47620685858484,56482100,BAC
2023-04-03,26.448448181152344,26.80923442084266,26.20792343319964,26.494702193864313,51996800,BAC
2023-04-04,25.88414192199707,26.503955265323352,25.588111984493942,26.41144546873422,56233300,BAC
2023-04-05,25.569612503051758,25.819388452151426,25.40309520365198,25.588114817313468,47799400,BAC
2023-04-06,25.7546329498291,25.9118990971853,25.5511127798002,25.643620825145604,41216600,BAC
2023-04-10,25.84714126586914,25.995156247241,25.578863009334043,25.597365323124965,40572700,BAC
2023-04-11,26.55946159362793,26.596466219665448,25.865640735723613,25.921147674779892,58761200,BAC
2023-04-12,26.346691131591797,26.836991855433883,26.244931935683248,26.531710738752743,44313300,BAC
2023-04-13,26.420703887939453,26.49471139266003,26.12467386905714,26.420703887939453,52261400,BAC
2023-04-14,27.308792114257812,27.632575566468226,27.059016157025965,27.105270179708366,81110800,BAC
2023-04-17,28.095121383666992,28.132124246984514,27.197778568886637,27.540064318082006,83704400,BAC
2023-04-18,28.270885467529297,28.613171185188243,27.56781348449607,28.492907920411746,114498800,BAC
2023-04-19,27.808338165283203,27.937852585763608,27.55856400934603,27.873094493284604,65594200,BAC
2023-04-20,27.66032600402832,27.96560712735506,27.54006449189018,27.604820826462856,43193800,BAC
2023-04-21,27.632570266723633,27.734329450003752,27.207025928855092,27.521558163308246,44759000,BAC
2023-04-24,27.530813217163086,27.660325885754645,27.373547077668572,27.558566688066037,28020300,BAC
2023-04-25,26.679725646972656,27.318041349036548,26.66122333341075,27.244033859266658,49718800,BAC
2023-04-26,26.30968475341797,26.7722319450383,26.180170339919574,26.60571467373858,45848400,BAC
2023-04-27,26.725980758666992,26.901749215733137,26.383696766171557,26.383696766171557,33060100,BAC
2023-04-28,27.086769104003906,27.22553293383781,26.374445875851297,26.392948190356574,45592500,BAC
2023-05-01,26.864744186401367,27.32729142020736,26.827739560747606,27.2902867945536,34076800,BAC
2023-05-02,26.0506591796875,26.698225990755247,25.634365977647146,26.68897483465684,70797700,BAC
2023-05-03,25.77313232421875,26.365192216374663,25.726876542345533,26.05065995754742,51139500,BAC
2023-05-04,24.968297958374023,25.726875093600825,24.820282993670137,25.514103802398687,82173800,BAC
2023-05-05,25.634370803833008,25.800888115999385,25.412348309103823,25.551113912227763,50087100,BAC
2023-05-08,25.615869522094727,26.041412183736846,25.588116049365848,25.976655845180687,34245500,BAC
2023-05-09,25.58811378479004,25.74537992071301,25.19957402336139,25.366091316041917,32188800,BAC
2023-05-10,25.273582458496094,25.902647025722956,24.996054803297323,25.865642397308292,44446400,BAC
2023-05-11,25.338336944580078,25.430846744387672,24.86653855359126,24.98680182268443,34897300,BAC
2023-05-12,25.06081199645996,25.486354650929517,24.86654121958805,25.45860294314629,38142000,BAC
2023-05-15,25.578861236572266,25.736127363940142,25.005303664626577,25.07005999392906,38722800,BAC
2023-05-16,25.31058692932129,25.81013705846432,25.28283345818309,25.699126702867108,33347500,BAC
2023-05-17,26.429950714111328,26.522460520967083,25.652871159687464,25.66212231682082,61750400,BAC
2023-05-18,26.337440490722656,26.365193961683797,25.902646699198115,26.30968878423929,51146100,BAC
2023-05-19,26.00440788269043,26.522460327025556,25.930400390642554,26.328189557601263,50062500,BAC
2023-05-22,26.217178344726562,26.31893930464499,25.911897229449018,26.180173717673412,36473700,BAC
2023-05-23,26.43920135498047,26.901748615749533,26.180174253737796,26.198676567643226,51400400,BAC
2023-05-24,25.995153427124023,26.374441996301538,25.902643632683212,26.20792471920359,50606900,BAC
2023-05-25,26.059911727905273,26.124668059575807,25.791633480152832,25.893394438193784,40517800,BAC
2023-05-26,26.189424514770508,26.272683160018946,25.708376721030064,26.0876653207273,57879100,BAC
2023-05-30,26.143171310424805,26.355942626252975,25.856392503679107,26.19867648749351,41819600,BAC
2023-05-31,25.708375930786133,26.050659893417027,25.421595377311146,25.995154719783468,61905200,BAC
2023-06-01,25.904193878173828,26.090688082730416,25.493903782457316,25.885543924150916,57426100,BAC
2023-06-02,26.771398544311523,26.995194461776855,26.221239064428882,26.25853719830129,66578100,BAC
2023-06-05,26.61287498474121,26.873967215654694,26.389079103161894,26.873967215654694,34757800,BAC
2023-06-06,27.256284713745117,27.442780704953297,26.528954260859905,26.53827745971849,46297900,BAC
2023-06-07,27.48940086364746,27.64792190559658,27.05113764346219,27.321554845282815,44502600,BAC
2023-06-08,27.256284713745117,27.396155817872458,27.032490591429855,27.302909600825956,41483100,BAC
2023-06-09,27.2935848236084,27.414805973792564,27.116413808516835,27.228311759774034,32692000,BAC
2023-06-12,27.163036346435547,27.564001477055918,26.95789218175986,27.32155740322598,41011300,BAC
2023-06-13,27.414806365966797,27.787796577897154,27.069791086890326,27.163037305954695,42718800,BAC
2023-06-14,27.15371322631836,27.722522614106953,27.032490299773652,27.573326534173134,38322800,BAC
2023-06-15,27.38683319091797,27.48007940991168,26.752748941838032,26.948568135993977,42044900,BAC
2023-06-16,27.218992233276367,27.675905550177855,27.19101729522029,27.536034417013393,53050200,BAC
2023-06-20,26.920597076416016,27.079118151020555,26.650178040331543,27.051143216011134,39040900,BAC
2023-06-21,26.640853881835938,27.04181906985476,26.612880724523436,26.836674875812538,39553400,BAC
2023-06-22,26.072040557861328,26.603553625690772,26.01609246913737,26.57557869204996,50742900,BAC
2023-06-23,25.876222610473633,26.006768750000603,25.72702651428345,25.866897632142027,55181100,BAC
2023-06-26,26.193265914916992,26.370436953917107,25.91352366686025,25.92284686704535,47519300,BAC
2023-06-27,26.333131790161133,26.482327863194314,26.06271457474755,26.202585670896468,39081800,BAC
2023-06-28,26.17461395263672,26.361109956095465,26.016092883264093,26.342460000038052,37803800,BAC
2023-06-29,26.724775314331055,27.0418174543564,26.482331220278866,26.57557922238474,68376400,BAC
2023-06-30,26.752748489379883,27.14438864962575,26.73409853447351,26.985867590036765,50479000,BAC
2023-07-03,27.228313446044922,27.36818455986055,26.715450323977354,26.762075214287698,30995800,BAC
2023-07-05,27.116416931152344,27.433459087906712,26.995195767008756,27.172365023944938,37492000,BAC
2023-07-06,26.370437622070312,26.87397403704222,26.202591557560385,26.85532407908381,52098000,BAC
2023-07-07,26.603553771972656,26.87397101775675,26.379759637288604,26.389082836662467,34288000,BAC
2023-07-10,26.724775314331055,26.901946340476446,26.547604288185664,26.659502246424253,36086000,BAC
2023-07-11,27.060466766357422,27.116414854866107,26.500980545597574,26.72477467818998,40978700,BAC
2023-07-12,27.377511978149414,27.87172340958545,27.293588946668223,27.517383104432106,41855500,BAC
2023-07-13,27.666574478149414,27.853070467004233,27.42413040406117,27.526703375787076,39589000,BAC
2023-07-14,27.14438819885254,28.06753960869657,27.088438335062552,27.974291614270822,58720300,BAC
2023-07-17,27.414806365966797,27.56400245073894,27.15371410689436,27.18168726119062,49477200,BAC
2023-07-18,28.627025604248047,28.776221682903248,27.89969338688578,27.97429142621338,98253800,BAC
2023-07-19,29.400983810424805,29.559504881850163,28.617703431447485,28.804197658763492,70619800,BAC
2023-07-20,29.55017852783203,29.652749725584876,29.149213378863017,29.214486444312364,42128800,BAC
2023-07-21,29.820594787597656,29.941817715355963,29.298408502601507,29.71802359321476,70872400,BAC
2023-07-24,30.445354461669922,30.631846887272395,29.820593453133608,29.839243407116857,64548600,BAC
2023-07-25,29.979114532470703,30.5758987966188,29.90451472089479,30.547922088720433,51208800,BAC
2023-07-26,30.221559524536133,30.34278245069457,29.979117229334378,30.06304024634943,41814600,BAC
2023-07-27,29.792625427246094,30.529282729326304,29.67140248405319,30.240213728517258,45529500,BAC
2023-07-28,29.74599838256836,29.988442472859006,29.568827359171795,29.979119273495005,33296500,BAC
2023-07-31,29.83924674987793,30.07236586511135,29.634102568753292,29.74599874807302,29093400,BAC
2023-08-01,29.484907150268555,29.78329934000877,29.298411142402045,29.690051336075516,32712000,BAC
2023-08-02,29.083942413330078,29.167865440269395,28.701627192187736,29.05596747816438,38855100,BAC
2023-08-03,29.289085388183594,29.419631523096886,28.794872225421187,28.850822093433482,27933400,BAC
2023-08-04,29.186511993408203,29.53152906034379,29.065290838221884,29.242461860624356,30768100,BAC
2023-08-07,29.72735023498535,29.746000191963155,29.289086917353707,29.289086917353707,31745200,BAC
2023-08-08,29.158540725708008,29.195838861041974,28.421883433365963,29.186513882569038,45951800,BAC
2023-08-09,28.77622413635254,29.167864320852914,28.748249202260478,29.11191445266879,30732100,BAC
2023-08-10,28.85082244873047,29.205162724383527,28.72027453365179,28.916095516990946,26062600,BAC
2023-08-11,29.177186965942383,29.279758158963187,28.673648863893217,28.720271971761075,35720700,BAC
2023-08-14,28.841495513916016,29.009341551517316,28.673649476314715,28.95339168661182,32563700,BAC
2023-08-15,27.918350219726562,28.487159742780594,27.82510220295374,28.440536623673175,43406100,BAC
2023-08-16,27.312236785888672,27.82509813532934,27.237636960529432,27.741175110357926,47220400,BAC
2023-08-17,27.30291175842285,27.545355854729458,27.14439068693614,27.452107851756498,37202200,BAC
2023-08-18,27.14438819885254,27.368182318339798,27.0231652725318,27.079115136321786,31430400,BAC
2023-08-21,27.18168830871582,27.32155942126034,26.855321193740146,27.24696137599942,34959000,BAC
2023-08-22,26.51963233947754,27.265612833159384,26.500982382496044,27.16303984831896,37564200,BAC
2023-08-23,26.52895736694336,26.584905459433337,26.277188282901776,26.52895736694336,44686600,BAC
2023-08-24,26.68747329711914,26.845994344064167,26.4543542150563,26.48232736662707,31934800,BAC
2023-08-25,26.575580596923828,26.845999639161676,26.389084583066158,26.70612673948952,34253200,BAC
2023-08-28,26.818023681640625,27.041817822607694,26.640852653082547,26.75275061284495,33075200,BAC
2023-08-29,27.200336456298828,27.284259473957587,26.780721368005025,26.939242425965176,30428200,BAC
2023-08-30,27.079116821289062,27.29358597682309,26.976543843182494,27.246961087430254,33366400,BAC
2023-08-31,26.956884384155273,27.23895779633719,26.82525036425425,27.201348844956474,37243000,BAC
2023-09-01,27.248361587524414,27.389398299334804,27.04150786309445,27.04150786309445,35228600,BAC
2023-09-05,26.938079833984375,27.37999713150441,26.797043123588672,27.210752361677933,46543600,BAC
2023-09-06,26.693613052368164,26.853455121865295,26.439747713008302,26.70301573803022,45022600,BAC
2023-09-07,26.44915008544922,26.844053938460778,26.38333307551046,26.712419918583265,35023600,BAC
2023-09-08,26.6654109954834,26.68421457639504,26.289310683183395,26.439751884130917,36513900,BAC
2023-09-11,26.778236389160156,27.041506216991475,26.703016694548207,26.806444447156757,34168300,BAC
2023-09-12,27.238956451416016,27.39879852199465,26.70301591870499,26.759430239680114,42284000,BAC
2023-09-13,27.15433692932129,27.44581483733772,26.985093948595154,27.37999782371437,37215700,BAC
2023-09-14,27.455217361450195,27.680876461127706,27.361192288239792,27.42700930147334,44634800,BAC
2023-09-15,27.11672592163086,27.3517876915525,27.03210354098875,27.220153674277654,61661100,BAC
2023-09-18,27.041507720947266,27.07911667365543,26.787640564995595,27.07911667365543,25752300,BAC
2023-09-19,26.938079833984375,27.210752361677933,26.806445810065593,27.04150759185146,34888100,BAC
2023-09-20,26.84405517578125,27.238959046995078,26.82525159591705,27.08851964780687,26641100,BAC
2023-09-21,26.373929977416992,26.881664263378838,26.34572371267177,26.665407864563527,39906000,BAC
2023-09-22,25.988428115844727,26.505565073903544,25.950819166072215,26.392734637828127,41284400,BAC
2023-09-25,25.950822830200195,25.969628204431146,25.71576103245088,25.85679775242463,32749200,BAC
2023-09-26,25.5465145111084,25.856795991268456,25.39607511426589,25.706356594425948,42237400,BAC
2023-09-27,25.640541076660156,25.960225261924577,25.452490922959022,25.60293032856826,38296300,BAC
2023-09-28,25.913209915161133,25.988429612416702,25.546514115212606,25.546514115212606,36734300,BAC
2023-09-29,25.743967056274414,26.317518411224793,25.64054108574341,26.22349333434092,40645900,BAC
2023-10-02,25.10460090637207,25.725163913641563,24.991770453514338,25.640541522343067,50388600,BAC
2023-10-03,24.361801147460938,24.935352427149535,24.277178768707575,24.9071443697721,62144500,BAC
2023-10-04,24.390010833740234,24.455827845304274,24.051521296120544,24.33359471521758,55696400,BAC
2023-10-05,24.502836227416992,24.53104428292926,24.03271272915216,24.23956821615113,49044100,BAC
2023-10-06,24.512239456176758,24.662678835487377,23.948090887072507,24.230166068314066,58177300,BAC
2023-10-09,24.737899780273438,24.78491320955512,24.183153868402226,24.220764611827576,39953700,BAC
2023-10-10,25.396076202392578,25.668746948335393,24.982366946660253,25.019977694171896,51960100,BAC
2023-10-11,25.40547752380371,25.80038138455534,25.29264708071222,25.54651423263378,38508200,BAC
2023-10-12,25.292646408081055,25.461891171527878,25.019975684044848,25.358463417559484,44249800,BAC
2023-10-13,25.161014556884766,26.063650981862924,24.935355450640227,25.790980234334622,55089700,BAC
2023-10-16,25.37727165222168,25.555919121941447,25.170417914331935,25.537113747575322,56817500,BAC
2023-10-17,25.969627380371094,26.2046891706615,25.123403500622313,25.433684992070486,95344200,BAC
2023-10-18,25.678146362304688,26.36452806987351,25.58412129888906,25.8944045461743,68371100,BAC
2023-10-19,25.34906005859375,26.120064159762077,25.273840364989397,25.62173256877138,58611000,BAC
2023-10-20,24.737899780273438,25.330256435569996,24.67208277265803,25.19862062696023,62058400,BAC
2023-10-23,24.0421199798584,24.64387759802835,23.995108338456056,24.568657895757106,59857200,BAC
2023-10-24,23.94809341430664,24.324193695651783,23.882276403084955,24.201960566200896,55975700,BAC
2023-10-25,24.023313522338867,24.117338594281573,23.67542308754366,23.86347143804999,45522400,BAC
2023-10-26,24.559255599975586,24.78491469390537,23.919887270484995,23.96689890920322,60921000,BAC
2023-10-27,23.66602325439453,24.512245417148684,23.468570400170293,24.512245417148684,64709300,BAC
2023-10-30,24.15494728088379,24.239569659079148,23.7694461328289,23.80705508237188,41891900,BAC
2023-10-31,24.7661075592041,24.803716508827367,24.183153596322576,24.201958967823675,50106700,BAC
2023-11-01,24.82252311706543,25.029378627125848,24.58746134172697,24.860133861941513,44046300,BAC
2023-11-02,25.969627380371094,26.007236334260405,25.001172158758123,25.1140008138052,63278300,BAC
2023-11-03,26.72182273864746,27.201348976376707,26.449150217959076,26.47735827666516,62613600,BAC
2023-11-06,26.637203216552734,27.050912488442886,26.34572708547021,26.85345964305334,45548000,BAC
2023-11-07,26.477354049682617,26.57137910364655,26.279903050399223,26.373926310984416,33081900,BAC
2023-11-08,26.223493576049805,26.514971496414365,26.016639839701995,26.477360747962475,31896000,BAC
2023-11-09,25.8850040435791,26.402139245910707,25.762770912816237,26.39273655943825,32267900,BAC
2023-11-10,26.026037216186523,26.110659589556835,25.706353093093977,26.101256904362486,32858500,BAC
2023-11-13,26.044845581054688,26.185882288427813,25.781575745480225,25.894406187406148,28521800,BAC
2023-11-14,27.474018096923828,27.652665538189797,26.768832810924337,26.797040867980726,66676300,BAC
2023-11-15,27.850120544433594,27.95354650836217,27.45521668143423,27.45521668143423,46968900,BAC
2023-11-16,27.77490234375,27.925341747919088,27.474021742032665,27.67147458086657,36952800,BAC
2023-11-17,28.188608169555664,28.20741354232819,27.784301621841646,27.934741017263736,38493300,BAC
2023-11-20,28.21681785583496,28.442476961980717,27.972353375832274,28.188609795049558,46783400,BAC
2023-11-21,27.88772964477539,28.19801112496609,27.7843018869188,28.19801112496609,41611900,BAC
2023-11-22,27.859521865844727,28.009963057595847,27.75609590032589,27.962949624742656,41422700,BAC
2023-11-24,27.95354461669922,28.10398400257763,27.718482852091835,27.718482852091835,15815600,BAC
2023-11-27,27.793704986572266,27.915938119197897,27.746693346872622,27.83131573303526,42039500,BAC
2023-11-28,27.765501022338867,27.878329684325077,27.568048173794132,27.765501022338867,29705800,BAC
2023-11-29,28.49888801574707,28.78096321105415,28.02876448361422,28.09458149117219,57954900,BAC
2023-11-30,28.89694595336914,28.953810542991423,28.470458819662973,28.631574855643983,52547700,BAC
2023-12-01,29.342391967773438,29.427689765980343,28.764264655995767,28.811651518247192,46133300,BAC
2023-12-04,29.20970344543457,29.380299019293552,28.925378694131382,28.934856426867178,37811300,BAC
2023-12-05,28.982242584228516,29.181271351497248,28.745304694623083,29.077018101609216,45723100,BAC
2023-12-06,28.93485450744629,29.873128293736748,28.849556726175106,29.171792387045677,49803100,BAC
2023-12-07,29.058061599731445,29.313954945220637,28.944332429086852,28.991719282240002,32699600,BAC
2023-12-08,29.342391967773438,29.51298756418725,29.01068031662761,29.067544912867906,34794300,BAC
2023-12-11,29.238136291503906,29.456118718723857,29.105449842493474,29.30447861216279,32254000,BAC
2023-12-12,29.13388442993164,29.2476154191233,28.859037401565313,29.162317629152742,34566700,BAC
2023-12-13,30.365962982177734,30.45126077318216,29.029631525672666,29.143362516242824,60311100,BAC
2023-12-14,32.16668701171875,32.28989572823181,30.86826837201831,30.915655227481697,107190000,BAC
2023-12-15,31.844449996948242,32.24250751998731,31.550649336170892,32.052956490701334,83771800,BAC
2023-12-18,31.683338165283203,32.02452934007691,31.664382698307367,31.948707472173574,40694700,BAC
2023-12-19,31.7591609954834,31.910801137761432,31.08625809008626,31.3042405686493,44534800,BAC
2023-12-20,31.256845474243164,31.948703667228507,31.228414084858287,31.635947537839208,44711400,BAC
2023-12-21,31.465354919433594,31.702292827538688,31.171550611844477,31.503265852422945,32325700,BAC
2023-12-22,31.683338165283203,31.910796538221906,31.46535571813959,31.47483164393468,37265900,BAC
2023-12-26,32.09086990356445,32.18564361785062,31.626470026637136,31.702291890374433,24845400,BAC
2023-12-27,32.07190704345703,32.176160274367525,31.90131150476434,32.03399612032874,24498600,BAC
2023-12-28,32.10982131958008,32.19511909783345,32.00556807778318,32.0529549289495,21799600,BAC
2023-12-29,31.910797119140625,32.214080980889435,31.797067930600893,32.166690504894305,28060700,BAC
2024-01-02,32.1287841796875,32.28990023382149,31.5316995944554,31.645428786513857,36668600,BAC
2024-01-03,31.778108596801758,32.005570561591384,31.503263392553613,31.891841386889208,45988700,BAC
2024-01-04,32.03400421142578,32.51735956493507,31.787590379622316,31.81602177145738,39834600,BAC
2024-01-05,32.63108825683594,32.877502084932935,31.948705939974282,32.03400372958199,49242400,BAC
2024-01-08,32.37519454956055,32.507879195255335,31.882363283133163,32.507879195255335,40253900,BAC
2024-01-09,31.872886657714844,32.071913621884846,31.759153865001675,32.05295815643265,39268800,BAC
2024-01-10,31.844449996948242,31.8728850013415,31.503262482695693,31.74967628999784,34904000,BAC
2024-01-11,31.41796112060547,31.749672672522696,31.067290490996097,31.616988051755804,48790600,BAC
2024-01-12,31.086254119873047,31.455876693507385,30.29014257074304,30.564991423327548,74344300,BAC
2024-01-16,30.441781997680664,30.81140456286453,30.157457225645818,30.71663084398146,58420800,BAC
2024-01-17,30.138498306274414,30.318571605371012,29.636191146041824,30.062678255237838,48811300,BAC
2024-01-18,30.072158813476562,30.110069746403664,29.759400847599068,30.09111427994011,35484400,BAC
2024-01-19,30.536558151245117,30.546034076612784,29.92051815616761,30.13850059347883,49493600,BAC
2024-01-22,30.849315643310547,31.26632868530515,30.631333196534115,30.669244130421927,43903400,BAC
2024-01-23,31.057819366455078,31.105206221853155,30.6976727577361,30.839836939315656,30003400,BAC
2024-01-24,31.256845474243164,31.59803660840256,31.190503155421638,31.304232328346362,36403900,BAC
2024-01-25,31.645427703857422,31.70229410563405,31.114689082151752,31.474832113913255,46204000,BAC
2024-01-26,31.683338165283203,31.910796538221906,31.57908490460894,31.654906772512277,30839800,BAC
2024-01-29,31.85392951965332,31.891840448567056,31.503262465664204,31.65490256593397,30269300,BAC
2024-01-30,32.9722785949707,33.06705230756124,32.071913863819056,32.12878026060461,60315700,BAC
2024-01-31,32.233028411865234,33.26607773915844,32.223552487197324,32.76377057789893,54716000,BAC
2024-02-01,31.797067642211914,32.46049453088376,31.209462622136027,32.157214287271316,57084800,BAC
2024-02-02,31.721250534057617,31.94870891728477,31.436922131944954,31.626473194891457,40416000,BAC
2024-02-05,31.26632308959961,31.550647812101545,31.143114384207603,31.38005225552338,43573000,BAC
2024-02-06,31.31371307373047,31.616993290127127,31.16207296553214,31.199980281042702,27188000,BAC
2024-02-07,31.446399688720703,31.522217939882317,30.925137010058236,31.332670504285485,29660100,BAC
2024-02-08,31.389530181884766,31.541170284584297,31.086249976485703,31.323187862915297,36852200,BAC
2024-02-09,31.342144012451172,31.512739583638538,31.12416158601961,31.370575402520632,36176000,BAC
2024-02-12,31.8634033203125,32.19511850311922,31.256842959664123,31.275798422857502,34160400,BAC
2024-02-13,31.038867950439453,31.569610200138523,30.65976582702786,31.389535064594412,43801500,BAC
2024-02-14,31.399011611938477,31.446398468999675,31.15259417060352,31.25684742536943,27833900,BAC
2024-02-15,32.28989028930664,32.45100990920547,31.57907673092968,31.57907673092968,41683100,BAC
2024-02-16,32.30885314941406,32.36571954864391,30.792451990473594,32.147733492622265,33290700,BAC
2024-02-20,32.18564224243164,32.30885095804683,32.0055707468289,32.01504667169839,30372900,BAC
2024-02-21,31.939226150512695,31.977137078059627,31.436915398978435,31.61699049713385,37847100,BAC
2024-02-22,31.85392951965332,32.28989435600575,31.626467561556083,31.626467561556083,42756900,BAC
2024-02-23,32.14772415161133,32.270932839783065,31.740194396060808,31.967652696117632,30586000,BAC
2024-02-26,31.85392951965332,32.43205853173967,31.77810766182585,32.02452508437995,31129200,BAC
2024-02-27,32.488922119140625,32.63108629841636,31.94870402250924,31.967659487438358,40536300,BAC
2024-02-28,32.51736068725586,32.79220592038054,32.32780963258026,32.432062893421126,39548600,BAC
2024-02-29,32.94684982299805,33.0709264629524,32.593712537893076,32.765509842182695,43863400,BAC
2024-03-01,32.78459167480469,33.070922911776506,32.47917508683081,32.95638896064661,38432300,BAC
2024-03-04,33.54814147949219,33.80583380345726,32.68915493009717,32.72733291914882,49136400,BAC
2024-03-05,33.77720260620117,34.092165559018056,33.280899664123744,33.33816664850504,47591600,BAC
2024-03-06,33.80582809448242,34.15896897229323,33.47177984882659,34.0253496740309,49149700,BAC
2024-03-07,34.006263732910156,34.2639596773241,33.64358014734388,33.97762842296207,35900700,BAC
2024-03-08,33.97762680053711,34.4834759891302,33.882185480875826,34.235322732646125,42769900,BAC
2024-03-11,34.25441360473633,34.29259159103735,33.66266938048312,33.77719969853303,34131500,BAC
2024-03-12,34.32122039794922,34.50256399732845,34.14942311477566,34.26395706412661,29260400,BAC
2024-03-13,34.435760498046875,34.78889780282246,34.32122652823843,34.32122652823843,38289600,BAC
2024-03-14,34.06352996826172,34.56937922403236,33.86310098584398,34.28304794531736,40178100,BAC
2024-03-15,33.796287536621094,34.36894274815204,33.634036561666775,33.67221090580994,69646400,BAC
2024-03-18,34.36894226074219,34.44529822965175,33.77719806510508,34.03489399889535,50617900,BAC
2024-03-19,34.388031005859375,34.73162558177736,34.21623371790039,34.25441170208082,46113800,BAC
2024-03-20,35.075225830078125,35.19930247830379,34.101708921157204,34.20669657420557,40519000,BAC
2024-03-21,35.80058670043945,35.8864853517312,35.19929978225047,35.247020446111826,43219500,BAC
2024-03-22,35.36155319213867,35.89603413025143,35.31383252500532,35.705147820864475,29001100,BAC
2024-03-25,35.18021011352539,35.58106805129337,35.16112112017646,35.40927075200618,30480200,BAC
2024-03-26,35.39972686767578,35.54289249248038,35.12294193484187,35.313828220963636,33673400,BAC
2024-03-27,36.0869140625,36.12508840494855,35.54289054343969,35.55243321883861,36350200,BAC
2024-03-28,36.191898345947266,36.268254313163325,35.71468447340565,36.00101570961294,42262500,BAC
2024-04-01,35.81013488769531,36.60230814354954,35.733778908847285,36.21099285408706,33908000,BAC
2024-04-02,35.60015869140625,35.86740096979999,35.46653937263607,35.495171043557285,34806800,BAC
2024-04-03,35.7337760925293,36.2873459729881,35.571525111545064,35.69560174696741,33338500,BAC
2024-04-04,35.23747634887695,36.23008223948423,35.18975568200908,35.981932587259166,42888200,BAC
2024-04-05,35.418819427490234,35.63833740433989,35.05613581141741,35.13249178989735,30823500,BAC
2024-04-08,35.791046142578125,35.867402121958634,35.437908840077,35.504718501608195,29470300,BAC
2024-04-09,36.010562896728516,36.048740885119734,35.50471729353166,35.80058760143018,30967300,BAC
2024-04-10,34.97978210449219,35.53334836338838,34.8843371351285,35.48562769913318,37610700,BAC
2024-04-11,34.69344711303711,35.075219667803346,34.40711951738889,35.075219667803346,38604000,BAC
2024-04-12,34.158973693847656,34.445301321251534,33.91082041347186,34.178062687788355,47126100,BAC
2024-04-15,34.31167984008789,35.08476402122572,34.13033622951732,34.674363420375954,44392000,BAC
2024-04-16,33.09955978393555,34.52165531264912,32.59371416322107,34.45484565107753,95566100,BAC
2024-04-17,33.62449645996094,34.12079943408646,33.166371477888234,33.299990809219395,65951400,BAC
2024-04-18,34.139888763427734,34.349864080914564,33.576776118138845,33.92037076826139,44506200,BAC
2024-04-19,35.28519821166992,35.428360202353794,34.41666902778273,34.45484337411982,56273700,BAC
2024-04-22,36.010562896728516,36.182360203635625,35.18975435058417,35.31383099242894,43867100,BAC
2024-04-23,36.621395111083984,36.66911577479569,36.10600684580297,36.21099084962743,39180300,BAC
2024-04-24,36.57367706298828,36.73593170023586,36.268260424367156,36.28734941938767,28670600,BAC
2024-04-25,36.18235397338867,36.52594852803928,35.676508457293465,36.20144296429734,41116000,BAC
2024-04-26,36.10600280761719,36.56412768154762,36.05827850838982,36.201444124366205,28668700,BAC
2024-04-29,35.838768005371094,36.32552828803357,35.74332666881362,36.115552978582805,26438800,BAC
2024-04-30,35.32337188720703,35.953294100472135,35.29474021778463,35.64787749045591,30283800,BAC
2024-05-01,35.26611328125,35.80059060008131,35.09431595995317,35.514262944871156,32272000,BAC
2024-05-02,35.199302673339844,35.78150428648595,34.97978468886491,35.666970314787534,34860300,BAC
2024-05-03,35.552433013916016,35.81967161377992,35.39018204709946,35.552433013916016,34082700,BAC
2024-05-06,35.97238540649414,36.067830378793936,35.65742610003836,35.943753735230906,28422300,BAC
2024-05-07,36.11554718017578,36.41142110136669,35.98192787410667,35.98192787410667,29119500,BAC
2024-05-08,35.99147033691406,36.09645797416226,35.81013037130089,35.981927661188315,32803300,BAC
2024-05-09,36.53549575805664,36.66911507022332,35.75286523749192,35.81967489357526,26855400,BAC
2024-05-10,36.69775390625,37.01271322363726,36.58322357636859,36.726385578506964,27359100,BAC
2024-05-13,36.46868896484375,37.01271257328837,36.44005729308987,36.860004255845205,24060600,BAC
2024-05-14,36.73592758178711,37.02225519328766,36.62139362450439,36.65002893425163,27594800,BAC
2024-05-15,37.13678741455078,37.45175035195376,37.012710774890216,37.031799768749785,34084400,BAC
2024-05-16,37.432655334472656,37.56627462913449,36.945895171515744,37.146324113508484,32554200,BAC
2024-05-17,37.499473571777344,37.690359882528725,37.375396923660915,37.652181892207736,25537300,BAC
2024-05-20,37.05088806152344,37.67126760723399,37.022256391702506,37.470834995927774,28369800,BAC
2024-05-21,37.84306716918945,37.93850850153117,37.00316960933923,37.00316960933923,31799200,BAC
2024-05-22,37.94804763793945,37.99577194051117,37.54718971047942,37.613999365056095,42837600,BAC
2024-05-23,37.38494110107422,38.02440972162522,37.1654231091996,37.95760005630919,39033900,BAC
2024-05-24,37.89078903198242,37.96714137209637,37.28949842485069,37.375397083012366,22166300,BAC
2024-05-28,37.52810287475586,37.92896446611073,37.327673899505086,37.84306581373849,31217900,BAC
2024-05-29,36.955448150634766,37.12724545784831,36.802739837650876,37.06997847515934,26677500,BAC
2024-05-30,36.86954879760742,37.33721640437551,35.876942961615335,36.964990126091806,50989100,BAC
2024-05-31,38.16756820678711,38.25346685190693,36.89817752233346,36.936355507020714,58188400,BAC
2024-06-03,38.06258010864258,38.358450384255285,37.566277236274175,38.21528840469032,31898600,BAC
2024-06-04,37.87169647216797,38.31073239884741,37.62354319823386,37.81442949183243,26974200,BAC
2024-06-05,38.138938903808594,38.16757421725991,37.718991928676296,38.00531957721439,34140300,BAC
2024-06-06,37.89078903198242,38.17711667890349,37.62354673944967,38.091218020741806,38676400,BAC
2024-06-07,38.19805908203125,38.37090127667371,37.7179426886905,37.7179426886905,25928700,BAC
2024-06-10,38.09242630004883,38.25566775030522,37.65072017370265,38.00600888067378,37176200,BAC
2024-06-11,37.31464385986328,37.78515583854254,36.93054930898473,37.765954407696015,44629000,BAC
2024-06-12,37.8427734375,38.29408401297022,37.54509995919025,38.21726363289132,38964700,BAC
2024-06-13,37.69873809814453,37.78515919662285,37.38186317905564,37.72754757296892,40018700,BAC
2024-06-14,37.679534912109375,37.909988721995376,37.36265634476955,37.545099249512404,32347900,BAC
2024-06-17,37.93879318237305,37.957998276346316,37.4298710125714,37.53549719792581,26135400,BAC
2024-06-18,38.39971160888672,38.42851742097147,37.890785729738894,37.986811208350495,30804500,BAC
2024-06-20,38.39971160888672,38.70698581444891,38.16925412321634,38.19805993530109,29383300,BAC
2024-06-21,37.919593811035156,38.3228898173878,37.80436324093669,38.265274532338566,72244900,BAC
2024-06-24,38.42851638793945,38.73579058524153,38.073231284120936,38.18845819235987,31064900,BAC
2024-06-25,37.81396484375,38.476524089684986,37.785155371841824,38.198055726887375,30596000,BAC
2024-06-26,37.44907760620117,37.78515760669894,36.94015541601962,37.61231541701515,44310200,BAC
2024-06-27,37.68913650512695,37.78515831764808,36.815324824394224,37.161009210266045,29464200,BAC
2024-06-28,38.18845748901367,38.46692586987659,37.756352012329366,38.15965167823382,52028200,BAC
2024-07-01,38.418907165527344,38.73578570198358,38.09242791417708,38.32288536459952,26770500,BAC
2024-07-02,39.302330017089844,39.33113582982487,38.37090300001667,38.409313192328405,35626100,BAC
2024-07-03,39.27352523803711,39.561594361962065,39.12948884457581,39.38875215500756,17100700,BAC
2024-07-05,38.80300521850586,39.331132497556105,38.68777831433061,39.302326687261605,23489000,BAC
2024-07-08,39.00465393066406,39.40795359715696,38.82221102379662,38.9854488357837,26728500,BAC
2024-07-09,39.7728385925293,40.16653753497996,38.98544803362244,39.13908512650677,34697200,BAC
2024-07-10,40.080116271972656,40.0993177033795,39.43675842992685,39.63840642667367,25333400,BAC
2024-07-11,40.14733123779297,40.2337523288888,39.744031591680056,40.10892104997324,33824600,BAC
2024-07-12,39.936073303222656,40.25294815109034,39.4559570113652,39.84005151004981,31856600,BAC
2024-07-15,40.224151611328125,40.55063091151521,40.04170869707554,40.1857414200126,36648100,BAC
2024-07-16,42.37507247924805,42.63433576250757,40.54102806478011,40.829097158513825,75953300,BAC
2024-07-17,42.23103332519531,42.672739484088474,41.9141584418144,41.9141584418144,65713600,BAC
2024-07-18,41.29961013793945,42.480699677398505,41.222793420517824,41.88535271814346,48549200,BAC
2024-07-19,41.19398880004883,41.82774230483431,40.99233712711905,41.15557860872911,43903000,BAC
2024-07-22,40.61783981323242,41.165172123292535,40.29136057012667,40.94431905633817,42838300,BAC
2024-07-23,40.723472595214844,41.0787577029036,40.473813680811304,40.541029683266004,36705100,BAC
2024-07-24,40.5122184753418,41.049950134970125,40.3969915707776,40.598639569514255,36567200,BAC
2024-07-25,40.02250289916992,40.61784620212472,40.00329780384914,40.348982193628494,41593900,BAC
2024-07-26,40.01289749145508,40.29136587195219,39.76323858469728,39.92648005922904,52049300,BAC
2024-07-29,39.455963134765625,40.21454787274876,39.35033694808479,40.11852240167656,37133100,BAC
2024-07-30,39.638404846191406,40.22414738167001,39.18709796618094,39.41755176384648,44163200,BAC
2024-07-31,38.70698547363281,39.734434276246716,38.620564375142045,39.59039789109629,50851600,BAC
2024-08-01,37.92919158935547,38.84141338549634,37.42987014659418,38.831809007233346,60107800,BAC
2024-08-02,36.08554458618164,36.9977626692633,35.701450062675896,36.48884053916551,76728000,BAC
2024-08-05,35.192527770996094,35.49019754549933,33.74257443126619,34.232295129637365,76075200,BAC
2024-08-06,35.45178985595703,35.82628368936257,35.08690406391639,35.19253024797971,40614100,BAC
2024-08-07,35.816680908203125,37.05538203709821,35.78787509780932,36.58486637701499,44952400,BAC
2024-08-08,36.690494537353516,36.89214254694021,36.16236722810375,36.316004330121814,36557800,BAC
2024-08-09,36.75770568847656,36.920947148258705,36.40242062376996,36.642478792922496,26411200,BAC
2024-08-12,36.65208435058594,37.18981603921372,36.49844724854906,36.96896293397305,33040600,BAC
2024-08-13,36.930545806884766,36.9497508989072,36.60406656849695,36.8441247242822,21553500,BAC
2024-08-14,37.26663589477539,37.372258424746796,36.90174640897336,36.98816750658444,25658900,BAC
2024-08-15,37.47788619995117,38.10203900493681,37.42027457444315,37.861980797326574,37379800,BAC
2024-08-16,37.77555465698242,37.85237136841198,37.43947467635863,37.44907539166342,26886600,BAC
2024-08-19,38.09242630004883,38.15964595344622,37.88117761435969,37.90998342081804,27268900,BAC
2024-08-20,37.151405334472656,37.67953629948504,36.815325323098776,37.564305727301935,44440800,BAC
2024-08-21,37.20901870727539,37.43947617679407,36.86333433449599,37.324245610536124,33751100,BAC
2024-08-22,37.679534912109375,37.72754581725252,37.03617706159999,37.237825060999555,35421600,BAC
2024-08-23,38.18845748901367,38.57254839706849,37.708341106697176,37.708341106697176,45616600,BAC
2024-08-26,38.33248519897461,38.601352828790894,38.08282632449894,38.40930556834978,44659500,BAC
2024-08-27,38.09242630004883,38.53413608939175,38.03481468713213,38.40930482307766,32323900,BAC
2024-08-28,38.36130142211914,38.6685756277188,37.76595810664448,37.77555882300808,40700500,BAC
2024-08-29,38.572547912597656,38.73578938529355,37.95799953703083,38.457321007928186,34810800,BAC
2024-08-30,39.12948989868164,39.235116101665696,38.53414653813248,38.572553069492166,49098200,BAC
2024-09-03,39.08147430419922,39.27352158997608,38.63016373207321,38.96624739793203,48489300,BAC
2024-09-04,38.88942337036133,39.32152880707584,38.678171009523794,39.04306045197127,39629600,BAC
2024-09-05,38.543739318847656,39.31192473283375,38.41890804438835,39.17749274326081,34214500,BAC
2024-09-06,37.461273193359375,38.54374818520459,37.26797751120305,38.43743334789133,47007600,BAC
2024-09-09,38.147483825683594,38.37944010496398,37.78987872423523,37.934854163944415,37610200,BAC
2024-09-10,37.96384811401367,38.50508558193499,37.045682610636625,38.50508558193499,53983900,BAC
2024-09-11,37.69322967529297,37.722223287549774,36.73639991515516,37.68356636683352,41190000,BAC
2024-09-12,37.48059844970703,38.012172564661704,37.238975192683384,37.741552009717964,39921600,BAC
2024-09-13,37.35496139526367,37.780217050264824,37.15199503351247,37.57725437539237,31887300,BAC
2024-09-16,37.789878845214844,37.89619367642479,37.49026834294529,37.50959864742697,26336400,BAC
2024-09-17,38.224796295166016,38.466419538102436,37.896188537297355,37.96384275036931,27769400,BAC
2024-09-18,38.29245376586914,38.775700292852925,38.09915441769995,38.29245376586914,42527800,BAC
2024-09-19,39.50057601928711,39.67454509009479,38.66939127806797,38.69838858112189,57977800,BAC
2024-09-20,38.920677185058594,39.36526312170293,38.891683572153525,39.2589482918796,70725000,BAC
2024-09-23,38.534080505371094,39.08498130087696,38.418102360759,38.86268832083764,31714800,BAC
2024-09-24,38.12814712524414,38.640387202365126,37.93484780035084,38.514742088152786,32534900,BAC
2024-09-25,37.934852600097656,38.089491342202535,37.63523842426014,37.934852600097656,28866000,BAC
2024-09-26,38.19580841064453,38.38910777134121,37.79954638031174,38.07016327315989,39601400,BAC
2024-09-27,38.079830169677734,38.56307672671994,38.0315025644706,38.32145344819884,27861100,BAC
2024-09-30,38.35044860839844,38.45676344513572,37.71256327485353,37.915525952145366,35055200,BAC
2024-10-01,37.90585708618164,38.23446485752647,37.63523653591763,38.186137257454796,26291200,BAC
2024-10-02,37.915523529052734,38.215137714630266,37.74155447766947,37.93485383330405,23302700,BAC
2024-10-03,37.934852600097656,37.95418290372057,37.43227576653719,37.67389903150597,26030200,BAC
2024-10-04,38.76604080200195,38.901349252981284,38.29245753669552,38.59207174020602,34209900,BAC
2024-10-07,38.62105941772461,39.0849756155704,38.37943616758337,38.86268266786585,27177500,BAC
2024-10-08,38.59206771850586,38.80469736896014,38.47608958502097,38.70804585199075,26023600,BAC
2024-10-09,38.84335708618164,39.036656447162535,38.38910782778699,38.53407958336367,27421000,BAC
2024-10-10,38.630733489990234,38.78537225093715,38.437434117086866,38.6693904150678,26182300,BAC
2024-10-11,40.54438400268555,40.757009965652784,39.04632051929292,39.142968349107264,50660700,BAC
2024-10-14,40.50572204589844,40.766675601953295,40.32208970062054,40.55404595919491,28098900,BAC
2024-10-15,40.728023529052734,41.90714643227887,40.641038992144594,41.78150128188288,61490000,BAC
2024-10-16,41.365901947021484,41.65584912565793,40.73768367445558,40.795670898055825,42437800,BAC
2024-10-17,41.172603607177734,41.55920231274537,41.04696216171497,41.394900259350145,31708600,BAC
2024-10-18,40.9019889831543,41.22093348588477,40.69902631062328,41.00830381739779,30593500,BAC
2024-10-21,40.360748291015625,40.98897025052771,40.341421674399065,40.83433150944636,26589500,BAC
2024-10-22,40.882652282714844,40.98896710032716,40.177112850325415,40.25443405836278,37104400,BAC
2024-10-23,40.92131805419922,41.046963189687105,40.612040556751026,40.78600960992546,28569400,BAC
2024-10-24,41.2209358215332,41.230599131158016,40.56372016067875,40.901991300730785,28392000,BAC
2024-10-25,40.48639678955078,41.53987445298683,40.38974895091136,41.48188353767594,27466900,BAC
2024-10-28,41.191932678222656,41.317577806803214,40.602371328973575,40.66036223913654,24527600,BAC
2024-10-29,41.104949951171875,41.37557052353667,41.04696272535542,41.16294086386688,22313500,BAC
2024-10-30,40.8923225402832,41.46255359098864,40.24477027537032,40.312424494362624,38100500,BAC
2024-10-31,40.418739318847656,41.12427880750958,40.39940901529657,40.872992235102245,28138200,BAC
2024-11-01,40.360748291015625,41.008300554022675,40.35108498270735,40.73768367884992,31220000,BAC
2024-11-04,39.94516372680664,40.61204267415893,39.732534053645566,40.21578062946343,31110100,BAC
2024-11-05,40.47673034667969,40.602371789807876,39.993483817138696,40.119125260266884,30851400,BAC
2024-11-06,43.88845443725586,44.02376289033834,42.525699223258414,43.29889301721462,110086700,BAC
2024-11-07,43.269893646240234,43.71447955776546,43.018603392332345,43.53084720827765,48339700,BAC
2024-11-08,43.617835998535156,43.97543742438544,43.443866940147736,43.62749930761059,38331800,BAC
2024-11-11,44.5359992980957,44.961254891663586,44.05275279713656,44.072079412722104,43293500,BAC
2024-11-12,44.32337188720703,44.89360293449488,44.304041583771024,44.59398876155435,38155900,BAC
2024-11-13,44.33303451538086,44.92259585706036,44.294377595980265,44.65197898686452,36903900,BAC
2024-11-14,44.36203384399414,44.61332042255198,44.19772810322753,44.41035776061544,35733100,BAC
2024-11-15,45.18355178833008,45.27053631357955,44.091413568393115,44.091413568393115,40488900,BAC
2024-11-18,45.15456008911133,45.4445072899375,44.932267112248645,45.183553703130336,32360300,BAC
2024-11-19,44.854942321777344,45.057904977511384,44.41035640344229,44.44901701030927,28534100,BAC
2024-11-20,44.51667404174805,45.07723812922582,44.3813619091637,45.00958390637296,28021000,BAC
2024-11-21,44.90327072143555,45.47350182559836,44.748631965402176,44.83561649610087,45336500,BAC
2024-11-22,45.425174713134766,45.63780437031652,44.72929851645158,44.81628304103698,37996200,BAC
2024-11-25,45.90842056274414,46.140380520445575,45.5798127733462,45.676460605042706,42718600,BAC
2024-11-26,46.15004348754883,46.23702801018374,45.62813635173934,45.918083531562914,30301500,BAC
2024-11-27,46.169376373291016,46.37233904183101,46.05339823225082,46.21770029148454,23278400,BAC
2024-11-29,45.91808319091797,46.468987621437805,45.90841988264285,46.19836706031544,23262000,BAC
2024-12-02,45.463836669921875,46.21770011410786,45.28020061986115,46.140382582670675,35891500,BAC
2024-12-03,45.25120544433594,45.88909072590669,45.086903391404576,45.78277589783182,38123800,BAC
2024-12-04,44.8162841796875,45.21254620467139,44.584327899485444,45.12556167787597,24941300,BAC
2024-12-05,45.425174713134766,45.657134674322,44.941928173633336,44.99991908564977,31572100,BAC
2024-12-06,45.43489074707031,45.73617157117553,45.094737967747676,45.73617157117553,28931700,BAC
2024-12-09,44.6185188293457,45.43488917893107,44.608801767723534,45.25023534901296,34660900,BAC
2024-12-10,44.46302032470703,44.98783063470599,44.307521385528126,44.61851926388593,35665800,BAC
2024-12-11,44.78374099731445,44.86148861672612,44.190900106327824,44.70598967051547,36790500,BAC
2024-12-12,44.78374099731445,45.1627694469912,44.62823834371649,44.84205078502637,24017300,BAC
2024-12-13,44.385276794433594,44.80318096198611,44.103437466516155,44.79346389856322,32902300,BAC
2024-12-16,44.19090270996094,44.39499439375194,43.88962186194504,44.30752599964329,27330400,BAC
2024-12-17,43.78271484375,43.91877596381843,43.364810713604115,43.91877596381843,33054600,BAC
2024-12-18,42.27631759643555,44.15202577719023,42.130535707975625,43.87018277010768,41771900,BAC
2024-12-19,42.159698486328125,43.22875341630721,42.091667920277885,42.73310161974289,38583600,BAC
2024-12-20,42.92747116088867,43.15100439342152,41.88757116211484,41.984760330039485,74222200,BAC
2024-12-23,42.65534591674805,42.869158363813426,41.576570326390794,42.665066686553246,35374800,BAC
2024-12-24,43.131561279296875,43.170433234320015,42.69421934564834,42.69421934564834,12054400,BAC
2024-12-26,43.29677963256836,43.32593823465177,42.86915844501503,42.96634389892661,16077400,BAC
2024-12-27,43.09268569946289,43.52030686463465,42.82056347684334,42.995500250637974,17972500,BAC
2024-12-30,42.67478561401367,42.89831513326588,42.324912033484104,42.655347780941185,16109800,BAC
2024-12-31,42.71365737915039,42.98577960253729,42.48040711097073,42.801125766294355,16110400,BAC
2025-01-02,43.04409408569336,43.3356541470783,42.567876476434336,42.89831220130723,25610600,BAC
2025-01-03,43.54946517944336,43.58833713428593,42.908031582200856,43.49115168609869,23455700,BAC
2025-01-06,44.12287521362305,44.851777312697955,43.83131140808285,43.889624910668445,30518500,BAC
2025-01-07,44.78374099731445,45.337706224901595,44.36583688423821,44.978111899537275,41111200,BAC
2025-01-08,44.91008377075195,44.95867649893527,44.40471124139298,44.608806631582915,40246000,BAC
2025-01-10,43.841026306152344,44.75458214662464,43.48143569017957,44.70598942133977,40741300,BAC
2025-01-13,43.79243087768555,44.06455308839331,43.43283657652221,43.83130283108161,34353600,BAC
2025-01-14,44.49217987060547,44.62824099319401,43.95765244298439,44.317243082309474,36379000,BAC
2025-01-15,45.775047302246094,46.12492087977358,45.5223628892471,45.79448513515179,57154800,BAC
2025-01-16,45.32798767089844,46.1735130005347,44.531055069192995,45.67786124382034,56339300,BAC
2025-01-17,45.2210807800293,45.56123728531793,44.7837425276956,45.29883210948525,44486100,BAC
2025-01-21,45.3474235534668,45.82364116443998,45.230800269970494,45.30854788983892,52089100,BAC
2025-01-22,44.50189971923828,45.41545560012143,44.4727411168677,45.289111542882154,40296200,BAC
2025-01-23,45.08502197265625,45.570956684510506,44.75458622029985,44.75458622029985,35324100,BAC
2025-01-24,45.211360931396484,45.54179664644634,44.85177032329103,44.92951794056835,24655100,BAC
2025-01-27,45.76532745361328,45.81392017922577,45.07530111070891,45.24051711926883,44260000,BAC
2025-01-28,45.522361755371094,46.10548189846747,45.39601769832481,45.75561203704211,27156600,BAC
2025-01-29,45.43489074707031,46.05688651919584,45.32798452860113,45.43489074707031,23681500,BAC
2025-01-30,45.405738830566406,45.84307708768491,45.09474092411492,45.784767297342434,31199900,BAC
2025-01-31,44.9975471496582,45.51264039168147,44.86148604295334,45.386296346575335,30388900,BAC
2025-02-03,44.91008377075195,45.172488951806855,43.84102892116904,44.14230606033808,36497700,BAC
2025-02-04,45.396018981933594,45.80420605955283,44.968397778730754,45.04614540322783,32894000,BAC
2025-02-05,45.78476333618164,45.80420116707659,45.327983578618216,45.658419289058045,27696600,BAC
2025-02-06,46.39704132080078,46.630287873182894,45.84307241727226,46.105477569242474,39793400,BAC
2025-02-07,46.06660842895508,46.62057365892992,46.04717059717155,46.494229606030665,26504700,BAC
2025-02-10,45.357139587402344,46.22210640027025,45.09473813233133,46.14435507477717,26725200,BAC
2025-02-11,45.47377014160156,45.60983126449684,44.978114671183015,45.24051985421856,20314900,BAC
2025-02-12,44.91008377075195,45.26967811556099,44.64767858969705,45.25995734549182,29777100,BAC
2025-02-13,45.026710510253906,45.25995708715748,44.67683693751104,45.21136435925153,26815400,BAC
2025-02-14,45.63898468017578,45.76532873621899,45.172487827924805,45.172487827924805,25960500,BAC
2025-02-18,45.2210807800293,45.33770777421323,44.86149014976411,45.250239382269,37824100,BAC
2025-02-19,44.7157096862793,44.76430612243226,44.1423065891174,44.58936933296677,38967800,BAC
2025-02-20,44.02568435668945,44.89064755461932,43.772999936603966,44.60880823805141,40001100,BAC
2025-02-21,43.54946517944336,44.22977073152843,43.28706002047317,43.97708634180929,43485900,BAC
2025-02-24,43.20930862426758,44.11314737897951,43.189870793184966,43.76327383426686,35512200,BAC
2025-02-25,42.70393753051758,43.578621420815686,42.13053447074156,43.2773405902936,38119000,BAC
2025-02-26,42.70393753051758,43.29677842200993,42.62618991103959,42.80112668909921,32251700,BAC
2025-02-27,42.87887191772461,43.520305499048874,42.70393514941916,42.8497170254694,28477700,BAC
2025-02-28,44.80317306518555,44.90036221922335,42.95662362711313,43.07324690457134,62621100,BAC
2025-03-03,44.27836990356445,45.63898479933539,43.94793416893384,44.910082770655,46946000,BAC
2025-03-04,41.469661712646484,43.57862004494196,40.84766594691109,43.47171382757108,78278100,BAC
2025-03-05,41.1003532409668,41.52797439470954,40.53666727216365,41.45022677920501,52588900,BAC
2025-03-06,40.293704986572266,40.711609130891894,39.80777027991108,40.420049048372704,58103500,BAC
2025-03-07,40.48930740356445,40.81204630777705,39.71668448716457,40.40128702409125,50651400,BAC
2025-03-10,38.95384216308594,39.726461318504526,38.31813903276094,39.511303301033415,77498400,BAC
2025-03-11,38.738685607910156,39.76558764543257,38.40616455729695,38.82670599574259,50608400,BAC
2025-03-12,39.032081604003906,39.60910325748002,38.337700689199124,39.42328411614433,42290700,BAC
2025-03-13,38.797359466552734,39.30592124154224,38.46484218025802,39.090763216927044,37766100,BAC
2025-03-14,39.99052047729492,40.11766184325563,39.28635750370743,39.37437787540586,35979900,BAC
2025-03-17,40.52842330932617,40.85116593348294,39.697122655053036,40.01986154842625,37242800,BAC
2025-03-18,40.73380661010742,40.909847362860695,40.38172510460088,40.8022664883133,37644500,BAC
2025-03-19,41.2814826965332,41.76070554063747,40.39150061243953,40.80226358321222,42471100,BAC
2025-03-20,41.54554748535156,41.78026973668757,40.733807316497746,40.841384462127145,41018100,BAC
2025-03-21,41.5357666015625,41.72158573004783,40.96852337126509,41.23258448908112,65011000,BAC
2025-03-24,42.1225700378418,42.200812033561185,41.80960951653162,41.98565027611656,30646100,BAC
2025-03-25,42.32795333862305,42.57245400020157,42.09323479274671,42.39641322540231,25445300,BAC
2025-03-26,41.87806701660156,42.758270764486134,41.790046641813106,42.50398802363793,30012100,BAC
2025-03-27,41.6237907409668,42.14213090944869,41.58466974276114,41.8780697677361,25619200,BAC
2025-03-28,40.34260559082031,41.682468053096,40.08832656682299,41.506427293873365,34253000,BAC
2025-03-31,40.81204605102539,40.978308424888205,39.706902122544165,39.88294288038307,36390000,BAC
2025-04-01,40.577327728271484,40.78270736983718,40.06876595097759,40.4110653535871,25578500,BAC
2025-04-02,40.929405212402344,41.04676820452992,39.92206378006775,39.980745276131536,28216100,BAC
2025-04-03,36.4012565612793,37.9856196675259,36.20565530266996,37.78024002483876,115497900,BAC
2025-04-04,33.633506774902344,35.00271182407996,32.92934375180716,34.51371055377133,107761200,BAC
2025-04-07,34.79732894897461,35.824230774940176,32.8022030563206,34.200746857768756,137329100,BAC
2025-04-08,34.259429931640625,36.5088388993859,33.574831095318686,36.04917648289787,79116300,BAC
2025-04-09,36.332794189453125,37.01739295147503,32.34254221821058,33.3009842158247,161173500,BAC
2025-04-10,35.06138610839844,35.59929043696901,33.868225664218954,35.52104845071029,90451800,BAC
2025-04-11,35.15919494628906,35.43303448612491,34.04427255606148,34.42569298105682,63671900,BAC
2025-04-14,35.86335372924805,36.17631799512272,35.47215492577646,35.68731669269534,46830600,BAC
2025-04-15,37.154319763183594,37.89760008458807,36.96849688474464,36.96849688474464,84677800,BAC
2025-04-16,36.50883865356445,37.320578867216504,36.15675712252161,37.02717883494207,52872700,BAC
2025-04-17,36.587074279785156,37.036954545513055,36.420815641453196,36.684873039888245,47144400,BAC
2025-04-21,36.107852935791016,36.45993445637741,35.68731526485028,36.25455481296325,34928300,BAC
2025-04-22,37.47705841064453,37.64332078855783,36.577297831577866,36.74355647870741,42288900,BAC
2025-04-23,37.89759826660156,39.24724281077994,37.81935627295245,38.54307979107234,54428400,BAC
2025-04-24,38.70934295654297,38.82670221864138,37.750897168590996,37.809578665032035,42457100,BAC
2025-04-25,38.81692123413086,38.91472373104712,38.455061322500164,38.67022308493215,32694200,BAC
2025-04-28,38.904937744140625,39.19834147490605,38.591977246722024,38.92449824157722,37428000,BAC
2025-04-29,39.11032485961914,39.257023008313446,38.611541454020696,38.75824333349877,33792500,BAC
2025-04-30,39.002742767333984,39.120102028800964,37.96605872048864,38.49418099326553,40994600,BAC
2025-05-01,39.28636169433594,39.550422837598326,38.709343755942704,38.94406228498677,33569100,BAC
2025-05-02,40.16656494140625,40.32304520216709,39.80470503791876,40.01008468064541,41613000,BAC
2025-05-05,40.21546173095703,40.57732534190136,39.726460481254016,39.951400608423384,32829200,BAC
2025-05-06,39.941627502441406,40.36216893121461,39.66778796027614,39.75580834608411,29541800,BAC
2025-05-07,40.02964401245117,40.43062490213347,39.96118413353836,40.13722488810947,30925900,BAC
2025-05-08,40.68490219116211,41.22280654660404,40.34260281113855,40.381723806222226,41861700,BAC
2025-05-09,40.8707275390625,41.056546680840356,40.77292504540285,40.81204604286671,27222800,BAC
2025-05-12,42.40618896484375,42.99298897208643,41.99542597514711,42.36706796948531,44875100,BAC
2025-05-13,43.30595397949219,43.51133736110295,42.464871145686125,42.464871145686125,43232500,BAC
2025-05-14,43.75583267211914,43.93186968650167,43.15925056136612,43.21792832256583,42419500,BAC
2025-05-15,43.403751373291016,43.99055137257754,43.04188776730703,43.61890938327826,47379400,BAC
2025-05-16,43.706932067871094,43.80473456011381,42.69959064786457,43.36463267198061,49488100,BAC
2025-05-19,43.78517150878906,44.14703138203,43.1396900207561,43.1396900207561,37915700,BAC
2025-05-20,43.706932067871094,43.92209382002146,43.43309255115871,43.609133306411984,33424300,BAC
2025-05-21,42.29861068725586,43.511335502261886,42.20081192364504,43.39397250898848,55594100,BAC
2025-05-22,42.35729217529297,42.61157119909968,42.014989041157236,42.23015079799777,29026200,BAC
2025-05-23,42.24971008300781,42.47465021743128,41.418405693233886,41.54554706687622,34875100,BAC
2025-05-27,43.247276306152344,43.247276306152344,42.34751197122576,42.826734888325326,36322000,BAC
2025-05-28,43.09079360961914,43.46243189170921,42.992991116345195,43.2374917533546,35673800,BAC
2025-05-29,43.2668342590332,43.48199228213305,42.934313244296746,43.39397190379741,28545100,BAC
2025-05-30,43.15925598144531,43.325514633434985,42.758275062829426,43.21793375001397,66537500,BAC
2025-06-02,43.110355377197266,43.17881525911228,42.40619232803287,42.91475411567563,28582600,BAC
2025-06-03,43.667816162109375,43.74605442755724,42.97343150329706,43.04189138460784,31320200,BAC
2025-06-04,43.384193420410156,44.0981348293695,43.3646329218489,43.61891194157791,30591700,BAC
2025-06-05,43.403751373291016,43.59935261664766,43.04188776730703,43.47221124884833,32020900,BAC
2025-06-06,44.239952087402344,44.43670225790907,43.91530755108214,43.96449509370882,37013000,BAC
2025-06-09,44.14157485961914,44.662973338235105,44.05303577855371,44.37768032671662,32414000,BAC
2025-06-10,44.35800552368164,44.46622037542417,44.02352496046344,44.07271250595482,32229100,BAC
2025-06-11,44.003849029541016,44.672810153512025,43.82677086420933,44.466220211548105,47873500,BAC
2025-06-12,43.895633697509766,43.92514922658793,43.305375654713984,43.679207749961506,30165400,BAC
2025-06-13,43.37424087524414,43.73823322588175,42.9512212166237,43.28570178965453,43281700,BAC
2025-06-16,43.68904113769531,44.161248294166626,43.63001383584806,43.91530683228976,34103600,BAC
2025-06-17,43.511966705322266,43.944822364239165,43.34472829827569,43.551318243251764,27489600,BAC
2025-06-18,44.3284912109375,44.466217831541776,43.49228797434605,43.541475517023436,37684700,BAC
2025-06-20,44.761348724365234,44.90891511137738,44.53508301631062,44.57443455321641,64591600,BAC
2025-06-23,45.548362731933594,45.61722604820825,44.37768260249511,44.662975628644006,42683600,BAC
2025-06-24,45.90251541137695,46.42391012235519,45.81397633283641,45.9910544899175,45437600,BAC
2025-06-25,46.08943176269531,46.21732238282595,45.70576365507257,45.82381826724046,33532400,BAC
2025-06-26,46.68952941894531,46.80758403072319,46.13862290839178,46.18781045358133,40127000,BAC
2025-06-27,46.35505294799805,46.89612349836362,46.14846298831165,46.67969752987908,56705000,BAC
2025-06-30,46.55180358886719,46.846932617829964,46.26651056800317,46.846932617829964,47921200,BAC
2025-07-01,47.36833190917969,47.6339454127693,46.1779722596967,46.25667533688568,48540900,BAC
2025-07-02,47.91923904418945,47.93891481373542,47.27979342140729,47.574922459058236,48003600,BAC
2025-07-03,48.13566970825195,48.50950183147887,48.01761884141112,48.15534547818699,21620300,BAC
2025-07-07,47.87004852294922,48.41111901715872,47.58475551140943,47.94875159624396,35567900,BAC
2025-07-08,46.38456344604492,47.01417301834333,46.00089159470458,46.72888000815528,88086500,BAC
2025-07-09,46.07959747314453,46.679695306018246,45.95170684824457,46.39440227846036,46227900,BAC
2025-07-10,46.20748519897461,46.45342667224526,46.020567277516726,46.138621886680355,44225000,BAC
2025-07-11,45.971378326416016,46.050081396782986,45.499171162521044,45.882839248637644,31653000,BAC
2025-07-14,46.30585861206055,46.30585861206055,45.79429991583096,46.05008114033022,36381200,BAC
2025-07-15,45.40079879760742,46.2468343381305,45.20404486267006,46.11894747027501,55145000,BAC
2025-07-16,45.282745361328125,45.80414386537229,44.27930364457264,45.4991750706585,61296600,BAC
2025-07-17,46.25667190551758,46.45342583112534,44.7023200212622,44.899073946869954,56480700,BAC
2025-07-18,46.55180358886719,46.61083089576743,46.13862369887313,46.24683479903643,48314200,BAC
2025-07-21,46.709205627441406,47.26011589595207,46.43375236957066,46.76823293388622,32199700,BAC
2025-07-22,46.99449920654297,47.388003329226926,46.68953041542829,46.82725704600614,34749400,BAC
2025-07-23,47.358489990234375,47.525732145255844,47.03384919354544,47.230599372014325,31380100,BAC
2025-07-24,47.60443115234375,48.20452894991844,47.42735299067355,47.70280999369891,42967600,BAC
2025-07-25,47.66345977783203,47.76183486914392,47.16173705494152,47.60443247138339,24461200,BAC
2025-07-28,47.44702911376953,47.75199789509756,47.29946647978689,47.663458813600336,20590400,BAC
2025-07-29,47.17157745361328,47.72248397684021,47.11255014636644,47.604433115115754,26216500,BAC
2025-07-30,47.18141174316406,47.712646230727465,46.964985796680864,47.47654076310959,32265900,BAC
2025-07-31,46.50261306762695,47.25027347668244,46.42390999679534,46.98465624177919,40016300,BAC
2025-08-01,44.91875076293945,45.65657518660979,44.58427020743147,45.607387642252256,52310400,BAC
2025-08-04,45.10566711425781,45.36144836171907,44.89907716630244,45.21388196873994,31038900,BAC
2025-08-05,44.820377349853516,45.25323301025907,44.023525591502036,45.20404546406264,36798300,BAC
2025-08-06,44.682647705078125,45.19420645006768,44.653135927426376,44.96794073160929,27916800,BAC
2025-08-07,44.19076156616211,45.017125056181435,44.05303494328706,44.96793751269306,30609900,BAC
2025-08-08,45.26306915283203,45.54836217549566,44.24979143765272,44.41703359854042,37131600,BAC
2025-08-11,45.41063690185547,45.764793250537465,45.06632031439761,45.312261806230175,35559400,BAC
2025-08-12,46.728885650634766,46.88628806271559,45.607392995462654,45.7254438663309,35481200,BAC
2025-08-13,46.473106384277344,46.9846613896555,46.22716489013541,46.90596206297016,29465100,BAC
2025-08-14,46.93547058105469,46.95514634955161,46.12878283652648,46.325536768726586,21073800,BAC
2025-08-15,46.17797088623047,47.043685945713975,46.138623101575575,46.97482263160645,26276900,BAC
2025-08-18,47.142059326171875,47.260113934160984,46.03040658004212,46.15829344287678,43125100,BAC
2025-08-19,47.299468994140625,47.338816780299524,46.8567735631216,47.04368774387661,33783400,BAC
2025-08-20,47.56507873535156,47.71264511826824,47.092871563894796,47.38800057695915,30822200,BAC
2025-08-21,47.47654342651367,47.70281289902688,47.0338517481452,47.48638318763301,28713200,BAC
2025-08-22,48.676734924316406,48.85381308160011,47.6732932839651,47.732320587315996,45078900,BAC
2025-08-25,48.676734924316406,48.85381308160011,48.41111768839086,48.588195845674555,34715700,BAC
2025-08-26,49.43423843383789,49.444074442009246,48.450472494856044,48.450472494856044,40609300,BAC
2025-08-27,49.562129974365234,49.808071463664504,49.17846185150145,49.21780963768467,42428200,BAC
2025-08-28,49.67034149169922,49.81790412369934,49.46374780246855,49.729365043391645,32949400,BAC
2025-08-29,49.91628646850586,50.09336088878252,49.69001699523764,49.69001699523764,32496500,BAC
2025-09-02,49.60147476196289,49.6506660590644,48.863650338669174,49.404724584633165,52719800,BAC
2025-09-03,49.24732208251953,49.74904103803459,48.8931657596764,49.58180263711927,38344200,BAC
2025-09-04,49.7982292175293,50.004822910335996,49.306346263476506,49.42440087444294,34796900,BAC
2025-09-05,49.23436737060547,50.24339041247463,48.70017803544364,49.897154906954405,40063300,BAC
2025-09-08,48.92770004272461,49.37285780163389,48.353944088519185,49.26404104127354,48033100,BAC
2025-09-09,49.7487678527832,50.01586250080264,48.92769870068908,48.96726911676068,40060100,BAC
2025-09-10,49.590492248535156,50.0851111513071,49.432214350593846,49.82790720862575,31706300,BAC
2025-09-11,50.203819274902344,50.41155831105525,49.452000193454424,49.600383602002445,28055200,BAC
2025-09-12,50.035648345947266,50.381880056875936,49.916937096220906,50.15435582203101,27851100,BAC
2025-09-15,50.0455436706543,50.54016260245612,49.91694169176579,50.30274385478834,29043600,BAC
2025-09-16,50.11478805541992,50.3324215844503,49.66963027951361,50.095002846086,31624400,BAC
2025-09-17,50.846824645996094,51.074348888127915,50.243388981643434,50.31263532604691,38337900,BAC
2025-09-18,51.5689697265625,51.62832158191247,50.747900506887575,50.93585811187686,35246900,BAC
2025-09-19,51.68767547607422,52.09326282647187,51.202947289675684,51.58875320471587,98970700,BAC
2025-09-22,51.36122512817383,51.78659768707593,51.20294722999929,51.20294722999929,27468000,BAC
2025-09-23,51.14359664916992,52.31089759236581,50.96553353758798,51.440367243925536,28278200,BAC
2025-09-24,51.14359664916992,51.68767670182903,50.90617790917972,51.291980059726306,27010400,BAC
2025-09-25,51.29197692871094,51.76681437970585,50.886389593453195,50.92596000997654,22957900,BAC
2025-09-26,51.64810562133789,52.05369297615879,51.420581375818145,51.54918334890072,20025800,BAC
2025-09-29,51.8558464050293,51.98444838244537,51.5491850859548,51.79649454902413,23701000,BAC
2025-09-30,51.03478240966797,52.004235079791606,50.47091711963323,51.915203519594385,29945000,BAC
2025-10-01,50.13457489013672,51.12381274704764,50.01586740392743,50.74790130480146,27709100,BAC
2025-10-02,49.93672561645508,50.302742559946765,49.531138253763515,50.104898011233125,22757200,BAC
2025-10-03,50.095001220703125,50.5797293995498,50.00596966841058,50.07521601201115,24565700,BAC
2025-10-06,49.847694396972656,50.767685894551775,49.35307547455992,50.38188373885271,25386300,BAC
2025-10-07,49.7487678527832,50.362094207322706,49.59048996213937,50.00596800996345,24107300,BAC
2025-10-08,49.303611755371094,49.96639926535014,49.24425612927815,49.857586277977134,24014200,BAC
2025-10-09,49.254150390625,49.73887479370616,49.13543913899302,49.461889420516925,21816900,BAC
2025-10-10,48.12642288208008,49.600385164425,48.02749683295574,49.39264612172827,31831900,BAC
2025-10-13,48.33415985107422,48.86834917249833,48.28469871545556,48.67050085638094,34462800,BAC
2025-10-14,49.550926208496094,49.95651359365729,48.0077137369924,48.32426956084294,42462600,BAC
2025-10-15,51.71735382080078,52.281219095920996,50.67865482840265,51.01499584984654,69992200,BAC
2025-10-16,49.897151947021484,52.1921832801189,49.461888685103915,52.03390538727227,49027700,BAC
2025-10-17,50.72811508178711,51.21284328239635,49.788342155403335,50.40166855781997,48915400,BAC
2025-10-20,51.47993850708008,51.71735347732078,50.817147186735376,50.88639353419249,25786000,BAC
2025-10-21,50.96553421020508,51.80638486871691,50.886393371282935,51.52939947977521,27303400,BAC
2025-10-22,50.550052642822266,51.02489013179035,49.8971558125448,50.94574929241469,34955000,BAC
2025-10-23,51.202945709228516,51.242516126007565,50.559943417960845,50.92596033906045,26028800,BAC
2025-10-24,52.004234313964844,52.251543780465965,51.29198184287585,51.29198184287585,38923900,BAC
2025-10-27,52.44939041137695,52.49885154834825,51.96466221231539,52.231756880331815,27345800,BAC
2025-10-28,52.301002502441406,52.70658985781714,51.77670766525011,52.429604475699904,29575200,BAC
2025-10-29,52.01412582397461,52.439494610219256,51.75692188031848,52.09326288642381,29158800,BAC
2025-10-30,52.45927810668945,52.864865444313324,51.99433891757694,52.103151903187005,37548600,BAC
2025-10-31,52.87476348876953,53.06271732051941,52.20208145331125,52.22186666301801,39295700,BAC
2025-11-03,52.98358154296875,53.062718610076125,52.14272709138959,52.68680716379787,31252300,BAC
2025-11-04,52.96379470825195,53.41884320768012,52.152619983656386,52.44939058008159,47226600,BAC
2025-11-05,51.88552474975586,52.49885114550797,51.183166798681434,52.39003438082039,54353600,BAC
2025-11-06,52.71648406982422,53.171532559074116,52.20207995315976,52.84508226875824,55296000,BAC
2025-11-07,52.6274528503418,53.0033642790733,52.14272465747936,52.57799171400305,40537700,BAC
2025-11-10,52.84508514404297,53.40895420105422,52.76594807682719,52.835194425757116,26094600,BAC
2025-11-11,53.052825927734375,53.39905765909189,52.70659042273401,53.171533410822256,22244300,BAC
2025-11-12,53.52765655517578,54.101412501804326,53.191315561068485,53.31002303732911,40536700,BAC
2025-11-13,52.301002502441406,53.62658133258406,52.202080229868905,53.21110325940819,37716100,BAC
2025-11-14,52.043800354003906,52.33068021667423,51.47004062866325,52.29110979969018,32363100,BAC
2025-11-17,50.92596435546875,52.01412826085764,50.83693279751551,52.01412826085764,35546800,BAC
2025-11-18,51.0842399597168,51.61842928336724,50.599515545533926,50.728113743949834,35189500,BAC
2025-11-19,51.46015167236328,51.92509465373092,51.113916172367645,51.113916172367645,28112300,BAC
2025-11-20,50.45112609863281,52.38014049830906,50.42145017319925,51.9349827485926,36661600,BAC
2025-11-21,51.005104064941406,51.22273382228192,50.15435892416224,50.738009397000766,43867200,BAC
2025-11-24,51.37112045288086,51.67778553653779,50.84682561423003,51.09413506999255,52852100,BAC
2025-11-25,51.915199279785156,52.310895909155526,51.301872900539536,51.68767503867215,41310100,BAC
2025-11-26,52.41971206665039,52.67691223122637,51.984445024631945,52.132832202345995,32045600,BAC
2025-11-28,53.07261276245117,53.35948887422843,52.47906778154971,52.538423411732744,18920800,BAC
2025-12-01,52.667022705078125,53.319919509231696,52.63734300467835,52.924222875472,30536500,BAC
2025-12-02,52.617557525634766,53.06271529291954,52.39992777446213,52.95389853051185,46073500,BAC
2025-12-03,53.507877349853516,53.65626454205868,52.60767102546173,52.67691737551932,37134400,BAC
2025-12-04,53.57712173461914,54.10141658686414,53.41884382977294,53.62658287232553,38529600,BAC
2025-12-05,53.646728515625,54.521782783039725,53.43790991110381,53.62684048758677,33986500,BAC
2025-12-08,53.597007751464844,53.90526268802375,53.18931267952138,53.597007751464844,34386600,BAC
2025-12-09,53.23903274536133,53.97487080712905,52.970550060147666,53.666615859599375,47189300,BAC
2025-12-10,53.775997161865234,54.24335253012895,53.04015531989705,53.28874997291621,54424400,BAC
2025-12-11,54.253299713134766,54.34279394205114,53.44785165288745,53.646728138618656,35686900,BAC
2025-12-12,54.83003616333008,54.989136589823374,54.04447614797107,54.47205925540681,40539400,BAC
2025-12-15,55.01897048950195,55.7548085390532,54.76042992584626,55.09851880606676,32881300,BAC
2025-12-16,54.50189208984375,55.03885364760446,54.38256392744954,54.83003505329456,32931900,BAC
2025-12-17,54.24335479736328,55.25762147926561,54.15386056680562,54.8101503264773,35304100,BAC
2025-12-18,53.95498275756836,54.83998292399107,53.467739353426225,54.49194812777897,87452700,BAC
2025-12-19,54.95930862426758,54.99908468078129,54.074312229732044,54.21352463427648,73001900,BAC
2025-12-22,55.565879821777344,55.79458645525413,55.02891444235176,55.05874458790202,33408800,BAC
2025-12-23,55.655372619628906,55.90396727482717,55.49627219203215,55.49627219203215,22274600,BAC
2025-12-24,55.93379592895508,56.18239057752821,55.575819028089235,55.8144715597509,13634400,BAC
2025-12-26,55.854244232177734,56.23210916290389,55.7150318348716,55.96362648527636,15259400,BAC
2025-12-29,55.038856506347656,55.9337988045214,54.95930818720638,55.79458640108404,21040100,BAC
2025-12-30,54.9692497253418,55.327226640838795,54.859867468578436,55.178072121550684,17427600,BAC
2025-12-31,54.69082260131836,55.108459789512295,54.621216403286034,55.00902344753849,16293000,BAC
