Date,open,high,low,close,volume
2005-01-03,28.979507475098004,29.159620713991984,28.68139023618308,28.85529136657715,10238100.0
2005-01-04,28.824220650074423,29.02296535685951,28.408099660625584,28.45778465270996,10264100.0
2005-01-05,28.34599071024976,28.53231357835937,28.10377074478488,28.12861442565918,14796100.0
2005-01-06,28.209353898881396,28.33978204378004,27.942292611690966,28.085140228271484,14602200.0
2005-01-07,28.134823555012883,28.172089075521328,27.77459966699296,27.78080940246582,10547200.0
2005-01-10,27.81186341757141,28.159667842140145,27.80565368196474,28.12861442565918,11488600.0
2005-01-11,28.04167877784836,28.215579897712825,27.92367241574741,28.06031036376953,8900700.0
2005-01-12,28.060309426362373,28.159681829997357,27.78703590867242,27.985780715942383,9709300.0
2005-01-13,28.01062547446332,28.04168127940247,27.575872636018545,27.63797950744629,12200500.0
2005-01-14,27.855346208036547,27.954718589185436,27.700076714414884,27.880189895629883,11224200.0
2005-01-18,27.973361965929424,28.5571746057587,27.7684050280549,28.401905059814453,15553300.0
2005-01-19,28.103781234794653,28.184522043161508,27.89882434491526,27.929880142211918,10838600.0
2005-01-20,27.905039990863923,28.30252960673225,27.892618144214914,28.14105033874512,11086700.0
2005-01-21,28.11000532467556,28.25906517244013,27.96094784613689,28.00442314147949,8258900.0
2005-01-24,28.041664969713235,28.345991779620977,28.0354528646484,28.085140228271484,7088400.0
2005-01-25,28.09136623036583,28.50748984938112,28.09136623036583,28.31495475769043,7370000.0
2005-01-26,28.401900768847824,28.519904753016288,28.277684677013976,28.42674446105957,7771400.0
2005-01-27,28.296305759259823,28.4329412658214,28.16587761909021,28.277671813964844,5700200.0
2005-01-28,28.215571304383623,28.420525794770832,28.203149461144346,28.383262634277344,6836900.0
2005-01-31,28.538533458225693,28.836650602264847,28.507480033284534,28.79938507080078,10799200.0
2005-02-01,28.793173811654555,29.06644725360728,28.77454223151951,28.991918563842773,8110400.0
2005-02-02,28.849069144437117,29.035392041984693,28.81801572304988,29.02297019958496,7091700.0
2005-02-03,28.849080930411663,28.942241232632977,28.71865508576673,28.81802749633789,7452400.0
2005-02-04,28.755920182077865,29.12856852356021,28.755920182077865,29.12235641479492,7539900.0
2005-02-07,28.991938124478185,29.09752030877801,28.886353570952423,28.96709442138672,7041700.0
2005-02-08,28.91118973205585,29.147200111405475,28.91118973205585,29.12235641479492,4591400.0
2005-02-09,29.10372286329173,29.178251578869546,28.836659065810636,28.84286880493164,5396800.0
2005-02-10,28.97329849578188,29.190674914476165,28.94224269091817,29.147199630737305,6027900.0
2005-02-11,29.14719737736793,29.234147938123503,28.960874408716705,29.07887840270996,7038700.0
2005-02-14,29.12235593453645,29.24657204631545,29.06645880269717,29.147199630737305,5887300.0
2005-02-15,29.066442779860047,29.234134082938297,29.04159909735424,29.227924346923828,5792600.0
2005-02-16,29.047822952270508,29.1285637684616,28.88013158136206,29.047822952270508,6073000.0
2005-02-17,29.03541592747994,29.190685531370207,28.78077387186895,28.793195724487305,9197800.0
2005-02-18,28.78696913237446,28.793181240171723,28.35221635556358,28.408113479614254,11250300.0
2005-02-22,28.29010548654346,28.401899728175184,28.047885419416325,28.072729110717773,12081600.0
2005-02-23,28.290110797196576,28.5571746057587,28.18452864318261,28.401905059814453,7740000.0
2005-02-24,28.35221513377268,28.81802369104677,28.333581180408828,28.69380760192871,9387700.0
2005-02-25,28.631707615966608,29.184469272529448,28.50749385597331,29.060253143310547,8157100.0
2005-02-28,28.911182171809845,29.12856090646989,28.77454661463249,28.973291397094727,10043400.0
2005-03-01,28.973277568328005,29.31486985206853,28.96706546415217,29.24034118652344,10527200.0
2005-03-02,29.09611202981093,29.35948085252816,29.07729826241156,29.202713012695312,9691700.0
2005-03-03,29.177647083068745,29.309333965491955,28.757510168547984,29.052234649658203,9103300.0
2005-03-04,29.221532830391087,29.40965620621109,29.15882663317648,29.33440589904785,8889400.0
2005-03-07,29.284252313445563,29.403395089309704,29.12748437000323,29.140026092529297,7653200.0
2005-03-08,29.00207116999969,29.13375567580533,28.81395010569319,29.00834083557129,7804800.0
2005-03-09,28.939363565173625,28.97071667571394,28.550577339788948,28.65718078613281,10203500.0
2005-03-10,28.719880257810555,28.983251587050603,28.56938440574919,28.75750541687012,8026800.0
2005-03-11,28.776322541262456,28.908007036109456,28.563118048233967,28.701074600219727,7595000.0
2005-03-14,28.67598623365806,28.75123416178461,28.387533849099214,28.719881057739254,9219900.0
2005-03-15,28.657172255723108,28.97070805197372,28.544299177705827,28.556840896606445,7143800.0
2005-03-16,28.34363737168389,28.38126013750831,27.99874846312598,28.09280776977539,12799200.0
2005-03-17,28.15550388353753,28.31854137803343,28.030089138185986,28.08025360107422,7583800.0
2005-03-18,28.1429783492214,28.30601593744778,27.87333732892922,28.18060111999512,19222100.0
2005-03-21,27.992470758391747,28.04890728782753,27.547250577336044,27.779266357421875,10031000.0
2005-03-22,27.854522173219287,27.923500439009658,27.21491118082701,27.377948760986328,12770500.0
2005-03-23,27.28390013641187,27.729123049415936,27.22746356389528,27.5786247253418,16983100.0
2005-03-24,27.7479269191197,27.92350625619026,27.43439102172852,27.43439102172852,10748400.0
2005-03-28,27.609970248345203,28.055193038847253,27.57234747174577,27.77301025390625,12028800.0
2005-03-29,27.779277971019447,27.89215107707953,27.4657420968723,27.522178649902344,11567100.0
2005-03-30,27.465745975590576,27.716575667166065,27.359144911528983,27.603702545166016,12252600.0
2005-03-31,27.653869628906254,27.904699343889348,27.503373713587948,27.65386962890625,12242400.0
2005-04-01,27.85453054676662,28.01757056802712,27.415582163579007,27.597431182861328,11748100.0
2005-04-04,27.52844687196929,27.73537927619245,27.28388691484948,27.691484451293945,12265300.0
2005-04-05,27.81063785126377,27.97367788508654,27.68522538474098,27.78555679321289,8477100.0
2005-04-06,27.942312827789145,28.161786942505003,27.84198146219212,27.96739387512207,8186000.0
2005-04-07,28.12416500044331,28.299746704388895,28.061458786805485,28.11162567138672,8529100.0
2005-04-08,28.28093567428132,28.33110256373655,27.98621357104316,28.017566680908203,6728400.0
2005-04-11,28.186877088564813,28.32483125402954,28.09908742179025,28.2056884765625,6809600.0
2005-04-12,28.15551634949901,28.71987936532388,27.99874844642181,28.544300079345703,10269300.0
2005-04-13,28.46278597198138,28.66972079493741,28.130438714361045,28.287206649780277,8569000.0
2005-04-14,28.23077117691504,28.28093567428132,27.998755293406965,28.017566680908203,9956000.0
2005-04-15,27.88586682625716,28.205672198092152,27.59741215493206,27.766721725463867,13423000.0
2005-04-18,27.99246599177103,28.18685898052325,27.835698146931733,28.04890251159668,16980700.0
2005-04-19,28.092823085254736,28.28094419320068,28.05520029891935,28.17434310913086,9657400.0
2005-04-20,28.174330827992037,28.180600492285105,27.653860184387785,27.73538017272949,11100500.0
2005-04-21,27.84199402833487,27.967406497868204,27.258816955064688,27.83572196960449,12941300.0
2005-04-22,27.76047110943051,28.030112196519887,27.497099688327022,27.823177337646484,8948300.0
2005-04-25,28.042647401131884,28.161790163879232,27.747922934438943,28.11162567138672,8189300.0
2005-04-26,27.99875249434402,28.224496298057883,27.936043888794025,27.973669052124023,7244800.0
2005-04-27,27.773005070802235,28.211955721893037,27.71656852434644,28.13670539855957,9465300.0
2005-04-28,28.005043809187093,28.230790179511224,27.923523754994367,28.023855209350582,7992700.0
2005-04-29,28.13044352621416,28.255858374420157,27.816907601743807,28.243316650390625,10723600.0
2005-05-02,28.11162341804159,28.46278201360749,28.099081697901585,28.43142890930176,7910400.0
2005-05-03,28.406344567336813,28.67598556156646,28.287201817921478,28.4439697265625,9886800.0
2005-05-04,28.594479690027917,28.832767698536877,28.33738028866733,28.82649803161621,9779100.0
2005-05-05,28.732413140122613,28.939347863169573,28.462772230018352,28.751224517822266,8165200.0
2005-05-06,28.80768168728352,28.813953745736576,28.44398123595685,28.525501251220703,7758100.0
2005-05-09,28.47532450018836,28.682259299935424,28.43769933875564,28.675987243652344,5546400.0
2005-05-10,28.425174588731284,28.66346022374849,28.33111283295251,28.456527709960938,7526600.0
2005-05-11,28.462787577409443,28.682264134629136,28.3060196331478,28.63209724426269,7620400.0
2005-05-12,28.531760278333238,28.77004817681619,28.387534084856014,28.43142890930176,9033300.0
2005-05-13,28.53174795037157,28.55683137981356,28.04890269800709,28.299732208251957,9838500.0
2005-05-16,28.29973470841675,28.788849665309268,28.29973470841675,28.751224517822266,7024300.0
2005-05-17,28.569389838247613,28.97071537617496,28.494139505819565,28.933090209960938,6908200.0
2005-05-18,28.989525891175592,29.31560347895473,28.97071450467891,29.25289726257324,8961400.0
2005-05-19,29.064786176900785,29.30934626569869,28.95191302579093,29.12749481201172,6709900.0
2005-05-20,29.15881820890911,29.24660781648152,29.002050369076265,29.202713012695312,7617800.0
2005-05-23,29.158836252621636,29.315604189463684,29.140024865669027,29.190189361572266,5728600.0
2005-05-24,29.158835447662614,29.30933371539544,29.0334206232334,29.227813720703125,6375100.0
2005-05-25,29.071044899938943,29.22154077098463,29.03341973613315,29.183917999267575,6931900.0
2005-05-26,29.303055711416008,29.346950532244374,29.158829529824462,29.29051399230957,6935700.0
2005-05-27,29.190188654102936,29.28425037076399,29.083587607836645,29.25289726257324,5211400.0
2005-05-31,29.19646347720096,29.25290003412689,29.04596519470215,29.04596519470215,9095400.0
2005-06-01,29.109283130699705,29.571535965069184,29.064957681894125,29.311914443969727,9146100.0
2005-06-02,29.27392830722834,29.27392830722834,29.115622398743074,29.242267608642575,6693200.0
2005-06-03,29.01429932149403,29.13461091168878,28.9446443530186,28.988969802856445,6426700.0
2005-06-06,28.96363340914892,29.096609716007837,28.849653027396972,29.06494903564453,4520100.0
2005-06-07,29.109280127513703,29.29291307552476,29.01429565241221,29.03962516784668,6265100.0
2005-06-08,29.12827735965117,29.2549225269347,29.014296950651563,29.071287155151367,5255900.0
2005-06-09,29.020627577614853,29.2612507138,28.925643107951228,29.185264587402344,6333700.0
2005-06-10,29.18526320624401,29.235919816260044,28.97629834909521,29.128273010253903,5106400.0
2005-06-13,28.99529843973125,29.248586336193995,28.893982798035065,29.07761573791504,5765400.0
2005-06-14,29.02696181853852,29.166271744631985,28.982636372155262,29.109281539916992,5093400.0
2005-06-15,29.223251188677704,29.52719803005228,29.08394131388132,29.50819969177246,10128700.0
2005-06-16,29.49553910736464,29.57152521833747,29.35622922428536,29.400554656982425,6729200.0
2005-06-17,29.68551541348664,29.68551541348664,29.375234866401637,29.533540725708008,13876500.0
2005-06-20,29.39423591413181,29.68552058179108,29.31824976479102,29.57787132263184,8135700.0
2005-06-21,29.577856619899933,29.92612891477649,29.577856619899933,29.812150955200195,12812100.0
2005-06-22,29.799508364382465,30.0401316325768,29.786843600442225,29.80583953857422,10628100.0
2005-06-23,29.761489934028653,29.875470301488463,29.43221358531751,29.50819969177246,10607300.0
2005-06-24,29.476544324445435,29.824816658609496,29.36256393645644,29.60318946838379,12332000.0
2005-06-27,29.603213444554772,29.698197983327013,29.349922951533586,29.3815860748291,9136800.0
2005-06-28,29.53987176143172,29.698177607065208,29.41955777279474,29.552534103393555,8160400.0
2005-06-29,29.6032016906322,29.81216662673893,29.59053692945395,29.704517364501957,9222600.0
2005-06-30,29.44489914094457,29.44489914094457,28.862334553967187,28.881330490112305,42051300.0
2005-07-01,28.88132475347437,29.05862656376232,28.2164405493386,28.482393264770508,34938900.0
2005-07-05,28.558365588210947,28.60902460409311,28.2480875703746,28.564699172973636,25842200.0
2005-07-06,28.590035219130773,28.62169590352015,28.305084228515625,28.305084228515625,22795900.0
2005-07-07,28.273433036436813,28.36841512149352,28.051803340192123,28.292428970336918,17265100.0
2005-07-08,28.33675930874815,28.634375207427084,28.222778854596925,28.590049743652344,15123800.0
2005-07-11,28.672358062949098,28.799003240565245,28.49505626362,28.602703094482425,15516700.0
2005-07-12,28.60271094876554,28.8560013735512,28.53938955034738,28.69136428833008,14704800.0
2005-07-13,28.96364715966317,29.00163902791377,28.75468222205998,28.96997833251953,14116900.0
2005-07-14,29.001633408053983,29.09661789138709,28.944643201165277,29.007966995239254,13844700.0
2005-07-15,29.014305884859212,29.15994702663723,28.988976360491804,29.11562156677246,13909400.0
2005-07-18,28.678693597906904,28.868660169453506,28.545717239379883,28.545717239379883,19272500.0
2005-07-19,28.672374455695,28.72936469742728,28.2354508794523,28.381092071533203,18397300.0
2005-07-20,28.38742381320752,28.48240593286861,28.229117864881957,28.40641975402832,13133300.0
2005-07-21,28.431727269894917,28.469719122118214,28.241758346557617,28.241758346557617,11957200.0
2005-07-22,28.32408024983521,28.400066375732425,28.184770339394163,28.400066375732425,8088100.0
2005-07-25,28.444416586271814,28.539401138021542,28.279779434204105,28.2797794342041,10232800.0
2005-07-26,28.222785892781687,28.330435199906315,28.127801352116265,28.19745635986328,15081700.0
2005-07-27,28.09611556580415,28.17210409673377,27.830162954215652,27.95680809020996,23059100.0
2005-07-28,27.93782285544732,28.03280735588944,27.82384242113926,27.868167877197266,12103900.0
2005-07-29,27.86182798549505,27.98847314126748,27.608537673950195,27.608537673950195,13126200.0
2005-08-01,27.71619083976238,27.766847459935462,27.59587925324,27.64653587341309,12298400.0
2005-08-02,27.741508561458627,27.89348077291245,27.678184793723908,27.82382583618164,10597200.0
2005-08-03,27.79851320375066,27.874499349000978,27.640207325404827,27.722524642944336,12631900.0
2005-08-04,27.7225194904746,27.735184248255127,27.55154888377074,27.678194046020508,11410100.0
2005-08-05,27.621211062892204,27.659205346164025,27.317264043386203,27.386919021606445,12698500.0
2005-08-08,27.443908902612197,27.513563879979326,27.177953754079155,27.19061851501465,9544000.0
2005-08-09,27.190612210916413,27.336253304573702,27.06396946203571,27.165285110473636,11487100.0
2005-08-10,27.323593313930687,27.475565591890348,26.9056659262079,27.07030296325684,16749400.0
2005-08-11,27.133622504890084,27.14628726312134,26.88033458693187,27.095630645751957,11957500.0
2005-08-12,27.165291174084597,27.196951868371805,26.96899100461405,27.03231239318848,8386000.0
2005-08-15,27.11462192468468,27.4818926037308,27.032302218078613,27.34258270263672,12521500.0
2005-08-16,27.45023962276609,27.956820389609856,27.45023962276609,27.684534072875977,19137500.0
2005-08-17,27.72884929440358,27.874490365678177,27.6085353196794,27.69085502624512,13637600.0
2005-08-18,27.690865889418635,27.85550536713842,27.564220694762533,27.735191345214844,11846600.0
2005-08-19,27.849178651184744,27.849178651184744,27.61488655336626,27.621217727661133,7767700.0
2005-08-22,27.72886910952027,27.836515989561125,27.545233638860864,27.697208404541016,8004700.0
2005-08-23,27.70353410048004,27.76685549791569,27.304602533077315,27.44391250610352,9228600.0
2005-08-24,27.48191541619129,27.557901600065588,27.165303498564924,27.171634674072266,10045500.0
2005-08-25,27.31093396680364,27.361590597643094,27.177955177792967,27.27293968200684,6963100.0
2005-08-26,27.22861020267672,27.266604481861982,26.987984598948568,27.127294540405277,10788500.0
2005-08-29,27.07662850260746,27.54521482921312,26.924656256260704,27.45656394958496,11389200.0
2005-08-30,27.469235370169983,27.469235370169983,27.184284319695585,27.29193115234375,15381300.0
2005-08-31,27.33037330198568,27.56741523742676,27.24068189094893,27.56741523742676,11348700.0
2005-09-01,27.573807801466767,27.95820004716069,27.34317147648789,27.612245559692383,13294700.0
2005-09-02,27.70835492491109,27.7660140271354,27.45849962990814,27.49053192138672,9509000.0
2005-09-06,27.593062722267003,27.81088593105299,27.51618466149239,27.772445678710938,11949200.0
2005-09-07,27.772429567159847,27.81086979720166,27.6443003548366,27.74680519104004,9770000.0
2005-09-08,27.714765761831085,27.77242487519866,27.541790865636013,27.56741523742676,10490200.0
2005-09-09,27.586635390515184,27.644294501415093,27.490536057712816,27.516162872314453,13402900.0
2005-09-12,27.48412870595365,27.58022558830989,27.34958916040311,27.35599708557129,13153800.0
2005-09-13,27.247085932027836,27.407249855811507,27.247085932027836,27.330371856689453,11504700.0
2005-09-14,27.34318128449057,27.445686083037856,27.227863080636475,27.317554473876957,11571300.0
2005-09-15,27.37520980834961,27.47130911297161,27.291923907270988,27.37520980834961,9177200.0
2005-09-16,27.5353739601448,27.99023879287015,27.458495982028072,27.98383331298828,24500500.0
2005-09-19,27.983842583015527,27.983842583015527,27.631482419024017,27.798051834106445,10275900.0
2005-09-20,27.791635112628665,27.93257765488078,27.426461688405126,27.548185348510746,12390600.0
2005-09-21,27.388015048466787,27.458487524996592,26.990809432642383,27.074092864990234,19531400.0
2005-09-22,27.04207976623347,27.07411206630854,26.78581892172509,27.029266357421875,16441800.0
2005-09-23,27.042076271799257,27.227867009697352,26.83066116349705,27.05488967895508,11267900.0
2005-09-26,27.291924071265385,27.36880449298769,26.83705924032256,26.90753173828125,15253500.0
2005-09-27,26.9459942535904,26.98443205236145,26.74738999894077,26.856300354003903,11978700.0
2005-09-28,26.965192207659918,26.971597687843317,26.491106025157933,26.651269912719727,14976400.0
2005-09-29,26.619239490298444,26.978007503397063,26.35016531340484,26.971599578857425,17436800.0
2005-09-30,27.00363431374136,27.30474078161176,26.913940477536343,26.971599578857425,15079700.0
2005-10-03,27.20864226309628,27.279114765327307,26.88190656073549,26.939565658569336,13229600.0
2005-10-04,26.99723457148084,27.247089938295577,26.843478550629264,26.849884033203125,11183700.0
2005-10-05,26.87551056363728,27.40084810975473,26.817851445458157,26.881916046142575,11886600.0
2005-10-06,26.90753916252444,27.330371823036383,26.894725755368626,27.05488967895508,14776300.0
2005-10-07,27.266315237029584,27.279128647947644,27.02927080090784,27.08052444458008,9818200.0
2005-10-10,27.163802663697272,27.195834959922998,26.939571702302107,26.965198516845703,10301800.0
2005-10-11,27.00363142977652,27.131760579999597,26.79862185673134,26.83065414428711,11136100.0
2005-10-12,26.8434688525114,27.131761898429392,26.74096406100773,26.837060928344727,11057200.0
2005-10-13,26.83705924032256,26.97800423623994,26.51032600167673,26.90753173828125,14538800.0
2005-10-14,27.003632680555278,27.074102738879308,26.84346879145093,26.939565658569336,13751600.0
2005-10-17,26.971597947608807,27.04847837399193,26.862687676093213,26.939565658569336,10224400.0
2005-10-18,26.97160585974728,26.99082719393515,26.63205909729004,26.63205909729004,10709200.0
2005-10-19,26.811450754784698,27.20225127858741,26.676913590694472,27.189437866210938,23207200.0
2005-10-20,27.25349619425754,27.54179177056786,26.93957380140681,27.03567314147949,19581300.0
2005-10-21,27.131751941795883,27.227851217774,26.97158811110309,27.074092864990234,14292900.0
2005-10-24,27.234282174914853,27.791654586791992,27.22147120711141,27.791654586791992,14165900.0
2005-10-25,27.80445055067533,27.80445055067533,27.458495983274076,27.66350555419922,11885100.0
2005-10-26,27.599443045787943,27.91977082982593,27.54818942726649,27.67632102966309,10893200.0
2005-10-27,27.68272443775256,27.868515125124368,27.618659863303524,27.66350555419922,9911500.0
2005-10-28,27.82367104498875,28.1760311126709,27.69553944476606,28.1760311126709,14087800.0
2005-10-31,28.188841461484248,28.24650055313901,27.977423977447884,28.02227210998535,14757400.0
2005-11-01,28.02868616121023,28.09915867744076,27.721171726310423,27.94540023803711,19218600.0
2005-11-02,28.0479022197563,28.278538633637798,27.964618748893614,28.240100860595703,11795200.0
2005-11-03,28.3490098818952,28.400263502214727,27.99664979587341,28.19525146484375,14361800.0
2005-11-04,28.284970472922303,28.43232109661655,28.220903390505693,28.33622169494629,11984700.0
2005-11-07,28.44509039128801,28.49634153381521,28.297737552246726,28.48352813720703,9632500.0
2005-11-08,28.4387035369873,28.509176048582,28.34901213819671,28.438703536987305,7777700.0
2005-11-09,28.48996149897715,28.701376622041835,28.445115792754105,28.534807205200195,9608400.0
2005-11-10,28.58605951230336,29.098583634845827,28.55402721287717,29.021705627441406,13948700.0
2005-11-11,28.989680828317976,29.21390942622226,28.906394873135632,29.124217987060547,11850900.0
2005-11-14,29.028100105670347,29.297174228884334,28.96403309259083,29.226701736450195,9828400.0
2005-11-15,29.201085428062196,29.252336608752955,28.8871630871672,28.98966789245605,11406600.0
2005-11-16,29.08578117432272,29.13703237960793,28.765453198587483,28.81029891967773,11949900.0
2005-11-17,28.82950023848168,29.079355516190063,28.75902773576249,29.04732322692871,11455700.0
2005-11-18,29.45094312109443,29.45094312109443,28.989670238019183,29.18827438354492,13406200.0
2005-11-21,29.213902062718965,29.425319639375704,29.1562429458042,29.367660522460938,14224100.0
2005-11-22,29.39969025811713,29.56626211196964,29.226712922458404,29.53422737121582,16508200.0
2005-11-23,29.476562721920917,30.110812833520598,29.43812495048933,29.92502212524414,17356500.0
2005-11-25,30.014704917325677,30.142836487835407,29.957045832791614,30.104398727416992,5130700.0
2005-11-28,30.117217230065595,30.20691106262745,29.80329736977376,29.82892417907715,14917500.0
2005-11-29,29.91862795447217,30.08519739609223,29.905814544515543,29.969879150390625,13686200.0
2005-11-30,30.10586925144661,30.112343937399395,29.684943025487467,29.717321395874023,14514600.0
2005-12-01,29.788552615923603,29.956921608989767,29.659036675705195,29.710844039916992,13589900.0
2005-12-02,29.71084357933595,29.90511625149638,29.633132534222938,29.872737884521484,9221600.0
2005-12-05,29.74322603928614,30.138248593547797,29.6525656111562,30.067014694213867,11815700.0
2005-12-06,30.08643104089081,30.261277151816174,29.87273188552242,29.989295959472656,12883300.0
2005-12-07,29.950461340464308,30.008743418101485,29.41297079444229,29.697906494140625,11727100.0
2005-12-08,29.684933624086085,29.807972380712386,29.503612831097744,29.64607810974121,10978000.0
2005-12-09,29.646081990921708,29.924540371071934,29.5359950579981,29.72379302978516,8840600.0
2005-12-12,29.77560493311708,29.83388699083905,29.54247670222915,29.62018775939941,10321300.0
2005-12-13,29.54247976311652,30.24186452824334,29.536005076170543,30.112348556518555,13980700.0
2005-12-14,30.190054565158203,30.42965995693204,30.11234597690502,30.29366683959961,15120000.0
2005-12-15,30.241858473080097,30.313092366781536,30.03463394793656,30.228906631469727,10459700.0
2005-12-16,30.40374089721958,30.598013504775157,30.332507031376817,30.41669273376465,18620400.0
2005-12-19,30.22890867112289,30.293665413232915,29.99578044702861,30.131771087646484,12631900.0
2005-12-20,30.261278128021623,30.33898668972509,30.170617727649155,30.235374450683597,11935800.0
2005-12-21,30.351935818875965,30.43612152755399,30.054050967012703,30.202993392944336,13973100.0
2005-12-22,30.293653192867563,30.429646248937622,30.14471076984832,30.384313583374023,12058500.0
2005-12-23,30.436119991167843,30.46849834816022,30.34545960346508,30.39726448059082,6523300.0
2005-12-27,30.164160723824057,30.598036457149178,30.15120887756348,30.15120887756348,9184500.0
2005-12-28,30.28071906886932,30.31957460337721,29.96340751647949,29.96340751647949,7799100.0
2005-12-29,30.015199003517903,30.16414391737143,29.89216023806359,29.91158676147461,6998700.0
2005-12-30,29.801516367843288,30.021692813119877,29.730282448737324,29.88570213317871,14498300.0
2006-01-03,30.38433270072009,30.55270422072056,29.885700239202816,30.487947463989254,16296700.0
2006-01-04,30.436125730385925,30.591545331690583,30.07995879568824,30.16414451599121,17757900.0
2006-01-05,30.164140350716337,30.32603461416077,29.99576893336029,30.202993392944336,14970700.0
2006-01-06,30.30660002169622,30.377833879696528,30.0151899072904,30.157657623291016,12599800.0
2006-01-09,30.254819838773763,30.41671420440023,30.021691557021736,30.17710876464844,15619400.0
2006-01-10,30.047598042495007,30.118829494932346,29.710857434241326,29.92455673217773,15634600.0
2006-01-11,29.82741032500329,29.95044911855666,29.626660479437128,29.85331153869629,14742100.0
2006-01-12,29.931012658122683,29.93748734181949,29.60074697244489,29.659029006958008,10546600.0
2006-01-13,29.678457998669344,29.788544913688305,29.581320451044007,29.659029006958008,10791000.0
2006-01-17,29.399996888019224,29.5165609460401,29.14096509901501,29.34171485900879,14605900.0
2006-01-18,29.348206499301405,29.561908219251915,29.089174560630173,29.309350967407227,10867000.0
2006-01-19,29.71084041186368,29.71084041186368,29.043834265797287,29.231632232666016,14584000.0
2006-01-20,29.14097831837884,29.23811590089797,28.60348797697929,28.616439819335938,24950800.0
2006-01-23,28.16960436399294,28.745947598259413,28.16312967981146,28.46748924255371,23459500.0
2006-01-24,28.545212408650624,28.933757852779596,28.51930872029224,28.64882469177246,13500300.0
2006-01-25,28.59052858347944,28.91431711796817,28.59052858347944,28.901365280151367,15132000.0
2006-01-26,29.140978207289454,29.24459047543625,28.92727651468656,29.076221466064453,18449100.0
2006-01-27,29.076216644033902,29.212207260240373,28.888418667190155,29.011457443237305,12250800.0
2006-01-30,28.979075853557816,29.36762113386115,28.655287296534823,28.804229736328125,14812100.0
2006-01-31,28.914325344686464,28.96613024038277,28.571107720664838,28.64234161376953,19151000.0
2006-02-01,28.55814887592239,28.648811744202465,28.402731756634832,28.461013793945312,15854700.0
2006-02-02,28.461020247239716,28.47397208850216,28.085424261562203,28.130754470825195,14745100.0
2006-02-03,28.0400948645162,28.20198917951954,27.79401481402399,27.90410423278809,17097000.0
2006-02-06,28.10485151171073,28.26674581196181,28.001239258362485,28.08542251586914,12554600.0
2006-02-07,28.234359301905062,28.40920540747782,28.143698907232626,28.16312789916992,13914200.0
2006-02-08,28.201986937527444,28.31207634753969,28.065996316610264,28.279695510864254,11101600.0
2006-02-09,28.33150295541113,28.525775624471745,28.29912458895286,28.383310317993164,13766200.0
2006-02-10,28.3444466545998,28.5063409107008,28.11131853056472,28.44158172607422,9038900.0
2006-02-13,28.29911422729492,28.46748315341661,28.04008244985067,28.29911422729492,8329500.0
2006-02-14,28.441588143602647,28.810709403486516,28.318549370515267,28.597007751464844,17049200.0
2006-02-15,28.538720691660547,28.88193574121842,28.44806029897057,28.726518630981445,12818500.0
2006-02-16,28.74594345298532,28.966119738064904,28.674709585708055,28.940216064453125,11773700.0
2006-02-17,28.998515481883288,29.348207874380417,28.83014644307639,28.920806884765625,11938900.0
2006-02-21,28.95317967961713,29.03089073206588,28.82366372918049,28.84956741333008,10380500.0
2006-02-22,28.78479207392196,29.251045735787397,28.765363088208204,29.192766189575195,14729600.0
2006-02-23,29.264022491831344,29.594288356825405,29.14098367230497,29.380586624145508,17345700.0
2006-02-24,29.10210985722088,29.717308509031167,29.10210985722088,29.607221603393555,13832400.0
2006-02-27,29.68493431270643,29.78854654971912,29.59427391410916,29.77559471130371,18460200.0
2006-02-28,29.63960708350364,29.820927898867804,29.626655243790363,29.6914119720459,20699000.0
2006-03-01,29.69141375889095,29.90092299067552,29.665226978078163,29.855093002319336,15576200.0
2006-03-02,29.62592980602413,29.69794904051905,29.396779966763862,29.56045913696289,14367400.0
2006-03-03,29.514643612939395,29.78307748352969,29.449170414291054,29.58666038513184,12399500.0
2006-03-06,29.52773506543866,29.65867896212971,29.40333973723307,29.599754333496094,11318400.0
2006-03-07,29.521187761856144,29.91401693797979,29.49499848410204,29.868186950683597,12823300.0
2006-03-08,29.73723836984561,30.044956091061263,29.73723836984561,29.927106857299805,14201200.0
2006-03-09,29.920558066725626,29.992577313869013,29.78306813902263,29.822349548339844,11922800.0
2006-03-10,29.78962254173067,30.11698103120024,29.756887192293128,30.08424568176269,12535400.0
2006-03-13,30.090796209827587,30.247929406969032,29.97949550574412,30.07770156860352,10090800.0
2006-03-14,30.116973745959463,30.37886147320378,30.077689837608872,30.287199020385746,14364000.0
2006-03-15,30.14970430952491,30.46396803388749,30.031855100695683,30.378856658935547,11344600.0
2006-03-16,30.43125252409629,30.70623502303617,30.43125252409629,30.61457252502441,13005400.0
2006-03-17,30.75205251577172,30.758598585622,30.53599474751214,30.706222534179688,18970500.0
2006-03-20,30.58182472910417,30.77169322286925,30.48361869606983,30.706222534179688,11243700.0
2006-03-21,30.608022610661852,30.758607235030013,30.45743798629369,30.49017333984375,11774400.0
2006-03-22,30.37887262638304,30.863361852848083,30.37887262638304,30.765155792236328,11157200.0
2006-03-23,30.68659330826291,30.75861259715653,30.51636794159893,30.575292587280277,10793900.0
2006-03-24,30.6276547106962,30.77169322286925,30.54908938475939,30.706222534179688,10495000.0
2006-03-27,30.63420412573304,30.7258640914533,30.5556363000756,30.653844833374023,10450300.0
2006-03-28,30.52292447771242,30.77826386401283,30.084265018693497,30.15628433227539,16077800.0
2006-03-29,30.228281024871208,30.313394929492585,29.933660389149622,30.097339630126957,11836200.0
2006-03-30,29.9860419992786,30.17591055337664,29.77653273184196,29.86164665222168,12825100.0
2006-03-31,29.940193074197307,30.06458834260848,29.75687320547644,29.815797805786133,10968800.0
2006-04-03,30.0187867022231,30.26103389739262,29.894391316428013,29.907485961914062,11832600.0
2006-04-04,29.966393522878345,30.37886587896661,29.920563538595964,30.306846618652344,8823300.0
2006-04-05,30.2544735922969,30.49017212453842,30.2544735922969,30.47707748413086,10249600.0
2006-04-06,30.33304636178271,30.46398779203275,30.14972386384681,30.24793243408203,7795500.0
2006-04-07,30.385421355325818,30.424705281534397,29.89438351668284,29.946762084960938,9406600.0
2006-04-10,30.051524564712345,30.169373876538533,29.881296670941964,29.907485961914062,9100000.0
2006-04-11,29.95329468091725,30.116973886823896,29.75688013333856,29.82889938354492,8570000.0
2006-04-12,29.868191118378263,30.06460573384704,29.835455765391355,29.93366432189941,7157300.0
2006-04-13,29.94021415710449,30.071158083059725,29.85510023060144,29.94021415710449,7642200.0
2006-04-17,30.08423361660088,30.08423361660088,29.632477483877743,29.77651596069336,10618900.0
2006-04-18,29.75689845959273,30.313407103391363,29.70451988262212,30.090803146362305,16356400.0
2006-04-19,30.031862371525737,30.27410941362702,29.979486320224563,30.14971160888672,10493000.0
2006-04-20,30.50980598784517,30.6734852098777,30.18899611128757,30.300296783447266,17056200.0
2006-04-21,30.34611813649483,30.73894965619413,30.34611813649483,30.68657112121582,16502600.0
2006-04-24,30.67349872964867,30.86336731030484,30.581838724517507,30.817537307739254,12568100.0
2006-04-25,30.784793636517502,30.882999687979044,30.66039830564736,30.830623626708984,12677000.0
2006-04-26,30.83715463679517,31.28236217911165,30.80441930229606,31.23653221130371,19058900.0
2006-04-27,31.15798993494737,32.19899032561882,31.10561136300396,32.107330322265625,34554500.0
2006-04-28,32.03528828740234,32.72274032196178,32.01564758564367,32.68345642089844,29595900.0
2006-05-01,32.63109149269453,32.73584610031366,32.14659987148927,32.198978424072266,21093000.0
2006-05-02,32.251357434655944,32.51324522647686,32.251357434655944,32.382301330566406,19227800.0
2006-05-03,32.25791284393937,32.47396819509481,32.22517748740644,32.27755355834961,13745200.0
2006-05-04,32.44122450874216,32.70311228885683,32.42812986998173,32.696563720703125,15863000.0
2006-05-05,32.73583853196364,33.06319691728328,32.70310319294093,33.043556213378906,19401000.0
2006-05-08,32.866782122214914,32.94534743474907,32.73583826962715,32.807857513427734,10721900.0
2006-05-09,32.80786488200839,32.96499554236793,32.76203489794129,32.8602409362793,10343700.0
2006-05-10,32.75550033203977,33.02393428098484,32.56563424440635,32.84716033935547,11892500.0
2006-05-11,32.93226813226244,32.93226813226244,32.36921105227068,32.53289031982422,11227700.0
2006-05-12,32.53288803775712,32.63764266174132,32.16624810258604,32.21207809448242,15232200.0
2006-05-15,32.081125562821825,32.58525783565747,31.819237824514857,32.441219329833984,13367300.0
2006-05-16,32.48705794773874,32.60490721155843,32.33647333231297,32.500152587890625,8121100.0
2006-05-17,32.27754176715449,32.28409033459741,31.62282488547774,31.793052673339844,20638000.0
2006-05-18,31.851995280302752,32.107334608746456,31.48535272039368,31.504993438720703,13165300.0
2006-05-19,31.65557317099977,31.806160313187245,31.42642316775398,31.60319709777832,15761800.0
2006-05-22,31.60319201694317,31.904361257803806,31.49843738979393,31.596643447875977,16162600.0
2006-05-23,31.91744508216073,32.00910503766104,31.544256693311493,31.57699203491211,12592100.0
2006-05-24,31.557358832644063,31.891263392434947,31.43296100841943,31.740678787231445,17052700.0
2006-05-25,31.917446940337463,32.12695613583441,31.701389177611265,32.02220153808594,13871200.0
2006-05-26,32.1793409297131,32.48051014450565,31.98947240395589,32.329925537109375,15352800.0
2006-05-30,32.19898179706214,32.23171714708226,31.851982591264058,31.88471794128418,14796800.0
2006-05-31,31.98393610486276,32.12946878755202,31.68625928802346,32.01701354980469,15518900.0
2006-06-01,32.01702486721922,32.24193794567118,31.97733343333159,32.215476989746094,14188200.0
2006-06-02,32.55946761874805,32.69838387679922,32.36101293758227,32.5859260559082,13392700.0
2006-06-05,32.54622913184076,32.73145076367651,32.189013821767126,32.24193572998047,10750300.0
2006-06-06,32.28162354866972,32.46684769771244,31.77226155484918,32.1030158996582,15816700.0
2006-06-07,32.0831702423305,32.57268776459567,31.964098480791822,32.314697265625,12480200.0
2006-06-08,32.18901172516823,32.546227011975006,32.096400915282466,32.43376922607422,15392800.0
2006-06-09,32.314690422350026,32.546219920068864,32.169160262864644,32.275001525878906,11685300.0
2006-06-12,32.281616161020914,32.42053234842044,31.98393681412564,32.02362823486328,9570900.0
2006-06-13,31.8516413737906,32.18239568702433,30.925528287354087,31.137210845947266,22932100.0
2006-06-14,31.077667573311828,31.26288913714131,30.33677879453935,30.852754592895508,20908100.0
2006-06-15,30.99828583069345,31.7987104356192,30.95859441594136,31.692869186401367,21674900.0
2006-06-16,31.553962307680173,31.67964803954172,31.348893722948542,31.36873817443848,21387400.0
2006-06-19,31.70611377546612,31.70611377546612,31.123985383842044,31.183521270751957,10154500.0
2006-06-20,31.097530939860256,31.39521043673572,31.090916961465727,31.14383888244629,12954900.0
2006-06-21,31.11076007621372,31.46797545703364,31.11076007621372,31.29598426818848,11575200.0
2006-06-22,31.29597343877244,31.55396139449602,31.17690168636847,31.4481201171875,10268800.0
2006-06-23,31.35550951351783,31.573806045337303,31.17028538446375,31.362123489379883,12398500.0
2006-06-26,31.3224267605377,31.441498493535203,31.19674105279797,31.395193099975582,8859800.0
2006-06-27,31.395201334204792,31.55396452765958,31.282746069909805,31.28936004638672,10128700.0
2006-06-28,31.35551780597818,31.6333502878538,31.35551780597818,31.52089500427246,12517900.0
2006-06-29,31.560583902554864,32.215478717824105,31.467973075304943,32.14932632446289,16028900.0
2006-06-30,32.28162193289899,32.28823843259902,31.75902948862841,31.818565368652344,14414500.0
2006-07-03,31.87809757404764,32.43376488240009,31.87148359856528,32.28823471069336,6660400.0
2006-07-05,32.08318050215842,32.48008481857588,31.964108702541964,32.327938079833984,12059500.0
2006-07-06,32.327928830393105,32.618994267714,32.27500944762455,32.453617095947266,7653500.0
2006-07-07,32.347783868993645,32.5594664997363,32.18240665600995,32.28163146972656,7583700.0
2006-07-10,32.49329266120034,32.59251993290222,32.440373300159195,32.50652313232422,7321900.0
2006-07-11,32.394085110993345,32.57269278080704,32.189016484883766,32.51315689086914,11447500.0
2006-07-12,32.53298759130552,32.55283203840929,32.08316161828617,32.12946701049805,7977600.0
2006-07-13,32.129463960362294,32.261766149888416,31.68625452742233,31.73917388916016,12113600.0
2006-07-14,31.752426075535745,32.083180513822576,31.481207537078784,31.957494735717773,10613100.0
2006-07-17,31.82518286051276,32.056709888126385,31.666419667681037,31.89794921875,10434700.0
2006-07-18,31.85825450176114,32.136089429679004,31.613497023050357,32.04347610473633,9437000.0
2006-07-19,32.40068670315064,33.06219521695148,32.31468988978921,33.04235076904297,24176600.0
2006-07-20,32.96297433627522,33.12173498515132,32.810825139541,32.843902587890625,15785300.0
2006-07-21,32.976214505038755,33.24743302718804,32.923295110291946,33.168052673339844,19627600.0
2006-07-24,33.17467069144774,33.538500063628625,33.168054189641936,33.4525032043457,13098200.0
2006-07-25,33.45910516059236,33.79647342579927,33.43925818725904,33.61125183105469,15198200.0
2006-07-26,33.4921765098663,33.86923615803694,33.465715563882995,33.73031997680664,14242200.0
2006-07-27,33.928775464994935,34.03461673620528,33.72370689801336,33.75016784667969,13054100.0
2006-07-28,33.842783868974266,34.332301401064264,33.842783868974266,34.17353820800781,12051700.0
2006-07-31,34.16029838188096,34.16691487998567,33.86923555163992,34.08753204345703,10928400.0
2006-08-01,33.96184633746867,34.12060948707129,33.789855238565934,34.08753204345703,11102900.0
2006-08-02,34.173545691067375,34.378614334616444,34.08093485961163,34.37199783325195,9711300.0
2006-08-03,34.31245631808317,34.623366221435965,34.2396899557278,34.37860870361328,11329500.0
2006-08-04,34.729205889682625,34.89458306058588,34.48444838331332,34.61013412475586,19869100.0
2006-08-07,34.5307448511538,34.63658611219711,34.46459248584254,34.5042839050293,9614800.0
2006-08-08,34.629984129712355,34.848283241561404,34.36538212791881,34.43814849853516,12969100.0
2006-08-09,34.56382486528286,34.775507418562256,33.968466107025144,34.09415435791016,12412600.0
2006-08-10,33.942008780847566,34.16692181643043,33.78324559901342,34.08092498779297,10816200.0
2006-08-11,33.95524335917952,34.07431260562359,33.538492164531135,34.001548767089844,11741200.0
2006-08-14,34.133844352358736,34.31906848499986,33.750170658551355,33.82293701171875,8245700.0
2006-08-15,34.26616246590082,34.53076705034584,34.153707157758305,34.4976921081543,12396900.0
2006-08-16,34.71596121206816,34.71596121206816,34.33228764471731,34.59688949584961,9384100.0
2006-08-17,34.44476437774447,34.66306350164542,34.352153545831065,34.49106979370117,9622900.0
2006-08-18,34.55057875280489,34.729186299445075,34.438123551283624,34.72257232666016,8985600.0
2006-08-21,34.636605096252445,34.8350572540469,34.636605096252445,34.702754974365234,7274400.0
2006-08-22,34.70933875698552,34.86809932418068,34.61672800554606,34.729183197021484,7504200.0
2006-08-23,34.72257232666016,34.8284135553965,34.60350062890003,34.72257232666016,7575900.0
2006-08-24,34.72257756390958,34.86810769821383,34.6498112350303,34.73580551147461,9418600.0
2006-08-25,34.52412874603751,34.583664613768256,34.30583224666129,34.48443984985352,11392400.0
2006-08-28,34.477833995483685,34.636597199597134,34.43814508704696,34.524139404296875,8147700.0
2006-08-29,34.57705959294101,34.65643992932003,34.39183796690483,34.59029006958008,16074400.0
2006-08-30,34.67721564079251,34.80426198233318,34.52342189552555,34.57022857666016,12362200.0
2006-08-31,34.65045712825017,34.70395191855251,34.41642379760742,34.41642379760742,10533100.0
2006-09-01,34.657155105758925,34.66384068106149,34.3027583961778,34.543479919433594,9775300.0
2006-09-05,34.51672518898616,34.69726629310022,34.42979997464293,34.60365295410156,8992800.0
2006-09-06,34.4365179001248,34.71067260079384,34.38302305571398,34.53681945800781,10342800.0
2006-09-07,34.5301155206114,34.683909301730225,34.38969544447334,34.44318771362305,9487400.0
2006-09-08,34.36962690306703,34.64378140438108,34.23589244006129,34.543479919433594,10082700.0
2006-09-11,34.16902792383656,34.302762402461404,33.96842748128581,34.2225227355957,13728000.0
2006-09-12,34.2960740653977,34.67052751447453,34.2960740653977,34.57022857666016,13893100.0
2006-09-13,34.570237360952405,34.73740485055975,34.42312915385044,34.70397186279297,8985200.0
2006-09-14,34.50337103101332,34.757466345607895,34.47662616956149,34.72403335571289,8290500.0
2006-09-15,34.77082878430382,34.77082878430382,34.39637278681004,34.40306091308594,15843600.0
2006-09-18,34.36294882958508,34.7240312201004,34.27602102058544,34.62372970581055,11259500.0
2006-09-19,34.69059460166804,34.8310146663592,34.443184905852334,34.7908935546875,14284600.0
2006-09-20,34.891180284147886,35.2054558155663,34.86443288769267,35.09846878051758,13629000.0
2006-09-21,35.19209338302426,35.23221193977769,34.84438477011448,34.93131256103516,9765700.0
2006-09-22,34.96474768095123,35.25227592554796,34.891193588039535,35.0583610534668,11521500.0
2006-09-25,35.2522775646419,35.55986510314414,35.12522865251512,35.4194450378418,13046100.0
2006-09-26,35.4194280959406,35.77382215336239,35.26563440025243,35.76044845581055,14145600.0
2006-09-27,35.64009795402861,35.91425245556834,35.52642531838242,35.599979400634766,11387100.0
2006-09-28,35.660169813746535,36.00119036739687,35.45288121006202,35.78721618652344,12219800.0
2006-09-29,35.827328690319604,36.10816877867165,35.72702720118083,35.820640563964844,10701400.0
2006-10-02,35.79390361398771,35.894205132420346,35.64010982295829,35.85408401489258,7378600.0
2006-10-03,35.860747543744154,36.48929598253802,35.82062645373831,36.38230895996094,13591200.0
2006-10-04,36.30208847561689,36.67654197672902,36.20847510033886,36.6564826965332,12570700.0
2006-10-05,36.482622799149205,36.68990879097781,36.28870795775825,36.45587539672852,8653700.0
2006-10-06,36.34220541064845,36.42244762938932,36.18172607471283,36.268653869628906,8968900.0
2006-10-09,36.1616550073069,36.46924242655926,36.14159318377498,36.449180603027344,5886000.0
2006-10-10,36.47593939233914,36.54280790704217,36.29539822880049,36.52943420410156,10630800.0
2006-10-11,36.25528664111791,36.25528664111791,35.87414496173869,36.13492584228516,12485000.0
2006-10-12,36.34219330808117,36.48930144267686,36.208461422927485,36.282012939453125,9426000.0
2006-10-13,36.241895944104165,36.43581075695087,36.027921857781,36.36894226074219,7951400.0
2006-10-16,36.30876850669048,36.34220148550171,35.91425323486328,35.91425323486328,8634300.0
2006-10-17,35.65347780635466,35.987812746437335,35.386008833979254,35.89419937133789,10068900.0
2006-10-18,36.05468023990824,36.06805394417027,35.66685301940229,35.98112869262695,12417500.0
2006-10-19,35.92094378709442,35.92094378709442,35.32582805143451,35.61335372924805,16086300.0
2006-10-20,35.66017165710896,35.894205132420346,35.272341839994574,35.85408401489258,16555700.0
2006-10-23,35.62673356615366,36.08811745697928,35.59330057932786,35.880828857421875,14966300.0
2006-10-24,35.747094804651624,35.840708189239386,35.51974692032131,35.72703552246094,14260800.0
2006-10-25,35.80057827461806,36.168346119232645,35.80057827461806,36.1081657409668,11578600.0
2006-10-26,36.10148453685601,36.22853088378906,35.9008815511672,36.22853088378906,9950800.0
2006-10-27,36.12822959970455,36.1416033022126,35.84738949935411,35.907569885253906,9197700.0
2006-10-30,35.84070949820928,36.15498520146621,35.83402392082602,36.054683685302734,7471300.0
2006-10-31,36.19509580512507,36.30208286759712,35.994495381836565,36.021240234375,11782300.0
2006-11-01,36.2084615849695,36.2084615849695,35.77382530395831,35.82732009887695,12654100.0
2006-11-02,35.68023509998568,35.90089489517836,35.58662169894794,35.807281494140625,8920300.0
2006-11-03,35.8072752019971,35.90088858658486,35.70697624027025,35.72703552246094,7531600.0
2006-11-06,35.89420950055179,36.27535123574098,35.8875213714298,36.24860382080078,11139700.0
2006-11-07,36.25527565531079,36.5227420321807,36.21515455093257,36.389007568359375,8579500.0
2006-11-08,36.37562842309312,36.6096617702654,36.24189398866374,36.51604843139648,9559600.0
2006-11-09,36.45586872779539,36.589603164661874,36.36225538722052,36.449180603027344,9004900.0
2006-11-10,36.44919129086299,36.623046875,36.27533825749896,36.623046875,9612200.0
2006-11-13,36.489310310759805,36.73003184377508,36.41575622558594,36.41575622558594,8669900.0
2006-11-14,36.4759405644281,36.763468809957786,36.154979335859096,36.66316986083984,13716200.0
2006-11-15,36.62304157421349,36.64310084995172,36.32882781003822,36.42912673950195,12612500.0
2006-11-16,36.59629338834491,36.77014894359196,36.50268003587613,36.70996856689453,10064100.0
2006-11-17,36.676536560058594,36.8102710267505,36.656477282825286,36.676536560058594,13267400.0
2006-11-20,36.67653304035064,36.8303293202894,36.58960781349966,36.70996856689453,8949900.0
2006-11-21,36.8035851782776,36.81027075371485,36.44918846155682,36.5896110534668,9191500.0
2006-11-22,36.56286718606657,36.723346519807805,36.38901159861171,36.52943420410156,11706600.0
2006-11-24,36.355567560647806,36.61634831175171,36.28870161705223,36.48261642456055,4835400.0
2006-11-27,36.48263461026316,36.56955987011308,35.92763730883272,36.054683685302734,14859600.0
2006-11-28,36.05467936977129,36.43582355510767,35.961065992969566,36.28871536254883,11998100.0
2006-11-29,36.52517232971248,36.5792222975124,36.288696310657095,36.498146057128906,9322900.0
2006-11-30,36.49815737195727,36.58599149639979,36.25492599803521,36.383296966552734,11314900.0
2006-12-01,36.369767646466286,36.48462541526723,35.81573948194599,36.14680480957031,14482400.0
2006-12-04,35.471189182750585,35.82252317536872,35.26849718860858,35.57253646850586,28801800.0
2006-12-05,35.579283949274235,35.69414435310039,35.336052578694584,35.667118072509766,16918300.0
2006-12-06,35.640087756139124,35.82926654411547,35.538740504084544,35.59954833984375,13045300.0
2006-12-07,35.552251850096305,35.70764907200765,35.40361248591059,35.46442031860352,12408800.0
2006-12-08,35.33605863049933,35.39011120093785,34.673930106837965,34.903648376464844,32237800.0
2006-12-11,35.03877494431266,35.65360871750137,35.01850652040181,35.504966735839844,18229300.0
2006-12-12,35.43740796481175,35.77522881752231,35.369842247848496,35.67388153076172,14986000.0
2006-12-13,35.944140643983545,36.07251164516122,35.77523021104882,35.86981964111328,13299700.0
2006-12-14,35.87656394202352,36.133308443154114,35.619822018260805,35.923858642578125,13389700.0
2006-12-15,35.957644394953846,36.12655478376536,35.71441302268638,36.02520751953125,22369800.0
2006-12-18,36.126558545294536,36.329250517499226,36.05223755410022,36.23466110229492,12915300.0
2006-12-19,36.09277301310229,36.41032538966864,36.07926244919442,36.20087814331055,10902300.0
2006-12-20,36.28195487176053,36.34276271958648,36.0927734688753,36.25492858886719,8999000.0
2006-12-21,36.41031654969344,36.49139280029715,36.09952210790623,36.15357208251953,10445800.0
2006-12-22,36.24140783517566,36.254920973784,35.83602398639616,36.04547119140625,8402700.0
2006-12-26,36.07924857375264,36.4913876260135,36.06573543767352,36.28194046020508,10028200.0
2006-12-27,36.40357132651574,36.51842916515524,36.14682678841157,36.32925033569336,8905300.0
2006-12-28,36.34952510400392,36.45762767933142,36.15358838079513,36.2481803894043,7024400.0
2006-12-29,36.24816655022749,36.33599808720692,35.977908926405995,36.0724983215332,7612900.0
2007-01-03,36.07926568781059,36.6062653580406,35.80225271020657,36.0319709777832,16028200.0
2007-01-04,36.03195737017754,36.4103149075085,35.84277602414464,36.26167297363281,13175000.0
2007-01-05,36.20761138545555,36.20761138545555,35.82925139214132,35.97113800048828,10205000.0
2007-01-08,36.11979620544826,36.24141188915964,35.67387289096252,36.113040924072266,9685900.0
2007-01-09,36.21436789976302,36.288688845395015,35.78871579228892,36.14680480957031,12546500.0
2007-01-10,35.984670460262194,36.28195441359858,35.91710733125019,36.20087814331055,10083900.0
2007-01-11,36.1468276737315,36.24817495049302,35.93062255551734,35.98467254638672,14645200.0
2007-01-12,35.971160708370974,36.21438952472575,35.971160708370974,36.06575012207031,13012400.0
2007-01-16,36.11980586834439,36.167100582732594,36.018461156384774,36.106292724609375,12006200.0
2007-01-17,36.14682320566499,36.288707313698346,35.91034969227606,36.02520751953125,12746800.0
2007-01-18,36.1130349292106,36.18059804122662,35.950879852057625,36.00493240356445,10111100.0
2007-01-19,36.11979223034434,36.241407900671504,35.977908140751865,36.20762634277344,12794000.0
2007-01-22,36.24142252867643,36.51843553903867,36.173859385610015,36.2481803894043,15563000.0
2007-01-23,35.97791281685347,36.16033634605407,35.74143930346454,36.02520751953125,17367300.0
2007-01-24,36.1265457982809,36.13330107811125,35.511712239024625,35.944122314453125,25262700.0
2007-01-25,35.94412283155375,35.95763596877621,35.3630708178248,35.40361022949219,20091400.0
2007-01-26,35.484692750422056,35.673871550255335,34.94418005277852,35.16038513183594,22715300.0
2007-01-29,35.12660834549529,35.30227402959096,34.69419555124403,34.768516540527344,22157900.0
2007-01-30,34.8090516931549,35.22119343597167,34.70094915220032,35.21443557739258,17991300.0
2007-01-31,35.133364655735555,35.67387744265783,35.03201738058901,35.525238037109375,19232300.0
2007-02-01,35.64684846819789,35.78873515816651,35.57253005971766,35.70090103149414,12647800.0
2007-02-02,35.69415441740746,35.91711485172598,35.626588696880106,35.63334655761719,12651800.0
2007-02-05,35.63333494637651,35.89007686861414,35.38334572793816,35.72792434692383,11112400.0
2007-02-06,35.65360442256166,36.03196461331796,35.640091282459515,35.95088577270508,13702200.0
2007-02-07,36.045469162656026,36.14006112759046,35.977906050784654,36.05222702026367,9509500.0
2007-02-08,36.04547594143088,36.07250222220904,35.80900242804195,36.02520751953125,13669800.0
2007-02-09,36.025221814007566,36.1468375483973,35.579298313701536,35.80226135253906,11423700.0
2007-02-12,35.944131599516474,36.01845258368567,35.79548963117808,35.836029052734375,10685400.0
2007-02-13,35.86981675907273,36.3427664487635,35.86981675907273,36.30222702026367,10682100.0
2007-02-14,36.32248452696622,36.599497428354645,36.19411357469225,36.5184211730957,12189700.0
2007-02-15,36.53869679340028,36.62652834047479,36.28195227899722,36.383296966552734,16916400.0
2007-02-16,36.24140827170728,36.531934311866806,36.214381994165066,36.5184211730957,10815700.0
2007-02-20,36.39680550152345,36.599497428354645,36.2887029687223,36.5184211730957,9998000.0
2007-02-21,36.31574081654618,36.46438281301834,36.28871453039333,36.42384338378906,11771600.0
2007-02-22,36.383285114747714,36.55219544968595,36.14005639742509,36.28194046020508,10215100.0
2007-02-23,35.99817705761919,36.30897409573345,35.660356319233514,35.71440887451172,16807800.0
2007-02-26,35.86981002220349,35.910349443089416,35.5387445283883,35.667118072509766,16356500.0
2007-02-27,35.26847730608146,35.54549014329614,33.106424573559266,34.32257843017578,31633500.0
2007-02-28,34.75300242381565,35.183402052416625,34.40458541425137,34.725677490234375,27398400.0
2007-03-01,34.32942261249211,34.773485837977915,34.021994426086295,34.418235778808594,25006600.0
2007-03-02,34.22694049246119,34.39090303571789,34.03565303040855,34.16545486450195,17183400.0
2007-03-05,33.885338808361524,34.3498960954488,33.8580139020173,33.91266632080078,18612500.0
2007-03-06,34.22695792709845,34.90330017916743,34.22695792709845,34.80082321166992,16716600.0
2007-03-07,34.86229389307283,34.91011576239997,34.438727647848324,34.56169891357422,14548500.0
2007-03-08,34.75981888954423,35.06724704779036,34.56169823133045,34.684669494628906,13333900.0
2007-03-09,34.94427509957004,34.98526378246855,34.616349999804044,34.807640075683594,10723700.0
2007-03-12,34.80765365211973,34.96478307874246,34.636860457169284,34.903297424316406,10574300.0
2007-03-13,34.896456257165134,34.896456257165134,33.6530797775016,33.78971481323242,25463400.0
2007-03-14,33.8307098287878,34.103977324225475,33.03822966165394,34.001502990722656,25008800.0
2007-03-15,33.90585086204876,34.718825173853865,33.84436523469569,34.2269401550293,19655200.0
2007-03-16,34.34308048326281,34.47971549889434,33.81703736704392,33.899017333984375,21922100.0
2007-03-19,34.021987933508754,34.425059788521466,33.714559805770904,34.41139602661133,12994400.0
2007-03-20,34.41139292444334,34.72565420785384,34.370404248504144,34.67782974243164,10061800.0
2007-03-21,34.69151625333252,35.52498795862061,34.55488376913897,35.429344177246094,21716000.0
2007-03-22,35.51130093636764,35.62744159920096,35.1218928779837,35.279022216796875,20661200.0
2007-03-23,35.32001601469116,35.52496722747662,35.12189537969026,35.31318283081055,13102700.0
2007-03-26,35.32001659088998,35.32684716878596,34.78714030163934,35.22437286376953,13472600.0
2007-03-27,35.22438098918254,35.52497600177195,35.08091275931112,35.41566848754883,20025700.0
2007-03-28,35.14239383660931,35.16972136314149,34.50021259968123,34.684669494628906,19919100.0
2007-03-29,34.85547291006662,35.012602324841566,34.62319407820427,34.97161102294922,13947300.0
2007-03-30,34.957946909267044,35.121909509114644,34.34992360408952,34.855472564697266,16151700.0
2007-04-02,34.978435764634504,35.0125938715826,34.24060814529239,34.452392578125,16943000.0
2007-04-03,34.56853226573338,34.76665294375329,34.4728885194056,34.74615859985352,13101600.0
2007-04-04,34.80080926033743,34.86229489496739,34.56169990683009,34.76665115356445,11108100.0
2007-04-05,34.65734268715245,34.78714453172884,34.41823334027583,34.73932266235352,10748700.0
2007-04-09,34.77348612911764,34.81447481691718,34.51387981330178,34.74615859985352,9290300.0
2007-04-10,34.80081237887083,34.96477495460906,34.71200181452199,34.889625549316406,10498700.0
2007-04-11,34.88961561349653,34.88961561349653,34.3704057160294,34.50703811645508,15268300.0
2007-04-12,34.5138732745087,34.5138732745087,34.19961456579882,34.349910736083984,12953900.0
2007-04-13,34.45922421974217,34.55487057068153,34.261106150894975,34.445560455322266,12906200.0
2007-04-16,34.70516745912147,35.30636007510215,34.67100935043889,34.998931884765625,18774400.0
2007-04-17,35.046756744384766,35.18339179685405,34.9032911120356,35.046756744384766,13395400.0
2007-04-18,35.13557112851,35.66161440465631,35.01259983766556,35.402008056640625,19115500.0
2007-04-19,35.07408750629417,35.10824562103311,34.657351730626566,34.78032302856445,25404800.0
2007-04-20,35.046752905393724,35.046752905393724,34.384077273566405,34.8691291809082,29384700.0
2007-04-23,34.86912127465188,35.03991438127996,34.37723629361229,34.50703811645508,22349400.0
2007-04-24,34.60269986545175,34.7734930481912,34.32942973062977,34.58220291137695,15076800.0
2007-04-25,34.73249498850619,35.00576507016013,34.50021620092933,34.998931884765625,16116700.0
2007-04-26,34.841807847566145,34.95794595613145,34.60269844399225,34.65052032470703,14693900.0
2007-04-27,34.65051138951186,34.7393219415969,34.43189638944713,34.684669494628906,15118100.0
2007-04-30,34.79398525247669,34.99210595771135,34.684677726501874,34.77349090576172,19515200.0
2007-05-01,34.84180533674122,35.012598500156614,34.61635711010641,34.793983459472656,14725300.0
2007-05-02,34.85545836695168,34.97159643137676,34.78713955896983,34.84862518310547,11477800.0
2007-05-03,34.99210130546776,35.23804385773698,34.9101187173136,34.998931884765625,12718400.0
2007-05-04,35.183395399091104,35.22438670085783,34.90329468559465,35.00577163696289,13558200.0
2007-05-07,35.16972970283874,35.2243847688633,35.03309464387431,35.12873840332031,11593100.0
2007-05-08,35.03309156588095,35.17655979854188,34.90328970462243,35.115074157714844,10795300.0
2007-05-09,35.06042159396372,35.27220606214225,34.971608416198926,35.14923477172852,16584300.0
2007-05-10,35.14923390511366,35.16289767105574,34.527546888281854,34.554874420166016,17866500.0
2007-05-11,34.71882691924296,34.90328381057521,34.58219189535652,34.807640075683594,11040500.0
2007-05-14,34.86229092323794,34.94427349746892,34.541201628836646,34.691497802734375,16609200.0
2007-05-15,34.83498393823412,35.10825150806492,34.78715944226375,34.80082321166992,15653600.0
2007-05-16,35.07409264692101,35.12874511729403,34.74617000639044,34.92379379272461,18972400.0
2007-05-17,34.94427823566008,35.012594450686215,34.75298814261311,34.93061447143555,14744800.0
2007-05-18,35.06040475942663,35.09456285567429,34.91693919152908,35.033077239990234,14634500.0
2007-05-21,35.04675375814057,35.08091186682315,34.88962437332338,34.998931884765625,14297800.0
2007-05-22,34.98528225618998,35.26538303031901,34.95795471576332,35.18340301513672,16403900.0
2007-05-23,35.32003320949874,35.45666828657228,35.06726001087595,35.0809211730957,13478000.0
2007-05-24,35.32003227026154,35.34735980616902,34.81448328036228,34.87596893310547,17259600.0
2007-05-25,34.97842788696289,35.01258598621806,34.69832730331698,34.97842788696289,11556400.0
2007-05-29,34.998938557544115,35.18339550691396,34.951116675051615,34.97161102294922,14373200.0
2007-05-30,34.98543071267259,35.35842243206044,34.87491415972018,35.095947265625,16051700.0
2007-05-31,35.19956066313215,35.25482026587867,34.86110481853979,35.026878356933594,15938900.0
2007-06-01,35.05449336116455,35.22026946450411,34.86799623300321,35.07521438598633,14293500.0
2007-06-04,35.07522628698252,35.17192794885732,34.96470972556523,35.12357711791992,12758700.0
2007-06-05,35.075215380357534,35.089030275604294,34.91634803740258,34.99232864379883,12630000.0
2007-06-06,34.88181169387711,34.98542208951082,34.71603558784754,34.76438903808594,14588700.0
2007-06-07,34.74368159435172,34.88182797470149,34.35687489128004,34.39141082763672,21053100.0
2007-06-08,34.48119357800324,34.72985646239921,34.232533328529534,34.716041564941406,18402800.0
2007-06-11,34.60551980770011,34.73675999631991,34.40521041203946,34.57098388671875,13209900.0
2007-06-12,34.432842798242376,34.60552506430161,34.2946990933328,34.301605224609375,16877600.0
2007-06-13,34.53646656625438,34.798944449936435,34.36378423342311,34.78512954711914,19863000.0
2007-06-14,34.78512008333489,34.84728581163801,34.53645717012239,34.59171676635742,17525600.0
2007-06-15,34.65387985973797,34.79893498239365,34.5295510380543,34.59171676635742,27194200.0
2007-06-18,34.543345506427976,34.6331409865885,34.41901674879499,34.474273681640625,13196100.0
2007-06-19,34.65386976782969,35.10975339923844,34.64005750771592,34.91634750366211,25301000.0
2007-06-20,35.019946677013536,35.08901849513594,34.494991373567814,34.52262115478516,21505400.0
2007-06-21,34.55026379715813,34.62624440632874,34.336136865397506,34.46046829223633,19282200.0
2007-06-22,34.42593229699147,34.460468218834926,33.81118392944336,33.81118392944336,35893600.0
2007-06-25,33.970033842602646,34.177251902229806,33.610854642952624,33.74209213256836,20984900.0
2007-06-26,33.94932581345705,34.12200803502108,33.70756912231445,33.70756912231445,21003400.0
2007-06-27,33.70067298772163,33.98387180968054,33.53489684648898,33.97696304321289,16095400.0
2007-06-28,34.0045957940925,34.163463182662404,33.67995224988471,33.907894134521484,15200500.0
2007-06-29,34.00458134595318,34.08746807109324,33.56251529864417,33.76973342895508,19179000.0
2007-07-02,33.949330724563644,34.08747441386144,33.83190542675415,34.06675338745117,11098100.0
2007-07-03,34.184159167130666,34.32921153902599,34.01147701918277,34.22560119628906,8331400.0
2007-07-05,33.87334865633016,34.294693741347686,33.86643989120949,34.101287841796875,12644600.0
2007-07-06,34.05984973133821,34.10129178716945,33.74211237207312,33.94933319091797,20671200.0
2007-07-09,33.84572273661888,33.96314540788125,33.69376150564673,33.71448516845703,21405600.0
2007-07-10,33.56942949598176,33.65922500683595,33.34149028833296,33.403656005859375,27025200.0
2007-07-11,33.410565347273526,33.88717010574883,33.23788307476447,33.507266998291016,24178900.0
2007-07-12,33.569436542726926,34.22562977993494,33.50727081215096,34.211814880371094,18427900.0
2007-07-13,34.22562173876389,34.41211888667507,34.08747541050502,34.19108581542969,14025900.0
2007-07-16,34.080556905140995,34.522622887117386,34.080556905140995,34.27396011352539,14072800.0
2007-07-17,34.3499417379443,34.67458510606264,34.32922071782481,34.398292541503906,19572700.0
2007-07-18,34.094383239746094,34.384488149692345,33.52798568087028,34.094383239746094,28540200.0
2007-07-19,34.23942943506348,34.432832673002984,33.776642362873524,34.03221130371094,22329300.0
2007-07-20,34.02531204495851,34.03222081105583,33.22406644761451,33.36912155151367,32525300.0
2007-07-23,33.47271876578562,33.5694203812544,33.16879902646642,33.25859451293945,24454400.0
2007-07-24,33.10664658796419,33.25169906927372,32.464268302253465,32.56787872314453,33103600.0
2007-07-25,32.77510160094162,33.32077831021301,32.39520106173701,33.106651306152344,33727500.0
2007-07-26,32.699119058126406,32.96159688086541,32.395199171480975,32.623138427734375,51484500.0
2007-07-27,32.83724343742022,33.30003040739474,32.706003296444045,32.7474479675293,37536200.0
2007-07-30,33.08592313386018,33.251696633234275,32.77509452888092,32.947776794433594,35877300.0
2007-07-31,33.16190190484498,33.43819459025912,32.733650613883164,32.754371643066406,33880000.0
2007-08-01,32.67149880758572,33.05830820493954,32.388299870124854,32.89944076538086,48411400.0
2007-08-02,32.996107483797644,33.189510660027054,32.85105510162559,33.003013610839844,37180800.0
2007-08-03,32.91322723029125,33.22405307155358,32.44353145181865,32.46425247192383,43493200.0
2007-08-06,32.6645732845028,33.348393482145966,32.13271166693485,33.265506744384766,52233600.0
2007-08-07,33.182617644912725,34.08056470569464,32.878695236549646,33.617774963378906,46093100.0
2007-08-08,33.61777861216472,34.51572840532946,33.5418006367492,34.32923126220703,35709200.0
2007-08-09,33.36220404304683,33.98386108279242,33.09972633349629,33.3967399597168,39096900.0
2007-08-10,32.98231415990655,34.122018216259704,32.98231415990655,33.56252670288086,32166500.0
2007-08-13,34.04603515782984,34.05294128889326,33.431286731220005,33.50035858154297,26263700.0
2007-08-14,33.56942265734758,33.63849712659542,33.01684007797278,33.058284759521484,26116600.0
2007-08-15,33.08591884142852,34.032216796110085,32.92014272863927,33.31385803222656,40894900.0
2007-08-16,33.196435573994634,34.76439066754086,32.996123538338864,34.432838439941406,69390600.0
2007-08-17,35.7935656476057,36.45666465289469,34.895618748578386,35.75212097167969,63492600.0
2007-08-20,35.82120637111882,36.035330674825694,34.86109348245088,35.46893310546875,36334500.0
2007-08-21,35.227176677074425,35.89027584096752,35.01995851772306,35.43439483642578,26677700.0
2007-08-22,35.765940317577254,35.82810602174715,35.17882182757833,35.6761474609375,30700500.0
2007-08-23,35.93864270704983,35.97318127813473,35.39296859187698,35.800498962402344,37119400.0
2007-08-24,35.835022321669655,35.91100293551293,35.48274904565482,35.8281135559082,18412600.0
2007-08-27,35.75903187949283,35.75903187949283,35.061394284969595,35.13737487792969,24534600.0
2007-08-28,35.0614061413011,35.0614061413011,34.2946990933328,34.301605224609375,30401900.0
2007-08-29,34.54335324246685,34.95088342379016,34.26015448154196,34.91634750366211,25674300.0
2007-08-30,34.63314866614447,34.94397721645311,34.53644703603108,34.68149948120117,18907100.0
2007-08-31,35.44821933572089,35.46203423474344,34.90254268148159,35.00615310668945,22514200.0
2007-09-04,34.964699048246345,35.399859028718964,34.88871844142648,35.28243637084961,24405600.0
2007-09-05,35.156523167090675,35.156523167090675,34.69485781291817,34.93968200683594,27360000.0
2007-09-06,35.00964114222141,35.023631329227605,34.61792657946933,34.82777404785156,20653000.0
2007-09-07,34.39408407549135,34.77880752288579,34.10029817205032,34.289161682128906,32834000.0
2007-09-10,34.422058044848846,34.624911703313785,33.99536678682076,34.24718475341797,20641600.0
2007-09-11,34.43604976025321,34.82776691109159,34.310140771353545,34.58993911743164,21040400.0
2007-09-12,34.533983446620915,34.61792456377044,34.35911012175885,34.5479736328125,16901500.0
2007-09-13,34.66688444325951,35.14254003946001,34.66688444325951,34.876731872558594,23447600.0
2007-09-14,34.73682836088095,35.04460437421112,34.69485781291817,34.93968200683594,18494200.0
2007-09-17,34.86273478170169,35.15652059084921,34.53397218430434,34.63190078735352,19139500.0
2007-09-18,34.76481880405257,35.88400705728612,34.56895885847024,35.82105255126953,33475200.0
2007-09-19,35.988929836955066,36.32468629159359,35.4503196904448,35.723121643066406,34416800.0
2007-09-20,35.73711492483873,35.953958821316924,35.338403933642454,35.52726745605469,19987500.0
2007-09-21,35.8700149044586,35.99592390959042,35.42933605485234,35.842037200927734,26822400.0
2007-09-24,35.84203897494369,35.84903273408378,35.32441274285328,35.38736724853516,20674800.0
2007-09-25,35.04462559518796,35.38038484549732,34.91871654341097,35.12856674194336,20737300.0
2007-09-26,35.19149966216518,35.45730512529883,34.93268528776815,35.26144790649414,21087800.0
2007-09-27,35.33138985381631,35.42932111411914,35.044597833814464,35.394344329833984,13994900.0
2007-09-28,35.43632655762003,35.43632655762003,35.05160581878025,35.16352462768555,14729500.0
2007-10-01,35.00263794012973,35.4433167043426,34.806778043236065,35.422332763671875,22172400.0
2007-10-02,35.6741480804668,36.28270632999436,35.639173959156835,36.17778396606445,26625200.0
2007-10-03,35.988923928849914,36.39462857763598,35.93995962069219,36.32468032836914,16454000.0
2007-10-04,36.40161684314186,36.71638923098699,36.37363648236583,36.65343475341797,16592800.0
2007-10-05,36.75835482228441,37.03115665203328,36.73037446324506,36.87027359008789,16607600.0
2007-10-08,36.82831638339132,36.82831638339132,36.54851804869105,36.6744270324707,10854900.0
2007-10-09,36.82132607182125,36.82832249894562,36.42261511309566,36.77236175537109,14764200.0
2007-10-10,36.51354022194957,36.70939743536961,36.35965088663131,36.58348846435547,15382700.0
2007-10-11,36.72337250978562,37.04513856184752,36.45756449495682,36.66741180419922,18522300.0
2007-10-12,36.70940334598013,36.77235784162355,36.36665316730858,36.422611236572266,14666500.0
2007-10-15,36.37364093059031,36.42260523375929,35.66015765367236,35.96793365478516,20870800.0
2007-10-16,35.674164826379226,35.77908990791673,34.95368744944577,35.11457061767578,28061000.0
2007-10-17,35.47830722889417,35.51328136633406,34.603940451118625,34.99565505981445,28344700.0
2007-10-18,33.883450199630325,34.26117717419173,33.40779460240962,34.17024230957031,49030200.0
2007-10-19,34.016354643110446,34.13526720483183,33.253906957790846,33.2748908996582,35663200.0
2007-10-22,33.19094829594929,33.68059400208793,32.87617586569199,33.42177963256836,25526300.0
2007-10-23,33.78551636660408,33.78551636660408,33.044055384614026,33.42177963256836,20194300.0
2007-10-24,33.33083686928794,33.41477526792509,32.49144487785572,33.21192169189453,28020700.0
2007-10-25,33.086018479105014,33.463745340797495,32.49145049442001,32.87617111206055,34432800.0
2007-10-26,33.54069492375455,33.890441476310166,32.74327321086445,33.59665298461914,26594400.0
2007-10-29,33.79950760948357,33.883446037401306,33.344836010583016,33.56167984008789,17553900.0
2007-10-30,33.526701637147646,33.7015748972336,33.20493547899449,33.56867218017578,20259000.0
2007-10-31,33.78553178411623,33.981391756962054,33.10702497855141,33.771541595458984,29107800.0
2007-11-01,32.70131249456504,32.87618582341298,31.81295566381487,31.973838806152344,48004100.0
2007-11-02,32.19067687886705,32.26762155659593,30.931589672303403,31.55413818359375,51566400.0
2007-11-05,30.70775136490113,31.54714103789553,30.267069918730783,31.092472076416016,37758000.0
2007-11-06,31.12045235620935,31.93885808558332,31.12045235620935,31.86890983581543,31114100.0
2007-11-07,31.4771782726618,31.547126490370776,30.25306578428051,30.29503631591797,43617100.0
2007-11-08,30.32303437672023,31.06449825706759,29.39270964798808,30.427959442138672,48097300.0
2007-11-09,30.323011647102064,31.54013028653232,29.79139829607999,30.76369285583496,45235900.0
2007-11-12,30.4629107400089,31.74298383782957,30.4629107400089,30.76369285583496,32698500.0
2007-11-13,31.127447698786163,32.44249567454839,30.90361008610597,32.36555099487305,40882500.0
2007-11-14,32.764267220631666,32.86919228599009,31.70103705386361,31.987829208374023,33978500.0
2007-11-15,31.92487763429697,32.036796469056995,30.637809700378916,30.833669662475582,32015600.0
2007-11-16,30.980548594985287,31.12744149873157,30.41395824979409,31.03650665283203,33513600.0
2007-11-19,30.83366205925445,30.83366205925445,29.92431874916274,29.952299118041992,32492400.0
2007-11-20,29.938294647190265,30.525868771492707,29.189837481137022,29.91731071472168,43513500.0
2007-11-21,29.651533174173476,30.309058863639933,29.32277032944024,29.476659774780277,29442100.0
2007-11-23,29.777428604636757,30.316038748422663,29.66550978699001,30.183135986328125,14465600.0
2007-11-26,30.24609403426217,30.26008155329729,29.252812076378238,29.294782638549805,31375200.0
2007-11-27,29.70048695147859,30.30205165842064,29.38571441082806,30.036243438720703,35700800.0
2007-11-28,30.56784009574857,31.477180327082447,30.078194534767672,31.372255325317383,36845200.0
2007-11-29,31.337298272678357,31.393259015642997,30.79169437054858,31.218385696411133,22607000.0
2007-11-30,32.27459476654507,32.66631166361402,31.896868044552125,32.267601013183594,45494200.0
2007-12-03,32.351555835605765,32.435494260364315,31.69403328301401,31.805952072143555,25093100.0
2007-12-04,31.477201018936288,31.491191206258463,31.106470394142544,31.27434730529785,24637200.0
2007-12-05,31.58658052465765,32.133012391212205,31.4730364164843,32.097530364990234,29247800.0
2007-12-06,32.06914579484332,32.62977105060804,31.87753959197037,32.615577697753906,21654800.0
2007-12-07,32.6439653076944,32.934922281500505,32.16850015588419,32.19688415527344,23926800.0
2007-12-10,32.289149721635056,33.19750295742026,32.22528096554978,33.09815216064453,30544800.0
2007-12-11,33.01297935469779,33.35361165955985,31.57948337979603,31.685932159423828,33997700.0
2007-12-12,31.891740208554907,32.38849684317099,30.167286697038403,30.820167541503903,62623400.0
2007-12-13,30.422757666931236,30.614363888092,29.812456971479637,30.55049514770508,37553200.0
2007-12-14,30.10342112194281,30.692433279668798,29.883430847168267,29.91891288757324,33028000.0
2007-12-17,29.812452730853582,29.94728822310513,29.280214205705168,29.59246253967285,39410600.0
2007-12-18,29.90470937319052,29.947289431478342,28.93958304217506,29.450532913208008,34660100.0
2007-12-19,29.578259656155467,30.231137403876424,29.43632888709744,29.51439094543457,26788600.0
2007-12-20,29.69891870653765,29.805367530560645,28.975076448763076,29.38667297363281,28801500.0
2007-12-21,29.670525368965556,29.855033537861893,29.145382153159485,29.748584747314453,42798800.0
2007-12-24,29.61375865881376,30.28083013679932,29.61375865881376,30.00406646728516,12722200.0
2007-12-26,29.862135655936616,30.032450495603083,29.627949367513263,30.01825714111328,15446400.0
2007-12-27,29.805362106419565,29.82665078450752,29.322798884318612,29.422149658203125,19281700.0
2007-12-28,29.59245261035122,29.72728535025645,28.982152206488404,29.16666030883789,23522900.0
2007-12-31,29.031837413249743,29.52149588356744,28.81894254385532,29.280214309692383,24663300.0
2008-01-02,29.471822559898037,29.486015913128316,28.634433669048786,28.783462524414062,30764600.0
2008-01-03,28.83313760490833,28.96087507553645,28.563469310570603,28.59895133972168,22589500.0
2008-01-04,28.38605082421396,28.59185034239465,28.21573332814258,28.27960205078125,34921700.0
2008-01-07,28.42153817307,28.556373672302847,27.8609129145146,28.315092086791992,31884400.0
2008-01-08,28.51379078025274,28.53507945397193,27.165452164533683,27.257707595825195,42143300.0
2008-01-09,27.23642263512967,27.527379613078583,26.55515520508617,27.49189758300781,44276900.0
2008-01-10,27.25061289526103,28.251221189464086,26.89578722062016,27.88929748535156,60532300.0
2008-01-11,27.967363599518293,28.229933878623083,27.073203961620813,27.32158088684082,79116300.0
2008-01-14,27.5060873631482,27.889299772897537,27.257710453369157,27.832529067993164,37063400.0
2008-01-15,27.534471642155754,27.534471642155754,26.83191832664641,26.881593704223636,42560000.0
2008-01-16,26.739655359641187,27.96735151561447,26.739655359641187,27.45640182495117,46457400.0
2008-01-17,27.797038416435612,27.797038416435612,26.1009723466142,26.193227767944336,46725700.0
2008-01-18,26.434512125476704,26.597731607036444,24.93005205914367,25.526159286499023,60762800.0
2008-01-22,23.50365998023537,27.66221874447132,23.50365998023537,26.53387260437012,85919200.0
2008-01-23,26.136471726997467,29.09571782598549,25.973249464256757,28.79056739807129,93531900.0
2008-01-24,28.740881846114547,28.946681402866066,27.569955947319624,28.315092086791992,109818800.0
2008-01-25,28.4712070777932,28.776357328493837,27.804135884712892,28.017030715942383,78213500.0
2008-01-28,27.981566112268204,29.294420644618278,27.78995983276571,29.23764991760254,47332200.0
2008-01-29,29.56407960142768,29.89051862206484,29.09570974791617,29.76278114318848,54214400.0
2008-01-30,29.691811709049052,31.004665584653885,29.25892396528925,29.954381942749023,71585900.0
2008-01-31,29.64924508431484,31.579498439473504,29.35828801596574,31.33112144470215,80378600.0
2008-02-01,31.309814354142244,31.99108165423564,31.274332330839584,31.955596923828125,60211900.0
2008-02-04,31.756906395661137,31.82077514250648,31.153703669870783,31.24595642089844,36302000.0
2008-02-05,30.529208605437944,30.79177890890387,30.01825864660202,30.067934036254883,55739200.0
2008-02-06,30.309206793126634,30.749192554336663,29.954381138211723,30.03954124450684,37702200.0
2008-02-07,29.92599619073508,31.08982668106185,29.72019935621788,30.77757835388184,47817600.0
2008-02-08,30.671144596847043,30.75630203524021,29.486024956156538,29.91891288757324,44693100.0
2008-02-11,30.366002712032056,30.366002712032056,29.57119070659805,29.904727935791016,36314700.0
2008-02-12,30.096309256272058,30.74918981075714,29.92599176598322,30.387266159057617,39998300.0
2008-02-13,30.55760027729532,30.86275069591158,30.16728971364233,30.74920654296875,33394600.0
2008-02-14,30.79888283653389,30.940811001511086,29.897624911976347,29.97568702697754,37342100.0
2008-02-15,29.805354226796165,30.30211067199707,29.578266030208013,30.30211067199707,51280800.0
2008-02-19,30.642752260162744,30.727909682933497,30.05374021049304,30.28082847595215,32874300.0
2008-02-20,29.9472872415242,30.66403390743837,29.72729435044904,30.49371910095215,38450800.0
2008-02-21,30.53629581587057,30.869832806722545,29.805355813387287,29.954381942749023,36158900.0
2008-02-22,30.018262362688223,30.266642048806183,29.11700449910692,30.231157302856445,33756000.0
2008-02-25,29.996975415962623,30.53630947606002,29.606667551892723,30.47244071960449,29972200.0
2008-02-26,30.309209038268264,30.671132749069567,30.039543469673102,30.316307067871094,30539700.0
2008-02-27,30.05373634847353,30.69242370494456,29.940192230334823,30.42985343933105,29710100.0
2008-02-28,30.22405425488427,30.330503051320918,29.344085298043336,29.393760681152344,34949400.0
2008-02-29,29.10990251060498,29.14538454132645,28.059618700037998,28.201549530029297,39711500.0
2008-03-03,28.201549690454875,28.35767116793853,27.371256089901102,27.80414390563965,37261500.0
2008-03-04,27.506100829501968,27.740287208036143,26.81064243453494,27.520294189453125,46582400.0
2008-03-05,27.888281708219008,27.94600504918138,26.849234045579948,27.09456443786621,51850800.0
2008-03-06,26.66161963042664,26.86365537593289,26.17817341471163,26.351348876953125,51961200.0
2008-03-07,26.0050015561371,27.10898656240165,25.903983680077687,26.510093688964844,43862700.0
2008-03-10,26.791503771636137,26.842012714107103,25.362816357748187,25.4782657623291,50356100.0
2008-03-11,26.625551172856746,27.238875751005857,25.67309269130224,27.21722984313965,68076000.0
2008-03-12,26.943025662701803,28.068659215531795,26.68326386185408,26.71934127807617,41747400.0
2008-03-13,26.235905743881943,27.09456061961364,25.579286661844467,26.79872131347656,53560500.0
2008-03-14,27.044048785555454,27.137852287989357,25.398894063799755,25.752456665039062,57591200.0
2008-03-17,24.79279398911116,26.26477657170256,24.713421974481417,25.947288513183597,67553100.0
2008-03-18,26.748219045223745,28.090320587158203,26.33693021818344,28.090320587158203,68660600.0
2008-03-19,28.342858565111168,29.194299063984417,27.70067099872213,27.82333755493164,61962200.0
2008-03-20,28.032599649004247,30.29829993680857,27.85942682285474,30.204496383666992,69566900.0
2008-03-24,30.125109138981056,31.35897522394624,29.908641839386803,30.63020133972168,62674600.0
2008-03-25,30.05296826640524,30.485903066934576,29.367485871790187,29.56230735778809,52389000.0
2008-03-26,29.028329215302165,29.187073136132536,28.14081164003544,28.74692153930664,51047100.0
2008-03-27,28.869585551729028,29.13656446687374,27.85940421229541,27.88105010986328,42795300.0
2008-03-28,27.98207313914764,28.24905210362536,27.404826159587618,27.46976661682129,38462100.0
2008-03-31,27.52748833948624,28.862371940733027,27.260509417212653,27.35431289672852,37031600.0
2008-04-01,28.32842841453797,29.497356937205108,28.277919463222517,29.482925415039062,52432700.0
2008-04-02,29.504566173534336,29.94471788893324,28.8768102077762,29.078845977783203,40527100.0
2008-04-03,28.638686325612547,29.34581407719839,28.31398685738131,29.12934684753418,31047600.0
2008-04-04,29.021136651994308,29.064428479291397,28.364517330176717,28.43667221069336,31394100.0
2008-04-07,28.75414306537876,29.1510029660613,28.40058047526451,28.501598358154297,32126700.0
2008-04-08,28.270703746570977,28.35729012295676,27.59965313638576,27.693456649780277,39627900.0
2008-04-09,27.87385925700748,27.996523116808447,27.31825781268727,27.36876678466797,31935100.0
2008-04-10,27.375963663473183,27.635725497541216,26.957460627220847,27.19557380676269,37341200.0
2008-04-11,26.820379293987493,27.332688898336027,26.55340291033487,26.654420852661133,35756400.0
2008-04-14,26.26476078367397,26.36577864974088,25.57206173308725,25.67308235168457,44191700.0
2008-04-15,26.05550791680371,26.308052581970983,25.449397967871835,25.67308235168457,44341600.0
2008-04-16,26.264766429560687,26.683269500732425,26.069945037754,26.683269500732425,38112700.0
2008-04-17,26.48845170546168,27.2316599497532,26.1565349569602,27.03683853149414,30100100.0
2008-04-18,27.75839708459279,28.588188924998907,27.505849587705583,27.82333755493164,48291900.0
2008-04-21,27.26774030392276,27.599657088034,26.957469428874354,27.137859344482425,38324400.0
2008-04-22,27.145072420959707,27.217230035242235,26.481238884749672,26.69770622253418,42136100.0
2008-04-23,26.84201384130039,26.93581734662745,26.33692164284913,26.596683502197266,30227300.0
2008-04-24,26.704915028729,27.556355431666265,26.61832866221041,27.32545661926269,39720600.0
2008-04-25,27.614088649013297,27.909928000910224,27.08735042502763,27.63573455810547,34667400.0
2008-04-28,27.69345337544349,27.830548684555783,27.31824211875983,27.54914093017578,24256800.0
2008-04-29,27.46977177859002,27.729533656335843,27.195578379577064,27.31824493408203,28257700.0
2008-04-30,27.426476226995025,27.73674704173545,27.00075599880685,27.087345123291016,33748000.0
2008-05-01,27.17393391974926,28.494389284369166,27.10177906210581,28.422231674194336,41524300.0
2008-05-02,28.934542952076654,29.331402990241745,28.422236224213137,28.710861206054688,44354600.0
2008-05-05,28.429459265228378,28.523260064149927,27.99652170257876,28.11918830871582,32767200.0
2008-05-06,27.89549705604736,28.45831272437316,27.49863978344502,28.314002990722656,35600200.0
2008-05-07,28.34287104414206,28.44388898636144,27.311040201417008,27.41927528381348,36551000.0
2008-05-08,27.570790055178048,27.642947662508863,26.85644763405623,26.93581962585449,36001600.0
2008-05-09,26.849229581915655,27.036836602050023,26.358568878915104,26.445158004760746,43012400.0
2008-05-12,26.56782019680385,27.11620695052228,26.5245256365005,27.015186309814453,26709900.0
2008-05-13,27.02962443520267,27.130642348065443,26.336927816259344,26.41629981994629,35473600.0
2008-05-14,26.510098692179923,26.69770296133504,26.336923191587264,26.553390502929688,28741400.0
2008-05-15,26.61110989682383,26.61832427929124,26.055508860795964,26.48844337463379,46841100.0
2008-05-16,26.538967824116284,26.56783087592021,26.005015128404157,26.09881591796875,32144800.0
2008-05-19,26.1348946620926,26.495674532071646,25.72360583051904,26.04830551147461,37786200.0
2008-05-20,25.86069787526423,25.94006987689049,25.449409096411436,25.53599548339844,36536800.0
2008-05-21,25.5432110887996,25.651443377906947,24.893806344029723,24.98760986328125,44293800.0
2008-05-22,25.07419829297513,25.492704218792504,24.886593991681192,25.05976676940918,40330700.0
2008-05-23,24.951530135614263,24.98039042519941,24.460869429761352,24.482515335083008,42429400.0
2008-05-27,24.5474531573328,24.78556634779568,24.323768733841455,24.655685424804688,37972000.0
2008-05-28,24.85050526009062,24.87936829729614,23.99185054720691,24.43921661376953,46624900.0
2008-05-29,24.37427907079412,25.088624188127085,24.294907085253676,24.96595764160156,37973700.0
2008-05-30,25.110268141707643,25.16077708266767,24.51858961686369,24.54023551940918,31973900.0
2008-06-02,24.417575203287548,24.48973005704216,23.955777533183117,24.22997093200684,39784200.0
2008-06-03,24.38872285669714,24.48252640974162,23.73932063051,24.035160064697266,47951400.0
2008-06-04,23.770309010461528,23.983658450445372,23.40246006777092,23.53488540649414,61136800.0
2008-06-05,23.64523938768782,23.821807441470117,23.21853629803912,23.53488540649414,52548300.0
2008-06-06,23.284740858375773,23.314169324833216,22.357765213364058,22.438692092895508,70192800.0
2008-06-09,22.644691065067967,22.6961894870492,21.58528994421564,21.78392791748047,69906600.0
2008-06-10,21.59264659221505,22.46076683879784,21.57057523903479,21.791284561157227,61912700.0
2008-06-11,22.107629256260417,22.203270370728895,21.210082061674477,21.224796295166016,68528000.0
2008-06-12,21.37193539235353,22.100274547816277,21.33515121017835,21.65885734558105,61131700.0
2008-06-13,21.90899085998535,21.99727344699853,21.36457689598268,21.90899085998535,51467700.0
2008-06-16,21.828069163799405,22.629976769396293,21.666216780397253,22.306270599365234,45187700.0
2008-06-17,22.600552879041626,22.72562110168485,21.460226039762283,21.5117244720459,44534100.0
2008-06-18,21.224795307904515,21.29836506871362,20.599454445866836,20.871662139892575,73024600.0
2008-06-19,20.937866106754782,20.9452232206023,19.84903851538957,20.70244407653809,104447300.0
2008-06-20,20.091821643025888,20.673021123179552,19.8269725081339,19.93732643127441,89929700.0
2008-06-23,19.99618969705699,20.05504523908109,19.003001197576825,19.03978538513184,69725400.0
2008-06-24,19.10599148984989,19.746046517575984,18.796999649434945,19.58419418334961,74750100.0
2008-06-25,19.782838879104744,20.555319501425576,19.385564293156328,19.576845169067383,72567600.0
2008-06-26,19.039781512775907,19.039781512775907,18.193732742040805,18.252588272094727,96150100.0
2008-06-27,18.39237116399149,18.71607728938118,17.840600029071748,18.09073638916016,83313400.0
2008-06-30,18.20108488042125,18.421794110175952,16.508987801765898,17.561031341552734,79478800.0
2008-07-01,17.149053443594887,17.825893033382428,16.678208999647772,17.51690101623535,105853900.0
2008-07-02,17.69345940791428,17.870027395045017,16.582561492919922,16.582561492919922,76056000.0
2008-07-03,16.7370562125454,16.832695916340317,15.979290085453258,16.479562759399414,46598700.0
2008-07-07,16.63406231569514,16.884198696624892,15.523162836442811,15.83951187133789,98083400.0
2008-07-08,15.861579598248564,17.41389608537615,15.537874894466484,17.318256378173828,104967400.0
2008-07-09,17.355053155313698,17.656688131976768,16.08965767768393,16.22943878173828,97149900.0
2008-07-10,15.905724045051366,17.068121908240432,15.655587671674144,16.450138092041016,112748800.0
2008-07-11,15.67765339269077,16.531059117658817,15.33187739483818,15.942503929138184,133737500.0
2008-07-14,16.77384119768054,16.876839425833154,14.750680459208144,14.82425022125244,102861100.0
2008-07-15,14.382830425482268,14.912531492880891,13.566210285286456,13.625065803527832,186221000.0
2008-07-16,14.309264853090882,16.86212538096517,14.007630088246788,16.67820167541504,191122800.0
2008-07-17,17.619894786933074,19.49591636657715,17.509539420767258,19.49591636657715,189147600.0
2008-07-18,20.20217563276839,20.592094325925043,18.833784455507423,20.22424697875977,157811600.0
2008-07-21,22.298912077089685,22.732972181340426,20.74659678873398,21.011445999145508,163781600.0
2008-07-22,20.48910610023459,24.6016398732337,20.0109046292558,23.799732208251957,139814700.0
2008-07-23,23.579014094037785,25.20489867441354,23.35830624981819,24.60162925720215,159601900.0
2008-07-24,24.77084542980688,25.0136260889442,22.42397975707912,22.541690826416016,120641100.0
2008-07-25,22.5122593287674,22.87274958304624,21.3425045796951,21.761850357055664,89735800.0
2008-07-28,21.585290530563636,22.50490924299996,20.555317853280304,20.643600463867188,73281800.0
2008-07-29,20.71716453774165,23.704086303710938,20.452313972445,23.704086303710938,109271100.0
2008-07-30,24.55749227566113,25.381469634510925,23.53487558836658,24.726701736450195,119467100.0
2008-07-31,24.07928758682229,24.895909166169165,23.63051336347292,24.2043571472168,66288700.0
2008-08-01,24.425076477539125,24.64578443356384,23.490743417462387,24.52071762084961,58692700.0
2008-08-04,23.98365498069465,24.719349953187784,23.321531189322997,23.998369216918945,59095000.0
2008-08-05,24.483924909144392,25.160765663651315,24.314715422130977,24.704635620117188,74277800.0
2008-08-06,24.292646400046834,24.99891284402502,23.70409103006501,24.60899543762207,55622800.0
2008-08-07,24.101362221692607,24.67520611714104,22.916894459005835,23.18910217285156,77877400.0
2008-08-08,22.784475586090107,24.094013302825218,22.637337415489952,23.72616577148437,61163900.0
2008-08-11,23.6746625661072,24.998912850523908,23.556951492080238,24.557497024536133,63158700.0
2008-08-12,24.24850121710375,24.27792968420911,22.68882894440991,22.902179718017575,59264100.0
2008-08-13,22.423979774985927,22.549047961659586,20.967304238358565,21.232154846191406,98225700.0
2008-08-14,21.291010376337717,22.431336887414822,21.062943951540984,22.203271865844727,64682500.0
2008-08-15,22.43869685347127,23.174391832273606,22.262130226945924,22.58583641052246,55464900.0
2008-08-18,22.593190240727385,22.666760013115727,21.55586051940918,21.55586051940918,59555500.0
2008-08-19,21.305732546113155,21.33516102797669,20.415542018150106,20.658321380615234,71296800.0
2008-08-20,20.820159175408133,21.629423615430365,20.39345631113841,21.548498153686523,63148100.0
2008-08-21,21.077650667866607,21.592637465246355,20.584735214337808,21.36457252502441,49905900.0
2008-08-22,22.056134202968007,22.38719749083923,21.541148581334355,22.225343704223636,55439800.0
2008-08-25,22.026709187651463,22.1076346852749,21.22480150738145,21.305727005004883,41479400.0
2008-08-26,21.371932997909987,21.69563909704569,20.930517248356196,21.349863052368164,43496300.0
2008-08-27,21.46021563155749,21.9531311637077,21.180652247651658,21.8133487701416,39123300.0
2008-08-28,22.21063081501072,23.122892379760746,21.923708831845957,23.122892379760746,64508600.0
2008-08-29,22.799188113264357,23.1596784985399,22.60055012447164,22.909542083740234,40830800.0
2008-09-02,24.079298055897112,24.38093290670023,23.58638373165093,24.00572967529297,70626400.0
2008-09-03,24.17080976024711,24.756134033696725,23.675537136620104,24.733619689941406,71778400.0
2008-09-04,24.448463824804843,24.613552784903007,22.887602969554788,22.962644577026367,70001300.0
2008-09-05,22.572431363118543,24.230845453106472,22.37732373892586,24.18581962585449,85388200.0
2008-09-08,26.45957347584649,26.789757182089907,25.10132714367164,26.06185531616211,164205500.0
2008-09-09,25.739179235907603,26.33950938778242,24.23835242492057,24.403444290161133,107012300.0
2008-09-10,24.741122178540987,25.033782845559383,23.412890575258366,24.313386917114254,88138200.0
2008-09-11,23.232796486361664,24.936235123917086,22.79005392937532,24.808666229248047,93465600.0
2008-09-12,24.22334485821863,25.814223407562423,24.088270210395105,25.31895065307617,79018300.0
2008-09-15,21.1841700108152,22.59494800915988,19.92347526550293,19.92347526550293,275947400.0
2008-09-16,18.78284923185796,22.324800212487037,18.760336313014317,22.17471694946289,174575700.0
2008-09-17,21.476826425875977,22.06214780617412,19.900958418727917,20.41123962402344,174479800.0
2008-09-18,21.101623369309625,24.088266633735387,20.15610240623723,22.94763946533203,225157700.0
2008-09-19,28.92092931849513,29.64132540070352,25.821721582665845,28.125490188598636,169634200.0
2008-09-22,26.992365502104214,27.007374110607003,25.51405048447212,25.62661361694336,64641500.0
2008-09-23,25.81422414674866,26.602157706548223,24.013230699263808,24.988767623901367,54546200.0
2008-09-24,25.341455771075243,25.94929153351289,24.763637225631907,24.816165924072266,46292200.0
2008-09-25,25.566576980211853,26.63966806361321,25.153850301041896,25.79170036315918,60479300.0
2008-09-26,25.33394480354872,28.14049103572147,24.981252595801514,27.5401611328125,71964400.0
2008-09-29,27.54017604355005,27.54017604355005,22.700008392333984,22.700008392333984,102415400.0
2008-09-30,24.313397206528627,26.58714907032097,23.900668945470223,26.26447105407715,79197200.0
2008-10-01,25.941782671204383,28.89090661435273,25.67913921065897,28.61325454711914,77465900.0
2008-10-02,28.395636507660928,28.8458832969736,27.24750519109412,27.29252815246582,60475000.0
2008-10-03,28.410648184326888,28.890912241494235,25.52906097872322,25.874250411987305,71040700.0
2008-10-06,23.848133881672982,25.13134129859052,23.0977206228182,24.178316116333008,82372200.0
2008-10-07,22.24975125289898,22.692495158570026,17.837322235107422,17.837322235107422,143285000.0
2008-10-08,15.27091347039725,17.784798728001714,15.015772791637394,16.584136962890625,322727700.0
2008-10-09,17.507141461512564,18.00991840764463,14.64056301063708,14.73061180114746,197845600.0
2008-10-10,14.558020333758964,16.621657277318352,14.250350940314112,15.661128997802734,212897700.0
2008-10-13,17.84483610332905,18.242554399309945,16.246454317672594,17.101926803588867,169776400.0
2008-10-14,19.83342281901766,20.41874424956956,18.760331621272897,19.90846443176269,213923300.0
2008-10-15,19.06050055691302,19.57078191085636,17.709756975192416,17.874847412109375,118298900.0
2008-10-16,18.317589134467852,18.775341720376996,16.591639060833128,18.19752311706543,132357000.0
2008-10-17,17.664728639932367,18.595240900700045,17.379570802631164,17.439603805541992,113718000.0
2008-10-20,17.949890974887612,18.34761064510328,17.267014804481573,18.310089111328125,84862900.0
2008-10-21,17.97240050494714,18.700300947276435,17.784797165360214,17.987407684326172,75498200.0
2008-10-22,17.589682913911982,18.302574477806893,16.253947122475115,17.00436019897461,99175000.0
2008-10-23,16.94433819394481,17.409595232740052,16.178916016233416,17.259511947631836,97334900.0
2008-10-24,15.375973685437051,16.71171033861651,15.375973685437051,15.811213493347168,106422900.0
2008-10-27,15.661130351028826,16.359013702678656,15.375972419933053,15.40598964691162,73489800.0
2008-10-28,15.976307494237018,17.462126196205475,15.023281803371209,17.27452278137207,110456600.0
2008-10-29,17.25950495415014,17.86733929307586,16.5841333074216,16.749223709106445,110623200.0
2008-10-30,17.49213770517185,17.619708053200736,16.636666801507626,17.094419479370117,77086600.0
2008-10-31,16.77173735687076,18.137489318847656,16.77173735687076,18.137489318847656,134621200.0
2008-11-03,17.987406267816215,18.054943579252928,17.334547498994354,17.71725845336914,59182300.0
2008-11-04,18.032433772646893,18.47517777486847,17.612201255463756,18.40764045715332,89542600.0
2008-11-05,18.092463072228792,18.27256207207844,16.178908515139483,16.321487426757812,88416800.0
2008-11-06,16.223935115382616,16.74171922800463,14.978247802004391,15.098315238952637,118548800.0
2008-11-07,15.338455498621167,15.56357902244918,14.97075297967517,15.375975608825684,82003200.0
2008-11-10,15.7962002444676,15.863737559614291,14.295373563518664,14.618051528930664,79599800.0
2008-11-11,14.370417040894562,14.505491688643447,13.69504523345018,14.025227546691896,103837200.0
2008-11-12,13.770087017890225,14.137789434608267,12.757028579711914,12.757028579711914,101948600.0
2008-11-13,12.877093800105902,13.057192843938855,11.166151452392876,12.832069396972656,197772100.0
2008-11-14,12.636957600725342,13.537453956111271,12.15669364121258,12.321784019470217,124550600.0
2008-11-17,12.164200553615585,12.216730694022605,11.241192413106193,11.27871322631836,130129600.0
2008-11-18,11.38376911512156,11.796496547758997,10.911008679444118,11.39877700805664,149127600.0
2008-11-19,11.11362112917044,11.241190729950697,9.70284405944,9.800397872924805,173059700.0
2008-11-20,9.612793075099114,9.935470253320007,8.254544915093316,8.442148208618164,196136500.0
2008-11-21,9.064994537069335,9.125027556600918,7.511638904302087,8.607242584228516,229691500.0
2008-11-24,9.447701123424697,11.143634915527002,9.327635140912976,10.948527336120604,197880500.0
2008-11-25,11.428796451369074,11.631408425519163,10.438250930590936,11.106119155883787,145943000.0
2008-11-26,10.745914687669533,11.601385825541692,10.318179476558278,11.57887363433838,118890800.0
2008-11-28,11.578883454082266,12.299279908734697,11.563874836785208,12.194222450256348,52660100.0
2008-12-01,11.6989418559147,11.706446159640766,9.582776869349942,9.642809867858888,127347400.0
2008-12-02,10.10056182310526,11.02356972678574,9.687834414970574,10.783437728881836,136087200.0
2008-12-03,10.514811961712564,11.650719051814669,10.276885966238384,11.550943374633787,128501000.0
2008-12-04,11.313015355789458,11.788868024366913,10.69133716456298,11.006013870239258,107562100.0
2008-12-05,10.668317801163044,11.865625765418828,10.553192359116206,11.69677448272705,140156600.0
2008-12-08,12.425898602700205,13.81508137557469,12.318446974327951,13.692280769348145,164101500.0
2008-12-09,13.3545801119202,13.769033309909942,12.970827801440317,13.009203910827637,116333600.0
2008-12-10,13.254806916591845,13.323882458768798,12.318450217703818,12.809654235839844,88454000.0
2008-12-11,12.53335046927176,12.564051356947097,11.38209353162684,11.443493843078612,107442900.0
2008-12-12,10.829489900175028,11.581644806685498,10.66831390106203,11.458844184875488,119512500.0
2008-12-15,11.55094342899102,11.58931880223339,10.668312772214003,10.82948875427246,81959400.0
2008-12-16,10.883214074905109,11.666068286498431,10.368985999899476,11.58931827545166,183131000.0
2008-12-17,11.374418482684996,11.81189662336866,11.12881723314291,11.220917701721191,96214400.0
2008-12-18,11.397444411461416,11.59699506533855,10.675989626380437,10.714365005493164,102574800.0
2008-12-19,10.798789078321454,11.029040595980955,10.438062457002612,10.59156322479248,104069400.0
2008-12-22,10.66831796913912,10.752743977789178,10.138739902655692,10.3843412399292,72654800.0
2008-12-23,10.307584984081354,10.422710358649269,9.762656796024611,9.78568172454834,68454600.0
2008-12-24,9.78568761435017,10.407366914260882,9.778012389572943,10.3843412399292,38022300.0
2008-12-26,10.4841119838805,10.591562883849251,10.200135389623124,10.253860473632812,43646200.0
2008-12-29,10.41503299439951,10.53783356384474,9.731954643873138,9.93150520324707,62741300.0
2008-12-30,10.04663305175076,10.161758422851562,9.716605914402878,10.161758422851562,72897800.0
2008-12-31,10.046632193216166,10.837161479361868,9.977556683678824,10.806461334228516,113351000.0
2009-01-02,10.68366199225608,11.18253959149541,10.522486028633493,10.99833869934082,86580700.0
2009-01-05,11.036716685287583,11.167192531156967,10.660639591640273,10.729714393615724,93640500.0
2009-01-06,10.952293122010174,11.366745657284689,10.79879158661626,10.959967613220217,111015400.0
2009-01-07,10.82948721133215,10.844837651221775,10.445734997482615,10.522485733032228,112810000.0
2009-01-08,10.606916606431994,10.737392487195743,10.24618986027306,10.39201545715332,93943500.0
2009-01-09,10.499460458956122,10.576210460025852,9.939181864595836,9.969882011413574,74813700.0
2009-01-12,9.870108300176298,9.900808453055951,8.688151316385515,8.772577285766602,122567000.0
2009-01-13,8.588374934740386,8.634425526271535,8.02809700748244,8.173922538757324,242917900.0
2009-01-14,7.744120340851369,8.043446620397704,7.744120340851369,7.828545570373535,166801200.0
2009-01-15,7.444792482165916,7.460142921395475,5.6411572278241335,6.385636329650879,552512600.0
2009-01-16,6.899866980020317,7.153143468892288,5.372532824228854,5.510683536529541,494599400.0
2009-01-20,4.973429058229851,4.988779133231577,3.87589778066978,3.914272785186768,413433500.0
2009-01-21,4.251975156629631,5.28043136563976,4.11382447006583,5.126930236816406,438488400.0
2009-01-22,4.8890039488305925,4.912029246609839,4.22127507090343,4.382451057434082,362515000.0
2009-01-23,4.12149994792885,4.819929439351105,4.06777485580196,4.789228916168213,301305600.0
2009-01-26,4.958080340099514,5.357182765340895,4.60502815246582,4.60502815246582,267222800.0
2009-01-27,4.835279244313755,5.073205632199391,4.7585284896621705,4.9887800216674805,190621000.0
2009-01-28,5.863735426986997,5.994211276119943,5.4492829450204265,5.671859264373779,357522100.0
2009-01-29,5.3418302104106745,5.526031075471587,5.149954126318264,5.20367956161499,175314200.0
2009-01-30,5.28043147328503,5.311131626480607,4.873653894481588,5.050179958343506,220955000.0
2009-02-02,4.758528944491445,5.1115811321251385,4.466877439642758,4.60502815246582,291276500.0
2009-02-03,4.727829059311156,4.727829059311156,3.983349626000708,4.067775249481201,355724700.0
2009-02-04,4.198249953564233,4.251975406708459,3.5458711241258767,3.607271432876587,610037800.0
2009-02-05,3.4998211697399624,3.806823103782009,2.8934925238449205,3.714722633361816,757557100.0
2009-02-06,4.136849850644573,4.981104869922586,4.113824916704793,4.704803466796875,725522500.0
2009-02-09,5.042503846616903,5.410905959145643,4.842952534592142,5.288105010986328,461430100.0
2009-02-10,5.257406275686058,5.28810642946724,4.205925093743786,4.267325401306152,608904400.0
2009-02-11,4.451527608163794,4.712478969129069,4.382452064920891,4.658753871917725,396772000.0
2009-02-12,4.390126122024595,4.5436272605973045,4.106149509730941,4.505251884460449,370215500.0
2009-02-13,4.359427269879574,4.50525323040039,4.259651920870443,4.2750020027160645,239879500.0
2009-02-17,3.8912497822731034,3.991025136196897,3.737748590281014,3.760773897171021,278175000.0
2009-02-18,3.960323848336696,3.998699226949928,3.461446122213072,3.5074963569641118,327604800.0
2009-02-19,3.11606805643603,3.5919207326954283,2.962567128195561,3.0162925720214844,406830800.0
2009-02-20,2.7706921310361774,3.139094617178993,1.9417870404301825,2.9088430404663086,840283700.0
2009-02-23,3.292594064807364,3.438419954383112,2.931866950956086,3.0009424686431885,511845600.0
2009-02-24,3.0930434400998723,3.6456465448107465,2.962567427479145,3.630296468734741,510482600.0
2009-02-25,3.6916954827959154,4.221273471293293,3.223517777143239,3.96032190322876,593460500.0
2009-02-26,4.3057004413409885,4.520601501080209,3.921948182974849,4.083124160766602,449243000.0
2009-02-27,3.2618939784581875,3.753096733917813,3.0316426753997803,3.0316426753997803,476468300.0
2009-03-02,2.770691950735592,3.0086185523233206,2.5097404125598,2.7860422134399414,437894200.0
2009-03-03,3.0316439555194887,3.131419483014106,2.739992047637343,2.8013925552368164,347261200.0
2009-03-04,2.601293150937869,3.1015418902690337,2.601293150937869,2.762911796569824,262493200.0
2009-03-05,2.616684695413088,2.70134205833095,2.4011928591874816,2.439673662185669,282814100.0
2009-03-06,2.5320268117132163,2.7244300671137958,2.3088390648069512,2.4165849685668945,281698600.0
2009-03-09,2.4781539196221574,2.901441039347082,2.4627616740678,2.8860487937927246,298867900.0
2009-03-10,3.3478166470235022,3.6941427348411646,3.232374617750948,3.68644642829895,419616900.0
2009-03-11,4.078949429790458,4.232871897451184,3.470955132060424,3.794192314147949,451780400.0
2009-03-12,3.786496747469881,4.609982581091566,3.724927754337061,4.502236843109131,544222900.0
2009-03-13,4.810080154998561,4.964002573166519,4.348312533514698,4.43297004699707,568457500.0
2009-03-16,4.786995311430401,5.348813122768496,4.640769084557718,4.756210803985596,537893100.0
2009-03-17,4.671551322939492,4.894739076997843,4.46375581512723,4.825473785400391,429150400.0
2009-03-18,4.894737136078776,5.902929782867432,4.786991088100787,5.902929782867432,664772200.0
2009-03-19,6.487838325322247,6.595583683898946,5.248761196988633,5.333418369293213,622301500.0
2009-03-20,5.364204124039083,5.379596374167653,4.602287192204601,4.763906002044678,572920000.0
2009-03-23,5.67204873259035,6.072247549219978,5.310330719609397,6.0029826164245605,569334700.0
2009-03-24,5.633568861421714,6.149209406797289,5.441165557825101,5.556607246398926,524215100.0
2009-03-25,5.979893670448492,6.149208388092825,5.356507114105998,5.926020622253418,620457600.0
2009-03-26,6.064552843753703,6.126121848546294,5.495038815461801,5.8336687088012695,479338200.0
2009-03-27,5.5412144860537325,5.956805554158756,5.487341800879468,5.648960590362549,383537100.0
2009-03-30,5.156407559876721,5.194888361196147,4.633070790417212,4.6407670974731445,486926900.0
2009-03-31,4.894739586415319,5.302634337878184,4.810082039761086,5.2487616539001465,422256900.0
2009-04-01,4.964003190526911,5.556605124643921,4.956307252151384,5.425771236419678,421386100.0
2009-04-02,6.041463717933694,6.056855967690995,5.44116561041875,5.571999549865723,512639600.0
2009-04-03,5.45655886455658,5.856757798890614,5.117928940584665,5.849061489105225,348608900.0
2009-04-06,5.571999356957094,5.87984470842537,5.495038110835067,5.756706714630127,290223200.0
2009-04-07,5.556605852935334,5.833666643388701,5.548909913551119,5.664351940155029,264002200.0
2009-04-08,5.764401836615677,5.810578944707174,5.318026305558884,5.433468341827393,309546200.0
2009-04-09,6.272348187292555,7.580691402373851,6.15690648429618,7.349807262420654,1029694600.0
2009-04-13,7.234363325282639,8.55809815041395,7.049656345206725,8.4811372756958,687385400.0
2009-04-14,8.604275023688448,8.912119981940515,7.742308406622385,7.765396595001221,666610100.0
2009-04-15,7.449850653236956,8.096325393752204,7.134309585594945,8.03475570678711,556590300.0
2009-04-16,8.381086276977973,8.388781849574796,7.896229973288981,7.957798957824707,383207300.0
2009-04-17,8.219472694643496,8.64275954688292,7.927019466613639,8.157903671264648,487364200.0
2009-04-20,7.503727802101888,7.6114739014346835,6.172297477722168,6.172297477722168,802467300.0
2009-04-21,5.54891037047551,6.87264508177098,5.387291593317574,6.74181079864502,867931700.0
2009-04-22,6.487839906863406,7.1112262258950345,6.256955785978941,6.357005596160889,620909200.0
2009-04-23,6.610976109060325,6.864948352699368,6.333914945846689,6.787986755371094,561041900.0
2009-04-24,6.972692612496353,7.288233757614313,6.695631521984978,7.003477096557617,589862000.0
2009-04-27,6.664849172089695,7.149705501781516,6.6571528651199285,6.864948749542236,332356100.0
2009-04-28,6.187689319468056,6.680241969669982,6.156904824702951,6.272346496582031,467568100.0
2009-04-29,6.518623743684425,6.80338052799702,6.43396582540209,6.680242538452148,457954600.0
2009-04-30,7.018870573614541,7.126616659401227,6.772594644913732,6.872644424438477,343739500.0
2009-05-01,6.764899185351062,6.941910581729755,6.580192215707409,6.695633888244629,299754800.0
2009-05-04,6.84186111064932,8.042457203615905,6.787987691505744,7.988584518432617,582512600.0
2009-05-05,7.903927290116092,8.558098017913524,7.77309299776455,8.342606544494629,550673100.0
2009-05-06,9.181484452759245,9.88952855845516,8.858246894334577,9.766389846801758,924590100.0
2009-05-07,11.35179237825758,11.598068317020315,9.835654478839071,10.397472381591797,946806700.0
2009-05-08,10.951595731698283,11.2517451507209,10.428259242940344,10.90541934967041,681310400.0
2009-05-11,10.46673591861991,10.73609999800582,9.95879077911377,9.95879077911377,411170100.0
2009-05-12,10.181982472693884,10.22046328020022,9.3277120690629,9.435458183288574,412128100.0
2009-05-13,9.181487361303777,9.196879246411196,8.473443031311035,8.473443031311035,391486200.0
2009-05-14,8.327212822797149,8.904422600361688,8.165594055720671,8.704323768615723,440641900.0
2009-05-15,8.727408754630316,8.950596424106758,8.142502884981743,8.21176815032959,324124400.0
2009-05-18,8.889028513603938,9.312315725482222,8.865940333744398,9.027558326721191,553623400.0
2009-05-19,9.196873823239727,9.42006153039256,8.6581449508667,8.6581449508667,506343300.0
2009-05-20,9.143006836503938,9.420067382836605,8.627365824803327,8.842857360839844,1197984500.0
2009-05-21,8.81206786631904,9.212266940612697,8.619664634591725,8.781283378601074,587487600.0
2009-05-22,8.92751156710029,8.965991631973155,8.273340188818905,8.51961612701416,502447400.0
2009-05-26,8.38878272413339,8.673540224748287,8.31951815977978,8.45035171508789,495077300.0
2009-05-27,8.712021879887578,8.881337002821056,8.396480560302734,8.396480560302734,539898200.0
2009-05-28,8.39648194602043,8.69663143157959,8.134813276655088,8.69663143157959,464520100.0
2009-05-29,8.842850582202601,8.85054688608001,8.442652322056409,8.67353630065918,370618000.0
2009-06-01,8.781283742577202,9.042952266005884,8.627361297607422,8.627361297607422,350813400.0
2009-06-02,8.611968329172212,8.92751024573148,8.542703782276847,8.781283378601074,311852000.0
2009-06-03,8.758175635825422,8.889124671997104,8.581009724889604,8.634929656982422,236543800.0
2009-06-04,8.75817601572555,9.143320083618164,8.627226973873741,9.143320083618164,316481900.0
2009-06-05,9.428323890599929,9.497649920393188,9.135614395141602,9.135614395141602,369767900.0
2009-06-08,9.066294963472592,9.382113094912429,8.981562767990692,9.289678573608398,246762300.0
2009-06-09,9.351301587811085,9.359003913633211,9.189540991877964,9.289678573608398,203171000.0
2009-06-10,9.335892750055624,9.513059415283058,9.189538317566928,9.228052139282228,328393900.0
2009-06-11,9.397514638155798,10.18320884984588,9.389811580879469,9.990636825561523,530063800.0
2009-06-12,10.244834419250314,10.730116130828945,10.190913739338804,10.568355560302734,448295800.0
2009-06-15,10.491325994203471,10.5452459372333,10.13699336585574,10.267942428588867,345381600.0
2009-06-16,10.321862147510757,10.321862147510757,9.79806664255501,9.805768966674805,370863900.0
2009-06-17,9.674818649434302,9.828876119172882,9.258863113838157,9.474543571472168,444130500.0
2009-06-18,9.551572950935538,9.975231588552107,9.505356072419715,9.93671703338623,341091800.0
2009-06-19,10.090773040542556,10.2833450395254,9.882794929031224,10.183207511901855,433963600.0
2009-06-22,9.921312152364646,10.052261205769312,9.197240829467772,9.197240829467772,433445300.0
2009-06-23,9.32818551161836,9.58238044096773,9.18953419944835,9.42061996459961,358378200.0
2009-06-24,9.590089918542136,9.7595535631391,9.382112443694968,9.5130615234375,334262900.0
2009-06-25,9.312786373877838,9.520763848725007,9.251163363952438,9.5130615234375,330425500.0
2009-06-26,9.505354728802525,9.844281150224846,9.4514347999545,9.821172714233398,341830600.0
2009-06-29,9.85198502894651,10.160099983215332,9.644007618466055,10.160099983215332,333302300.0
2009-06-30,10.21402233608402,10.383485221584694,9.967529597403196,10.167804718017578,306341500.0
2009-07-01,10.221726905029191,10.36037831050476,10.044560199971212,10.052263259887695,243363600.0
2009-07-02,9.851987425573771,10.0522625618701,9.72103835450342,9.736444473266602,215974600.0
2009-07-06,9.605495836133857,9.697930349076248,9.120214092233144,9.359003067016602,377832200.0
2009-07-07,9.359003067016602,9.528466708046423,9.204945545445948,9.359003067016602,275460100.0
2009-07-08,9.38981004298846,9.466839133927738,8.681145785524823,9.120209693908691,570440000.0
2009-07-09,9.320487822976707,9.436030762967322,9.120212708029152,9.22035026550293,273316500.0
2009-07-10,9.143318900731204,9.212644941519686,8.919935399637158,9.15102195739746,212285000.0
2009-07-13,9.528460302646998,10.006038665771484,9.451431960945206,10.006038665771484,392441900.0
2009-07-14,10.175507427710366,10.190912810134597,9.851986316156497,9.94442081451416,272335100.0
2009-07-15,10.190913644017323,10.4913263392144,10.090776813555786,10.337268829345703,371943700.0
2009-07-16,10.167802765601998,10.34496941046578,10.029151407234664,10.144694328308104,308208800.0
2009-07-17,10.206320607688063,10.375784249882257,9.828879493595554,9.929017066955566,457023600.0
2009-07-20,9.8827987237386,9.905907166800423,9.335894007247658,9.42832851409912,381163700.0
2009-07-21,9.459139483037484,9.551573984677107,9.18953903690628,9.389813423156738,258512200.0
2009-07-22,9.21264262904273,9.613191925294814,9.18953419944835,9.42061996459961,247974800.0
2009-07-23,9.513061194703962,9.921313805003209,9.3975175041334,9.774958610534668,285591600.0
2009-07-24,9.728736455984404,9.844279349409298,9.451433071002382,9.63630199432373,187107000.0
2009-07-27,9.674819206705555,10.11388320440166,9.636304653401478,10.0830717086792,240525400.0
2009-07-28,9.975233503284011,10.344972275401608,9.944422000157893,10.275646209716797,241532500.0
2009-07-29,10.198611203399386,10.591458192668728,10.198611203399386,10.414292335510254,258773100.0
2009-07-30,10.68389808045835,10.891876263315265,10.622275078412777,10.760927200317385,288316600.0
2009-07-31,10.86106340277218,11.39256191253662,10.799440408440187,11.39256191253662,375052000.0
2009-08-03,11.739193530639591,12.031903173164729,11.4156723854594,11.800816535949709,468196400.0
2009-08-04,11.700677683099794,12.309205344630524,11.592837802957696,12.047307968139648,364961500.0
2009-08-05,12.347716552749986,12.956243278395789,12.201361428675096,12.83299732208252,488503800.0
2009-08-06,13.27976924467196,13.364501422261029,12.625023938775184,12.863814353942873,462678600.0
2009-08-07,13.07949626416936,13.20274228672012,12.52488916269094,12.6481351852417,381728400.0
2009-08-10,12.563400457494463,13.01016756635006,12.447857518329917,12.848407745361328,240548200.0
2009-08-11,12.86381255921378,12.979355486673349,12.170552790644331,12.209067344665527,326233600.0
2009-08-12,11.962574276093966,12.455558936452316,11.862436732524111,12.270689964294434,313761100.0
2009-08-13,12.833002011064416,13.094900131225586,12.501777831495394,13.094900131225586,337776700.0
2009-08-14,13.079493310473516,13.456934352950096,12.763675265356207,13.39531135559082,302461500.0
2009-08-17,12.74056440392821,13.00246097593062,12.63272308335427,12.755969047546388,309793300.0
2009-08-18,12.925439978099863,13.15652591215396,12.886924676285156,13.017873764038086,202882900.0
2009-08-19,12.78678270943088,13.118006826353753,12.732862777691423,12.902325630187988,198785800.0
2009-08-20,13.01016483989891,13.24895519589993,12.99476019532455,13.202736854553224,183804300.0
2009-08-21,13.449230194091797,13.557071532552088,13.333687267148935,13.449230194091797,236597200.0
2009-08-24,13.71883287778004,14.0192462846334,13.349094882338576,13.364500999450684,316639800.0
2009-08-25,13.52626366109356,13.865190962670551,13.51856060092039,13.672618865966797,238816800.0
2009-08-26,13.680315284435194,13.81896736182057,13.51085245052406,13.703424453735352,203846000.0
2009-08-27,13.672614079298231,13.849779993631335,13.549368098091902,13.803563117980955,176384900.0
2009-08-28,13.942216263845111,14.057759196274242,13.69572428287415,13.849781036376951,188061000.0
2009-08-31,13.53396560029005,13.788160688116475,13.441531824285011,13.549371719360352,159710500.0
2009-09-01,13.634099261113994,13.757345233280692,12.640426957661116,12.678940773010254,334738300.0
2009-09-02,12.447715494863594,12.894754145505532,12.347517810280555,12.540206909179688,229078300.0
2009-09-03,12.78685168137348,13.025785807705716,12.72519121425221,12.979540824890137,176555400.0
2009-09-04,13.156812377659438,13.295548773995597,13.04119920407973,13.17222785949707,173567100.0
2009-09-08,13.457407435121311,13.495946141182015,13.087444677546456,13.11827564239502,163026500.0
2009-09-09,13.118278209627285,13.257014638393748,13.033494509802976,13.13369369506836,155753700.0
2009-09-10,13.072028796450304,13.28784113350443,12.871633411451588,13.272425651550291,175319800.0
2009-09-11,13.287841308411048,13.32638001380368,13.064322697538968,13.079736709594728,139774800.0
2009-09-14,12.856217813516569,13.172227840219207,12.725189158290991,13.095151901245115,162371700.0
2009-09-15,13.095152304685897,13.233888705093252,12.917878668654849,12.941001892089844,158450100.0
2009-09-16,13.018076587115765,13.334086628986327,12.971831609552137,13.295549392700195,193950600.0
2009-09-17,13.341792191130237,13.680925401442178,13.257009991128069,13.573019981384276,212907800.0
2009-09-18,13.665507273487352,13.696338227587654,13.495941436238107,13.588431358337402,160550400.0
2009-09-21,13.403454830382437,13.441993536769903,13.241596673859071,13.295549392700195,127963900.0
2009-09-22,13.626972691413227,13.935274941650862,13.519067271355327,13.573019981384276,158650700.0
2009-09-23,13.68863519489709,13.919861549736378,13.480530593480944,13.488238334655762,197847500.0
2009-09-24,13.526779194063264,13.642393872555774,12.956419425247155,13.087448120117188,221414100.0
2009-09-25,13.064324574867946,13.164522283084498,12.71748352700007,12.794559478759766,161603900.0
2009-09-28,12.879339682327382,13.280133392527365,12.833094706566238,13.272425651550291,129240300.0
2009-09-29,13.388039689582255,13.511360599425975,13.15681188104938,13.22618007659912,124964600.0
2009-09-30,13.303257977462408,13.341795216191972,12.917879709761069,13.041200637817385,186120500.0
2009-10-01,13.072029668850618,13.226181558477244,12.470840533529795,12.493962287902832,247824500.0
2009-10-02,12.255025913930274,12.709772287053504,12.039214337466053,12.594159126281738,226303000.0
2009-10-05,12.848508625678884,13.079734946460428,12.75601721530561,13.072027206420898,155256700.0
2009-10-06,13.26471957494248,13.388041975948,12.879341298341924,13.102861404418944,195927500.0
2009-10-07,13.164520746521395,13.372625350952148,13.13369125147684,13.372625350952148,153192000.0
2009-10-08,13.542187676375764,13.565310894135026,13.28013042217456,13.357206344604492,137567400.0
2009-10-09,13.357209674886482,13.52677557042854,13.280133733239614,13.488238334655762,87503400.0
2009-10-12,13.6038526056097,13.896740913391112,13.495947160690983,13.896740913391112,139972400.0
2009-10-13,13.827375862348054,13.873620853564775,13.472827009415148,13.727176666259766,150388900.0
2009-10-14,14.166501903708438,14.36689874296844,13.996936025919736,14.328361511230469,229813800.0
2009-10-15,14.12796677503838,14.721449640795534,13.781125757361762,13.950693130493164,212270200.0
2009-10-16,13.226179150396602,13.48052869290034,13.149103219616448,13.303255081176758,336814500.0
2009-10-19,13.31096375340463,13.511360599425975,13.210764595343354,13.22618007659912,155876100.0
2009-10-20,13.272426203515725,13.46511532565208,13.110568046569824,13.110568046569824,169353700.0
2009-10-21,13.0951539162138,13.233890333694468,12.68665240586533,12.725191116333008,219344000.0
2009-10-22,12.756021423477812,12.84851286436373,12.370643114972724,12.73289966583252,235015400.0
2009-10-23,12.833095413492623,12.840803154894283,12.38605670290584,12.501669883728027,181905600.0
2009-10-26,12.455423006022164,12.486253966927215,11.61529843267416,11.869647979736328,376383000.0
2009-10-27,11.892773118323092,11.977556069332955,11.57676306859006,11.908187866210938,270531500.0
2009-10-28,11.892772374533214,11.908187121457004,11.561346862589447,11.56905460357666,213262400.0
2009-10-29,11.723207513290207,12.16253852500469,11.623009070520972,12.124000549316406,202946700.0
2009-10-30,12.100877096005048,12.123999585559671,11.175969428262434,11.237629890441896,307670900.0
2009-11-02,11.445731604138594,11.738618357822432,10.883079110371158,11.276165008544922,307863100.0
2009-11-03,10.983280752371702,11.50739543752567,10.952450520012686,11.407196998596191,188258700.0
2009-11-04,11.700087517826388,11.75404025426904,11.330123901367188,11.330123901367188,200076300.0
2009-11-05,11.491975361049136,11.684664420047412,11.345531999632634,11.661541938781738,156790200.0
2009-11-06,11.515100358286947,11.746327426616526,11.438025158877478,11.599884033203123,152297800.0
2009-11-09,11.784860940368024,12.193361474513264,11.669247817418526,12.154824256896973,170808600.0
2009-11-10,12.216489176486512,12.486254209236282,12.123997762077588,12.355225563049316,195721000.0
2009-11-11,12.509378451715026,12.8099745058369,12.48625669608358,12.663530349731444,184673700.0
2009-11-12,12.609579085324446,12.771437273876604,12.324398482030466,12.378351211547852,154405900.0
2009-11-13,12.393766401030252,12.478550099732772,12.216492731108248,12.316690444946287,125121900.0
2009-11-16,12.455426270662562,12.532502223026125,12.147123931309828,12.23190689086914,153962000.0
2009-11-17,12.185654472020191,12.193361474513264,12.016087921317329,12.154824256896973,110912100.0
2009-11-18,12.239611028757569,12.624988471935978,12.231903288780858,12.601866722106934,179789700.0
2009-11-19,12.517085418586314,12.694359061257655,12.3552272587824,12.39376449584961,158923100.0
2009-11-20,12.35522616359878,12.478547075404157,12.308980454146456,12.401471138000488,128329800.0
2009-11-23,12.547918172994912,12.69436087080643,12.463134475239718,12.555625915527344,138294900.0
2009-11-24,12.493963821458529,12.57103977573243,12.324397898137184,12.409181594848633,118077000.0
2009-11-25,12.49395993851394,12.540206378766475,12.255025877613535,12.293563842773438,97450200.0
2009-11-27,11.807989143798798,12.147122409654756,11.715498453579173,11.923603057861328,96712700.0
2009-11-30,12.016093880337554,12.24732097595698,11.977555908559204,12.216490745544434,129973500.0
2009-12-01,12.362932754012649,12.401469984078084,12.077752253184707,12.25502586364746,143216700.0
2009-12-02,12.201041200170966,12.208753792266547,11.985093770087508,12.06993007659912,130213100.0
2009-12-03,12.532675220407082,12.910583404376174,12.093067771117044,12.154767036437988,651715900.0
2009-12-04,12.154766880731495,12.648360996975942,12.046792800046395,12.55581283569336,1226791300.0
2009-12-07,12.532675423105191,12.563525791777886,12.208753907174644,12.25502872467041,291029100.0
2009-12-08,12.12391272634459,12.231886031243269,11.853977993071949,11.884827613830566,312296800.0
2009-12-09,11.915685564235153,12.008234491207224,11.76143735261503,11.86941146850586,199467800.0
2009-12-10,12.015941479481388,12.069928144481915,11.638033353451398,11.730582237243652,254946200.0
2009-12-11,11.815422951661487,12.108494894431573,11.73058662698334,12.054508209228516,194958400.0
2009-12-14,12.085357848703609,12.131631940159531,11.900260011853057,12.054508209228516,128586100.0
2009-12-15,11.91568337590973,11.9619581986541,11.684310733214584,11.715160369873049,190193100.0
2009-12-16,11.82313291862445,11.907969224454238,11.746008469315,11.784570693969728,166373000.0
2009-12-17,11.77685915257575,11.846270276195652,11.43751244914981,11.460649490356444,268907300.0
2009-12-18,11.57633809119468,11.761435922634233,11.476076581953238,11.59176254272461,202871600.0
2009-12-21,11.730584020761068,11.907969224454238,11.722871428727473,11.784570693969728,153571100.0
2009-12-22,11.846269554751188,11.90796881788688,11.815419923183343,11.823132514953612,104061100.0
2009-12-23,11.923395968952684,11.93110856199564,11.684310733214584,11.715160369873049,102116100.0
2009-12-24,11.746008417380404,11.784570641864626,11.722871376895172,11.761433601379396,36611800.0
2009-12-28,11.807710151779258,11.884833876559766,11.684310868206389,11.792284965515137,102573300.0
2009-12-29,11.79999851980126,11.823135565568675,11.645750322162788,11.661174774169922,83089500.0
2009-12-30,11.599474954822004,11.64574977971482,11.545488272041544,11.62261199951172,86897900.0
2009-12-31,11.63803667899608,11.75372263291513,11.57633740550414,11.61489963531494,94322600.0
2010-01-04,11.75372191110337,12.147055307094384,11.66117300654901,12.100780487060549,180845200.0
2010-01-05,12.13934203783312,12.501825043253874,12.108492404701284,12.49411392211914,209521300.0
2010-01-06,12.50182040810639,12.756331441986942,12.362998213752446,12.640644073486328,205257900.0
2010-01-07,12.864307107362071,13.25764040766933,12.733196007259652,13.057117462158203,320868400.0
2010-01-08,13.095682300982515,13.188231942255644,12.82574744088142,12.941434860229492,220104700.0
2010-01-11,13.10339153542192,13.219077454094345,12.895155999195794,13.057117462158203,168991600.0
2010-01-12,12.89515964573858,12.91829742442656,12.470977333645692,12.617513656616213,223486800.0
2010-01-13,12.671497877516488,12.941432692400603,12.455549731403917,12.818034172058104,192609900.0
2010-01-14,12.825740448424051,13.049401101464492,12.81031674247624,12.97227668762207,142634200.0
2010-01-15,12.833460232670197,12.841172825481497,12.51725128254022,12.54038906097412,195117100.0
2010-01-19,12.38613742911548,12.70234630986495,12.216464837575334,12.586660385131836,181616500.0
2010-01-20,12.509535982392968,12.825744864088456,12.478687088850805,12.717771530151367,288741100.0
2010-01-21,12.694634763156664,12.848883656175383,11.72287100311548,11.931106567382812,551285500.0
2010-01-22,11.769143449259536,11.969666381412525,11.344960549863012,11.491496086120604,369620800.0
2010-01-25,11.692021572615891,11.776858612337298,11.391237844187629,11.553197860717772,262351600.0
2010-01-26,11.522345707371692,11.699731604371925,11.352673136083052,11.3912353515625,212380600.0
2010-01-27,11.3449647299715,11.79228482927588,11.321827686355991,11.715160369873049,258716200.0
2010-01-28,11.877120922268622,12.023657245268437,11.576337154398145,11.853983879089355,232729500.0
2010-01-29,11.946531522404229,11.992806339376456,11.638035194300238,11.707447052001951,175135300.0
2010-02-01,11.76914432866278,11.907967285092164,11.66888285509464,11.892542839050291,159503300.0
2010-02-02,11.915679694900444,12.093065602523303,11.807706367707782,12.031366348266602,171404800.0
2010-02-03,12.008234208859404,12.185620199686811,11.969672708496182,11.977384567260742,130861600.0
2010-02-04,11.838559726154248,11.900258999857538,11.360389251683708,11.375814437866213,252558700.0
2010-02-05,11.445223122341122,11.614896445604549,11.0364653638327,11.568621635437012,297683300.0
2010-02-08,11.522353820181255,11.53777901143904,11.144445460528782,11.167582511901855,208207300.0
2010-02-09,11.314114508324831,11.398950820870864,10.990192972402433,11.159866333007812,251522100.0
2010-02-10,11.190716029684657,11.499212382017204,11.152153801764758,11.314114570617676,175741800.0
2010-02-11,11.314111880706426,11.414373355255837,11.213850406157016,11.283262252807615,141086300.0
2010-02-12,11.159866790535013,11.213853470230962,11.013330466341229,11.144441604614258,162819300.0
2010-02-16,11.306400608469168,11.807708039681495,11.275550976972504,11.692021369934082,205493300.0
2010-02-17,11.83855610485888,12.247313851986627,11.761431668564676,12.077640533447266,261541900.0
2010-02-18,11.96966686070719,12.33986237903185,11.954241679687104,12.247313499450684,242140300.0
2010-02-19,12.131626848339392,12.37071274107202,12.11620240283242,12.247313499450684,216078200.0
2010-02-22,12.309014733773235,12.648360680192226,12.309014733773235,12.501824378967283,173773200.0
2010-02-23,12.432412108550466,12.632933579552196,12.17790176796843,12.293587684631348,210478400.0
2010-02-24,12.324441682067716,12.617514343974326,12.309017230948797,12.59437656402588,191571600.0
2010-02-25,12.378429605392002,12.779475671882537,12.301305871037751,12.764050483703612,287325100.0
2010-02-26,12.779467980147457,12.987703482148932,12.656069491041254,12.84887981414795,343669400.0
2010-03-01,12.910579404093005,13.003129008911612,12.779468322031844,12.887441635131836,170931100.0
2010-03-02,12.879731757687102,12.95685471960432,12.640645868459869,12.694632530212402,183048600.0
2010-03-03,12.710072021591982,12.825829779743415,12.602033017366416,12.632902145385742,154950200.0
2010-03-04,12.694638043071963,12.733222978480804,12.370519581106524,12.656051635742188,157746500.0
2010-03-05,12.748653717218426,12.926146721930282,12.694634235081818,12.887561798095703,172469000.0
2010-03-08,12.92614856229322,13.049622102448035,12.87984635271534,12.918431282043455,127705100.0
2010-03-09,12.833539475024825,13.111355607143429,12.76408691391551,12.964730262756348,167779500.0
2010-03-10,13.126795750221842,13.389177437347714,13.11136118699774,13.203967094421388,222932200.0
2010-03-11,13.257982616152333,13.335153937199095,13.165376736512108,13.21168041229248,145079600.0
2010-03-12,13.319722820978592,13.350590474222477,12.872130809535504,13.003321647644045,171456700.0
2010-03-15,12.918433025361782,13.04962386347032,12.802676749835635,13.003321647644045,120308200.0
2010-03-16,13.095927295501474,13.173098643659358,13.041907793367264,13.142230987548828,107411800.0
2010-03-17,13.250267971773624,13.350589678739798,13.14222898397608,13.327439308166504,134463900.0
2010-03-18,13.34287277602536,13.366023144700865,13.103641505626724,13.18081283569336,123986800.0
2010-03-19,12.9801664352417,13.296567526465887,12.918429672854554,12.9801664352417,178218800.0
2010-03-22,12.825825202600736,13.095922616775187,12.810390644099192,13.088205337524414,113667800.0
2010-03-23,13.180814518211172,13.288853510943117,13.072775525479232,13.219399452209473,131261400.0
2010-03-24,13.211681654707816,13.682423960712295,13.196247094662906,13.558950424194336,270410600.0
2010-03-25,13.767316844825109,14.160889416680217,13.659277834797823,13.690145492553713,315304700.0
2010-03-26,13.875354487648506,14.06828211335637,13.697861425258305,13.813617706298828,220970700.0
2010-03-29,14.021978314997794,14.045130157364992,13.713294443039173,13.921656608581545,152539700.0
2010-03-30,13.937086518819148,13.983390192990448,13.636119996308052,13.705574035644531,144373000.0
2010-03-31,13.651555651891483,13.875350874029724,13.636121092593513,13.775029182434082,114280900.0
2010-04-01,13.90622204700341,13.967958821395134,13.805898868666354,13.921656608581545,95607200.0
2010-04-05,14.014259780970653,14.083713829940452,13.90622080342682,13.991107940673828,107989300.0
2010-04-06,14.014259410608233,14.307510158935411,13.96795720315891,14.26892375946045,160316600.0
2010-04-07,14.338377364221536,14.554456778852858,14.299792437857644,14.36924648284912,233522300.0
2010-04-08,14.346098523036328,14.53902615086423,14.130019049977523,14.392400741577148,164305500.0
2010-04-09,14.523590037897083,14.546741880657986,14.276642936130804,14.346096992492676,135480600.0
2010-04-12,14.415550528079889,14.523589513219422,14.353813754868614,14.400115966796877,128319000.0
2010-04-13,14.361532789131852,14.446419942712051,14.268926882046864,14.407835006713867,113687800.0
2010-04-14,14.647060634802706,14.98661356721169,14.600758430539834,14.971179008483888,246624700.0
2010-04-15,15.148676162010592,15.32617069209286,14.940315449870347,15.032919883728027,240100000.0
2010-04-16,15.025202241679802,15.032919522969566,13.92937332118862,14.207189559936523,589061800.0
2010-04-19,13.96796377493159,14.39240406540621,13.790470669600118,14.19175910949707,358828000.0
2010-04-20,14.500437441686389,14.531305088709525,14.230338538611072,14.361529350280762,200544700.0
2010-04-21,14.407831477644695,14.593041774528112,13.975674118250058,14.10686492919922,201891300.0
2010-04-22,13.913937926885357,14.353812584128274,13.85220115870952,14.307510375976562,219472400.0
2010-04-23,14.19947293381004,14.299796123284985,14.106868497901909,14.22262477874756,145428400.0
2010-04-26,14.20718804288378,14.230339884280902,13.9139387447906,13.92937183380127,160873000.0
2010-04-27,13.82133108226784,14.02969321241352,13.435475939888684,13.481778144836426,259438600.0
2010-04-28,13.620689880979238,13.859919721213195,13.512650883180862,13.721013069152832,195287800.0
2010-04-29,13.92165673337913,14.199471484671896,13.883070329087898,14.122300148010254,177296300.0
2010-04-30,14.106866127066487,14.122299215843473,13.589820119059064,13.75959587097168,231536200.0
2010-05-03,13.79818275164092,14.006544934756931,13.72101288108322,13.937090873718262,150747100.0
2010-05-04,13.713296125257704,13.821335125716232,13.489499370683912,13.551236152648926,183242300.0
2010-05-05,13.27341662174649,13.767310700796251,13.03418538927636,13.528080940246582,195023300.0
2010-05-06,13.489496632765128,13.589819803046629,11.961510485320622,12.56344509124756,465091500.0
2010-05-07,12.717789197109225,12.957020521492774,12.30878282176456,12.486276626586914,388118300.0
2010-05-10,13.296566458739129,13.42003997359838,13.126790743787756,13.3505859375,268476800.0
2010-05-11,13.180815972899854,13.497217176752052,13.095927342429883,13.242552757263184,188202400.0
2010-05-12,13.327440294684076,13.373742511178838,13.11136083117364,13.173097610473633,179359300.0
2010-05-13,13.14222754133858,13.257983797260795,13.00331944546366,13.018754005432127,135257500.0
2010-05-14,12.89527893132932,12.90299621127389,12.439971189964762,12.609746932983398,212906900.0
2010-05-17,12.64833266905626,12.69463635168265,12.231609828863936,12.617465019226074,181966800.0
2010-05-18,12.895278013619688,12.926147131201132,12.092700091469164,12.308778762817385,216050700.0
2010-05-19,12.193024735618158,12.702352757116824,12.193024735618158,12.586596488952637,260711100.0
2010-05-20,12.31649868840405,12.385952010003487,11.79173535213878,11.807169914245604,301263900.0
2010-05-21,11.544788581529374,12.347367435391398,11.537071300251748,12.33965015411377,266468500.0
2010-05-24,12.331934254404134,12.40910560390515,11.87662564742184,11.884342193603516,170656700.0
2010-05-25,11.506200649347752,11.992378234864455,11.42131277986146,11.953792572021484,263919800.0
2010-05-26,12.27791050823089,12.424535874418746,11.868904263528442,11.938358306884766,225933000.0
2010-05-27,12.20074381844362,12.501711190467342,12.03096729556148,12.486276626586914,163490700.0
2010-05-28,12.478557556168798,12.48627483700294,12.123570733362769,12.146721839904783,160778500.0
2010-06-01,12.023249504912888,12.331933409855774,11.884341379708347,11.915209770202637,126185400.0
2010-06-02,12.031039269016516,12.293590951127404,11.853431211375211,12.270424842834473,127114500.0
2010-06-03,12.324478039966245,12.409420919031549,12.11598087802792,12.208646774291992,124229100.0
2010-06-04,11.969264910340328,12.146873003907013,11.776212250496128,11.853433609008787,148415800.0
2010-06-07,11.861154734161644,11.892043129181436,11.405551091729064,11.45188331604004,158959100.0
2010-06-08,11.490493292898613,11.853432464566623,11.420994224234803,11.837987899780272,167648900.0
2010-06-09,11.91521084074696,11.9615430684136,11.536827053802847,11.590882301330566,150844900.0
2010-06-10,11.79165296250776,11.95381643679154,11.668098681985446,11.938372611999512,124056500.0
2010-06-11,11.837986806789212,12.123704601020163,11.82254297986616,12.046483993530272,115114300.0
2010-06-14,12.123703140308304,12.193202194181804,11.88431832856317,11.899762153625488,120504600.0
2010-06-15,12.015596426305198,12.231815173099932,11.82254378970056,12.200926780700684,129815000.0
2010-06-16,12.123703304827314,12.332200469277124,12.085092636991732,12.254979133605955,110926700.0
2010-06-17,12.324478399737767,12.40942128128269,12.038760631155116,12.216368675231934,127136400.0
2010-06-18,12.262701624716504,12.285867731240169,12.154591900210672,12.216368675231934,105721700.0
2010-06-21,12.378536944558435,12.432591453065804,12.16231743765407,12.19320583343506,109114600.0
2010-06-22,12.185484084675764,12.285871559475016,12.015598268650088,12.031042098999023,108235700.0
2010-06-23,12.04648563085919,12.131428531574494,11.807100021298002,11.915209770202637,132920800.0
2010-06-24,11.791653954226216,11.822542342845308,11.56771221619119,11.59860134124756,167776300.0
2010-06-25,11.783931456037804,12.061926948492172,11.668099448520536,11.907485008239746,175269500.0
2010-06-28,11.969267688249618,12.00787837646698,11.745326580314066,11.768492698669434,110641800.0
2010-06-29,11.590885174747363,11.621773579661614,11.158446769510174,11.25111198425293,201991800.0
2010-06-30,11.289716077044432,11.428714186149977,11.042608982134348,11.09666347503662,138978000.0
2010-07-01,11.058053773594922,11.081220618094976,10.424841419339426,10.826391220092772,256787300.0
2010-07-02,10.888164204176414,10.888164204176414,10.563835858592467,10.687389373779297,140988600.0
2010-07-06,10.911337151255111,11.050335311283042,10.679673796687725,10.857282638549805,120153500.0
2010-07-07,10.9036123689869,11.37466051739561,10.888168541654768,11.359216690063477,150021000.0
2010-07-08,11.490489764205972,11.536821971461784,11.27427107865882,11.475045204162598,132297400.0
2010-07-09,11.475049608389709,11.683546830375436,11.390106704860766,11.668102264404297,86584400.0
2010-07-12,11.637210598030132,11.776208706952437,11.559989999191144,11.745320320129396,92146300.0
2010-07-13,11.953815966281592,12.139147011551705,11.892039196670616,12.100536346435549,130720700.0
2010-07-14,12.04648185713524,12.139147011551705,11.907483757291953,12.100536346435549,115645600.0
2010-07-15,12.092819629362651,12.11598574451492,11.629493644129662,11.884323120117188,177237600.0
2010-07-16,11.297441936066749,11.328330332713676,10.780060739902591,10.795504570007324,438430600.0
2010-07-19,10.787781930256484,10.826392606262838,10.270400786508551,10.509785652160645,314752200.0
2010-07-20,10.316728303806093,10.695111872388413,10.270396102877356,10.63333511352539,180152700.0
2010-07-21,10.78005702577592,10.787779306386408,10.293564393873323,10.316730499267578,203245200.0
2010-07-22,10.463455106212482,10.726006861388203,10.455732822486723,10.5483980178833,185760900.0
2010-07-23,10.563841952373735,10.656507142218029,10.40167768603686,10.610174179077148,133979700.0
2010-07-26,10.695115288155304,10.973110791824086,10.587005557398802,10.926777839660645,159255000.0
2010-07-27,11.212497509100755,11.312884232263794,10.94994580498237,10.957667350769045,176895900.0
2010-07-28,10.903614903142593,10.9962800979841,10.780061310020582,10.803227424621582,110133600.0
2010-07-29,10.926778292764885,10.973111246849632,10.733725667546867,10.834113121032717,124734700.0
2010-07-30,10.718282406809092,10.99627793669432,10.69511629676133,10.841835975646973,130077700.0
2010-08-02,11.104392172162187,11.173891266872676,10.988560102165486,11.150724411010742,130216100.0
2010-08-03,11.08893968798367,11.166161012872598,11.0348852024237,11.073495864868164,96776700.0
2010-08-04,11.088943202828236,11.112110049500352,10.903612848075504,10.957667350769045,131865800.0
2010-08-05,10.880445717718302,10.911334107281077,10.780058267529965,10.826391220092772,110927900.0
2010-08-06,10.741449137849758,10.841836602443552,10.617895561868904,10.780059814453123,135088300.0
2010-08-09,10.857277532408888,10.864999075994298,10.617892006769374,10.741445541381836,121443000.0
2010-08-10,10.633339191732697,10.67194912850237,10.509784890182786,10.525229454040527,131286100.0
2010-08-11,10.424843809615943,10.440288376157213,10.16229206991414,10.185458183288574,182937400.0
2010-08-12,10.077346421528103,10.309009701556723,10.054180314456422,10.085068702697754,146852800.0
2010-08-13,10.123678714256402,10.301287500350693,10.123678714256402,10.216343879699709,107923800.0
2010-08-16,10.139125956539706,10.262679543119976,10.10823755989464,10.185458183288574,99799300.0
2010-08-17,10.35534298870382,10.386231380145755,10.154568076112566,10.20090103149414,132047600.0
2010-08-18,10.231788399997937,10.424841011318652,10.224066118800163,10.285842895507812,137585300.0
2010-08-19,10.254956242671945,10.32445531233918,10.046459770107637,10.054182052612305,153344800.0
2010-08-20,10.023288772184983,10.03101105149204,9.845680766745264,9.938345909118652,164506800.0
2010-08-23,10.092787813074295,10.11595465099546,9.930623629811596,9.938345909118652,114682800.0
2010-08-24,9.845687011793649,9.907463812560485,9.72213341025997,9.760744094848633,156884400.0
2010-08-25,9.6989634796609,9.822517032603274,9.590853752617688,9.77618408203125,159923400.0
2010-08-26,9.837963503024486,9.961517089179038,9.629467010498049,9.629467010498049,137778600.0
2010-08-27,9.706688841849482,9.82252089561547,9.583135240315809,9.760744094848633,158558400.0
2010-08-30,9.683522196418409,9.729855162679987,9.475025689335096,9.513635635375977,126732000.0
2010-08-31,9.52135197036391,9.668072324825674,9.405520731735823,9.621739387512209,172987600.0
2010-09-01,9.768583501641922,10.209096908569336,9.73767029303349,10.209096908569336,204575600.0
2010-09-02,10.162725979325687,10.38684690950231,10.162725979325687,10.26319408416748,154881900.0
2010-09-03,10.433216094970703,10.580053626829423,10.301834796293944,10.433216094970703,141624900.0
2010-09-07,10.34047822941243,10.37139143802086,10.201368422159971,10.209096908569336,127499100.0
2010-09-08,10.247738230439804,10.425488989208654,10.22455277205595,10.332749366760254,102657200.0
2010-09-09,10.495042501756364,10.719163410611616,10.417759124759836,10.433216094970703,168549000.0
2010-09-10,10.51049684240494,10.556866267378826,10.440941967915387,10.47185516357422,85884600.0
2010-09-13,10.773264020900392,10.86600439125236,10.71916608571932,10.78099250793457,164136200.0
2010-09-14,10.788717153511794,10.79644563779415,10.541411552707022,10.572324752807615,140042500.0
2010-09-15,10.525954644233144,10.65733592966792,10.440943527728397,10.59550952911377,134665300.0
2010-09-16,10.525953071719997,10.556866267378826,10.440941967915387,10.47185516357422,120788100.0
2010-09-17,10.58005410844967,10.587782593906915,10.30956375070649,10.35593318939209,132686500.0
2010-09-20,10.402304704970218,10.672795834582807,10.332749800953891,10.618697166442873,130367700.0
2010-09-21,10.780987411370983,10.819629091245464,10.541410322800928,10.549138069152832,168349300.0
2010-09-22,10.53368291782885,10.64187948514851,10.363659951191904,10.37138843536377,141117900.0
2010-09-23,10.286380152712496,10.379119777222458,10.139541861133289,10.178183555603027,153255800.0
2010-09-24,10.332745661149453,10.510497093200684,10.27864775171282,10.510497093200684,142535200.0
2010-09-27,10.51822806994747,10.533685041407308,10.224552245471251,10.232280731201172,123657600.0
2010-09-28,10.286377754796645,10.294105502265918,10.16272421391325,10.255464553833008,124743600.0
2010-09-29,10.232277304374062,10.27091898305345,10.08543980982685,10.13180923461914,156717200.0
2010-09-30,10.20909656286784,10.34820636540975,10.085443732621258,10.124085426330566,148937800.0
2010-10-01,10.216822927851943,10.371388933569984,10.093170123277512,10.27864933013916,168814600.0
2010-10-04,10.255465799795417,10.394574852518064,10.147269214763186,10.162725448608398,133664600.0
2010-10-05,10.29410663798322,10.541413010005716,10.209095510211416,10.479586601257324,191282100.0
2010-10-06,10.533679943615992,10.556864652556504,10.294102161135326,10.348200798034668,150771000.0
2010-10-07,10.41003167761955,10.433216396577176,10.224551714871748,10.286378860473633,112300500.0
2010-10-08,10.309561105033934,10.425485409028012,10.12408192383191,10.185908317565918,173162700.0
2010-10-11,10.201367138764832,10.240008828921264,10.13181224388904,10.162725448608398,101283500.0
2010-10-12,10.124086086560194,10.456402905262262,10.116357599908527,10.448675155639648,136898300.0
2010-10-13,10.510494709286611,10.541407898671572,10.240003749396775,10.270916938781738,175054300.0
2010-10-14,10.04679906794233,10.06998378250029,9.598557322334898,9.737667083740234,511175200.0
2010-10-15,9.784036661426352,9.799493629385564,9.073032349936174,9.258511543273926,600410400.0
2010-10-18,9.243055017692376,9.55991548046732,9.142586940246629,9.536730766296388,416485100.0
2010-10-19,9.536731455831864,9.62174257195771,9.049848000866398,9.119402885437012,574229600.0
2010-10-20,8.964838525675116,9.181230966258884,8.632521010578321,9.08076286315918,655116600.0
2010-10-21,9.150315101617691,9.181228298432805,8.748442805992507,8.779356002807617,318784400.0
2010-10-22,8.86436911611739,8.949380235274573,8.787085744498967,8.84118366241455,173466800.0
2010-10-25,8.933923890884284,8.957108607266877,8.555236259148082,8.624791145324707,327390900.0
2010-10-26,8.56296817718498,8.87210030967106,8.524326476366934,8.732991218566895,232839500.0
2010-10-27,8.748443601534598,9.018934651035552,8.694345686445933,8.918466567993164,275344800.0
2010-10-28,9.057577210194614,9.057577210194614,8.817999337165878,8.910738945007324,180293000.0
2010-10-29,8.887552967447222,8.91846616567893,8.77935640512185,8.84891128540039,126825100.0
2010-11-01,8.887555122375488,8.949381533829696,8.779358533816144,8.887555122375488,152004500.0
2010-11-02,8.93392384931401,8.957108565588722,8.732987676189584,8.810270309448242,176470800.0
2010-11-03,8.856640200228584,8.92619508389205,8.740715885475355,8.903010368347168,176344100.0
2010-11-04,9.111678460100002,9.459452300846124,9.042123544544946,9.374441146850586,310826500.0
2010-11-05,9.405348521613792,9.822677018823835,9.397620038677069,9.552186012268066,405644600.0
2010-11-08,9.753123314435944,9.838134425834324,9.606285806197146,9.737667083740234,247865900.0
2010-11-09,9.838136015119462,9.845864500230196,9.45172060392962,9.48263454437256,225038100.0
2010-11-10,9.544461009801775,9.714483261108398,9.428535943515724,9.714483261108398,191612200.0
2010-11-11,9.660382657004511,9.706752818050768,9.513545164910676,9.559914588928224,130702300.0
2010-11-12,9.498089077063709,9.529002274943156,9.29715292233289,9.366707801818848,170642600.0
2010-11-15,9.443996011777624,9.498093951573033,9.328070907464271,9.351256370544434,112735900.0
2010-11-16,9.266242745535465,9.31261292598714,9.057578776075449,9.227601051330566,219262600.0
2010-11-17,9.196684702044736,9.266239580449762,8.964836090066326,8.980292320251465,170058200.0
2010-11-18,9.103947343499891,9.134860548483482,8.98802300906867,9.042120933532717,138773700.0
2010-11-19,8.995751346842907,9.011207580566406,8.9107394817624,9.011207580566406,104569300.0
2010-11-22,8.933927473197416,8.957112198876587,8.663436304500241,8.732991218566895,223150100.0
2010-11-23,8.640247900508102,8.802542385228822,8.547508300243237,8.570693016052246,199123000.0
2010-11-24,8.640245730900416,8.732985307877922,8.578419346248744,8.717528343200684,109514300.0
2010-11-26,8.632516603110675,8.66342979312514,8.57841870484251,8.59387493133545,54441000.0
2010-11-29,8.609336574644697,8.77935884362917,8.562966395903212,8.740717887878418,144663800.0
2010-11-30,8.655706400295724,8.732989789283238,8.431585456666756,8.462498664855957,267119300.0
2010-12-01,8.640413810070738,8.74097377215256,8.485706459830562,8.733238220214844,289105800.0
2010-12-02,8.795115322395027,9.081323914788964,8.779644966491155,9.034912109375,284454000.0
2010-12-03,8.965295816985234,9.18962156424127,8.918883262720787,9.174150466918944,164553900.0
2010-12-06,9.112268705013326,9.174151626720851,8.99623841123737,9.003973960876465,132238800.0
2010-12-07,9.15867873587884,9.18188464068495,8.895676022401538,8.949823379516602,215071600.0
2010-12-08,8.980769840742596,9.336597109605162,8.973035026628168,9.28244972229004,235158100.0
2010-12-09,9.483564992149606,9.816185442428198,9.475829444126218,9.78524398803711,328639000.0
2010-12-10,9.785246505025006,9.939954554477342,9.646010293301616,9.901277542114258,224667700.0
2010-12-13,9.9476878734944,9.963158971198256,9.684685851851713,9.700156211853027,189201500.0
2010-12-14,9.723365051511768,9.831660554973446,9.537716249322692,9.591863632202148,161365800.0
2010-12-15,9.576390506495162,9.700156338937337,9.499036492367528,9.5067720413208,160612500.0
2010-12-16,9.646004901650509,9.878066108415346,9.576386465850833,9.68468189239502,309278400.0
2010-12-17,9.707890657077234,9.785243923695097,9.630536652756916,9.723361015319824,154544200.0
2010-12-20,9.73883327558084,9.86259910712808,9.723362177786164,9.762039184570312,113899800.0
2010-12-21,9.847129663603738,10.04051399230957,9.823923750715783,10.04051399230957,163167100.0
2010-12-22,10.063722933806066,10.404079105217836,10.05598738184827,10.349931716918944,240618000.0
2010-12-23,10.257101365030268,10.28804281723554,10.032775652116442,10.102394104003906,183718500.0
2010-12-27,10.04051453802611,10.365400286926135,10.025044174494196,10.264841079711914,116011000.0
2010-12-28,10.349926439703491,10.43501525474568,10.318984985351562,10.318984985351562,119303600.0
2010-12-29,10.35766597543661,10.38087189070926,10.295783042907717,10.295783042907717,74986200.0
2010-12-30,10.303515885088862,10.365398805779282,10.257104063422348,10.272574424743652,88176300.0
2010-12-31,10.23389543260691,10.349926439703491,10.226160622295774,10.318984985351562,63036100.0
2011-01-03,10.713492706985331,11.007436253945835,10.674815691531778,10.976494789123535,354322300.0
2011-01-04,11.007431688904989,11.022902783751263,10.844989619233488,11.015167236328123,218978200.0
2011-01-05,10.976492661103388,11.293643536174104,10.945551202279727,11.216289520263672,246151200.0
2011-01-06,11.247233949671012,11.36326426647965,11.092526614691906,11.169879913330078,241658500.0
2011-01-07,11.247233059470442,11.35552855423578,10.814051818111787,11.022907257080078,392328700.0
2011-01-10,10.961022830375304,11.162142691302074,10.899139909736697,11.138936042785645,185382600.0
2011-01-11,11.301376408461554,11.394200769005304,11.239493501432388,11.363259315490724,212239400.0
2011-01-12,11.517974067076697,11.595327377319336,11.487032595439066,11.595327377319336,204060800.0
2011-01-13,11.61079196754656,11.618527515541516,11.386466239609994,11.425143241882324,158944400.0
2011-01-14,11.401938813559966,11.842855544821,11.355526991976236,11.796442985534668,282493800.0
2011-01-18,11.664937901290614,11.726820802276052,11.487024745383072,11.603055000305176,198400500.0
2011-01-19,11.487029537841757,11.564382827494631,11.100260876469344,11.115731239318848,247013200.0
2011-01-20,11.038375875494385,11.301377896137849,10.78310792826838,11.247230529785156,245219600.0
2011-01-21,11.146673115267491,11.378734468220244,10.999701343095614,11.022907257080078,291812600.0
2011-01-24,11.022906407417066,11.030641957383189,10.736697697994414,10.76763916015625,225424700.0
2011-01-25,10.659342357103144,10.705754913464371,10.36539813402218,10.543312072753906,303642100.0
2011-01-26,10.6051958976702,10.651608458006232,10.481430053710938,10.481430053710938,145810300.0
2011-01-27,10.50463651433083,10.574254989624023,10.427282488960024,10.574254989624023,153086100.0
2011-01-28,10.698021458820929,10.875935432383134,10.504637121911363,10.520108222961426,226452500.0
2011-01-31,10.605198046476708,10.667080980994948,10.551050663198938,10.620668411254885,118000800.0
2011-02-01,10.752166015051875,11.1157286795771,10.728960107270163,11.069316864013672,211978400.0
2011-02-02,11.084785687731571,11.100256782577851,10.930078427780806,11.015167236328123,140312700.0
2011-02-03,10.95328453451294,11.193081345139364,10.945548986947022,11.162139892578123,145885300.0
2011-02-04,11.16214375690898,11.193085220182146,10.91461131302098,11.053848266601562,141015200.0
2011-02-07,11.2240239415463,11.42514377254179,11.162141030117304,11.347789764404297,149423500.0
2011-02-08,11.324587764214446,11.417412163383895,11.216292262998708,11.30138111114502,158426200.0
2011-02-09,11.185347085849733,11.363260274142473,11.146670081267938,11.324584007263184,150179100.0
2011-02-10,11.22402441156535,11.32458433127416,11.193082954555145,11.208553314208984,132240800.0
2011-02-11,11.115727961406138,11.502496508724526,11.100257603118685,11.425143241882324,156195600.0
2011-02-14,11.432880514280129,11.564381907703796,11.37873314205954,11.517970085144045,112571100.0
2011-02-15,11.44834914816474,11.510232056719484,11.36325959562512,11.425143241882324,109532300.0
2011-02-16,11.456081248223835,11.5102285924869,11.370991721293604,11.479287147521973,132821900.0
2011-02-17,11.40967455237034,11.533440395583971,11.394203453117326,11.456087112426758,103495400.0
2011-02-18,11.479295035252216,11.517972052459946,11.347793619367575,11.409676551818848,98369000.0
2011-02-22,11.123465887531202,11.231761369506158,10.899140111635134,10.968758583068848,187522800.0
2011-02-23,10.96102237701416,11.169877041105323,10.767638073591472,10.96102237701416,196355700.0
2011-02-24,10.91461016325487,10.953287172697689,10.66707848314501,10.806315422058104,201697200.0
2011-02-25,10.9532847735701,11.077050586516268,10.922343320333557,10.98422622680664,126869100.0
2011-02-28,11.038377903816318,11.200820032723431,10.953288326538106,11.053848266601562,137039100.0
2011-03-01,11.077052495482915,11.100259142686474,10.7599023607266,10.775373458862305,161263900.0
2011-03-02,10.775374127640132,10.891487777051644,10.690224167287198,10.705705642700195,115609400.0
2011-03-03,10.876002200685988,11.061784264985643,10.876002200685988,11.046302795410156,139513500.0
2011-03-04,11.069527024546105,11.077268129607829,10.821816830197864,10.930190086364746,146184700.0
2011-03-07,10.976642421634647,11.046310931619743,10.775378001284995,10.860527992248535,139010300.0
2011-03-08,11.046305401210498,11.379164827043482,10.992118399332938,11.371423721313477,250033200.0
2011-03-09,11.348200236369893,11.371422813473451,11.2088632972837,11.29401397705078,148290400.0
2011-03-10,11.162422318218068,11.19338601201514,11.038567543029783,11.038567543029783,155462700.0
2011-03-11,10.922449994782385,11.17016021211532,10.914709627234854,11.131455421447754,111555000.0
2011-03-14,11.038563166193574,11.10823163417132,10.891485125300024,11.015339851379396,112139700.0
2011-03-15,10.659260965054353,10.883747905539847,10.61281506022894,10.8063383102417,167837200.0
2011-03-16,10.845041267025644,10.91470974332175,10.574108467703564,10.597331047058104,178630900.0
2011-03-17,10.752150611092052,10.868264250413825,10.643777339687889,10.821818351745604,131745300.0
2011-03-18,10.992120872266042,11.061789363044682,10.821820199055216,10.868266105651855,199209100.0
2011-03-21,10.992120737800358,11.007602952554056,10.759892684123262,10.876007080078123,114391500.0
2011-03-22,10.868266236612474,10.8760073441773,10.74441146850586,10.74441146850586,86286500.0
2011-03-23,10.62055510963224,10.636036584210398,10.34962229130537,10.566368103027344,230626600.0
2011-03-24,10.496702524584052,10.519925110356246,10.310919623708417,10.434774398803713,170761100.0
2011-03-25,10.442511518560082,10.473475200508132,10.310915685722756,10.326397895812988,115322600.0
2011-03-28,10.388330393584322,10.496703703076406,10.34962558746338,10.34962558746338,78640400.0
2011-03-29,10.38058306549763,10.38058306549763,10.187059889069316,10.33413791656494,117737500.0
2011-03-30,10.372844774746037,10.496700261369291,10.272213345352972,10.41154956817627,121082200.0
2011-03-31,10.334141996988588,10.3651056879138,10.287696091484454,10.318659782409668,86180900.0
2011-04-01,10.411552981963778,10.535407770964577,10.334144107954666,10.34962558746338,95017100.0
2011-04-04,10.372843955423738,10.519922011194833,10.372843955423738,10.403807640075684,71113900.0
2011-04-05,10.396065929029886,10.4502521856098,10.349620038938262,10.427029609680176,64968800.0
2011-04-06,10.527664808801326,10.66700104301136,10.473477798277752,10.620555877685549,136151600.0
2011-04-07,10.674740198619595,10.744408672105417,10.48121698926229,10.53540325164795,119206000.0
2011-04-08,10.55088880413007,10.620557299679348,10.411551813031515,10.434774398803713,87592400.0
2011-04-11,10.450254572370026,10.519923054303034,10.396068303414374,10.442513465881348,63348300.0
2011-04-12,10.372842614867883,10.512179546910376,10.30317488707902,10.427029609680176,100372600.0
2011-04-13,10.53540394408661,10.558627262263206,10.225767084057049,10.272212982177734,124630800.0
2011-04-14,10.18706669857093,10.26447631617932,10.117398190369943,10.163844108581545,115624900.0
2011-04-15,10.23350668573941,10.318656625171949,9.923869132995604,9.923869132995604,266336200.0
2011-04-18,9.745833690892969,9.753574800215606,9.474900770463105,9.614237785339355,262012500.0
2011-04-19,9.699384464703847,9.699384464703847,9.405229054876084,9.55230712890625,182612900.0
2011-04-20,9.621973122505088,9.660677169434356,9.451672510733284,9.49811840057373,179989100.0
2011-04-21,9.54456472498066,9.598750987925731,9.474896250775588,9.529083251953123,100820900.0
2011-04-25,9.544568796957632,9.75357430874038,9.536827688025062,9.629718780517578,112414300.0
2011-04-26,9.668420754096935,9.69938444252207,9.467156410217283,9.467156410217283,146800000.0
2011-04-27,9.474898616553768,9.598753384629088,9.467157508990898,9.544567108154297,118705100.0
2011-04-28,9.529087797488769,9.637460375074458,9.482641879785744,9.614237785339355,92414200.0
2011-04-29,9.59101197988229,9.61423456183121,9.505861282348633,9.505861282348633,87169300.0
2011-05-02,9.56778860403794,9.652939301076216,9.544566022224124,9.55230712890625,89940100.0
2011-05-03,9.560049206673856,9.838722431444284,9.544566991736955,9.753572463989258,145530300.0
2011-05-04,9.784536142472977,9.815499834072495,9.61423546955929,9.668421745300291,99234300.0
2011-05-05,9.60649511254208,9.652941022685946,9.443935534387592,9.521345138549805,130921200.0
2011-05-06,9.606492093555731,9.637455777843268,9.505859935063125,9.529083251953123,111324100.0
2011-05-09,9.505861344843089,9.536825033722735,9.374265482546438,9.428452491760254,110668200.0
2011-05-10,9.451675011723628,9.575529766427964,9.428452429774708,9.505861282348633,91577700.0
2011-05-11,9.505860940182842,9.62197532221302,9.467156146172783,9.482638359069824,150517800.0
2011-05-12,9.443934440612791,9.498121452543606,9.358784476482391,9.443934440612791,111941900.0
2011-05-13,9.443932821121589,9.45167392696031,9.219445919426072,9.234928131103516,159056700.0
2011-05-16,9.203965584182,9.374265504298956,9.149778574842449,9.180742263793944,123646400.0
2011-05-17,9.142039359915506,9.242670808032155,9.134298252142637,9.21170711517334,145394700.0
2011-05-18,9.211706360310249,9.211706360310249,9.080110491885875,9.126556396484377,152963400.0
2011-05-19,9.196221824971898,9.203962929535194,9.0414034248678,9.04914379119873,121082700.0
2011-05-20,9.010440874830508,9.118813399378004,8.925290190420384,8.963994979858398,115821500.0
2011-05-23,8.878846090431336,8.917550884475954,8.809177608797533,8.840141296386719,122134100.0
2011-05-24,8.863364087453013,8.909809989053153,8.739509334162719,8.871105194091797,129513400.0
2011-05-25,8.785951964621015,8.96399292163035,8.785951964621015,8.809174537658691,103583400.0
2011-05-26,8.816918924085433,8.948514784014511,8.809177817446649,8.871105194091797,124072200.0
2011-05-27,8.95625275113627,9.118812255803666,8.933030175678747,9.04914379119873,107370400.0
2011-05-31,9.188481640797807,9.227186429258897,8.994958436724817,9.095590591430664,106228200.0
2011-06-01,9.0723514901101,9.095593857423292,8.700469918791368,8.70821762084961,176331800.0
2011-06-02,8.746955871582031,8.847673787273564,8.584257813751336,8.746955871582031,198074000.0
2011-06-03,8.67722523819318,8.870913304844194,8.64623517708347,8.739205360412598,115786700.0
2011-06-06,8.661730409475998,8.677225070300382,8.328586704846515,8.3905668258667,213289400.0
2011-06-07,8.491282586340157,8.561010389787018,8.212372111413847,8.25110912322998,160224800.0
2011-06-08,8.204627505265101,8.359577827503154,8.134899675542623,8.165889739990234,159384200.0
2011-06-09,8.196876715598483,8.328584624584524,8.134896610059302,8.25110912322998,129533300.0
2011-06-10,8.227867305751005,8.545515552101,8.065169333369155,8.36732292175293,210796300.0
2011-06-13,8.437051902367358,8.537769779160103,8.243363848272379,8.499032020568848,186095900.0
2011-06-14,8.615243360101962,8.615243360101962,8.328585168545596,8.36732292175293,173051000.0
2011-06-15,8.212374664847932,8.266607089341656,8.065171314277297,8.134899139404297,213408200.0
2011-06-16,8.096164219249761,8.282104658964627,8.057426442927092,8.212377548217773,200127400.0
2011-06-17,8.328588320061664,8.344083722752492,8.196880352635493,8.2743558883667,116367000.0
2011-06-20,8.204629845180914,8.258862288715676,8.158144365821384,8.212377548217773,88402500.0
2011-06-21,8.274354283669185,8.421556886376791,8.158141002610346,8.3905668258667,109392600.0
2011-06-22,8.359576225280762,8.47578875997029,8.351828525938453,8.359576225280762,102448600.0
2011-06-23,8.251113366316318,8.344084311295987,8.181386265873845,8.297598838806152,180604400.0
2011-06-24,8.313091711175455,8.344082512060474,8.127151339033501,8.150394439697266,122210200.0
2011-06-27,8.150393945259081,8.48353690708818,8.150393945259081,8.406062126159668,202814500.0
2011-06-28,8.4525460353897,8.460293734397064,8.34408120473156,8.382818222045898,113027000.0
2011-06-29,8.653982525884185,8.715962645588354,8.5222745867975,8.63074016571045,301628700.0
2011-06-30,8.653984310256611,8.661732011532465,8.39831607904514,8.491286277770996,255993900.0
2011-07-01,8.506781533755746,8.630742546215945,8.460296800586994,8.592004776000977,137487700.0
2011-07-05,8.568762350065217,8.576509312965342,8.452549040225264,8.522276878356934,110261100.0
2011-07-06,8.390567710108291,8.406063111426985,8.258859754345,8.320839881896973,145455700.0
2011-07-07,8.444799323684407,8.491284784302083,8.406062301841228,8.460294723510742,113940400.0
2011-07-08,8.328587043237901,8.367324805164765,8.220121457614948,8.289849281311035,129514100.0
2011-07-11,8.158144111588095,8.173639517178929,7.979951380463133,8.018689155578613,145323900.0
2011-07-12,7.956706563465543,8.057423713379075,7.9024733994412815,7.910221099853516,145156100.0
2011-07-13,7.956706614076257,8.026433701645749,7.863735686260836,7.902473449707031,164765500.0
2011-07-14,7.979951280248767,8.00319364948153,7.794010848663477,7.8017578125,148536100.0
2011-07-15,7.840493981389727,7.886979449196588,7.654553587885175,7.747523784637451,183416000.0
2011-07-18,7.654551719971302,7.693289477213736,7.383388158135522,7.5305914878845215,226934200.0
2011-07-19,7.553834281593228,7.631309800538707,7.282670704145358,7.414378643035889,322430300.0
2011-07-20,7.484107579589226,7.747523496694671,7.460865215980339,7.631310939788818,249783800.0
2011-07-21,7.770765606214296,7.964453687298431,7.747523243365391,7.925715923309326,238464700.0
2011-07-22,7.948953427044767,7.956701122158626,7.786255523958089,7.848235607147217,138441500.0
2011-07-25,7.724279469676632,7.80175424464268,7.654551655004307,7.755269527435303,130582700.0
2011-07-26,7.724281420164743,7.817251616917019,7.677795952357883,7.747523784637451,121168700.0
2011-07-27,7.685542687955427,7.701037349370198,7.499602317810058,7.499602317810059,151491700.0
2011-07-28,7.530590246839003,7.631308103526467,7.507347153007258,7.584822654724121,113623300.0
2011-07-29,7.468610473762361,7.708783209835105,7.43762041946713,7.522842884063721,187926700.0
2011-08-01,7.778513988436641,7.786261689685693,7.515098056860544,7.600321292877197,159616700.0
2011-08-02,7.561584792157912,7.639059601042102,7.3369065903290736,7.352401256561279,173972600.0
2011-08-03,7.352396513203519,7.429872010966403,7.220688610323279,7.391134262084961,175691200.0
2011-08-04,7.259426215748217,7.329154014584673,6.7945754549403325,6.841060161590576,305309300.0
2011-08-05,6.949527147071412,7.011507261342135,6.221259696098541,6.32972526550293,546781600.0
2011-08-08,5.7331677520921245,5.965593247117714,4.88868752992233,5.043638229370117,682052900.0
2011-08-09,5.438761486017553,5.934602886922917,5.175345568615933,5.888117790222168,496094500.0
2011-08-10,5.833884742882435,5.8803698346490245,5.221830111045658,5.245072841644287,493986500.0
2011-08-11,5.50074187157789,5.748662768312176,5.392276640882583,5.616954803466797,344079000.0
2011-08-12,5.802894860204458,5.9733405822067285,5.523984283269167,5.570469379425049,298997800.0
2011-08-15,5.779651520592248,6.074057449281656,5.694428673986232,6.012077331542969,268370400.0
2011-08-16,5.895864695865639,5.934602086509643,5.686681604209914,5.733166694641113,275997300.0
2011-08-17,5.77965259552002,5.88037049029271,5.73316749857048,5.77965259552002,159346200.0
2011-08-18,5.462005084023058,5.492995153397679,5.252821931028984,5.4310150146484375,335205500.0
2011-08-19,5.2683144818465495,5.516234919955643,5.229576728676706,5.400022029876709,289217900.0
2011-08-22,5.57821484131399,5.593709868173117,4.973908424377441,4.973908424377441,398777800.0
2011-08-23,4.935171906494395,4.989404698776885,4.656261353291891,4.880939483642578,563788800.0
2011-08-24,4.927423758329973,5.462002784088328,4.896433702004615,5.415517330169678,602753000.0
2011-08-25,6.422696965741934,6.817820842417428,5.71767244394532,5.926855564117432,859643400.0
2011-08-26,5.903611756069623,6.182522655324359,5.771903821159591,6.012077331542969,424194600.0
2011-08-29,6.275494918879061,6.515667756133132,6.167029313720182,6.500173091888428,363420500.0
2011-08-30,6.4226963924168405,6.50017191621194,6.236756021942225,6.290988445281982,297220400.0
2011-08-31,6.4228591418952,6.430616395949083,6.290988782069036,6.337531566619873,282263500.0
2011-09-01,6.345288008861927,6.345288008861927,6.135846614837647,6.135846614837647,243549600.0
2011-09-02,5.670423281119398,5.779022256288703,5.561824305950094,5.623880863189697,305988600.0
2011-09-06,5.360137948850977,5.484251382827123,5.27481040223213,5.422194480895996,283101800.0
2011-09-07,5.608365003294937,5.833320139217856,5.507522943774691,5.802291870117188,257251800.0
2011-09-08,5.724724008660365,5.7712664351674015,5.58509635925293,5.58509635925293,204593600.0
2011-09-09,5.515280794990207,5.592851476166586,5.398924588282546,5.414438724517822,255828800.0
2011-09-12,5.313596355547387,5.507523232537337,5.282568084819888,5.468738079071045,286856000.0
2011-09-13,5.499766416385163,5.569579841424196,5.406681233189504,5.429952621459961,220657500.0
2011-09-14,5.499766349798543,5.530794620526042,5.367896014263592,5.468738079071045,212940200.0
2011-09-15,5.56957977395076,5.693693226745992,5.530794620484758,5.685935974121094,230299700.0
2011-09-16,5.724721740853167,5.7324786239216765,5.492009330619,5.608365535736084,240523700.0
2011-09-19,5.476494131378442,5.484251382827123,5.383409333310913,5.422194480895996,199254700.0
2011-09-20,5.460982109817071,5.4764962488267575,5.352383136749268,5.352383136749268,142828700.0
2011-09-21,5.3911688056121605,5.406682946078771,4.933501476903994,4.9490156173706055,381953600.0
2011-09-22,4.840413783208143,4.871442418123565,4.654244193032182,4.700786590576172,384622500.0
2011-09-23,4.724058865608819,4.956770897235998,4.708544730167007,4.89471435546875,503374000.0
2011-09-26,5.026586030476313,5.119670867919922,4.894715659154735,5.119670867919922,228406400.0
2011-09-27,5.305840939377112,5.313597824259958,4.972286382030632,5.026586055755615,231598900.0
2011-09-28,5.049856905779785,5.065371043759249,4.778358936309815,4.778358936309815,222449300.0
2011-09-29,4.964528149736521,5.003313303396691,4.770601271777174,4.9257426261901855,224013100.0
2011-09-30,4.793873079578121,4.902472415440411,4.739573781533202,4.747330665588379,175213100.0
2011-10-03,4.716300712440741,4.793871374838893,4.281904633124999,4.289661884307861,369335100.0
2011-10-04,4.250877471293165,4.468075752258301,3.979379897501389,4.468075752258301,448300000.0
2011-10-05,4.429290054595508,4.522374870026074,4.274148695544563,4.475832462310791,291785700.0
2011-10-06,4.475832268369887,4.894714289543167,4.382747456972749,4.871443271636963,336087400.0
2011-10-07,4.902473212671173,4.91023009798776,4.56116175135676,4.576675891876221,285598300.0
2011-10-10,4.762843955120808,4.87920015431031,4.747329819887952,4.871443271636963,225326600.0
2011-10-11,4.793874371682579,5.018829618208838,4.755089201180381,4.941258907318115,204431100.0
2011-10-12,5.049856721302076,5.228269116605174,4.917986368350906,5.104156017303467,284617700.0
2011-10-13,4.995557970328634,4.995557970328634,4.786116891955698,4.824902057647705,230115400.0
2011-10-14,4.894714842045913,4.933500369449144,4.747330355754318,4.801630020141602,203564500.0
2011-10-17,4.793872780016199,4.871443835038029,4.677516937255859,4.677516937255859,175512200.0
2011-10-18,4.863686471517135,5.267054394980466,4.778358534855798,5.150698184967041,496883800.0
2011-10-19,5.181725479396058,5.321353052988434,4.94125622140334,4.964527606964111,318554300.0
2011-10-20,4.987799641364052,5.026585168591651,4.793872744998457,5.01882791519165,254971700.0
2011-10-21,5.11191425637859,5.15845667758873,4.949015597199956,5.011072158813477,252586400.0
2011-10-24,5.111912087835195,5.228267906557667,5.034341048838712,5.212753772735596,217032400.0
2011-10-25,5.15845667758873,5.17397081799211,5.011072158813477,5.011072158813477,200837500.0
2011-10-26,5.10415499841783,5.166211535681028,4.995556058207233,5.111912250518799,208197400.0
2011-10-27,5.515281254227751,5.608366079390242,5.352382625250283,5.600608825683594,408959900.0
2011-10-28,5.492009326790129,5.763506891949923,5.468738307714644,5.701450347900391,273167300.0
2011-10-31,5.499766981294474,5.554066276359285,5.290325944892272,5.2980828285217285,252026900.0
2011-11-01,4.949013473218972,5.181725479396058,4.902471071983555,4.964527606964111,371823200.0
2011-11-02,5.212753772735596,5.228267906557667,5.096397954013124,5.212753772735596,216830700.0
2011-11-03,5.360138893127441,5.414438553175663,5.104155468403001,5.360138893127441,244340400.0
2011-11-04,5.220510827170229,5.236024960405616,5.003312591988698,5.034340858459473,266446300.0
2011-11-07,4.995557610461566,5.111913838928147,4.886958636506343,5.00331449508667,192433500.0
2011-11-08,5.0731279205650885,5.111913450401506,4.964528954863838,5.065371036529541,219000600.0
2011-11-09,4.894715156098912,4.933500685990687,4.770602052263195,4.778358936309815,265539000.0
2011-11-10,4.90247210909228,4.9102289926627405,4.662002800228734,4.677516937255859,324988000.0
2011-11-11,4.747331059044206,4.879201427887588,4.747331059044206,4.817144870758057,210025900.0
2011-11-14,4.77835791303202,4.8016292999608,4.66975897043206,4.69303035736084,225481700.0
2011-11-15,4.662003493313809,4.840415910706651,4.654246238703899,4.7550883293151855,268228500.0
2011-11-16,4.724060411754237,4.724060411754237,4.576675891876221,4.576675891876221,292502400.0
2011-11-17,4.638733709637114,4.67751925637797,4.491349149862802,4.499106407165527,285881900.0
2011-11-18,4.54564619190724,4.5689172104792055,4.460318260742303,4.48358964920044,227038600.0
2011-11-21,4.390506885497264,4.406021029726053,4.250879587438169,4.258636474609375,269658300.0
2011-11-22,4.281906950277158,4.33620662828316,4.126765541526146,4.165550708770752,270959000.0
2011-11-23,4.111251533820531,4.119008419566191,3.979381147167548,3.987138032913208,264978500.0
2011-11-25,4.002649720102105,4.134520025899994,3.971621456371552,4.010406970977783,138425100.0
2011-11-28,4.266392344520206,4.289663738240268,3.987137469310732,4.072465419769287,345537900.0
2011-11-29,4.025922128254864,4.095735924373385,3.90180904172076,3.94059419631958,333749700.0
2011-11-30,4.197082829999969,4.228172302246094,4.0260903620305415,4.228172302246094,436268200.0
2011-12-01,4.173765575863649,4.375847517791046,4.11158663084468,4.298123836517334,315495500.0
2011-12-02,4.406938034196438,4.570157988841923,4.360303814385704,4.383620738983154,283132900.0
2011-12-05,4.554612762934325,4.624563899878822,4.453571778817414,4.500205993652344,293977700.0
2011-12-06,4.461343702613331,4.601246709579482,4.430254227868803,4.492433547973633,254787200.0
2011-12-07,4.4535715956531865,4.601246788531517,4.430254303886805,4.577929496765137,244700100.0
2011-12-08,4.539067919891592,4.570157395730647,4.298124296831015,4.3447585105896,286031100.0
2011-12-09,4.406940052591162,4.546842776099325,4.375850558478238,4.445801734924316,293654100.0
2011-12-12,4.344758767242255,4.352530951353242,4.197083562975409,4.235945224761963,191824000.0
2011-12-13,4.321442237302966,4.352531720472235,4.057181259748308,4.1349053382873535,227194200.0
2011-12-14,4.07272503398013,4.173766015588956,4.041635558195227,4.064952850341797,226723100.0
2011-12-15,4.142676585291004,4.173766061417272,4.049408156912199,4.08827018737793,196092100.0
2011-12-16,4.12713126914834,4.212627501828176,4.010545564696882,4.041635036468506,227111300.0
2011-12-19,4.041635019135978,4.057179754955127,3.824008717667899,3.878415107727051,344317700.0
2011-12-20,3.971683496631976,4.057179349791521,3.9172767413903298,4.018317699432373,239246100.0
2011-12-21,4.026090820302776,4.080497588234248,3.9639118687329695,4.064952850341797,203711800.0
2011-12-22,4.088270079244326,4.282579485201967,4.049408049806486,4.251489639282227,303085900.0
2011-12-23,4.305894852789525,4.375846332292577,4.251488105329857,4.352529048919678,190712000.0
2011-12-27,4.313670782378013,4.3369877133959625,4.243719248092292,4.25926399230957,158575400.0
2011-12-28,4.235945441478648,4.243717996603099,4.096042784780989,4.111587524414063,146104500.0
2011-12-29,4.111586284425735,4.259261451711389,4.103814102261078,4.243716716766357,168098500.0
2011-12-30,4.189309792785672,4.336984954206871,4.17376505845795,4.32144021987915,176441000.0
2012-01-03,4.469117354718,4.577930543060431,4.46134479881418,4.507979393005371,246293200.0
2012-01-04,4.438026253723495,4.5701566909716815,4.368074758564871,4.515749931335449,243711200.0
2012-01-05,4.469116330055651,4.935458829503519,4.438026854800178,4.904369354248047,547780000.0
2012-01-06,4.826645806526966,4.89659731319471,4.710060085619322,4.803328514099121,299630600.0
2012-01-09,4.865507388517578,4.951003254768231,4.811100624945181,4.873279571533203,240614400.0
2012-01-10,5.005410047467248,5.1764021515793175,5.005410047467248,5.153085231781006,354292100.0
2012-01-11,5.129768349594764,5.362939789828258,5.067589397696709,5.339622497558594,354039600.0
2012-01-12,5.4328893120375925,5.456206597382882,5.176401026317799,5.27744197845459,362099600.0
2012-01-13,5.044272956731534,5.199720733326842,4.982093994339751,5.137541770935059,337048400.0
2012-01-17,5.153084234884954,5.300759390630038,5.00540907913987,5.036498546600342,294196500.0
2012-01-18,5.052043513633405,5.285214900970459,5.020954044737225,5.285214900970459,302497700.0
2012-01-19,5.603881466967981,5.666060397265245,5.2463522471430535,5.409572124481201,491008100.0
2012-01-20,5.401800249207934,5.502841208899451,5.308531842084551,5.4950690269470215,236630700.0
2012-01-23,5.541705087621862,5.72824196438009,5.52616034789201,5.634973526000977,339942200.0
2012-01-24,5.526160178595963,5.712697049639561,5.487298145153972,5.666062831878662,228810300.0
2012-01-25,5.596109898505161,5.7282403339075305,5.557248245549933,5.712695598602295,249340100.0
2012-01-26,5.790420147771576,5.829282177199215,5.619428033644675,5.673834800720215,265938800.0
2012-01-27,5.603883874864129,5.712697049639561,5.596111319929404,5.666062831878662,230914000.0
2012-01-30,5.541703230508713,5.557247965029277,5.45620700533776,5.4950690269470215,231240100.0
2012-01-31,5.572792213675505,5.588336946840772,5.479523814683902,5.541702747344971,212736300.0
2012-02-01,5.634970876976728,5.782646020295514,5.603881412132316,5.7204670906066895,318811000.0
2012-02-02,5.774874366875391,5.8215085713944825,5.697150692676904,5.790419101715088,232425400.0
2012-02-03,5.953639578144265,6.132404231382798,5.930322658939445,6.093542575836182,364195700.0
2012-02-06,6.054680783505893,6.194583415985107,6.039136046563758,6.194583415985107,236316000.0
2012-02-07,6.179038706571842,6.210128180594622,6.0624533642943,6.101315021514893,253694200.0
2012-02-08,6.1868139469128085,6.334488827338642,6.163496645962668,6.318944454193115,436439700.0
2012-02-09,6.458843829941136,6.489933299708483,6.295623928354712,6.357802867889404,480206700.0
2012-02-10,6.256763028877009,6.311169425427524,6.2023562617107135,6.272307395935059,254420800.0
2012-02-13,6.427757006889309,6.4588464894581685,6.381122412420154,6.412211894989014,308490200.0
2012-02-14,6.334484477075244,6.3500295807768845,6.179037146215555,6.202354431152344,384682800.0
2012-02-15,6.225674995923713,6.311170887629989,6.039137730004119,6.046910285949707,372981400.0
2012-02-16,5.9925028199423,6.318942719957184,5.953640785896405,6.287853240966797,337131800.0
2012-02-17,6.248989532255141,6.280079002913865,6.155721120278969,6.233445167541504,355445600.0
2012-02-21,6.241218224922603,6.373348686901014,6.2179013025827645,6.303397178649902,333407700.0
2012-02-22,6.264535131596496,6.318941524226462,6.1790385246276855,6.1790385246276855,228867800.0
2012-02-23,6.194582773294512,6.256762085227685,6.140176384949607,6.233445167541504,144231800.0
2012-02-24,6.256763296576923,6.287852773254768,6.124632835388184,6.124632835388184,163128200.0
2012-02-27,6.0546806655982985,6.256762612526514,5.961412245761778,6.248990058898926,298930800.0
2012-02-28,6.25676275333693,6.334486067667462,6.2179007255559,6.311169147491455,193443200.0
2012-02-29,6.350080129302967,6.412335758637651,6.20222282409668,6.20222282409668,266720500.0
2012-03-01,6.295604508675327,6.357860116942085,6.2644767045419485,6.318950176239014,197850100.0
2012-03-02,6.31116931289302,6.388989209998653,6.30338791689889,6.326733589172363,143887500.0
2012-03-05,6.295606639171528,6.326734453838871,6.186658916763009,6.20222282409668,196328300.0
2012-03-06,6.054366579043632,6.062148348059743,5.960982753340262,5.999892711639404,262871200.0
2012-03-07,6.077711163403171,6.241132736206055,6.046583350794849,6.241132736206055,328331900.0
2012-03-08,6.280040630295515,6.318950573444442,6.22556715517428,6.27225923538208,160282000.0
2012-03-09,6.3189512104096535,6.373424691021944,6.233349920569553,6.264477729797363,195281400.0
2012-03-12,6.23334963339857,6.272259578677126,6.155529742841456,6.217785358428955,165298900.0
2012-03-13,6.280043429340651,6.61466805056159,6.2644798904316,6.60688591003418,385984100.0
2012-03-14,6.739180192801775,6.925947136484784,6.661361004006785,6.879255771636963,488077000.0
2012-03-15,6.988200104671436,7.1983133923538025,6.887035272245384,7.190531253814697,489593000.0
2012-03-16,7.322825051835459,7.626321792602539,7.260569424315897,7.626321792602539,582294100.0
2012-03-19,7.610755814782841,7.859779011387226,7.400643304369484,7.416206836700439,669479900.0
2012-03-20,7.494027776817315,7.7586145428958435,7.462899965640169,7.634103298187256,451213900.0
2012-03-21,7.7508329991597,7.805306487362176,7.579629653478982,7.641885280609131,326573800.0
2012-03-22,7.517375409378647,7.602977469040688,7.408428412929871,7.470684051513672,264520500.0
2012-03-23,7.369516646047106,7.665231227874756,7.315042419035717,7.665231227874756,283110900.0
2012-03-26,7.789740789753374,7.813086457911615,7.665229570048871,7.727485179901123,241605700.0
2012-03-27,7.680796646197564,7.704142325130051,7.455119770794846,7.470684051513672,250069600.0
2012-03-28,7.486245829216456,7.610757077097262,7.455118017246255,7.587411403656006,234021500.0
2012-03-29,7.494026724791582,7.532936668837154,7.338387690754751,7.416206836700439,253625800.0
2012-03-30,7.478462094878704,7.501808505483711,7.276131731319912,7.447334289550781,250234500.0
2012-04-02,7.423990759278666,7.610757645037034,7.322825177289808,7.532938480377197,179229000.0
2012-04-03,7.525154406388101,7.525154406388101,7.322823294434077,7.3850789070129395,190453400.0
2012-04-04,7.276132689246683,7.283914084994046,7.120492899971158,7.159402847290039,228560600.0
2012-04-05,7.112712721643005,7.31504314647034,7.089366303968369,7.1827497482299805,180868100.0
2012-04-09,7.034890599999789,7.034890599999789,6.871469438429684,6.949289321899414,211427600.0
2012-04-10,6.980415933309535,7.073799332218775,6.614663730972718,6.645791530609131,377220000.0
2012-04-11,6.832560304505374,6.933725868118619,6.785868962619567,6.894815921783447,252563700.0
2012-04-12,6.949290515042196,7.143839514973764,6.933726238817812,7.136057376861572,223979900.0
2012-04-13,7.066017783566568,7.066017783566568,6.754739761352539,6.754739761352539,282354600.0
2012-04-16,6.902596214960918,6.949288286515121,6.708047277418124,6.840340614318848,217284500.0
2012-04-17,6.980419200117712,7.003764875234383,6.9025992935346325,6.941509246826172,193424400.0
2012-04-18,6.910381432622067,7.003764875234383,6.879253618417962,6.941509246826172,160064100.0
2012-04-19,7.12827598398471,7.136058122910496,6.746960082368575,6.824779987335205,348804500.0
2012-04-20,6.832558103511263,6.832558103511263,6.482370183592892,6.505715847015381,277965300.0
2012-04-23,6.241132260341989,6.45902693198655,6.186658035821696,6.365643501281738,256073900.0
2012-04-24,6.42011534348131,6.435679615695274,6.303386270457971,6.3889875411987305,192443800.0
2012-04-25,6.459026692902305,6.497936639792089,6.357861127847071,6.42789888381958,164902400.0
2012-04-26,6.373422618535974,6.53684374937768,6.357859090055716,6.435678958892822,131586300.0
2012-04-27,6.490157069260463,6.490157069260463,6.373427182416918,6.420119285583496,120948200.0
2012-04-30,6.396772147102873,6.412335683180579,6.256696611675348,6.311170101165772,137422300.0
2012-05-01,6.311169939928677,6.536846773382102,6.2878242653357335,6.466809749603272,177953400.0
2012-05-02,6.38898852715788,6.404552059628287,6.318950775677398,6.350078582763672,136208900.0
2012-05-03,6.365643818638546,6.365643818638546,6.155530532468447,6.2255682945251465,204584500.0
2012-05-04,6.147748848299456,6.163312754403595,5.9921094161852775,6.023237228393555,194857200.0
2012-05-07,5.999892283058881,6.225569134498629,5.96098232753913,6.194441318511963,167662600.0
2012-05-08,6.124402764522182,6.147748809065797,5.984327610478864,6.06214714050293,180627900.0
2012-05-09,5.968761636783485,6.085491076918719,5.953197736170298,6.015453338623047,174742300.0
2012-05-10,6.155530984973739,6.178877031066448,5.968764100523318,5.992109775543213,156787300.0
2012-05-11,5.820905239954883,6.046582017125012,5.766431394368995,5.875379085540772,245533600.0
2012-05-14,5.735303817432636,5.852033279160549,5.71973991394043,5.71973991394043,170716800.0
2012-05-15,5.735305400905752,5.875380942082104,5.641921954170072,5.680831909179688,201254900.0
2012-05-16,5.758650084532608,5.813123563359871,5.509627247797531,5.532973289489746,216226100.0
2012-05-17,5.525190453996014,5.641919905567114,5.392897100286947,5.431807041168213,241468300.0
2012-05-18,5.455153681302353,5.470717585156128,5.361769887106974,5.462935447692871,223783500.0
2012-05-21,5.470716688954022,5.532972294170525,5.229475662131057,5.315077304840088,229980800.0
2012-05-22,5.385115334754312,5.56410039487728,5.338423628340411,5.431807041168213,221551500.0
2012-05-23,5.369549991815463,5.579662799835205,5.330640061374823,5.579662799835205,194441500.0
2012-05-24,5.64970303710102,5.704176518640488,5.455154040579459,5.556319236755371,206041500.0
2012-05-25,5.501845129900529,5.641920257889538,5.501845129900529,5.564100742340088,108661200.0
2012-05-29,5.665267925600255,5.797560954502899,5.618575831784232,5.789779186248779,159872200.0
2012-05-30,5.711854527198829,5.77419394481849,5.532628515756187,5.610552787780762,206801500.0
2012-05-31,5.618343551263596,5.743022345459832,5.485872146644036,5.727437496185303,203267300.0
2012-06-01,5.548212053365478,5.602759216622744,5.407948397010988,5.470287799835205,240859000.0
2012-06-04,5.532627106965028,5.532627106965028,5.337816290722793,5.376778602600098,163821500.0
2012-06-05,5.384571304890367,5.5637972861023846,5.37677906478837,5.532627582550049,147346700.0
2012-06-06,5.64172133613263,6.0547204502705485,5.5949667825349305,5.953418731689453,356852900.0
2012-06-07,6.085890564469907,6.156022585398009,5.750816055227548,5.781985759735107,276170400.0
2012-06-08,5.727437836094303,5.906663799174061,5.610551273812351,5.891078948974609,234555000.0
2012-06-11,6.015758861355309,6.054721179834237,5.672892093658447,5.672892093658447,204590700.0
2012-06-12,5.704059669528987,5.844323294839183,5.626135061673477,5.836530685424805,148255600.0
2012-06-13,5.766399864760388,5.930040969620434,5.727437555385283,5.844324111938477,162374500.0
2012-06-14,5.8599092491246285,5.992380661618442,5.805362087635371,5.969003200531006,157528300.0
2012-06-15,6.015757575711056,6.156021595001221,5.883286538652308,6.156021595001221,211751900.0
2012-06-18,6.054719213472057,6.163813149582053,6.023549517440631,6.046926975250244,140319900.0
2012-06-19,6.1404379044939965,6.397588159643269,6.124853051805319,6.3196635246276855,248771500.0
2012-06-20,6.358626379252979,6.40538131284063,6.249532772789226,6.343041896820068,213582800.0
2012-06-21,6.319662922634174,6.366417847818659,6.078097914756586,6.093682765960693,227157600.0
2012-06-22,6.2105671400007925,6.241737204825713,6.070303520362886,6.187190055847168,142219300.0
2012-06-25,6.031341824003858,6.031341824003858,5.891078190273102,5.922247886657715,151907200.0
2012-06-26,5.961212684367153,5.984589780639843,5.828741233581089,5.937835216522217,129776500.0
2012-06-27,5.984587914829201,6.093682235330317,5.9300411261507735,6.054719924926758,111335500.0
2012-06-28,5.937834815007967,6.039136549532293,5.867703159359928,6.031343936920166,133125300.0
2012-06-29,6.233946327491282,6.389794837049701,6.194984014315598,6.374210357666016,258769800.0
2012-07-02,6.389796342015558,6.397588955114923,6.132646054892401,6.272910118103027,152974000.0
2012-07-03,6.280701160430908,6.327455341045142,6.2417388478228455,6.280701160430908,57653700.0
2012-07-05,6.257323517817743,6.280701351982148,6.093682765960693,6.093682765960693,120162000.0
2012-07-06,5.992380661618442,6.078097523509522,5.96121096121662,5.969003200531006,116595200.0
2012-07-09,5.9456261104587576,6.000172900370768,5.867701859461502,5.891078948974609,87078300.0
2012-07-10,5.961211057735604,5.976795908188852,5.766400241283932,5.828739643096924,101758300.0
2012-07-11,5.836531933159018,5.992380810615355,5.80536223198218,5.945626258850098,128619400.0
2012-07-12,5.867701955016116,5.883286805469364,5.789777331177731,5.828739643096924,107637000.0
2012-07-13,5.891079328735132,6.101475005776666,5.883287088919159,6.093682765960693,177154500.0
2012-07-16,6.179400854965915,6.202778323585321,6.054722013188444,6.0858917236328125,109439900.0
2012-07-17,6.17160701751709,6.179399257327426,6.0391355965919145,6.17160701751709,127266800.0
2012-07-18,6.140437078441514,6.179399019135689,5.844324545619478,5.867702007293701,254341100.0
2012-07-19,5.8910794437690255,5.961211461343045,5.5482123390114,5.657306671142578,260959200.0
2012-07-20,5.618344606276516,5.618344606276516,5.501458028982521,5.509250640869141,160463000.0
2012-07-23,5.40794900727619,5.571590143942078,5.376779302346706,5.524835586547852,168638000.0
2012-07-24,5.57938233633415,5.594967188664662,5.431326053408186,5.485873222351074,138286700.0
2012-07-25,5.540420345271247,5.579382289987788,5.46249608426598,5.509250640869141,117241300.0
2012-07-26,5.626134916426733,5.641719763281077,5.540418444513874,5.587172985076904,121121500.0
2012-07-27,5.610551690256793,5.766400575391361,5.5637971361880725,5.696268558502197,146210900.0
2012-07-30,5.672892093658447,5.750816359044097,5.657307240581317,5.672892093658447,74683800.0
2012-07-31,5.67289284213162,5.719647407531738,5.618345663378686,5.719647407531738,86093200.0
2012-08-01,5.727439474520975,5.735232087635973,5.61834549191672,5.626137733459473,97187800.0
2012-08-02,5.548212333945139,5.657306665976699,5.532627482450939,5.594966888427734,112848000.0
2012-08-03,5.68847546916065,5.836531349149938,5.665098009831119,5.789776802062988,130250800.0
2012-08-06,5.805362459510658,5.984588434087919,5.797570219697122,5.953418731689453,112657000.0
2012-08-07,6.007966331700092,6.117060297994043,5.969004015094729,5.976796627044678,119572200.0
2012-08-08,5.9066646057839,6.054720888683214,5.898872365406141,5.976796627044678,73353500.0
2012-08-09,5.984588335681207,6.046928111025227,5.976796095995802,6.015758037567139,59676500.0
2012-08-10,5.969004522312033,6.046929162144419,5.945627427620093,6.031343936920166,50443800.0
2012-08-13,6.015758037567139,6.101474903539528,5.984588335681207,6.015758037567139,58341300.0
2012-08-14,6.062514781951904,6.156023915681399,6.031344699136471,6.062514781951904,104644000.0
2012-08-15,6.039134607799311,6.132643699645996,6.023549759158198,6.132643699645996,73559200.0
2012-08-16,6.148230735659205,6.202777911095546,6.10147617310187,6.179400444030762,78181200.0
2012-08-17,6.210569811288309,6.327456397047797,6.187192717079739,6.233947277069092,138307600.0
2012-08-20,6.218362350038119,6.382003122275246,6.218362350038119,6.350833415985107,100276900.0
2012-08-21,6.428756318383779,6.545642499642161,6.358624312371063,6.3820013999938965,190820700.0
2012-08-22,6.343042259945553,6.48330558244936,6.327457033475962,6.405381679534912,140333800.0
2012-08-23,6.405380959351164,6.444343277999942,6.327456322053607,6.350833415985107,98866200.0
2012-08-24,6.327456183218241,6.39758820661834,6.2573241598181415,6.358625888824463,88822200.0
2012-08-27,6.389795843055357,6.389795843055357,6.272909628270125,6.288494110107422,96142100.0
2012-08-28,6.265117278804036,6.319664082241227,6.194985249730812,6.202777862548828,96280400.0
2012-08-29,6.218362423739308,6.311871915290226,6.218362423739308,6.233947277069092,106910900.0
2012-08-30,6.19498472701247,6.19498472701247,6.101475610519739,6.163815021514893,91900100.0
2012-08-31,6.2339459845535785,6.249531206224213,6.140436883962588,6.226153373718262,91730500.0
2012-09-04,6.233947277069092,6.319663784596799,6.194984957958525,6.233947277069092,81461800.0
2012-09-05,6.233947960611521,6.257355060071867,6.187134877802761,6.202739238739014,55769500.0
2012-09-06,6.2729595561482165,6.514827728271484,6.265157189030602,6.514827728271484,200570300.0
2012-09-07,6.608451801079871,6.865923881530762,6.592847071804329,6.865923881530762,232843000.0
2012-09-10,6.897132389234736,6.959549816316772,6.655264301236031,6.694275379180908,190045600.0
2012-09-11,6.733288589718957,7.060980557724721,6.694277499418336,7.045375823974609,201630400.0
2012-09-12,7.139000717390081,7.170209435233744,6.920539692484438,6.998561859130859,204167100.0
2012-09-13,6.9361444554144,7.396472859711601,6.8737270194393725,7.334055423736572,330759200.0
2012-09-14,7.490099031379997,7.638340241426042,7.373065792220475,7.451087951660156,329619800.0
2012-09-17,7.326252734986306,7.404274146551447,7.232626594663485,7.256032943725586,141409300.0
2012-09-18,7.146804274173517,7.248232810091221,7.092189194861927,7.201419353485107,150503600.0
2012-09-19,7.279441564672759,7.380870101029868,7.224826485124568,7.248232841491699,126360100.0
2012-09-20,7.131197645978319,7.2170214165789695,7.084384206694272,7.170207977294922,111354300.0
2012-09-21,7.29504788556137,7.29504788556137,7.084388400197813,7.107794761657715,155865300.0
2012-09-24,7.014166306960522,7.178012272425737,6.982957587065937,7.0999908447265625,113331700.0
2012-09-25,7.154603697862757,7.185812408070718,6.951746709473838,6.96735143661499,146678000.0
2012-09-26,6.912735657327106,6.951746731227719,6.78790081610462,6.881526947021484,158640100.0
2012-09-27,6.975154762692217,7.076583281702755,6.943946044848554,6.998561859130859,119023800.0
2012-09-28,6.936142871771369,6.967351582633388,6.858120722579144,6.889329433441162,119039200.0
2012-10-01,6.920540988901584,7.123398064923646,6.9049369990939375,6.990760803222656,133194500.0
2012-10-02,7.099988641017411,7.107790260513643,6.928340362836454,6.96735143661499,109601600.0
2012-10-03,7.006366203231722,7.115597130169286,6.951751111800347,7.107794761657715,115670100.0
2012-10-04,7.178011952004988,7.349660275800249,7.139000867859537,7.34185791015625,160486300.0
2012-10-05,7.458889988498633,7.529109036017908,7.201417171296925,7.271636962890625,204255800.0
2012-10-08,7.1468023043908016,7.3184506058711,7.123395954576266,7.240428447723389,81944200.0
2012-10-09,7.2794415030709425,7.3184525927358015,7.053178075904334,7.185815334320068,153036100.0
2012-10-10,7.170210600824266,7.232628790732829,7.068782809400137,7.185815334320068,110640900.0
2012-10-11,7.326254932600323,7.349661288683491,7.256035120276175,7.287243843078613,122925800.0
2012-10-12,7.146805020708912,7.240431199626419,7.060981209386545,7.115596294403076,158562500.0
2012-10-15,7.209218486324533,7.365262031555176,7.146801068232276,7.365262031555176,154458500.0
2012-10-16,7.435485423587784,7.4901012489956065,7.318452893852566,7.380870342254639,172663600.0
2012-10-17,7.349658049069269,7.490097611814006,7.256031921930884,7.365262031555176,229733500.0
2012-10-18,7.318452067458169,7.466693304655129,7.310649701270277,7.388671875,149739000.0
2012-10-19,7.349658049069269,7.451086539487767,7.326251703303252,7.365262031555176,169451300.0
2012-10-22,7.388670521738194,7.458890316419016,7.341857077259495,7.451087951660156,132617600.0
2012-10-23,7.365262903539812,7.388669996151346,7.240428052575911,7.302845478057861,160627600.0
2012-10-24,7.373066525001756,7.404275243064454,7.256034018285272,7.26383638381958,120868300.0
2012-10-25,7.310649893959819,7.34966098185291,7.154606286462068,7.209221363067627,121778900.0
2012-10-26,7.154607388304052,7.232629576106006,7.060981209386545,7.115596294403076,124687200.0
2012-10-31,7.1780108221238335,7.295044056138142,7.138999744119064,7.271636962890625,94925500.0
2012-11-01,7.287241394743097,7.607130882011686,7.232626334206819,7.599328517913818,205700000.0
2012-11-02,7.700758902794488,7.778781074710879,7.622737474952675,7.685154914855957,220993300.0
2012-11-05,7.669547468471976,7.74756961277513,7.505701560694806,7.60713005065918,121104400.0
2012-11-06,7.669549218046527,7.778780096173784,7.60713178599509,7.755373001098633,132533500.0
2012-11-07,7.5135073280183455,7.544716051064205,7.19361773077963,7.201419353485107,286124300.0
2012-11-08,7.404274832952034,7.490099360926651,7.318451049051907,7.326253414154053,223927000.0
2012-11-09,7.25603435851727,7.482297761099844,7.2326280048913665,7.357462882995605,141093100.0
2012-11-12,7.412077198054179,7.42768192825847,7.318451049051907,7.326253414154053,68498300.0
2012-11-13,7.263834036846452,7.451086284720707,7.240426947806452,7.279438018798828,119629700.0
2012-11-14,7.318451934250993,7.349660654359916,6.982957635024134,7.014166355133057,197392900.0
2012-11-15,7.045376328291715,7.1780135983633775,7.037574704932867,7.092189788818359,144569800.0
2012-11-16,7.115596294403076,7.185816114609889,6.959552662873898,7.115596294403076,178995000.0
2012-11-19,7.302845013997762,7.435482220737062,7.271636303239948,7.404273509979248,146244000.0
2012-11-20,7.388670128789744,7.55251605963976,7.349659051144613,7.513504981994629,150696200.0
2012-11-21,7.544715236456457,7.630539029547457,7.513506516780224,7.622737407684326,132499300.0
2012-11-23,7.677350834818224,7.72416353225708,7.646142121834182,7.72416353225708,59048000.0
2012-11-26,7.661744365592234,7.700755433977836,7.607129316296937,7.677349090576172,99730900.0
2012-11-27,7.716361174465517,7.7631738674295825,7.536910533905029,7.536910533905029,149684000.0
2012-11-28,7.4588889900228,7.614932537078857,7.318449425635186,7.614932537078857,152946500.0
2012-11-29,7.677352785100412,7.708561506012422,7.614935343276392,7.66955041885376,125905400.0
2012-11-30,7.63053948138996,7.700759290838194,7.614935492665137,7.692956924438477,108739700.0
2012-12-03,7.747571957087177,7.755373578618709,7.630538705219746,7.646143436431885,99872800.0
2012-12-04,7.638339878245462,7.731966018676758,7.622735893544124,7.731966018676758,144124500.0
2012-12-05,7.786639287954765,8.247433495075612,7.771018791863635,8.169332504272461,463491000.0
2012-12-06,8.208382999674036,8.263053246340494,8.036561266802853,8.169332504272461,176607900.0
2012-12-07,8.24743219670371,8.34115292401753,8.184950967001697,8.30991268157959,192055100.0
2012-12-10,8.278672133626337,8.3021021283836,8.169330916715596,8.255241394042969,148065200.0
2012-12-11,8.309913591756782,8.364583835804627,8.200572358834881,8.208382606506348,159121300.0
2012-12-12,8.270860204898579,8.356770664752728,8.208379735036296,8.286479949951172,166819300.0
2012-12-13,8.270862970037706,8.32553321323823,8.208382479286763,8.231812477111816,106232100.0
2012-12-14,8.239621039985474,8.278671524927082,8.216191046950927,8.26305103302002,91707200.0
2012-12-17,8.317721337714664,8.591073989868164,8.30991183651895,8.591073989868164,170087700.0
2012-12-18,8.77851742010126,8.872238159179688,8.630126436100305,8.872238159179688,255238400.0
2012-12-19,8.903478141912823,8.973768880346936,8.723846916871159,8.739466667175293,193013700.0
2012-12-20,8.66917612963874,8.997199058532715,8.653555635488477,8.997199058532715,184449000.0
2012-12-21,8.747278031582942,8.864429525539634,8.68479753273656,8.8175687789917,244892300.0
2012-12-24,8.801948812479452,8.817568564397758,8.755088067071968,8.786328315734863,50657100.0
2012-12-26,8.817568504805369,9.083110989058484,8.801948752992626,9.01282024383545,146097900.0
2012-12-27,9.106537024612416,9.1299670145443,8.770703941342951,8.958146095275879,210411400.0
2012-12-28,8.840997912820212,8.973769146054542,8.801948163490536,8.872238159179688,131872200.0
2012-12-31,8.880047217304051,9.0987289125233,8.825376979705771,9.06748867034912,170837500.0
2013-01-02,9.411130210246895,9.489230427760289,9.293978766737846,9.395509719848633,236021400.0
2013-01-03,9.37989369735324,9.411133945723703,9.278362703942667,9.340843200683594,157149700.0
2013-01-04,9.348649244973982,9.457989692687988,9.317409010651993,9.457989692687988,132601900.0
2013-01-07,9.48923231293478,9.528282801862414,9.372081590978006,9.44237232208252,201403500.0
2013-01-08,9.442372753494592,9.450183000602186,9.286171535473514,9.35646152496338,168461100.0
2013-01-09,9.270548206589323,9.372079153464298,8.848804674476469,8.926905632019043,335692000.0
2013-01-10,9.067488942915656,9.223690903308066,9.012818703674002,9.200260162353516,199964900.0
2013-01-11,9.137777219170887,9.153397708940568,8.989386290488676,9.083106994628906,146136700.0
2013-01-14,9.067486544841971,9.08310703468053,8.887855380654274,8.958146095275879,110032900.0
2013-01-15,8.887853951466896,9.07529533043287,8.825373491811574,9.020625114440918,126058300.0
2013-01-16,9.044058946787256,9.208070409338363,8.958148464432346,9.200260162353516,164579300.0
2013-01-17,9.129967951613848,9.137778197334743,8.723844856865608,8.809755325317383,323622200.0
2013-01-18,8.79413633348361,8.848806568570058,8.60669488905057,8.70041561126709,179971800.0
2013-01-22,8.684794679074638,8.872236114024021,8.66136468591248,8.864426612854004,137242700.0
2013-01-23,8.887859558204278,8.934719560093598,8.770708063828376,8.919099807739258,121638200.0
2013-01-24,8.94252726255502,9.114348958489249,8.919097268281382,9.00500774383545,127870800.0
2013-01-25,9.12996662442455,9.1533973581812,8.989385946014247,9.07529640197754,100171600.0
2013-01-28,9.090919354351229,9.11434934963036,8.926907897745046,8.965957641601562,91304200.0
2013-01-29,8.919096099156675,9.04405704533752,8.903475608471075,8.973766326904297,96824100.0
2013-01-30,8.973768879538614,9.012819372534738,8.864428392940912,8.887858390808105,89130200.0
2013-01-31,8.840995788574219,8.872236027427533,8.762895563853958,8.840995788574219,97024700.0
2013-02-01,8.911285776668853,9.161207666866968,8.88004554039409,9.145587921142578,161141300.0
2013-02-04,9.044058618966837,9.129969098207743,8.95033789302418,8.965957641601562,139733000.0
2013-02-05,9.051868436979802,9.356460595661684,9.028438442810293,9.278360366821287,187785900.0
2013-02-06,9.161209465856263,9.348651665138911,9.161209465856263,9.317411422729492,173626800.0
2013-02-07,9.34864894066382,9.356458440370655,9.161206796007404,9.24711799621582,173209900.0
2013-02-08,9.262740161992417,9.293980403464564,9.153399689252948,9.184639930725098,145321100.0
2013-02-11,9.161211050937371,9.29398229035614,9.114351051628548,9.262742042541504,103510800.0
2013-02-12,9.270552398675395,9.637625873392349,9.200261654067226,9.56733512878418,232173900.0
2013-02-13,9.645432781785724,9.700103010961229,9.411130629164118,9.50485134124756,192742500.0
2013-02-14,9.442373492962911,9.582954972604435,9.426752997524426,9.473613739013672,144104800.0
2013-02-15,9.536091154129103,9.536091154129103,9.348649738305795,9.395509719848633,158242700.0
2013-02-19,9.450179700582856,9.614191108438456,9.418939467887784,9.520469665527344,170783400.0
2013-02-20,9.512663067522624,9.598573547431984,9.17682990499545,9.215880393981934,193466400.0
2013-02-21,9.161211555428778,9.161211555428778,8.864429557259617,8.919099807739258,235532400.0
2013-02-22,9.075297667510446,9.090918158859791,8.7941355266564,8.93471622467041,179268200.0
2013-02-25,9.059684212384212,9.067493718656088,8.575459071853992,8.614509582519531,206893900.0
2013-02-26,8.684793819718156,8.762894782298703,8.61450310236086,8.692604064941406,173039600.0
2013-02-27,8.716055234846953,8.880214158114276,8.676970380422773,8.833312034606934,147145400.0
2013-02-28,8.856767160084502,8.888035505268094,8.755144851863786,8.778595924377441,143546700.0
2013-03-01,8.700419363032134,9.028737131108487,8.61443166015333,8.864578247070312,189050700.0
2013-03-04,8.809863174167926,8.950570325344167,8.770777564481637,8.919301986694336,116436000.0
2013-03-05,9.036555289836873,9.153811327648349,9.01310348587801,9.028738021850586,135869700.0
2013-03-06,9.200717062483676,9.396144350177934,9.19289979205688,9.317973136901855,182557500.0
2013-03-07,9.380510911169672,9.599389290358078,9.36487636847963,9.583755493164062,212403800.0
2013-03-08,9.70882976769366,9.72446356636106,9.396146339384726,9.43523120880127,209777100.0
2013-03-11,9.443046141055168,9.552485686594068,9.396144011178434,9.49776554107666,106427800.0
2013-03-12,9.466500955516617,9.521221122707768,9.31015921817663,9.388330459594728,128134700.0
2013-03-13,9.411774637032725,9.466494018630232,9.364871777452246,9.427409172058104,86216800.0
2013-03-14,9.474314691587177,9.529034092853005,9.458680896438052,9.466497421264648,115440000.0
2013-03-15,9.786998324546678,9.89643712181742,9.654107717435725,9.826083183288574,319019100.0
2013-03-18,9.607203182149084,9.912069947896796,9.583752121859495,9.818264961242676,189783300.0
2013-03-19,9.998061623011044,10.115317716362629,9.84171991671024,9.935524940490724,242939600.0
2013-03-20,9.998063091929367,10.07623432931274,9.935526400221136,9.990245819091797,219121700.0
2013-03-21,9.935522726055211,10.037144998875114,9.810449388890994,9.826083183288574,154529400.0
2013-03-22,9.865167081821852,9.904252679301676,9.755727557977496,9.818264961242676,101974400.0
2013-03-25,9.912072540610138,9.943340877673744,9.630656761541736,9.693193435668944,154320200.0
2013-03-26,9.732276803519923,9.771362402227997,9.497763956767296,9.59938621520996,135654700.0
2013-03-27,9.489948589053895,9.599387384168375,9.474314049468468,9.560301780700684,107177200.0
2013-03-28,9.568118517669758,9.599386849603482,9.466496252511194,9.52121639251709,92013900.0
2013-04-01,9.49776554107666,9.5993878164708,9.458680681344688,9.49776554107666,86281600.0
2013-04-02,9.568119481387674,9.575936751532431,9.489949016427811,9.49776554107666,102626000.0
2013-04-03,9.474313524672905,9.489948063392312,9.161630205243103,9.23198413848877,199765800.0
2013-04-04,9.231985188717454,9.372692325719758,9.16163124746834,9.333606719970703,117831400.0
2013-04-05,9.122544706455516,9.388325903705493,9.099093643608708,9.357057571411133,141061900.0
2013-04-08,9.38050925583489,9.544668197631836,9.310155317136784,9.544668197631836,101419200.0
2013-04-09,9.57593822479248,9.654109447274912,9.544669884898711,9.57593822479248,132365800.0
2013-04-10,9.622837811847477,9.693190993392577,9.583752213991907,9.630654335021973,105853900.0
2013-04-11,9.62283823106018,9.63847202358602,9.505581432385256,9.591569900512695,100241900.0
2013-04-12,9.497762681215054,9.57593386813278,9.435226029879148,9.513397216796877,88191700.0
2013-04-15,9.529033783751162,9.630656058159811,9.35705831520967,9.364874839782717,176504300.0
2013-04-16,9.544666824316137,9.661922874944556,9.443044565873471,9.59938621520996,147641900.0
2013-04-17,9.310153088909669,9.39614154695898,8.95056695701033,9.145994186401367,335408600.0
2013-04-18,9.075644428404242,9.106912769632748,8.778594813985416,8.942753791809082,220290500.0
2013-04-19,9.036558456840488,9.138179994294251,8.934936173890756,9.114728927612305,119792000.0
2013-04-22,9.130360396259904,9.185079781934071,9.044371938205389,9.161628723144531,88532300.0
2013-04-23,9.317975109559445,9.505585166544805,9.302340565395948,9.43523120880127,176816000.0
2013-04-24,9.489950253546642,9.669743017338597,9.474315711218988,9.622840881347656,120624900.0
2013-04-25,9.685378593829162,9.802634691822622,9.6619267778336,9.72446346282959,118694600.0
2013-04-26,9.646292245845611,9.740097266206831,9.607206634321098,9.708828926086426,83093200.0
2013-04-29,9.732278298223523,9.755729362851715,9.669741628884417,9.67755889892578,65432400.0
2013-04-30,9.685377559666248,9.693194085334063,9.536852389537582,9.622840881347656,89362100.0
2013-05-01,9.536850398906116,9.591570540135129,9.443045401008188,9.489948272705078,88417800.0
2013-05-02,9.513397962228906,9.54466629034692,9.419592977874862,9.52903175354004,76530500.0
2013-05-03,9.661926939155432,9.701012554304546,9.544670839204189,9.568121910095217,94322600.0
2013-05-06,9.685375520337704,10.07623005027956,9.661923711784178,10.06841278076172,265062800.0
2013-05-07,10.099682812845762,10.24820723119821,9.97460946149718,10.0840482711792,218248100.0
2013-05-08,10.044966732819065,10.302930791733823,10.03714945939832,10.177857398986816,149755400.0
2013-05-09,10.201302202653247,10.209119471268442,10.060594349562823,10.091862678527832,112952300.0
2013-05-10,10.115319957117087,10.19349120033208,10.076235081005816,10.177857398986816,87625100.0
2013-05-13,10.146583557128906,10.240389303288238,10.12313249333701,10.146583557128906,94295600.0
2013-05-14,10.19348848219374,10.443635200985035,10.177854685017296,10.428001403808594,154128100.0
2013-05-15,10.388915145743164,10.592159714853802,10.388915145743164,10.506171226501465,139728300.0
2013-05-16,10.482717725530874,10.592157255525578,10.41236379521255,10.443632125854492,117977000.0
2013-05-17,10.553072400566496,10.56870693973868,10.467084671607056,10.498353004455566,107335600.0
2013-05-20,10.467087084929048,10.631246056606663,10.467087084929048,10.56089210510254,88941700.0
2013-05-21,10.576525173154838,10.599976985703282,10.443634550697574,10.506171226501465,111810300.0
2013-05-22,10.5452586784473,10.732868738651137,10.295111931508854,10.40455150604248,174531500.0
2013-05-23,10.107498582623434,10.490535850617938,10.02151010721937,10.326376914978027,190522000.0
2013-05-24,10.295108370825044,10.365462305442778,10.256022768760095,10.349827766418455,83452600.0
2013-05-28,10.545255561521564,10.560890101332074,10.404548430706413,10.435816764831545,133553000.0
2013-05-29,10.404551355397226,10.599978684987365,10.373283012482649,10.53744125366211,126397300.0
2013-05-30,10.553073113790104,10.889208273751,10.498353713980991,10.811037063598633,153383400.0
2013-05-31,10.87357072713388,10.93610737976691,10.670326233328684,10.678143501281738,160176100.0
2013-06-03,10.701597113037876,10.732865446814992,10.326377107712505,10.592158317565918,197168200.0
2013-06-04,10.560888924883637,10.685962247451409,10.40454727167392,10.443632125854492,130055400.0
2013-06-05,10.396696019075709,10.521863045517916,10.146361966191291,10.24023723602295,185778900.0
2013-06-06,10.23241107394329,10.357578063242862,10.052483713338685,10.326286315917969,142361900.0
2013-06-07,10.42799002110497,10.474928039154944,10.287176713009538,10.4671049118042,121057300.0
2013-06-10,10.553155704891523,10.600093716849798,10.373228275502653,10.40452003479004,104648500.0
2013-06-11,10.255883081349785,10.388873237867694,10.22459132370171,10.26370620727539,106369100.0
2013-06-12,10.357576924527237,10.365400047011908,10.146357839819236,10.216764450073242,117289400.0
2013-06-13,10.169828386993096,10.373225133785958,10.146359761149046,10.334110260009766,103636400.0
2013-06-14,10.349754423545674,10.357577546500126,10.193295694726984,10.224587440490724,101380700.0
2013-06-17,10.302818510199646,10.373225133785958,10.271526760389529,10.334110260009766,115441500.0
2013-06-18,10.341938079351364,10.435813371402338,10.326291824315618,10.38105297088623,67257600.0
2013-06-19,10.396693067847565,10.482745187586056,10.302817824663542,10.318463325500488,103850000.0
2013-06-20,10.232414037678476,10.279352045288077,10.013371742960414,10.083778381347656,185741100.0
2013-06-21,10.16200711230966,10.169830237699385,9.692630779740732,9.927318572998049,196004700.0
2013-06-24,9.700452867447448,9.73956774716584,9.489233710654974,9.62222385406494,159762500.0
2013-06-25,9.864737435607928,9.989905233798051,9.723924874982568,9.911675453186035,132844500.0
2013-06-26,10.044662056030052,10.0524851805166,9.919495048462135,9.982078552246094,105282000.0
2013-06-27,10.044665048359192,10.193300727611454,9.997727033511172,10.177655220031738,124616300.0
2013-06-28,10.146364226836496,10.169832863009724,10.04466580867986,10.060311317443848,90297100.0
2013-07-01,10.130713938203256,10.248058564454473,10.107245311374692,10.115068435668944,83146300.0
2013-07-02,10.13071529876103,10.24805994077166,10.013371402804696,10.09160041809082,83708600.0
2013-07-03,10.029018266112358,10.044664518921822,9.958611620578562,10.03684139251709,37971700.0
2013-07-05,10.162003338734555,10.232409948988565,10.099419850965225,10.216764450073242,80758500.0
2013-07-08,10.255885769922523,10.459282620982522,10.232417132047768,10.388875961303713,107441200.0
2013-07-09,10.459279876482354,10.584446907043455,10.365404603561526,10.584446907043455,106067300.0
2013-07-10,10.568801540246604,10.58444704624533,10.41234274998755,10.459280014038086,104353400.0
2013-07-11,10.592269556870258,10.623561313104045,10.427987650129296,10.568800926208496,93756500.0
2013-07-12,10.592270165613312,10.795666965849405,10.537509775570657,10.780020713806152,123958400.0
2013-07-15,10.89737028807366,10.905192671574126,10.76438006985467,10.85825538635254,90765200.0
2013-07-16,10.897364751557108,10.967771389673375,10.772197726485658,10.889541625976562,146041900.0
2013-07-17,10.999062689831998,11.296333989022283,10.983416439319727,11.194636344909668,249674500.0
2013-07-18,11.265044320742351,11.617077561934773,11.265044320742351,11.546670913696287,221796400.0
2013-07-19,11.546670095755578,11.546670095755578,11.421503061555688,11.538846969604492,136196600.0
2013-07-22,11.53102356986624,11.726597242676949,11.46061692828569,11.671836853027344,112416800.0
2013-07-23,11.718772680486166,11.75788755946535,11.62489741856868,11.687480926513672,113736000.0
2013-07-24,11.734419467455556,11.734419467455556,11.484085424220549,11.507554054260254,117771100.0
2013-07-25,11.437148028121008,11.617076190833895,11.374564513974178,11.60142993927002,89243300.0
2013-07-26,11.499730452353717,11.546668456542347,11.437146944138387,11.523199081420898,73777800.0
2013-07-29,11.460616795835172,11.499731679156133,11.304158008605674,11.358919143676758,88616700.0
2013-07-30,11.405856406818431,11.444971290139394,11.311981134480735,11.358919143676758,71675200.0
2013-07-31,11.4058596718106,11.617079654574102,11.398036543696122,11.42150592803955,128182500.0
2013-08-01,11.617073958632044,11.710949211814311,11.59360458579583,11.695302963256836,108554200.0
2013-08-02,11.640542773906322,11.66401140106836,11.562313021960582,11.609251022338867,83367400.0
2013-08-05,11.554493289156415,11.609253680423992,11.49973215183446,11.577961921691896,61711900.0
2013-08-06,11.531022133082098,11.546668383063498,11.444969996347192,11.45279312133789,84249800.0
2013-08-07,11.2885121621935,11.398032936921355,11.147698884909886,11.366741180419922,128693600.0
2013-08-08,11.48408623914406,11.49973174492932,11.296334947340462,11.429325103759766,88544100.0
2013-08-09,11.390209182941913,11.429323314308272,11.265041425985167,11.304156303405762,72897900.0
2013-08-12,11.233749465040248,11.319802342981395,11.202457712894615,11.27286434173584,60867500.0
2013-08-13,11.31980439543996,11.437148300748811,11.21028287004517,11.351096153259276,75777900.0
2013-08-14,11.38239103352173,11.538849865538458,11.374567905407254,11.42150592803955,78553700.0
2013-08-15,11.31197893072983,11.319802055080826,11.194635049681724,11.202457427978516,99238900.0
2013-08-16,11.178990842529087,11.31980412234603,11.1164073284003,11.280689239501951,104959000.0
2013-08-19,11.241573522338138,11.249396647537209,11.05382299388612,11.06946849822998,98384600.0
2013-08-20,11.09294011501069,11.24939892033116,10.936480563635785,11.17899227142334,114332500.0
2013-08-21,11.155518010900376,11.327622236925636,11.108580019949995,11.218101501464844,91680600.0
2013-08-22,11.31980506958416,11.42150347506712,11.26504393059832,11.39803409576416,76348300.0
2013-08-23,11.4136803486328,11.4919093748128,11.35109682926704,11.39803409576416,67699200.0
2013-08-26,11.366740974685062,11.499731123922652,11.33544921875,11.33544921875,68938900.0
2013-08-27,11.155524065621382,11.272867987605297,11.030357016557351,11.038179397583008,122534200.0
2013-08-28,11.00688559854376,11.147698875711178,10.944302085592533,11.046000480651855,96473600.0
2013-08-29,11.061644898437446,11.186811903593334,11.045998649765862,11.085113525390623,76691500.0
2013-08-30,11.13205262444621,11.147698875711178,11.00688559854376,11.046000480651855,73233400.0
2013-09-03,11.186812325831596,11.24939583077171,11.092937068421426,11.147697448730469,74628700.0
2013-09-04,11.124213620814626,11.272953657012724,11.124213620814626,11.210326194763184,71132500.0
2013-09-05,11.280781578920012,11.390380004369089,11.241639230789756,11.249467849731444,71229200.0
2013-09-06,11.32775149077421,11.35123659883337,11.171182859416271,11.24163818359375,75513100.0
2013-09-09,11.280781984400512,11.343409445028747,11.249468254086397,11.335580825805664,53447300.0
2013-09-10,11.366894942094351,11.499977731773765,11.366894942094351,11.437350273132324,93180300.0
2013-09-11,11.39820978506411,11.492150982204686,11.366896052683916,11.46866512298584,81098900.0
2013-09-12,11.468664366285218,11.492150223954471,11.319924333937715,11.335580825805664,63355900.0
2013-09-13,11.319923475285115,11.390379549792115,11.312094856655856,11.343408584594728,56793400.0
2013-09-16,11.43735185542817,11.492151449254306,11.37472438812256,11.37472438812256,65276500.0
2013-09-17,11.37472171558954,11.445177786399013,11.272951918484535,11.390378952026367,73686100.0
2013-09-18,11.3747252128228,11.601749984910164,11.343411476899655,11.515637397766112,127092600.0
2013-09-19,11.586091047339393,11.609576157685384,11.413865162786331,11.437350273132324,79710700.0
2013-09-20,11.468664198007971,11.476492817116188,11.304266929626465,11.304266929626465,145174800.0
2013-09-23,11.202497675033948,11.210325547429443,11.030271790503674,11.069414138793944,127283100.0
2013-09-24,11.100727606095209,11.155526444461229,10.967644072996436,11.030271530151367,96912800.0
2013-09-25,11.053756900846558,11.14769808879629,10.98330082323971,11.069414138793944,86546100.0
2013-09-26,11.108555383899644,11.132041240066783,10.94415812362054,11.022442817687988,89352900.0
2013-09-27,10.951989717224713,10.983303454041788,10.86587712762235,10.8815336227417,79156000.0
2013-09-30,10.717133187082878,10.905016299678666,10.646677859759883,10.80324649810791,104439900.0
2013-10-01,10.842392011654136,10.897190864439423,10.811078274837062,10.8815336227417,57631000.0
2013-10-02,10.811074420779244,11.038099118415223,10.795417184663194,11.00678539276123,89186300.0
2013-10-03,11.014614819993897,11.03810067748522,10.8267324395326,10.959815979003906,95269000.0
2013-10-04,10.97547157290346,11.022441787692244,10.928500611536572,10.998956680297852,63495400.0
2013-10-07,10.889359157136171,10.920672885077757,10.803246591941353,10.811075210571287,64822700.0
2013-10-08,10.826730982164714,10.881529815778327,10.70930469682751,10.717132568359377,92746200.0
2013-10-09,10.740618264411758,10.905015509408097,10.71713241042792,10.834559440612791,96012800.0
2013-10-10,10.983298219452951,11.155524063154015,10.96764173179541,11.139866828918455,102305800.0
2013-10-11,11.14770005630954,11.179013791152837,11.045930231424247,11.10855770111084,83422000.0
2013-10-14,11.006786654812108,11.265125107723463,10.998958035856443,11.233811378479004,78367500.0
2013-10-15,11.265123523138907,11.296437247978693,11.124211388070837,11.147696495056152,102099300.0
2013-10-16,11.210327372448038,11.437352133596944,11.210327372448038,11.398210525512695,153481000.0
2013-10-17,11.3120965524804,11.47649383544922,11.28078281984721,11.47649383544922,94090800.0
2013-10-18,11.492151960860832,11.52346569590766,11.374724894501478,11.453009605407717,96986400.0
2013-10-21,11.374720685567675,11.421691644046644,11.327750473666766,11.36689281463623,91280600.0
2013-10-22,11.390377920586683,11.453005367506604,11.312093238647757,11.36689281463623,102836000.0
2013-10-23,11.312096568427284,11.335581681290714,11.092900439685948,11.12421417236328,108529700.0
2013-10-24,11.053755073342218,11.11638252162125,11.014612731523306,11.092897415161133,92566100.0
2013-10-25,11.077241561598068,11.17118349231318,11.06941368952028,11.163354873657228,58592400.0
2013-10-28,11.186837785047118,11.21032288982244,11.124210341260916,11.139866828918455,62328000.0
2013-10-29,11.163354251166,11.186839359246116,11.00678561966834,11.077240943908691,79563100.0
2013-10-30,11.108553903941852,11.18683858757968,11.077240179802338,11.092897415161133,76624200.0
2013-10-31,11.069412403314418,11.08506889222896,10.928500270193142,10.936328887939451,105713400.0
2013-11-01,10.95981616533692,11.038100865149188,10.928502434727656,10.975473403930664,75610400.0
2013-11-04,11.030270310874087,11.053755418066617,10.959814242718402,10.991127967834473,53063200.0
2013-11-05,10.95198999325207,10.975475856390585,10.881533896993323,10.905019760131836,71809700.0
2013-11-06,10.951987193380864,10.975473050515228,10.889359734178974,10.928502082824709,66712900.0
2013-11-07,10.959815136455934,10.9833002455636,10.80324649810791,10.80324649810791,80775000.0
2013-11-08,10.850217913539204,11.210326194763184,10.834561421265938,11.210326194763184,158227300.0
2013-11-11,11.171187753114063,11.288614091428265,11.14770188818846,11.272956848144531,66357400.0
2013-11-12,11.218154814188935,11.319924626989,11.16335597136515,11.210326194763184,69498300.0
2013-11-13,11.163355601406666,11.46083641052246,11.116384632987028,11.46083641052246,128018500.0
2013-11-14,11.492148907707772,11.601746577965368,11.43734932600084,11.586090087890623,128999400.0
2013-11-15,11.578264809584006,11.703519752627178,11.562608314992785,11.680034637451172,105475300.0
2013-11-18,11.727004867803188,11.875745672600717,11.633063660520806,11.680034637451172,145554400.0
2013-11-19,11.727001275123497,11.977511831041875,11.719173403515208,11.899227142333984,161505600.0
2013-11-20,11.938371255324498,11.9540284940169,11.805287712751998,11.852258682250977,107174900.0
2013-11-21,11.91488707965664,12.21236791897229,11.899229839734522,12.20453929901123,142053600.0
2013-11-22,12.29065022057767,12.3611062975646,12.212366271264118,12.243680000305176,110331100.0
2013-11-25,12.267166811033285,12.509848058099736,12.259338191043192,12.376765251159668,153765500.0
2013-11-26,12.40025154835753,12.502021378209411,12.376766432723516,12.431565284729004,114833700.0
2013-11-27,12.423734499654104,12.478533342113092,12.337621926278803,12.392420768737791,75503600.0
2013-11-29,12.400247385143995,12.462874836860635,12.36110504117657,12.38459014892578,44288400.0
2013-12-02,12.400247907449424,12.502017707420087,12.290649489039904,12.31413459777832,92987400.0
2013-12-03,12.243682354990302,12.361108674832964,12.047971324200306,12.165397644042969,106450300.0
2013-12-04,12.055729063736726,12.32206682413632,12.032228079860449,12.243732452392578,96678100.0
2013-12-05,12.22806210778574,12.251563085854023,12.032225106236623,12.08705997467041,95230500.0
2013-12-06,12.228067768364506,12.314236567052788,12.110565811864948,12.1889009475708,92203100.0
2013-12-09,12.235897034480066,12.27506458825846,12.188896567593154,12.20456314086914,50167200.0
2013-12-10,12.157567042700304,12.282902662182291,12.149733379717874,12.1889009475708,67486300.0
2013-12-11,12.181061875340914,12.181061875340914,11.891223197232751,11.946057319641112,117565000.0
2013-12-12,11.953890979144848,12.024392420560677,11.844221987269238,11.946057319641112,76113900.0
2013-12-13,11.969560185923564,12.008727745005205,11.852058255737695,11.891225814819336,61575600.0
2013-12-16,11.92255821904591,12.016559900830131,11.906890898552394,11.938224792480469,71467000.0
2013-12-17,11.938226288070062,11.98522750837984,11.859891916965834,11.891225814819336,74247300.0
2013-12-18,11.969563470528142,12.306403525180889,11.797227358572126,12.290736198425291,152929300.0
2013-12-19,12.267229919794657,12.369065252424615,12.220229456770914,12.33773136138916,97776100.0
2013-12-20,12.33773297621084,12.431734661620604,12.22023105621338,12.22023105621338,131956000.0
2013-12-23,12.314237188558687,12.36907133808476,12.290736198425291,12.290736198425291,52565800.0
2013-12-24,12.314233186226442,12.337733421662607,12.27506562912682,12.298565864562988,21770400.0
2013-12-26,12.329900873793855,12.33773453533269,12.251566499582747,12.2593994140625,48803600.0
2013-12-27,12.275065422058104,12.298565657097845,12.204563969879883,12.275065422058104,40049300.0
2013-12-30,12.25156816413974,12.290734983037146,12.157566454079436,12.173233032226562,56218800.0
2013-12-31,12.220231596394012,12.235898171125337,12.149730142455509,12.196730613708496,57188900.0
2014-01-02,12.290732668910309,12.658906524286946,12.282899754841136,12.611906051635742,148709900.0
2014-01-03,12.745073795579426,12.925243497870534,12.713739154771629,12.854742050170898,129921800.0
2014-01-06,13.027075234571424,13.105410325289006,12.97224111930439,13.050576210021973,114431300.0
2014-01-07,13.136746749537863,13.152414068640088,12.886075620373465,12.92524242401123,110605100.0
2014-01-08,13.05841075403156,13.074078072061036,12.94090885704586,12.987909317016602,101036400.0
2014-01-09,13.058408892409531,13.262079515404148,13.011408439139226,13.183744430541992,100947200.0
2014-01-10,13.121080040398938,13.152414680060044,13.01141178982078,13.136747360229492,87454100.0
2014-01-13,13.15241479477908,13.160246960644816,12.84690803189001,12.87040901184082,90025400.0
2014-01-14,12.956577664531702,13.136747360229492,12.948744004616426,13.136747360229492,97786600.0
2014-01-15,13.497088378389847,13.645924946483223,13.403087436312582,13.434420585632324,329333100.0
2014-01-16,13.387414155113948,13.426580947857827,13.30907907550882,13.3795804977417,163613100.0
2014-01-17,13.473588416809914,13.48925424386067,13.309084532774136,13.324751853942873,96232200.0
2014-01-21,13.37958598391547,13.44225377447244,13.215083593997674,13.324751853942873,118269200.0
2014-01-22,13.379586453734248,13.434420585632324,13.316918660976723,13.434420585632324,68114400.0
2014-01-23,13.371750096593782,13.387417415153513,13.11324531682918,13.207247734069824,123765900.0
2014-01-24,13.058409106718866,13.097575902734,12.886073112487791,12.886073112487791,112899300.0
2014-01-27,12.823407289769577,12.95657650820874,12.580568336421988,12.776405334472656,134872600.0
2014-01-28,12.886076923744744,13.128914417920004,12.823409135115066,13.105413436889648,92891300.0
2014-01-29,12.964409947017511,13.199415264237444,12.917409481220677,13.066246032714844,130026900.0
2014-01-30,13.16808252168116,13.30908543350663,13.136749371341102,13.2620849609375,91028200.0
2014-01-31,13.097581322104652,13.301252032714416,13.011414036394529,13.121082305908203,139432100.0
2014-02-03,13.136745455973251,13.22291271431508,12.768570963913817,12.8077392578125,159981200.0
2014-02-04,12.917407492493536,12.972241609834056,12.737237822912508,12.8077392578125,125337000.0
2014-02-05,12.776404275329783,12.886074001146769,12.651068726496884,12.846905708312988,110576200.0
2014-02-06,12.886077098781364,13.105413614905602,12.878243438331504,13.07408046722412,110029100.0
2014-02-07,13.175914764404297,13.22291523191381,13.027078207486593,13.175914764404297,122571100.0
2014-02-10,13.0897434362921,13.105410753771377,13.003576178391338,13.097577095031738,95792500.0
2014-02-11,13.105414675071057,13.25425124742264,13.034913219437046,13.22291660308838,92617500.0
2014-02-12,13.215084747004292,13.24641789795758,13.042747187347816,13.121082305908203,96948900.0
2014-02-13,13.042747187347816,13.17591644066504,13.027079864812116,13.121082305908203,95756900.0
2014-02-14,13.113248051268869,13.128915373095625,13.042746597166504,13.081914901733398,100684300.0
2014-02-18,13.081911236449056,13.113244377205618,12.901740074157717,12.901740074157717,121778600.0
2014-02-19,12.831244203048929,12.88607983785384,12.67457544310401,12.690242767333984,137734500.0
2014-02-20,12.70590597113812,12.815575723960958,12.674572823273,12.768573760986328,107425900.0
2014-02-21,12.760744094848633,12.917412853106615,12.729409446726082,12.760744094848633,106236900.0
2014-02-24,12.768570752131486,13.027075511104629,12.768570752131486,12.948741912841797,102909600.0
2014-02-25,12.925240367947858,12.97224082366021,12.784237506693255,12.799904823303224,81457000.0
2014-02-26,12.815574228561973,12.846907372770952,12.635403046418626,12.792073249816896,89831600.0
2014-02-27,12.74507291302087,12.91740894317627,12.69807095506392,12.91740894317627,71314500.0
2014-02-28,12.917407278242573,13.042742828404242,12.807739045380517,12.948741912841797,126252100.0
2014-03-03,12.768573760986328,12.854742532321849,12.682406483768773,12.768573760986328,87526800.0
2014-03-04,12.909576410657165,13.1132470972331,12.87040960305784,13.105413436889648,100849900.0
2014-03-05,13.160281898941005,13.567865409205968,13.152443553261271,13.52083683013916,207180000.0
2014-03-06,13.65408241900267,13.818683153488704,13.56786213236072,13.599215507507324,138078900.0
2014-03-07,13.748143171345134,13.78733340131587,13.520835651482829,13.583540916442873,109547100.0
2014-03-10,13.536513971562528,13.693276405334473,13.520837279681846,13.693276405334473,81732700.0
2014-03-11,13.724629137149694,13.7324674827177,13.520836637416238,13.536513328552246,90183400.0
2014-03-12,13.465974358424685,13.583546592477182,13.379754022447218,13.544356346130373,83309200.0
2014-03-13,13.59137981291793,13.69327531198318,13.379748974461444,13.450292587280272,100875700.0
2014-03-14,13.387587666319702,13.497321513539944,13.136766589809696,13.168118476867676,131297200.0
2014-03-17,13.309205301307058,13.45813087158406,13.30136695602811,13.411102294921877,79942200.0
2014-03-18,13.434617510966817,13.497322786005885,13.37975058218409,13.473809242248535,67402400.0
2014-03-19,13.450291537400508,13.708950932542386,13.418939653601296,13.669760704040527,105006500.0
2014-03-20,13.669764044677384,14.108700990214087,13.66192569805919,14.045995712280272,167048700.0
2014-03-21,14.132214469843968,14.132214469843968,13.763819694519045,13.763819694519045,155721000.0
2014-03-24,13.81084804763093,13.83436158694706,13.560025499838137,13.614893913269045,118500000.0
2014-03-25,13.708951095208528,13.779494703358036,13.481645076180104,13.489481925964355,98348600.0
2014-03-26,13.622738258145606,13.638414956322476,13.465975761413574,13.465975761413574,97573700.0
2014-03-27,13.54435256949682,13.70895335227152,13.191634470677249,13.332721710205078,175139500.0
2014-03-28,13.395424396847185,13.442452969270027,13.207308612144445,13.3092041015625,79909500.0
2014-03-31,13.442455760455486,13.536514419842836,13.418942216867404,13.481647491455078,62115800.0
2014-04-01,13.544349640639258,13.638406783310936,13.52867295185687,13.591378211975098,57423800.0
2014-04-02,13.599219946531388,13.622733490555362,13.426779316959845,13.50516128540039,65349000.0
2014-04-03,13.489483872296104,13.512998910075943,13.348398130651928,13.442455291748049,56534500.0
2014-04-04,13.48948045901886,13.497318802962116,13.089735382991426,13.1054105758667,110409600.0
2014-04-07,13.081901029898065,13.089739376232538,12.689992683244537,12.838916778564451,129464900.0
2014-04-08,12.831078397341772,12.93297389751714,12.73701974755476,12.885945320129396,75769700.0
2014-04-09,12.972164433089636,13.034869702744611,12.815402006457964,13.027032852172852,83096400.0
2014-04-10,13.027030538691523,13.027030538691523,12.619445610811738,12.635122299194336,98390900.0
2014-04-11,12.4313292943655,12.642959358508476,12.2432135156816,12.36078643798828,133757100.0
2014-04-14,12.580252576896555,12.713501424219317,12.368622538358125,12.541062355041504,99249400.0
2014-04-15,12.611612491998278,12.86243362999756,12.50971621780958,12.846756935119627,134956600.0
2014-04-16,12.697830879442078,12.713506076913989,12.368627064839243,12.642962455749512,172948900.0
2014-04-17,12.650801561124766,12.737021879946631,12.486200765204952,12.658639907836914,104765500.0
2014-04-21,12.658635165543242,12.674311853094595,12.56457803025754,12.61160659790039,51280500.0
2014-04-22,12.611611450913822,12.807565635676296,12.57242121196604,12.768375396728516,77888900.0
2014-04-23,12.776208211801832,12.854590159944012,12.721341296605702,12.831076622009276,52425600.0
2014-04-24,12.87810260300668,12.932969507168666,12.705662052770718,12.8075590133667,73910900.0
2014-04-25,12.619444977131776,12.72134045647944,12.486196122593311,12.501872062683104,84617700.0
2014-04-28,12.015908020283431,12.07861328640644,11.647514021181474,11.718057632446287,344935200.0
2014-04-29,11.788601779653009,11.992394277570606,11.686705530694208,11.945364952087402,155495000.0
2014-04-30,11.961041314573624,11.968879659856508,11.859145068413406,11.866983413696287,82359700.0
2014-05-01,11.866982188852845,11.929687449632317,11.780761894651818,11.827791213989258,68368300.0
2014-05-02,11.8983334303699,11.98455296700099,11.835628176909909,11.953200340270996,73562900.0
2014-05-05,11.819952964782717,11.859143939962175,11.772924392571904,11.819952964782717,51669100.0
2014-05-06,11.780761238480965,11.780761238480965,11.537778553370703,11.545616149902344,96268300.0
2014-05-07,11.647513421440305,11.694542742363842,11.561293871837128,11.60048484802246,91733000.0
2014-05-08,11.639675870887476,11.788600683982152,11.600484894544971,11.702381134033203,65232700.0
2014-05-09,11.71805878679611,11.74941142294617,11.49859033374568,11.553457260131836,86751600.0
2014-05-12,11.592645363352798,11.835628793804188,11.592645363352798,11.812113761901855,70669900.0
2014-05-13,11.788601971724503,11.835631297973956,11.710220010477348,11.780763626098633,58469100.0
2014-05-14,11.749408102964397,11.772923134061754,11.60832165390824,11.6318359375,52431900.0
2014-05-15,11.616161568456016,11.62399991371951,11.27912094468888,11.404531478881836,104193000.0
2014-05-16,11.373181343078612,11.396695636527497,11.263446727807304,11.373181343078612,80476100.0
2014-05-19,11.310473712169044,11.52210380424922,11.271282732893232,11.498589515686035,51034700.0
2014-05-20,11.482913844250582,11.514266480953088,11.34966495138848,11.388855934143066,60108200.0
2014-05-21,11.435885029842288,11.529942938032542,11.365341411823149,11.451560974121094,64808600.0
2014-05-22,11.428049097928762,11.537783721083178,11.40453480279066,11.529945373535156,51929400.0
2014-05-23,11.529940510128364,11.60832245753462,11.482911192183478,11.537778854370115,51648900.0
2014-05-27,11.75724765837557,12.000231105551162,11.741570969361678,11.9296875,125398900.0
2014-05-28,11.968879659856508,11.97671725763364,11.780763110596084,11.866983413696287,72481700.0
2014-05-29,11.851307373269988,11.921850989674311,11.835631429350022,11.874821662902832,39423000.0
2014-05-30,11.851306723130524,11.93752627872498,11.812115744221863,11.866983413696287,45787100.0
2014-06-02,11.882657596942847,11.976715483890276,11.79643805411745,11.961039543151855,46374000.0
2014-06-03,11.914012812318449,11.976718083895983,11.843469194917272,11.92185115814209,49025400.0
2014-06-04,11.906174466494807,11.9610421397545,11.87482183070604,11.92185115814209,39757300.0
2014-06-05,11.976715902565214,12.133479052957624,11.929687331200322,12.09428882598877,60300500.0
2014-06-06,12.109967166202347,12.266730347648805,12.094291221810607,12.219701766967772,73930500.0
2014-06-09,12.227538391186464,12.447006814308684,12.227538391186464,12.415654182434082,78647900.0
2014-06-10,12.368629365504551,12.494039938677297,12.329438374511572,12.478363990783691,49852900.0
2014-06-11,12.298082983938096,12.399979238754744,12.188349130678482,12.219701766967772,73729300.0
2014-06-12,12.204026605431206,12.274570232804596,12.055101751258642,12.086454391479492,66173200.0
2014-06-13,12.117804719742049,12.188348333656409,12.015908471588611,12.102128028869627,61588100.0
2014-06-16,11.992394640384177,12.000232986119476,11.898336734077946,11.976717948913574,55425400.0
2014-06-17,11.968880676653445,12.243216057308288,11.961042330704668,12.219701766967772,58011600.0
2014-06-18,12.251055316646555,12.298083900833849,12.102129722539768,12.266731262207031,70220300.0
2014-06-19,12.274568330510284,12.2824066762272,12.14915778906282,12.188348770141602,40953900.0
2014-06-20,12.258939658224811,12.258939658224811,12.109918220925472,12.117761611938477,54765300.0
2014-06-23,12.133443391942505,12.274620632041469,12.062854397899706,12.266777992248535,58492200.0
2014-06-24,12.204034752016844,12.3138392102723,12.109915576388207,12.149131774902344,73262500.0
2014-06-25,12.117759913592955,12.149132725261031,11.984425277006933,12.13344669342041,71766400.0
2014-06-26,12.109915146006257,12.18050415122564,11.976581272575665,12.086385726928713,68519600.0
2014-06-27,12.062856831452022,12.094229640912769,12.007954601892411,12.023640632629396,58149200.0
2014-06-30,12.007952915678077,12.11775735937803,11.992266139157124,12.055011749267578,47274500.0
2014-07-01,12.062855120384183,12.27462136720933,12.062855120384183,12.235405921936035,74193500.0
2014-07-02,12.37658600843584,12.572667019696958,12.360899976327058,12.431488990783691,87685800.0
2014-07-03,12.604037274251802,12.72952850505166,12.549135047773548,12.572665214538574,70582300.0
2014-07-07,12.54129139109688,12.549134779851098,12.415800162976243,12.5020751953125,62437100.0
2014-07-08,12.407956728263516,12.415800116988686,12.17266105040221,12.219719886779783,73343400.0
2014-07-09,12.251091950448018,12.305994172219968,12.18834634042674,12.235405921936035,46415800.0
2014-07-10,12.02363880011751,12.180502823513738,11.960893190759018,12.10991382598877,61458500.0
2014-07-11,12.070699109159564,12.10207191573102,12.000110107377102,12.06285572052002,56849400.0
2014-07-14,12.25109402276952,12.290310222663065,12.172662370969231,12.211877822875977,59181700.0
2014-07-15,12.353056375300572,12.431488778465466,12.282467362049532,12.400115966796877,99946700.0
2014-07-16,12.282465650424268,12.282465650424268,12.102072195465336,12.164817810058594,123711700.0
2014-07-17,12.117757815387126,12.141287233067324,11.866775365500477,11.921677589416504,114839900.0
2014-07-18,11.97658169821898,12.156975164202526,11.960894919618614,12.149131774902344,74859200.0
2014-07-21,12.094228437793822,12.196190245394908,12.047168854290742,12.17266082763672,61802200.0
2014-07-22,12.227563051734723,12.251092469492912,12.133444632715271,12.17266082763672,58331100.0
2014-07-23,12.17266082763672,12.258935858074542,12.164817439055088,12.17266082763672,47253300.0
2014-07-24,12.204034073555208,12.266779688494886,12.196190684691064,12.251092910766602,46549800.0
2014-07-25,12.227564811706545,12.258937622562,12.196192000851086,12.227564811706545,35627200.0
2014-07-28,12.22756475726196,12.24325078862644,12.12560293543902,12.156975746154783,39313000.0
2014-07-29,12.172661662411738,12.180504303544495,12.03148365020752,12.03148365020752,51480500.0
2014-07-30,12.102072047849132,12.290308889332865,12.007953627107264,12.219719886779783,83243100.0
2014-07-31,12.10991427169592,12.196190048729235,11.960893630981444,11.960893630981444,70677300.0
2014-08-01,11.90599314167584,12.070700583287486,11.63932387925824,11.749128341674805,115978900.0
2014-08-04,11.81971549346312,11.858931687296751,11.749126494159924,11.80402946472168,51954700.0
2014-08-05,11.772656811622316,11.921677452534825,11.68638103447435,11.764813423156738,65071500.0
2014-08-06,11.874618754056108,12.04716881435983,11.874618754056108,11.921677589416504,95977900.0
2014-08-07,12.109912034396798,12.109912034396798,11.835400221062512,11.858929634094238,80058300.0
2014-08-08,11.827559170709009,11.921677589416504,11.756970169681711,11.921677589416504,54495000.0
2014-08-11,11.96873834122001,11.97658173054136,11.882462554658714,11.937365531921388,41545100.0
2014-08-12,11.905992141839452,12.000110565144158,11.882461975023224,11.929521560668944,33674400.0
2014-08-13,11.960893630981444,11.99226643681537,11.921677436692365,11.960893630981444,34394600.0
2014-08-14,11.96873877339748,12.01579761505127,11.96873877339748,12.01579761505127,29934600.0
2014-08-15,12.031483959817258,12.086386189093156,11.87461991332414,11.937365531921388,61535500.0
2014-08-18,11.984426956665148,12.117761611938477,11.976584313639078,12.117761611938477,54968600.0
2014-08-19,12.172664601042571,12.274625692263884,12.109918220925472,12.117761611938477,44825500.0
2014-08-20,12.086385049212192,12.258935858074542,12.055012242872372,12.17266082763672,57825000.0
2014-08-21,12.305993444974126,12.72168327379579,12.251091226446723,12.6746244430542,177294400.0
2014-08-22,12.674628422087183,12.776590999339245,12.5883526253314,12.651098251342772,107641800.0
2014-08-25,12.760905472601172,12.862866563897176,12.706003231443797,12.776592254638672,89396500.0
2014-08-26,12.815805807454614,12.90992349373221,12.800119027750466,12.80796241760254,73323400.0
2014-08-27,12.839335916649404,12.855021200306163,12.658940942847076,12.70600128173828,63061800.0
2014-08-28,12.627569146914334,12.627569146914334,12.541293353094115,12.55698013305664,62170400.0
2014-08-29,12.588347863533825,12.658936853091618,12.564819197663333,12.619721412658691,50106600.0
2014-09-02,12.65893794991936,12.768743885397328,12.59619234220622,12.760900497436523,59400400.0
2014-09-03,12.800240019082803,12.808107586773756,12.61929046394623,12.666494369506836,67418900.0
2014-09-04,12.66649270860924,12.800238340647772,12.61928880923826,12.674360275268556,56378600.0
2014-09-05,12.627158793386164,12.642893931587238,12.509148258048842,12.603557586669922,80974900.0
2014-09-08,12.737295457475934,12.878908613364148,12.70582520035213,12.863173484802246,99411200.0
2014-09-09,12.784502582011267,12.792370148285762,12.666492089063514,12.69796085357666,82428900.0
2014-09-10,12.713692068404884,12.902509099054338,12.690089376854564,12.87104034423828,75656100.0
2014-09-11,12.839575921017843,13.083464508816316,12.823840786170186,13.036260604858398,106598100.0
2014-09-12,13.07559921099066,13.24081363485263,13.067731643104118,13.209344863891602,116306800.0
2014-09-15,13.21721065777178,13.319487537595911,13.075598940498924,13.17000675201416,87306900.0
2014-09-16,13.11493549552671,13.248681147873786,13.11493549552671,13.146404266357422,65017200.0
2014-09-17,13.146403832106415,13.319487318006017,13.12280262990926,13.193609237670898,82902700.0
2014-09-18,13.280149169581122,13.492568987900231,13.272283102756012,13.406028747558594,111923200.0
2014-09-19,13.492568126996751,13.508303260813074,13.280148322231248,13.33522129058838,88455000.0
2014-09-22,13.44536675152703,13.508305798028982,13.366692568253283,13.398162841796877,109276700.0
2014-09-23,13.413894653320312,13.531906662470634,13.398161019273964,13.413894653320312,91921900.0
2014-09-24,13.468968502670938,13.524039976886252,13.350956485826549,13.516172409057615,86396100.0
2014-09-25,13.500437485713404,13.516172621618129,13.256548881530762,13.256548881530762,104522500.0
2014-09-26,13.30375352175133,13.413896477983435,13.288018384979534,13.398162841796877,66785900.0
2014-09-29,13.30375208711211,13.41389503146671,13.280149384499664,13.382426261901855,68038300.0
2014-09-30,13.437497355267384,13.461100057214454,13.350955615379824,13.413894653320312,82217400.0
2014-10-01,13.429630128321785,13.445365263351963,13.217210307169523,13.232945442199709,91235900.0
2014-10-02,13.264417730348624,13.36669312243516,13.083466651141215,13.2801513671875,118018800.0
2014-10-03,13.4611013148315,13.610580606039774,13.42176347457787,13.60271453857422,110840600.0
2014-10-06,13.665653582394851,13.697122354012585,13.54764156221914,13.60271453857422,66212100.0
2014-10-07,13.516173926794218,13.531909064218391,13.2801513671875,13.2801513671875,91396300.0
2014-10-08,13.280149766261111,13.468968391418455,13.154271683212958,13.468968391418455,101266800.0
2014-10-09,13.40603221418221,13.461103699709025,13.02052881432362,13.05199909210205,121363100.0
2014-10-10,12.996922459529433,13.193607115997183,12.871044399436858,12.965452194213867,129552700.0
2014-10-13,12.965449660753318,13.114930390623895,12.902510643005373,12.902510643005373,92674100.0
2014-10-14,12.98905778592287,13.083465601724932,12.871047265877708,12.996925354003906,97451900.0
2014-10-15,12.76876970559654,12.77663727326117,12.13937929827731,12.399003028869627,216591800.0
2014-10-16,12.280988551977677,12.784501496402786,12.21018271239702,12.650755882263184,148199400.0
2014-10-17,12.78450486238614,12.910382944061288,12.713698253870731,12.753034591674805,94339200.0
2014-10-20,12.745168797061169,12.84744417788936,12.713698525677028,12.792372703552246,76510700.0
2014-10-21,12.926117447698502,13.067730657808472,12.831708140763514,13.059863090515137,78287300.0
2014-10-22,13.05199137287595,13.13853308499858,12.878909449215236,12.902510643005373,85199800.0
2014-10-23,13.044127955928468,13.162138464158431,12.996924052753489,13.059863090515137,68436600.0
2014-10-24,13.083460725342627,13.154267311096191,13.028389269886436,13.154267311096191,41951400.0
2014-10-27,13.122805716518084,13.13067328596269,12.98119246768602,13.05199909210205,51500000.0
2014-10-28,13.075599994638212,13.217211723327637,13.06773242628015,13.217211723327637,71850800.0
2014-10-29,13.19360771664607,13.39029238206804,13.146402316523664,13.366689682006836,99875700.0
2014-10-30,13.343089863095589,13.468969456684723,13.248682043635275,13.398162841796877,72579100.0
2014-10-31,13.5083081673,13.5476445155436,13.45323667952476,13.50044059753418,82788900.0
2014-11-03,13.516174200445098,13.649919870087825,13.453235150059426,13.586980819702148,64050700.0
2014-11-04,13.547640554831425,13.61057959397198,13.390293707272564,13.539772987365724,53515400.0
2014-11-05,13.62631465458313,13.665652491697085,13.53977291351748,13.642049789428713,58608200.0
2014-11-06,13.64205028023772,13.6892541858877,13.59484637458774,13.657785415649414,57339200.0
2014-11-07,13.618447577120175,13.673519050476004,13.547640968352654,13.657785415649414,53907800.0
2014-11-10,13.6577866140379,13.689255387037385,13.610581203660828,13.665654182434082,54261100.0
2014-11-11,13.66565199890341,13.73645710198514,13.610579028929848,13.626314163208008,62236000.0
2014-11-12,13.56337669832059,13.610580606039774,13.429631042628596,13.60271453857422,48669100.0
2014-11-13,13.602717603939087,13.610583673177256,13.468971918107576,13.54764461517334,50586300.0
2014-11-14,13.508307679759069,13.571246735028536,13.453236193971463,13.484704971313477,41144600.0
2014-11-17,13.421761298088352,13.484700331702712,13.35095469769908,13.445363998413086,43393300.0
2014-11-18,13.429633485525873,13.547644026582944,13.421765916044007,13.484704971313477,39490700.0
2014-11-19,13.492570031688969,13.492570031688969,13.382427080596171,13.42176342010498,49441600.0
2014-11-20,13.343088179219407,13.382426016184528,13.240812804280187,13.374558448791504,49652100.0
2014-11-21,13.492569594124287,13.524039865178883,13.421762984836564,13.468968391418455,63000000.0
2014-11-24,13.500437273400347,13.594846586758834,13.4374982313564,13.516172409057615,52785700.0
2014-11-25,13.555511023997845,13.579113731447356,13.437500487921026,13.453235626220703,44786300.0
2014-11-26,13.468968145928358,13.492569348204023,13.406029105551433,13.461100578308104,27310300.0
2014-11-28,13.42962994920402,13.492568987900231,13.398161180148437,13.406028747558594,27834900.0
2014-12-01,13.311620245246372,13.327355381019457,13.162139456572346,13.209344863891602,61173100.0
2014-12-02,13.272285899191628,13.49257183074951,13.264418330123796,13.492571830749512,62945200.0
2014-12-03,13.492570610340245,13.650377547231928,13.461008319978204,13.642488479614258,70104200.0
2014-12-04,13.603034585239364,13.681938800188876,13.516239798297631,13.579362869262695,49412800.0
2014-12-05,13.737168728607944,13.973879824189428,13.689826810486135,13.950209617614746,131824000.0
2014-12-08,13.934431076049805,14.100130077845924,13.816075506179844,13.934431076049805,101035100.0
2014-12-09,13.555692712101498,13.879198640203994,13.547802140077934,13.8555269241333,95939400.0
2014-12-10,13.79239752623692,13.950205884374824,13.705604283735909,13.713493347167969,103611100.0
2014-12-11,13.760843262082023,13.92654076197405,13.760843262082023,13.784513473510742,80173200.0
2014-12-12,13.784511608956572,13.784511608956572,13.51623821258545,13.51623821258545,88886700.0
2014-12-15,13.650377715226814,13.658268287914431,13.22429732490538,13.295310974121094,101305300.0
2014-12-16,13.208511089244686,13.563579198487398,13.090155554487875,13.192729949951172,96112000.0
2014-12-17,13.311088781914572,13.626704085418634,13.271635928368765,13.618813514709473,92164100.0
2014-12-18,13.784510444178569,13.831853866577148,13.681936038926482,13.831853866577148,79334000.0
2014-12-19,13.800290461650444,13.965989416612937,13.800290461650444,13.90286636352539,105588200.0
2014-12-22,13.926539796946912,13.989662864670688,13.847635586049032,13.973881721496582,70969300.0
2014-12-23,14.06856721623069,14.19481335294049,14.029115862873626,14.14747142791748,94405200.0
2014-12-24,14.179031502092045,14.281607423658254,14.139580150703551,14.186922073364258,35091300.0
2014-12-26,14.21848435845312,14.242154567297176,14.163251864520198,14.186922073364258,34362500.0
2014-12-29,14.179030887438518,14.352620437957064,14.13168896683006,14.28949737548828,58370900.0
2014-12-30,14.234262845123808,14.344727812378745,14.210591135723904,14.305274963378906,41433500.0
2014-12-31,14.352618340106991,14.368397974688367,14.11590576171875,14.11590576171875,57819600.0
2015-01-02,14.194812962101205,14.22637524789595,13.9502112670824,14.123799324035645,48951100.0
2015-01-05,14.037000631847873,14.052780263684031,13.642481241475156,13.713493347167969,105605500.0
2015-01-06,13.745058288631826,13.760839428503065,13.240073852530832,13.303196907043455,144912400.0
2015-01-07,13.524127501498056,13.555689782771834,13.311088122789682,13.366320610046388,104603800.0
2015-01-08,13.539912540910466,13.68193983759397,13.492570610340245,13.642488479614258,73388500.0
2015-01-09,13.71349972703244,13.71349972703244,13.37421415764425,13.397884368896484,84144600.0
2015-01-12,13.429444343920228,13.437334914636036,13.14538981804104,13.161170959472656,92762500.0
2015-01-13,13.271638003479016,13.32687050210664,12.87711843617002,12.979694366455078,100845400.0
2015-01-14,12.624629529655463,12.798217643897903,12.443150841360216,12.6561918258667,164779800.0
2015-01-15,12.301123323513853,12.435260070340725,11.95394559555493,11.99339771270752,193241300.0
2015-01-16,11.96183575597397,12.15120500877623,11.811918618960476,12.135424613952637,149802000.0
2015-01-20,12.301119027209577,12.332680559411118,11.99339352387984,12.040736198425291,123402800.0
2015-01-21,12.056518671312816,12.285340007429498,11.953943485814108,12.159093856811523,101054200.0
2015-01-22,12.269555748938828,12.77454094478579,12.174871165808682,12.695636749267578,183042100.0
2015-01-23,12.656189034571293,12.774544609314122,12.411585807800291,12.411585807800291,103376900.0
2015-01-26,12.40369334057094,12.569391561336657,12.387912199314096,12.506268501281738,69969300.0
2015-01-27,12.269555739489356,12.458924905603803,12.214322501674676,12.33267879486084,86184200.0
2015-01-28,12.403698527115964,12.411588348557244,11.977617317338412,11.99339771270752,105359800.0
2015-01-29,12.08018875191812,12.222215275873957,11.993393970765112,12.17487335205078,76095800.0
2015-01-30,12.017065367930565,12.20643532754111,11.95394229888916,11.95394229888916,99844600.0
2015-02-02,12.048631172337966,12.22221928663486,11.930274818968384,12.198548316955566,101586700.0
2015-02-03,12.324790392740374,12.569392839694912,12.316899821309448,12.53783130645752,105159400.0
2015-02-04,12.458928108215332,12.624626359280342,12.427366572416586,12.458928108215332,83848100.0
2015-02-05,12.608844828803615,12.695639613955558,12.54572175914021,12.60095500946045,92264700.0
2015-02-06,12.861338348672994,13.216406590404336,12.798215272917735,13.011256217956545,160832300.0
2015-02-09,12.900785446166992,13.019140972192492,12.821881260492605,12.900785446166992,95532900.0
2015-02-10,13.066486294714403,13.113829721468948,12.900788815991186,12.956021308898926,100322800.0
2015-02-11,12.885003488099008,12.979688805877394,12.79031817032062,12.90867519378662,99924400.0
2015-02-12,12.948129936521742,13.200622177031098,12.916569158944306,13.153280258178713,116394100.0
2015-02-13,13.200624674404256,13.247968107185825,13.050708318847542,13.10594081878662,93632700.0
2015-02-17,13.034926084125049,13.161172217702363,12.916570522017894,13.121719360351562,93350600.0
2015-02-18,13.05859745106421,13.066488023233784,12.813995733698484,12.861337661743164,84057400.0
2015-02-19,12.790324211120604,12.92446093009165,12.68774978130641,12.790324211120604,83604300.0
2015-02-20,12.73509025895263,12.963912314348017,12.632515840826407,12.92445945739746,89763600.0
2015-02-23,12.87711927672523,12.87711927672523,12.70353119756847,12.782435417175291,87623700.0
2015-02-24,12.83766618205146,13.058596161084129,12.82188503927124,12.92445945739746,74109600.0
2015-02-25,12.916572356810075,13.019146790547556,12.877119493855018,13.011256217956545,57201000.0
2015-02-26,12.956026115007846,12.971807263113464,12.545725294100494,12.6561918258667,161100700.0
2015-02-27,12.451037794098966,12.529942011473718,12.324791648288471,12.474709510803224,130448200.0
2015-03-02,12.45892991993182,12.648299914747922,12.403697412373964,12.632518768310549,71402400.0
2015-03-03,12.64830125181389,12.742985130501362,12.593067985930787,12.6561918258667,65689800.0
2015-03-04,12.63244195660604,12.648271691816932,12.474140830300565,12.537461280822754,78441600.0
2015-03-05,12.60078210193683,12.687848290094962,12.46622595191002,12.664102554321287,69510000.0
2015-03-06,12.664102133231951,13.154836755153283,12.664102133231951,12.83823299407959,163207200.0
2015-03-09,12.909470706200857,12.925301198663464,12.759085556842647,12.798660278320312,72912700.0
2015-03-10,12.695763053785376,12.766997239047049,12.497885704040527,12.497885704040527,85633600.0
2015-03-11,12.600784443571234,12.7907458360256,12.561208964766706,12.751171112060549,85910100.0
2015-03-12,12.703675327522872,12.83031621291826,12.5849496861745,12.735336303710938,126376300.0
2015-03-13,12.72742105966392,12.782826258314598,12.616609907523348,12.735336303710938,88581900.0
2015-03-16,12.751170261966577,12.83823495082106,12.545378389774324,12.76699924468994,63406500.0
2015-03-17,12.719505815616904,12.759082035851986,12.63244039561738,12.735336303710938,67315000.0
2015-03-18,12.672015384568564,12.743251068634944,12.59286445675277,12.648269653320312,86387600.0
2015-03-19,12.63244387719489,12.640359123423394,12.355416297912598,12.355416297912598,109169200.0
2015-03-20,12.426650114989265,12.608696976370048,12.379160154517278,12.537461280822754,99867700.0
2015-03-23,12.521631229460654,12.569121946435764,12.44248104095459,12.44248104095459,73773500.0
2015-03-24,12.450396988136388,12.505802956896504,12.355416297912598,12.355416297912598,77011000.0
2015-03-25,12.37124851896754,12.387078258796969,12.189201604472162,12.19711685180664,88541500.0
2015-03-26,12.181283553707772,12.300009209685944,12.078387632935014,12.205028533935549,76741500.0
2015-03-27,12.252521118240503,12.260436364957895,12.086305466212089,12.117965698242188,73140800.0
2015-03-30,12.205030640641429,12.355416547827788,12.18920014786421,12.284181594848633,70835300.0
2015-03-31,12.26834938437195,12.28417987493273,12.173368705525274,12.181283950805664,61381700.0
2015-04-01,12.20503209914112,12.236692333639509,12.070475913813093,12.19711685180664,73153900.0
2015-04-02,12.212947133856046,12.363333056395382,12.212947133856046,12.300012588500977,50443500.0
2015-04-06,12.181286354110895,12.347502763596058,12.141710874740244,12.276267051696776,51189500.0
2015-04-07,12.292097650681074,12.387078354913228,12.228777181192967,12.236692428588867,50057800.0
2015-04-08,12.27626610014582,12.458312234364897,12.268350853917314,12.355416297912598,71732500.0
2015-04-09,12.371244143850737,12.47414005829102,12.2920932081769,12.434564590454102,44935600.0
2015-04-10,12.418735305047369,12.497886248392769,12.34750036184371,12.44248104095459,43817700.0
2015-04-13,12.48997356803388,12.55329403377797,12.458313335161836,12.505804061889648,49191200.0
2015-04-14,12.569124829736944,12.624530049884834,12.434568648086778,12.521634101867676,84385400.0
2015-04-15,12.426648929635862,12.545375329169378,12.339583507182676,12.379158973693848,124479100.0
2015-04-16,12.379160049032922,12.61661135904813,12.331669334126298,12.497885704040527,105591000.0
2015-04-17,12.434566386954916,12.46622661483075,12.268350001896929,12.315840721130373,88994300.0
2015-04-20,12.363328824531123,12.418734026264111,12.315838867285496,12.323753356933594,53649400.0
2015-04-21,12.347500592344952,12.379160819306271,12.212944439049496,12.268349647521973,64033100.0
2015-04-22,12.3079223642242,12.529543903333009,12.260431656995578,12.458308219909668,73092800.0
2015-04-23,12.442479329442662,12.505799773473273,12.410819107427358,12.418733596801758,50292200.0
2015-04-24,12.434564173905946,12.466224396147034,12.3554132408836,12.379158973693848,40766100.0
2015-04-27,12.37124593120324,12.474141860509553,12.315840721130373,12.315840721130373,73523400.0
2015-04-28,12.33167116461942,12.434567099824722,12.268350705237603,12.387076377868652,58080100.0
2015-04-29,12.347497939234346,12.695761115816818,12.323752207986091,12.648269653320312,134499400.0
2015-04-30,12.664101185022632,12.703675897354426,12.5058000711777,12.60869598388672,78313900.0
2015-05-01,12.66410490772269,12.7828305892968,12.600784443571234,12.751171112060549,78171400.0
2015-05-04,12.774914393351484,13.020282494675827,12.759085410748977,13.012367248535156,76592300.0
2015-05-05,12.996532016525348,13.146918618995697,12.925296336917196,12.941126823425291,106148700.0
2015-05-06,12.949043811405073,13.051938968214998,12.727421499465668,12.893638610839844,96426500.0
2015-05-07,12.846148742427086,12.925299685796894,12.735338327516562,12.854063987731934,73794800.0
2015-05-08,12.917386053230302,13.028196481975533,12.838235099978482,13.020282745361328,86333700.0
2015-05-11,13.020282396996723,13.13109282277716,13.00445190483414,13.051941871643066,56246000.0
2015-05-12,13.02819597999445,13.044026471970632,12.94113129348306,13.004451751708984,59627100.0
2015-05-13,13.01236569840182,13.075686150305144,12.949045246498496,13.036109924316406,47330600.0
2015-05-14,13.083601700155004,13.13109166276864,13.02028124677726,13.07568645477295,55395700.0
2015-05-15,13.075682939387546,13.075682939387546,12.90155060715505,12.941126823425291,54937800.0
2015-05-18,12.909471899073802,13.091519559857812,12.909471899073802,13.067773818969728,51059900.0
2015-05-19,13.131094814319024,13.281481493314482,13.123179567037258,13.273566246032717,89115500.0
2015-05-20,13.281477875032897,13.33688308123213,13.16275070783037,13.24981689453125,67684000.0
2015-05-21,13.226070907755162,13.257731887654998,13.107345252488004,13.241901397705078,52056600.0
2015-05-22,13.233985703564166,13.297306151536109,13.218156723830102,13.257731437683104,47032900.0
2015-05-26,13.24190253582977,13.24190253582977,13.004451204886816,13.059856414794922,100048200.0
2015-05-27,13.107345501631134,13.25773213965666,13.091516521058953,13.24981689453125,70026700.0
2015-05-28,13.233985992487993,13.241901237367111,13.123175583537527,13.194411277770996,60970000.0
2015-05-29,13.186497325921664,13.194412571576928,13.036110677829129,13.059856414794922,74266200.0
2015-06-01,13.1231777300986,13.170667697462656,13.036111531865457,13.099431991577148,62941600.0
2015-06-02,13.07568459116133,13.265645924220328,13.059854102653462,13.23398494720459,65513200.0
2015-06-03,13.233990965568584,13.511849505767564,13.233990965568584,13.440400123596191,89614900.0
2015-06-04,13.392763216246392,13.480089031902924,13.27367994308497,13.321313858032228,61025500.0
2015-06-05,13.527723995062727,13.773826517866237,13.472151089984791,13.646805763244627,119087400.0
2015-06-08,13.710317441695503,13.75794985064732,13.535662751860542,13.55947971343994,69749600.0
2015-06-09,13.535662977565364,13.77382805470977,13.4959695551448,13.742072105407717,82104900.0
2015-06-10,13.805579735999306,13.988173379650078,13.781764292980249,13.964356422424316,102643100.0
2015-06-11,13.988172141584531,14.035804537613505,13.845273439291043,13.884966850280762,77191500.0
2015-06-12,13.853212424330302,13.956416201427505,13.78176307318356,13.884966850280762,53149400.0
2015-06-15,13.75794825453971,13.892907992751857,13.694437878569689,13.869091033935549,68053400.0
2015-06-16,13.861149717457256,13.940538052625463,13.789701881433071,13.932599067687988,47291200.0
2015-06-17,13.964357479741022,13.972296466084046,13.734131418413773,13.78970432281494,88712100.0
2015-06-18,13.773820597229207,13.813513998158804,13.670615332082363,13.797636032104492,97599900.0
2015-06-19,13.718257297345296,13.805583133584102,13.591236522627874,13.630929946899414,83395400.0
2015-06-22,13.781765213356016,13.916724951568163,13.773826227083914,13.869091033935549,58477700.0
2015-06-23,13.940541880464036,14.067562645928316,13.940541880464036,14.02786922454834,63865700.0
2015-06-24,13.916722790437788,14.04374352265276,13.853212424330302,13.884966850280762,59079500.0
2015-06-25,13.948479507054971,13.988174438770097,13.773826350128894,13.78970432281494,59772200.0
2015-06-26,13.877028291956725,13.908784233090238,13.77382451168603,13.821456909179688,63080800.0
2015-06-29,13.599172962784182,13.69443929368698,13.384826368115068,13.408641815185549,98604200.0
2015-06-30,13.55947894862353,13.599172368143323,13.376886796101443,13.511846542358398,89039800.0
2015-07-01,13.694441698430891,13.742074115143062,13.567420911060283,13.670624732971191,62317400.0
2015-07-02,13.622990643958843,13.662684067311856,13.408642523755695,13.519786834716797,64736500.0
2015-07-06,13.321313948269024,13.503906080850204,13.265741047120782,13.448334693908691,58726900.0
2015-07-07,13.416580670276652,13.440397631319764,12.972007996920508,13.249866485595703,115450500.0
2015-07-08,13.035518220874769,13.099028602013222,12.876741510925171,12.900558471679688,83033000.0
2015-07-09,13.122841016113693,13.27367717267818,13.059330656979592,13.08314609527588,81534400.0
2015-07-10,13.337191708730524,13.368947655346046,13.226048923989946,13.257804870605469,72965300.0
2015-07-13,13.472151608631709,13.535661988387517,13.41658021562124,13.511846542358398,67934300.0
2015-07-14,13.440394569642018,13.615047701551928,13.384823187407346,13.599169731140137,69999800.0
2015-07-15,13.916722053986742,14.170763504973213,13.88496611551019,14.03580379486084,173099900.0
2015-07-16,14.21839950238791,14.345420260076818,14.178706083437705,14.250155448913574,117054300.0
2015-07-17,14.258094542186848,14.416871264451029,14.2025231436565,14.36923885345459,96894900.0
2015-07-20,14.408930114620604,14.47244049115409,14.353358724429652,14.385114669799805,71980100.0
2015-07-21,14.377175227009264,14.424807629345436,14.305725866401618,14.353358268737791,63732800.0
2015-07-22,14.313664881128672,14.67091017067485,14.313664881128672,14.6470947265625,110327000.0
2015-07-23,14.59946009093597,14.63121603379756,14.353357590585436,14.432745933532717,103650100.0
2015-07-24,14.432745811017272,14.472439225050616,14.162826355811816,14.210458755493164,86364300.0
2015-07-27,14.019930237430952,14.115196568632644,13.892909471966671,14.02786922454834,93231900.0
2015-07-28,14.12313698363048,14.20252383441662,13.972299241564006,14.194584846496582,82166800.0
2015-07-29,14.2501568775094,14.44862702057105,14.226339915227474,14.416871070861816,96388600.0
2015-07-30,14.448624048018946,14.520073405958245,14.32954077531564,14.393051147460938,65667900.0
2015-07-31,14.313668151090026,14.33748360064302,14.178708384863624,14.194584846496582,67176900.0
2015-08-03,14.218397752744036,14.26603015246426,14.004049682693015,14.107254981994627,62376800.0
2015-08-04,14.123134572015012,14.23427735550296,14.059622679499777,14.13107204437256,69741500.0
2015-08-05,14.2342721736059,14.329536949284496,14.131066900046727,14.186639785766602,65228600.0
2015-08-06,14.218399736470928,14.273971129598856,14.107256950215064,14.13901138305664,47594700.0
2015-08-07,14.226337951193273,14.345419717748882,13.972296445419488,14.091378211975098,71020700.0
2015-08-10,14.186644985185916,14.329542201075782,14.178705998602002,14.32160472869873,65791200.0
2015-08-11,14.170768932136488,14.266033755637974,14.067563606768296,14.123136520385742,65868600.0
2015-08-12,13.988174167692277,14.01198961205301,13.511845595789351,13.908785820007324,141600100.0
2015-08-13,13.940539569992646,14.04374487120673,13.845274768786878,13.988173484802246,67456200.0
2015-08-14,13.948480021195314,14.051685333251951,13.924664575495225,14.051685333251951,52710300.0
2015-08-17,13.98023423993625,14.13900941040588,13.940539311663828,14.107254981994627,42310000.0
2015-08-18,14.06756430554564,14.210463062103145,14.011992903374868,14.04374885559082,50360700.0
2015-08-19,13.932600097086858,14.043744380216774,13.845274284735726,13.861150741577148,78540500.0
2015-08-20,13.64680350961632,13.654742494744983,13.27367877960205,13.27367877960205,149185400.0
2015-08-21,12.860864371592069,13.226048665286257,12.781476020812988,12.781476020812988,148874300.0
2015-08-24,11.924087977450684,12.686212690676454,11.590658036862608,12.138435363769531,214649500.0
2015-08-25,12.860865487032834,12.860865487032834,12.106678360530132,12.114617347717283,194377000.0
2015-08-26,12.55125026409396,12.749719619750977,12.178126240115436,12.749719619750977,174208500.0
2015-08-27,13.00376149759186,13.059334402704415,12.77353694752432,13.051395416259766,124185400.0
2015-08-28,13.019637039779116,13.051392979629044,12.86086188314914,12.987882614135742,75899300.0
2015-08-31,12.964065905328717,13.003759316688022,12.84498415704422,12.972004890441896,66695200.0
2015-09-01,12.662390829464604,12.741778406430766,12.273389658151595,12.36865520477295,119064000.0
2015-09-02,12.599626253568676,12.631483685883923,12.400517111713084,12.623519897460938,74820400.0
2015-09-03,12.71909074658014,12.894306984139536,12.639446795087414,12.695197105407717,77175800.0
2015-09-04,12.575730955210627,12.631481261175349,12.344764425375562,12.464229583740234,104539500.0
2015-09-08,12.711124747613658,12.87041187286377,12.66333823026816,12.87041187286377,73960200.0
2015-09-09,13.037661801872028,13.109339665282958,12.607585506917086,12.663335800170898,70466100.0
2015-09-10,12.639446292622168,12.830591616697768,12.591660531259004,12.77484130859375,71110200.0
2015-09-11,12.735018574889477,12.790768882993495,12.663339173303749,12.77484130859375,54287700.0
2015-09-14,12.71909087465232,12.798734067405984,12.663339804229633,12.711126327514648,50640900.0
2015-09-15,12.77484008210146,13.05359159585906,12.750946444172888,12.989876747131348,62327100.0
2015-09-16,13.021734106507727,13.053590769313528,12.81466048148399,13.005805015563965,83776400.0
2015-09-17,12.97395178810774,13.125273634896551,12.56776821643866,12.63148307800293,119088200.0
2015-09-18,12.48812370440292,12.51201658508862,12.34476490120676,12.39255142211914,136531200.0
2015-09-21,12.480154521987982,12.543869353177373,12.400510603230892,12.504047393798828,79096200.0
2015-09-22,12.336797853373824,12.408477240440044,12.304940432404486,12.4005126953125,92235200.0
2015-09-23,12.424409100066494,12.623518215391014,12.408480006260852,12.519981384277344,78117500.0
2015-09-24,12.376623693956317,12.440338555840844,12.265122305887855,12.384588241577148,99520100.0
2015-09-25,12.647411886925628,12.758913271910108,12.591661574203911,12.655376434326172,88655000.0
2015-09-28,12.575731732169364,12.599624613410269,12.249192903560022,12.32087230682373,91324300.0
2015-09-29,12.344764036128538,12.368656915139908,12.145654938771626,12.225298881530762,79829400.0
2015-09-30,12.384583002640245,12.42440496435782,12.201402282555687,12.408475875854492,71347100.0
2015-10-01,12.360695358255716,12.45626765108251,12.233264874945592,12.384588241577148,71516800.0
2015-10-02,12.010261159807143,12.249192237854004,11.65186492250733,12.249192237854004,181838400.0
2015-10-05,12.304942516095766,12.575731019960273,12.296977969619526,12.496087074279783,75315300.0
2015-10-06,12.488123287344502,12.599623899848034,12.400514795187776,12.496087074279783,67473700.0
2015-10-07,12.567764756200631,12.687230658397311,12.400513100757962,12.543871879577637,66655600.0
2015-10-08,12.519979002954642,12.567764756200631,12.352727347511973,12.543871879577637,79056900.0
2015-10-09,12.543870089969808,12.599620380649968,12.344761040922668,12.408475875854492,76667100.0
2015-10-12,12.4244116618806,12.44033999942954,12.289017374779432,12.36069679260254,50725800.0
2015-10-13,12.304945712328369,12.416447113335556,12.265123729144292,12.36069679260254,73689800.0
2015-10-14,12.559802271672137,12.679267426705724,12.3845860526874,12.456265449523926,122272400.0
2015-10-15,12.591660249353412,12.965985582842276,12.519980849372462,12.894306182861328,127028800.0
2015-10-16,12.973949583703028,12.973949583703028,12.766875939032518,12.838555335998535,66989500.0
2015-10-19,12.74297920777196,12.91023008071485,12.727050119182689,12.854479789733888,62953500.0
2015-10-20,12.870414034484652,12.973951632712804,12.822628268654334,12.90227222442627,50797800.0
2015-10-21,12.95005333014086,12.973946963998875,12.663335800170898,12.663335800170898,64440400.0
2015-10-22,12.74298217266368,12.902270057454716,12.74298217266368,12.87041187286377,74116600.0
2015-10-23,12.973950226332832,13.181022362178236,12.94209203984465,13.157130241394045,82285800.0
2015-10-26,13.157132562553503,13.181024687552709,13.013773736229451,13.149168014526367,67702800.0
2015-10-27,13.06155490875244,13.117305206240824,12.981910975591177,13.06155490875244,56159300.0
2015-10-28,13.101381269149442,13.78631563853862,13.101381269149442,13.762423515319824,147720100.0
2015-10-29,13.666848594813322,13.889851335189514,13.515525252447985,13.611098289489746,95542300.0
2015-10-30,13.68277966478552,13.68277966478552,13.348276265423424,13.364205360412598,87645800.0
2015-11-02,13.45977333772039,13.65091786986661,13.43588122062818,13.587203025817873,56948200.0
2015-11-03,13.547385990617093,13.746495129481396,13.531456894928226,13.682780265808104,66127100.0
2015-11-04,13.778351013708791,13.786315561097684,13.507562478814815,13.547385215759276,78728400.0
2015-11-05,13.563313723387433,13.834102246559096,13.563313723387433,13.786314964294434,85505500.0
2015-11-06,14.208426317763502,14.407535429257855,14.144711462848589,14.296034812927246,158037500.0
2015-11-09,14.359747626295828,14.399568835300473,13.98542157769247,14.080994606018066,129920700.0
2015-11-10,14.041169854872658,14.288066176190105,13.985419562665989,14.216386795043944,59905800.0
2015-11-11,14.327889031272209,14.327889031272209,14.080994200572604,14.136744499206545,59235000.0
2015-11-12,14.001351635530616,14.041172847284376,13.818171630932357,13.834100723266602,77850900.0
2015-11-13,13.642957652489503,13.786316476847931,13.611100979899955,13.69870948791504,103574900.0
2015-11-16,13.64295371719266,13.905777646344408,13.547382207909344,13.881885528564451,70384300.0
2015-11-17,13.937633367958316,14.01727729102009,13.810203698692073,13.873918533325195,70488600.0
2015-11-18,13.881887650575042,14.232320116039032,13.881887650575042,14.208426475524902,85708300.0
2015-11-19,14.16064100519385,14.216391315126256,14.033211291324918,14.088961601257324,51829700.0
2015-11-20,14.184529981631306,14.200459072103074,14.009314543686878,14.057100296020508,56288300.0
2015-11-23,14.033208729569996,14.120815692436024,13.905777519881552,13.913742065429688,50362900.0
2015-11-24,13.746491166164033,13.993386001829316,13.738526620615897,13.913742065429688,58724200.0
2015-11-25,13.945600918893838,13.993386675401087,13.865956978660549,13.889850616455078,34939000.0
2015-11-27,13.905779966769758,13.937638154568134,13.802243894589049,13.921709060668944,22937500.0
2015-11-30,13.921706737585543,14.001350674709474,13.873920982943886,13.881885528564451,61893700.0
2015-12-01,13.953565456307471,14.184531211853027,13.921707272600878,14.184531211853027,74351800.0
2015-12-02,14.280372763019978,14.288359731859524,14.01680888474916,14.072717666625977,76919000.0
2015-12-03,14.12064030586626,14.19252151402408,13.777208205414182,13.81714153289795,95810100.0
2015-12-04,13.928957893307064,14.2404421198253,13.881036071259006,14.21648120880127,103021700.0
2015-12-07,14.2084911105199,14.216476554888294,13.928953333517835,14.008821487426758,81633300.0
2015-12-08,13.889021971970754,13.944929236695762,13.681365329164496,13.729287147521973,84873500.0
2015-12-09,13.66539473140912,13.881036849276583,13.47371200254976,13.657407760620115,82418100.0
2015-12-10,13.69733932113752,13.904995964740008,13.545589942474413,13.737274169921877,68395000.0
2015-12-11,13.553576350007068,13.625457551478435,13.290012452398258,13.361893653869627,91503900.0
2015-12-14,13.38585645181553,13.489684022287722,13.178199787512272,13.417802810668944,121121200.0
2015-12-15,13.59350897172287,13.96888733311848,13.569548067368869,13.91298007965088,99737200.0
2015-12-16,14.096680771700385,14.200509870669688,13.761235608665386,14.176548957824709,171576700.0
2015-12-17,14.216480901170824,14.240441811676364,13.81714153289795,13.81714153289795,97265700.0
2015-12-18,13.729283859226124,13.793178078374098,13.385851860046388,13.385851860046388,136737800.0
2015-12-21,13.561563438917316,13.601498286396954,13.393841649578832,13.553576469421388,65150300.0
2015-12-22,13.617468995637784,13.665390806608311,13.457734195811447,13.641429901123049,56173500.0
2015-12-23,13.705327204013134,13.84908962249756,13.657406905637933,13.84908962249756,65770700.0
2015-12-24,13.833114744753352,13.881035039882049,13.753246570633047,13.79318141937256,29369400.0
2015-12-28,13.75324621563959,13.761233185181338,13.561563516713733,13.68136501312256,41777500.0
2015-12-29,13.777210388493126,13.857078579475038,13.705329168945308,13.80117130279541,45670400.0
2015-12-30,13.737274722761962,13.769221079716369,13.609486248226773,13.617471694946287,35066400.0
2015-12-31,13.585522447273506,13.633442734188062,13.441760063171388,13.441760063171388,47153000.0
2016-01-04,13.138266459723832,13.170212818581184,12.978530095360464,13.122292518615724,114888000.0
2016-01-05,13.194173730243351,13.250081000762869,12.962556154252352,13.122292518615724,66670000.0
2016-01-06,12.93060375365378,13.010471898517588,12.794828364392751,12.842748641967772,102760800.0
2016-01-07,12.563217127881805,12.698992584486405,12.331600306911504,12.379521369934082,116255900.0
2016-01-08,12.73093949146172,12.73093949146172,12.107970252740213,12.139917373657228,124782400.0
2016-01-11,12.187835768857056,12.275690141734165,11.932258095768535,12.22776985168457,104611700.0
2016-01-12,12.411465566340144,12.4434126802663,12.02810019922628,12.22776985168457,100023500.0
2016-01-13,12.355557824097067,12.395491905362546,11.860377196771193,11.900310516357422,119413000.0
2016-01-14,11.988164792972878,12.139913376950108,11.700640037699316,11.972190856933594,125920000.0
2016-01-15,11.50895889117469,11.708628547889528,11.28532908892427,11.548892974853516,172296100.0
2016-01-19,11.732588473439256,11.812456639299382,11.189487535299945,11.373183250427246,185727400.0
2016-01-20,11.013778539446248,11.181501086206518,10.59846603803182,10.933910369873049,250537600.0
2016-01-21,10.91793501977322,11.053710424014255,10.58248999302233,10.670344352722168,188976000.0
2016-01-22,10.901960452475404,10.9578684614795,10.75819885054274,10.830080032348633,169999800.0
2016-01-25,10.814110430184742,10.82209740062492,10.334902867286154,10.350876808166504,186419100.0
2016-01-26,10.4387324119832,10.662363040239564,10.41477225955556,10.630415916442873,124246900.0
2016-01-27,10.542555916184527,10.965855302635257,10.534568948481134,10.670344352722168,124095800.0
2016-01-28,10.854043837792728,10.949885192006429,10.590479923285214,10.806122779846191,110996200.0
2016-01-29,10.909950677575422,11.30130304907162,10.85404341355578,11.293316841125488,159984100.0
2016-02-01,11.22143641454467,11.253383533578443,11.02176673016373,11.149555206298828,105739400.0
2016-02-02,10.97384213006274,10.981829097664038,10.486648531570868,10.566515922546388,147101200.0
2016-02-03,10.606451804212124,10.614438773172893,9.999456635099932,10.406782150268556,257664600.0
2016-02-04,10.294967841360494,10.854042731461345,10.294967841360494,10.582491874694824,179394400.0
2016-02-05,10.638400835453714,10.694308866574652,10.294969486725137,10.342889785766602,125842800.0
2016-02-08,10.11925966537482,10.143219814230337,9.687973177578552,9.79978847503662,221363600.0
2016-02-09,9.576155835034443,9.927574831036743,9.552195691295864,9.743878364562988,247349000.0
2016-02-10,9.919590593925278,10.015431956948778,9.512264229815822,9.568171501159668,227530000.0
2016-02-11,9.15285753614051,9.22473873789669,8.777478350124532,8.913253784179688,375088700.0
2016-02-12,9.168829394587576,9.608102749720151,9.104935171478752,9.544208526611328,245388400.0
2016-02-16,9.887643720203153,9.895630691074723,9.67200007674754,9.783815383911133,194306700.0
2016-02-17,10.039392611981745,10.135233979823347,9.959525186286816,10.03140640258789,221859400.0
2016-02-18,10.151208602316492,10.17516875546286,9.664014759382802,9.775829315185549,161539400.0
2016-02-19,9.759854229555966,9.775827407977424,9.56817075674276,9.687973022460938,121045600.0
2016-02-22,9.687971396451582,10.015429496765137,9.687971396451582,10.015429496765137,88865500.0
2016-02-23,9.9595209409425,9.967507146932157,9.664009992308811,9.71193027496338,104498700.0
2016-02-24,9.552197578321302,9.703946200882395,9.304606838513912,9.687973022460938,159552800.0
2016-02-25,9.695957207447917,9.847705786420798,9.65602313034584,9.83971881866455,103054600.0
2016-02-26,9.975495504448867,10.34288768993092,9.903614308772925,10.143218040466309,160314400.0
2016-02-29,10.143218035238167,10.27100648896097,9.991469436862156,9.999456405639648,123661100.0
2016-03-01,10.095298061007645,10.55054463202326,10.079324122954112,10.534570693969728,153558200.0
2016-03-02,10.58267304244962,10.831205855421558,10.526553050472348,10.751033782958984,139622500.0
2016-03-03,10.726984641377689,10.863276733443517,10.6227612318816,10.823190689086914,105082700.0
2016-03-04,11.031637071086006,11.13586047645352,10.815172898881704,10.85525894165039,171410900.0
2016-03-07,10.783104040129018,10.919396124553042,10.718966678585671,10.847241401672363,97650300.0
2016-03-08,10.74301758257197,10.79913834518537,10.462416827815485,10.470434188842772,125894800.0
2016-03-09,10.558622966375994,10.638795048252682,10.422330885932208,10.534571647644045,92253800.0
2016-03-10,10.606725455023977,10.74301753355554,10.422330739703408,10.638794898986816,123016200.0
2016-03-11,10.77508452296527,11.095772031098065,10.71896453398747,11.055685997009276,120400600.0
2016-03-14,10.999564049326178,11.015598001360006,10.815168631184267,10.935426712036133,87746800.0
2016-03-15,10.831206067802809,10.903360781518444,10.735000037707817,10.879308700561523,80404000.0
2016-03-16,10.8312094460763,11.071724978619786,10.49448785343098,10.670866012573242,149645400.0
2016-03-17,10.598709467099948,10.807155512782243,10.462417380743636,10.74301815032959,122212300.0
2016-03-18,10.967497333675947,11.127840705453591,10.863273950876104,11.055685997009276,146616200.0
2016-03-21,11.063705017729436,11.24809973181241,10.999567659389475,11.095773696899414,104695700.0
2016-03-22,10.959483414351595,11.095775514291883,10.927414729929042,11.031638145446776,83252100.0
2016-03-23,11.039653565639842,11.087756201522753,10.903361489675577,10.919395446777344,95789700.0
2016-03-24,10.75103369058012,10.975514421137897,10.638793707590004,10.96749782562256,94836500.0
2016-03-28,11.007584122281086,11.015601483120776,10.855258089215054,10.919395446777344,54498500.0
2016-03-29,10.855262163763202,10.855262163763202,10.630781328035784,10.759056091308594,101606800.0
2016-03-30,10.815172016271529,10.951464091815865,10.791120698404178,10.807154655456545,85897000.0
2016-03-31,10.815173682891578,10.991551825113138,10.783104999267453,10.839225769042969,79592100.0
2016-04-01,10.79913550579032,10.943444143450613,10.678877415733076,10.87129020690918,73130900.0
2016-04-04,10.85526241761952,10.943451128287446,10.751038978878563,10.83121109008789,59709600.0
2016-04-05,10.66284592584255,10.694914604350956,10.550605168774329,10.57465648651123,78445900.0
2016-04-06,10.582674136629471,10.66284621738132,10.510519416868338,10.638794898986816,62558500.0
2016-04-07,10.542590145907702,10.590693556626434,10.221903289708736,10.302075386047363,105704500.0
2016-04-08,10.44638250667257,10.53457195220204,10.310090422288534,10.326125144958496,76548100.0
2016-04-11,10.35819410057686,10.494486188577424,10.326125418963649,10.398280143737791,79411500.0
2016-04-12,10.422330739703408,10.686897535775824,10.366210741923693,10.638794898986816,100791600.0
2016-04-13,10.863273950876104,11.103789390831324,10.847239231409588,11.055685997009276,138647200.0
2016-04-14,10.991550524230954,11.4485294029344,10.98353316312937,11.336289405822754,179383300.0
2016-04-15,11.44051277620747,11.456546733790674,11.18396257367749,11.224048614501951,87958700.0
2016-04-18,11.10379162560459,11.416461072355151,11.079739541564038,11.36034107208252,81998200.0
2016-04-19,11.432493777876031,11.65697450393638,11.416459058011531,11.584819793701172,107153600.0
2016-04-20,11.673006322908009,11.977658278848338,11.648954249088504,11.96964168548584,115628700.0
2016-04-21,11.969644960649717,12.138005700566833,11.825335536555746,11.945592880249023,121589000.0
2016-04-22,11.92154435070558,12.138008537438113,11.92154435070558,12.113956451416016,83456600.0
2016-04-25,12.041802481234614,12.138008531543107,11.873441702050316,11.993699073791504,70489500.0
2016-04-26,12.041802321012126,12.138008370040549,11.86542418217116,12.097922325134276,84812400.0
2016-04-27,12.041802406311035,12.26628318896748,12.009732958496684,12.041802406311035,115789000.0
2016-04-28,11.96162810122878,12.08990281042519,11.833353392032372,11.857404708862305,78639300.0
2016-04-29,11.809303105588862,11.905509916686771,11.568788371577163,11.673011779785156,122128100.0
2016-05-02,11.6890466183814,11.849390041316983,11.544737155450498,11.841373443603516,68882800.0
2016-05-03,11.632923860795144,11.632923860795144,11.344305003179716,11.512665748596191,110549000.0
2016-05-04,11.296204137496998,11.44051358888504,11.224049411802978,11.328272819519045,99269700.0
2016-05-05,11.344304761885624,11.480596827398951,11.224047416822122,11.26413345336914,73145900.0
2016-05-06,11.087757907235732,11.336290779456483,11.06370658559428,11.312238693237305,76595100.0
2016-05-09,11.288186753751024,11.376375437994598,11.1518946642797,11.216032028198242,55399600.0
2016-05-10,11.28818526002563,11.488614686893383,11.264133942883223,11.464563369750977,59870500.0
2016-05-11,11.42447782468766,11.624907260208497,11.376374423748508,11.384391784667969,68088900.0
2016-05-12,11.464564125137573,11.600856205553976,11.26413468506376,11.336289405822754,72567100.0
2016-05-13,11.34430338996615,11.520681470696276,11.11982268285892,11.127840042114258,86193900.0
2016-05-16,11.07973830617745,11.240082456925505,11.06370434984919,11.167927742004396,57848600.0
2016-05-17,11.135858222703924,11.32827027155877,11.079737468354788,11.232064247131348,76273800.0
2016-05-18,11.240082947794535,11.825336524019969,11.232065586991489,11.777233123779297,150748500.0
2016-05-19,11.70507800797338,11.921541376117617,11.568785946165796,11.64895725250244,106156900.0
2016-05-20,11.737150538848304,11.785253185535565,11.56878974628732,11.640944480895996,81214000.0
2016-05-23,11.656973907482117,11.70507730003678,11.54473316790622,11.60085391998291,66303200.0
2016-05-24,11.705081077106737,11.825338450432584,11.648960306920635,11.76921844482422,96183700.0
2016-05-25,11.889474193909964,12.14602362973227,11.889474193909964,11.961628913879396,123498700.0
2016-05-26,12.00973433313079,12.017751696002046,11.777236161909018,11.785253524780272,65356600.0
2016-05-27,11.833355565423105,11.929561614990234,11.777234796408989,11.929561614990234,62411300.0
2016-05-31,12.049816772656918,12.065851493595256,11.809301310624864,11.857404708862305,85635900.0
2016-06-01,11.744782549837298,11.98611307807928,11.624116518545268,11.953935623168944,62612100.0
2016-06-02,12.026338892476485,12.050471799499782,11.8815406831654,12.01829433441162,64327300.0
2016-06-03,11.63216449440113,11.664341958772964,11.414966034512805,11.599987030029297,148600900.0
2016-06-06,11.61607661686607,11.825230541163757,11.559766240005674,11.680432319641112,80949300.0
2016-06-07,11.6965162376674,11.744782804665668,11.535628959624937,11.543673515319824,67447100.0
2016-06-08,11.543676345891026,11.632164178719306,11.50345432472499,11.608031272888184,58292900.0
2016-06-09,11.519541614457845,11.519541614457845,11.32647685120542,11.41496467590332,74814900.0
2016-06-10,11.24603340989552,11.262122524601418,11.061013193804964,11.125368118286133,90725700.0
2016-06-13,10.97252226363317,11.18971988058489,10.924255700326675,10.94034481048584,71925000.0
2016-06-14,10.908169011037492,11.044922632267498,10.594438219910606,10.666837692260742,85377800.0
2016-06-15,10.763371003307064,10.98861322909323,10.682926967654986,10.731193542480469,100659100.0
2016-06-16,10.642707019910434,10.723151071209449,10.4737758930909,10.70706272125244,90152000.0
2016-06-17,10.76337160558016,10.884036898639025,10.682927565426771,10.779459953308104,89022300.0
2016-06-20,11.052967603169265,11.141456191436957,10.867947404375258,10.892080307006836,89874000.0
2016-06-21,10.956435203552246,10.980568106135545,10.819680810294988,10.956435203552246,73810800.0
2016-06-22,10.940347171049192,11.08514535786931,10.932302614233862,10.94839096069336,77980500.0
2016-06-23,11.133411826735845,11.302343682410951,11.11732271325671,11.294299125671388,82494600.0
2016-06-24,10.497905576525229,10.8116355924327,10.433550662125176,10.457683563232422,231499200.0
2016-06-27,10.272663220263816,10.272663220263816,9.69346823228006,9.79804515838623,250847700.0
2016-06-28,10.111775532904373,10.232441575288172,9.93479989821524,10.216352462768556,150136300.0
2016-06-29,10.513994660192337,10.63466070854805,10.393329379007769,10.61052703857422,118484000.0
2016-06-30,10.755327115957732,10.763371673458048,10.51399576114686,10.674883842468262,125773900.0
2016-07-01,10.610528525069396,10.674884220177791,10.473774878581416,10.538129806518556,88888100.0
2016-07-05,10.401374862995777,10.409418653199712,10.1600435119397,10.248531341552734,98246500.0
2016-07-06,10.071553320120032,10.393327867944205,10.015242198872524,10.34506130218506,94983300.0
2016-07-07,10.35310821250007,10.546172985107384,10.32897530771696,10.46572971343994,101100300.0
2016-07-08,10.68292348849559,10.7151009388428,10.546169132727217,10.594435691833496,92698900.0
2016-07-11,10.690974277211623,10.779462125474536,10.618574779918616,10.626619338989258,67267300.0
2016-07-12,10.787503372708471,10.940346879441137,10.779458816107564,10.892080307006836,89070600.0
2016-07-13,10.85990733180438,10.924262276841356,10.715108321885454,10.811640739440918,74595600.0
2016-07-14,11.044924767972532,11.085146790074718,10.97252604879411,10.98056983947754,97852100.0
2016-07-15,11.085147434363874,11.093191992686128,10.87599428818441,10.988615036010742,78652500.0
2016-07-18,11.133413982873057,11.447144084762682,11.117324866278045,11.350611686706545,187187100.0
2016-07-19,11.310388033578509,11.559763150603294,11.28625436379845,11.471275329589844,96940100.0
2016-07-20,11.54367538631153,11.608030307959122,11.471275907665197,11.58389663696289,79277900.0
2016-07-21,11.608029405740108,11.640206864062952,11.47127501607524,11.47931957244873,65376300.0
2016-07-22,11.471274824216785,11.583895542877585,11.406919908647438,11.5678071975708,46604800.0
2016-07-25,11.51149620061958,11.575851112624314,11.487362533239509,11.559762001037598,46420800.0
2016-07-26,11.51954089866109,11.704561860659616,11.511497109403772,11.688472747802734,60205600.0
2016-07-27,11.720652410612,11.825229362335824,11.62412001682953,11.768918991088867,100986000.0
2016-07-28,11.720651608427254,11.817183995602852,11.632163778642424,11.8091402053833,72049500.0
2016-07-29,11.71260690654835,11.825227632568357,11.648251219602573,11.656295776367188,63276500.0
2016-08-01,11.680427561097408,11.744782470483257,11.471273722007874,11.527584075927734,61460900.0
2016-08-02,11.487363543908028,11.624117935742625,11.334520806242317,11.366698265075684,83776300.0
2016-08-03,11.350611688347968,11.648253440856934,11.342567897220604,11.648253440856934,65305400.0
2016-08-04,11.648253440856934,11.696520023477635,11.551721042786834,11.648253440856934,46176600.0
2016-08-05,11.865449672642582,12.114825562639872,11.865449672642582,12.106781005859377,120947800.0
2016-08-08,12.130912935227942,12.203312406098272,12.002203105756733,12.171134948730469,71960300.0
2016-08-09,12.155046441618492,12.219401359558104,12.122868982648686,12.219401359558104,49973300.0
2016-08-10,12.195268900656012,12.211358014311632,11.889582645739717,11.913716316223145,79080700.0
2016-08-11,11.929805902436284,12.042427408215598,11.86545097546846,11.970027923583984,68945400.0
2016-08-12,11.88153802577749,11.994158744812012,11.82522689908912,11.994158744812012,63031300.0
2016-08-15,12.042426259970185,12.090692067008286,12.026337146176704,12.082648277282717,48592100.0
2016-08-16,12.042425580834651,12.219401219555335,12.010248122233518,12.203312873840332,80307500.0
2016-08-17,12.195267036371968,12.259621946814216,12.13091212592972,12.187222480773926,93407300.0
2016-08-18,12.155049466489812,12.259626425959194,12.11482820814656,12.195271492004396,62804300.0
2016-08-19,12.171139359399344,12.26767176648489,12.106784421342311,12.243538856506348,59834800.0
2016-08-22,12.227446416931851,12.267668434084396,12.16309149635625,12.211358070373535,60877100.0
2016-08-23,12.275714527171228,12.396379826558132,12.275714527171228,12.348114013671877,67817900.0
2016-08-24,12.364203273419031,12.46878023194103,12.356158714954724,12.388336181640623,65484900.0
2016-08-25,12.404426350730049,12.500958758975756,12.388337232436736,12.492914199829102,67714400.0
2016-08-26,12.557268387886086,12.790555218991653,12.533135479060364,12.702067375183104,126886300.0
2016-08-29,12.718152826585026,12.879040117667309,12.694019157544346,12.74228572845459,120144900.0
2016-08-30,12.742285663549028,13.056015687768646,12.710108205496477,13.023838996887209,121280600.0
2016-08-31,13.100615018191847,13.124861006361009,12.833916085005184,13.044042587280272,127664300.0
2016-09-01,13.052126665982286,13.052126665982286,12.728854479559978,12.914735794067385,128812600.0
2016-09-02,12.882406507158578,12.979388147514896,12.78542486680226,12.93089771270752,100997300.0
2016-09-06,12.97130506026507,12.979387055633596,12.688442159040164,12.753096580505373,96542200.0
2016-09-07,12.70460717594156,12.809670811993996,12.648033974533902,12.688443183898926,63310300.0
2016-09-08,12.745017181623028,12.882407268861826,12.672280754369684,12.817752838134766,69292700.0
2016-09-09,12.858161690010078,13.0521249767605,12.720770835876465,12.720770835876465,135182500.0
2016-09-12,12.648035194539837,12.882407706574234,12.510644331891228,12.850080490112305,109724000.0
2016-09-13,12.664198751691824,12.817752831908605,12.567217105648345,12.704607963562012,89317600.0
2016-09-14,12.66419939411172,12.801590258994851,12.575299740080965,12.631872177124023,75528100.0
2016-09-15,12.639952704516354,12.728852348211504,12.591461499301642,12.66419792175293,67322600.0
2016-09-16,12.65611624760636,12.672280240002836,12.5106433990044,12.518725395202637,90926200.0
2016-09-19,12.56721826050229,12.753099573148305,12.56721826050229,12.5995454788208,66186400.0
2016-09-20,12.720771788686411,12.736935782497122,12.534890484313124,12.607626914978027,68210400.0
2016-09-21,12.696525301615283,12.793506942575965,12.437907592386807,12.64803409576416,95464600.0
2016-09-22,12.680362574901284,12.696526568711992,12.52680848740777,12.607626914978027,75611300.0
2016-09-23,12.551055699492265,12.664201361900831,12.52681047566963,12.542974472045898,51604400.0
2016-09-26,12.445991314537194,12.478318534675925,12.138883108590116,12.19545555114746,94972100.0
2016-09-27,12.13080229431352,12.397502079161884,11.969166177851148,12.35709285736084,81992600.0
2016-09-28,12.41366274276994,12.437908733290325,12.243944662835474,12.429826736450195,66076400.0
2016-09-29,12.42982760073426,12.526809257334296,12.17120984980083,12.25202751159668,78997700.0
2016-09-30,12.332843955327348,12.71268852307128,12.260107531921443,12.64803409576416,119428700.0
2016-10-03,12.599544960136326,12.712689834222443,12.526808529228592,12.631872177124023,69873100.0
2016-10-04,12.688443890611357,12.971306830438106,12.664198671938577,12.769262313842772,98501500.0
2016-10-05,12.898572538489846,13.116781071104434,12.898572538489846,13.019800186157228,86056900.0
2016-10-06,13.068290400467731,13.116780842094723,12.963227520028685,13.108698844909668,75886700.0
2016-10-07,13.08445217232226,13.132942605712705,12.914733343231076,13.03596019744873,99605400.0
2016-10-10,13.108698759614017,13.254171625031782,13.076372312567475,13.17335319519043,64158500.0
2016-10-11,13.141027063082923,13.197599502882689,12.947063751705135,13.019800186157228,77374000.0
2016-10-12,13.003635321431254,13.124862190245656,12.938980888631356,12.955144882202148,67165800.0
2016-10-13,13.003633891173232,13.003633891173232,12.607625341145068,12.793506622314451,78637000.0
2016-10-14,13.052124570467528,13.11677899737174,12.882406507158578,12.93089771270752,108865700.0
2016-10-17,13.068293060013916,13.092539056503425,12.85008371605934,12.97131061553955,101795500.0
2016-10-18,13.084455009093652,13.149109448125994,13.019800570061312,13.141027450561523,71433100.0
2016-10-19,13.173352471174963,13.359235312038845,13.157190019281662,13.31074333190918,97969000.0
2016-10-20,13.294581189348474,13.440052508672478,13.262253201843173,13.383480072021484,88081200.0
2016-10-21,13.302659901577403,13.472378730773926,13.254169468156862,13.472378730773926,77954900.0
2016-10-24,13.53703672584338,13.577445174103246,13.42389183752896,13.553200721740724,68244800.0
2016-10-25,13.504704869598411,13.59360528011094,13.48046042417358,13.512786865234377,49350300.0
2016-10-26,13.448133209709734,13.634016036987305,13.431970758997757,13.634016036987305,58730400.0
2016-10-27,13.698674544005907,13.819901438606644,13.625938098948746,13.666346549987791,97937300.0
2016-10-28,13.698672327823507,13.722916777931207,13.3349901613745,13.480463027954102,115123600.0
2016-10-31,13.480461443536722,13.520869883289077,13.334988594055176,13.334988594055176,70387600.0
2016-11-01,13.38347727686566,13.537032102479165,13.19759601198156,13.423887252807615,88587100.0
2016-11-02,13.302659822853206,13.383478239064551,13.15718852345247,13.31882381439209,119202000.0
2016-11-03,13.31882381439209,13.472378651045345,13.29457936856684,13.31882381439209,69690400.0
2016-11-04,13.35923713543926,13.504708471233862,13.213764258161197,13.375399589538574,82437400.0
2016-11-07,13.625937834013657,13.771410721299484,13.61785583566627,13.747164726257324,91581900.0
2016-11-08,13.593607566131944,13.827980854539954,13.504707140669138,13.739080429077148,95842800.0
2016-11-09,14.272478354793275,14.58766849608626,14.062351080103571,14.523014068603516,319516900.0
2016-11-10,14.757390266134884,15.347362226915138,14.749308268407058,15.161480903625488,304986400.0
2016-11-11,15.064498976137404,15.37969073212895,15.056416978139314,15.37160873413086,212952500.0
2016-11-14,15.686793938025986,16.325257702588125,15.678711942609413,16.228275299072266,320959900.0
2016-11-15,15.99390633618265,16.3090965039765,15.84035147994422,16.292932510375977,190293100.0
2016-11-16,15.985822449326095,16.13129375008144,15.905004032362177,15.961576461791992,126734500.0
2016-11-17,15.969657611673984,16.341420151938262,15.92116718065756,16.228275299072266,167979200.0
2016-11-18,16.21211807576983,16.276772524608532,16.058564723205198,16.16362762451172,120620200.0
2016-11-21,16.244445124891488,16.446490458431224,16.171708681498497,16.430326461791992,117479100.0
2016-11-22,16.430324330436687,16.543469209266952,16.26060701219129,16.406078338623047,104771800.0
2016-11-23,16.50305844517575,16.697021727976615,16.325259154645746,16.61620330810547,110801300.0
2016-11-25,16.664694562521298,16.87482028700115,16.56771215458338,16.858657836914062,62610400.0
2016-11-28,16.705106071724497,16.850578939639618,16.365669893750344,16.406078338623047,108651200.0
2016-11-29,16.470731790591493,16.600042197716608,16.365668915313723,16.39799690246582,114216800.0
2016-11-30,16.848199355647353,17.188894823092202,16.80763945047405,17.132112503051758,191699600.0
2016-12-01,17.375470518743345,17.79728436521505,17.310576199840206,17.440364837646484,199233900.0
2016-12-02,17.4322547550695,17.440366739217193,17.05100078334473,17.22134780883789,128468700.0
2016-12-05,17.416024609703705,17.740497671716934,17.407912628433152,17.716161727905273,130377300.0
2016-12-06,17.918963810302444,17.975746154785156,17.618826571633026,17.975746154785156,120789200.0
2016-12-07,18.000073471064404,18.308320999145508,17.80539057745495,18.308320999145508,168005200.0
2016-12-08,18.4867809271753,18.851810761602344,18.40566267045749,18.61656951904297,182693900.0
2016-12-09,18.616572223754936,18.795031176699904,18.47867163146037,18.73013687133789,130590400.0
2016-12-12,18.65713026119456,18.859925155337976,18.283988398627752,18.340770721435547,136986000.0
2016-12-13,18.49489372699892,18.559788031236724,18.08119350448433,18.340770721435547,118204100.0
2016-12-14,18.09741915630537,18.90048689505285,18.01630087470206,18.38944435119629,225340900.0
2016-12-15,18.57600988120386,18.973487642850337,18.49489162333268,18.78691673278809,162025800.0
2016-12-16,18.78692030948319,18.91670892790568,18.3732185080606,18.381330490112305,147497700.0
2016-12-19,18.332661381557116,18.430002078338504,18.113642492995265,18.23531913757324,97508900.0
2016-12-20,18.356995944626277,18.51923250363449,18.34077352648745,18.421890258789062,83879500.0
2016-12-21,18.42999709063862,18.42999709063862,18.22720222215676,18.356990814208984,61079100.0
2016-12-22,18.33265738306341,18.43811003944362,18.227203179481048,18.28398704528809,67123500.0
2016-12-23,18.25965058216911,18.37321521614088,18.194756284584944,18.33265686035156,38187800.0
2016-12-27,18.42188744133111,18.44622338562113,18.283988398627752,18.340770721435547,39988600.0
2016-12-28,18.34888651497706,18.38944488335113,18.056861311635505,18.113643646240234,52652900.0
2016-12-29,18.11363641272129,18.162306744774632,17.65937637008557,17.845947265625,79188400.0
2016-12-30,17.86217630740737,18.056859238212603,17.805393979322808,17.92707061767578,72605900.0
2017-01-03,18.33265358369245,18.39754786967784,18.008182153765524,18.27587127685547,99298100.0
2017-01-04,18.429997064431397,18.624679952232896,18.332656394131675,18.61656951904297,76875100.0
2017-01-05,18.51111521330784,18.600345449897794,18.12986142031792,18.397550582885746,86826400.0
2017-01-06,18.47866883913097,18.53545115434202,18.30020836595105,18.397550582885746,66281500.0
2017-01-09,18.25965452417631,18.421889529559976,18.17042426553371,18.29210090637207,75901500.0
2017-01-10,18.324544439989616,18.770692531773573,18.283986085173645,18.608457565307617,100977700.0
2017-01-11,18.60845650433957,18.71390914916992,18.42999604003933,18.71390914916992,92385600.0
2017-01-12,18.665241849314988,18.754472095962573,18.340770334963157,18.592235565185547,120474200.0
2017-01-13,18.82747814367344,18.989714685745504,18.49489462490781,18.66524314880371,161930900.0
2017-01-17,18.397550976540145,18.486781215039368,17.854060659430637,17.886507034301758,152495900.0
2017-01-18,18.089301649701014,18.373214775016027,17.92706668323676,18.356990814208984,124366000.0
2017-01-19,18.43810621821802,18.50300050420341,18.17852907427648,18.27587127685547,75990800.0
2017-01-20,18.381328637761428,18.60034748947898,18.267763994886646,18.36510467529297,102564900.0
2017-01-23,18.348886666550094,18.462451336697665,18.186650097308483,18.30021476745605,61385600.0
2017-01-24,18.34076837452366,18.738246130518647,18.235314176629892,18.61656951904297,98508700.0
2017-01-25,18.9167078532761,18.99782612198255,18.73824889988375,18.95726776123047,99753300.0
2017-01-26,18.98971168105976,19.10327631421981,18.88425902844001,19.014047622680664,84146400.0
2017-01-27,19.00593621844829,19.022160180020848,18.8842596010584,18.949153900146484,54590200.0
2017-01-30,18.81936438723645,18.81936438723645,18.42188508403941,18.61656951904297,91561200.0
2017-01-31,18.470558884135738,18.681465754619055,18.251540032418188,18.36510467529297,91044300.0
2017-02-01,18.632801663197498,18.83559663729622,18.51112498817884,18.567907333374023,103630900.0
2017-02-02,18.44622426881259,18.486784177904603,18.259653328596308,18.43000030517578,88679100.0
2017-02-03,18.778804048355585,18.94104055801649,18.6165690858967,18.892370223999023,116035100.0
2017-02-06,18.778807129944923,18.96537806362971,18.71391282487185,18.754472732543945,92228400.0
2017-02-07,18.884260757664205,18.89237273894732,18.543565279784623,18.576011657714844,87982900.0
2017-02-08,18.438114701277264,18.438114701277264,18.210985369431025,18.38944435119629,102264500.0
2017-02-09,18.462447586114003,18.778807129944923,18.365105354903264,18.754472732543945,102634200.0
2017-02-10,18.811253251369664,18.85181160794839,18.62468078838198,18.722023010253903,90548300.0
2017-02-13,18.79503267306717,19.09516982626334,18.79503267306717,18.981603622436523,105342500.0
2017-02-14,18.98160455720008,19.60621329379847,18.924822226091585,19.51698303222656,139711400.0
2017-02-15,19.744114054412805,20.092921573541776,19.557543094433004,19.938796997070312,151233300.0
2017-02-16,19.906350613561976,19.971244927781147,19.71166612370197,19.938796997070312,98144500.0
2017-02-17,19.69544801148385,19.93880135620845,19.630553683077103,19.8901309967041,85789200.0
2017-02-21,19.94690958329381,20.11725658307249,19.93879760037065,20.10103416442871,78571500.0
2017-02-22,19.96312973316552,20.23893091102299,19.906347410759963,20.1091423034668,81531900.0
2017-02-23,20.10914553889719,20.190262271269283,19.882014665528853,19.938796997070312,85846000.0
2017-02-24,19.565651823469995,19.75222275242426,19.48453355738485,19.65488052368164,97074400.0
2017-02-27,19.63054566258455,20.003687511667312,19.62243368144768,19.93068122863769,69129100.0
2017-02-28,19.857676181298043,20.036136683009875,19.809005838650403,20.01991271972656,90242000.0
2017-03-01,20.64234910622198,20.837625373346626,20.520300081340988,20.748123168945312,143947500.0
2017-03-02,20.89459033617201,20.99222773853625,20.50403762287797,20.52844619750977,99824600.0
2017-03-03,20.58540174468972,20.87018034866671,20.58540174468972,20.69931411743164,92456100.0
2017-03-06,20.60980990179166,20.6260833180451,20.406396854378823,20.54471778869629,75660400.0
2017-03-07,20.52030749968742,20.634219860629223,20.422670106786875,20.512170791625977,64053700.0
2017-03-08,20.82949640715255,20.96781734174689,20.52030770539184,20.552854537963867,105314600.0
2017-03-09,20.62608337402344,20.7725410168651,20.528444428156195,20.62608337402344,78984600.0
2017-03-10,20.845765810375955,20.845765810375955,20.4145296733251,20.59353256225586,86998800.0
2017-03-13,20.585397720336918,20.6748999488686,20.4470767998417,20.585397720336918,56886200.0
2017-03-14,20.495897127200564,20.617944633565607,20.381984776264048,20.60167121887207,63182700.0
2017-03-15,20.658632513151822,20.78881676401064,20.308761756999257,20.48776626586914,114662700.0
2017-03-16,20.53657713932665,20.73999014770181,20.49589515841885,20.52030372619629,70306200.0
2017-03-17,20.52030590450512,20.56098944164972,20.202982074368517,20.227392196655277,105222400.0
2017-03-20,19.999574819266112,20.146032491439733,19.869390566649276,19.88566398620605,87287500.0
2017-03-21,19.934477065831697,19.98329575880274,18.673316892638223,18.73027229309082,259545800.0
2017-03-22,18.429218461584878,18.860454603019026,18.26648898415324,18.665178298950195,167984400.0
2017-03-23,18.746545561744192,19.11268808404682,18.64076991722782,18.77095413208008,111666800.0
2017-03-24,18.876731900516585,18.998779421683,18.518724493432455,18.8116397857666,113499100.0
2017-03-27,18.1281736376126,18.75468472344935,18.03053467965753,18.738412857055664,119513500.0
2017-03-28,18.72213537939636,19.259145651917805,18.713998672004426,19.104551315307617,95761700.0
2017-03-29,19.128965445938,19.242876269458428,18.966234367835757,18.998781204223636,67204500.0
2017-03-30,19.023186000395064,19.51137758579769,18.98250401491079,19.421876907348636,79189200.0
2017-03-31,19.38932997262424,19.50324077289911,19.194053649902344,19.194053649902344,77158300.0
2017-04-03,19.242872342603253,19.324237865050275,18.779090882148967,19.194053649902344,88076600.0
2017-04-04,18.87672801419068,19.12895971292781,18.87672801419068,19.072004318237305,75244400.0
2017-04-05,19.340513257435937,19.430013944552417,18.83604820821889,18.85232162475586,97453300.0
2017-04-06,18.852319738296515,19.08827804679767,18.681451985593096,18.9255485534668,82975200.0
2017-04-07,18.738405082137422,18.990636753647667,18.657039576254714,18.844179153442383,79519400.0
2017-04-10,18.819772971551355,18.94182203185637,18.64077006271201,18.73027229309082,63254700.0
2017-04-11,18.57567789259312,18.673316830126613,18.37226486199007,18.648906707763672,94206700.0
2017-04-12,18.61636366807665,18.665183922741917,18.3966787297573,18.429224014282227,76556300.0
2017-04-13,18.35599151054354,18.68145205024997,18.17698860168457,18.17698860168457,88061800.0
2017-04-17,18.1932674604569,18.57568351504908,18.11190191320445,18.559410095214844,85053200.0
2017-04-18,18.803504757283253,18.83605004160653,18.209537411218104,18.478042602539062,146488400.0
2017-04-19,18.64890666565495,18.83604628092681,18.453630342947147,18.50244903564453,101771800.0
2017-04-20,18.681451902399807,18.852319654342303,18.567541102383643,18.77095413208008,103802600.0
2017-04-21,18.73841263671813,18.77909463010187,18.38040519765066,18.478042602539062,127235400.0
2017-04-24,18.909274912295302,19.40560319763981,18.909274912295302,19.226598739624023,138638900.0
2017-04-25,19.51951976640261,19.812435110159058,19.45442764022547,19.511383056640625,131531100.0
2017-04-26,19.527654559912627,19.68224892638246,19.413743738260404,19.438152313232425,95172200.0
2017-04-27,19.446285267213543,19.47069538939064,19.088277901540756,19.24287223815918,80024200.0
2017-04-28,19.17778603417901,19.299833578796243,18.97437294251073,18.990646362304688,69384900.0
2017-05-01,19.13709453295226,19.340507523603748,18.99877363723253,19.210323333740234,72382900.0
2017-05-02,19.210330997241478,19.25914969993585,18.982507798136737,19.145238876342773,60262600.0
2017-05-03,19.015048908191307,19.34864612132465,18.9906387882359,19.34050941467285,64272800.0
2017-05-04,19.511379419513027,19.56833482531109,19.30796636913799,19.40560531616211,68133400.0
2017-05-05,19.511377396097565,19.519514103498963,19.202190274435672,19.31610107421875,56678800.0
2017-05-08,19.324243309552504,19.5764751034768,19.324243309552504,19.49510955810547,56016500.0
2017-05-09,19.552066605450523,19.77988827111114,19.42188235309625,19.511383056640625,61622000.0
2017-05-10,19.454420047776463,19.665969763270613,19.421874773348645,19.649696350097656,48495300.0
2017-05-11,19.609016292808462,19.71479038497337,19.397466556560413,19.584606170654297,68350800.0
2017-05-12,19.462560626753657,19.52765274047852,19.32423969109853,19.52765274047852,62589000.0
2017-05-15,19.576473236083984,19.641565355788195,19.511381116379777,19.576473236083984,50688800.0
2017-05-16,19.584608104798864,19.665973634763372,19.478834002187885,19.519515991210938,55774800.0
2017-05-17,19.01505074039408,19.08014284796236,18.27462588291723,18.36412811279297,190353300.0
2017-05-18,18.39667494281382,18.713998773224212,18.30717271293673,18.50244903564453,108444100.0
2017-05-19,18.640771729801045,18.958095590369272,18.608226448882505,18.754682540893555,89566700.0
2017-05-22,18.86858946102434,18.90927143841689,18.567537551798363,18.74654197692871,74839400.0
2017-05-23,18.738408773059927,19.12082470854016,18.58381443662398,19.031322479248047,79020000.0
2017-05-24,19.07200624672468,19.096414817249787,18.89300178597646,19.006914138793945,58823200.0
2017-05-25,19.047596019343477,19.185916941924027,18.893001681890325,18.91741180419922,60443500.0
2017-05-26,18.901142160569133,19.055736528867666,18.852323458129074,18.909278869628903,50399500.0
2017-05-30,18.81977864332803,18.8848707708792,18.616365550740777,18.640775680541992,61307900.0
2017-05-31,18.595869665511685,18.612194969541864,18.032605415568487,18.2938289642334,138636300.0
2017-06-01,18.35097274416225,18.481584527913096,18.204034098188725,18.47342109680176,69725100.0
2017-06-02,18.17954602881161,18.44076960589665,18.08974984030788,18.32648468017578,79722300.0
2017-06-05,18.318319255801423,18.530563778345456,18.27750210318805,18.2938289642334,51590300.0
2017-06-06,18.122407619609856,18.29383504653641,18.01628454454664,18.146896362304688,71735600.0
2017-06-07,18.20403438159808,18.465259510181937,18.17954564489809,18.44893264770508,66429700.0
2017-06-08,18.465258547087487,18.946888508912014,18.44893168546219,18.7509708404541,93685900.0
2017-06-09,18.95505813980037,19.322404861450195,18.94689470631752,19.322404861450195,108254300.0
2017-06-12,19.4448569255199,19.62444938206143,19.37138756730128,19.41220474243164,85829900.0
2017-06-13,19.55097231942203,19.681584114337145,19.31423746800375,19.404033660888672,68047300.0
2017-06-14,19.224445035940622,19.43668963345233,18.93873265180537,19.3958740234375,102352400.0
2017-06-15,19.224445674879437,19.55097679391346,19.15913976247578,19.216283798217773,69707500.0
2017-06-16,19.23260542066232,19.281586013334746,19.07750488157937,19.126483917236328,57745800.0
2017-06-19,19.27341957185896,19.591785589442527,19.26525614102153,19.5183162689209,58587800.0
2017-06-20,19.518317140841592,19.58362303344313,19.167297384227584,19.175460815429688,59693500.0
2017-06-21,19.18362490425117,19.240767367609468,18.83260513560413,18.88158416748047,72432800.0
2017-06-22,18.873417166508343,18.93872304360983,18.693824836718065,18.71831512451172,64763300.0
2017-06-23,18.86526542663342,18.86526542663342,18.563224584752675,18.628530502319336,85399600.0
2017-06-26,18.701999628458324,18.88975394456912,18.555060926453045,18.68567276000977,61307800.0
2017-06-27,18.857095369493187,19.265257600187777,18.7754626119512,18.99587059020996,88257800.0
2017-06-28,19.208117377965724,19.55913562942241,19.208117377965724,19.49382972717285,119049300.0
2017-06-29,20.065250863865792,20.13872017408009,19.624436559595004,19.85300636291504,150501200.0
2017-06-30,20.09791254403868,20.09791254403868,19.730565847449803,19.804035186767575,84005200.0
2017-07-03,19.96729634799107,20.33464299258429,19.95097104146557,20.14688873291016,58129700.0
2017-07-05,20.2448481390666,20.367298066706464,20.09791102852668,20.34280776977539,76172500.0
2017-07-06,20.326481191405502,20.497910158306183,20.15505378152036,20.17137908935547,84465400.0
2017-07-07,20.34280794218848,20.40811384420933,20.122399938987297,20.26933860778809,54478800.0
2017-07-10,20.179538389848823,20.39994634915549,20.11423250083372,20.31831359863281,54632800.0
2017-07-11,20.310149028597834,20.33463931948544,19.967292741246997,20.081579208374023,69410600.0
2017-07-12,19.93464299604752,20.081581645173166,19.83668337762532,19.877500534057617,68708700.0
2017-07-13,19.942809728629378,20.106073710339043,19.893830689818035,20.0979118347168,55533400.0
2017-07-14,19.755059863276635,19.85301796278807,19.444855581786616,19.763221740722656,92625400.0
2017-07-17,19.771382049632475,19.771382049632475,19.53464871572381,19.608118057250977,81522000.0
2017-07-18,19.51831815574768,19.640766516115672,19.273421435011684,19.510154724121094,107981400.0
2017-07-19,19.63260652543873,19.755056464283548,19.43668880310893,19.640769958496094,74140100.0
2017-07-20,19.608110601541664,19.689743345200544,19.453008544291304,19.542804718017575,62793500.0
2017-07-21,19.46118347895292,19.55914158364002,19.31424476490626,19.428529739379883,65922500.0
2017-07-24,19.379541058715077,19.616275881954813,19.37137762787764,19.5183162689209,51382700.0
2017-07-25,19.795871131639004,20.138727518673782,19.78770769896965,19.983625411987305,86154700.0
2017-07-26,20.138731940892267,20.138731940892267,19.706079256505,19.763221740722656,65704700.0
2017-07-27,19.804039440091607,19.95914158496446,19.61628511351792,19.681591033935547,62902100.0
2017-07-28,19.63260109193441,19.763212870672927,19.5591317717671,19.61627578735352,50143400.0
2017-07-31,19.68974876403809,19.836685874644694,19.665258467095896,19.68974876403809,62272000.0
2017-08-01,19.82852325743502,19.99178722656101,19.812196393417786,19.959135055541992,52782500.0
2017-08-02,19.950976894519904,20.07342529296875,19.804038193574943,20.07342529296875,55317100.0
2017-08-03,20.040768373645868,20.081585537990577,19.85301408870705,19.89383125305176,53210600.0
2017-08-04,20.1468935875411,20.473423151963207,20.122403286328527,20.38362693786621,105206600.0
2017-08-07,20.416271098520863,20.448923261142813,20.326474926534157,20.37545394897461,41860900.0
2017-08-08,20.367296115771897,20.693825591831203,20.261173062918022,20.326478958129883,73399300.0
2017-08-09,20.081586402097795,20.22036165281005,19.967299894030496,20.19587135314941,56910400.0
2017-08-10,20.06525730839193,20.06525730839193,19.665258467095896,19.68974876403809,78023700.0
2017-08-11,19.64893406662058,19.787709319332297,19.428526037546256,19.47750663757324,68157400.0
2017-08-14,19.7795444979424,19.99178907878439,19.73056545836828,19.934646606445312,54989500.0
2017-08-15,20.20403726165839,20.28567004684604,19.9591404631113,19.975465774536133,45143200.0
2017-08-16,20.032608791490016,20.097914704903346,19.65709862160153,19.74689483642578,59188900.0
2017-08-17,19.64893241662805,19.73056518613565,19.281587289367188,19.29791259765625,78969300.0
2017-08-18,19.23260510149977,19.51015556064241,19.14281046378806,19.28158569335937,60461200.0
2017-08-21,19.24892641285334,19.29790543356887,18.88974329457112,19.08566093444824,70124800.0
2017-08-22,19.265261985949596,19.50199532399713,19.240771686007147,19.45301628112793,59228600.0
2017-08-23,19.273425636377286,19.56730145391865,19.257098769565065,19.3958740234375,39825500.0
2017-08-24,19.534645247060705,19.542808678782592,19.33056412505968,19.4611759185791,39178700.0
2017-08-25,19.5019917285673,19.64893038710066,19.38770679727043,19.404033660888672,43511900.0
2017-08-28,19.46117602432604,19.51015505790811,19.240768037683598,19.363216400146484,37155000.0
2017-08-29,18.95505456290166,19.34689151105876,18.873423357508724,19.248931884765625,60897200.0
2017-08-30,19.47047130363461,19.724827517675283,19.330986193185893,19.58534240722656,58412900.0
2017-08-31,19.716624350242483,19.724829541696728,19.51149925882707,19.60175323486328,62362400.0
2017-09-01,19.6099526976616,19.839693296325628,19.52790237206875,19.76584815979004,56233900.0
2017-09-05,19.552516816127397,19.552516816127397,19.060216455828225,19.125856399536133,108605400.0
2017-09-06,19.273544752872585,19.347389877843632,19.04380419018716,19.207904815673828,64188900.0
2017-09-07,19.183288636774726,19.207904199301687,18.666374343544472,18.84688377380371,103501200.0
2017-09-08,18.814070760802977,19.060220206905253,18.748430804177037,18.78125,68365000.0
2017-09-11,19.05201049073749,19.20790593755732,18.93714098517533,19.166881561279297,73741000.0
2017-09-12,19.24894100244554,19.71662760260345,19.240737374618316,19.65098762512207,99658500.0
2017-09-13,19.626361743722008,19.979177024339613,19.58533736619983,19.962766647338867,86339800.0
2017-09-14,20.003795084727333,20.13507656239782,19.856106356685544,19.888925552368164,70051000.0
2017-09-15,19.864306729066744,20.02840737554817,19.815077161114218,20.00379180908203,85937600.0
2017-09-18,20.03661489571701,20.32379027798373,20.02840970594025,20.266355514526367,68076400.0
2017-09-19,20.26635460564485,20.504298838579988,20.20071465535448,20.397634506225582,56218100.0
2017-09-20,20.41404486263981,20.70942544375668,20.24174056697495,20.56173515319824,82289900.0
2017-09-21,20.55352995139944,20.742246191993804,20.44686561104608,20.64378547668457,57864000.0
2017-09-22,20.52071021546558,20.56993978933278,20.38943030849977,20.52891540527344,61446000.0
2017-09-25,20.463278304607783,20.578147847972023,20.167897690265264,20.315587997436523,62361700.0
2017-09-26,20.37301399727435,20.479678303761247,20.25814450336853,20.356603622436523,53012700.0
2017-09-27,20.7668552476488,21.037620193991863,20.660190932717125,20.84890556335449,92877400.0
2017-09-28,20.99660056227725,21.037624946908718,20.79147550916003,20.881731033325195,64991400.0
2017-09-29,20.848906234672697,20.906340988022155,20.76685591632505,20.79147148132324,66232600.0
2017-10-02,20.889932073958484,21.045827533236015,20.83249731658775,21.02121353149414,54001400.0
2017-10-03,21.12786891484994,21.275559122709627,21.021204634161894,21.21812438964844,55946900.0
2017-10-04,21.218136636082267,21.29198178263318,21.086856723320647,21.095060348510746,53402800.0
2017-10-05,21.144289659733555,21.521718985016,21.054034140653027,21.439668655395508,62636900.0
2017-10-06,21.53812699813151,21.5791513759456,21.365822733336717,21.505306243896484,53900600.0
2017-10-09,21.54632956292136,21.554534750480943,21.13607957481923,21.209924697875977,55172500.0
2017-10-10,21.19351578479763,21.291976477325463,21.095055092269792,21.27556610107422,46133800.0
2017-10-11,21.27556609383657,21.27556609383657,21.04582552133619,21.19351577758789,51652300.0
2017-10-12,21.226341185161328,21.275570759715077,20.79147550916003,20.881731033325195,71770000.0
2017-10-13,20.82429013695864,21.33300084571676,20.61096150568353,21.19351577758789,104196900.0
2017-10-16,21.22634020450112,21.60376953360913,21.22634020450112,21.529924392700195,71927200.0
2017-10-17,21.636589733450663,21.685819304459624,21.423259505772023,21.49710464477539,48644400.0
2017-10-18,21.61197336382888,21.78427763845909,21.603768174801758,21.726842880249023,55382500.0
2017-10-19,21.49710196554907,21.81709648469556,21.45607602400488,21.80889129638672,54542700.0
2017-10-20,22.18632160064481,22.3011911042494,22.07145053206061,22.29298591613769,83764700.0
2017-10-23,22.33401197707349,22.50631781046244,22.227347653531563,22.28478240966797,69607700.0
2017-10-24,22.440679862442742,22.842724756152617,22.432474672981744,22.711444854736328,90346500.0
2017-10-25,22.88374800613488,22.908363573299845,22.432473562969008,22.67041778564453,81265300.0
2017-10-26,22.71964723834192,22.957591443405605,22.71144204989425,22.760671615600582,55342500.0
2017-10-27,22.71144305539039,22.94118208217757,22.66221348750453,22.80990219116211,58856700.0
2017-10-30,22.68682592042802,22.77708142612844,22.530930473758115,22.645801544189453,51357600.0
2017-10-31,22.678622417139373,22.74426236298572,22.432473011460512,22.47349739074707,50311200.0
2017-11-01,22.678621405558804,22.752466536964548,22.448882387833983,22.588367462158203,46527700.0
2017-11-02,22.571957647559664,22.92477293640417,22.38324300258972,22.867338180541992,59692000.0
2017-11-03,22.752467883024327,22.826313018798828,22.66221393428421,22.826313018798828,37816100.0
2017-11-06,22.76067565421263,22.826315608461336,22.66221650532955,22.76888084411621,37261000.0
2017-11-07,22.760670914004336,22.785286478588567,22.169911448799404,22.30119132995605,68342100.0
2017-11-08,22.120686623343904,22.120686623343904,21.735052058174745,21.981203079223636,83128200.0
2017-11-09,21.73504638671875,21.87453145942242,21.43146224111525,21.73504638671875,95448600.0
2017-11-10,21.81709715787188,21.940171856342698,21.7104312715454,21.75145721435547,61105300.0
2017-11-13,21.546331968351605,21.726841419875974,21.44787127162397,21.66120147705078,55902200.0
2017-11-14,21.5463347717866,21.62017991269554,21.39864448996872,21.529924392700195,61596800.0
2017-11-15,21.324801921406674,22.096072616725067,21.17711162177336,21.981203079223636,98274900.0
2017-11-16,22.079655807928106,22.19452531198924,21.94017073943403,21.956581115722656,54565200.0
2017-11-17,21.751463139916076,21.931972642515912,21.69402836931522,21.84171867370605,48420700.0
2017-11-20,21.94017601013184,22.02222634630633,21.77607690276285,21.94017601013184,46328800.0
2017-11-21,21.98940727389933,22.03863841837134,21.899153305660885,21.93197250366211,57749100.0
2017-11-22,21.964792042470545,22.07145638625489,21.817101747246035,21.874536514282227,38103200.0
2017-11-24,21.92376102936321,21.94017140615051,21.800686333417776,21.81709671020508,14273600.0
2017-11-27,21.759661956429184,22.087861667276904,21.75145676803553,21.81709671020508,44828600.0
2017-11-28,21.841712415335067,22.72785242279161,21.80068647310394,22.678621292114254,99765000.0
2017-11-29,22.99041088112004,23.376045326206928,22.84272062747582,23.2037410736084,119728400.0
2017-11-30,23.58278373864254,23.66518214256429,23.13782481355079,23.21198463439941,122131900.0
2017-12-01,23.27790176109366,23.49214104554581,22.659904369206217,23.1543025970459,137774800.0
2017-12-04,23.772298788929916,24.15133641576273,23.74757832870877,23.945337295532227,145661700.0
2017-12-05,23.978300073580545,24.143098441651464,23.772300934755368,23.83822059631348,91349800.0
2017-12-06,23.67341823096194,23.87117719537344,23.54157892135428,23.59925842285156,74593800.0
2017-12-07,23.805257224733715,23.87117687866296,23.37678026001789,23.714618682861328,80706100.0
2017-12-08,23.91237294430831,23.970052433702552,23.698133718238115,23.937091827392575,60991300.0
2017-12-11,23.92062207012745,24.0359810921949,23.81350163108013,23.84646224975586,54001900.0
2017-12-12,24.15957260131836,24.3078921949888,23.82173422535716,24.15957260131836,76017200.0
2017-12-13,24.15134073090488,24.258461172687245,23.7558227265904,23.764062881469727,79980600.0
2017-12-14,23.94533681543032,24.04421708268379,23.65693773856028,23.673418045043945,60615800.0
2017-12-15,23.821741181710884,24.04422063718433,23.681661699188577,23.928861618041992,129859400.0
2017-12-18,24.13486175668116,24.307900292507576,24.118381447083745,24.29141998291016,70548600.0
2017-12-19,24.39029992155196,24.423258968628662,24.20078107882669,24.266700744628903,67984100.0
2017-12-20,24.52213960232753,24.58805926906838,24.26670109016285,24.29141998291016,81271200.0
2017-12-21,24.38205634863916,24.7034144779162,24.373816195113005,24.57157516479492,72953200.0
2017-12-22,24.703421256976927,24.744622035913924,24.40678350687564,24.621021270751957,54203000.0
2017-12-26,24.505655566237294,24.67045549385325,24.37381625280396,24.53861618041992,42371200.0
2017-12-27,24.43973984484116,24.497419357299805,24.39030048725501,24.497419357299805,35111800.0
2017-12-28,24.49742187626374,24.571581706092918,24.439742357874163,24.55510139465332,37914900.0
2017-12-29,24.596297770771837,24.6210166618578,24.32437896728516,24.32437896728516,40672000.0
2018-01-02,24.51389588019707,24.637495040893555,24.398536873100163,24.637495040893555,57121600.0
2018-01-03,24.63750138020229,24.67046200308148,24.464462825033557,24.55510139465332,57865700.0
2018-01-04,24.69517128037661,25.082450590125468,24.62101147943101,24.87645149230957,76512500.0
2018-01-05,25.02477427389778,25.06597347003645,24.76109407500505,24.99181365966797,56445200.0
2018-01-08,24.909413722935707,24.9423743372015,24.76109410203681,24.818775177001957,42914800.0
2018-01-09,24.884693774894888,25.16485269763737,24.82701270238442,24.94237327575684,69479100.0
2018-01-10,25.02477573801041,25.321413425191004,24.97533481377308,25.173093795776367,63532800.0
2018-01-11,25.26373863220215,25.28845909893309,25.090700080032462,25.26373863220215,59318300.0
2018-01-12,25.44501085438525,25.70869105069348,25.35437230943885,25.7004508972168,66371600.0
2018-01-16,26.15364205055382,26.19484280803416,25.56860543916683,25.74164390563965,104467900.0
2018-01-17,25.543893425825672,25.782853183232845,25.00005582055612,25.69221305847168,124382900.0
2018-01-18,25.81581009620136,26.128928072420816,25.716929825388146,25.939409255981445,76463800.0
2018-01-19,26.02180797619983,26.153647283218127,25.922927710111857,26.13716697692871,66491000.0
2018-01-22,26.095965802609356,26.31844520568848,26.02180600158298,26.31844520568848,53848800.0
2018-01-23,26.25252827226838,26.475007698356748,26.19484877031552,26.30196762084961,56531400.0
2018-01-24,26.376127794675668,26.54092773091231,26.219569584064395,26.442049026489254,81585000.0
2018-01-25,26.565649764491077,26.573888346819103,26.310209706159416,26.442049026489254,62265800.0
2018-01-26,26.45852832954412,26.53268814086914,26.32668901422155,26.53268814086914,52699900.0
2018-01-29,26.573887220385515,26.738687149636498,26.516207716642256,26.59860610961914,59126500.0
2018-01-30,26.32669162518996,26.532690772267664,26.244291652029126,26.26901054382324,60555800.0
2018-01-31,26.4090866925028,26.606847231780648,26.326688301393688,26.36788749694824,65734100.0
2018-02-01,26.36788987379808,26.77988815307617,26.33492925706445,26.77988815307617,62367400.0
2018-02-02,26.730445290662857,26.919964108199544,26.252528955852338,26.32668876647949,96971900.0
2018-02-05,25.64277100130563,26.351406901299622,24.019496939208043,24.93413352966309,155908300.0
2018-02-06,24.23374159273781,25.78285619032883,24.143101457405145,25.708696365356445,165878400.0
2018-02-07,25.642776223752065,26.153653262329872,25.428536907956936,25.749895095825195,101180500.0
2018-02-08,25.79933755154632,25.857017072021545,24.497422762073064,24.50566291809082,128981300.0
2018-02-09,24.8599743460459,25.22253324433088,24.003017235853875,24.99181365966797,143071100.0
2018-02-12,25.2307762867552,25.90645323934392,25.164856622396517,25.64277458190918,95055100.0
2018-02-13,25.576854042701992,25.873491736345294,25.3461344395139,25.69221305847168,76727300.0
2018-02-14,25.68397047786209,26.392606385621548,25.59333036166379,26.36788749694824,97251500.0
2018-02-15,26.6892475161182,26.75516874831938,26.260770508351253,26.54092788696289,68117400.0
2018-02-16,26.36789062927412,26.582128357586072,26.301970965566888,26.343170166015625,62137800.0
2018-02-20,26.334931982448914,26.49973193987467,26.16189344163585,26.310213088989254,58573900.0
2018-02-21,26.203093525236227,26.67277137653091,26.178374630946355,26.26077461242676,72210300.0
2018-02-22,26.3596460430766,26.483245195291172,26.03004777995492,26.11244773864746,64749700.0
2018-02-23,26.203089812182817,26.417330676662665,26.1701307672504,26.392608642578125,53626300.0
2018-02-26,26.507967234230914,26.730446677656428,26.40908852936313,26.713966369628903,61796300.0
2018-02-27,26.631566929445604,27.06828407352496,26.631566929445604,26.63980865478516,69235500.0
2018-02-28,26.771652007389804,27.00237005893112,26.44205209664704,26.45029067993164,72044000.0
2018-03-01,26.524727402681943,26.75631116833854,25.937495336857182,26.036745071411133,90547100.0
2018-03-02,25.738994816435078,26.210435009070093,25.33372006315804,26.160808563232425,82739100.0
2018-03-05,25.92922644014144,26.756313415215068,25.78035024826248,26.57435607910156,70543100.0
2018-03-06,26.71496125052176,26.731503401195752,26.42548150145853,26.55781555175781,50832600.0
2018-03-07,26.218705307780333,26.65706119022289,26.119453996587144,26.615707397460938,52763900.0
2018-03-08,26.623975273700463,26.69014386216643,26.309682366217004,26.632247924804688,53139800.0
2018-03-09,26.855560063286,27.070601648681336,26.797664130483728,27.062332153320312,73905800.0
2018-03-12,27.03751652717941,27.33526883250445,26.99616274146018,27.16158103942871,60322800.0
2018-03-13,27.269110006114285,27.285652155423872,26.714959047066348,26.76458549499512,63347500.0
2018-03-14,26.921736396280583,26.921736396280583,26.408942288710445,26.582630157470703,58011400.0
2018-03-15,26.706690318807688,26.748044115726,26.40893793284793,26.549541473388672,41964200.0
2018-03-16,26.55781574384944,26.93827574682514,26.53300409520531,26.60743904113769,83447600.0
2018-03-19,26.574353304559786,26.648791392727432,26.20216286372156,26.450288772583008,57363200.0
2018-03-20,26.51645736432852,26.63224924479105,26.367579610447173,26.450288772583008,44784500.0
2018-03-21,26.46683095678817,26.839021398136428,26.20216289962766,26.359310150146484,64546300.0
2018-03-22,26.00366121260141,26.04501500392857,25.160030618140933,25.26755142211914,110271900.0
2018-03-23,25.383345984823723,25.399886555548598,24.02691979998089,24.126171112060547,115740200.0
2018-03-26,24.721671333853696,25.275820615152515,24.52317031067073,25.176570892333984,83297000.0
2018-03-27,25.35026255227727,25.366804701112024,24.159254654459534,24.41565322875977,85821800.0
2018-03-28,24.63896885628024,24.779572396446124,23.993839214269425,24.30813217163086,79396100.0
2018-03-29,24.45701075545557,24.92845102636509,24.24196752042649,24.80438804626465,65678300.0
2018-04-02,24.647233651592398,24.86227682457169,23.77879146392817,24.24196052551269,86644200.0
2018-04-03,24.43218938272041,24.523168023896027,24.068270085380675,24.473543167114254,69698700.0
2018-04-04,23.985568366609268,24.78784370612749,23.944214569409475,24.71340560913086,66640800.0
2018-04-05,24.9615339230244,25.267555818197824,24.91190904928882,25.07732582092285,55765500.0
2018-04-06,24.82092636834539,25.05251171900546,24.2915902268894,24.50663185119629,79687600.0
2018-04-09,24.66377235537241,25.333713423126465,24.614147500087665,24.705127716064453,65917500.0
2018-04-10,25.209657669067383,25.29236683643908,25.002885539411228,25.209657669067383,60540500.0
2018-04-11,24.93671826399956,25.01115635611223,24.72167506206808,24.72994613647461,62211500.0
2018-04-12,24.994619029907145,25.474330395221497,24.95326522744157,25.35026741027832,57989100.0
2018-04-13,25.74726746156689,25.78035176283755,24.4487386100736,24.647239685058597,99254500.0
2018-04-16,24.878817959398887,25.118674342502725,24.374293551867275,24.7547550201416,110588900.0
2018-04-17,24.953256344589917,25.11867465065956,24.71339995854351,24.84573554992676,83475900.0
2018-04-18,24.83746385500864,24.99460950653985,24.399106459181414,24.42391967773437,79743200.0
2018-04-19,24.440460322307107,25.011151730442773,24.432190826976107,24.96152687072754,80902600.0
2018-04-20,25.02769660949707,25.25101086892278,24.92017422790128,25.02769660949707,65554600.0
2018-04-23,25.03597202240092,25.143492845085724,24.91190904928882,25.07732582092285,50686300.0
2018-04-24,25.19311363346721,25.523950278178884,24.81265370061324,24.96980094909668,81486800.0
2018-04-25,24.887092023832093,25.093864139963934,24.64723561189705,24.92844581604004,65893500.0
2018-04-26,24.845742321945856,25.044243396805868,24.804386945383577,24.870553970336918,45936700.0
2018-04-27,24.804382055891203,24.986340944258178,24.787839908527115,24.936716079711918,47411200.0
2018-04-30,25.03596793889477,25.168301965636097,24.74648666381836,24.74648666381836,55153900.0
2018-05-01,24.74649185742714,24.77957458228261,24.49836589959884,24.77130508422852,52871700.0
2018-05-02,24.77130207534823,24.8705518154055,24.44873647629668,24.46527862548828,68234600.0
2018-05-03,24.407384648072533,24.41565572333497,23.51412902783083,24.15098762512207,110672700.0
2018-05-04,23.97729140420816,24.33293965196599,23.83668631968869,24.233688354492188,58281900.0
2018-05-07,24.349485364906727,24.638966649271847,24.25850512702298,24.514902114868164,46765200.0
2018-05-08,24.622421007927716,24.92017174663603,24.53971185590757,24.7547550201416,65119800.0
2018-05-09,24.89536711598215,25.46605869033054,24.87882496541059,25.40816116333008,72266500.0
2018-05-10,25.317179504640382,25.69763945764105,25.16003224783545,25.548763275146484,54773200.0
2018-05-11,25.56530489937002,25.664556211512583,25.482595735508895,25.573575973510746,42024800.0
2018-05-14,25.67282567959967,25.829971345804307,25.66455460597637,25.73899269104004,41791600.0
2018-05-15,25.57357514381745,25.937494506471964,25.515679204256838,25.821701049804688,64433500.0
2018-05-16,25.7886205190002,25.846516463470987,25.65628648091092,25.68936920166016,43590100.0
2018-05-17,25.67282699169179,25.705909710329777,25.36680356217352,25.482595443725582,45981500.0
2018-05-18,25.44951190700807,25.466054054568342,25.00288338815665,25.02769660949707,58641700.0
2018-05-21,25.242739778341257,25.37507380364337,25.20965548324272,25.26755142211914,34983300.0
2018-05-22,25.308908430330007,25.75553540026757,25.259283562013863,25.548763275146484,61103000.0
2018-05-23,25.399883557448632,25.4412389232446,24.87881856878659,25.176570892333984,73893100.0
2018-05-24,25.14349448268805,25.151765558440395,24.67205420762928,24.986347198486328,62146200.0
2018-05-25,24.820925295136185,24.9698014728701,24.713402910085662,24.944988250732425,44166700.0
2018-05-29,24.61415985072484,24.64724257833268,23.73744627223946,23.95248794555664,135895000.0
2018-05-30,24.22542187671352,24.481818858935156,24.11789949292809,24.390838623046875,79435300.0
2018-05-31,24.24965976728732,24.29948739048274,23.94238599226713,24.11678504943848,97509300.0
2018-06-01,24.49049272460733,24.631672299513163,24.34100828247275,24.41575050354004,64796600.0
2018-06-04,24.540320343988373,24.573539812903373,24.35761801693025,24.41575050354004,43777000.0
2018-06-05,24.341013390195958,24.36592799711029,24.133396417885194,24.183225631713867,47690800.0
2018-06-06,24.32439959376016,24.95555364926449,24.31609472671518,24.947250366210938,74995800.0
2018-06-07,25.080125300285975,25.17147567063325,24.822679171511684,24.988773345947266,68402700.0
2018-06-08,24.92233657836914,24.95555446364164,24.756242400032196,24.92233657836914,49572900.0
2018-06-11,25.02199204585491,25.254523580844157,24.96385955810547,24.96385955810547,46732800.0
2018-06-12,25.055212701158425,25.13825979501275,24.706416174163515,24.83098602294922,49644600.0
2018-06-13,24.89742534478468,25.2130040095211,24.664895364443836,24.781160354614254,68900200.0
2018-06-14,24.9472497687532,24.9555530516079,24.399139644851008,24.49879646301269,77863200.0
2018-06-15,24.291180750397054,24.424055458551702,23.97560371452763,24.31609535217285,105079500.0
2018-06-18,24.03373611496629,24.49879759183608,23.925774424984,24.41575050354004,52644100.0
2018-06-19,24.116783828483687,24.390838118171388,24.04204160547872,24.29948616027832,65466200.0
2018-06-20,24.43236525591676,24.49880262340021,24.233053153466415,24.28288078308105,52256500.0
2018-06-21,24.25796481507029,24.457278490328164,24.083567329209277,24.324403762817383,68322600.0
2018-06-22,24.46557750088351,24.515406702989104,24.075258255004883,24.075258255004883,76079200.0
2018-06-25,23.967298664450787,24.008821416435584,23.469017720675915,23.65172004699707,73616400.0
2018-06-26,23.684943607466646,23.809513468932547,23.261404811289204,23.70155334472656,56369300.0
2018-06-27,23.6766325721987,23.95899169610919,23.45240592956543,23.45240592956543,61764400.0
2018-06-28,23.585286394556743,23.95069268853204,23.50223929356349,23.809513092041016,71292100.0
2018-06-29,24.15830743704724,24.2247447949604,23.40258189678828,23.410886764526367,102307600.0
2018-07-02,23.319532053510635,23.485626220703125,23.111915136515705,23.485626220703125,52534300.0
2018-07-03,23.527153087050834,23.610200185177828,23.037176950492388,23.070396423339844,40599000.0
2018-07-05,23.21157537054546,23.31953548631915,23.09530880279887,23.18666076660156,44506800.0
2018-07-06,23.095311190226735,23.377670394812785,22.945826719093915,23.27801513671875,39424900.0
2018-07-09,23.44410628337637,24.15830911865043,23.4358014150602,24.125089645385746,61758900.0
2018-07-10,24.26626856254392,24.35762052748441,23.875949266510982,23.942386627197266,58858400.0
2018-07-11,23.809512819584818,24.008824909292844,23.7679900615592,23.81781768798828,50218900.0
2018-07-12,24.000521084819788,24.058653582180877,23.80120898644245,23.892560958862305,51700700.0
2018-07-13,23.767984376197717,23.826116857124823,23.435796055486268,23.709850311279297,75178000.0
2018-07-16,23.90086494116392,24.789465274135665,23.859340598880564,24.731332778930664,129172000.0
2018-07-17,24.822679754568675,25.08012588939009,24.56523520373874,24.92233657836914,87778900.0
2018-07-18,24.84759426869128,25.154868022331108,24.781156914389623,25.021991729736328,59109200.0
2018-07-19,24.85589636754524,24.930638580808804,24.61505999503126,24.63997459411621,59260600.0
2018-07-20,24.59845458605794,25.04690633159625,24.46557829346316,25.021991729736328,80432700.0
2018-07-23,25.03029845373864,25.619931402896597,25.021993585835958,25.536884307861328,74080200.0
2018-07-24,25.619932719446997,25.835854544037783,25.45383852084126,25.60332298278809,64761500.0
2018-07-25,25.49536675245473,25.835858485954653,25.47045214366501,25.80263900756836,57644100.0
2018-07-26,25.902294328579057,25.91890248279918,25.653153007375423,25.694677352905277,46215000.0
2018-07-27,25.73620000477022,25.86076987284528,25.578410660412843,25.79433250427246,57198900.0
2018-07-30,25.86076780801027,26.11821397666717,25.852462939602784,26.0019474029541,58721000.0
2018-07-31,26.04347172583189,26.09329935224844,25.595018336107863,25.64484596252441,64066000.0
2018-08-01,25.927203316481783,26.201257618356497,25.885680561406534,25.952117919921875,69070700.0
2018-08-02,25.727896100326475,26.00195045396357,25.63654570510869,25.97703742980957,46427200.0
2018-08-03,25.89398879905661,26.16804313659668,25.877379061268297,26.16804313659668,50153800.0
2018-08-06,26.118215234882783,26.234480230205104,26.010253524376264,26.176347732543945,41261500.0
2018-08-07,26.20126102818153,26.40887799856012,26.151433398808365,26.16804313659668,43946200.0
2018-08-08,26.1680434614627,26.500230301394065,26.143128854470927,26.408878326416016,43689600.0
2018-08-09,26.350740793782517,26.40056999824745,26.201256348370688,26.242780685424805,38219100.0
2018-08-10,25.935513960944725,26.018561073583975,25.66145959802954,25.90229606628418,55679800.0
2018-08-13,25.810939309610724,25.844158782118438,25.287745289547374,25.312658309936523,63960600.0
2018-08-14,25.42062013994286,25.661454980873184,25.262830812717837,25.570104598999023,42521200.0
2018-08-15,25.31266032338472,25.42892690241828,25.04691085815104,25.21300506591797,59747900.0
2018-08-16,25.37909200248137,25.611623524448635,25.34587411876685,25.511966705322266,44015400.0
2018-08-17,25.46214235197641,25.62823654381634,25.37079038806529,25.528579711914062,39843500.0
2018-08-20,25.48705501475622,25.686367079388784,25.45383554532172,25.63653945922852,40011000.0
2018-08-21,25.6697640470267,25.95212327497781,25.603326674802435,25.76111602783203,53510600.0
2018-08-22,25.67806429778944,25.819243886370742,25.64484482565661,25.72789192199707,33062900.0
2018-08-23,25.694672763621693,25.72789065012076,25.52857857915175,25.61162567138672,38259100.0
2018-08-24,25.69467107916547,25.81093605027757,25.619928859453,25.65314674377441,43585000.0
2018-08-27,25.76941742351133,26.151431866305412,25.7361979498814,26.0019474029541,47729300.0
2018-08-28,26.04347124941845,26.08499400667405,25.90229165716108,25.96872901916504,38539000.0
2018-08-29,25.943818290108315,26.00195079254711,25.80263867676042,25.86077117919922,46401800.0
2018-08-30,25.761112485572568,25.86907260659508,25.702979990868776,25.7528076171875,47358900.0
2018-08-31,25.644848410986576,25.702982495346586,25.42892814790246,25.686372756958008,49266000.0
2018-09-04,25.66976393290263,25.877380918179416,25.595021691483637,25.86077117919922,44745600.0
2018-09-05,25.80264138768855,25.943821015869336,25.7195942680542,25.893993377685547,48516700.0
2018-09-06,25.910673726998677,25.96074380895409,25.643639656497538,25.74377822875977,42666000.0
2018-09-07,25.868947969310355,25.969086532742686,25.56018885773842,25.752120971679688,49103800.0
2018-09-10,25.768810859321423,25.86894942840189,25.660328868495423,25.71874237060547,34156200.0
2018-09-11,25.6352946428383,25.78550170540734,25.61860620716844,25.74377822875977,53071000.0
2018-09-12,25.76880747694144,25.83556598368293,25.35156641189502,25.393291473388672,59482300.0
2018-09-13,25.476743870694296,25.593570877307727,25.10122621851028,25.151294708251957,59219500.0
2018-09-14,25.14294834759244,25.35991391371335,25.126259913005068,25.343225479125977,33743900.0
2018-09-17,25.318194028213146,25.443366059426317,25.159641939797133,25.268125534057617,35026600.0
2018-09-18,25.30984774240953,25.368261247931223,25.142950648077303,25.20970916748047,49921700.0
2018-09-19,25.142953336018003,26.035850817008573,25.142953336018003,25.868953704833984,92666300.0
2018-09-20,26.11929402595053,26.177709120966743,25.9857769920678,26.027502059936523,83357400.0
2018-09-21,26.15268058890905,26.1777156358608,25.84392137643341,25.893991470336918,85992100.0
2018-09-24,25.85225688074315,26.03584397421422,25.585222844765305,25.65198135375977,45587700.0
2018-09-25,25.74377393203019,25.90232598179556,25.535153400314627,25.59356689453125,40949900.0
2018-09-26,25.62694776614429,25.651982805302,25.08453465091528,25.14294815063477,57882400.0
2018-09-27,25.23474384173721,25.293157346408464,24.97605478177224,24.984399795532227,45879700.0
2018-09-28,24.74240104338514,24.909298147914555,24.55047048733044,24.58384895324707,74707600.0
2018-10-01,24.767436166301515,24.984401766228807,24.65060914774403,24.742401123046875,53900900.0
2018-10-02,24.68398666381836,24.800813677879816,24.425297593404263,24.68398666381836,42940300.0
2018-10-03,24.875915622733373,25.18467475799019,24.800812092310053,25.034467697143555,61080300.0
2018-10-04,25.176325928566733,25.693705549549563,25.15129089167054,25.393291473388672,72325700.0
2018-10-05,25.53515567544304,25.576879148844284,25.076189509786875,25.226396560668945,51931000.0
2018-10-08,25.076189962852965,25.384949083205584,24.9593629618999,25.2597770690918,47471600.0
2018-10-09,25.05950346563599,25.193020503233267,24.92598642803872,25.017778396606445,58868600.0
2018-10-10,25.01778346934952,25.14295551852145,24.3752316008449,24.400266647338867,88454400.0
2018-10-11,24.10819100407421,24.40860511481485,23.582467901926638,23.665916442871094,111417300.0
2018-10-12,24.1916449186968,24.233369994261665,23.140196889195472,23.74936866760254,102279200.0
2018-10-15,23.774402716315176,23.882886316587296,23.06509237793571,23.298748016357425,114636100.0
2018-10-16,23.565776806191035,23.84950087754006,23.28205273484201,23.80777740478516,87887800.0
2018-10-17,23.67426064079625,24.358535788007227,23.49901855168332,24.116535186767575,79068700.0
2018-10-18,23.92460792426489,24.11653847383313,23.482331726363185,23.574125289916992,77369200.0
2018-10-19,23.48233456764923,23.799438775577126,23.34047249392336,23.63254165649414,64305400.0
2018-10-22,23.63254126517543,23.657576310118003,22.789713851895165,22.848127365112305,89942900.0
2018-10-23,22.0219894439854,22.69792131608788,21.788335396823,22.54771423339844,102392500.0
2018-10-24,22.414192323342743,22.447570783569404,21.76329563661393,21.85508918762207,86386600.0
2018-10-25,22.01364073018467,22.472606915908468,21.84674523763392,22.18888282775879,73780400.0
2018-10-26,21.971917518489544,22.18053808041658,21.59639987036145,22.02198600769043,91103500.0
2018-10-29,22.272330641462634,22.681226733564944,21.93853807562896,22.2055721282959,89367000.0
2018-10-30,22.33074306481089,22.41419160015781,21.96357046427348,22.34743309020996,79004800.0
2018-10-31,22.61447056785255,23.265365740881087,22.581090511979976,22.94826316833496,92296300.0
2018-11-01,23.173576487916744,23.365507056744278,23.040059432067256,23.206954956054688,49827300.0
2018-11-02,23.373844993544477,23.682602494829105,22.964948934872595,23.273706436157227,69010200.0
2018-11-05,23.32378494828854,23.565784029410064,23.27371485565737,23.415576934814453,41103100.0
2018-11-06,23.382192396905012,23.57412292723732,23.148536800207957,23.540742874145508,43514400.0
2018-11-07,23.71598729231654,23.92460786962698,23.48233167273532,23.816125869750977,56679200.0
2018-11-08,23.782744011952808,24.300123704818905,23.72433050939424,24.091503143310547,49421200.0
2018-11-09,23.991367124211862,24.108194141749998,23.682607960027,23.799436569213867,43270600.0
2018-11-12,23.682606375133847,23.799434976502287,23.065089679738456,23.156883239746094,50307500.0
2018-11-13,23.1568847830202,23.48233238415667,23.106816288610453,23.16522979736328,57423400.0
2018-11-14,23.32378284954291,23.44895488655957,22.34743841417486,22.70626449584961,69213300.0
2018-11-15,22.647850043410426,23.34047031720846,22.430884445496147,23.28205680847168,66174800.0
2018-11-16,23.106814748673123,23.273710249465896,22.88150415137181,23.156883239746094,52456100.0
2018-11-19,23.181918281106896,23.382193837047403,22.981642725166385,23.156883239746094,46000000.0
2018-11-20,22.881507425035736,23.00667946645088,22.505989709141456,22.848127365112305,92330600.0
2018-11-21,23.02336068602063,23.165222703110885,22.73963665184013,22.75632667541504,40364400.0
2018-11-23,22.59778073013198,22.672884264828788,22.430883632661597,22.5059871673584,22974100.0
2018-11-26,22.68122850554269,23.14019312046468,22.61446998716043,22.99833106994629,53210700.0
2018-11-27,22.889847638581077,23.282053710518014,22.856467585659534,23.148536682128903,43617100.0
2018-11-28,23.265362833745435,23.757707454804063,22.998328786726887,23.724328994750977,61388100.0
2018-11-29,23.51571274594673,23.65757480831808,23.34047062577094,23.39888572692871,46824600.0
2018-11-30,23.31543398164624,23.891225575094847,23.257020480135388,23.699295043945312,64284600.0
2018-12-03,24.19164195392055,24.23336702437185,23.665918799423668,23.816125869750977,59908700.0
2018-12-04,23.632539834108822,23.632539834108822,22.30571277382677,22.52267837524414,103565700.0
2018-12-06,22.01079709950479,22.08632036035528,21.42339591577677,22.05275535583496,133294200.0
2018-12-07,21.94366584993222,22.270933852501503,21.23039148605539,21.33948135375977,107477600.0
2018-12-10,21.129695470868267,21.1716521285355,20.382856080693013,20.777254104614254,110166900.0
2018-12-11,21.15486468257057,21.31430283146288,20.58424688753629,20.626203536987305,78545000.0
2018-12-12,20.869556603165883,20.970253202151834,20.449983706122723,20.575855255126957,87191800.0
2018-12-13,20.693338735037543,20.82760195728167,20.374463982343723,20.475160598754883,64860100.0
2018-12-14,20.29055227458086,20.86956351234284,20.240203958419333,20.542295455932617,92762600.0
2018-12-17,20.357681329976867,20.91990919129461,20.273766413256745,20.53390121459961,98602800.0
2018-12-18,20.701731048039857,21.05417241782925,20.39963798806497,20.53390121459961,89046300.0
2018-12-19,20.51711424672807,21.1800385575597,20.198237965128246,20.29054450988769,121887600.0
2018-12-20,20.01362958755399,20.50033413464831,19.93810633019937,20.231807708740234,112594000.0
2018-12-21,20.063977784909092,20.567465631064334,19.518533285134147,19.61083984375,160800400.0
2018-12-24,19.09896455460218,19.47657932200602,19.01504962833107,19.073789596557617,64859100.0
2018-12-26,19.22483201104121,20.290547664339652,19.04022049336535,20.231807708740234,100877800.0
2018-12-27,19.954887452894017,20.44998359680176,19.627619506580217,20.44998359680176,91575400.0
2018-12-28,20.63459616426169,20.76885936951608,20.357678103356555,20.466766357421875,78693800.0
2018-12-31,20.61781186944877,20.95346986640209,20.4499836712439,20.676551818847656,56257300.0
2019-01-02,20.206630314113195,21.09612439257325,20.14789036561256,20.945077896118164,71836300.0
2019-01-03,20.92829514563743,21.01221003951311,20.51711392624444,20.609418869018555,66599600.0
2019-01-04,21.06256147475408,21.52409105904077,21.003821520449637,21.465351104736328,83829100.0
2019-01-07,21.44857215881348,21.633185310451665,21.222003946280125,21.44857215881348,57016300.0
2019-01-08,21.582832269409103,21.64157382767587,21.054171049358683,21.406612396240234,67339400.0
2019-01-09,21.54087460113245,21.691921114199577,21.3059131807454,21.616397857666016,69707200.0
2019-01-10,21.44856411222732,21.63317719460656,21.33108422383576,21.591218948364254,65235800.0
2019-01-11,21.42339317338237,21.85135772990374,21.36465162203959,21.842966079711918,63476000.0
2019-01-14,21.624790857513894,22.22058369562081,21.490527637643492,22.128278732299805,76715400.0
2019-01-15,21.99401195357517,22.497499783531364,21.85974874565935,22.279321670532227,80625500.0
2019-01-16,23.605171181724284,24.100267342925203,23.378603027031502,23.873699188232425,163131700.0
2019-01-17,23.78139679675613,24.33523300609266,23.5716103053243,24.32684135437012,107428800.0
2019-01-18,24.352020929075103,24.721244071644524,24.09188447796057,24.58698081970215,97928200.0
2019-01-22,24.31844669314132,24.58697311285581,24.24292343752866,24.41075325012207,84861400.0
2019-01-23,24.51984388123838,24.57019379021607,24.0163575958124,24.26810073852539,79425900.0
2019-01-24,24.12544473919729,24.503061036202247,24.11705308809232,24.402362823486328,59492300.0
2019-01-25,24.570192523947565,24.9394155674922,24.452711009598104,24.821935653686523,72182100.0
2019-01-28,24.603756828155564,24.897458204863387,24.57858347622364,24.8638916015625,59963800.0
2019-01-29,24.78836972750149,24.9226329384383,24.6205399135586,24.66249656677246,51451900.0
2019-01-30,24.687668007153224,24.72962465439866,24.293270081198244,24.393966674804688,66475800.0
2019-01-31,24.12544336477477,24.200966619873217,23.479300671396405,23.89048194885254,100201200.0
2019-02-01,23.9995755284201,24.20097037306793,23.756222424130677,23.81496238708496,64244100.0
2019-02-04,23.890489253798428,24.31006231017346,23.848532588378603,24.234539031982425,55195900.0
2019-02-05,24.20936137556312,24.23453473012884,23.97439992950501,24.15062141418457,46622600.0
2019-02-06,24.05830953834636,24.251312683308846,23.94922129135908,24.108657836914062,35606900.0
2019-02-07,23.949222042519768,24.03313534258334,23.41216763896001,23.69747734069824,62289200.0
2019-02-08,23.621959390540564,23.76461427341882,23.378607884774105,23.73944091796875,50031300.0
2019-02-11,23.781395615744028,23.88209223032601,23.672305749312414,23.84013557434082,47724400.0
2019-02-12,24.01635236852877,24.21774715897332,23.982785769849592,24.075092315673828,49178100.0
2019-02-13,24.22614525295069,24.326841874687144,24.04992376409599,24.0834903717041,48951200.0
2019-02-14,23.798179459774417,24.016357597057457,23.588392973988096,23.823352813720703,47756600.0
2019-02-15,24.133836529893056,24.595366139529684,24.05831327005524,24.42753791809082,65867000.0
2019-02-19,24.27648866149568,24.55340671616681,24.125442158848948,24.444316864013672,40841300.0
2019-02-20,24.419146449215702,24.712847839605825,24.34362318881414,24.67928123474121,42806300.0
2019-02-21,24.6121496754093,24.712847889663298,24.42753814991142,24.578584671020508,42754100.0
2019-02-22,24.3771878701714,24.561800993393284,24.30166461077041,24.402362823486328,47887800.0
2019-02-25,24.435926545065836,24.83032449720765,24.435926545065836,24.561798095703125,61227400.0
2019-02-26,24.352014889356877,24.86389281022857,24.30166498195797,24.578584671020508,53153200.0
2019-02-27,24.58697492692479,24.897459622967578,24.511451665739887,24.779979705810547,48128600.0
2019-02-28,24.88118965952056,24.92336052393191,24.467909075170976,24.526948928833008,62358100.0
2019-03-01,24.737804809652825,25.00770218470572,24.63659248965036,24.720935821533203,45771500.0
2019-03-04,24.737807775176023,24.914928954234483,24.26548731221253,24.48477935791016,56893200.0
2019-03-05,24.47634356979632,24.619726760996404,24.20644617664682,24.526948928833008,39932500.0
2019-03-06,24.467910942621963,24.59442515422724,24.290789759402184,24.32452774047852,41672000.0
2019-03-07,24.18114167433262,24.223312536967853,23.835335452834745,24.07992935180664,53908600.0
2019-03-08,23.6666558874728,24.18114893134691,23.62448501218164,24.16427993774414,40860700.0
2019-03-11,24.20644763992292,24.51008142121304,24.20644763992292,24.408870697021484,40709300.0
2019-03-12,24.459476059117264,24.56068839202427,24.36669822134546,24.408870697021484,34450000.0
2019-03-13,24.50164638358972,24.8896251076417,24.44260652766593,24.704071044921875,54683300.0
2019-03-14,24.72093606165216,24.99926793346836,24.66189621137528,24.847450256347656,45219100.0
2019-03-15,24.830590500798323,24.973973727801877,24.678772777063298,24.71250915527344,82346200.0
2019-03-18,24.779977090933954,25.26916651342285,24.7378062269341,25.151086807250977,58568600.0
2019-03-19,25.31134301281737,25.42098824188922,24.91493135852305,25.007707595825195,55455100.0
2019-03-20,24.98240074917837,25.01613711729375,24.12210164457993,24.155838012695312,81689900.0
2019-03-21,23.995590776334588,24.12210498956257,23.649784509444206,23.76786422729492,77444400.0
2019-03-22,23.54013658109745,23.67508528341301,22.528019705015303,22.781049728393555,118851600.0
2019-03-25,22.69670847121364,23.09312011957355,22.44368003331848,22.63766860961914,65568000.0
2019-03-26,22.89912837529593,23.067815049699487,22.671401847465734,22.94973373413086,59878500.0
2019-03-27,22.848523680006707,23.084684709286982,22.73044396972427,22.79791831970215,57621700.0
2019-03-28,22.94130197170012,23.118421540653653,22.789484279045407,23.05094718933105,45872300.0
2019-03-29,23.236498992258003,23.346145807935173,23.025641463802977,23.27023696899414,83446300.0
2019-04-01,23.531702444647475,24.24018394695647,23.489531577799625,24.07149887084961,91751100.0
2019-04-02,24.01245161707173,24.349824905395508,23.91124091754665,24.349824905395508,66694000.0
2019-04-03,24.51851630552098,24.661899507664423,24.20644802414232,24.32452774047852,63110600.0
2019-04-04,24.332964367730185,24.720941531808524,24.324529871722092,24.58599281311035,53712100.0
2019-04-05,24.729371973695127,24.88118965952056,24.44260559129495,24.526948928833008,46383400.0
2019-04-08,24.36669656810543,24.6281610734105,24.349829187694898,24.60285758972168,35272800.0
2019-04-09,24.45947897493048,24.5185188391996,24.240186901419708,24.366701126098636,40535300.0
2019-04-10,24.375127648425966,24.58598515681843,24.24861346513351,24.518510818481445,42669700.0
2019-04-11,24.670328481918443,24.872751496929396,24.451036480144463,24.518510818481445,50440100.0
2019-04-12,24.931794259673385,25.488458018279104,24.931794259673385,25.446287155151367,100192000.0
2019-04-15,25.38724550309904,25.420981869465948,25.01613582077185,25.167953491210938,57438800.0
2019-04-16,24.71250502095001,25.345077691541388,24.459476596199664,25.20169448852539,105168400.0
2019-04-17,25.15952034894963,25.4041158552884,24.847450497537288,25.32820701599121,94831600.0
2019-04-18,25.26073267091764,25.437852223467544,25.151085854726023,25.32820701599121,61796600.0
2019-04-22,25.24386678894088,25.387249990956157,25.117352577448692,25.34507751464844,34763400.0
2019-04-23,25.29447175364226,25.48002582032902,25.235431896456262,25.36194610595703,41889700.0
2019-04-24,25.26073286902393,25.44628691725264,25.176389534841675,25.319772720336918,40078100.0
2019-04-25,25.226993409842223,25.57279961183044,25.21855891604798,25.370376586914062,43243800.0
2019-04-26,25.446290589929056,25.63184466493889,25.34507825255927,25.598108291625977,40627500.0
2019-04-29,25.66558041432394,26.289718549116667,25.64871142477715,25.95234680175781,68408600.0
2019-04-30,25.97764732619489,26.045121672157144,25.648710090718357,25.79209327697754,47764200.0
2019-05-01,25.77521843168082,26.05355024662214,25.454715763363364,25.52219009399414,56161000.0
2019-05-02,25.52219587400807,25.775224268998112,25.429418045111248,25.724618911743164,40634100.0
2019-05-03,25.8595663522488,25.97764604970169,25.72461766695543,25.90173721313477,35256100.0
2019-05-06,25.39568415030695,25.81739925551316,25.361946169707032,25.699317932128903,39882000.0
2019-05-07,25.43785280363136,25.44628729804733,24.990834251876663,25.235429763793945,58528400.0
2019-05-08,25.07518026479038,25.395684651958817,25.024574901606336,25.134220123291016,39903400.0
2019-05-09,24.81371564251473,25.11735101821935,24.695635933614213,25.05830955505371,44173500.0
2019-05-10,24.84744948635013,25.05830700721345,24.61972458644131,24.94866180419922,59649900.0
2019-05-13,24.42573508494472,24.459473061350597,23.65821381757887,23.82690048217773,72547000.0
2019-05-14,23.91968118918262,24.451041511843872,23.793165371139768,24.138973236083984,52216100.0
2019-05-15,23.700391183244395,24.02932847756521,23.624482329367964,23.86064338684082,51973200.0
2019-05-16,24.00401972124024,24.31608956409134,23.97871784797882,24.113666534423828,42791500.0
2019-05-17,23.826900721629247,24.15583795131595,23.80159723907055,23.953414916992188,43772500.0
2019-05-20,23.953414916992188,24.054627238511703,23.81846622744301,23.953414916992188,41717600.0
2019-05-21,24.09679337460088,24.24861102274638,23.995582681647186,24.19800567626953,39258700.0
2019-05-22,24.04619065744069,24.14740136146121,23.91124197960324,24.029321670532227,29177600.0
2019-05-23,23.725692099791264,23.784733568301565,23.19433175292277,23.413623809814453,59772900.0
2019-05-24,23.557006669009787,23.835338581597547,23.49796681008443,23.76786422729492,35524400.0
2019-05-28,23.65821241351187,23.826899068099525,23.514829239726915,23.53169822692871,44273400.0
2019-05-29,23.219627868780563,23.489525204291567,23.093112085134145,23.405181884765625,49818900.0
2019-05-30,23.42205125078208,23.556999920729112,22.755740785292936,22.90755844116211,58649300.0
2019-05-31,22.350902165134656,22.66297207301101,22.33403317363527,22.435245513916016,68304200.0
2019-06-03,22.42680912517736,22.764180883110544,22.26655693689081,22.50271797180176,50109900.0
2019-06-04,22.92443806467867,23.573879845605223,22.890700077179,23.54857635498047,58426400.0
2019-06-05,23.481102189412866,23.624485420080525,23.160597740289493,23.54014205932617,44874400.0
2019-06-06,23.540139579683267,23.77757672635824,23.353582861343934,23.64189720153809,38633600.0
2019-06-07,23.53165325691376,23.56557353345965,23.251817445041365,23.34509658813477,51317200.0
2019-06-10,23.62493054023033,24.142201777572662,23.6079704032925,23.80300712585449,48305800.0
2019-06-11,24.065884173500837,24.3372415280096,23.86236737067509,23.947166442871094,38691800.0
2019-06-12,23.913256562644207,23.972615449748854,23.62494058178588,23.70125961303711,33528900.0
2019-06-13,23.718214321034125,23.87933242966911,23.582536424523013,23.69277572631836,33404200.0
2019-06-14,23.66733713717821,23.88781413847997,23.557099445231447,23.777576446533203,37322100.0
2019-06-17,23.75213651536052,23.930213162334343,23.565579796996293,23.684297561645508,33410100.0
2019-06-18,23.760614358486617,24.422043690827262,23.599496251994985,24.269407272338867,60170700.0
2019-06-19,24.337250923704023,24.5662064043942,23.998054503969072,24.0150146484375,61953500.0
2019-06-20,24.243964325079176,24.26092446435584,23.61645372851377,23.97260856628418,60887200.0
2019-06-21,23.904770172074123,24.210044598980677,23.81149102133182,23.84541130065918,69444000.0
2019-06-24,23.811493195709662,24.06588884426359,23.65037508900787,23.726694107055664,40046400.0
2019-06-25,23.76061716123408,23.76061716123408,23.21790390098403,23.54014015197754,46901300.0
2019-06-26,23.69278145057012,23.89629834450712,23.61646241316768,23.667341232299805,42312300.0
2019-06-27,23.811490463738664,24.015007282713263,23.794530324472134,23.921728134155277,35575600.0
2019-06-28,24.600124358538743,24.82060136347768,24.36268721074107,24.59164428710937,101856900.0
2019-07-01,24.99867276105372,25.31242886841251,24.80363601136448,24.94779396057129,48029900.0
2019-07-02,24.87995583179259,24.956274843707927,24.532281051915152,24.71883773803711,32263500.0
2019-07-03,24.75275445492504,24.795153181038437,24.5322775208384,24.634035110473636,26642300.0
2019-07-05,24.89691570385286,25.074992318134623,24.718837472163152,24.812116622924805,33092000.0
2019-07-08,24.60012000432084,24.846035562612624,24.54076113222999,24.76123809814453,30924400.0
2019-07-09,24.5661991832235,24.94779423455224,24.540760591406865,24.88843536376953,28750100.0
2019-07-10,24.735796516160335,24.93083326147017,24.55771829235859,24.608598709106445,40574800.0
2019-07-11,24.67644225563096,25.01563701025447,24.617083375747864,24.89691925048828,37376800.0
2019-07-12,24.96475410698493,25.04107311643429,24.896915167186386,24.973234176635746,29632900.0
2019-07-15,25.01563343787197,25.04107364736378,24.65947859202629,24.778196334838867,46462100.0
2019-07-16,24.735800346804968,24.761240559118622,24.472924622529646,24.583162307739254,54920400.0
2019-07-17,24.67643901418185,25.11739294597365,24.591639932312976,24.752758026123047,84958300.0
2019-07-18,24.829079735295423,25.0834753911296,24.74428064421466,24.998676300048828,49468800.0
2019-07-19,25.049553174175266,25.108912044294787,24.91387367723477,24.93083381652832,44863200.0
2019-07-22,24.83755386153893,25.10890959412476,24.82907379271965,25.074989318847656,31224300.0
2019-07-23,25.227629007386767,25.677062980373428,25.185230277866907,25.6516227722168,64030300.0
2019-07-24,25.498989055398177,26.07562093153116,25.47355046036228,26.007781982421875,53171900.0
2019-07-25,26.067140062924057,26.194337886435022,25.617706027950028,25.72794532775879,43251900.0
2019-07-26,25.922982615616945,26.27913749899985,25.79578478956764,26.09258079528809,46978800.0
2019-07-29,26.050181284547385,26.16042059012297,25.855144503800627,25.880584716796875,39176700.0
2019-07-30,25.617705987279106,26.202817915390312,25.56682718143711,26.194337844848636,37598300.0
2019-07-31,26.143454131831223,26.33849086545684,25.939937329255653,26.01625633239746,60607600.0
2019-08-01,25.90602285578908,26.34697683550324,24.89691868584584,25.007156372070312,76913400.0
2019-08-02,24.89691515060294,25.01563289081935,24.51532010361033,24.91387367248535,57492300.0
2019-08-05,24.193084129910822,24.28636165573916,23.497733016326187,23.81148910522461,96207700.0
2019-08-06,24.091325762462315,24.15916470062937,23.4807753189588,24.09980583190918,65115800.0
2019-08-07,23.41293985608648,23.68429564903335,22.997426095960577,23.650375366210938,75388500.0
2019-08-08,23.836937695298143,24.15917234925697,23.80301740677175,24.065893173217773,53141900.0
2019-08-09,23.972612097844348,24.18460901780956,23.718214823441205,24.02349090576172,53499600.0
2019-08-12,23.599493561143152,23.616453700399624,23.285737454530008,23.43837547302246,55674700.0
2019-08-13,23.37901633370329,23.95564812251729,23.217898247438704,23.506214141845703,69919200.0
2019-08-14,22.84478540292616,22.96350314419034,22.28511374066941,22.403831481933597,106591700.0
2019-08-15,22.5395118415188,22.751508755610363,22.22575569700372,22.259675979614254,70192000.0
2019-08-16,22.497112521330536,22.9974253549843,22.42079350484721,22.921106338500977,70841700.0
2019-08-19,23.438374919416542,23.489255335984183,23.014381152466708,23.12462043762207,44964800.0
2019-08-20,22.912629026604417,22.946547695009457,22.641273209731096,22.65823173522949,47665000.0
2019-08-21,22.83630752563477,22.963505348830736,22.71758977297293,22.83630752563477,47785400.0
2019-08-22,22.97198269093724,23.15005929877948,22.861743404494817,23.056781768798828,49353700.0
2019-08-23,22.8532671310999,23.082222560523483,22.268155217221786,22.446231842041016,81880700.0
2019-08-26,22.64126750817746,22.72606496654038,22.46318928731808,22.7091064453125,41499100.0
2019-08-27,22.77694811548936,22.81086677942292,22.285115357892572,22.446231842041016,52517000.0
2019-08-28,22.234233865898112,22.96350370556713,22.225753795970803,22.76846694946289,45897900.0
2019-08-29,22.895666912860968,23.277262008371896,22.82782796448215,23.17550277709961,55432900.0
2019-08-30,23.319654468302133,23.480772533866368,23.19245667650202,23.328134536743164,41326200.0
2019-09-03,23.07374054697048,23.090700686212934,22.56494930896017,22.93806266784668,50743100.0
2019-09-04,23.16702215072267,23.38749913201779,23.031344257219224,23.311180114746094,40862500.0
2019-09-05,23.77211262394905,24.2671870698868,23.729432809947603,24.00257873535156,63413700.0
2019-09-06,23.917223428646967,23.9769735469088,23.533113199722884,23.66968536376953,56054100.0
2019-09-09,23.900149796490624,24.625690383783503,23.87454190703258,24.437902450561523,68629300.0
2019-09-10,24.659828870421883,25.052474975585938,24.59154280361965,25.052474975585938,71066200.0
2019-09-11,25.06954762392017,25.15490398883893,24.668365545301437,25.1463680267334,53982200.0
2019-09-12,24.941506729737824,25.436581074032915,24.67689844952875,25.32561683654785,72943900.0
2019-09-13,25.60729708469001,25.880441326435808,25.49633284700632,25.752405166625977,79657000.0
2019-09-16,25.33415323340053,25.75240556352851,25.300009388622023,25.71826171875,43391300.0
2019-09-17,25.47926165549683,25.624369741593767,25.25733154569751,25.55608367919922,48284900.0
2019-09-18,25.410979456313605,25.735337894982635,25.223191535128237,25.607301712036133,66640400.0
2019-09-19,25.60729929920608,25.69265728915041,25.39390513837936,25.45365524291992,43035700.0
2019-09-20,25.581694105071843,25.718266252123275,25.240263737443264,25.2573356628418,167269000.0
2019-09-23,25.01833030785181,25.2829402325942,24.898830101883124,25.197582244873047,52048300.0
2019-09-24,25.265867439305516,25.300009656377227,24.53179104947996,24.70250701904297,64806900.0
2019-09-25,24.56594061880282,25.103693280513816,24.56594061880282,24.967121124267575,45807700.0
2019-09-26,24.93297303245657,25.03540294626197,24.7964008994282,24.864686965942383,33198100.0
2019-09-27,25.10368911867055,25.359761462161877,24.93297313763083,25.052474975585938,41336600.0
2019-09-30,25.171978532038576,25.19758642101953,24.822012189641235,24.898834228515625,39191000.0
2019-10-01,25.12930120268274,25.18905131760881,24.250116521155917,24.275724411010746,49434400.0
2019-10-02,24.070864654119084,24.156221025433464,23.73796861933299,23.76357650756836,52293100.0
2019-10-03,23.69528835556134,23.79771664338284,23.183142032248984,23.737966537475582,53015800.0
2019-10-04,23.772116348343523,24.24158297943208,23.7635803842059,24.21597671508789,42641800.0
2019-10-07,24.181828700241912,24.42936673346045,24.05379251633196,24.164756774902344,36742400.0
2019-10-08,23.78917410746183,23.831852274661564,23.439206298539563,23.58431434631348,58201100.0
2019-10-09,23.755039287535848,23.959897498370957,23.68675321725748,23.80625343322754,37511400.0
2019-10-10,23.93429157027308,24.540330248859046,23.93429157027308,24.284257888793945,48239300.0
2019-10-11,24.7451888432687,25.043941019986995,24.63422458635136,24.676902770996094,70008600.0
2019-10-14,24.53179014525262,24.89029236566625,24.523254184282287,24.873220443725582,36040100.0
2019-10-15,25.04394236009966,25.812161121291307,24.84762009531917,25.3768367767334,78656000.0
2019-10-16,25.923121131751152,26.221871628618054,25.73533324449984,25.752405166625977,87131700.0
2019-10-17,25.863369664036803,26.068229475471515,25.607297341845594,25.82922744750977,55575900.0
2019-10-18,25.718265624427055,26.02555376182712,25.69265936502264,25.90605354309082,48872900.0
2019-10-21,26.17919697728398,26.58891339508483,26.14505312843308,26.47794914245605,61087400.0
2019-10-22,26.43526603921996,26.7766979729347,26.247479778131343,26.631589889526367,58662100.0
2019-10-23,26.57184178363885,26.83645173114509,26.53769956245413,26.819379806518555,47771200.0
2019-10-24,26.84498379527731,26.90473389472548,26.631589652637803,26.76816177368164,39491000.0
2019-10-25,26.768166294355545,27.186418689196305,26.751094369324893,27.07545280456543,43702000.0
2019-10-28,27.288853151885213,27.51078334324588,27.092530853859195,27.177888870239254,58790300.0
2019-10-29,27.263244179688915,27.43395856743029,27.152278280991865,27.374208450317383,48266600.0
2019-10-30,27.322984030492947,27.322984030492947,26.91326930383242,26.99009132385254,45262400.0
2019-10-31,26.81084160642137,26.990093543901907,26.307231268451197,26.691341400146484,49430900.0
2019-11-01,27.05838142735989,27.177881641666943,26.776701187873044,27.14373779296875,41985300.0
2019-11-04,27.519315455974105,27.74124397507449,27.39981197754191,27.65588760375977,54228600.0
2019-11-05,27.749775291276958,28.24485130823375,27.74124095752854,28.014385223388672,68785600.0
2019-11-06,27.963169554381626,28.21924515367802,27.886347525820003,27.988779067993164,47524500.0
2019-11-07,28.2619267887259,28.68017757390278,28.176567159816504,28.364355087280277,68310700.0
2019-11-08,28.227779039648585,28.39849501775909,28.108278831812168,28.38995742797852,38724000.0
2019-11-11,28.19363654317428,28.381424453703858,28.14242402658375,28.321674346923828,27784000.0
2019-11-12,28.278995914222754,28.44117430888578,28.15949570171983,28.24485206604004,37282200.0
2019-11-13,27.929028963127077,28.07413543033429,27.72416913491725,27.988779067993164,48887800.0
2019-11-14,27.90341157020965,28.04852125257762,27.73269889373288,27.911949157714844,35554600.0
2019-11-15,28.09973687138623,28.133880712924874,27.911952255195587,28.108274459838867,36398300.0
2019-11-18,28.04852616938196,28.193632621050973,27.95463222717912,28.133882522583008,31133700.0
2019-11-19,28.270455799283077,28.29606531120122,28.01438347305561,28.116811752319336,33183700.0
2019-11-20,27.98877911324455,28.022922960690806,27.67295340857144,27.903419494628903,43612200.0
2019-11-21,27.980234513268435,28.20216620993079,27.852200001626947,28.031450271606445,42787600.0
2019-11-22,28.133886436394253,28.441174560483883,28.116814512151876,28.321674346923828,38783900.0
2019-11-25,28.44971174797033,28.60335255170376,28.389958385899497,28.569211959838867,50238800.0
2019-11-26,28.49239494948928,28.509466876497616,28.270463154518016,28.466785430908203,50626600.0
2019-11-27,28.586282671670848,28.680173365488685,28.432638618315952,28.52652931213379,32097700.0
2019-11-29,28.48385173449334,28.611889533709448,28.372889115051635,28.4411735534668,19503400.0
2019-12-02,28.55213661922349,28.80820893631909,28.45824267652333,28.535064697265625,47158800.0
2019-12-03,28.057056522707605,28.082666029944452,27.783912323842934,28.031450271606445,58745100.0
2019-12-04,28.236323794494208,28.42410848754397,28.039998253360142,28.29607391357422,46637900.0
2019-12-05,28.45913179427816,28.51062718023064,28.321814038985075,28.39905548095703,38304500.0
2019-12-06,28.905406174274884,29.00839363968994,28.81099963351421,28.896821975708008,50908500.0
2019-12-09,28.75093674102348,28.92258477933478,28.69944134735588,28.75951766967773,32974500.0
2019-12-10,28.66510776158044,28.862501814338497,28.57928212522046,28.77667617797852,41960100.0
2019-12-11,28.73376836026864,28.974073622379677,28.73376836026864,28.87108612060547,43107800.0
2019-12-12,28.9912383637579,29.87522450339253,28.905415992413307,29.763652801513672,64942500.0
2019-12-13,29.772229766983195,30.00395406747197,29.48042915976546,29.55767059326172,48539600.0
2019-12-16,29.99536854329927,30.11552113833998,29.78080940246582,29.78080940246582,50777100.0
2019-12-17,29.909545704944374,30.27000679751095,29.815142424282467,30.07261276245117,50840500.0
2019-12-18,30.1326904296875,30.270008167854808,30.081195050157337,30.1326904296875,48757900.0
2019-12-19,30.16702843691961,30.235685686694534,29.943885008844656,29.995380401611328,45409500.0
2019-12-20,30.244262433473548,30.244262433473548,29.961042753945456,30.00395393371582,109395500.0
2019-12-23,30.07262040801377,30.20135397287042,29.995378959534246,30.18418884277344,33995400.0
2019-12-24,30.20134913698646,30.27859057309797,30.141272828223432,30.22709846496582,13805400.0
2019-12-26,30.31292344253165,30.5189017145674,30.287177386244768,30.48457145690918,26992100.0
2019-12-27,30.639057512659136,30.656222643264307,30.261431187173127,30.338672637939453,28111300.0
2019-12-30,30.52748442449275,30.596144943818206,30.1155311302813,30.16702651977539,30705100.0
2019-12-31,30.064031392111925,30.261425445749488,30.012539283979777,30.22709846496582,29630100.0
2020-01-02,30.33867118272055,30.60472578346836,30.287179067288797,30.587560653686523,37614200.0
2020-01-03,30.021118474185062,30.16702041125107,29.83230535818662,29.95246124267578,50357900.0
2020-01-06,29.53191918507317,29.952456529833437,29.497588937763645,29.909542083740234,42185000.0
2020-01-07,29.780814897641804,29.969624750153947,29.634912952518544,29.71215438842773,34149000.0
2020-01-08,29.66924480057945,30.201350679913347,29.65207967235404,30.012540817260746,45311600.0
2020-01-09,30.29575014474668,30.32149946800407,29.986784456959445,30.06402587890625,39861600.0
2020-01-10,30.038289445466688,30.098365762444523,29.74648878846846,29.815149307250977,39730400.0
2020-01-13,29.90096578464665,30.098359826345074,29.74648292176736,30.089778900146484,37956100.0
2020-01-14,30.2957506774994,30.61329729601472,30.13268690559429,30.312915802001957,66719300.0
2020-01-15,29.840893468341,29.85805859694572,29.471851388123262,29.755067825317383,74745500.0
2020-01-16,29.9524641404398,30.029705579556182,29.69499049410958,29.79798126220703,50368500.0
2020-01-17,29.96962905239752,29.99537838400584,29.69499352394291,29.789400100708008,54156100.0
2020-01-21,29.54050645024246,29.626332086937094,29.368861724679764,29.403188705444336,50811000.0
2020-01-22,29.49759841420008,29.566258930877098,29.377445783928923,29.489017486572266,38879700.0
2020-01-23,29.2572911306521,29.403189807632103,28.948325374796315,29.283037185668945,45717100.0
2020-01-24,29.283038703153817,29.300203832025705,28.553538732623345,28.78526306152344,47797200.0
2020-01-27,27.9527699440806,28.43338368994012,27.86694758092257,28.19307518005371,57096200.0
2020-01-28,28.338973153706053,28.74234540661537,28.27889685313396,28.52778625488281,38834600.0
2020-01-29,28.605035453064417,28.69943875539136,28.304650594670125,28.33039665222168,37414700.0
2020-01-30,28.06434292542316,28.76809681219281,28.03859359616143,28.733766555786133,50542800.0
2020-01-31,28.38188975606004,28.46771212359769,28.02143188370576,28.175914764404297,54845300.0
2020-02-03,28.32181806590575,28.66511413990657,28.253157541539984,28.296072006225582,48485500.0
2020-02-04,28.802427870779475,29.094228510536315,28.7766785408006,28.85391998291016,45061600.0
2020-02-05,29.265875101493364,29.875225749546164,29.24012904379879,29.789400100708008,54604800.0
2020-02-06,29.986792150610857,30.046868463770625,29.69499151215761,29.755067825317383,39511500.0
2020-02-07,29.454683793865065,29.74648440789166,29.386026559107,29.70357322692871,31263000.0
2020-02-10,29.55767286544878,29.772232055664062,29.506180755101703,29.772232055664062,24373800.0
2020-02-11,29.909555765907776,30.072622878267016,29.83231431108342,29.840898513793945,32476300.0
2020-02-12,30.106936914322205,30.42448349126565,29.849463354404065,29.969615936279297,36656700.0
2020-02-13,29.83230559245345,30.06402988920402,29.65207667517405,29.961042404174805,31775100.0
2020-02-14,29.93529140617867,30.003948626885144,29.780808567198378,29.909542083740234,26447700.0
2020-02-18,29.840893989866405,29.89238937658055,29.188632187141536,29.411775588989254,40318000.0
2020-02-19,29.56625694485788,29.90954968344249,29.531926688825397,29.79798126220703,29632100.0
2020-02-20,29.57483035725379,30.106939368813727,29.57483035725379,29.909542083740234,42604100.0
2020-02-21,29.634916173640487,29.729322747114576,29.30020433962409,29.489017486572266,46675500.0
2020-02-24,28.47629314185568,28.5020391944566,27.90985706724372,28.090085983276367,79159600.0
2020-02-25,28.05576193298608,28.11583825161172,26.468025042598995,26.674001693725582,91586800.0
2020-02-26,26.940052363845567,27.120282941294725,26.22771589231309,26.287792205810547,80012800.0
2020-02-27,25.36089823223051,26.00457586895673,24.811627172717,25.000438690185547,121148300.0
2020-02-28,24.03063456217448,24.674312273661293,23.77316413236258,24.459753036499023,171198800.0
2020-03-02,24.331013260019997,25.21499610374712,23.550017914126727,25.2064151763916,147776300.0
2020-03-03,25.206412836646702,25.532542065457186,23.70449859750217,23.816068649291992,138698500.0
2020-03-04,24.24518856348629,24.39108887872713,23.515686987282088,24.36534118652344,111239800.0
2020-03-05,23.527538997150028,23.622547942506216,22.802020035561128,23.130231857299805,110878700.0
2020-03-06,21.99876948751137,22.63791690896828,21.679196600483824,22.2060604095459,119121200.0
2020-03-09,19.20033827511203,20.288616778010105,18.578465550913855,18.941225051879883,145196000.0
2020-03-10,20.08132246470476,20.45271922978675,18.647559358156663,20.39225959777832,134863600.0
2020-03-11,19.727199274890285,20.69455662906489,19.226245947485246,19.580368041992188,127347000.0
2020-03-12,17.783847250221726,19.75311309000892,17.40381314484494,17.714750289916992,139552600.0
2020-03-13,19.16579000255985,20.945038142236104,18.552552977622845,20.8673038482666,128357400.0
2020-03-16,17.144700438574297,18.768479875183456,16.91149757320018,17.6542911529541,121688800.0
2020-03-17,18.18979521812284,19.597648322881252,17.30017188738035,18.984411239624023,120065700.0
2020-03-18,17.50746144197956,18.112059503001912,17.015145336715097,17.956592559814453,148272500.0
2020-03-19,17.498827754124616,18.78576008650005,16.410549041080507,18.310718536376957,122461300.0
2020-03-20,18.794388911847182,18.8634858632826,16.894220276271334,16.989229202270508,150910400.0
2020-03-23,16.635109085880096,16.989231209755616,15.503645754653473,15.615927696228027,181898500.0
2020-03-24,16.77330664918721,18.26752975479397,16.419184448376402,18.16388511657715,147882400.0
2020-03-25,18.75120412745867,19.088053240234363,17.628378144610178,18.224340438842773,146991300.0
2020-03-26,18.40572289106409,19.822213279144865,18.284803602684686,19.623558044433597,116111400.0
2020-03-27,18.725293551545032,19.17442459773962,18.224340199220737,18.65619659423828,91522800.0
2020-03-30,18.69938473667281,19.30398445089017,18.371174545818786,19.03623390197754,80449100.0
2020-03-31,18.84621683959241,19.42490459839079,18.103423154370137,18.336626052856445,95213700.0
2020-04-01,17.21380125525121,17.576560800148794,16.85104171035362,17.075607299804688,83961300.0
2020-04-02,16.971964357400967,17.956598543438282,16.920142025736546,17.76658058166504,70007400.0
2020-04-03,17.619743765856995,17.913406299238087,16.997871037909704,17.3001708984375,68293500.0
2020-04-06,18.163887396958252,18.65620360880043,17.97386945736862,18.474822998046875,97766200.0
2020-04-07,19.692658719233165,19.76175570378689,18.872132233582985,19.122608184814453,94560300.0
2020-04-08,19.355804335779457,20.383623061951923,19.355804335779457,20.25406646728516,81212300.0
2020-04-09,20.789574417629137,21.86921581154342,20.77229975995002,21.471908569335938,125275700.0
2020-04-13,21.4028107921809,21.4632704444133,20.53909770908501,20.660017013549805,83164700.0
2020-04-14,21.160966161721625,21.29052276792531,19.951768424817857,20.495906829833984,88991100.0
2020-04-15,19.13987857665352,19.56309771863762,18.923950342126822,19.165790557861328,99082200.0
2020-04-16,19.13124054060189,19.18306285369535,18.21570532140992,18.500730514526367,89213300.0
2020-04-17,19.29534627664165,20.21088148741667,19.269434296632333,20.107236862182617,92800300.0
2020-04-20,19.49400572379495,19.977684631283207,19.157158119148036,19.43354606628418,74446300.0
2020-04-21,18.91531571572907,19.32126190893609,18.569830820639417,18.690750122070312,78871300.0
2020-04-22,19.139882407025446,19.200342061208147,18.785760163325044,18.82894515991211,49669500.0
2020-04-23,18.96713503714593,19.338531858380303,18.87212773565461,18.889402389526367,50614800.0
2020-04-24,19.09668873449118,19.26079296488833,18.7166546770532,19.15714836120605,47633500.0
2020-04-27,19.450816881207967,20.42681183259406,19.390357235644466,20.27134323120117,66916700.0
2020-04-28,21.117784258316927,21.428719829117124,20.599556110447445,20.63410377502441,65504900.0
2020-04-29,21.51509302771537,21.68783630537956,21.169608119788982,21.40281105041504,73493900.0
2020-04-30,20.91048701308079,21.057318261407733,20.599551511695463,20.772293090820312,55244100.0
2020-05-01,20.193607234175275,20.26270420150088,19.70129113605517,19.934494018554688,51772600.0
2020-05-04,19.606283788017205,19.856759676188897,19.37308090608375,19.8049373626709,45886100.0
2020-05-05,20.279975787175616,20.31452508931253,19.537183912647293,19.57173156738281,45691900.0
2020-05-06,19.86539870796974,19.93449568105791,19.200339312369977,19.303985595703125,53874600.0
2020-05-07,19.57174045576808,20.18497766798505,19.528555455886124,19.727209091186523,51884300.0
2020-05-08,20.27134207599996,20.400900334712095,20.08132582257142,20.35771369934082,45181000.0
2020-05-11,19.960406308411525,19.96904363538629,19.485363209209652,19.50263786315918,68951800.0
2020-05-12,19.614919730721702,19.709928679614684,18.87212773565461,18.889402389526367,69588700.0
2020-05-13,18.70802641499029,18.785760729109803,17.896135604965377,18.025693893432617,112113400.0
2020-05-14,17.524734761731523,18.82030405480536,17.360628856669738,18.751205444335938,88359100.0
2020-05-15,18.483459871298287,18.74257478778778,18.33662857950817,18.518009185791016,64484000.0
2020-05-18,19.36444357926381,19.917219316526836,19.06214373017248,19.8049373626709,86589400.0
2020-05-19,19.57173304102965,19.86539554169906,19.16578859476382,19.183061599731445,62179000.0
2020-05-20,19.589012709887577,19.865400628967155,19.554463396301657,19.78766632080078,59789500.0
2020-05-21,19.70128983511206,20.098598606549853,19.67537950370194,19.779024124145508,57726000.0
2020-05-22,19.8049344146028,19.82220906567126,19.398988351501025,19.57173156738281,48107000.0
2020-05-26,20.51318448813418,21.247340894031986,20.46999949554096,20.9709529876709,119485500.0
2020-05-27,22.516994774666237,22.60336639313102,21.56691026635678,22.43926048278809,117672700.0
2020-05-28,22.52563797673155,22.577460302366863,21.411448914861065,21.471908569335938,84340800.0
2020-05-29,21.09187311777319,21.5150923220268,20.78093588713709,20.83275985717773,113811100.0
2020-06-01,20.97095240418553,21.480543210135885,20.77229716053915,21.255977630615234,58375500.0
2020-06-02,21.558270696827204,21.929667464404197,21.21278590631422,21.454626083374023,71118100.0
2020-06-03,22.024679726513064,22.57745547483348,21.92967077699486,22.447898864746094,86744600.0
2020-06-04,22.36092817864357,23.335033943635363,22.23916558010372,23.291547775268555,94545300.0
2020-06-05,25.17887051846476,25.23105424020318,24.248251137267733,24.448291778564453,118767900.0
2020-06-08,24.86576895658427,25.135386831912964,24.474386832001585,24.82228279113769,79598500.0
2020-06-09,24.109096119097828,24.82228147026323,23.961240842000105,24.543964385986328,77773400.0
2020-06-10,24.326528740366427,24.43959541170788,23.056714276253267,23.134990692138672,90415300.0
2020-06-11,21.72602232330588,22.34353624166273,20.59536527918131,20.81279945373535,149875500.0
2020-06-12,21.76950859132353,21.786902063282422,20.90846952094652,21.552074432373047,73729700.0
2020-06-15,20.66493954651703,21.89126788518223,20.604058256622984,21.873872756958008,76538900.0
2020-06-16,22.769700223209476,22.82188394502519,21.62164838992002,22.43919944763184,96796500.0
2020-06-17,22.526176494698884,22.526176494698884,21.673835066965985,21.7434139251709,58349500.0
2020-06-18,21.48249340512004,22.16958441560756,21.37812428941911,21.7782039642334,53419000.0
2020-06-19,22.12610210675823,22.16958827819052,21.299851578415808,21.960851669311523,127563600.0
2020-06-22,21.647739952148022,21.769504184557626,21.40421480511011,21.41291236877441,55484300.0
2020-06-23,21.752105707218664,22.09999990575889,21.534671625769725,21.56076431274414,46108300.0
2020-06-24,21.343336391022756,21.343336391022756,20.595362404126764,20.70842742919922,75437100.0
2020-06-25,20.61275376629635,21.543371467959595,20.48229197650833,21.4998836517334,65031900.0
2020-06-26,20.95195614883913,20.969351280070637,20.021338193537044,20.13440322875977,118139200.0
2020-06-29,20.360529052577693,20.734515971125948,20.09091123225544,20.3431339263916,66269200.0
2020-06-30,20.17788981086311,20.79540200143115,20.090915818967225,20.6562442779541,61716200.0
2020-07-01,20.899765611195317,20.934554203443664,20.203975518432983,20.23006820678711,57379900.0
2020-07-02,20.734522882817995,20.864983054920483,20.19528540353233,20.25616836547852,56000200.0
2020-07-06,20.71712440568881,20.943256108302688,20.4040187160864,20.57796669006348,59589000.0
2020-07-07,20.334437746573307,20.343135310258013,19.91696464305125,20.012636184692383,60645800.0
2020-07-08,20.030034383693117,20.169192106207145,19.74302137364656,20.09091567993164,52922600.0
2020-07-09,19.951755030859506,20.14309645652728,19.473398978354076,19.80389976501465,79385900.0
2020-07-10,19.751717103063434,20.91716426285985,19.725626067132296,20.89107322692871,81142900.0
2020-07-13,21.19547991872029,21.317242501803563,20.75191409034309,21.03892707824707,73598100.0
2020-07-14,20.778003506982127,21.00413518574072,20.395320658828183,20.995437622070312,67423100.0
2020-07-15,21.534678890300125,21.630350449256525,21.117205711221036,21.39552116394043,57384400.0
2020-07-16,20.656246582633862,21.065022233594664,20.4736026722762,20.81279945373535,78067100.0
2020-07-17,20.769306007982177,20.8562799860664,20.17788660656892,20.19528007507324,66659100.0
2020-07-20,20.16919178344853,20.612757638947915,20.099612923304957,20.50838851928711,61114000.0
2020-07-21,20.62145034143628,21.29114780308888,20.604056873270583,21.238964080810547,75499300.0
2020-07-22,21.08241589622551,21.160692326320294,20.84758660594114,21.14329719543457,52193700.0
2020-07-23,21.3259371643214,21.430304604508372,20.9693453690499,21.34333229064941,61047600.0
2020-07-24,21.36072535880965,21.59555458317671,21.10850266733025,21.17808151245117,50217600.0
2020-07-27,21.065016472542908,21.10850429089493,20.76930594331172,20.995437622070312,54721300.0
2020-07-28,20.986738391467576,21.36072530513677,20.94325223546021,21.1867790222168,48406500.0
2020-07-29,21.18678275148793,21.99563800316653,21.038927472590867,21.978242874145508,71393500.0
2020-07-30,21.499886562089184,21.69992722602728,21.178084972907136,21.60425567626953,61755900.0
2020-07-31,21.682535451521307,21.699930583057565,21.273758154874503,21.639047622680664,61955800.0
2020-08-03,21.769504763639294,22.01302991715512,21.47379422674949,21.73471450805664,58284000.0
2020-08-04,21.708623611861384,21.795597599120835,21.62165128349276,21.752111434936523,37985300.0
2020-08-05,22.02172598504401,22.25655521760216,21.96084470080092,22.08260726928711,51322600.0
2020-08-06,22.13479578457786,22.326137227716057,21.98694050523309,22.152189254760746,51999700.0
2020-08-07,22.039122845865315,22.778399196040496,21.9695439928424,22.708820343017575,63354500.0
2020-08-10,22.882766531111137,23.31763477504121,22.79579255054698,23.10020065307617,64051100.0
2020-08-11,23.726409002344663,24.1351845030333,23.29154081310082,23.41330337524414,81441000.0
2020-08-12,23.900358791369342,23.97863520963574,22.969740995191845,23.248056411743164,61971300.0
2020-08-13,23.039321257504653,23.19587410360604,22.734913129962045,22.917558670043945,55955500.0
2020-08-14,22.66533501162679,23.187177296040037,22.54357242019036,23.02192687988281,50931900.0
2020-08-17,22.882768307632407,22.96974229494885,22.473992723803185,22.52617645263672,57518700.0
2020-08-18,22.500082934917412,22.604450381068173,22.14348946037883,22.20437240600586,45850100.0
2020-08-19,22.31743373988566,22.68272305902735,22.082604536389493,22.17827606201172,59856000.0
2020-08-20,21.882572754411918,22.03042804297784,21.760810161083825,21.83038902282715,49403700.0
2020-08-21,21.72602081298828,22.117402963534467,21.656441948323515,21.72602081298828,55010700.0
2020-08-24,21.93475719217258,22.352232034963787,21.77820599237822,22.34353446960449,54579500.0
2020-08-25,22.64793798991797,22.778398125845204,22.378318495592303,22.613147735595703,57304700.0
2020-08-26,22.560965741117283,22.560965741117283,22.213071465699937,22.23046493530273,39478000.0
2020-08-27,22.16958143992335,22.804488636786186,22.12609528190448,22.656633377075195,52934800.0
2020-08-28,22.961047024571247,23.021928324108707,22.604455133945283,22.874073028564453,46466400.0
2020-08-31,22.69142245608568,22.73490861185369,22.343528233270074,22.38701438903809,49416200.0
2020-09-01,22.24785875630798,22.52617416028549,22.09130592684797,22.360923767089844,46109200.0
2020-09-02,22.20437958077021,22.75231299733865,22.16958931488463,22.630550384521484,57300900.0
2020-09-03,22.945834404760912,23.31366844750873,22.29774450098645,22.472904205322266,86192500.0
2020-09-04,22.998381410583622,23.436278996458157,22.595514762946767,23.24360466003418,99621400.0
2020-09-08,22.893282639812284,23.05092601999053,22.23643633603392,22.315258026123047,74978600.0
2020-09-09,22.455388208301954,22.525451756906374,22.096312312898444,22.341535568237305,53822700.0
2020-09-10,22.507932992958946,22.67433284633509,21.96493933806508,22.017486572265625,56609600.0
2020-09-11,22.087555658691976,22.40284248402082,21.973703010904824,22.332778930664062,47708300.0
2020-09-14,22.481658038690725,22.761912175431736,22.367805422057096,22.551721572875977,47802400.0
2020-09-15,22.56923987282211,22.62178711050316,22.06127878738112,22.140100479125977,63820200.0
2020-09-16,22.14010256255477,22.69185278624303,21.93866840333668,22.42035675048828,64598600.0
2020-09-17,22.00872859387793,22.315257191600573,21.9824558117951,22.201404571533203,48862000.0
2020-09-18,22.026245336357764,22.402837477915178,21.982456251712417,22.078792572021484,94055800.0
2020-09-21,21.51828395527586,21.702201783075097,21.04535550033556,21.43070411682129,75218600.0
2020-09-22,21.25554595638259,21.544558251876516,20.852679370588557,20.966533660888672,68665300.0
2020-09-23,21.106660621606927,21.246787693199543,20.37099266052246,20.37099266052246,59950300.0
2020-09-24,20.47608813960409,20.86143844072623,20.09949766014111,20.441057205200195,53570700.0
2020-09-25,20.38850968075444,20.624973078373,20.25713908486505,20.57242584228516,42111300.0
2020-09-28,20.91398825542932,21.29058045175788,20.835168225693494,21.0979061126709,47996900.0
2020-09-29,21.001562161330472,21.01032031114276,20.60745544245533,20.817646026611328,45695200.0
2020-09-30,20.826410073401345,21.299338604050025,20.8176519211092,21.0979061126709,56226100.0
2020-10-01,21.255544146026462,21.378154906263887,20.896468344948573,21.106658935546875,44782200.0
2020-10-02,20.70379616241128,21.39567511103589,20.64249077110461,21.202999114990234,51682100.0
2020-10-05,21.47449292339574,21.640892763874746,21.3518804925025,21.56207275390625,44396800.0
2020-10-06,21.82481096029052,22.06127600570959,21.26430270784208,21.34312438964844,67541100.0
2020-10-07,21.57083090506662,21.991213790003016,21.54455812319004,21.789779663085938,47648000.0
2020-10-08,21.85108661002908,22.15761353337724,21.72847417024337,22.10506629943848,52080600.0
2020-10-09,22.19264872030246,22.32401765566854,21.929910849570305,22.21016502380371,44511500.0
2020-10-12,22.157614421147404,22.62178640580233,22.105067185103277,22.49041748046875,48362900.0
2020-10-13,22.455383003058987,22.49041560446389,21.75474767942469,21.8510856628418,61186900.0
2020-10-14,21.325613199018147,21.535803844050488,20.66000865452569,20.686283111572266,127409500.0
2020-10-15,20.66000872736692,21.19424432940357,20.563670721636573,21.150453567504883,66832400.0
2020-10-16,21.19423809893581,21.32560700511985,20.96653121534189,21.22926902770996,58357700.0
2020-10-19,21.281824019619545,21.299340325619635,20.747590050191864,20.77386283874512,51377900.0
2020-10-20,20.922746228495125,21.439465516178267,20.913988076278,21.141695022583008,62476400.0
2020-10-21,21.21175524912407,21.31685138882977,21.027839092697175,21.06287002563477,41564900.0
2020-10-22,21.06287154567939,21.816055868326995,21.01908245873566,21.781024932861328,55402000.0
2020-10-23,22.10506914162831,22.12258544534223,21.640897115889405,21.80729866027832,51007400.0
2020-10-26,21.43070116145224,21.52703913751157,21.15044705340284,21.49200820922852,59450200.0
2020-10-27,21.27306471462689,21.360642892114,20.85268177863416,20.887714385986328,55009300.0
2020-10-28,20.502361518367174,20.721310275864,20.24838182830301,20.554908752441406,81942500.0
2020-10-29,20.45857706589108,20.800136670356043,20.24838641157057,20.616220474243164,57490400.0
2020-10-30,20.572429788989165,20.878958454126,20.35348098109812,20.75634765625,66453400.0
2020-11-02,20.922742233591908,21.24678712196673,20.55490826293912,21.08914375305176,59756400.0
2020-11-03,21.527046466848372,21.84233328097312,21.46574106864563,21.623384475708008,65106200.0
2020-11-04,20.92274483200148,21.14169361147557,20.37975279435583,20.738828659057617,88845500.0
2020-11-05,20.93149892715224,21.710957566926226,20.896467997857552,21.55331420898437,74722600.0
2020-11-06,21.83357646208501,21.859849251235826,21.220519101713325,21.29058265686035,55454500.0
2020-11-09,23.29615237505887,24.75873040835866,23.033412815937776,24.312074661254883,178378800.0
2020-11-10,24.07560589302195,24.312070959088743,23.804109893341465,24.22449111938477,77694600.0
2020-11-11,24.303312591556573,24.320828893430612,23.751562446096067,23.944236755371094,48360900.0
2020-11-12,23.50634415514841,23.558891401331294,23.042172080933536,23.374975204467773,67912600.0
2020-11-13,23.541371064048658,23.830383374228,23.43627658968156,23.646467208862305,52421000.0
2020-11-16,24.39964978156546,24.52226054977146,23.80410890094244,24.15442657470703,57396700.0
2020-11-17,23.865416888267585,24.17194551266493,23.65522626108139,24.128154754638672,46402300.0
2020-11-18,24.198216569137998,24.46095608719454,23.61143381705882,23.628950119018555,54416700.0
2020-11-19,23.585161034565715,23.65522457195816,23.339937818468904,23.628950119018555,46423000.0
2020-11-20,23.41876090935441,23.6026787500532,23.322422913252836,23.48006629943848,40538000.0
2020-11-23,23.742807898315505,24.101883788993558,23.699017136984803,23.98802947998047,45421200.0
2020-11-24,24.46095852634786,25.38930090698015,24.452200374494662,25.380542755126957,80387800.0
2020-11-25,25.144077723786086,25.43309172426087,24.942645242043056,25.42433357238769,57249900.0
2020-11-27,25.37178118400578,25.48563547230693,25.2316541141324,25.38929748535156,25971600.0
2020-11-30,25.152832595717296,25.27544503550636,24.60984061396019,24.66238784790039,63567900.0
2020-12-01,25.170349295082968,25.43308880983036,25.10904390944252,25.12656021118164,50255100.0
2020-12-02,25.12656025460604,25.555699625277303,24.98643318134385,25.450603485107425,45257500.0
2020-12-03,25.503479457411206,25.64447989785216,25.23028963330624,25.47704124450684,54013700.0
2020-12-04,25.732607203198462,25.935295138905456,25.55635580119189,25.811920166015625,66188200.0
2020-12-07,25.46822914337337,25.688542547175665,25.28316669099123,25.63566780090332,42197800.0
2020-12-08,25.432979569830152,25.688542241150216,25.353666610937545,25.494667053222656,33869100.0
2020-12-09,25.77667081095565,25.77667081095565,25.336043959486325,25.38010597229004,54886300.0
2020-12-10,25.230290591375745,25.670917404700116,25.08929014558058,25.65329360961914,58859600.0
2020-12-11,25.274360028674156,25.336047527630186,24.939482633115272,25.17742156982422,40538400.0
2020-12-14,25.485856755056425,25.52110602857294,24.79847827247516,24.86897850036621,40267100.0
2020-12-15,24.98354063970108,25.397729238918828,24.89541494090682,25.239103317260746,43672700.0
2020-12-16,25.38010295805466,25.397728433426096,25.06285280565802,25.30960273742676,42463200.0
2020-12-17,25.30079065025107,25.48585478469366,25.14216641040328,25.40654182434082,43182700.0
2020-12-18,25.459418187818304,25.64448233401384,25.17741728014701,25.26554298400879,82817200.0
2020-12-21,25.644479090943538,26.42879422632496,25.31841453214736,26.208480834960938,93397400.0
2020-12-22,26.243730952103896,26.243730952103896,25.7061657563494,25.74141502380371,39054300.0
2020-12-23,25.900037533566945,26.746041692695652,25.84716279888937,26.481664657592773,52537200.0
2020-12-24,26.675546928198745,26.675546928198745,26.208481914165564,26.40235710144043,22632300.0
2020-12-28,26.640297408232748,26.92229830700055,26.428796734156894,26.55217170715332,32861200.0
2020-12-29,26.587421110723703,26.65792133130773,26.37592044897164,26.446420669555664,33291900.0
2020-12-30,26.43761029444043,26.63148549815745,26.38473554449179,26.419984817504883,26370100.0
2020-12-31,26.4464190579872,26.78129466514048,26.349480630269625,26.71079444885254,28716000.0
2021-01-04,26.842984118147747,26.939922552993558,26.217294862690277,26.464046478271484,51483900.0
2021-01-05,26.58742173530712,26.91348631370418,26.358295592812038,26.66673469543457,48507000.0
2021-01-06,28.111988924536583,28.74649089835284,27.63611286438884,28.33230400085449,107002800.0
2021-01-07,29.35455539505411,29.62774182948543,28.94036517289652,28.957990646362305,74358500.0
2021-01-08,29.01086941090578,29.08137131863524,28.29705608458297,28.66718101501465,44641400.0
2021-01-11,28.27942872753398,29.19593329678852,28.111990069524424,29.14305686950684,51868200.0
2021-01-12,29.451497734670458,29.93618997046953,29.257624202066985,29.663000106811523,68166200.0
2021-01-13,29.460309301037046,29.680622709892116,29.16068293052552,29.486745834350582,43172800.0
2021-01-14,29.504364786220773,30.28867981043619,29.45148836957032,29.953805923461918,48483500.0
2021-01-15,29.336930810291275,29.636557144855505,28.816991093303795,29.090177536010746,57684300.0
2021-01-19,28.640746088189232,29.610123841872245,28.376370642795337,28.878684997558597,78130200.0
2021-01-20,28.86987321499957,28.896313115155564,28.341122275910436,28.49974822998047,53920000.0
2021-01-21,28.499739323007955,28.623114279456164,27.962174131298944,27.997425079345703,49626600.0
2021-01-22,27.63611184868792,27.979800195099703,27.539173420373725,27.80354881286621,45314500.0
2021-01-25,27.55679827415348,27.58323480429269,26.939920131086907,27.45985984802246,48078400.0
2021-01-26,27.67136325348068,27.697801467114665,27.23954918260625,27.265987396240234,36373000.0
2021-01-27,26.71079736440718,26.816548540810984,26.146795572541357,26.28779602050781,63809200.0
2021-01-28,26.80773782843477,27.098551484448187,26.367110975029117,26.71961212158203,51223300.0
2021-01-29,26.7901135894742,26.87823930040124,26.07629852459562,26.129173278808597,64019100.0
2021-02-01,26.32304582367269,26.472859003203496,26.05866873463476,26.40235710144043,40985300.0
2021-02-02,26.948737749292267,27.495115776189824,26.913488475769405,27.34530258178711,53527000.0
2021-02-03,27.239546636492207,27.962174266364027,27.21310842532944,27.829986572265625,49404900.0
2021-02-04,28.023865036228045,28.667179789025194,28.006241240907386,28.640743255615234,51751900.0
2021-02-05,28.98443063971679,29.002056115289047,28.482116351912577,28.52617835998535,42008800.0
2021-02-08,28.57905541834624,29.32811965728612,28.55261888526143,29.160682678222656,46014100.0
2021-02-09,29.054929398225703,29.09899140153091,28.720052122018465,29.037303924560547,35868600.0
2021-02-10,29.18711664312099,29.45149203585399,28.957992199209865,29.06374168395996,45031900.0
2021-02-11,29.0549351434426,29.35456153156656,28.684806846717223,28.975622177124023,29479900.0
2021-02-12,29.08136965583702,29.477934459850683,29.002056695034288,29.407432556152344,37468300.0
2021-02-16,29.94499527931864,30.456123952859095,29.698245360624902,30.200559616088867,52802600.0
2021-02-17,29.997877342986925,30.45612967937791,29.77756391366719,30.32394027709961,45455300.0
2021-02-18,30.01550344542523,30.535443283909512,29.98025248918855,30.13006401062012,37541700.0
2021-02-19,30.13887498768013,30.60593833845529,30.1212495115752,30.438501358032227,54514100.0
2021-02-22,30.359186503657327,31.0641886953215,30.323935553645214,30.97606468200684,56783400.0
2021-02-23,31.2140061682726,31.628196505949845,30.96725619436254,31.302133560180664,67440700.0
2021-02-24,31.496007199732738,32.183383976866985,31.37262886383538,32.06000900268555,58139500.0
2021-02-25,32.57113275812843,32.63282024215507,31.513627749261243,31.663442611694336,74762000.0
2021-02-26,31.48719123914279,31.751566651119948,30.561875616364865,30.58831214904785,70933300.0
2021-03-01,31.30212879338625,31.769192133366083,31.055378857052112,31.54006767272949,45901700.0
2021-03-02,31.416686901423585,31.672247847542632,31.284497538967248,31.31093406677246,41167400.0
2021-03-03,31.69869534628719,32.579949009632706,31.58413142877181,32.09525680541992,66047000.0
2021-03-04,32.00669575604125,32.65320581816095,31.811855903912768,32.325523376464844,96512800.0
2021-03-05,32.794902505095145,33.299711714814734,32.03325959122688,32.70634078979492,74292300.0
2021-03-08,33.104880141904296,33.41484956952723,32.60892567929423,32.88347244262695,65335500.0
2021-03-09,32.369797997155715,32.91003320775458,31.71443324015024,32.16610336303711,63946000.0
2021-03-10,32.36094425887472,33.237716696837,32.21038529393999,33.09601593017578,53365600.0
2021-03-11,33.00744475298404,33.46797295717904,32.63547823565232,32.98087692260742,45834000.0
2021-03-12,33.58310943200576,33.81337527101452,33.281998282923134,33.60082244873047,46069600.0
2021-03-15,33.68053164668628,33.71595768256742,32.96317300136318,33.43255615234375,50131600.0
2021-03-16,33.140307970845434,33.40599995411492,32.74177675276903,33.335147857666016,50300400.0
2021-03-17,33.65396866721316,33.9727962793434,33.060597683403266,33.60968780517578,63796000.0
2021-03-18,34.105643903185374,35.398667563195886,34.025936988379335,34.48646545410156,95439700.0
2021-03-19,33.9107911878017,34.46873594619114,33.2377101450289,34.12334060668945,106252700.0
2021-03-22,33.72481465943465,33.99050316209612,33.12258558491528,33.35284805297852,54701300.0
2021-03-23,33.08716842464223,33.49455779655008,32.5735009204348,32.679779052734375,49838000.0
2021-03-24,32.95432244847451,33.46798995268194,32.670920852502654,32.679779052734375,43896800.0
2021-03-25,32.65319907252033,33.432554941618214,32.4406496217562,33.35284805297852,47517900.0
2021-03-26,33.96393153935297,34.32703994359572,33.72481425471603,34.25619125366211,66846000.0
2021-03-29,33.698246704488774,34.21191412062105,33.52997809148661,33.92851257324219,45680000.0
2021-03-30,34.2119112717115,34.94698291826018,34.2119112717115,34.530738830566406,56705900.0
2021-03-31,34.203058912651045,34.53074472542148,34.06135812657118,34.26505279541016,49270000.0
2021-04-01,34.38904791548497,35.0001319926569,34.29162798033866,34.97356414794922,65587000.0
2021-04-05,35.42522709190382,35.673202600455014,35.07097346961962,35.24810028076172,50328500.0
2021-04-06,35.00897216941184,35.55806550536755,34.94697830541881,35.150672912597656,42590100.0
2021-04-07,35.22154118404796,35.55808187091109,35.06212735229246,35.46951675415039,43136400.0
2021-04-08,35.24810380896953,35.29238467158419,34.73443972149573,35.159542083740234,45285900.0
2021-04-09,35.34551831978429,35.58463899537244,34.99126471630272,35.4163703918457,45872900.0
2021-04-12,35.41637297344038,35.7617684038847,35.292381838294865,35.47836685180664,45544600.0
2021-04-13,35.25695856632182,35.26581338661493,34.71672331129304,34.822998046875,46770400.0
2021-04-14,34.52188545919565,35.717488972062334,34.46874639915276,35.31895446777344,52023800.0
2021-04-15,35.18610627672072,35.28352619141817,33.69824647395389,34.30933380126953,118128900.0
2021-04-16,34.81414416730176,34.91156070680999,34.45989053457229,34.67244338989258,60633400.0
2021-04-19,34.884991040240415,34.92041707734108,34.56616346316013,34.69015121459961,42321100.0
2021-04-20,34.53959781792916,34.53959781792916,33.556547185642,33.72481918334961,50834100.0
2021-04-21,33.43256301146695,34.344761662872955,33.13144840152515,34.2916259765625,37851800.0
2021-04-22,34.31818900531869,34.33590202440841,33.80452158695571,33.97279357910156,48093400.0
2021-04-23,33.93736604639825,34.840709709715014,33.84880433326267,34.69900894165039,48674100.0
2021-04-26,34.84956327852169,35.29237858512762,34.787569405869874,34.90270233154297,34699800.0
2021-04-27,35.132969446829875,35.35437712938891,34.991268665128615,35.31895446777344,34304800.0
2021-04-28,35.3632357626063,35.62006948834599,35.318954901233674,35.45179748535156,34084400.0
2021-04-29,35.91232123706658,36.4259886221916,35.83261434552693,36.40827560424805,44008700.0
2021-04-30,36.16915809316186,36.22229715164035,35.841475678577126,35.89461135864258,39203400.0
2021-05-03,36.19572791090202,36.3551417166347,35.79719339657035,35.92118453979492,41940500.0
2021-05-04,35.63778930448035,36.3817194040081,35.230396518290675,36.31086730957031,53880000.0
2021-05-05,36.4879851993846,36.806812789166905,36.09830553257823,36.65625381469727,37471100.0
2021-05-06,36.73595818555511,37.24962557341212,36.5234087259274,37.20534133911133,39044400.0
2021-05-07,36.425992055486304,37.417897504927545,36.40827903587322,37.35590362548828,39249200.0
2021-05-10,37.63930675927173,38.028983071844856,37.22305922695933,37.24077224731445,41271500.0
2021-05-11,36.79795699301517,37.497606096452174,36.61197534630301,36.81567001342773,42964700.0
2021-05-12,37.533025641442094,37.69243941915228,36.34628050649549,36.47026824951172,47533000.0
2021-05-13,36.18687277234914,37.27619818302173,36.11602069112824,37.05479049682617,42026100.0
2021-05-14,37.24962369448494,37.62158691927742,37.125632574474864,37.51531219482422,30932600.0
2021-05-17,37.40904089774949,37.94927276728942,37.33818882268091,37.85185623168945,32656400.0
2021-05-18,37.81643339807627,38.03784108380457,37.32047896581614,37.338191986083984,37880300.0
2021-05-19,36.88652031887203,37.19648971513293,36.58540574318443,37.169921875,42672800.0
2021-05-20,37.10792726660784,37.31162191992157,36.71824760077899,37.081356048583984,36871100.0
2021-05-21,37.2141987099206,37.72786270794411,37.099065784441336,37.55073928833008,40243800.0
2021-05-24,37.71016325544925,37.88728672291007,37.41790345299444,37.75444412231445,31390800.0
2021-05-25,37.80757043874442,38.31237962837617,37.13449264537301,37.20534133911133,52657700.0
2021-05-26,37.21419768840868,37.41789231810364,36.8953701363948,37.231910705566406,41332800.0
2021-05-27,37.62159985788068,37.94928234171337,37.30277219645913,37.68359375,52981100.0
2021-05-28,37.7810099128428,37.82529077730074,37.240774582581054,37.54188919067383,38509700.0
2021-06-01,38.03783219973054,38.33008851985798,37.87841843296561,38.011260986328125,42890700.0
2021-06-02,38.170684857970606,38.23267874163382,37.72786947271149,38.02898406982422,34180500.0
2021-06-03,38.037871873956725,38.67821122137487,37.95782945552946,38.46476364135742,46981200.0
2021-06-04,38.455875711251,38.58927749465208,38.09123874173941,38.4825553894043,37192600.0
2021-06-07,38.48255296425939,38.58927506278162,38.29578844368692,38.34914779663086,28401900.0
2021-06-08,38.11791645846225,38.45587373243029,37.73549192564867,38.135704040527344,41871400.0
2021-06-09,37.77106614606248,38.002297921862585,37.45089646215903,37.63766098022461,42366300.0
2021-06-10,38.02897948709925,38.20685191950761,37.01511103279638,37.07736587524414,40123600.0
2021-06-11,37.184094138113736,37.25524108079232,36.9172837733236,37.22856140136719,31203600.0
2021-06-14,37.219666072552215,37.27302882426575,36.51707516781509,36.78388214111328,36050700.0
2021-06-15,36.71273211779941,36.961754901946186,36.37477819864304,36.81056213378906,39247900.0
2021-06-16,36.71273169040712,37.34417904281619,36.1702222572418,37.015113830566406,63859100.0
2021-06-17,37.37085823765945,37.44200517949711,35.32533361846507,35.396480560302734,80728200.0
2021-06-18,34.693882391511764,34.951797236157695,34.23141883973641,34.48933029174805,102774200.0
2021-06-21,34.79170812656605,35.37868467773422,34.71166571537794,35.35200500488281,48119400.0
2021-06-22,35.467633650243265,35.80558758733839,34.93401627814818,35.54767608642578,44113200.0
2021-06-23,35.71665642454417,35.94788826608906,35.63661398081032,35.75223159790039,32039900.0
2021-06-24,35.965666314205954,36.47260052586311,35.73443453398673,36.31251907348633,37161800.0
2021-06-25,36.7038395948001,37.20188176466091,36.3214150236388,37.015113830566406,53178800.0
2021-06-28,36.87281212196016,36.97953761222906,36.5526424364221,36.96175003051758,34416500.0
2021-06-29,37.02400991601576,37.30860447691689,36.241373177220254,36.36588287353516,38519600.0
2021-06-30,36.25026653621902,36.78388390098021,36.21469475934286,36.66826629638672,29159800.0
2021-07-01,36.961761128311984,37.08627084504218,36.650483443851165,36.943973541259766,28045100.0
2021-07-02,36.79277885461988,36.88171678530506,36.55265153072265,36.59712219238281,28980800.0
2021-07-06,36.29473515216224,36.35698999898614,35.458735678867576,35.6366081237793,47578700.0
2021-07-07,35.19192018250659,35.574344659001575,35.00515568727897,35.35200500488281,43499900.0
2021-07-08,34.3470330313631,34.89843788390978,34.22252335260556,34.48933029174805,52793100.0
2021-07-09,35.26307495498579,35.78779674069822,35.04073527277941,35.60992431640625,43887200.0
2021-07-12,35.387589611096764,36.29473604919564,35.25418442595716,36.13465118408203,42624500.0
2021-07-13,36.00123815022783,36.00123815022783,35.200817391796164,35.44983673095703,54338100.0
2021-07-14,34.78282555482716,35.174142231849444,33.60887213112552,34.56048583984375,105651700.0
2021-07-15,34.14248578105221,34.97848527311058,34.08023093283103,34.53380584716797,54697300.0
2021-07-16,34.880660515249446,34.942915372856284,33.43100441818617,33.724491119384766,60469700.0
2021-07-19,32.68393598766571,33.12861538885844,32.470488382333976,32.84402084350586,83251500.0
2021-07-20,32.78176948754107,33.90236020504611,32.55942976328225,33.51993560791016,59462900.0
2021-07-21,33.84009787079712,34.48043722071111,33.777843033181504,34.204734802246094,49907400.0
2021-07-22,34.11580038014413,34.151375542486164,33.51103619086636,33.76005554199219,52715600.0
2021-07-23,33.97351093555968,34.03576578765653,33.40432177773989,33.528831481933594,48659400.0
2021-07-26,33.493255125560346,34.0090849019681,33.493255125560346,33.9112548828125,32258000.0
2021-07-27,33.546619280142345,34.00908632196532,33.31538406291335,33.77785110473633,39121400.0
2021-07-28,33.96461424407201,34.24031671690735,33.573297560084484,33.9112548828125,43331100.0
2021-07-29,34.284776859928336,34.667201368473584,34.124692024135705,34.400394439697266,43039100.0
2021-07-30,34.249204544048894,34.53380247004481,33.84010032642108,34.11580276489258,46210100.0
2021-08-02,34.151375542486164,34.64052215046942,33.71558828538175,33.76005554199219,49894000.0
2021-08-03,33.84900224661658,34.355936567544255,33.39542729043807,34.284786224365234,39680600.0
2021-08-04,33.82231896595836,34.48044606582232,33.671129576574856,34.0357666015625,42289800.0
2021-08-05,34.302561986999535,34.73834920717928,34.284774407335675,34.70277404785156,34754500.0
2021-08-06,35.102991806285395,35.938987830374124,35.102991806285395,35.70775604248047,58022300.0
2021-08-09,35.618814179302305,36.4281304361219,35.39647451102622,36.17021560668945,56340100.0
2021-08-10,36.20579478447446,37.01511113107867,36.09018058684135,36.846134185791016,44987300.0
2021-08-11,36.99733133755618,37.52205325907457,36.89060921241343,37.30860900878906,58458200.0
2021-08-12,37.55762002011185,37.610982767049485,37.14851580482659,37.486473083496094,37400100.0
2021-08-13,37.43311395946968,37.55762365507356,36.84613725688369,37.02400970458984,41344900.0
2021-08-16,36.60601248854942,36.7305221927491,36.116865768064265,36.72163009643555,38599100.0
2021-08-17,36.50818322107394,36.97065026954928,36.12575861161616,36.543758392333984,43526900.0
2021-08-18,36.25915943799791,36.935070647310525,36.16132942513964,36.276947021484375,50342500.0
2021-08-19,35.68106563527813,36.170212180626464,35.583235647681704,35.74332046508789,51883900.0
2021-08-20,35.65439250033866,35.992349776007416,35.49430765358159,35.903411865234375,40415000.0
2021-08-23,36.13465141186486,36.5526477688433,36.10796833908786,36.383670806884766,35364500.0
2021-08-24,36.55264482250568,37.06847454790808,36.49928546652235,36.890602111816406,35579300.0
2021-08-25,37.0506857984248,37.75328003291542,36.94396369718396,37.486473083496094,51219900.0
2021-08-26,37.797741697453134,38.10012376673812,37.37084996304503,37.38863754272461,41184500.0
2021-08-27,37.45979509259902,37.93115760620387,37.29971022271585,37.78886032104492,46468600.0
2021-08-30,37.91335716016115,37.91335716016115,37.02399858145545,37.05067825317383,44855600.0
2021-08-31,37.05957934325895,37.415324218159896,36.78388028821356,37.13072967529297,54654600.0
2021-09-01,37.1307364820192,37.15741616510553,36.49039694686567,36.632694244384766,52361900.0
2021-09-02,36.74890583351576,37.08859503958417,36.32876401048433,36.668453216552734,44538900.0
2021-09-03,36.66844651152495,36.82041064354505,36.36451483746472,36.69526290893555,41812400.0
2021-09-07,36.87404494086388,37.41039332145033,36.81147107679613,36.93661880493164,43748600.0
2021-09-08,36.72208079842173,37.08858632064462,36.36451293819557,36.45390319824219,36064400.0
2021-09-09,36.34664718556613,36.96344838422902,36.25725689359332,36.58800506591797,36266400.0
2021-09-10,36.84723377419096,36.96344044679748,35.971196142895465,35.99801254272461,40514700.0
2021-09-13,36.29299221837423,36.61480255928908,36.069513193852174,36.596923828125,42036300.0
2021-09-14,36.766785263646135,36.92769050060027,35.45272696519431,35.61363220214844,53820400.0
2021-09-15,35.51529226380374,36.06058172283591,35.4616560611052,35.881797790527344,52358200.0
2021-09-16,36.18572141968331,36.48071535401058,35.935426016025595,36.15890502929688,42922000.0
2021-09-17,36.06057539839983,36.355565936455534,35.828158714174705,36.2036018371582,92746000.0
2021-09-20,35.202421169989165,35.27393269330545,34.29062623007356,34.961063385009766,67566200.0
2021-09-21,35.104086768759714,35.39907731789884,34.809092809601175,34.978939056396484,38271100.0
2021-09-22,35.53317099803658,36.22148692091162,35.53317099803658,35.881797790527344,46261400.0
2021-09-23,36.436029636818326,37.437218423576,36.33770170081599,37.267372131347656,49779800.0
2021-09-24,37.29419252926594,37.84841973101816,37.23161865535941,37.66963577270508,39042300.0
2021-09-27,38.15234863879986,38.822785875784376,38.11659116775586,38.67081832885742,49755400.0
2021-09-28,38.82277866814509,39.36806806526005,38.49203064744336,38.5814208984375,60781200.0
2021-09-29,38.59930408124586,38.72445181107534,38.20598215749324,38.500972747802734,44260200.0
2021-09-30,38.75127332896715,38.75127332896715,37.75008794799125,37.94675064086914,47410800.0
2021-10-01,37.973562592273545,38.822783727464966,37.89310999188657,38.50991439819336,40987100.0
2021-10-04,38.53673211933482,39.39489094627407,38.50097464904067,38.742332458496094,48273400.0
2021-10-05,39.12672101015442,40.00275866786841,39.03732732466089,39.52898406982422,54070700.0
2021-10-06,39.19822950984299,39.59155487548268,38.9300552941924,39.54685974121094,47031700.0
2021-10-07,40.03851234026934,40.11002387185347,39.35913403510959,39.4395866394043,46258800.0
2021-10-08,39.39488793652326,40.05638744634655,39.26079913817456,39.63624572753906,39389400.0
2021-10-11,39.86866942743438,40.05639445999613,39.10884186380293,39.13565826416016,36283500.0
2021-10-12,39.03731488492985,39.33230883802432,38.67975048695941,38.92110824584961,36898300.0
2021-10-13,38.93005459219968,39.01050719644614,37.839479013550005,38.56354904174805,43908000.0
2021-10-14,39.6630648303136,40.31562331277532,38.86747987786055,40.2888069152832,82201000.0
2021-10-15,40.91454504399959,41.719067581149616,40.54803953695998,41.45089340209961,64264900.0
2021-10-18,41.37938250854977,41.91573087480946,41.14696238248941,41.37044143676758,49542500.0
2021-10-19,41.56711121951884,41.68332130246512,41.29893699042924,41.54923248291016,32515500.0
2021-10-20,41.55816083081044,42.22859790325186,41.16483556589913,42.09450912475586,40411000.0
2021-10-21,42.103456911856384,42.44314606506602,41.6654398287888,41.86210250854492,36848600.0
2021-10-22,42.005128041383735,42.56829284985976,42.005128041383735,42.52359771728516,36225600.0
2021-10-25,42.72919195025854,42.890097132553976,42.19284361595344,42.46995544433594,31679500.0
2021-10-26,42.60404870508771,43.29236463271113,42.40738603718962,42.87222290039063,35674800.0
2021-10-27,42.44314570716176,43.059946729350045,42.04088268833457,42.04982376098633,45790800.0
2021-10-28,42.54147610332839,42.90798164346552,42.28223956249431,42.71131896972656,37209600.0
2021-10-29,42.6845025724058,43.02419171522217,42.47890223623326,42.71131896972656,31756200.0
2021-11-01,42.9973705127833,43.05994437784813,42.2643594562924,42.77389144897461,36937200.0
2021-11-02,42.52359731010812,43.28342478666083,42.32693463663894,42.80071258544922,36283400.0
2021-11-03,42.72919935537796,43.52478433348331,42.55935648241821,43.238731384277344,42553000.0
2021-11-04,43.04207798098685,43.04207798098685,41.906803692167294,42.30906677246094,47646300.0
2021-11-05,42.55041611670971,42.74707880131445,41.85316246768593,41.98725128173828,38271200.0
2021-11-08,42.32693464118205,42.7291976505849,42.2375443768792,42.317996978759766,33815500.0
2021-11-09,41.70120276171067,42.33588260766519,41.48666131841955,41.90680313110352,36900300.0
2021-11-10,41.790586121819445,42.47890206714593,41.70119585775938,42.21966552734375,39385600.0
2021-11-11,42.29118219245332,42.80965188319573,42.02300456928917,42.45208740234375,31194800.0
2021-11-12,42.46996509435774,42.48784383089959,41.7995278191299,41.9336166381836,44268500.0
2021-11-15,42.24648703462158,42.36269711997223,41.92467999906811,42.05876541137695,35335500.0
2021-11-16,42.17497682554056,42.26436710322955,41.73695628081526,42.08558654785156,35120800.0
2021-11-17,42.085577561385605,42.192846553711526,41.52240938413991,41.57604217529297,32963700.0
2021-11-18,41.75483104749438,41.84422472670259,41.30787288151387,41.40620422363281,30639000.0
2021-11-19,40.85197547677078,40.91454934479268,40.07426925277012,40.58380126953125,48429500.0
2021-11-22,41.76376675470979,41.89785214126484,41.03969339124143,41.37044143676758,53697100.0
2021-11-23,41.89785323702473,42.59511022342148,41.719069306922485,42.46102142333984,49362900.0
2021-11-24,42.38951495063557,42.89010937286484,42.201793321057295,42.577239990234375,40060000.0
2021-11-26,40.69107112457239,41.15590801822104,40.002755151863056,40.905609130859375,55110100.0
2021-11-29,41.49559565365908,41.745894552424005,40.3782002074487,40.75364685058594,50231100.0
2021-11-30,40.01168978550877,40.4228938514653,39.65412533209337,39.75245666503906,77193600.0
2021-12-01,40.42289055556761,40.85196991069285,39.16246888425611,39.18928527832031,60601600.0
2021-12-02,39.81803700843584,40.86895125311405,39.521623189824574,40.32103729248047,57821400.0
2021-12-03,40.41985366066167,40.482728714463576,39.1623457317566,39.40486526489258,74605300.0
2021-12-06,40.02463404018775,40.31206380418205,39.48570066287362,39.65636444091797,48193100.0
2021-12-07,40.02463582714703,40.33901107479122,39.90786640955066,40.159366607666016,40740800.0
2021-12-08,40.13241459135766,40.24019988348,39.602465384309895,39.665340423583984,50560300.0
2021-12-09,39.44078908853688,40.177328262497554,39.207253697997146,39.96175765991211,37316700.0
2021-12-10,40.159372695894085,40.267161448370096,39.584513055090326,39.988712310791016,37700200.0
2021-12-13,39.76415230281709,39.88092172270889,38.97371868778786,39.14438247680664,38653900.0
2021-12-14,39.153358234947135,40.25816696487188,39.09946387259732,39.63839721679688,47099400.0
2021-12-15,39.85396967263785,39.92582882579005,39.180305530784594,39.467735290527344,60057100.0
2021-12-16,40.15038820766624,40.74321258436216,39.60247409369525,40.41985321044922,69487200.0
2021-12-17,39.970739803487454,40.150384263171766,39.18030623673633,39.41384506225586,124242400.0
2021-12-20,38.8659287945614,38.946768625506046,38.3539443407229,38.76712417602539,56455200.0
2021-12-21,39.10845855806094,39.95278323799388,39.10845855806094,39.69229888916016,47845600.0
2021-12-22,39.593491282977446,40.04260073894716,39.41384681530292,39.77313232421875,35715700.0
2021-12-23,40.13242266365762,40.48272750334059,39.88092245597413,39.89888381958008,34053500.0
2021-12-27,40.01564911900507,40.25816861990001,39.80007851360934,40.09648895263672,33879200.0
2021-12-28,39.94379307274223,40.49170711558659,39.89887938941429,40.15038299560547,32492400.0
2021-12-29,40.28511497683585,40.52763448307584,40.060560259180285,40.08750915527344,25294900.0
2021-12-30,40.19529372313093,40.50966895150959,39.95277422133896,39.997684478759766,23852200.0
2021-12-31,39.98870312862705,40.16834758173689,39.77312909960866,39.96175765991211,24253900.0
2022-01-03,40.50069278959359,41.75820069628473,40.40188815638357,41.47975158691406,58587900.0
2022-01-04,42.27018961151154,43.5007487472621,42.25222481938837,43.10553359985352,74606700.0
2022-01-05,43.24025326092948,43.44684317747059,42.35999923228057,42.37796401977539,57791600.0
2022-01-06,43.09654325759975,43.25822293689113,42.38694949031351,43.23127746582031,52040900.0
2022-01-07,43.24923607311747,44.29116973159394,43.16839624502737,44.17440032958984,59082600.0
2022-01-10,44.83010611937359,44.98280511738002,43.41990269037071,43.949851989746094,66839500.0
2022-01-11,44.00374533810765,44.2372807440497,43.68936666782302,44.20135116577149,40454400.0
2022-01-12,44.165419990219846,44.354048556142,43.725294664745256,43.8869743347168,41378000.0
2022-01-13,43.94086836449124,44.452856306368986,43.68038747915572,43.79715347290039,46337500.0
2022-01-14,42.6833599022399,43.32109445949738,42.3869460388641,43.03366470336914,72953300.0
2022-01-18,42.979777372854045,43.042652428144585,41.36298387343502,41.55160903930664,65877400.0
2022-01-19,43.46481501435596,43.6354788100196,41.63244750989427,41.713287353515625,84451800.0
2022-01-20,41.9378379968808,42.26119733977582,41.01267365304577,41.09351348876953,46265300.0
2022-01-21,40.931835607615454,41.33603480391327,40.114456533516886,40.347991943359375,71303600.0
2022-01-24,39.43180770896464,40.14139797520205,38.25513981705944,40.0156478881836,90672700.0
2022-01-25,39.78212215003675,40.93184142611005,39.36894221350212,40.80609130859375,73555300.0
2022-01-26,41.12046366662699,41.73125284504263,40.65338938746012,41.22825241088867,63735800.0
2022-01-27,41.650409263584415,41.99173340359244,40.500690172736114,40.84201431274414,63402400.0
2022-01-28,40.71626218427583,41.21926254821221,39.92582863553336,41.201297760009766,51048300.0
2022-01-31,40.88692617521106,41.560590373871634,40.61746118103349,41.44382095336914,44793700.0
2022-02-01,41.50669606744238,42.30611036950325,41.228250391157495,42.16239547729492,40326600.0
2022-02-02,41.96478947309465,42.18036009732267,41.58753574104567,42.11748504638672,41125600.0
2022-02-03,42.41389749378394,42.47677254257935,41.63244458486995,41.70430374145508,35879900.0
2022-02-04,42.28814506593093,43.73427453497023,41.92885615567002,43.366004943847656,60297100.0
2022-02-07,43.61750355272751,43.79714456083683,43.10551914146421,43.57258987426758,44824800.0
2022-02-08,44.14745974939184,44.928909223145645,43.95883117867902,44.35404968261719,49560500.0
2022-02-09,44.21033025653768,44.72231469638578,44.039666492299794,44.26422119140625,33861100.0
2022-02-10,44.62351512611957,45.00974952636872,43.79715195822608,44.05763626098633,47082800.0
2022-02-11,43.68038247133328,44.4079375275354,42.66539423846953,43.04264450073242,61056000.0
2022-02-14,43.13247360773398,43.285169181776006,42.16239551464351,42.59354019165039,44791900.0
2022-02-15,43.11450940312082,43.446849453701866,42.72827498226986,42.92588424682617,42397600.0
2022-02-16,42.61149812651434,43.330075899026994,42.49473215094888,42.82707214355469,36664600.0
2022-02-17,42.21628323452547,42.47676750661428,41.27315418797688,41.38093948364258,49442400.0
2022-02-18,41.38094344930552,41.803107418566526,41.066568212472696,41.28213882446289,37856500.0
2022-02-22,40.5725471189223,41.30010568027809,40.45578112593058,40.92285537719727,51905600.0
2022-02-23,41.2731622362721,41.41687713399513,40.03361910189011,40.22224426269531,45704900.0
2022-02-24,38.62341587253591,39.234205048820925,37.77010716215831,39.16234588623047,80484800.0
2022-02-25,39.35096882528192,40.734223242222754,39.18928915909885,40.43781280517578,68530700.0
2022-02-28,39.2701302239588,39.75516581128892,39.01862660954468,39.70127487182617,69955300.0
2022-03-01,39.26114746257825,39.2880963596667,37.66231891028004,38.14735794067383,74895600.0
2022-03-02,38.3898739159056,39.10844828739536,38.28208519035748,38.76712417602539,70834600.0
2022-03-03,38.89349373322897,39.26356396853832,38.09919538310657,38.3519287109375,48733800.0
2022-03-04,37.39515912755057,37.40418371895749,36.39326076525224,36.96190643310547,75572800.0
2022-03-07,36.04124948333815,36.203719702630295,34.48875780707407,34.60609817504883,109779000.0
2022-03-08,35.264997846852054,35.797538268484324,34.452646883959986,34.83174514770508,76553800.0
2022-03-09,36.38423132973699,37.55762431803475,36.24883837435476,37.04313659667969,78207900.0
2022-03-10,36.36618174769994,37.44028711764383,36.20371156492709,36.709171295166016,48804400.0
2022-03-11,37.04314310009448,37.35003086874465,36.36618509070615,36.40229034423828,43946600.0
2022-03-14,36.91678230430728,38.072123001670896,36.91678230430728,37.18756484985352,54262400.0
2022-03-15,37.24170784073172,37.71106571549864,36.889690295452986,37.45833587646485,41395300.0
2022-03-16,38.12626944419065,38.85738175339837,37.83743091335975,38.63172912597656,59477600.0
2022-03-17,38.2797149789351,38.848360614649415,37.75620262726352,38.839332580566406,50260200.0
2022-03-18,38.59562412822818,38.74906970632162,38.14431887047292,38.72199249267578,74470600.0
2022-03-21,39.12816123069644,39.20037171868821,38.36996832271076,38.66783142089844,47106400.0
2022-03-22,39.552398027635135,40.2835138866597,39.44408571476769,39.87733840942383,52360600.0
2022-03-23,39.46213546432734,39.72388991441184,38.83933196356723,38.89348983764648,48539300.0
2022-03-24,39.15524537662778,39.20037521405392,38.71296470620546,38.87543487548828,30360800.0
2022-03-25,39.24551582579995,39.94955112385151,39.11012627635217,39.471168518066406,38968100.0
2022-03-28,39.453102840290974,39.48920808547655,38.65880810532252,39.308685302734375,37428600.0
2022-03-29,39.94051594572487,40.066880868993685,38.91154049260916,39.20940017700195,46355800.0
2022-03-30,39.20940713816678,39.39895799990843,38.586607001548586,38.812259674072266,36601800.0
2022-03-31,38.6678365103558,38.71296634969785,37.18755574354589,37.20560836791992,67902500.0
2022-04-01,37.62983061531927,37.67496389499969,36.42033240406052,36.916770935058594,61929200.0
2022-04-04,36.53767614759215,37.13339899726864,36.24884103521483,36.85359191894531,53761700.0
2022-04-05,36.50156783460496,36.79040292274377,36.14052569602436,36.23078536987305,51781700.0
2022-04-06,35.86975393923268,36.11345582001188,35.51773284249044,35.833648681640625,54159800.0
2022-04-07,36.00513833351347,36.0863734298671,35.066422429690725,35.5538330078125,54585000.0
2022-04-08,35.64408998021059,36.194679490157306,35.49064440552796,35.80655670166016,41018900.0
2022-04-11,35.63506439957424,36.46546790299288,35.553829311665744,35.734352111816406,34198700.0
2022-04-12,35.71629688626221,36.17663016527959,35.06641623032509,35.35525131225586,42855300.0
2022-04-13,34.75050587485002,35.21083573637218,34.62414094985123,35.03934097290039,45484200.0
2022-04-14,34.74148293548673,35.174735603152214,33.77568644169888,33.91107940673828,79032000.0
2022-04-18,33.77569171001111,35.481628874216824,33.595172319382776,35.06642532348633,80080300.0
2022-04-19,35.39136437927701,35.996115332901056,35.30110468742221,35.716304779052734,53714200.0
2022-04-20,36.23982722085823,36.43839926767498,35.75241653258709,35.79754638671875,47064300.0
2022-04-21,36.10442447041541,36.2939718725204,34.858820862093935,35.12057876586914,46245900.0
2022-04-22,35.0303249149734,35.0664267286337,33.84790357713168,33.902061462402344,50409800.0
2022-04-25,33.29730626163398,33.75763962040651,32.430800865715106,33.65835189819336,64301100.0
2022-04-26,33.288280772183064,33.88400364620561,32.873077268384215,32.9001579284668,44809900.0
2022-04-27,32.73769145216913,33.31536176602219,32.647428313637924,32.71963882446289,39824900.0
2022-04-28,33.152894767832244,33.351470248629035,32.638406879574205,33.22510528564453,39567800.0
2022-04-29,33.17093200708456,33.5139249211817,32.07877425580083,32.20513916015625,47385200.0
2022-05-02,32.52105455075136,32.74670717115499,31.952412426427948,32.62034225463867,46652200.0
2022-05-03,32.80087556808809,33.965244289476736,32.79185097537693,33.513938903808594,48926000.0
2022-05-04,33.730554880380886,34.9761583883684,33.64931979413853,34.85881805419922,57860300.0
2022-05-05,34.34432870914268,34.48874625088028,33.279248047633146,33.88399887084961,48860600.0
2022-05-06,33.73055439775769,33.95620702929268,33.04457191289313,33.802764892578125,50440100.0
2022-05-09,33.279258731841566,33.450756984904224,32.54814619846718,32.82795333862305,51242000.0
2022-05-10,33.17093340824762,33.513926336833016,31.75383530408481,32.277347564697266,60235300.0
2022-05-11,32.403732541603766,33.32439262546008,32.05171139990892,32.10586929321289,54969300.0
2022-05-12,31.6003964899777,31.979494743219245,30.923438520719355,31.65455436706543,61231500.0
2022-05-13,32.069754293856825,32.25027710687166,31.374743701820805,31.744813919067383,49117900.0
2022-05-16,31.59136128359681,31.744803385673997,31.058821055660204,31.41986656188965,39076500.0
2022-05-17,32.150997781689455,32.69256636212925,31.979502958303133,32.48496627807617,42635600.0
2022-05-18,32.150992745922736,32.21417522059978,31.230329402245804,31.483062744140625,47396900.0
2022-05-19,30.950522607178392,31.44695781762089,30.9144173517896,31.094940185546875,47002700.0
2022-05-20,31.4108458496772,31.57331602101991,29.750042331763023,30.56239318847656,62406500.0
2022-05-23,31.37474203194352,32.72865789271504,31.284482351833187,32.37664031982422,69081900.0
2022-05-24,32.01559608542323,32.457873309817835,31.555262794351137,32.17806625366211,46146700.0
2022-05-25,32.04267208260012,32.73768256630641,31.85312470791269,32.34955978393555,49343400.0
2022-05-26,32.945282237678434,33.25216993597601,32.80086469984344,33.098724365234375,60201200.0
2022-05-27,33.29730960324326,33.44172718372301,33.01750247785626,33.414649963378906,43365600.0
2022-05-31,33.234124898090734,33.87497765329081,33.04457748202082,33.577117919921875,71609200.0
2022-06-01,33.81178746468842,33.82081549759506,32.64741912910179,33.098724365234375,35237900.0
2022-06-02,33.05333906549646,33.325681184241546,32.74468374078058,33.31660461425781,35341900.0
2022-06-03,33.116884160379804,33.298446720176024,32.79915227799976,32.85361862182617,25235200.0
2022-06-06,33.31659705206334,33.779578202540826,32.77190947518832,32.81730270385742,40394000.0
2022-06-07,32.590359383279214,33.05334066119517,32.445110015401845,32.998870849609375,29152200.0
2022-06-08,32.60851292926088,32.78099893658321,32.24539123656497,32.58127975463867,33590600.0
2022-06-09,32.4451073774369,32.535886926347594,31.319422270648086,31.32849884033203,49419000.0
2022-06-10,30.575022415397328,30.901834370008984,29.97586831961536,30.112037658691406,49318200.0
2022-06-13,29.403944599935244,29.748913126188057,28.81386886256578,29.068056106567383,61216600.0
2022-06-14,28.977279940244543,29.594588959218797,28.350890886782256,28.5596866607666,49349800.0
2022-06-15,29.03174475551302,29.494729497718996,28.52337196654562,29.095291137695312,51540100.0
2022-06-16,28.59599697531041,29.049901689204223,28.014999495609224,28.91373062133789,61363400.0
2022-06-17,29.077135617957488,29.57643358660397,28.72309048602142,28.977277755737305,80470300.0
2022-06-21,29.857850224475385,30.220975364970613,29.612741274093807,29.821537017822266,53537200.0
2022-06-22,29.4039481685434,29.90324268425849,29.34040178270793,29.594587326049805,38305600.0
2022-06-23,29.39486828644324,29.422101459299867,28.37812103307794,29.12252616882324,44091500.0
2022-06-24,28.36904254644668,29.748913191468,28.35088594365481,29.331321716308597,79504700.0
2022-06-27,29.43118020295084,29.59458617819513,28.96819891510413,29.36763381958008,47900300.0
2022-06-28,29.803387134707847,30.411617829039827,29.222386153814643,29.285932540893555,49863800.0
2022-06-29,29.25869812733364,29.44933728050986,28.74124701841634,28.92280960083008,35149700.0
2022-06-30,28.29641642944719,28.64138320742516,27.815276868956136,28.260103225708008,46312300.0
2022-07-01,28.12393561355909,28.750324602580918,27.806201968025764,28.65046501159668,40236100.0
2022-07-05,27.960529645565504,28.35996627807617,27.642797731475383,28.35996627807617,47411800.0
2022-07-06,28.151170605680612,28.3690446608952,27.815280355031625,28.12393569946289,35933700.0
2022-07-07,28.595997645089,29.058978940376708,28.56876273827421,28.92280960083008,40137900.0
2022-07-08,29.058976264630942,29.27685203606911,28.65046308907954,28.85926055908203,31153800.0
2022-07-11,28.641389656066437,28.85926546453881,28.40536070465497,28.5596866607666,29311900.0
2022-07-12,28.16024726150337,29.077133207614303,28.12393405533594,28.468902587890625,39527000.0
2022-07-13,28.20563717259844,28.278261853771653,27.597404818456884,27.996841430664062,44153700.0
2022-07-14,27.31598725793488,27.43400172789284,26.934707208941912,27.352298736572266,51707800.0
2022-07-15,27.824358154688948,29.62182210789395,27.788046678563383,29.276853561401367,77801700.0
2022-07-18,30.030339506566357,30.30268166019289,29.14068316142485,29.285932540893555,56382900.0
2022-07-19,29.866930663576262,30.520551077126,29.667211487287663,30.27544212341309,46874900.0
2022-07-20,30.121117036506497,30.36622599712761,29.912321284055505,30.284523010253903,35514900.0
2022-07-21,30.03941034270506,30.56593794412464,29.91231759281129,30.54778480529785,31244000.0
2022-07-22,30.502394171623344,30.811049503278657,30.03941290564937,30.348068237304688,27115400.0
2022-07-25,30.665796876638225,30.847359428239997,30.357141577820496,30.620407104492188,30381000.0
2022-07-26,30.329915230023467,30.66580377508533,29.92140026277612,30.003103256225582,30645700.0
2022-07-27,30.17558287098254,30.65672069524905,29.912317340980323,30.493314743041992,30344800.0
2022-07-28,30.411614969046227,30.6385673195615,29.8669307130168,30.24820899963379,40176500.0
2022-07-29,30.38438925150975,30.811057420330982,30.27544960315553,30.693044662475582,48152500.0
2022-08-01,30.520555685343886,30.76566467606516,30.15743394810459,30.602258682250977,32336700.0
2022-08-02,30.502399218493792,30.611338856880387,29.95771487863513,29.994028091430664,37884100.0
2022-08-03,30.338990451397464,30.638569235055662,30.112038086693342,30.53870964050293,30065800.0
2022-08-04,30.42977127104796,30.565940602196665,30.11203590566496,30.32083511352539,28404500.0
2022-08-05,30.21189579615564,31.165098438851853,30.17558605196243,30.829206466674805,35874500.0
2022-08-08,31.019839666742456,31.12877926750388,30.366219377260844,30.40253257751465,33454300.0
2022-08-09,30.5477850791523,30.829203752720588,30.329909318082837,30.79289054870605,40196900.0
2022-08-10,31.319422949532218,32.163685932169734,31.27403317409299,31.83687400817871,61415800.0
2022-08-11,32.47234874257156,32.73561434906179,32.36341256378959,32.59944152832031,50420800.0
2022-08-12,32.82638320787683,32.96255598417787,32.39971174094996,32.95347595214844,31821700.0
2022-08-15,32.53588699196899,32.95347845862893,32.381557602888165,32.90808868408203,24908000.0
2022-08-16,32.85362718117905,33.53448436053521,32.77192418113556,33.262142181396484,31870200.0
2022-08-17,32.86270555709185,33.21675071839978,32.75376938353983,33.0533447265625,27125600.0
2022-08-18,32.908092447319746,33.04426524955042,32.68114008561409,32.935325622558594,23138300.0
2022-08-19,32.644824008361134,32.708370387013915,32.05474999758274,32.209075927734375,36485400.0
2022-08-22,31.546379141561303,31.60992552753881,31.27403699265508,31.51914596557617,31210300.0
2022-08-23,31.47375709057445,31.74610274030437,31.19233833161443,31.237728118896484,26588000.0
2022-08-24,31.09247267524207,31.591767164284672,30.91091009840346,31.337581634521484,31389400.0
2022-08-25,31.41020512300942,32.02751581697536,31.27403578532228,31.90042304992676,40576700.0
2022-08-26,32.17276872358491,32.20908193616565,30.88368084413558,30.892757415771484,36152600.0
2022-08-29,30.7384289168847,31.001694491813357,30.51147655153619,30.774742126464844,34931000.0
2022-08-30,31.028928563083117,31.119708126635395,30.44793104510442,30.94722557067871,48194900.0
2022-08-31,30.992614422547657,31.201410182867864,30.50239648282982,30.511476516723636,44917600.0
2022-09-01,30.46578758660665,30.60285761072717,29.844409519375144,30.58458137512207,32848900.0
2022-09-02,31.004922443296135,31.507506691323183,30.401820648496617,30.54802703857422,44000800.0
2022-09-06,30.73991766051442,30.822158960460364,29.798714383448985,30.20992088317871,40762400.0
2022-09-07,29.981475391093827,30.767332498259883,29.816992779264066,30.675954818725582,40742600.0
2022-09-08,30.57543993651146,31.735954693779192,30.401820935976104,31.6628532409668,44361800.0
2022-09-09,31.96440319349981,32.211127138820814,31.83647303351901,31.9278507232666,37295100.0
2022-09-12,32.1654317530853,32.55836201360108,32.01008552910164,32.22939682006836,30534000.0
2022-09-13,31.59888805648199,31.726818212850688,30.89526871061881,31.06888771057129,40959600.0
2022-09-14,31.25164686804772,31.45267847889587,30.64854506383256,30.95009422302246,32004400.0
2022-09-15,30.87698898207709,31.891297229703525,30.79474767859833,31.534915924072266,44863300.0
2022-09-16,31.242511994520243,31.279064469903457,30.75820389611838,31.178546905517575,54281800.0
2022-09-19,30.81302899662783,31.863886396921732,30.73078767957565,31.699403762817383,29782000.0
2022-09-20,31.52577859683437,31.781638872877767,30.959229348809068,31.224225997924805,33591100.0
2022-09-21,31.352160947671905,31.434402252140263,30.26474775683085,30.292163848876957,51667800.0
2022-09-22,30.438372009436044,30.53888606671423,29.59768268271672,29.69820022583008,47527500.0
2022-09-23,29.177340076907868,29.323546463239776,28.519409595496672,28.99458122253418,55316100.0
2022-09-26,28.6199273943271,29.07682279140874,28.03510184379624,28.354928970336918,40360200.0
2022-09-27,28.574239853510417,28.665619285673134,27.687861627325024,27.934585571289062,43396600.0
2022-09-28,27.89803337319505,28.61078907206388,27.770101477745627,28.3914794921875,38372900.0
2022-09-29,28.04423907269704,28.23613429679334,27.605618180772865,28.01682472229004,35220900.0
2022-09-30,28.10820365478164,28.50113395580779,27.56906697331564,27.596481323242188,42294100.0
2022-10-03,27.952860313294767,28.58337644433113,27.59648246410438,28.40975570678711,34591700.0
2022-10-04,28.985443228112832,29.716476905781764,28.93061626873589,29.588546752929688,39758700.0
2022-10-05,28.82096360547794,29.268719159965293,28.73872229137113,29.16820335388184,35791100.0
2022-10-06,28.87578803023937,29.131648324609603,28.6564784595288,28.74785614013672,40891900.0
2022-10-07,28.48285990173605,28.54682498020773,27.8980343352319,28.09906768798828,52304600.0
2022-10-10,28.23613429679334,28.37320256299321,27.733550073087965,28.01682472229004,37669100.0
2022-10-11,27.75182901465896,27.84320670576361,27.02079528539761,27.203554153442383,58124000.0
2022-10-12,27.08475632366841,27.696996174442447,26.93854994822245,27.285791397094727,36137900.0
2022-10-13,26.874585296331954,29.031131982199057,26.78320587452246,28.95802879333496,67671000.0
2022-10-14,29.067680782000515,29.81699059692865,28.848371229918158,28.967164993286133,58108500.0
2022-10-17,30.48405749861631,30.950089209448823,30.03629853376289,30.721641540527344,88896800.0
2022-10-18,31.964405497848784,32.31164701842641,31.324751165995988,31.873027801513672,81937900.0
2022-10-19,31.598884249120207,31.82733192534866,30.858712523239458,30.995779037475582,43139900.0
2022-10-20,31.05060859527457,31.64457396426495,30.69423076821435,30.79474830627441,39549100.0
2022-10-21,30.66682018928931,32.019230141158786,30.66682018928931,31.936988830566406,54870300.0
2022-10-24,32.08319859023313,32.22026513173875,31.717680841213625,32.04664611816406,33765600.0
2022-10-25,31.74509221124647,32.51267658122341,31.55319350437593,32.339054107666016,37132300.0
2022-10-26,32.36646972228683,32.97871139474554,32.30250464266455,32.62233352661133,41104600.0
2022-10-27,33.0335394277816,33.23457103714686,32.686297941299294,32.77767562866211,35261900.0
2022-10-28,32.93302487931504,33.1706089795958,32.56750712490626,33.06095504760742,31659100.0
2022-10-31,32.896465266039144,33.19801787084525,32.72284628759116,32.93301773071289,32565500.0
2022-11-01,33.298527606076334,33.590940313914096,32.99697852617121,33.079219818115234,29913200.0
2022-11-02,32.960430127642105,34.06611603326174,32.85077622014992,32.97870635986328,57380600.0
2022-11-03,32.622329048541744,33.024395706095085,32.357328906005826,32.79594802856445,30046500.0
2022-11-04,33.35336227346412,33.81025764707322,33.097501979710245,33.61836242675781,39369400.0
2022-11-07,33.81940078735352,34.12095346747092,33.56354044240718,33.81940078735352,37533700.0
2022-11-08,33.89250181086905,34.19405097023719,33.58181279119061,33.9107780456543,32664300.0
2022-11-09,33.70060833808622,33.77370979521758,33.25284927700281,33.37164306640625,30164400.0
2022-11-10,34.08439784174287,34.92508723228071,33.93819144588874,34.84284591674805,45702800.0
2022-11-11,34.89766640283258,35.27232045925334,34.69663481444934,35.09870147705078,35688700.0
2022-11-14,34.80629432857634,34.9616371030559,34.49560529378171,34.50474166870117,35541400.0
2022-11-15,34.89766855401741,34.99818609732268,34.084395319398666,34.449913024902344,46082800.0
2022-11-16,34.367668866952776,34.48646263427074,33.99301481848987,34.13922119140625,23813000.0
2022-11-17,33.70060240306109,33.993015151760694,33.408189654361486,33.965599060058594,23689700.0
2022-11-18,34.53215954503983,34.586984769053544,33.737158938483894,33.983882904052734,32041800.0
2022-11-21,33.892505075483825,34.28543544662627,33.86509246358318,34.09354019165039,27935700.0
2022-11-22,34.34939617896584,34.54129140962534,34.203189790963094,34.258018493652344,23499300.0
2022-11-23,34.25801804843455,34.413360808615714,34.14836064448116,34.367671966552734,18934700.0
2022-11-25,34.46818925876104,34.605255783948536,34.32198287372661,34.449913024902344,16118500.0
2022-11-28,34.17577123665833,34.41335526863986,33.654910852152774,33.68232345581055,35428300.0
2022-11-29,33.79198072513572,33.94732696163103,33.55439666946846,33.81025695800781,27048800.0
2022-11-30,33.718880478000386,34.58697891235352,33.079226248080886,34.58697891235352,51747900.0
2022-12-01,34.46749956138808,34.64213363026158,33.45645431007351,33.594322204589844,46213200.0
2022-12-02,33.143943728400934,33.35534393902558,32.914160433433075,33.16232681274414,42295300.0
2022-12-05,32.914158439379094,32.98768726608246,31.37920429875495,31.682519912719727,71386600.0
2022-12-06,31.77443896651852,31.87554419390499,29.789111112160423,30.33139991760254,84085700.0
2022-12-07,29.954549204371965,30.257861317659533,29.73395570780536,30.09242057800293,49234100.0
2022-12-08,30.303821968910366,30.322205053196893,29.5777059175593,29.81667900085449,45491100.0
2022-12-09,29.513367354609485,29.96374065518619,29.48579448083965,29.761533737182617,36985500.0
2022-12-12,29.697196688726542,30.12918693373115,29.46741337530586,30.08323097229004,41060500.0
2022-12-13,30.836917944717708,30.947212946211977,29.93616783571561,30.101612091064453,54804800.0
2022-12-14,30.14757022991185,30.331397583174112,29.55932550444471,29.669620513916016,48819500.0
2022-12-15,29.18247979933516,29.403071562248574,28.943504951235425,29.200862884521484,49027600.0
2022-12-16,29.062987904285283,29.347918659816436,28.81482155925468,29.136518478393555,61795200.0
2022-12-19,29.191666256129952,29.6236581641016,29.16409163315454,29.4674072265625,38374100.0
2022-12-20,29.779915616233374,29.94535986458471,29.540939032519358,29.586894989013672,35561100.0
2022-12-21,29.89021033648391,30.211905535182176,29.789105129403115,30.03727149963379,32544000.0
2022-12-22,29.89020589384119,29.94535513665596,29.29276978820455,29.77071762084961,30234400.0
2022-12-23,29.779918308584552,29.945362571893416,29.58689766391418,29.844257354736328,21378600.0
2022-12-27,29.871833554889896,30.028084539732063,29.669623098067856,29.89940643310547,22776100.0
2022-12-28,29.936165881869705,30.30382053780803,29.899399715032946,30.119993209838867,30541000.0
2022-12-29,30.230288279738243,30.47845464718506,30.10161020170241,30.460071563720703,22252900.0
2022-12-30,30.423303547901845,30.607130865159164,30.202713572164622,30.441686630249023,28198900.0
2023-01-03,30.542801326547217,31.33325658217523,30.52441823848429,30.80015754699707,35221500.0
2023-01-04,31.158611919653215,32.00421264598579,31.0942728863981,31.37920188903809,41998500.0
2023-01-05,31.17699753974562,31.379207972730903,30.86449560689932,31.314868927001957,34177000.0
2023-01-06,31.33325040312569,31.783627206312257,30.827727852840876,31.62737274169922,34068700.0
2023-01-09,31.93987871254809,31.949068501817145,30.98397934268097,31.149423599243164,43818800.0
2023-01-10,31.011552712506,31.49869213942009,30.91963729766353,31.360820770263672,35096000.0
2023-01-11,31.360823516560032,31.65494585738336,31.250528515305,31.59980010986328,36783700.0
2023-01-12,31.80200469438953,32.05017105866582,31.5814147080648,31.682519912719727,44230400.0
2023-01-13,31.434359202447062,32.528126554725155,30.41412069009776,32.381065368652344,89667800.0
2023-01-17,31.88472651734486,32.01340809874676,31.388397299653,31.72847557067871,56458400.0
2023-01-18,31.55384154613809,31.563031334561018,30.800149165518636,30.9931697845459,54517800.0
2023-01-19,30.58875113907752,30.83691751867209,30.230289759512523,30.54279518127441,42707100.0
2023-01-20,30.607136862493977,31.149425626244227,30.41411971934943,31.112659454345703,45004400.0
2023-01-23,31.075889006877382,31.719279322913025,31.020739762839646,31.54464530944824,33683300.0
2023-01-24,31.452739819748015,31.976645473141023,31.20457343031739,31.77443504333496,26716700.0
2023-01-25,31.526261548426536,32.132889194906305,31.480305599159653,32.050167083740234,28859700.0
2023-01-26,32.2156168301298,32.49135607922669,31.97664374923643,32.4821662902832,30035500.0
2023-01-27,32.574073917965585,32.88657929414161,32.41782298298473,32.58326721191406,29964900.0
2023-01-30,32.36267811239092,32.684376825999344,32.33510523924712,32.44540023803711,27353500.0
2023-01-31,32.32591112043348,32.610843658447266,32.16966016831331,32.610843658447266,38917400.0
2023-02-01,32.35348161267514,33.32776032796286,32.27075950418712,33.015254974365234,44438700.0
2023-02-02,33.18070990285936,33.43806960468949,32.57408208018476,33.20828628540039,33729100.0
2023-02-03,33.10717956156667,33.78733619231743,32.99688455505317,33.48402404785156,37411700.0
2023-02-06,33.31858756660381,33.49322165988761,33.07042111432734,33.42888259887695,29463200.0
2023-02-07,33.2450458440774,34.00792807578767,33.2082831811512,33.79652786254883,44100200.0
2023-02-08,33.46564060138708,33.86086816886322,33.40130155609701,33.548362731933594,28032800.0
2023-02-09,33.33695092494353,33.41047973420025,32.6843674031048,32.83142852783203,35257100.0
2023-02-10,32.67518241064927,32.711948577723795,32.19723275732449,32.7027587890625,32898900.0
2023-02-13,32.61084301787892,32.88658225551952,32.52812089596528,32.76709747314453,29163900.0
2023-02-14,32.74871050559999,33.07959895400907,32.59245606886716,32.73951721191406,33625200.0
2023-02-15,32.46378226631949,32.730331718756,32.31672110397774,32.68437576293945,23500100.0
2023-02-16,32.55569529510185,32.776288799291486,32.371871465527754,32.42701721191406,22681100.0
2023-02-17,32.24319302755872,32.528122063992285,31.930687612020627,32.491355895996094,28562700.0
2023-02-21,32.08693692476184,32.21561499994915,31.498692291782906,31.72847557067871,37068900.0
2023-02-22,31.581413620942136,31.75604764628903,31.31486418261175,31.517074584960938,38550400.0
2023-02-23,31.61818163146349,31.80200545572997,31.121848891028705,31.489500045776367,28488000.0
2023-02-24,31.121858625260305,31.517086282238203,31.10347553584089,31.443553924560547,27046600.0
2023-02-27,31.664147491377715,31.88473755197908,31.40678774572172,31.443553924560547,30137500.0
2023-02-28,31.57222396405029,31.700905557052906,31.41597300329804,31.526268005371094,32620600.0
2023-03-01,31.38839518305416,31.70090056152801,31.232140740710054,31.37920188903809,29281600.0
2023-03-02,31.138677241059757,31.17568186386425,30.52811508060584,30.98141288757324,44607200.0
2023-03-03,31.12943581849914,31.721495819109176,31.12943581849914,31.601232528686523,39109100.0
2023-03-06,31.67523982584756,31.971269807765747,31.443966181914245,31.536474227905277,36646700.0
2023-03-07,31.314448994000983,31.360706544500182,30.34310042576368,30.528120040893555,52855300.0
2023-03-08,30.213586530552533,30.500367098840268,30.010064609254428,30.121078491210938,40045600.0
2023-03-09,29.86204850226752,29.963809459077225,28.039613023039564,28.25238609313965,112457900.0
2023-03-10,28.048863269354456,28.714932398527885,26.75373140020713,28.002609252929688,165330900.0
2023-03-13,26.753735508146367,27.49381047144421,25.782386898258213,26.374446868896484,218403300.0
2023-03-14,27.743582460119868,27.836092258403383,26.33743846674784,26.605716705322266,154255800.0
2023-03-15,25.791633569696764,26.42069810435629,25.60661573063542,26.355941772460938,131104400.0
2023-03-16,26.254181881267662,27.262535056140663,26.004407700157945,26.79998779296875,108348800.0
2023-03-17,26.513205383817915,26.513205383817915,25.551108124585067,25.73612594604492,130665500.0
2023-03-20,26.1246694780941,26.30043793394207,25.57886356083812,25.67137336730957,81441200.0
2023-03-21,26.485451038426422,26.80923442084266,26.3744407021267,26.448448181152344,84854800.0
2023-03-22,26.55946337784177,26.58721684923433,25.56961250305176,25.56961250305176,76925900.0
2023-03-23,25.90264657536145,25.98590522336905,24.78328305244695,24.94979858398437,105335900.0
2023-03-24,24.60751132893516,25.245826957329747,24.348484262396514,25.1070613861084,96872700.0
2023-03-27,25.837889352820383,26.503956749501096,25.81938703957093,26.355941772460938,102469800.0
2023-03-28,26.254181544584053,26.503957486968428,25.88414409168744,26.01365852355957,63416500.0
2023-03-29,26.355943635440063,26.614970745808616,26.124669996907443,26.5224609375,62666400.0
2023-03-30,26.75373519443884,26.88324787037785,26.004409082326443,26.18017578125,67427100.0
2023-03-31,26.47620685858484,26.53171203765938,26.143172255181938,26.457704544067383,56482100.0
2023-04-03,26.494702193864317,26.80923442084266,26.20792343319964,26.448448181152344,51996800.0
2023-04-04,26.41144546873422,26.503955265323352,25.588111984493946,25.88414192199707,56233300.0
2023-04-05,25.588114817313468,25.819388452151426,25.40309520365198,25.56961250305176,47799400.0
2023-04-06,25.643620825145604,25.9118990971853,25.5511127798002,25.7546329498291,41216600.0
2023-04-10,25.597365323124965,25.995156247241,25.578863009334043,25.84714126586914,40572700.0
2023-04-11,25.92114767477989,26.596466219665448,25.865640735723613,26.55946159362793,58761200.0
2023-04-12,26.531710738752743,26.836991855433883,26.244931935683248,26.3466911315918,44313300.0
2023-04-13,26.420703887939453,26.49471139266003,26.12467386905714,26.420703887939453,52261400.0
2023-04-14,27.105270179708366,27.632575566468223,27.059016157025965,27.30879211425781,81110800.0
2023-04-17,27.54006431808201,28.132124246984517,27.19777856888664,28.095121383666992,83704400.0
2023-04-18,28.492907920411746,28.613171185188243,27.56781348449607,28.270885467529297,114498800.0
2023-04-19,27.873094493284604,27.937852585763608,27.55856400934603,27.808338165283203,65594200.0
2023-04-20,27.604820826462856,27.96560712735506,27.54006449189018,27.66032600402832,43193800.0
2023-04-21,27.52155816330825,27.734329450003752,27.20702592885509,27.632570266723636,44759000.0
2023-04-24,27.55856668806604,27.660325885754645,27.37354707766857,27.53081321716309,28020300.0
2023-04-25,27.244033859266658,27.318041349036548,26.66122333341075,26.679725646972656,49718800.0
2023-04-26,26.60571467373858,26.7722319450383,26.180170339919574,26.30968475341797,45848400.0
2023-04-27,26.38369676617156,26.901749215733137,26.38369676617156,26.725980758666992,33060100.0
2023-04-28,26.392948190356574,27.22553293383781,26.374445875851297,27.086769104003903,45592500.0
2023-05-01,27.2902867945536,27.32729142020736,26.82773956074761,26.864744186401367,34076800.0
2023-05-02,26.68897483465684,26.698225990755247,25.634365977647143,26.0506591796875,70797700.0
2023-05-03,26.05065995754742,26.365192216374663,25.726876542345533,25.77313232421875,51139500.0
2023-05-04,25.514103802398687,25.726875093600825,24.820282993670137,24.968297958374023,82173800.0
2023-05-05,25.551113912227763,25.800888115999385,25.412348309103823,25.634370803833008,50087100.0
2023-05-08,25.976655845180687,26.04141218373685,25.588116049365848,25.615869522094727,34245500.0
2023-05-09,25.36609131604192,25.74537992071301,25.19957402336139,25.58811378479004,32188800.0
2023-05-10,25.86564239730829,25.90264702572296,24.996054803297323,25.273582458496094,44446400.0
2023-05-11,24.98680182268443,25.430846744387672,24.86653855359126,25.33833694458008,34897300.0
2023-05-12,25.45860294314629,25.48635465092952,24.86654121958805,25.06081199645996,38142000.0
2023-05-15,25.07005999392906,25.736127363940145,25.005303664626577,25.578861236572266,38722800.0
2023-05-16,25.699126702867108,25.81013705846432,25.28283345818309,25.31058692932129,33347500.0
2023-05-17,25.66212231682082,26.522460520967083,25.652871159687464,26.429950714111328,61750400.0
2023-05-18,26.30968878423929,26.3651939616838,25.902646699198115,26.337440490722656,51146100.0
2023-05-19,26.328189557601263,26.52246032702556,25.930400390642557,26.00440788269043,50062500.0
2023-05-22,26.18017371767341,26.31893930464499,25.911897229449018,26.21717834472656,36473700.0
2023-05-23,26.198676567643226,26.901748615749533,26.1801742537378,26.43920135498047,51400400.0
2023-05-24,26.20792471920359,26.374441996301535,25.90264363268321,25.995153427124023,50606900.0
2023-05-25,25.893394438193784,26.124668059575807,25.791633480152832,26.059911727905277,40517800.0
2023-05-26,26.0876653207273,26.272683160018943,25.708376721030064,26.189424514770508,57879100.0
2023-05-30,26.19867648749351,26.355942626252972,25.856392503679107,26.143171310424805,41819600.0
2023-05-31,25.995154719783468,26.050659893417027,25.421595377311142,25.708375930786133,61905200.0
2023-06-01,25.88554392415092,26.090688082730416,25.49390378245732,25.904193878173828,57426100.0
2023-06-02,26.25853719830129,26.99519446177685,26.22123906442888,26.771398544311523,66578100.0
2023-06-05,26.87396721565469,26.87396721565469,26.38907910316189,26.61287498474121,34757800.0
2023-06-06,26.53827745971849,27.442780704953297,26.528954260859905,27.25628471374512,46297900.0
2023-06-07,27.32155484528281,27.64792190559658,27.05113764346219,27.48940086364746,44502600.0
2023-06-08,27.30290960082596,27.396155817872454,27.032490591429852,27.25628471374512,41483100.0
2023-06-09,27.228311759774037,27.414805973792564,27.116413808516835,27.2935848236084,32692000.0
2023-06-12,27.32155740322598,27.56400147705592,26.95789218175986,27.163036346435547,41011300.0
2023-06-13,27.163037305954692,27.787796577897154,27.069791086890326,27.4148063659668,42718800.0
2023-06-14,27.57332653417313,27.722522614106957,27.03249029977365,27.15371322631836,38322800.0
2023-06-15,26.948568135993977,27.48007940991168,26.752748941838032,27.38683319091797,42044900.0
2023-06-16,27.536034417013397,27.675905550177852,27.19101729522029,27.218992233276367,53050200.0
2023-06-20,27.05114321601113,27.079118151020555,26.650178040331543,26.920597076416016,39040900.0
2023-06-21,26.836674875812538,27.04181906985476,26.61288072452344,26.640853881835938,39553400.0
2023-06-22,26.57557869204996,26.60355362569077,26.01609246913737,26.072040557861328,50742900.0
2023-06-23,25.866897632142027,26.006768750000603,25.72702651428345,25.876222610473636,55181100.0
2023-06-26,25.92284686704535,26.370436953917107,25.91352366686025,26.193265914916992,47519300.0
2023-06-27,26.202585670896468,26.482327863194318,26.06271457474755,26.333131790161133,39081800.0
2023-06-28,26.34246000003805,26.361109956095465,26.016092883264093,26.17461395263672,37803800.0
2023-06-29,26.57557922238474,27.0418174543564,26.482331220278866,26.72477531433105,68376400.0
2023-06-30,26.985867590036765,27.14438864962575,26.73409853447351,26.752748489379883,50479000.0
2023-07-03,26.762075214287695,27.36818455986055,26.715450323977358,27.22831344604492,30995800.0
2023-07-05,27.172365023944938,27.433459087906712,26.99519576700876,27.116416931152344,37492000.0
2023-07-06,26.85532407908381,26.87397403704222,26.202591557560385,26.370437622070312,52098000.0
2023-07-07,26.389082836662467,26.87397101775675,26.379759637288604,26.603553771972656,34288000.0
2023-07-10,26.659502246424253,26.90194634047645,26.547604288185664,26.72477531433105,36086000.0
2023-07-11,26.72477467818998,27.116414854866107,26.50098054559757,27.060466766357425,40978700.0
2023-07-12,27.517383104432103,27.87172340958545,27.293588946668223,27.37751197814941,41855500.0
2023-07-13,27.52670337578708,27.853070467004237,27.42413040406117,27.66657447814941,39589000.0
2023-07-14,27.974291614270825,28.06753960869657,27.088438335062552,27.14438819885254,58720300.0
2023-07-17,27.18168726119062,27.56400245073894,27.15371410689436,27.4148063659668,49477200.0
2023-07-18,27.97429142621338,28.776221682903248,27.89969338688578,28.627025604248047,98253800.0
2023-07-19,28.80419765876349,29.559504881850163,28.617703431447485,29.400983810424805,70619800.0
2023-07-20,29.214486444312364,29.65274972558488,29.149213378863017,29.55017852783203,42128800.0
2023-07-21,29.71802359321476,29.941817715355963,29.298408502601507,29.820594787597656,70872400.0
2023-07-24,29.839243407116857,30.631846887272395,29.820593453133608,30.44535446166992,64548600.0
2023-07-25,30.547922088720437,30.5758987966188,29.90451472089479,29.979114532470703,51208800.0
2023-07-26,30.06304024634943,30.34278245069457,29.979117229334378,30.221559524536133,41814600.0
2023-07-27,30.240213728517254,30.529282729326304,29.67140248405319,29.792625427246094,45529500.0
2023-07-28,29.979119273495005,29.98844247285901,29.568827359171795,29.74599838256836,33296500.0
2023-07-31,29.74599874807302,30.07236586511135,29.63410256875329,29.83924674987793,29093400.0
2023-08-01,29.69005133607552,29.78329934000877,29.298411142402045,29.484907150268555,32712000.0
2023-08-02,29.05596747816438,29.167865440269395,28.701627192187736,29.08394241333008,38855100.0
2023-08-03,28.85082209343348,29.41963152309689,28.794872225421187,29.289085388183597,27933400.0
2023-08-04,29.24246186062436,29.53152906034379,29.065290838221884,29.186511993408203,30768100.0
2023-08-07,29.289086917353707,29.746000191963155,29.289086917353707,29.72735023498535,31745200.0
2023-08-08,29.18651388256904,29.19583886104197,28.421883433365963,29.158540725708008,45951800.0
2023-08-09,29.11191445266879,29.167864320852917,28.74824920226048,28.77622413635254,30732100.0
2023-08-10,28.916095516990943,29.205162724383527,28.72027453365179,28.85082244873047,26062600.0
2023-08-11,28.720271971761075,29.279758158963187,28.673648863893217,29.177186965942383,35720700.0
2023-08-14,28.95339168661182,29.00934155151732,28.673649476314715,28.841495513916016,32563700.0
2023-08-15,28.44053662367317,28.487159742780594,27.82510220295374,27.91835021972656,43406100.0
2023-08-16,27.74117511035793,27.82509813532934,27.237636960529432,27.312236785888672,47220400.0
2023-08-17,27.452107851756494,27.545355854729458,27.14439068693614,27.30291175842285,37202200.0
2023-08-18,27.079115136321786,27.3681823183398,27.0231652725318,27.14438819885254,31430400.0
2023-08-21,27.24696137599942,27.32155942126034,26.855321193740146,27.18168830871582,34959000.0
2023-08-22,27.16303984831896,27.265612833159384,26.500982382496044,26.51963233947754,37564200.0
2023-08-23,26.52895736694336,26.584905459433337,26.277188282901776,26.52895736694336,44686600.0
2023-08-24,26.48232736662707,26.845994344064167,26.4543542150563,26.68747329711914,31934800.0
2023-08-25,26.70612673948952,26.84599963916168,26.38908458306616,26.575580596923828,34253200.0
2023-08-28,26.75275061284495,27.04181782260769,26.640852653082547,26.818023681640625,33075200.0
2023-08-29,26.939242425965176,27.284259473957587,26.780721368005025,27.200336456298828,30428200.0
2023-08-30,27.24696108743025,27.29358597682309,26.97654384318249,27.079116821289062,33366400.0
2023-08-31,27.201348844956478,27.23895779633719,26.82525036425425,26.956884384155277,37243000.0
2023-09-01,27.04150786309445,27.389398299334804,27.04150786309445,27.24836158752441,35228600.0
2023-09-05,27.210752361677933,27.37999713150441,26.797043123588672,26.93807983398437,46543600.0
2023-09-06,26.70301573803022,26.85345512186529,26.439747713008305,26.693613052368164,45022600.0
2023-09-07,26.712419918583265,26.844053938460775,26.38333307551046,26.44915008544922,35023600.0
2023-09-08,26.43975188413092,26.68421457639504,26.289310683183395,26.6654109954834,36513900.0
2023-09-11,26.80644444715676,27.041506216991475,26.703016694548207,26.77823638916016,34168300.0
2023-09-12,26.759430239680118,27.39879852199465,26.70301591870499,27.238956451416016,42284000.0
2023-09-13,27.37999782371437,27.44581483733772,26.985093948595157,27.15433692932129,37215700.0
2023-09-14,27.42700930147334,27.680876461127703,27.361192288239792,27.455217361450195,44634800.0
2023-09-15,27.22015367427765,27.3517876915525,27.03210354098875,27.11672592163086,61661100.0
2023-09-18,27.07911667365543,27.07911667365543,26.787640564995595,27.041507720947266,25752300.0
2023-09-19,27.04150759185146,27.210752361677933,26.806445810065597,26.93807983398437,34888100.0
2023-09-20,27.08851964780687,27.23895904699508,26.82525159591705,26.84405517578125,26641100.0
2023-09-21,26.665407864563527,26.88166426337884,26.34572371267177,26.373929977416992,39906000.0
2023-09-22,26.392734637828127,26.505565073903544,25.95081916607221,25.988428115844727,41284400.0
2023-09-25,25.85679775242463,25.969628204431142,25.71576103245088,25.950822830200195,32749200.0
2023-09-26,25.706356594425948,25.856795991268456,25.39607511426589,25.5465145111084,42237400.0
2023-09-27,25.60293032856826,25.960225261924577,25.452490922959026,25.64054107666016,38296300.0
2023-09-28,25.54651411521261,25.988429612416702,25.54651411521261,25.913209915161133,36734300.0
2023-09-29,26.22349333434092,26.317518411224796,25.64054108574341,25.74396705627441,40645900.0
2023-10-02,25.640541522343067,25.725163913641563,24.991770453514334,25.10460090637207,50388600.0
2023-10-03,24.9071443697721,24.93535242714953,24.27717876870757,24.361801147460938,62144500.0
2023-10-04,24.33359471521758,24.455827845304277,24.051521296120544,24.390010833740234,55696400.0
2023-10-05,24.23956821615113,24.53104428292926,24.03271272915216,24.502836227416992,49044100.0
2023-10-06,24.230166068314062,24.662678835487377,23.948090887072507,24.51223945617676,58177300.0
2023-10-09,24.220764611827576,24.78491320955512,24.183153868402226,24.73789978027344,39953700.0
2023-10-10,25.019977694171896,25.668746948335396,24.982366946660253,25.396076202392575,51960100.0
2023-10-11,25.54651423263378,25.80038138455534,25.29264708071222,25.40547752380371,38508200.0
2023-10-12,25.358463417559484,25.46189117152788,25.019975684044848,25.29264640808105,44249800.0
2023-10-13,25.790980234334626,26.063650981862924,24.935355450640227,25.16101455688477,55089700.0
2023-10-16,25.53711374757532,25.555919121941447,25.17041791433193,25.37727165222168,56817500.0
2023-10-17,25.43368499207049,26.2046891706615,25.123403500622317,25.969627380371094,95344200.0
2023-10-18,25.8944045461743,26.36452806987351,25.58412129888906,25.678146362304688,68371100.0
2023-10-19,25.62173256877138,26.12006415976208,25.2738403649894,25.34906005859375,58611000.0
2023-10-20,25.19862062696023,25.33025643557,24.67208277265803,24.73789978027344,62058400.0
2023-10-23,24.568657895757102,24.64387759802835,23.995108338456056,24.0421199798584,59857200.0
2023-10-24,24.201960566200896,24.324193695651783,23.882276403084955,23.94809341430664,55975700.0
2023-10-25,23.86347143804999,24.117338594281573,23.67542308754366,24.023313522338867,45522400.0
2023-10-26,23.96689890920322,24.78491469390537,23.919887270484995,24.559255599975582,60921000.0
2023-10-27,24.512245417148684,24.512245417148684,23.468570400170293,23.66602325439453,64709300.0
2023-10-30,23.80705508237188,24.239569659079148,23.7694461328289,24.15494728088379,41891900.0
2023-10-31,24.201958967823675,24.803716508827367,24.183153596322576,24.7661075592041,50106700.0
2023-11-01,24.860133861941517,25.029378627125848,24.58746134172697,24.82252311706543,44046300.0
2023-11-02,25.1140008138052,26.007236334260405,25.001172158758123,25.969627380371094,63278300.0
2023-11-03,26.47735827666516,27.201348976376707,26.44915021795908,26.72182273864746,62613600.0
2023-11-06,26.85345964305334,27.050912488442886,26.34572708547021,26.63720321655273,45548000.0
2023-11-07,26.373926310984416,26.57137910364655,26.279903050399223,26.477354049682617,33081900.0
2023-11-08,26.477360747962475,26.514971496414365,26.016639839701995,26.223493576049805,31896000.0
2023-11-09,26.39273655943825,26.402139245910707,25.76277091281624,25.8850040435791,32267900.0
2023-11-10,26.101256904362486,26.110659589556835,25.706353093093977,26.026037216186523,32858500.0
2023-11-13,25.894406187406148,26.185882288427813,25.781575745480225,26.044845581054688,28521800.0
2023-11-14,26.797040867980726,27.6526655381898,26.768832810924337,27.474018096923828,66676300.0
2023-11-15,27.45521668143423,27.95354650836217,27.45521668143423,27.850120544433597,46968900.0
2023-11-16,27.67147458086657,27.925341747919088,27.474021742032665,27.77490234375,36952800.0
2023-11-17,27.934741017263736,28.20741354232819,27.78430162184165,28.188608169555664,38493300.0
2023-11-20,28.18860979504956,28.44247696198072,27.972353375832277,28.21681785583496,46783400.0
2023-11-21,28.19801112496609,28.19801112496609,27.7843018869188,27.88772964477539,41611900.0
2023-11-22,27.962949624742656,28.009963057595847,27.75609590032589,27.859521865844727,41422700.0
2023-11-24,27.718482852091835,28.10398400257763,27.718482852091835,27.95354461669922,15815600.0
2023-11-27,27.83131573303526,27.915938119197897,27.746693346872625,27.793704986572266,42039500.0
2023-11-28,27.765501022338867,27.87832968432508,27.56804817379413,27.765501022338867,29705800.0
2023-11-29,28.09458149117219,28.78096321105415,28.02876448361422,28.49888801574707,57954900.0
2023-11-30,28.631574855643983,28.953810542991423,28.470458819662973,28.89694595336914,52547700.0
2023-12-01,28.811651518247192,29.427689765980343,28.764264655995767,29.34239196777344,46133300.0
2023-12-04,28.934856426867174,29.380299019293552,28.925378694131386,29.20970344543457,37811300.0
2023-12-05,29.077018101609216,29.181271351497248,28.745304694623083,28.98224258422852,45723100.0
2023-12-06,29.17179238704568,29.873128293736748,28.849556726175106,28.93485450744629,49803100.0
2023-12-07,28.99171928224,29.31395494522064,28.94433242908685,29.058061599731445,32699600.0
2023-12-08,29.067544912867906,29.51298756418725,29.01068031662761,29.34239196777344,34794300.0
2023-12-11,29.30447861216279,29.456118718723857,29.105449842493478,29.238136291503903,32254000.0
2023-12-12,29.162317629152746,29.2476154191233,28.859037401565317,29.13388442993164,34566700.0
2023-12-13,29.143362516242824,30.45126077318216,29.029631525672663,30.36596298217773,60311100.0
2023-12-14,30.915655227481697,32.28989572823181,30.86826837201831,32.16668701171875,107190000.0
2023-12-15,32.052956490701334,32.24250751998731,31.55064933617089,31.84444999694824,83771800.0
2023-12-18,31.948707472173574,32.02452934007691,31.664382698307367,31.683338165283203,40694700.0
2023-12-19,31.3042405686493,31.910801137761432,31.08625809008626,31.7591609954834,44534800.0
2023-12-20,31.635947537839208,31.948703667228507,31.228414084858287,31.256845474243164,44711400.0
2023-12-21,31.503265852422945,31.702292827538688,31.17155061184448,31.465354919433597,32325700.0
2023-12-22,31.47483164393468,31.910796538221906,31.46535571813959,31.683338165283203,37265900.0
2023-12-26,31.702291890374436,32.18564361785062,31.626470026637136,32.09086990356445,24845400.0
2023-12-27,32.03399612032874,32.176160274367525,31.90131150476434,32.07190704345703,24498600.0
2023-12-28,32.0529549289495,32.19511909783345,32.00556807778318,32.10982131958008,21799600.0
2023-12-29,32.166690504894305,32.214080980889435,31.797067930600893,31.910797119140625,28060700.0
2024-01-02,31.645428786513857,32.28990023382149,31.5316995944554,32.1287841796875,36668600.0
2024-01-03,31.891841386889208,32.005570561591384,31.503263392553613,31.77810859680176,45988700.0
2024-01-04,31.81602177145738,32.51735956493507,31.78759037962232,32.03400421142578,39834600.0
2024-01-05,32.03400372958199,32.877502084932935,31.94870593997428,32.63108825683594,49242400.0
2024-01-08,32.507879195255335,32.507879195255335,31.882363283133163,32.37519454956055,40253900.0
2024-01-09,32.05295815643265,32.071913621884846,31.759153865001675,31.872886657714844,39268800.0
2024-01-10,31.74967628999784,31.8728850013415,31.503262482695693,31.84444999694824,34904000.0
2024-01-11,31.616988051755804,31.749672672522696,31.067290490996097,31.41796112060547,48790600.0
2024-01-12,30.564991423327548,31.455876693507385,30.29014257074304,31.086254119873047,74344300.0
2024-01-16,30.71663084398146,30.81140456286453,30.157457225645818,30.441781997680664,58420800.0
2024-01-17,30.06267825523784,30.31857160537101,29.636191146041824,30.13849830627441,48811300.0
2024-01-18,30.09111427994011,30.110069746403664,29.759400847599068,30.07215881347656,35484400.0
2024-01-19,30.13850059347883,30.546034076612784,29.92051815616761,30.53655815124512,49493600.0
2024-01-22,30.669244130421927,31.26632868530515,30.631333196534115,30.849315643310547,43903400.0
2024-01-23,30.839836939315656,31.105206221853155,30.6976727577361,31.05781936645508,30003400.0
2024-01-24,31.30423232834636,31.59803660840256,31.19050315542164,31.256845474243164,36403900.0
2024-01-25,31.47483211391325,31.70229410563405,31.114689082151752,31.645427703857425,46204000.0
2024-01-26,31.65490677251228,31.910796538221906,31.57908490460894,31.683338165283203,30839800.0
2024-01-29,31.65490256593397,31.891840448567056,31.503262465664204,31.85392951965332,30269300.0
2024-01-30,32.12878026060461,33.06705230756124,32.071913863819056,32.9722785949707,60315700.0
2024-01-31,32.76377057789893,33.26607773915844,32.223552487197324,32.233028411865234,54716000.0
2024-02-01,32.15721428727132,32.46049453088376,31.209462622136027,31.797067642211918,57084800.0
2024-02-02,31.626473194891457,31.94870891728477,31.436922131944957,31.721250534057617,40416000.0
2024-02-05,31.38005225552338,31.550647812101545,31.143114384207603,31.26632308959961,43573000.0
2024-02-06,31.199980281042706,31.616993290127127,31.16207296553214,31.31371307373047,27188000.0
2024-02-07,31.332670504285485,31.52221793988232,30.92513701005824,31.446399688720703,29660100.0
2024-02-08,31.323187862915297,31.541170284584297,31.086249976485703,31.38953018188477,36852200.0
2024-02-09,31.370575402520632,31.512739583638535,31.12416158601961,31.34214401245117,36176000.0
2024-02-12,31.275798422857505,32.19511850311922,31.256842959664123,31.8634033203125,34160400.0
2024-02-13,31.38953506459441,31.569610200138523,30.65976582702786,31.038867950439453,43801500.0
2024-02-14,31.25684742536943,31.446398468999675,31.15259417060352,31.39901161193848,27833900.0
2024-02-15,31.57907673092968,32.45100990920547,31.57907673092968,32.28989028930664,41683100.0
2024-02-16,32.147733492622265,32.36571954864391,30.792451990473594,32.30885314941406,33290700.0
2024-02-20,32.01504667169839,32.30885095804683,32.0055707468289,32.18564224243164,30372900.0
2024-02-21,31.61699049713385,31.977137078059627,31.436915398978435,31.93922615051269,37847100.0
2024-02-22,31.626467561556083,32.28989435600575,31.626467561556083,31.85392951965332,42756900.0
2024-02-23,31.967652696117632,32.270932839783065,31.740194396060808,32.14772415161133,30586000.0
2024-02-26,32.02452508437995,32.43205853173967,31.77810766182585,31.85392951965332,31129200.0
2024-02-27,31.96765948743836,32.63108629841636,31.94870402250924,32.488922119140625,40536300.0
2024-02-28,32.432062893421126,32.79220592038054,32.32780963258026,32.51736068725586,39548600.0
2024-02-29,32.765509842182695,33.0709264629524,32.59371253789308,32.94684982299805,43863400.0
2024-03-01,32.95638896064661,33.070922911776506,32.47917508683081,32.78459167480469,38432300.0
2024-03-04,32.72733291914882,33.80583380345726,32.68915493009717,33.54814147949219,49136400.0
2024-03-05,33.33816664850504,34.092165559018056,33.280899664123744,33.77720260620117,47591600.0
2024-03-06,34.0253496740309,34.15896897229323,33.47177984882659,33.80582809448242,49149700.0
2024-03-07,33.97762842296207,34.2639596773241,33.64358014734388,34.00626373291016,35900700.0
2024-03-08,34.235322732646125,34.4834759891302,33.882185480875826,33.97762680053711,42769900.0
2024-03-11,33.77719969853303,34.29259159103735,33.66266938048312,34.25441360473633,34131500.0
2024-03-12,34.26395706412661,34.50256399732845,34.14942311477566,34.32122039794922,29260400.0
2024-03-13,34.32122652823843,34.78889780282246,34.32122652823843,34.435760498046875,38289600.0
2024-03-14,34.28304794531736,34.56937922403236,33.86310098584398,34.06352996826172,40178100.0
2024-03-15,33.67221090580994,34.36894274815204,33.634036561666775,33.796287536621094,69646400.0
2024-03-18,34.03489399889535,34.44529822965175,33.77719806510508,34.36894226074219,50617900.0
2024-03-19,34.25441170208082,34.73162558177736,34.21623371790039,34.388031005859375,46113800.0
2024-03-20,34.20669657420557,35.19930247830379,34.101708921157204,35.075225830078125,40519000.0
2024-03-21,35.247020446111826,35.8864853517312,35.19929978225047,35.80058670043945,43219500.0
2024-03-22,35.705147820864475,35.89603413025143,35.31383252500532,35.36155319213867,29001100.0
2024-03-25,35.40927075200618,35.58106805129337,35.16112112017646,35.18021011352539,30480200.0
2024-03-26,35.31382822096364,35.54289249248038,35.12294193484187,35.39972686767578,33673400.0
2024-03-27,35.55243321883861,36.12508840494855,35.54289054343969,36.0869140625,36350200.0
2024-03-28,36.00101570961294,36.268254313163325,35.71468447340565,36.19189834594727,42262500.0
2024-04-01,36.21099285408706,36.60230814354954,35.733778908847285,35.81013488769531,33908000.0
2024-04-02,35.495171043557285,35.86740096979999,35.46653937263607,35.60015869140625,34806800.0
2024-04-03,35.69560174696741,36.2873459729881,35.571525111545064,35.7337760925293,33338500.0
2024-04-04,35.981932587259166,36.23008223948423,35.18975568200908,35.23747634887695,42888200.0
2024-04-05,35.13249178989735,35.63833740433989,35.05613581141741,35.418819427490234,30823500.0
2024-04-08,35.504718501608195,35.867402121958634,35.437908840077,35.791046142578125,29470300.0
2024-04-09,35.80058760143018,36.04874088511973,35.50471729353166,36.01056289672852,30967300.0
2024-04-10,35.48562769913318,35.53334836338838,34.8843371351285,34.97978210449219,37610700.0
2024-04-11,35.075219667803346,35.075219667803346,34.40711951738889,34.69344711303711,38604000.0
2024-04-12,34.178062687788355,34.445301321251534,33.91082041347186,34.158973693847656,47126100.0
2024-04-15,34.674363420375954,35.08476402122572,34.13033622951732,34.31167984008789,44392000.0
2024-04-16,34.45484565107753,34.52165531264912,32.59371416322107,33.09955978393555,95566100.0
2024-04-17,33.299990809219395,34.12079943408646,33.166371477888234,33.62449645996094,65951400.0
2024-04-18,33.92037076826139,34.349864080914564,33.576776118138845,34.139888763427734,44506200.0
2024-04-19,34.45484337411982,35.428360202353794,34.41666902778273,35.28519821166992,56273700.0
2024-04-22,35.31383099242894,36.182360203635625,35.18975435058417,36.01056289672852,43867100.0
2024-04-23,36.21099084962743,36.66911577479569,36.10600684580297,36.621395111083984,39180300.0
2024-04-24,36.28734941938767,36.73593170023586,36.26826042436716,36.57367706298828,28670600.0
2024-04-25,36.20144296429734,36.52594852803928,35.676508457293465,36.18235397338867,41116000.0
2024-04-26,36.201444124366205,36.56412768154762,36.05827850838982,36.10600280761719,28668700.0
2024-04-29,36.115552978582805,36.32552828803357,35.74332666881362,35.838768005371094,26438800.0
2024-04-30,35.64787749045591,35.953294100472135,35.29474021778463,35.32337188720703,30283800.0
2024-05-01,35.51426294487116,35.80059060008131,35.09431595995317,35.26611328125,32272000.0
2024-05-02,35.666970314787534,35.78150428648595,34.97978468886491,35.199302673339844,34860300.0
2024-05-03,35.552433013916016,35.81967161377992,35.39018204709946,35.552433013916016,34082700.0
2024-05-06,35.943753735230906,36.067830378793936,35.65742610003836,35.97238540649414,28422300.0
2024-05-07,35.98192787410667,36.41142110136669,35.98192787410667,36.11554718017578,29119500.0
2024-05-08,35.981927661188315,36.09645797416226,35.81013037130089,35.99147033691406,32803300.0
2024-05-09,35.81967489357526,36.66911507022332,35.75286523749192,36.53549575805664,26855400.0
2024-05-10,36.72638557850696,37.01271322363726,36.58322357636859,36.69775390625,27359100.0
2024-05-13,36.860004255845205,37.01271257328837,36.44005729308987,36.46868896484375,24060600.0
2024-05-14,36.65002893425163,37.02225519328766,36.62139362450439,36.73592758178711,27594800.0
2024-05-15,37.031799768749785,37.45175035195376,37.012710774890216,37.13678741455078,34084400.0
2024-05-16,37.14632411350848,37.56627462913449,36.945895171515744,37.432655334472656,32554200.0
2024-05-17,37.652181892207736,37.690359882528725,37.37539692366092,37.499473571777344,25537300.0
2024-05-20,37.470834995927774,37.67126760723399,37.022256391702506,37.05088806152344,28369800.0
2024-05-21,37.00316960933923,37.93850850153117,37.00316960933923,37.84306716918945,31799200.0
2024-05-22,37.613999365056095,37.99577194051117,37.54718971047942,37.94804763793945,42837600.0
2024-05-23,37.95760005630919,38.02440972162522,37.1654231091996,37.38494110107422,39033900.0
2024-05-24,37.375397083012366,37.96714137209637,37.28949842485069,37.89078903198242,22166300.0
2024-05-28,37.84306581373849,37.92896446611073,37.327673899505086,37.52810287475586,31217900.0
2024-05-29,37.06997847515934,37.12724545784831,36.80273983765088,36.955448150634766,26677500.0
2024-05-30,36.964990126091806,37.33721640437551,35.876942961615335,36.86954879760742,50989100.0
2024-05-31,36.93635550702072,38.25346685190693,36.89817752233346,38.16756820678711,58188400.0
2024-06-03,38.21528840469032,38.358450384255285,37.566277236274175,38.06258010864258,31898600.0
2024-06-04,37.81442949183243,38.31073239884741,37.62354319823386,37.87169647216797,26974200.0
2024-06-05,38.00531957721439,38.16757421725991,37.718991928676296,38.138938903808594,34140300.0
2024-06-06,38.091218020741806,38.17711667890349,37.62354673944967,37.89078903198242,38676400.0
2024-06-07,37.7179426886905,38.37090127667371,37.7179426886905,38.19805908203125,25928700.0
2024-06-10,38.00600888067378,38.25566775030522,37.65072017370265,38.09242630004883,37176200.0
2024-06-11,37.765954407696015,37.78515583854254,36.93054930898473,37.31464385986328,44629000.0
2024-06-12,38.21726363289132,38.29408401297022,37.54509995919025,37.8427734375,38964700.0
2024-06-13,37.72754757296892,37.78515919662285,37.38186317905564,37.69873809814453,40018700.0
2024-06-14,37.5450992495124,37.909988721995376,37.36265634476955,37.679534912109375,32347900.0
2024-06-17,37.53549719792581,37.95799827634632,37.4298710125714,37.93879318237305,26135400.0
2024-06-18,37.986811208350495,38.42851742097147,37.890785729738894,38.39971160888672,30804500.0
2024-06-20,38.19805993530109,38.70698581444891,38.16925412321634,38.39971160888672,29383300.0
2024-06-21,38.265274532338566,38.3228898173878,37.80436324093669,37.91959381103516,72244900.0
2024-06-24,38.18845819235987,38.73579058524153,38.073231284120936,38.42851638793945,31064900.0
2024-06-25,38.198055726887375,38.476524089684986,37.785155371841824,37.81396484375,30596000.0
2024-06-26,37.61231541701515,37.78515760669894,36.94015541601962,37.44907760620117,44310200.0
2024-06-27,37.161009210266045,37.78515831764808,36.815324824394224,37.68913650512695,29464200.0
2024-06-28,38.15965167823382,38.46692586987659,37.756352012329366,38.18845748901367,52028200.0
2024-07-01,38.32288536459952,38.73578570198358,38.09242791417708,38.418907165527344,26770500.0
2024-07-02,38.409313192328405,39.33113582982487,38.37090300001667,39.30233001708984,35626100.0
2024-07-03,39.38875215500756,39.56159436196207,39.12948884457581,39.27352523803711,17100700.0
2024-07-05,39.302326687261605,39.331132497556105,38.68777831433061,38.80300521850586,23489000.0
2024-07-08,38.9854488357837,39.40795359715696,38.82221102379662,39.00465393066406,26728500.0
2024-07-09,39.13908512650677,40.16653753497996,38.98544803362244,39.7728385925293,34697200.0
2024-07-10,39.63840642667367,40.0993177033795,39.43675842992685,40.080116271972656,25333400.0
2024-07-11,40.10892104997324,40.2337523288888,39.744031591680056,40.14733123779297,33824600.0
2024-07-12,39.84005151004981,40.25294815109034,39.4559570113652,39.936073303222656,31856600.0
2024-07-15,40.1857414200126,40.55063091151521,40.04170869707554,40.224151611328125,36648100.0
2024-07-16,40.82909715851383,42.63433576250757,40.54102806478011,42.37507247924805,75953300.0
2024-07-17,41.9141584418144,42.67273948408848,41.9141584418144,42.23103332519531,65713600.0
2024-07-18,41.88535271814346,42.480699677398505,41.222793420517824,41.29961013793945,48549200.0
2024-07-19,41.15557860872911,41.82774230483431,40.99233712711905,41.19398880004883,43903000.0
2024-07-22,40.94431905633817,41.165172123292535,40.29136057012667,40.61783981323242,42838300.0
2024-07-23,40.541029683266,41.0787577029036,40.4738136808113,40.72347259521485,36705100.0
2024-07-24,40.598639569514255,41.049950134970125,40.3969915707776,40.5122184753418,36567200.0
2024-07-25,40.348982193628494,40.61784620212472,40.00329780384914,40.02250289916992,41593900.0
2024-07-26,39.92648005922904,40.29136587195219,39.76323858469728,40.01289749145508,52049300.0
2024-07-29,40.11852240167656,40.21454787274876,39.35033694808479,39.455963134765625,37133100.0
2024-07-30,39.41755176384648,40.22414738167001,39.18709796618094,39.638404846191406,44163200.0
2024-07-31,39.59039789109629,39.73443427624672,38.620564375142045,38.70698547363281,50851600.0
2024-08-01,38.83180900723335,38.84141338549634,37.42987014659418,37.92919158935547,60107800.0
2024-08-02,36.48884053916551,36.9977626692633,35.701450062675896,36.08554458618164,76728000.0
2024-08-05,34.232295129637365,35.49019754549933,33.74257443126619,35.192527770996094,76075200.0
2024-08-06,35.19253024797971,35.82628368936257,35.08690406391639,35.45178985595703,40614100.0
2024-08-07,36.58486637701499,37.05538203709821,35.78787509780932,35.816680908203125,44952400.0
2024-08-08,36.31600433012181,36.89214254694021,36.16236722810375,36.69049453735352,36557800.0
2024-08-09,36.642478792922496,36.92094714825871,36.40242062376996,36.75770568847656,26411200.0
2024-08-12,36.96896293397305,37.18981603921372,36.49844724854906,36.65208435058594,33040600.0
2024-08-13,36.8441247242822,36.9497508989072,36.60406656849695,36.930545806884766,21553500.0
2024-08-14,36.98816750658444,37.3722584247468,36.90174640897336,37.26663589477539,25658900.0
2024-08-15,37.861980797326574,38.10203900493681,37.42027457444315,37.47788619995117,37379800.0
2024-08-16,37.44907539166342,37.85237136841198,37.43947467635863,37.77555465698242,26886600.0
2024-08-19,37.90998342081804,38.15964595344622,37.88117761435969,38.09242630004883,27268900.0
2024-08-20,37.564305727301935,37.67953629948504,36.815325323098776,37.151405334472656,44440800.0
2024-08-21,37.32424561053613,37.43947617679407,36.86333433449599,37.20901870727539,33751100.0
2024-08-22,37.23782506099956,37.72754581725252,37.03617706159999,37.679534912109375,35421600.0
2024-08-23,37.708341106697176,38.57254839706849,37.708341106697176,38.18845748901367,45616600.0
2024-08-26,38.40930556834978,38.601352828790894,38.08282632449894,38.33248519897461,44659500.0
2024-08-27,38.40930482307766,38.53413608939175,38.03481468713213,38.09242630004883,32323900.0
2024-08-28,37.77555882300808,38.6685756277188,37.76595810664448,38.36130142211914,40700500.0
2024-08-29,38.457321007928186,38.73578938529355,37.95799953703083,38.572547912597656,34810800.0
2024-08-30,38.572553069492166,39.235116101665696,38.53414653813248,39.12948989868164,49098200.0
2024-09-03,38.96624739793203,39.27352158997608,38.63016373207321,39.08147430419922,48489300.0
2024-09-04,39.04306045197127,39.32152880707584,38.678171009523794,38.88942337036133,39629600.0
2024-09-05,39.17749274326081,39.31192473283375,38.41890804438835,38.543739318847656,34214500.0
2024-09-06,38.43743334789133,38.54374818520459,37.26797751120305,37.461273193359375,47007600.0
2024-09-09,37.934854163944415,38.37944010496398,37.78987872423523,38.1474838256836,37610200.0
2024-09-10,38.50508558193499,38.50508558193499,37.04568261063663,37.96384811401367,53983900.0
2024-09-11,37.68356636683352,37.722223287549774,36.73639991515516,37.69322967529297,41190000.0
2024-09-12,37.74155200971797,38.0121725646617,37.23897519268338,37.48059844970703,39921600.0
2024-09-13,37.57725437539237,37.78021705026482,37.15199503351247,37.35496139526367,31887300.0
2024-09-16,37.50959864742697,37.89619367642479,37.49026834294529,37.78987884521485,26336400.0
2024-09-17,37.96384275036931,38.46641953810244,37.89618853729736,38.224796295166016,27769400.0
2024-09-18,38.29245376586914,38.775700292852925,38.09915441769995,38.29245376586914,42527800.0
2024-09-19,38.69838858112189,39.67454509009479,38.66939127806797,39.50057601928711,57977800.0
2024-09-20,39.2589482918796,39.36526312170293,38.891683572153525,38.920677185058594,70725000.0
2024-09-23,38.86268832083764,39.08498130087696,38.418102360759,38.53408050537109,31714800.0
2024-09-24,38.51474208815279,38.640387202365126,37.93484780035084,38.12814712524414,32534900.0
2024-09-25,37.934852600097656,38.089491342202535,37.63523842426014,37.934852600097656,28866000.0
2024-09-26,38.07016327315989,38.38910777134121,37.79954638031174,38.19580841064453,39601400.0
2024-09-27,38.32145344819884,38.56307672671994,38.0315025644706,38.07983016967773,27861100.0
2024-09-30,37.915525952145366,38.45676344513572,37.71256327485353,38.35044860839844,35055200.0
2024-10-01,38.1861372574548,38.23446485752647,37.63523653591763,37.90585708618164,26291200.0
2024-10-02,37.93485383330405,38.215137714630266,37.74155447766947,37.915523529052734,23302700.0
2024-10-03,37.67389903150597,37.95418290372057,37.43227576653719,37.934852600097656,26030200.0
2024-10-04,38.59207174020602,38.90134925298128,38.29245753669552,38.76604080200195,34209900.0
2024-10-07,38.86268266786585,39.0849756155704,38.37943616758337,38.62105941772461,27177500.0
2024-10-08,38.70804585199075,38.80469736896014,38.47608958502097,38.59206771850586,26023600.0
2024-10-09,38.53407958336367,39.036656447162535,38.38910782778699,38.84335708618164,27421000.0
2024-10-10,38.6693904150678,38.78537225093715,38.43743411708687,38.63073348999024,26182300.0
2024-10-11,39.142968349107264,40.757009965652784,39.04632051929292,40.54438400268555,50660700.0
2024-10-14,40.55404595919491,40.766675601953295,40.32208970062054,40.50572204589844,28098900.0
2024-10-15,41.78150128188288,41.90714643227887,40.641038992144594,40.728023529052734,61490000.0
2024-10-16,40.79567089805583,41.65584912565793,40.73768367445558,41.36590194702149,42437800.0
2024-10-17,41.39490025935015,41.55920231274537,41.04696216171497,41.17260360717773,31708600.0
2024-10-18,41.00830381739779,41.22093348588477,40.69902631062328,40.9019889831543,30593500.0
2024-10-21,40.83433150944636,40.98897025052771,40.341421674399065,40.360748291015625,26589500.0
2024-10-22,40.25443405836278,40.98896710032716,40.177112850325415,40.88265228271485,37104400.0
2024-10-23,40.78600960992546,41.04696318968711,40.61204055675103,40.92131805419922,28569400.0
2024-10-24,40.90199130073079,41.230599131158016,40.56372016067875,41.2209358215332,28392000.0
2024-10-25,41.48188353767594,41.53987445298683,40.38974895091136,40.48639678955078,27466900.0
2024-10-28,40.66036223913654,41.317577806803214,40.602371328973575,41.191932678222656,24527600.0
2024-10-29,41.16294086386688,41.37557052353667,41.04696272535542,41.10494995117188,22313500.0
2024-10-30,40.312424494362624,41.46255359098864,40.24477027537032,40.8923225402832,38100500.0
2024-10-31,40.872992235102245,41.12427880750958,40.39940901529657,40.418739318847656,28138200.0
2024-11-01,40.73768367884992,41.00830055402268,40.35108498270735,40.360748291015625,31220000.0
2024-11-04,40.21578062946343,40.61204267415893,39.732534053645566,39.94516372680664,31110100.0
2024-11-05,40.11912526026688,40.60237178980788,39.993483817138696,40.47673034667969,30851400.0
2024-11-06,43.29889301721462,44.02376289033834,42.525699223258414,43.88845443725586,110086700.0
2024-11-07,43.53084720827765,43.71447955776546,43.018603392332345,43.26989364624024,48339700.0
2024-11-08,43.62749930761059,43.97543742438544,43.443866940147736,43.61783599853516,38331800.0
2024-11-11,44.0720794127221,44.96125489166359,44.05275279713656,44.5359992980957,43293500.0
2024-11-12,44.59398876155435,44.89360293449488,44.304041583771024,44.32337188720703,38155900.0
2024-11-13,44.65197898686452,44.92259585706036,44.294377595980265,44.33303451538086,36903900.0
2024-11-14,44.41035776061544,44.61332042255198,44.19772810322753,44.36203384399414,35733100.0
2024-11-15,44.09141356839312,45.27053631357955,44.09141356839312,45.18355178833008,40488900.0
2024-11-18,45.183553703130336,45.4445072899375,44.932267112248645,45.15456008911133,32360300.0
2024-11-19,44.44901701030927,45.05790497751138,44.41035640344229,44.854942321777344,28534100.0
2024-11-20,45.00958390637296,45.07723812922582,44.3813619091637,44.51667404174805,28021000.0
2024-11-21,44.83561649610087,45.47350182559836,44.748631965402176,44.90327072143555,45336500.0
2024-11-22,44.81628304103698,45.63780437031652,44.72929851645158,45.425174713134766,37996200.0
2024-11-25,45.67646060504271,46.140380520445575,45.5798127733462,45.90842056274414,42718600.0
2024-11-26,45.918083531562914,46.23702801018374,45.62813635173934,46.15004348754883,30301500.0
2024-11-27,46.21770029148454,46.37233904183101,46.05339823225082,46.169376373291016,23278400.0
2024-11-29,46.19836706031544,46.468987621437805,45.90841988264285,45.91808319091797,23262000.0
2024-12-02,46.14038258267068,46.21770011410786,45.28020061986115,45.46383666992188,35891500.0
2024-12-03,45.78277589783182,45.88909072590669,45.086903391404576,45.25120544433594,38123800.0
2024-12-04,45.12556167787597,45.21254620467139,44.58432789948544,44.8162841796875,24941300.0
2024-12-05,44.99991908564977,45.657134674322,44.941928173633336,45.425174713134766,31572100.0
2024-12-06,45.73617157117553,45.73617157117553,45.09473796774768,45.43489074707031,28931700.0
2024-12-09,45.25023534901296,45.43488917893107,44.608801767723534,44.6185188293457,34660900.0
2024-12-10,44.61851926388593,44.98783063470599,44.307521385528126,44.46302032470703,35665800.0
2024-12-11,44.70598967051547,44.86148861672612,44.190900106327824,44.78374099731445,36790500.0
2024-12-12,44.84205078502637,45.1627694469912,44.62823834371649,44.78374099731445,24017300.0
2024-12-13,44.79346389856322,44.80318096198611,44.10343746651616,44.3852767944336,32902300.0
2024-12-16,44.30752599964329,44.39499439375194,43.88962186194504,44.19090270996094,27330400.0
2024-12-17,43.91877596381843,43.91877596381843,43.36481071360412,43.78271484375,33054600.0
2024-12-18,43.87018277010768,44.15202577719023,42.130535707975625,42.27631759643555,41771900.0
2024-12-19,42.73310161974289,43.22875341630721,42.091667920277885,42.159698486328125,38583600.0
2024-12-20,41.984760330039485,43.15100439342152,41.88757116211484,42.92747116088867,74222200.0
2024-12-23,42.665066686553246,42.86915836381343,41.5765703263908,42.65534591674805,35374800.0
2024-12-24,42.69421934564834,43.170433234320015,42.69421934564834,43.13156127929688,12054400.0
2024-12-26,42.96634389892661,43.32593823465177,42.86915844501503,43.29677963256836,16077400.0
2024-12-27,42.99550025063797,43.52030686463465,42.82056347684334,43.09268569946289,17972500.0
2024-12-30,42.65534778094119,42.89831513326588,42.3249120334841,42.67478561401367,16109800.0
2024-12-31,42.80112576629436,42.98577960253729,42.48040711097073,42.71365737915039,16110400.0
2025-01-02,42.89831220130723,43.3356541470783,42.567876476434336,43.04409408569336,25610600.0
2025-01-03,43.49115168609869,43.58833713428593,42.908031582200856,43.54946517944336,23455700.0
2025-01-06,43.889624910668445,44.85177731269796,43.83131140808285,44.12287521362305,30518500.0
2025-01-07,44.97811189953728,45.3377062249016,44.36583688423821,44.78374099731445,41111200.0
2025-01-08,44.60880663158292,44.95867649893527,44.40471124139298,44.91008377075195,40246000.0
2025-01-10,44.70598942133977,44.75458214662464,43.48143569017957,43.84102630615234,40741300.0
2025-01-13,43.83130283108161,44.06455308839331,43.43283657652221,43.79243087768555,34353600.0
2025-01-14,44.317243082309474,44.62824099319401,43.95765244298439,44.49217987060547,36379000.0
2025-01-15,45.79448513515179,46.12492087977358,45.5223628892471,45.775047302246094,57154800.0
2025-01-16,45.67786124382034,46.1735130005347,44.531055069193,45.32798767089844,56339300.0
2025-01-17,45.29883210948525,45.56123728531793,44.7837425276956,45.2210807800293,44486100.0
2025-01-21,45.30854788983892,45.82364116443998,45.230800269970494,45.3474235534668,52089100.0
2025-01-22,45.28911154288216,45.41545560012143,44.4727411168677,44.50189971923828,40296200.0
2025-01-23,44.75458622029985,45.570956684510506,44.75458622029985,45.08502197265625,35324100.0
2025-01-24,44.92951794056835,45.54179664644634,44.85177032329103,45.21136093139648,24655100.0
2025-01-27,45.24051711926883,45.81392017922577,45.07530111070891,45.76532745361328,44260000.0
2025-01-28,45.75561203704211,46.10548189846747,45.39601769832481,45.52236175537109,27156600.0
2025-01-29,45.43489074707031,46.05688651919584,45.32798452860113,45.43489074707031,23681500.0
2025-01-30,45.784767297342434,45.84307708768491,45.09474092411492,45.405738830566406,31199900.0
2025-01-31,45.386296346575335,45.51264039168147,44.86148604295334,44.9975471496582,30388900.0
2025-02-03,44.14230606033808,45.172488951806855,43.84102892116904,44.91008377075195,36497700.0
2025-02-04,45.04614540322783,45.80420605955283,44.968397778730754,45.3960189819336,32894000.0
2025-02-05,45.658419289058045,45.80420116707659,45.327983578618216,45.78476333618164,27696600.0
2025-02-06,46.10547756924248,46.630287873182894,45.84307241727226,46.39704132080078,39793400.0
2025-02-07,46.494229606030665,46.62057365892992,46.04717059717155,46.06660842895508,26504700.0
2025-02-10,46.14435507477717,46.22210640027025,45.09473813233133,45.35713958740234,26725200.0
2025-02-11,45.24051985421856,45.60983126449684,44.978114671183015,45.47377014160156,20314900.0
2025-02-12,45.25995734549182,45.26967811556099,44.64767858969705,44.91008377075195,29777100.0
2025-02-13,45.21136435925153,45.25995708715748,44.67683693751104,45.02671051025391,26815400.0
2025-02-14,45.172487827924805,45.76532873621899,45.172487827924805,45.63898468017578,25960500.0
2025-02-18,45.250239382269,45.33770777421323,44.86149014976411,45.2210807800293,37824100.0
2025-02-19,44.58936933296677,44.76430612243226,44.1423065891174,44.7157096862793,38967800.0
2025-02-20,44.60880823805141,44.89064755461932,43.772999936603966,44.02568435668945,40001100.0
2025-02-21,43.97708634180929,44.22977073152843,43.28706002047317,43.54946517944336,43485900.0
2025-02-24,43.76327383426686,44.11314737897951,43.189870793184966,43.20930862426758,35512200.0
2025-02-25,43.2773405902936,43.578621420815686,42.13053447074156,42.70393753051758,38119000.0
2025-02-26,42.80112668909921,43.29677842200993,42.62618991103959,42.70393753051758,32251700.0
2025-02-27,42.8497170254694,43.52030549904888,42.70393514941916,42.87887191772461,28477700.0
2025-02-28,43.07324690457134,44.90036221922335,42.95662362711313,44.80317306518555,62621100.0
2025-03-03,44.910082770655,45.63898479933539,43.94793416893384,44.27836990356445,46946000.0
2025-03-04,43.47171382757108,43.57862004494196,40.84766594691109,41.46966171264648,78278100.0
2025-03-05,41.45022677920501,41.52797439470954,40.53666727216365,41.1003532409668,52588900.0
2025-03-06,40.420049048372704,40.71160913089189,39.80777027991108,40.293704986572266,58103500.0
2025-03-07,40.40128702409125,40.81204630777705,39.71668448716457,40.48930740356445,50651400.0
2025-03-10,39.511303301033415,39.726461318504526,38.31813903276094,38.95384216308594,77498400.0
2025-03-11,38.82670599574259,39.76558764543257,38.40616455729695,38.73868560791016,50608400.0
2025-03-12,39.42328411614433,39.60910325748002,38.33770068919912,39.03208160400391,42290700.0
2025-03-13,39.09076321692704,39.30592124154224,38.46484218025802,38.797359466552734,37766100.0
2025-03-14,39.37437787540586,40.11766184325563,39.28635750370743,39.99052047729492,35979900.0
2025-03-17,40.01986154842625,40.85116593348294,39.69712265505304,40.52842330932617,37242800.0
2025-03-18,40.8022664883133,40.909847362860695,40.38172510460088,40.73380661010742,37644500.0
2025-03-19,40.80226358321222,41.76070554063747,40.39150061243953,41.2814826965332,42471100.0
2025-03-20,40.841384462127145,41.78026973668757,40.73380731649775,41.54554748535156,41018100.0
2025-03-21,41.23258448908112,41.72158573004783,40.96852337126509,41.5357666015625,65011000.0
2025-03-24,41.98565027611656,42.20081203356119,41.80960951653162,42.1225700378418,30646100.0
2025-03-25,42.39641322540231,42.57245400020157,42.09323479274671,42.32795333862305,25445300.0
2025-03-26,42.50398802363793,42.75827076448613,41.79004664181311,41.87806701660156,30012100.0
2025-03-27,41.8780697677361,42.14213090944869,41.58466974276114,41.6237907409668,25619200.0
2025-03-28,41.506427293873365,41.682468053096,40.08832656682299,40.34260559082031,34253000.0
2025-03-31,39.88294288038307,40.978308424888205,39.706902122544165,40.81204605102539,36390000.0
2025-04-01,40.4110653535871,40.78270736983718,40.06876595097759,40.57732772827149,25578500.0
2025-04-02,39.980745276131536,41.04676820452992,39.92206378006775,40.92940521240234,28216100.0
2025-04-03,37.78024002483876,37.9856196675259,36.20565530266996,36.4012565612793,115497900.0
2025-04-04,34.51371055377133,35.00271182407996,32.92934375180716,33.633506774902344,107761200.0
2025-04-07,34.20074685776876,35.824230774940176,32.8022030563206,34.79732894897461,137329100.0
2025-04-08,36.04917648289787,36.5088388993859,33.574831095318686,34.259429931640625,79116300.0
2025-04-09,33.3009842158247,37.01739295147503,32.34254221821058,36.332794189453125,161173500.0
2025-04-10,35.52104845071029,35.59929043696901,33.868225664218954,35.06138610839844,90451800.0
2025-04-11,34.42569298105682,35.43303448612491,34.04427255606148,35.15919494628906,63671900.0
2025-04-14,35.68731669269534,36.17631799512272,35.47215492577646,35.86335372924805,46830600.0
2025-04-15,36.96849688474464,37.89760008458807,36.96849688474464,37.1543197631836,84677800.0
2025-04-16,37.02717883494207,37.3205788672165,36.15675712252161,36.50883865356445,52872700.0
2025-04-17,36.684873039888245,37.036954545513055,36.4208156414532,36.58707427978516,47144400.0
2025-04-21,36.25455481296325,36.45993445637741,35.68731526485028,36.107852935791016,34928300.0
2025-04-22,36.74355647870741,37.64332078855783,36.577297831577866,37.47705841064453,42288900.0
2025-04-23,38.54307979107234,39.24724281077994,37.81935627295245,37.89759826660156,54428400.0
2025-04-24,37.80957866503204,38.82670221864138,37.750897168591,38.70934295654297,42457100.0
2025-04-25,38.67022308493215,38.91472373104712,38.45506132250016,38.81692123413086,32694200.0
2025-04-28,38.92449824157722,39.19834147490605,38.59197724672202,38.90493774414063,37428000.0
2025-04-29,38.75824333349877,39.257023008313446,38.611541454020696,39.11032485961914,33792500.0
2025-04-30,38.49418099326553,39.12010202880096,37.96605872048864,39.002742767333984,40994600.0
2025-05-01,38.94406228498677,39.550422837598326,38.709343755942704,39.28636169433594,33569100.0
2025-05-02,40.01008468064541,40.32304520216709,39.80470503791876,40.16656494140625,41613000.0
2025-05-05,39.95140060842338,40.57732534190136,39.726460481254016,40.21546173095703,32829200.0
2025-05-06,39.75580834608411,40.36216893121461,39.66778796027614,39.941627502441406,29541800.0
2025-05-07,40.13722488810947,40.43062490213347,39.96118413353836,40.02964401245117,30925900.0
2025-05-08,40.38172380622223,41.22280654660404,40.34260281113855,40.68490219116211,41861700.0
2025-05-09,40.81204604286671,41.05654668084036,40.77292504540285,40.8707275390625,27222800.0
2025-05-12,42.36706796948531,42.99298897208643,41.99542597514711,42.40618896484375,44875100.0
2025-05-13,42.464871145686125,43.51133736110295,42.464871145686125,43.30595397949219,43232500.0
2025-05-14,43.21792832256583,43.93186968650167,43.15925056136612,43.75583267211914,42419500.0
2025-05-15,43.61890938327826,43.99055137257754,43.04188776730703,43.403751373291016,47379400.0
2025-05-16,43.36463267198061,43.80473456011381,42.69959064786457,43.70693206787109,49488100.0
2025-05-19,43.1396900207561,44.14703138203,43.1396900207561,43.78517150878906,37915700.0
2025-05-20,43.609133306411984,43.92209382002146,43.43309255115871,43.70693206787109,33424300.0
2025-05-21,43.39397250898848,43.511335502261886,42.20081192364504,42.29861068725586,55594100.0
2025-05-22,42.23015079799777,42.61157119909968,42.01498904115724,42.35729217529297,29026200.0
2025-05-23,41.54554706687622,42.47465021743128,41.418405693233886,42.24971008300781,34875100.0
2025-05-27,42.826734888325326,43.24727630615234,42.34751197122576,43.24727630615234,36322000.0
2025-05-28,43.2374917533546,43.46243189170921,42.9929911163452,43.09079360961914,35673800.0
2025-05-29,43.39397190379741,43.48199228213305,42.934313244296746,43.2668342590332,28545100.0
2025-05-30,43.21793375001397,43.325514633434985,42.75827506282943,43.15925598144531,66537500.0
2025-06-02,42.91475411567563,43.17881525911228,42.40619232803287,43.11035537719727,28582600.0
2025-06-03,43.04189138460784,43.74605442755724,42.97343150329706,43.667816162109375,31320200.0
2025-06-04,43.61891194157791,44.0981348293695,43.3646329218489,43.38419342041016,30591700.0
2025-06-05,43.47221124884833,43.59935261664766,43.04188776730703,43.403751373291016,32020900.0
2025-06-06,43.96449509370882,44.43670225790907,43.91530755108214,44.23995208740234,37013000.0
2025-06-09,44.37768032671662,44.66297333823511,44.05303577855371,44.14157485961914,32414000.0
2025-06-10,44.07271250595482,44.46622037542417,44.02352496046344,44.35800552368164,32229100.0
2025-06-11,44.466220211548105,44.672810153512025,43.82677086420933,44.003849029541016,47873500.0
2025-06-12,43.67920774996151,43.92514922658793,43.305375654713984,43.895633697509766,30165400.0
2025-06-13,43.28570178965453,43.73823322588175,42.9512212166237,43.37424087524414,43281700.0
2025-06-16,43.91530683228976,44.16124829416663,43.63001383584806,43.68904113769531,34103600.0
2025-06-17,43.55131824325176,43.944822364239165,43.34472829827569,43.511966705322266,27489600.0
2025-06-18,43.54147551702344,44.466217831541776,43.49228797434605,44.3284912109375,37684700.0
2025-06-20,44.57443455321641,44.90891511137738,44.53508301631062,44.761348724365234,64591600.0
2025-06-23,44.662975628644006,45.61722604820825,44.37768260249511,45.5483627319336,42683600.0
2025-06-24,45.9910544899175,46.42391012235519,45.81397633283641,45.90251541137695,45437600.0
2025-06-25,45.82381826724046,46.21732238282595,45.70576365507257,46.08943176269531,33532400.0
2025-06-26,46.18781045358133,46.80758403072319,46.13862290839178,46.68952941894531,40127000.0
2025-06-27,46.67969752987908,46.89612349836362,46.14846298831165,46.35505294799805,56705000.0
2025-06-30,46.84693261782997,46.84693261782997,46.26651056800317,46.55180358886719,47921200.0
2025-07-01,46.25667533688568,47.6339454127693,46.1779722596967,47.36833190917969,48540900.0
2025-07-02,47.57492245905824,47.93891481373542,47.27979342140729,47.91923904418945,48003600.0
2025-07-03,48.15534547818699,48.50950183147887,48.01761884141112,48.13566970825195,21620300.0
2025-07-07,47.94875159624396,48.41111901715872,47.58475551140943,47.87004852294922,35567900.0
2025-07-08,46.72888000815528,47.01417301834333,46.00089159470458,46.38456344604492,88086500.0
2025-07-09,46.39440227846036,46.679695306018246,45.95170684824457,46.07959747314453,46227900.0
2025-07-10,46.13862188668036,46.45342667224526,46.020567277516726,46.20748519897461,44225000.0
2025-07-11,45.88283924863765,46.050081396782986,45.49917116252104,45.971378326416016,31653000.0
2025-07-14,46.05008114033022,46.30585861206055,45.79429991583096,46.30585861206055,36381200.0
2025-07-15,46.11894747027501,46.2468343381305,45.20404486267006,45.40079879760742,55145000.0
2025-07-16,45.4991750706585,45.80414386537229,44.27930364457264,45.282745361328125,61296600.0
2025-07-17,44.899073946869954,46.45342583112534,44.7023200212622,46.25667190551758,56480700.0
2025-07-18,46.24683479903643,46.61083089576743,46.13862369887313,46.55180358886719,48314200.0
2025-07-21,46.76823293388622,47.26011589595207,46.43375236957066,46.709205627441406,32199700.0
2025-07-22,46.82725704600614,47.388003329226926,46.68953041542829,46.99449920654297,34749400.0
2025-07-23,47.230599372014325,47.52573214525584,47.03384919354544,47.358489990234375,31380100.0
2025-07-24,47.70280999369891,48.20452894991844,47.42735299067355,47.60443115234375,42967600.0
2025-07-25,47.60443247138339,47.76183486914392,47.16173705494152,47.66345977783203,24461200.0
2025-07-28,47.663458813600336,47.75199789509756,47.29946647978689,47.44702911376953,20590400.0
2025-07-29,47.60443311511576,47.72248397684021,47.11255014636644,47.17157745361328,26216500.0
2025-07-30,47.47654076310959,47.712646230727465,46.964985796680864,47.18141174316406,32265900.0
2025-07-31,46.98465624177919,47.25027347668244,46.42390999679534,46.50261306762695,40016300.0
2025-08-01,45.607387642252256,45.65657518660979,44.58427020743147,44.91875076293945,52310400.0
2025-08-04,45.21388196873994,45.36144836171907,44.89907716630244,45.10566711425781,31038900.0
2025-08-05,45.20404546406264,45.25323301025907,44.02352559150204,44.82037734985352,36798300.0
2025-08-06,44.96794073160929,45.19420645006768,44.653135927426376,44.682647705078125,27916800.0
2025-08-07,44.96793751269306,45.01712505618144,44.05303494328706,44.19076156616211,30609900.0
2025-08-08,44.41703359854042,45.54836217549566,44.24979143765272,45.26306915283203,37131600.0
2025-08-11,45.312261806230175,45.764793250537465,45.06632031439761,45.41063690185547,35559400.0
2025-08-12,45.7254438663309,46.88628806271559,45.607392995462654,46.728885650634766,35481200.0
2025-08-13,46.90596206297016,46.9846613896555,46.22716489013541,46.473106384277344,29465100.0
2025-08-14,46.325536768726586,46.95514634955161,46.12878283652648,46.93547058105469,21073800.0
2025-08-15,46.97482263160645,47.043685945713975,46.138623101575575,46.17797088623047,26276900.0
2025-08-18,46.15829344287678,47.26011393416098,46.03040658004212,47.14205932617188,43125100.0
2025-08-19,47.04368774387661,47.33881678029952,46.8567735631216,47.29946899414063,33783400.0
2025-08-20,47.38800057695915,47.71264511826824,47.0928715638948,47.56507873535156,30822200.0
2025-08-21,47.48638318763301,47.70281289902688,47.0338517481452,47.47654342651367,28713200.0
2025-08-22,47.732320587316,48.85381308160011,47.6732932839651,48.676734924316406,45078900.0
2025-08-25,48.58819584567456,48.85381308160011,48.41111768839086,48.676734924316406,34715700.0
2025-08-26,48.45047249485605,49.444074442009246,48.45047249485605,49.43423843383789,40609300.0
2025-08-27,49.21780963768467,49.8080714636645,49.17846185150145,49.562129974365234,42428200.0
2025-08-28,49.729365043391645,49.81790412369934,49.46374780246855,49.67034149169922,32949400.0
2025-08-29,49.69001699523764,50.09336088878252,49.69001699523764,49.91628646850586,32496500.0
2025-09-02,49.404724584633165,49.6506660590644,48.86365033866917,49.60147476196289,52719800.0
2025-09-03,49.58180263711927,49.74904103803459,48.8931657596764,49.24732208251953,38344200.0
2025-09-04,49.42440087444294,50.004822910336,49.306346263476506,49.7982292175293,34796900.0
2025-09-05,49.897154906954405,50.24339041247463,48.70017803544364,49.23436737060547,40063300.0
2025-09-08,49.26404104127354,49.37285780163389,48.35394408851919,48.92770004272461,48033100.0
2025-09-09,48.96726911676068,50.01586250080264,48.92769870068908,49.7487678527832,40060100.0
2025-09-10,49.82790720862575,50.0851111513071,49.432214350593846,49.59049224853516,31706300.0
2025-09-11,49.600383602002445,50.41155831105525,49.45200019345442,50.20381927490234,28055200.0
2025-09-12,50.15435582203101,50.381880056875936,49.916937096220906,50.03564834594727,27851100.0
2025-09-15,50.30274385478834,50.54016260245612,49.91694169176579,50.0455436706543,29043600.0
2025-09-16,50.095002846086,50.3324215844503,49.66963027951361,50.11478805541992,31624400.0
2025-09-17,50.31263532604691,51.07434888812792,50.24338898164344,50.846824645996094,38337900.0
2025-09-18,50.93585811187686,51.62832158191247,50.747900506887575,51.5689697265625,35246900.0
2025-09-19,51.58875320471587,52.09326282647187,51.20294728967568,51.68767547607422,98970700.0
2025-09-22,51.20294722999929,51.78659768707593,51.20294722999929,51.36122512817383,27468000.0
2025-09-23,51.440367243925536,52.31089759236581,50.96553353758798,51.14359664916992,28278200.0
2025-09-24,51.29198005972631,51.68767670182903,50.90617790917972,51.14359664916992,27010400.0
2025-09-25,50.92596000997654,51.76681437970585,50.8863895934532,51.29197692871094,22957900.0
2025-09-26,51.54918334890072,52.05369297615879,51.42058137581815,51.64810562133789,20025800.0
2025-09-29,51.79649454902413,51.98444838244537,51.5491850859548,51.8558464050293,23701000.0
2025-09-30,51.91520351959439,52.004235079791606,50.47091711963323,51.03478240966797,29945000.0
2025-10-01,50.74790130480146,51.12381274704764,50.01586740392743,50.13457489013672,27709100.0
2025-10-02,50.104898011233125,50.302742559946765,49.53113825376352,49.93672561645508,22757200.0
2025-10-03,50.07521601201115,50.5797293995498,50.00596966841058,50.095001220703125,24565700.0
2025-10-06,50.38188373885271,50.767685894551775,49.35307547455992,49.847694396972656,25386300.0
2025-10-07,50.00596800996345,50.36209420732271,49.59048996213937,49.7487678527832,24107300.0
2025-10-08,49.857586277977134,49.96639926535014,49.24425612927815,49.30361175537109,24014200.0
2025-10-09,49.461889420516925,49.73887479370616,49.13543913899302,49.254150390625,21816900.0
2025-10-10,49.39264612172827,49.600385164425,48.02749683295574,48.12642288208008,31831900.0
2025-10-13,48.67050085638094,48.86834917249833,48.28469871545556,48.33415985107422,34462800.0
2025-10-14,48.32426956084294,49.95651359365729,48.0077137369924,49.550926208496094,42462600.0
2025-10-15,51.01499584984654,52.281219095921,50.67865482840265,51.71735382080078,69992200.0
2025-10-16,52.03390538727227,52.1921832801189,49.46188868510392,49.89715194702149,49027700.0
2025-10-17,50.40166855781997,51.21284328239635,49.788342155403335,50.72811508178711,48915400.0
2025-10-20,50.88639353419249,51.71735347732078,50.817147186735376,51.47993850708008,25786000.0
2025-10-21,51.52939947977521,51.80638486871691,50.886393371282935,50.96553421020508,27303400.0
2025-10-22,50.94574929241469,51.02489013179035,49.8971558125448,50.550052642822266,34955000.0
2025-10-23,50.92596033906045,51.242516126007565,50.559943417960845,51.20294570922852,26028800.0
2025-10-24,51.29198184287585,52.251543780465965,51.29198184287585,52.00423431396485,38923900.0
2025-10-27,52.231756880331815,52.49885154834825,51.96466221231539,52.44939041137695,27345800.0
2025-10-28,52.429604475699904,52.70658985781714,51.77670766525011,52.301002502441406,29575200.0
2025-10-29,52.09326288642381,52.439494610219256,51.75692188031848,52.01412582397461,29158800.0
2025-10-30,52.103151903187005,52.86486544431333,51.99433891757694,52.45927810668945,37548600.0
2025-10-31,52.22186666301801,53.06271732051941,52.20208145331125,52.87476348876953,39295700.0
2025-11-03,52.68680716379787,53.062718610076125,52.14272709138959,52.98358154296875,31252300.0
2025-11-04,52.44939058008159,53.41884320768012,52.15261998365639,52.96379470825195,47226600.0
2025-11-05,52.39003438082039,52.49885114550797,51.18316679868144,51.88552474975586,54353600.0
2025-11-06,52.84508226875824,53.17153255907412,52.20207995315976,52.71648406982422,55296000.0
2025-11-07,52.57799171400305,53.0033642790733,52.14272465747936,52.6274528503418,40537700.0
2025-11-10,52.83519442575712,53.40895420105422,52.76594807682719,52.84508514404297,26094600.0
2025-11-11,53.171533410822256,53.39905765909189,52.70659042273401,53.052825927734375,22244300.0
2025-11-12,53.31002303732911,54.101412501804326,53.191315561068485,53.52765655517578,40536700.0
2025-11-13,53.21110325940819,53.62658133258406,52.202080229868905,52.301002502441406,37716100.0
2025-11-14,52.29110979969018,52.33068021667423,51.47004062866325,52.04380035400391,32363100.0
2025-11-17,52.01412826085764,52.01412826085764,50.83693279751551,50.92596435546875,35546800.0
2025-11-18,50.72811374394984,51.61842928336724,50.599515545533926,51.0842399597168,35189500.0
2025-11-19,51.113916172367645,51.92509465373092,51.113916172367645,51.46015167236328,28112300.0
2025-11-20,51.9349827485926,52.38014049830906,50.42145017319925,50.45112609863281,36661600.0
2025-11-21,50.738009397000766,51.22273382228192,50.15435892416224,51.005104064941406,43867200.0
2025-11-24,51.09413506999255,51.67778553653779,50.84682561423003,51.37112045288086,52852100.0
2025-11-25,51.68767503867215,52.310895909155526,51.301872900539536,51.91519927978516,41310100.0
2025-11-26,52.132832202346,52.67691223122637,51.984445024631945,52.41971206665039,32045600.0
2025-11-28,52.53842341173274,53.35948887422843,52.47906778154971,53.07261276245117,18920800.0
2025-12-01,52.924222875472,53.319919509231696,52.63734300467835,52.667022705078125,30536500.0
2025-12-02,52.95389853051185,53.06271529291954,52.39992777446213,52.617557525634766,46073500.0
2025-12-03,52.67691737551932,53.65626454205868,52.60767102546173,53.50787734985352,37134400.0
2025-12-04,53.62658287232553,54.10141658686414,53.41884382977294,53.57712173461914,38529600.0
2025-12-05,53.62684048758677,54.521782783039725,53.43790991110381,53.646728515625,33986500.0
2025-12-08,53.59700775146485,53.90526268802375,53.18931267952138,53.59700775146485,34386600.0
2025-12-09,53.666615859599375,53.97487080712905,52.97055006014767,53.23903274536133,47189300.0
2025-12-10,53.28874997291621,54.24335253012895,53.04015531989705,53.775997161865234,54424400.0
2025-12-11,53.646728138618656,54.34279394205114,53.44785165288745,54.253299713134766,35686900.0
2025-12-12,54.47205925540681,54.989136589823374,54.04447614797107,54.83003616333008,40539400.0
2025-12-15,55.09851880606676,55.7548085390532,54.76042992584626,55.01897048950195,32881300.0
2025-12-16,54.83003505329456,55.03885364760446,54.38256392744954,54.50189208984375,32931900.0
2025-12-17,54.8101503264773,55.25762147926561,54.15386056680562,54.24335479736328,35304100.0
2025-12-18,54.49194812777897,54.83998292399107,53.46773935342623,53.95498275756836,87452700.0
2025-12-19,54.21352463427648,54.99908468078129,54.07431222973205,54.95930862426758,73001900.0
2025-12-22,55.05874458790202,55.79458645525413,55.02891444235176,55.565879821777344,33408800.0
2025-12-23,55.49627219203215,55.90396727482717,55.49627219203215,55.655372619628906,22274600.0
2025-12-24,55.8144715597509,56.18239057752821,55.57581902808924,55.93379592895508,13634400.0
2025-12-26,55.96362648527636,56.23210916290389,55.7150318348716,55.85424423217773,15259400.0
2025-12-29,55.79458640108404,55.9337988045214,54.95930818720638,55.038856506347656,21040100.0
2025-12-30,55.17807212155069,55.3272266408388,54.85986746857844,54.9692497253418,17427600.0
2025-12-31,55.00902344753849,55.108459789512295,54.621216403286034,54.69082260131836,16293000.0
