Date,Close,High,Low,Open,Volume,Index
2005-01-03,0.9490673542022705,0.9763591387145439,0.9387199028815704,0.9714105012783955,691992000,AAPL
2005-01-04,0.9588138461112976,0.9817566176747634,0.9442677575471572,0.956564166135096,1096810400,AAPL
2005-01-05,0.9672111868858337,0.9784579834087299,0.9604629488026737,0.9666107517636312,680433600,AAPL
2005-01-06,0.9679610729217529,0.9733589826282041,0.9496663214197173,0.9697598756277954,705555200,AAPL
2005-01-07,1.0384396314620972,1.0441381597495603,0.9709599469017471,0.9747086124929747,2227450400,AAPL
2005-01-10,1.0340917110443115,1.0601836198671037,1.0178962740478152,1.0471372149790414,1725309600,AAPL
2005-01-11,0.9681106209754944,1.0369398323232275,0.9618125585366069,1.0234442559559047,2611627200,AAPL
2005-01-12,0.9816069006919861,0.98820477896586,0.9492161424694971,0.9814566417700014,1919702400,AAPL
2005-01-13,1.0466876029968262,1.1159668877395377,1.045637992702159,1.1053197249993851,3164716800,AAPL
2005-01-14,1.0526854991912842,1.0754788179421768,1.0375405735878207,1.0534353926911126,1770742400,AAPL
2005-01-18,1.0594333410263062,1.0601832342438426,1.015946041291997,1.0474366512399518,1006460000,AAPL
2005-01-19,1.0478870868682861,1.0715797564786171,1.0459380245328016,1.057034465863128,751895200,AAPL
2005-01-20,1.0565838813781738,1.0687308284292887,1.0417387806620264,1.0444377351740637,914922400,AAPL
2005-01-21,1.0570344924926758,1.0736792049604527,1.0496867175040439,1.0693310039467439,911332800,AAPL
2005-01-24,1.0610827207565308,1.0763787023949127,1.0579336893922553,1.064382111185852,841629600,AAPL
2005-01-25,1.0804277658462524,1.0922741044616713,1.0637830484441981,1.0702306728551387,969231200,AAPL
2005-01-26,1.083426594734192,1.0909238249311877,1.0679810572132635,1.0895743975740848,739496800,AAPL
2005-01-27,1.0892752408981323,1.093473984663447,1.0729303421778338,1.0820769225152682,496227200,AAPL
2005-01-28,1.1093683242797852,1.1093683242797852,1.0862751935670025,1.088974949696273,801612000,AAPL
2005-01-31,1.1531553268432617,1.1680012323759426,1.1173165128431166,1.1183662233353262,1681097600,AAPL
2005-02-01,1.1626025438308716,1.1662016514091242,1.1483569731156806,1.1554050294156963,678395200,AAPL
2005-02-02,1.1940932273864746,1.1982919695739627,1.1650017491689098,1.1689006741556367,1020062400,AAPL
2005-02-03,1.1668018102645874,1.1910949214111162,1.1596042926140593,1.1861462839121772,731651200,AAPL
2005-02-04,1.1822470426559448,1.1835965707137912,1.1626028553624614,1.167701750965637,563556000,AAPL
2005-02-07,1.1837468147277832,1.1898946196798137,1.16215346694836,1.1835964556338137,524456800,AAPL
2005-02-08,1.2131381034851074,1.2203356196638229,1.1814971220223958,1.1856959651022723,890019200,AAPL
2005-02-09,1.1807469129562378,1.2294826705470905,1.1711502606512865,1.2152371001485498,1191456000,AAPL
2005-02-10,1.1750493049621582,1.1888446993482353,1.1495570362506342,1.1804472155049863,1093019200,AAPL
2005-02-11,1.2177869081497192,1.226034134999762,1.1837468885091467,1.1975422861877374,1201054400,AAPL
2005-02-14,1.2690703868865967,1.271469523869891,1.2303822758873608,1.2405785580134325,1271463200,AAPL
2005-02-15,1.3257540464401245,1.3358007751110836,1.2896146136827755,1.2995118842384734,2312217600,AAPL
2005-02-16,1.351546287536621,1.3525958980646045,1.3098585803519436,1.3218552733107938,1639243200,AAPL
2005-02-17,1.316757082939148,1.3627929908156977,1.3113583708806136,1.359344141792137,1518473600,AAPL
2005-02-18,1.3017617464065552,1.3175070058886977,1.29336426133529,1.3157075018994615,1163254400,AAPL
2005-02-22,1.278968334197998,1.3241048881674458,1.278968334197998,1.294113257357372,1219293600,AAPL
2005-02-23,1.3230551481246948,1.3263536378165395,1.2828672306512559,1.30041129168143,1345181600,AAPL
2005-02-24,1.3335518836975098,1.339249611405514,1.3155569465950074,1.3268037447443577,1519028000,AAPL
2005-02-25,1.33445143699646,1.3482476332415756,1.322454744609403,1.3438986320394453,915510400,AAPL
2005-02-28,1.3453986644744873,1.3537961504670175,1.3184066022043128,1.3399998515967348,651610400,AAPL
2005-03-01,1.334601640701294,1.3528955947748664,1.3244045527004824,1.349297287949138,468188000,AAPL
2005-03-02,1.3232043981552124,1.3462975262850512,1.3220052296634146,1.3271033224743156,458161200,AAPL
2005-03-03,1.2533259391784668,1.331902186662016,1.2362312499920598,1.3307030177304724,1411653600,AAPL
2005-03-04,1.283916711807251,1.2899141558321154,1.2551250563369818,1.282416925350999,756618800,AAPL
2005-03-07,1.2821170091629028,1.2971124700256262,1.2701204202397811,1.2836159946562298,450632000,AAPL
2005-03-08,1.2155370712280273,1.2644222931202176,1.2026410268629102,1.2566251435242215,1021451200,AAPL
2005-03-09,1.180147647857666,1.208039060556283,1.1645526463421412,1.1888449507216794,1322465200,AAPL
2005-03-10,1.1945430040359497,1.2074390445655934,1.1726498469857647,1.1855458875154083,777109200,AAPL
2005-03-11,1.2077388763427734,1.2173364288735085,1.1936437661832668,1.2059393727829713,632830800,AAPL
2005-03-14,1.2092390060424805,1.2233350199886297,1.1852465213751782,1.2152372523416994,605385200,AAPL
2005-03-15,1.2284330129623413,1.2338317244951753,1.207139485609307,1.2188363602440928,508608800,AAPL
2005-03-16,1.235031008720398,1.2689207653427808,1.2230352167265162,1.2359312612210112,697813200,AAPL
2005-03-17,1.267121434211731,1.2860158158149728,1.2392291369342114,1.2455272975039142,801920000,AAPL
2005-03-18,1.288415551185608,1.302811382058834,1.2746192546231876,1.299511991284105,940150400,AAPL
2005-03-21,1.3106083869934082,1.3187060540985758,1.2854159340832911,1.2983119777365544,541128000,AAPL
2005-03-22,1.2845168113708496,1.3184065718184108,1.2800182512197518,1.3109084376683033,551415200,AAPL
2005-03-23,1.2761192321777344,1.3016115069603837,1.2602236121450336,1.2731196581629485,609823200,AAPL
2005-03-24,1.2746186256408691,1.2896140835310492,1.2746186256408691,1.286915129352185,352704800,AAPL
2005-03-28,1.2755194902420044,1.288415534161649,1.2737198862742387,1.28211737075107,275410800,AAPL
2005-03-29,1.2521257400512695,1.2845166093586518,1.2446285080335737,1.2764188419788505,461356000,AAPL
2005-03-30,1.283616065979004,1.283616065979004,1.2542248769660334,1.2617230082375532,394959600,AAPL
2005-03-31,1.2497267723083496,1.275219046426307,1.2473276337099002,1.2731196249672947,636134800,AAPL
2005-04-01,1.226333498954773,1.2650224267330739,1.2167368469638113,1.2623226707476334,641284000,AAPL
2005-04-04,1.2323318719863892,1.2389298519256482,1.2044404659372852,1.2293331997199575,580014400,AAPL
2005-04-05,1.2563245296478271,1.2668214356943925,1.2323320448675874,1.2362310701551924,556239600,AAPL
2005-04-06,1.2695213556289673,1.2839171887113563,1.2641226429317693,1.2716207771510446,414825600,AAPL
2005-04-07,1.3064098358154297,1.312108365532527,1.2671221648219861,1.2695213033937904,506987600,AAPL
2005-04-08,1.3118083477020264,1.3331018755154038,1.3058100016601029,1.310608378175916,649950000,AAPL
2005-04-11,1.2572247982025146,1.3271036330315256,1.2569249809829313,1.3241049603061108,821662800,AAPL
2005-04-12,1.279417872428894,1.2953134930806953,1.2599239440691485,1.2743197776551436,981061200,AAPL
2005-04-13,1.2308317422866821,1.28931439423481,1.211337825288259,1.2881152259802044,1371946800,AAPL
2005-04-14,1.1174662113189697,1.186445799875994,1.104869983020749,1.1639521989878552,2753192400,AAPL
2005-04-15,1.0601832866668701,1.1171660643813481,1.0580838658504477,1.0982717775630184,1728087200,AAPL
2005-04-18,1.0682811737060547,1.088675351361196,1.0196957688821917,1.049686600086267,1327177600,AAPL
2005-04-19,1.112367868423462,1.12286467294064,1.075778260459576,1.097672221972331,1081642800,AAPL
2005-04-20,1.0649816989898682,1.1318618549514359,1.062882378010081,1.1294627167795994,945131600,AAPL
2005-04-21,1.115066647529602,1.115966799654035,1.0766783427897049,1.0916737039417763,759592400,AAPL
2005-04-22,1.0646815299987793,1.1096686092977723,1.046687399020301,1.1048694335867095,839129200,AAPL
2005-04-25,1.1090682744979858,1.1102682437194797,1.0829764768982035,1.0943726307435424,746460400,AAPL
2005-04-26,1.0853760242462158,1.1249643121714177,1.083276602871913,1.10307034641083,810507600,AAPL
2005-04-27,1.0781782865524292,1.0904738938672045,1.0649816260287217,1.0763786827820734,613888800,AAPL
2005-04-28,1.065881609916687,1.0898740851131095,1.0568836934371995,1.0883742988920282,575106000,AAPL
2005-04-29,1.0814768075942993,1.0865757013050905,1.056284258416641,1.0841757626023811,671630400,AAPL
2005-05-02,1.0925732851028442,1.0991719655559362,1.0802776781223768,1.0859753053910357,465920000,AAPL
2005-05-03,1.085975170135498,1.1018707834262387,1.0805772605965953,1.0916736976474979,496739600,AAPL
2005-05-04,1.1141676902770996,1.1156665762341298,1.0826770703505075,1.082976887584282,448176400,AAPL
2005-05-05,1.1000714302062988,1.1177658501729069,1.09377336711528,1.1171662157844529,387366000,AAPL
2005-05-06,1.116866111755371,1.1195650662038032,1.1033704385603509,1.1063692100991378,326247600,AAPL
2005-05-09,1.1087690591812134,1.1231648936291634,1.102171176946606,1.1180667985501629,355695200,AAPL
2005-05-10,1.0922733545303345,1.1171659847644226,1.0895743997049634,1.1021706233881212,440263600,AAPL
2005-05-11,1.0679811239242554,1.0697807275677231,0.993003311447053,1.0556847166292833,2041981200,AAPL
2005-05-12,1.0235941410064697,1.0673802401094774,1.019695118208096,1.0622821494254349,970242000,AAPL
2005-05-13,1.0427887439727783,1.0565841378257221,1.0217950351759733,1.0256939597651442,702713200,AAPL
2005-05-16,1.0661818981170654,1.0706804583434264,1.0355907275608955,1.0364908800722543,474294800,AAPL
2005-05-17,1.0604829788208008,1.0634825517688553,1.035890164543579,1.0538850995846063,588344400,AAPL
2005-05-18,1.0748791694641113,1.126464153446437,1.0493868951443872,1.0631822925653975,636722800,AAPL
2005-05-19,1.1261634826660156,1.1300624080812083,1.0730795150343646,1.0730795150343646,793161600,AAPL
2005-05-20,1.1261634826660156,1.1291630564860022,1.1153668588630128,1.117166362900794,452650800,AAPL
2005-05-23,1.1924433708190918,1.1966421112051995,1.135160791515311,1.135160791515311,1042574400,AAPL
2005-05-24,1.19064462184906,1.199341825095936,1.1705510591496737,1.1831472882858518,593460000,AAPL
2005-05-25,1.1930432319641113,1.1981421252778504,1.1792478399982775,1.1846457495941043,396006800,AAPL
2005-05-26,1.2218352556228638,1.2278335020322813,1.1978427705147756,1.1978427705147756,525520800,AAPL
2005-05-27,1.2164362668991089,1.2233348649201274,1.1999419175408572,1.2188363058983385,316008000,AAPL
2005-05-31,1.1924433708190918,1.221834653627712,1.18704466140339,1.2194354163095937,404205200,AAPL
2005-06-01,1.2086396217346191,1.2224350204739853,1.1954429565946096,1.1963432092712547,453812800,AAPL
2005-06-02,1.2008414268493652,1.2092390117502756,1.1876456653312732,1.2011412440651226,373973600,AAPL
2005-06-03,1.146857500076294,1.157054590597203,1.1327623846808608,1.144458361317136,956869200,AAPL
2005-06-06,1.1372607946395874,1.158554326430128,1.1264641701711875,1.14955730621634,811966400,AAPL
2005-06-07,1.0958726406097412,1.1315619969315858,1.0931736853432363,1.1276630721988299,745264800,AAPL
2005-06-08,1.1072689294815063,1.1171662002483218,1.0967721244404822,1.0985716282162667,404006400,AAPL
2005-06-09,1.1291624307632446,1.13785972847517,1.1042698058977338,1.1096685152312373,390255600,AAPL
2005-06-10,1.0739796161651611,1.1216647646426954,1.0652815140126033,1.1216647646426954,678932800,AAPL
2005-06-13,1.0766785144805908,1.097972040828546,1.0742793764407474,1.0763786973050367,435772400,AAPL
2005-06-14,1.079677700996399,1.0841762617319166,1.0721803667197096,1.0772784619303934,347846800,AAPL
2005-06-15,1.1135672330856323,1.118666128078051,1.0886753957568824,1.1057701832540918,563343200,AAPL
2005-06-16,1.1390599012374878,1.1420586730847528,1.104270003425634,1.1153664402981738,547674400,AAPL
2005-06-17,1.1489566564559937,1.1558551548289888,1.1345608261647973,1.1537558338198746,596125600,AAPL
2005-06-20,1.1279628276824951,1.1423586564657449,1.1231644516685073,1.1351611424977124,323716400,AAPL
2005-06-21,1.1354608535766602,1.1453581225860545,1.1210650261384096,1.131262112284624,370526800,AAPL
2005-06-22,1.1561551094055176,1.1576540954589138,1.1438586987682213,1.1474578069275478,424925200,AAPL
2005-06-23,1.166352391242981,1.1930438374390273,1.1591540736306196,1.1645527868134065,674254000,AAPL
2005-06-24,1.1324615478515625,1.1732499056631538,1.1300624093436828,1.172349653113652,410709600,AAPL
2005-06-27,1.1126677989959717,1.1426585290931226,1.1000714721221625,1.1048698487894302,600171600,AAPL
2005-06-28,1.1189656257629395,1.1273631084995328,1.1147668843946426,1.1243644365474235,350299600,AAPL
2005-06-29,1.0907745361328125,1.1183662255264974,1.0832764038191045,1.116566621716138,448358400,AAPL
2005-06-30,1.1039701700210571,1.1144669724963778,1.0889747093117756,1.0979718255679334,418390000,AAPL
2005-07-01,1.0946727991104126,1.108768813147677,1.0883747355561415,1.1045700707428578,250000800,AAPL
2005-07-05,1.1390599012374878,1.144157993568429,1.0946724519473094,1.0961722382944763,454269200,AAPL
2005-07-06,1.1213651895523071,1.1444583259041579,1.1156666595665294,1.1309627453512787,394626400,AAPL
2005-07-07,1.128563404083252,1.1324614281374437,1.1036706679212664,1.1039704851236165,383723200,AAPL
2005-07-08,1.1471573114395142,1.1480575640786737,1.1237644573339365,1.1357610520213879,290735200,AAPL
2005-07-11,1.1426584720611572,1.1591537231619762,1.1330618193115183,1.1507562390691768,388788400,AAPL
2005-07-12,1.146857500076294,1.1516566785479951,1.1369611277742162,1.1465577829167797,387038400,AAPL
2005-07-13,1.1501564979553223,1.1546550567749503,1.136660120755156,1.1483568942368556,684835200,AAPL
2005-07-14,1.2221347093582153,1.2599234834137434,1.206539812626488,1.2233347788263247,2096060400,AAPL
2005-07-15,1.2461282014846802,1.246727735742778,1.213437617526693,1.228732798574405,687682800,AAPL
2005-07-18,1.2443289756774902,1.262622934738323,1.2407297669173905,1.2419298368572045,586297600,AAPL
2005-07-19,1.2953131198883057,1.296513089343532,1.2317323574001757,1.245227934455939,671062000,AAPL
2005-07-20,1.308509111404419,1.3136081065651324,1.27911791307356,1.2854160770545613,453395600,AAPL
2005-07-21,1.2983120679855347,1.3208055670399341,1.2866159930534309,1.3106084780971432,404264000,AAPL
2005-07-22,1.3196061849594116,1.3196061849594116,1.3013114313058538,1.3028112179000602,301106400,AAPL
2005-07-25,1.313907504081726,1.3280035143341784,1.3115083663601683,1.3193054137963984,294627200,AAPL
2005-07-26,1.308509111404419,1.3229049433912565,1.3004114433985827,1.319906270546134,268592800,AAPL
2005-07-27,1.319305419921875,1.321705358501683,1.2797179455322658,1.3145070443505924,283749200,AAPL
2005-07-28,1.313608169555664,1.319606516592748,1.2986128024925803,1.3151071556793839,251311200,AAPL
2005-07-29,1.279118299484253,1.3310031135876645,1.2674223206369346,1.3064101848033702,562080400,AAPL
2005-08-01,1.2821170091629028,1.292013476764767,1.262022655145203,1.2767182988880845,314249600,AAPL
2005-08-02,1.2953131198883057,1.3046099550686572,1.2779185180297048,1.2863160017805282,296875600,AAPL
2005-08-03,1.2962124347686768,1.2989121907814818,1.2827168580934467,1.2953130833645077,258322400,AAPL
2005-08-04,1.2809175252914429,1.2896148278152941,1.2683212973558335,1.286316237611873,269304000,AAPL
2005-08-05,1.2893146276474,1.300411065378626,1.26022315489885,1.27431926566242,241931200,AAPL
2005-08-08,1.279118299484253,1.2971133451687502,1.2779191303017061,1.289615209254975,176383200,AAPL
2005-08-09,1.314207673072815,1.3163069942206496,1.2869157974095586,1.2875153317357415,380839200,AAPL
2005-08-10,1.3010116815567017,1.3313022268861363,1.2989122605125358,1.3196062533444544,360945200,AAPL
2005-08-11,1.3196061849594116,1.3232044915358867,1.2971126895410159,1.3013114313058538,271983600,AAPL
2005-08-12,1.3825876712799072,1.3861860788988447,1.300411517406741,1.303411091375857,916036800,AAPL
2005-08-15,1.4299732446670532,1.4494671737832867,1.3930847080056425,1.3939840597291833,1086727600,AAPL
2005-08-16,1.3870859146118164,1.4245748746264757,1.3858859451499153,1.4212754841622397,537622400,AAPL
2005-08-17,1.414077639579773,1.4227749385262645,1.3906838965196604,1.3915841486970733,499724400,AAPL
2005-08-18,1.388584852218628,1.4095785609839178,1.3720905032233341,1.4068796058208586,442559600,AAPL
2005-08-19,1.3744900226593018,1.400581931927786,1.3726904184001443,1.3879856030670326,376569200,AAPL
2005-08-22,1.375688910484314,1.402081432460641,1.3573949563902414,1.3840863946050903,387732800,AAPL
2005-08-23,1.3717899322509766,1.3825873549678998,1.3591937065598239,1.3750893227138643,295604400,AAPL
2005-08-24,1.372689962387085,1.413177691219368,1.3672912515090139,1.3675910686623574,572070800,AAPL
2005-08-25,1.38138747215271,1.394283515832777,1.373889339322458,1.3831870760870435,276253600,AAPL
2005-08-26,1.3717899322509766,1.3897848693005908,1.3603936760212345,1.383186989327944,261058000,AAPL
2005-08-29,1.3747895956039429,1.3804881245157687,1.357394992516078,1.3576948097157429,256295200,AAPL
2005-08-30,1.396682620048523,1.403280600380259,1.377188696456656,1.3792881175386946,518761600,AAPL
2005-08-31,1.4062798023223877,1.4104785432714995,1.3876852351107782,1.4053795501383437,402956400,AAPL
2005-09-01,1.3873858451843262,1.4146777198098526,1.382286850481154,1.4095787251066805,356367200,AAPL
2005-09-02,1.3861862421035767,1.403581650926891,1.3831874686288042,1.38858538101052,222378800,AAPL
2005-09-06,1.4635632038116455,1.4659623426807666,1.3960834939596107,1.4005820545246017,818619200,AAPL
2005-09-07,1.4599636793136597,1.4815578249989285,1.4371711658063384,1.471060919720777,963074000,AAPL
2005-09-08,1.4929542541503906,1.5031513440959756,1.4737601441007493,1.4800583084384036,702640400,AAPL
2005-09-09,1.5388401746749878,1.5400401439943758,1.4932535534569835,1.5016510362571993,615641600,AAPL
2005-09-12,1.5415390729904175,1.5484376700263445,1.5169470606292397,1.532542056337479,452796400,AAPL
2005-09-13,1.5241451263427734,1.5382411415990302,1.509149659359894,1.5301433731994796,492884000,AAPL
2005-09-14,1.4878557920455933,1.5352412207531343,1.4833572330520737,1.5313421960026203,474426400,AAPL
2005-09-15,1.4956529140472412,1.5049506505132284,1.4794583811706101,1.499551938989518,415156000,AAPL
2005-09-16,1.5358413457870483,1.5358413457870483,1.4980526745837923,1.5064501570734048,591004400,AAPL
2005-09-19,1.5787287950515747,1.5862269290271516,1.5310428372675922,1.5310428372675922,783731200,AAPL
2005-09-20,1.5952237844467163,1.613818357944723,1.5871261169231914,1.5892255381604534,819828800,AAPL
2005-09-21,1.5628328323364258,1.5910248568863414,1.5553356009602664,1.5883259016417572,434747600,AAPL
2005-09-22,1.5565348863601685,1.5736304731884525,1.539140283177874,1.5559352519575835,463727600,AAPL
2005-09-23,1.5955235958099365,1.6045207149415543,1.5547361418695778,1.5625331913035028,558457200,AAPL
2005-09-26,1.614717721939087,1.6363109669315308,1.5991227229073217,1.6204162508082542,546562800,AAPL
2005-09-27,1.6027209758758545,1.626714259228945,1.6024211586885229,1.617116805739441,341703600,AAPL
2005-09-28,1.5319424867630005,1.5928242874523064,1.5172468417288643,1.5916243181263197,1125544000,AAPL
2005-09-29,1.5697318315505981,1.5772291654266888,1.5238454733983477,1.5364417030601978,636846000,AAPL
2005-09-30,1.6078201532363892,1.6090193220162627,1.5559353565555536,1.569431836498798,531633200,AAPL
2005-10-03,1.6327123641967773,1.6357111362630785,1.6099190536973698,1.6243148814369381,507553200,AAPL
2005-10-04,1.6120188236236572,1.6600045927968983,1.6087194328524443,1.6480079002388066,539459200,AAPL
2005-10-05,1.5829272270202637,1.6303134583605023,1.5820278755689174,1.6294132059560102,610769600,AAPL
2005-10-06,1.5505375862121582,1.6042210908886305,1.5256449463082191,1.5955237879223905,757537200,AAPL
2005-10-07,1.5385404825210571,1.5574348704094636,1.5160469872292268,1.5511368078505945,677882800,AAPL
2005-10-10,1.5106492042541504,1.556835467406526,1.5079494480239415,1.5523360071640548,507505600,AAPL
2005-10-11,1.547237515449524,1.5556349974789092,1.5115481667716957,1.5364408958487175,1225884800,AAPL
2005-10-12,1.4770586490631104,1.5085492516447585,1.4356707797228963,1.4590636185929904,2697486400,AAPL
2005-10-13,1.6117191314697266,1.6180171953395694,1.4776589848027213,1.4827571791118317,1865575600,AAPL
2005-10-14,1.619516134262085,1.6300130405475894,1.5832272386792323,1.6204163867771582,1035552000,AAPL
2005-10-17,1.6027209758758545,1.6264145421475187,1.5799284628606758,1.6189164096047712,616834400,AAPL
2005-10-18,1.5658323764801025,1.6180168818821128,1.5655325593068832,1.5970231728732012,609588000,AAPL
2005-10-19,1.6477082967758179,1.6483079312696836,1.5358419271255652,1.5616340186239797,1008683200,AAPL
2005-10-20,1.68369722366333,1.6944938456686227,1.6300128296557057,1.6336119372379136,1357762000,AAPL
2005-10-21,1.6693015098571777,1.708889896477579,1.6603044905318047,1.7046910538785978,796726000,AAPL
2005-10-24,1.703190803527832,1.703190803527832,1.652206273040537,1.6570046486729613,609753200,AAPL
2005-10-25,1.682497262954712,1.7049906607135301,1.6702016543407419,1.6914951826513402,465127600,AAPL
2005-10-26,1.7103897333145142,1.7262843511302566,1.6770995095138295,1.6878961332316207,631593200,AAPL
2005-10-27,1.661803960800171,1.709788922311953,1.661803960800171,1.709189287981025,411541200,AAPL
2005-10-28,1.6336119174957275,1.692394404188207,1.62461489944322,1.680698430878802,769787200,AAPL
2005-10-31,1.727184534072876,1.7388805082295862,1.642009520247833,1.6555059993104164,940844800,AAPL
2005-11-01,1.724484920501709,1.7436798311153354,1.7055905278736576,1.7166878702483834,749686000,AAPL
2005-11-02,1.7979629039764404,1.7994626908003024,1.7274843353292817,1.7310835434099872,857060400,AAPL
2005-11-03,1.854946255683899,1.8690413662025438,1.801561582684908,1.8072602109812703,884382800,AAPL
2005-11-04,1.833952784538269,1.836651840231163,1.7880664352171027,1.8099593987184932,878035200,AAPL
2005-11-07,1.8063607215881348,1.849548223335821,1.8036616654010469,1.8249551985794268,638831200,AAPL
2005-11-08,1.7964638471603394,1.8108596778563406,1.7724704623139662,1.7979628330777693,473765600,AAPL
2005-11-09,1.8027613162994385,1.835750808107451,1.7994620267586507,1.7994620267586507,552930000,AAPL
2005-11-10,1.8348511457443237,1.835450779854342,1.7697707235291937,1.8186558192690359,665344400,AAPL
2005-11-11,1.8456485271453857,1.8627434119682396,1.8396501814448716,1.8456485271453857,425448800,AAPL
2005-11-14,1.8429502248764038,1.858845044903882,1.826754886838329,1.8456490808276622,369933200,AAPL
2005-11-15,1.8678420782089233,1.8918344557384361,1.8432490653676188,1.8474479066205827,536841200,AAPL
2005-11-16,1.9479186534881592,1.9512171435540526,1.8921348297479754,1.8939345339787685,784515200,AAPL
2005-11-17,1.935022234916687,1.9758097835351789,1.9269244683945463,1.9671123826676442,676205600,AAPL
2005-11-18,1.9362212419509888,1.96231404436096,1.9305236146856468,1.9587148369202032,524960800,AAPL
2005-11-21,1.9482176303863525,1.9551153260812086,1.9110284954268775,1.9440189894825783,511711200,AAPL
2005-11-22,1.9950041770935059,2.0022023930321047,1.935022514610242,1.9446190680652784,540282400,AAPL
2005-11-23,2.0126988887786865,2.038790689409983,2.000102764248355,2.005800391356537,485853200,AAPL
2005-11-25,2.0795786380767822,2.0855761812968385,2.024394473295074,2.0291937491839764,395012800,AAPL
2005-11-28,2.0891759395599365,2.131463075127403,2.0714814205254255,2.1209661704502696,1018519600,AAPL
2005-11-29,2.0423905849456787,2.1083706026495146,2.0198969830175755,2.0990737650672355,891433200,AAPL
2005-11-30,2.0339913368225098,2.064882397907711,2.024994224185129,2.052286079834347,595674800,AAPL
2005-12-01,2.1473588943481445,2.151257819390209,2.0636837665056276,2.0678826088586204,812893200,AAPL
2005-12-02,2.1782500743865967,2.1815485643188826,2.120367031847401,2.1674524500747236,895762000,AAPL
2005-12-05,2.153956174850464,2.1752496963695966,2.1440589068068663,2.1578550986252143,583671200,AAPL
2005-12-06,2.220837116241455,2.244229866514605,2.1998433041211025,2.2172379081649365,857029600,AAPL
2005-12-07,2.217837333679199,2.233133315875088,2.192945399564218,2.22623481769394,679464800,AAPL
2005-12-08,2.2217354774475098,2.2244353327780595,2.1773487346275244,2.195343765929697,790479200,AAPL
2005-12-09,2.229233980178833,2.2370318283805295,2.199842691438532,2.2256347731047366,555402400,AAPL
2005-12-12,2.246629238128662,2.2598249998577424,2.2361323319141246,2.245429969246458,524994400,AAPL
2005-12-13,2.2487285137176514,2.263124345525265,2.225635479655295,2.2448295883790497,493816400,AAPL
2005-12-14,2.1596555709838867,2.1983437076074948,2.107471153699338,2.1752506724454297,1450716400,AAPL
2005-12-15,2.1647531986236572,2.1851473727369,2.139860465679922,2.1797486616743593,561162000,AAPL
2005-12-16,2.1326637268066406,2.1683530923234735,2.1311639397727538,2.1635546147048426,671171200,AAPL
2005-12-19,2.1407604217529297,2.1773491240067893,2.1305634357365615,2.132662856430591,529295200,AAPL
2005-12-20,2.1626546382904053,2.1707524077887492,2.132963617643979,2.148258803838558,479108000,AAPL
2005-12-21,2.204341411590576,2.207640701668294,2.1755497550024128,2.1773492585656467,475736800,AAPL
2005-12-22,2.219935894012451,2.234032002627202,2.20733977184405,2.2166374053974467,370610800,AAPL
2005-12-23,2.199843406677246,2.2271352836213127,2.1983436197852093,2.2244364280206375,229857600,AAPL
2005-12-27,2.2262349128723145,2.2547266565783164,2.2178374284985556,2.219337215243515,590590000,AAPL
2005-12-28,2.206441640853882,2.2421310070874356,2.198943506381304,2.2334336035568687,398115200,AAPL
2005-12-29,2.142860174179077,2.213939170055256,2.1419600218901595,2.2127391004779042,490025200,AAPL
2005-12-30,2.1560556888580322,2.1722510188745923,2.1095695198170383,2.1266644013011833,624262800,AAPL
2006-01-03,2.241830587387085,2.241830587387085,2.1668528632751913,2.170751788217126,807234400,AAPL
2006-01-04,2.2484281063079834,2.278718746656889,2.2343319959499035,2.2532263817510105,619603600,AAPL
2006-01-05,2.230734348297119,2.246329247920132,2.211839957766346,2.244229826702974,449422400,AAPL
2006-01-06,2.2883169651031494,2.3003136593134172,2.2358326292043444,2.256826443648608,704457600,AAPL
2006-01-09,2.280819892883301,2.3153102045835023,2.271523051177603,2.3012140823237552,675040800,AAPL
2006-01-10,2.4250762462615967,2.4559673356018425,2.2742212095596264,2.286817338942564,2279869200,AAPL
2006-01-11,2.5162487030029297,2.543239856552744,2.4769601402022516,2.5144491993341016,1493794400,AAPL
2006-01-12,2.527944803237915,2.5912259506274546,2.5078513456503426,2.548338978965966,1280809600,AAPL
2006-01-13,2.5669333934783936,2.579529518107212,2.5372423852734705,2.5489383576892495,776305600,AAPL
2006-01-17,2.540541410446167,2.5906266028988614,2.5153489556625273,2.5702324249142485,835623600,AAPL
2006-01-18,2.473961353302002,2.520748063138258,2.454767242036064,2.4916566785480923,1200637200,AAPL
2006-01-19,2.3704919815063477,2.4490691161476117,2.3614950627625597,2.436772706541113,1695848000,AAPL
2006-01-20,2.2820181846618652,2.4004824996314116,2.2742203358724824,2.377689989056262,1134758800,AAPL
2006-01-23,2.3294055461883545,2.386088532242412,2.279320342386828,2.2823189156949595,1059730000,AAPL
2006-01-24,2.2805187702178955,2.3818892193244467,2.2724210028462077,2.362094476648498,1142254400,AAPL
2006-01-25,2.2253355979919434,2.324305908265747,2.196843653605312,2.3210072182622046,1275786400,AAPL
2006-01-26,2.1692516803741455,2.2622244289167983,2.1572557908681427,2.235232476257562,1181387200,AAPL
2006-01-27,2.1602554321289062,2.2073410592256244,2.1323639166838886,2.187847030194435,953864800,AAPL
2006-01-30,2.2493278980255127,2.2973136650279975,2.125464855932022,2.1344627753671976,1398401200,AAPL
2006-01-31,2.2646243572235107,2.2895170979713324,2.211840302728317,2.2643246400718566,913542000,AAPL
2006-02-01,2.2619237899780273,2.293114582591724,2.2385308456765878,2.2478284804145185,521186400,AAPL
2006-02-02,2.1623544692993164,2.2601255155095297,2.1608546824566774,2.252327665029339,707322000,AAPL
2006-02-03,2.154855251312256,2.183047265569453,2.1305629611796064,2.1665520211451095,692123600,AAPL
2006-02-06,2.0183963775634766,2.174650256559005,2.0016014125328225,2.1599547122101264,1651767600,AAPL
2006-02-07,2.0273945331573486,2.083777979884092,1.999802944662588,2.0474881897657076,1388830800,AAPL
2006-02-08,2.0636825561523438,2.0717803187980497,1.9794078433270546,2.054085007619802,953114400,AAPL
2006-02-09,1.9479186534881592,2.0762802703292076,1.935322325567328,2.072381144742969,1149764000,AAPL
2006-02-10,2.0186967849731445,2.029493403537124,1.8864363055528148,1.95481542368934,1760477600,AAPL
2006-02-13,1.9407198429107666,2.0019023664960733,1.9386206221934241,1.9983031589771738,883498000,AAPL
2006-02-14,2.0285940170288086,2.042390213163288,1.9494182504510351,1.9524170231001068,1160938800,AAPL
2006-02-15,2.0759806632995605,2.0879773585524517,2.00190307223166,2.014198683806523,1159771200,AAPL
2006-02-16,2.1164677143096924,2.1296636749593736,2.083778130406238,2.096674173758798,948175200,AAPL
2006-02-17,2.108069896697998,2.126064931678359,2.08767592414382,2.1083698139476708,575999200,AAPL
2006-02-21,2.071781873703003,2.1233658577367414,2.059785179298249,2.1170677933861017,779606800,AAPL
2006-02-22,2.1389613151550293,2.149458220360955,2.039390574241655,2.0693823040066257,978238800,AAPL
2006-02-23,2.1518568992614746,2.1893457526192193,2.1422593475732667,2.1530569686195724,856917600,AAPL
2006-02-24,2.143160343170166,2.186047118970379,2.1353622925432374,2.1635543207552184,534744000,AAPL
2006-02-27,2.1290645599365234,2.1629544219309245,2.118867569558802,2.1590552959053975,791240800,AAPL
2006-02-28,2.0540847778320312,2.171349961968482,2.0423888117212465,2.146757760705964,1266980400,AAPL
2006-03-01,2.072381019592285,2.084077995220942,2.039991150478189,2.0645831693143992,763817600,AAPL
2006-03-02,2.087677240371704,2.099074303256609,2.059486002187518,2.069083360227936,625273600,AAPL
2006-03-03,2.0309932231903076,2.096674314831773,2.0252955950089104,2.081378131225801,737668400,AAPL
2006-03-06,1.9638129472732544,2.0309928110204236,1.9476184164846921,2.0300934596746916,912665600,AAPL
2006-03-07,1.9887053966522217,2.0064007142616505,1.95181697711923,1.9722103486542402,872877600,AAPL
2006-03-08,1.9692127704620361,2.015399052983634,1.9599159308963459,1.988107167866867,653251200,AAPL
2006-03-09,1.917326807975769,1.9935045832512996,1.9137284018451173,1.978809039380503,799304800,AAPL
2006-03-10,1.8951342105865479,1.9341220547592863,1.8729403322904377,1.920926095114926,1043142800,AAPL
2006-03-13,1.969811201095581,1.9878060354357885,1.9431197677808014,1.950916815239552,861187600,AAPL
2006-03-14,2.0189976692199707,2.0189976692199707,1.9644141098196737,1.972511678530064,642020400,AAPL
2006-03-15,1.9863067865371704,2.0405908210668837,1.9650132571902903,2.0306935493849347,891996000,AAPL
2006-03-16,1.9287238121032715,2.006400570848338,1.9284238948806809,2.0049007845236213,749638400,AAPL
2006-03-17,1.9392211437225342,1.9656126638788713,1.9227258930423505,1.9419199988994253,812042000,AAPL
2006-03-20,1.919127345085144,1.963214200656423,1.9155281361687229,1.9560167838829665,605441200,AAPL
2006-03-21,1.853746771812439,1.9296240625819447,1.8411506430171762,1.853746771812439,1345366400,AAPL
2006-03-22,1.8495475053787231,1.8969336318074659,1.8375508149291278,1.864243050755898,1345895600,AAPL
2006-03-23,1.8042607307434082,1.8564453369342164,1.7877662812349553,1.8540459986698563,1427826400,AAPL
2006-03-24,1.7982631921768188,1.8276544853819199,1.770370884756737,1.8069605932035337,1071980000,AAPL
2006-03-27,1.7847667932510376,1.8408503268009129,1.7814683036153651,1.8099592455950149,1108072000,AAPL
2006-03-28,1.7607746124267578,1.8036613893863387,1.7469784151655534,1.7883662061018186,1370322800,AAPL
2006-03-29,1.8693416118621826,1.8750402417699772,1.7295839296605178,1.773370862054305,2346834000,AAPL
2006-03-30,1.881937861442566,1.8984331149211904,1.8453491472547663,1.8840372828213527,1390650800,AAPL
2006-03-31,1.8810385465621948,1.9077307899040816,1.866642714181369,1.8969341658832701,815357200,AAPL
2006-04-03,1.8789384365081787,1.9230252691061034,1.8777385673533638,1.9095297943439737,815791200,AAPL
2006-04-04,1.8345526456832886,1.8660431676159734,1.8309534371537064,1.8624439590863913,931924000,AAPL
2006-04-05,2.0156970024108887,2.0156970024108887,1.9239241524932154,1.9407191131877366,2233408800,AAPL
2006-04-06,2.1365623474121094,2.16085464940038,2.045389083348525,2.0483886569879166,2663768800,AAPL
2006-04-07,2.093075752258301,2.1356628231766455,2.053487455014043,2.1272653359145135,1545238800,AAPL
2006-04-10,2.0594847202301025,2.1272642172930074,2.0528867408962355,2.108069913583772,903515200,AAPL
2006-04-11,2.039091110229492,2.0783794802504665,2.0114993160567165,2.0690826435049283,939316000,AAPL
2006-04-12,2.000702142715454,2.0444892607286453,1.9884057355760503,2.0396909851127254,739894400,AAPL
2006-04-13,1.993505835533142,2.0225964236830762,1.9737112858858104,1.9896069090874555,734678000,AAPL
2006-04-17,1.943719506263733,2.0046013145506922,1.929923310946479,1.99470404399701,721938000,AAPL
2006-04-18,1.9860068559646606,1.993504988462961,1.9431200847686065,1.9506172162078568,794844400,AAPL
2006-04-19,1.9689123630523682,2.009400000078085,1.9635134508558165,2.004002088940681,1086033200,AAPL
2006-04-20,2.028294086456299,2.0993728791040183,1.9854071173012626,2.084677333018066,1666982800,AAPL
2006-04-21,2.010599374771118,2.0585851332174387,1.9935046923327238,2.0450888571065953,788986800,AAPL
2006-04-24,1.9719104766845703,2.007000394617938,1.964413346258853,2.0049009738615404,707028000,AAPL
2006-04-25,1.9845070838928223,1.997103209803158,1.966213130038273,1.9782090209376544,529062800,AAPL
2006-04-26,2.0438897609710693,2.0477878846626045,1.991405439605183,1.9989027707750298,710886400,AAPL
2006-04-27,2.0801784992218018,2.0951737603902023,2.0198961358297134,2.0312933912240867,845947200,AAPL
2006-04-28,2.1110692024230957,2.138361068053668,2.075380055288085,2.0807779644636404,760037600,AAPL
2006-05-01,2.0873756408691406,2.1455585760442495,2.0741798848327884,2.122465352292455,750380400,AAPL
2006-05-02,2.147958278656006,2.1587549001686415,2.1026721714616188,2.1038714401420453,771663200,AAPL
2006-05-03,2.1335623264312744,2.157855424173362,2.1047714708677807,2.154256216857296,686991200,AAPL
2006-05-04,2.1332638263702393,2.186047892529422,2.1131701594221246,2.135962682814517,860420400,AAPL
2006-05-05,2.1560556888580322,2.1668523085867166,2.1338618141006953,2.1551561373904473,563911600,AAPL
2006-05-08,2.1560556888580322,2.2133382774159442,2.150957496431907,2.189045983132287,594851600,AAPL
2006-05-09,2.130262613296509,2.1761489264535134,2.117966012755135,2.153955262273439,531666800,AAPL
2006-05-10,2.1173689365386963,2.1392619071618992,2.087677111927934,2.13806203726876,459888800,AAPL
2006-05-11,2.0438897609710693,2.1245653048656665,2.025894724638497,2.1230655182928215,812688800,AAPL
2006-05-12,2.030393362045288,2.0600843722952895,2.0052009108406366,2.034891921090638,641774000,AAPL
2006-05-15,2.033092737197876,2.0507878597261677,2.012999076869026,2.0204964095082167,529177600,AAPL
2006-05-16,1.9488177299499512,2.046888683019341,1.9419200326080928,2.042390123818882,936740000,AAPL
2006-05-17,1.957215428352356,1.9704121911641108,1.921526067286455,1.9407201755790806,754194000,AAPL
2006-05-18,1.894834280014038,1.9872067977234693,1.8930347763810367,1.9698113957259924,658442400,AAPL
2006-05-19,1.934722661972046,1.945819001471353,1.884037038536926,1.8972335999900745,985866000,AAPL
2006-05-22,1.9008326530456543,1.919127414409401,1.8825386925294456,1.915528205362966,718975600,AAPL
2006-05-23,1.8939346075057983,1.9551161448306928,1.889436047495611,1.9452196731896072,694414000,AAPL
2006-05-24,1.8996326923370361,1.9089297280181343,1.8462482149055603,1.8891359874811353,916031200,AAPL
2006-05-25,1.9293243885040283,1.932923597518019,1.8981335795214065,1.9272251669146814,463372000,AAPL
2006-05-26,1.9059314727783203,1.9362219263921092,1.8936350606111332,1.9287247928621014,432950000,AAPL
2006-05-30,1.836052417755127,1.898433225969602,1.836052417755127,1.8981333086122316,563402000,AAPL
2006-05-31,1.7925646305084229,1.8531465159072955,1.760173766446987,1.8522463636983477,1280977600,AAPL
2006-06-01,1.8645429611206055,1.8678424517599141,1.785066680558067,1.7949639512051294,942508000,AAPL
2006-06-02,1.8492482900619507,1.892434990590932,1.8258553354410254,1.8891365001006097,685787200,AAPL
2006-06-05,1.7994626760482788,1.8339527674185843,1.7985633245120942,1.8339527674185843,605785600,AAPL
2006-06-06,1.7910650968551636,1.8183569708957452,1.7667727962795416,1.806060361426322,726037200,AAPL
2006-06-07,1.7562763690948486,1.811459766599339,1.749978304204876,1.8024626454490196,750506400,AAPL
2006-06-08,1.8222557306289673,1.8273537237015351,1.7139875957718684,1.752676524073443,1397482800,AAPL
2006-06-09,1.7766690254211426,1.8462480286334146,1.7724701837329637,1.8348517732580172,775838000,AAPL
2006-06-12,1.7094892263412476,1.791364850116106,1.7082901577359642,1.7814683797271997,717785600,AAPL
2006-06-13,1.7493772506713867,1.7724702805828272,1.7202858751633625,1.727783807159092,1080643200,AAPL
2006-06-14,1.7277841567993164,1.7628740852166427,1.7001925623187122,1.747878618614255,878136000,AAPL
2006-06-15,1.780867576599121,1.7916641971119873,1.7019917428549192,1.7184867910842339,1190383600,AAPL
2006-06-16,1.726284384727478,1.7751705112291154,1.725085315990611,1.7682720119141226,838101600,AAPL
2006-06-19,1.7154874801635742,1.7448787743437453,1.7094891342828382,1.7343818692642692,704575200,AAPL
2006-06-20,1.7235857248306274,1.749978253809299,1.7181870118297864,1.7277843678990732,672974400,AAPL
2006-06-21,1.7352819442749023,1.7607743124970818,1.7184869769805675,1.731682936906772,863296000,AAPL
2006-06-22,1.7868659496307373,1.7919649433543714,1.7415800461303115,1.7454781695714596,965633200,AAPL
2006-06-23,1.7643725872039795,1.8045615043679073,1.76137401491673,1.7910650260040313,660203600,AAPL
2006-06-26,1.7691714763641357,1.7754695379081773,1.750576808534944,1.774569385805243,466536000,AAPL
2006-06-27,1.7223849296569824,1.7760693167173067,1.7214855783279095,1.7721703924558714,550611600,AAPL
2006-06-28,1.6800984144210815,1.718487436182231,1.66180445647039,1.7181869181858427,850704400,AAPL
2006-06-29,1.7685710191726685,1.7721702260570578,1.691194778252397,1.702291315069463,873398400,AAPL
2006-06-30,1.7175869941711426,1.731982824852145,1.6944939619160366,1.7271845483115151,739695600,AAPL
2006-07-03,1.7379810810089111,1.7448787783640267,1.7196863262423263,1.7250850377592393,194770800,AAPL
2006-07-05,1.7094892263412476,1.7274842649525137,1.6962934653284534,1.7139877857822416,518240800,AAPL
2006-07-06,1.6726012229919434,1.721486355471427,1.6678020442818824,1.7121895171325654,633208800,AAPL
2006-07-07,1.661503791809082,1.6959939870190184,1.639610625930198,1.6639037312639535,799360800,AAPL
2006-07-10,1.649507999420166,1.6941943862853344,1.6345126314121465,1.6705017148432564,529345600,AAPL
2006-07-11,1.6690013408660889,1.6791984277799281,1.6354114080011892,1.6528060087524192,825022800,AAPL
2006-07-12,1.588326334953308,1.65670549240119,1.5871263651694392,1.6546060708355521,927329200,AAPL
2006-07-13,1.5670313835144043,1.6231149078689628,1.541838935300919,1.5604335043716684,1249906000,AAPL
2006-07-14,1.519646406173706,1.586226749064837,1.5043512236665364,1.5745298736145443,993036800,AAPL
2006-07-17,1.5706305503845215,1.592824225969826,1.549037209809659,1.5514363475218917,1024542400,AAPL
2006-07-18,1.5865265130996704,1.6150174559434176,1.555035896661671,1.5943235622206149,1000448400,AAPL
2006-07-19,1.6225156784057617,1.6519069754272486,1.5703311653635414,1.5883261046394506,1390743200,AAPL
2006-07-20,1.8144572973251343,1.8471478731714528,1.7910645555203581,1.8282536893571895,1972146400,AAPL
2006-07-21,1.8210556507110596,1.8339524939694938,1.7886657862571513,1.7940644974230677,891892400,AAPL
2006-07-24,1.8420501947402954,1.8624441771717617,1.8123591734897642,1.837251716633298,722856400,AAPL
2006-07-25,1.8573453426361084,1.8621436183625677,1.8228550580195095,1.8528467839572378,589069600,AAPL
2006-07-26,1.9155272245407104,1.9386204523140351,1.8498471488478048,1.8594447010375144,898427600,AAPL
2006-07-27,1.9014321565628052,1.9500175507453998,1.8852366247450343,1.934421653227612,735044800,AAPL
2006-07-28,1.9671128988265991,1.9698119548303945,1.9044315726350545,1.9176273357204447,691507600,AAPL
2006-07-31,2.038191795349121,2.0582852560882117,1.9878066832424381,2.004301936745621,892841600,AAPL
2006-08-01,2.0147976875305176,2.0372902738756933,1.9776085593080042,2.015996755568163,711765600,AAPL
2006-08-02,2.0441906452178955,2.0597855499025455,2.0246958130907315,2.028894456675975,550768400,AAPL
2006-08-03,2.0870769023895264,2.09937331302318,2.0336932179745437,2.0366919909278116,841044400,AAPL
2006-08-04,2.0483884811401367,2.057685316675308,1.9482181064523345,2.0108996200091207,1852866400,AAPL
2006-08-07,2.0156970024108887,2.0873754024195628,1.9887048581804574,2.0309921770795816,1245512800,AAPL
2006-08-08,1.9428198337554932,2.012699578408202,1.9347230659983723,2.0120991430454853,997864000,AAPL
2006-08-09,1.9071301221847534,1.967412300049834,1.9014324941584875,1.962314306430015,955838800,AAPL
2006-08-10,1.921526551246643,1.9437202388227104,1.880439268581868,1.8969345255096774,697760000,AAPL
2006-08-11,1.908929467201233,1.9233252951201534,1.8768391220070075,1.8963331427986507,777529200,AAPL
2006-08-14,1.917626976966858,1.9560161913067498,1.907430789785643,1.9209262674917118,717620400,AAPL
2006-08-15,1.992904543876648,1.9944043305387062,1.9434197927129035,1.9596143253165474,861352800,AAPL
2006-08-16,2.038790702819824,2.041489757973054,1.9893059561554405,2.0123991849659237,781284000,AAPL
2006-08-17,2.0270957946777344,2.059185957584119,2.0147993806597198,2.039391407848165,581148400,AAPL
2006-08-18,2.0366921424865723,2.0513876927035026,2.017198114721288,2.03069379528631,536354000,AAPL
2006-08-21,1.9962037801742554,2.0186973761065192,1.9839073718273024,2.0183966579773833,526226400,AAPL
2006-08-22,2.02799391746521,2.0489877237352108,1.9944039876026287,1.9998026981070305,576968000,AAPL
2006-08-23,2.0186967849731445,2.0588846879233347,2.0075994483680883,2.0393898700953246,536258800,AAPL
2006-08-24,2.0336930751800537,2.04508933257676,1.9875068094771682,2.036092213501319,655191600,AAPL
2006-08-25,2.0618841648101807,2.0708810830756774,2.0186974755683758,2.0195968270348423,543958800,AAPL
2006-08-28,2.0088000297546387,2.0576851433744427,1.9998029120612288,2.0543866540335967,738161200,AAPL
2006-08-29,1.9938054084777832,2.017198364823613,1.9530172430944481,2.0091005950992575,947332400,AAPL
2006-08-30,2.0082013607025146,2.033993457521493,1.9998038733020427,2.019597621826475,680142400,AAPL
2006-08-31,2.0348916053771973,2.0483880812664883,1.9992022549881923,2.0177969234876643,574697200,AAPL
2006-09-01,2.050788164138794,2.0588859332774776,2.0339931915341456,2.0537869374701296,408494800,AAPL
2006-09-05,2.143759250640869,2.144358884929014,2.0558854985193777,2.0684816225942817,1012457600,AAPL
2006-09-06,2.1002721786499023,2.150057644340507,2.090375709643184,2.1317626909742136,974103200,AAPL
2006-09-07,2.1833486557006836,2.2037428390313396,2.1068719197468955,2.1173688287113177,1267957600,AAPL
2006-09-08,2.1749508380889893,2.2064415601972596,2.1566560793734726,2.2004432130079574,895921600,AAPL
2006-09-11,2.1743509769439697,2.211239403433573,2.1419601086922886,2.1722515558398543,949124400,AAPL
2006-09-12,2.1782500743865967,2.2028420937117974,2.142860430749523,2.1836479855892894,1684687200,AAPL
2006-09-13,2.2253355979919434,2.2289346057306956,2.168352710277798,2.1848477619900986,1146138000,AAPL
2006-09-14,2.224436044692993,2.239431308275374,2.2031415170801116,2.210939566685171,801729600,AAPL
2006-09-15,2.222337007522583,2.248728531833156,2.1980439035058934,2.237332273694798,981853600,AAPL
2006-09-18,2.216038942337036,2.2451297252836917,2.198343817915898,2.2133392856456893,705278000,AAPL
2006-09-19,2.212440013885498,2.2301343380982592,2.1833484290407283,2.222337287224266,710049200,AAPL
2006-09-20,2.2571260929107666,2.269722421240871,2.2259352895376674,2.2307345677129975,822791200,AAPL
2006-09-21,2.2388312816619873,2.281119426262031,2.2199368897229137,2.2568263220074702,794124800,AAPL
2006-09-22,2.1893465518951416,2.2295344748154724,2.176750423907329,2.2283344050192593,665112000,AAPL
2006-09-25,2.2718212604522705,2.275120550627196,2.210939456251621,2.2136383112524096,858992400,AAPL
2006-09-26,2.3276050090789795,2.3327032025361194,2.282318099361819,2.2847174376586445,1102948000,AAPL
2006-09-27,2.2916157245635986,2.323406153220519,2.273920406042938,2.3144082350127695,810373200,AAPL
2006-09-28,2.309610366821289,2.323706481725728,2.2778201300109098,2.309910284159681,723609600,AAPL
2006-09-29,2.308710813522339,2.324905347321433,2.299712893733017,2.3126097385807975,405812400,AAPL
2006-10-02,2.2451295852661133,2.275420836623366,2.228334414193475,2.2523278017427373,712639200,AAPL
2006-10-03,2.2217354774475098,2.247828072623918,2.1950440489530685,2.2328328138406652,790708800,AAPL
2006-10-04,2.260725259780884,2.263124398294895,2.1941450116213232,2.22233704143827,829082800,AAPL
2006-10-05,2.244230031967163,2.284118237894166,2.2232364185109175,2.23523311227765,683883200,AAPL
2006-10-06,2.225935459136963,2.2505284831903443,2.213639047216203,2.2319338065187293,466958800,AAPL
2006-10-09,2.2382314205169678,2.251727698201979,2.205240919932769,2.213338686543776,438222400,AAPL
2006-10-10,2.2136385440826416,2.2367315756180877,2.1917453819626944,2.2355325070498537,531588400,AAPL
2006-10-11,2.19624400138855,2.2187375993615666,2.177349611336929,2.201942630473864,571855200,AAPL
2006-10-12,2.2571260929107666,2.2610252186236934,2.2073408144946716,2.2076413324764483,592855200,AAPL
2006-10-13,2.2499287128448486,2.3057115382211357,2.2415312272291597,2.2682226701955943,684196800,AAPL
2006-10-16,2.261324882507324,2.27572071457585,2.2430301250295326,2.2550268185965052,508692800,AAPL
2006-10-17,2.228034257888794,2.2574255512077293,2.2205369263929993,2.2505278540706257,480925200,AAPL
2006-10-18,2.235232353210449,2.2604248009298953,2.2166376843984623,2.241830132117908,1133907600,AAPL
2006-10-19,2.3689911365509033,2.397782785280242,2.3440994122030148,2.3770889003751305,1512977200,AAPL
2006-10-20,2.3977835178375244,2.398983587342333,2.3593953085093733,2.3683924261949048,639413600,AAPL
2006-10-23,2.4430699348449707,2.4562656914553913,2.391784692548132,2.398983106014746,832507200,AAPL
2006-10-24,2.4307751655578613,2.4496695620900146,2.405282786173622,2.4355734437260637,463212400,AAPL
2006-10-25,2.4496679306030273,2.459264480548098,2.42957347738207,2.439770462386918,485214800,AAPL
2006-10-26,2.464963436126709,2.4772598432552146,2.433173008240413,2.4562660360246293,432756800,AAPL
2006-10-27,2.4115805625915527,2.4727621005324005,2.3995838685453474,2.4517682863752412,594966400,AAPL
2006-10-30,2.4118800163269043,2.426275847398317,2.384288423881338,2.398983972059324,499917600,AAPL
2006-10-31,2.4316742420196533,2.4496692847019235,2.406181865522041,2.442771585430789,501474400,AAPL
2006-11-01,2.3740909099578857,2.4406713442546666,2.350097727983169,2.4322738607011862,611192400,AAPL
2006-11-02,2.3686933517456055,2.3788903439265896,2.3542975156381405,2.366893847205685,465483200,AAPL
2006-11-03,2.347998857498169,2.3851880079703576,2.333003390539714,2.3800898134841217,431888800,AAPL
2006-11-06,2.3905868530273438,2.4010837605651845,2.3521976306117316,2.3677935337660005,434576800,AAPL
2006-11-07,2.414578914642334,2.4292746632930866,2.403182656976233,2.4127794106999767,525932400,AAPL
2006-11-08,2.4727623462677,2.47995976277513,2.3959848982250356,2.399883824177515,690916800,AAPL
2006-11-09,2.4994544982910156,2.5399421419193007,2.4628649796204147,2.4862579338156263,923053600,AAPL
2006-11-10,2.492856025695801,2.5072518610171612,2.4742623477366785,2.5057528746181097,373864400,AAPL
2006-11-13,2.529744863510132,2.5327436364412033,2.4784604006267807,2.495855005448813,450674000,AAPL
2006-11-14,2.5492372512817383,2.5492372512817383,2.5162477644738312,2.5432389079562854,588954800,AAPL
2006-11-15,2.5207479000091553,2.576231008814039,2.519248113027041,2.5507386343551386,655323200,AAPL
2006-11-16,2.5675339698791504,2.5882280700316977,2.5378429484646667,2.5453402827436737,693940800,AAPL
2006-11-17,2.574730157852173,2.5774300135585135,2.5492377939277193,2.553436635149327,466424000,AAPL
2006-11-20,2.593325138092041,2.6092207544288266,2.555236643400674,2.56123498918814,570794000,AAPL
2006-11-21,2.6572065353393555,2.6572065353393555,2.6125194595946333,2.621817095831844,622666800,AAPL
2006-11-22,2.7084903717041016,2.7216861288634546,2.6347125368490065,2.6689020991672217,671941200,AAPL
2006-11-24,2.7480785846710205,2.7915657801591034,2.684198019546645,2.6850973707714387,518677600,AAPL
2006-11-27,2.6853973865509033,2.7939652285304675,2.684198318188358,2.7744714081618613,1074836000,AAPL
2006-11-28,2.7534780502319336,2.758276326582564,2.696494364173043,2.7099908428124633,1036173600,AAPL
2006-11-29,2.7531769275665283,2.7936655566886026,2.7066909544168825,2.7891669980855145,1157083200,AAPL
2006-11-30,2.748979330062866,2.7795705011965435,2.7309850888177234,2.765474585102544,870486400,AAPL
2006-12-01,2.738783121109009,2.7690735738114305,2.7021934026597116,2.7531779534094523,795079600,AAPL
2006-12-04,2.732783317565918,2.7606746166891285,2.714188650989687,2.7555766248180054,709536800,AAPL
2006-12-05,2.7372825145721436,2.76907274479936,2.725285823520741,2.7486787704355757,662838400,AAPL
2006-12-06,2.6940956115722656,2.740882116181862,2.6892973345349134,2.71838871600693,638184400,AAPL
2006-12-07,2.6104204654693604,2.7141898630570074,2.606221622706687,2.7000939482798745,1004827600,AAPL
2006-12-08,2.6470086574554443,2.6808984991099916,2.609219892327271,2.6161175872802014,784277200,AAPL
2006-12-11,2.661705493927002,2.6782007472033817,2.6407118810320602,2.666204053757404,499780400,AAPL
2006-12-12,2.583428144454956,2.6644035938335393,2.56513339372528,2.657505898000465,1026620000,AAPL
2006-12-13,2.6707024574279785,2.671302091853376,2.613719568374335,2.6377121530160497,857052000,AAPL
2006-12-14,2.655707597732544,2.699195018216134,2.647010393932449,2.6707030666602485,832330800,AAPL
2006-12-15,2.6308140754699707,2.675801066134531,2.6191179023673796,2.66980272062787,739939200,AAPL
2006-12-18,2.5633347034454346,2.6392119844305566,2.5369421791732294,2.6281154438779772,721576800,AAPL
2006-12-19,2.5885276794433594,2.599624222231274,2.5078521054513514,2.541141533603224,911405600,AAPL
2006-12-20,2.5420405864715576,2.5993231803585464,2.5414409521746384,2.5933248352715026,567691600,AAPL
2006-12-21,2.486257314682007,2.563634174870089,2.4652635044598656,2.5402414267120568,903599200,AAPL
2006-12-22,2.4652628898620605,2.5204470577379063,2.4472686574989586,2.50305165875633,613303600,AAPL
2006-12-26,2.4445698261260986,2.4763610621804397,2.4259759532666716,2.46376473489904,490688800,AAPL
2006-12-27,2.4448697566986084,2.459264783601862,2.30241226671155,2.343799245408513,1935754800,AAPL
2006-12-28,2.425375461578369,2.4367725187924685,2.3887867535260776,2.405881438394087,1119876800,AAPL
2006-12-29,2.544440507888794,2.561235478881181,2.5000539418459478,2.517748264454788,1076429200,AAPL
2007-01-03,2.5132486820220947,2.596624068795385,2.4562658108108963,2.587926669490766,1238319600,AAPL
2007-01-04,2.569033622741699,2.577730825686365,2.5138494295917173,2.5207479292386186,847260400,AAPL
2007-01-05,2.550736904144287,2.585226375406226,2.531243090201292,2.5723303383532903,834741600,AAPL
2007-01-08,2.5633347034454346,2.5951251389084256,2.5576360740836406,2.5780302518822014,797106800,AAPL
2007-01-09,2.7762715816497803,2.7885679951808893,2.553737869939569,2.5927267326033454,3349298400,AAPL
2007-01-10,2.9091312885284424,2.9331236693963265,2.8026628585577127,2.841651503553491,2952880000,AAPL
2007-01-11,2.8731422424316406,2.9025335369680247,2.8521486322300644,2.8773410845990446,1440252800,AAPL
2007-01-12,2.837752342224121,2.850948100547527,2.796064645451557,2.836851989841588,1312690400,AAPL
2007-01-16,2.912130355834961,2.916628915499422,2.8626457991022303,2.869543497155548,1244076400,AAPL
2007-01-17,2.847649335861206,2.9271256196165933,2.843751211751489,2.925926551034513,1646260000,AAPL
2007-01-18,2.671302080154419,2.762475342918806,2.6707024457316475,2.7621754256015065,2364605600,AAPL
2007-01-19,2.654207468032837,2.688697762877977,2.6428112094321587,2.658106593772866,1364473600,AAPL
2007-01-22,2.6029226779937744,2.674001673722027,2.5687331082425033,2.673401238510985,1454026000,AAPL
2007-01-23,2.570232391357422,2.6245162254594123,2.5645347630771953,2.5711325437485915,1207424400,AAPL
2007-01-24,2.6002235412597656,2.6137190169026043,2.581628871640909,2.599623106113742,927813600,AAPL
2007-01-25,2.586726665496826,2.6542062356304132,2.580128687109175,2.6125187446293032,905973600,AAPL
2007-01-26,2.5606353282928467,2.6203172665653574,2.548938554128467,2.6125194171224377,986874000,AAPL
2007-01-29,2.577430486679077,2.598724013290624,2.565133877987168,2.588227108521532,901664400,AAPL
2007-01-30,2.565732955932617,2.59392497441284,2.556735839752317,2.592125471092075,577970400,AAPL
2007-01-31,2.571131944656372,2.5792297104771054,2.529744164641983,2.545039343890238,856069200,AAPL
2007-02-01,2.5414414405822754,2.5873269874102607,2.5414414405822754,2.5861279187977737,664342000,AAPL
2007-02-02,2.541740894317627,2.556736156546714,2.510250182937645,2.5228465075319955,621530000,AAPL
2007-02-05,2.5174484252929688,2.5561373607202555,2.5174484252929688,2.528245048827702,578852400,AAPL
2007-02-06,2.5237460136413574,2.533343566674933,2.48505788634937,2.5327431314881736,864393600,AAPL
2007-02-07,2.583728551864624,2.590626249006319,2.505751859554366,2.5336433662538176,1066825200,AAPL
2007-02-08,2.5846283435821533,2.594525615687916,2.561535309304227,2.562134743553623,679030800,AAPL
2007-02-09,2.497354507446289,2.5852276739622115,2.4955550036387217,2.5756309209573023,860540800,AAPL
2007-02-12,2.545640468597412,2.5546375881895886,2.5081514025002063,2.532143988361794,724071600,AAPL
2007-02-13,2.540241003036499,2.557935319639524,2.5282443132397936,2.55403719630271,580986000,AAPL
2007-02-14,2.558237314224243,2.5684337055900426,2.536343342707286,2.5381430474274236,507981600,AAPL
2007-02-15,2.555537462234497,2.5678338752249323,2.5426414146655847,2.562435962747359,363661200,AAPL
2007-02-16,2.544140100479126,2.561534701233603,2.539041106544721,2.5567362251999186,399868000,AAPL
2007-02-20,2.576230525970459,2.5840283757143294,2.5240459172051666,2.53874166458757,617702400,AAPL
2007-02-21,2.675201177597046,2.6838983799352856,2.5780303630749173,2.578629997536313,1155313600,AAPL
2007-02-22,2.6844980716705322,2.723485913148822,2.655106981670312,2.7231861961070623,838224800,AAPL
2007-02-23,2.671302080154419,2.7093913792396105,2.6647040993856606,2.674001936645595,517893600,AAPL
2007-02-26,2.654507637023926,2.699194925736432,2.627516274387332,2.6943956470727786,615848800,AAPL
2007-02-27,2.5171477794647217,2.6116195094292043,2.5015528835521854,2.588226765136841,1145813200,AAPL
2007-02-28,2.5375423431396484,2.5672333541622723,2.4892568604605274,2.4892568604605274,919475200,AAPL
2007-03-01,2.61102032661438,2.648509185046972,2.5117493105358943,2.520146794002768,1415528800,AAPL
2007-03-02,2.5615358352661133,2.6254172400063767,2.555537487303703,2.6023240007748596,860000400,AAPL
2007-03-05,2.588826894760132,2.6587058298019857,2.572031924930117,2.5759310503794115,838899600,AAPL
2007-03-06,2.644909620285034,2.648508827301532,2.621216959667673,2.633212848169674,723186800,AAPL
2007-03-07,2.6308140754699707,2.6683029340394055,2.622716309035978,2.6407113455559617,626284400,AAPL
2007-03-08,2.639211416244507,2.6608046580535727,2.623015884252342,2.6569065345322422,511011200,AAPL
2007-03-09,2.638312578201294,2.6647041008673487,2.6212176915293797,2.6632051149155003,451836000,AAPL
2007-03-12,2.6952950954437256,2.6988943032362895,2.638911844616212,2.641310982791563,729408400,AAPL
2007-03-13,2.6512086391448975,2.7171884472851824,2.6512086391448975,2.681499087128997,867890800,AAPL
2007-03-14,2.6991939544677734,2.6991939544677734,2.636812363821468,2.6572063376784607,796586000,AAPL
2007-03-15,2.6862974166870117,2.709990075706071,2.678499368924388,2.697993387166278,559498800,AAPL
2007-03-16,2.6868982315063477,2.6988949262113264,2.6788006627923475,2.6853984444563643,571704000,AAPL
2007-03-19,2.7330832481384277,2.745679571573848,2.6868969958242457,2.7063910151191126,712961200,AAPL
2007-03-20,2.7435808181762695,2.754377440647377,2.730984491677554,2.739681893242057,488916400,AAPL
2007-03-21,2.8152594566345215,2.819158381852693,2.748679212083952,2.758876200904261,686896000,AAPL
2007-03-22,2.817958354949951,2.829954847047062,2.78916749467944,2.811060657295957,561492400,AAPL
2007-03-23,2.804762363433838,2.8212576149680118,2.7981645831590782,2.79966436989326,450884000,AAPL
2007-03-26,2.8746414184570312,2.8761412052564226,2.798164704821372,2.8188585993060995,864987200,AAPL
2007-03-27,2.862945795059204,2.9040330711149838,2.849149596761524,2.8704431282810834,932052800,AAPL
2007-03-28,2.7963643074035645,2.8611452306542673,2.7936654526387295,2.845549333798456,942337200,AAPL
2007-03-29,2.811659336090088,2.8248560945080325,2.766073719469847,2.8248560945080325,725723600,AAPL
2007-03-30,2.7864677906036377,2.839552556337209,2.7816695138413974,2.8275558633724485,600558000,AAPL
2007-04-02,2.8086607456207275,2.826654778069976,2.7897663608607774,2.8233562892287924,501992400,AAPL
2007-04-03,2.834153890609741,2.856047054780902,2.8119602084740545,2.823357267188671,583934400,AAPL
2007-04-04,2.8272552490234375,2.853347046882334,2.8230564078182843,2.8473487023035435,476784000,AAPL
2007-04-05,2.8395533561706543,2.8395533561706543,2.8047633371970053,2.822758381712915,355516000,AAPL
2007-04-09,2.8086607456207275,2.8581452858620486,2.7903657948875153,2.855446431259369,413341600,AAPL
2007-04-10,2.826655387878418,2.826956106015491,2.8014629361675136,2.809260785703283,352466800,AAPL
2007-04-11,2.7768712043762207,2.8176585584932363,2.7690731538291313,2.816158771678472,549018400,AAPL
2007-04-12,2.76487398147583,2.7684731888446685,2.720787144860952,2.7603754227413115,656675600,AAPL
2007-04-13,2.7063913345336914,2.7411813368607674,2.7009934243974145,2.726185874029757,719941600,AAPL
2007-04-16,2.7420809268951416,2.7441803479335123,2.7066912871694635,2.71628884069954,609033600,AAPL
2007-04-17,2.7096900939941406,2.768172747963029,2.690195475581005,2.7591748313488447,751920400,AAPL
2007-04-18,2.7111899852752686,2.7246864642825908,2.6871976018090313,2.7039925705531274,464044000,AAPL
2007-04-19,2.7072908878326416,2.7366821726741897,2.694094330876211,2.7048909496074547,425913600,AAPL
2007-04-20,2.7282862663269043,2.734584330924549,2.7156899369197514,2.725886326716262,522779600,AAPL
2007-04-23,2.8044629096984863,2.813160111921278,2.741781588660263,2.7468795826795755,780290000,AAPL
2007-04-24,2.7963643074035645,2.8908362368794505,2.7381815635022604,2.8179577482753544,1055252800,AAPL
2007-04-25,2.8596463203430176,2.8611463075469183,2.813160331428108,2.826056377314074,1187144000,AAPL
2007-04-26,2.9643146991729736,3.074081627184704,2.9481193653061952,3.0464900366388026,1737778000,AAPL
2007-04-27,2.9967052936553955,2.997605446130695,2.9298259268167492,2.9445214765691965,699403600,AAPL
2007-04-30,2.9931066036224365,3.029095681230899,2.989207678433445,3.001803805543449,616509600,AAPL
2007-05-01,2.983208656311035,3.009601174477718,2.955617069762505,2.98680786357443,532523600,AAPL
2007-05-02,3.010800361633301,3.0152989204134917,2.983208773996304,2.988607484998478,505145200,AAPL
2007-05-03,3.0111007690429688,3.0425912862656754,2.9994045943952994,3.0209980404364005,576077600,AAPL
2007-05-04,3.0233983993530273,3.0470910759521965,3.0141015594716505,3.023098481916992,381987200,AAPL
2007-05-07,3.1166694164276123,3.1295652584914473,3.029395091948153,3.031494312640881,861557200,AAPL
2007-05-08,3.1508584022521973,3.1535574571619183,3.1016727764409575,3.103172562831338,783997200,AAPL
2007-05-09,3.2054426670074463,3.2078418050774733,3.145760128305889,3.146360563511765,717757600,AAPL
2007-05-10,3.219237804412842,3.2642247929722052,3.1766507545792337,3.1979442794960375,1197257600,AAPL
2007-05-11,3.2612252235412598,3.2729221969566127,3.202442841744348,3.2312344984372294,653696400,AAPL
2007-05-14,3.279820203781128,3.2990143097055915,3.246529985226745,3.2876180533210837,651946400,AAPL
2007-05-15,3.2246365547180176,3.305012379609859,3.193445759797366,3.28611799234085,954514400,AAPL
2007-05-16,3.219237804412842,3.263925075922697,3.1016730409489974,3.25492715766017,1126767600,AAPL
2007-05-17,3.2822201251983643,3.2951169721697697,3.2135412517282904,3.2135412517282904,735291200,AAPL
2007-05-18,3.299614906311035,3.3182093787767997,3.2921167734825216,3.3059129694972396,621345200,AAPL
2007-05-21,3.3583974838256836,3.372492596871995,3.300514441856023,3.308312292212236,639892400,AAPL
2007-05-22,3.405184030532837,3.411482295846954,3.359297870229834,3.3736935048097707,572409600,AAPL
2007-05-23,3.3856887817382812,3.4489697240599213,3.376690863208148,3.4195786324257367,911374800,AAPL
2007-05-24,3.319709539413452,3.432775800530426,3.3101129831154164,3.383291429867349,887362000,AAPL
2007-05-25,3.407581090927124,3.4123793656291497,3.344000247207986,3.358995706551736,632959600,AAPL
2007-05-29,3.429476022720337,3.44477100319114,3.379690554963815,3.432474795104185,645694000,AAPL
2007-05-30,3.5620369911193848,3.5653356814634334,3.4048839074513024,3.427976741978083,1478444800,AAPL
2007-05-31,3.634615421295166,3.6640065235357673,3.5851306555459055,3.6010254757562685,1297066400,AAPL
2007-06-01,3.5509393215179443,3.6346146506692887,3.5476410319017866,3.6319153948355485,885262000,AAPL
2007-06-04,3.6388120651245117,3.6508087543312833,3.5359428577176746,3.557836815520033,886673200,AAPL
2007-06-05,3.678999662399292,3.679599897199844,3.613919234181211,3.641210897490896,920785600,AAPL
2007-06-06,3.7080929279327393,3.720389539623575,3.657408496072667,3.6679052031899153,1112241200,AAPL
2007-06-07,3.7209880352020264,3.8271567511425317,3.6945965155995406,3.748580825629551,1915079600,AAPL
2007-06-08,3.733586549758911,3.7737750866168955,3.6676063141258597,3.773474368326851,1241682400,AAPL
2007-06-11,3.604623794555664,3.7833701132476345,3.5851299695340324,3.778871753855382,1874258400,AAPL
2007-06-12,3.6103222370147705,3.65021044001613,3.548240552596452,3.579431153254866,1426566400,AAPL
2007-06-13,3.5239486694335938,3.6346153777907704,3.4609676224079444,3.6334161087150623,1721353200,AAPL
2007-06-14,3.5614356994628906,3.5824291063640445,3.491556581080709,3.514949326010239,973266000,AAPL
2007-06-15,3.613921642303467,3.619020237905984,3.5947273298706803,3.6175206509640674,811218800,AAPL
2007-06-18,3.7515792846679688,3.75427813956279,3.6751023860979535,3.6972950618895966,910604800,AAPL
2007-06-19,3.7086923122406006,3.749179940681829,3.686198918379757,3.739582588453811,943026000,AAPL
2007-06-20,3.6454105377197266,3.7386832021186156,3.6439113518717026,3.7149905398745653,897512000,AAPL
2007-06-21,3.7158899307250977,3.7275867037679062,3.6205186453790326,3.6499097357676575,867045200,AAPL
2007-06-22,3.6888980865478516,3.732385291677036,3.670303615450516,3.714390254721284,631876000,AAPL
2007-06-25,3.669105291366577,3.7515805631959216,3.6307162697345383,3.724588401236683,965403600,AAPL
2007-06-26,3.588428020477295,3.718889243493425,3.5605365123216064,3.7182894088912106,1345005200,AAPL
2007-06-27,3.6556079387664795,3.6601066983378927,3.576732090156194,3.617219725028,974696800,AAPL
2007-06-28,3.615719795227051,3.6736026282795806,3.5989248281785966,3.6697037036878535,838143600,AAPL
2007-06-29,3.660106658935547,3.718889248764951,3.631615716560891,3.6580072378248216,1137841600,AAPL
2007-07-02,3.636713743209839,3.6616060772463053,3.577931156080629,3.6304154801669757,994862400,AAPL
2007-07-03,3.8139612674713135,3.820858964685985,3.6439117686356286,3.658907232643073,1162481600,AAPL
2007-07-05,3.9813103675842285,3.987908947790224,3.8595463614139063,3.8628458517286948,1453051600,AAPL
2007-07-06,3.9678142070770264,3.9990051997551554,3.910831532912397,3.9927069376865463,874694800,AAPL
2007-07-09,3.908733367919922,3.985810522017188,3.8742432745067195,3.970214820456162,995820000,AAPL
2007-07-10,3.9693143367767334,4.033794543875982,3.863145631625507,3.8652450523907143,1255007600,AAPL
2007-07-11,3.970513105392456,4.009801864018466,3.9381232442405842,3.960916554410669,821772000,AAPL
2007-07-12,4.020898818969727,4.025997412658006,3.970513517485696,4.014300638902542,704608800,AAPL
2007-07-13,4.130667686462402,4.134265893923441,4.034396216329664,4.049691601216906,907606000,AAPL
2007-07-16,4.1417622566223145,4.19814549200894,4.123767223646618,4.150459455470382,936112800,AAPL
2007-07-17,4.166055679321289,4.18674957342356,4.123768539604484,4.147761924562071,709959600,AAPL
2007-07-18,4.142363548278809,4.151960903503125,4.07998194059185,4.1444629697341275,756856800,AAPL
2007-07-19,4.1987481117248535,4.223041424674057,4.188251401615071,4.20774523461555,732891600,AAPL
2007-07-20,4.31121301651001,4.324109060983143,4.198746422859003,4.24823198033659,1167773600,AAPL
2007-07-23,4.309711456298828,4.355298067699062,4.226635997515953,4.298014686051193,1036490000,AAPL
2007-07-24,4.0454912185668945,4.228736250539514,4.023297342444554,4.165155396315689,1795292800,AAPL
2007-07-25,4.116570472717285,4.149560972989373,4.048790769346007,4.1192693278051475,1496182800,AAPL
2007-07-26,4.378693103790283,4.453670437454587,4.107574232378887,4.375993447278415,2186629200,AAPL
2007-07-27,4.314211368560791,4.466265832771138,4.312112347926898,4.384390013222501,1161098400,AAPL
2007-07-30,4.24163293838501,4.362197286674974,4.185849924023038,4.328607350972092,1106988400,AAPL
2007-07-31,3.9516196250915527,4.303115072720688,3.9444220107231267,4.287818890864005,1762392800,AAPL
2007-08-01,4.048791885375977,4.0601883446977185,3.8319560375114547,4.0080039250291435,1750156800,AAPL
2007-08-02,4.093477725982666,4.107573839762466,4.02329827566908,4.098276002590437,852644800,AAPL
2007-08-03,3.954320192337036,4.07728310331562,3.943823085012922,4.05658920644321,679187600,AAPL
2007-08-06,4.05628776550293,4.05688719955831,3.847850089157231,3.9858092163463636,925170400,AAPL
2007-08-07,4.049690246582031,4.115970759487309,3.977711706184745,4.046990991253597,949936400,AAPL
2007-08-08,4.019099712371826,4.104574551235193,3.9588183300966246,4.101575778305957,808096800,AAPL
2007-08-09,3.79056978225708,3.9888103919179367,3.751581318479812,3.9321272007731825,1125395600,AAPL
2007-08-10,3.748880624771118,3.8313558815923803,3.607923095123706,3.69249737265797,1410749200,AAPL
2007-08-13,3.832554340362549,3.8793402190434594,3.7938654246724264,3.8484491500118905,752911600,AAPL
2007-08-14,3.71978759765625,3.847849019934352,3.7101898482367925,3.847549503201666,739006800,AAPL
2007-08-15,3.5959267616271973,3.7446825564735255,3.5884284278247005,3.681100882268503,992852000,AAPL
2007-08-16,3.510450601577759,3.553937797960305,3.3475997543304974,3.5092513331121937,1866690000,AAPL
2007-08-17,3.6607062816619873,3.7038931645881568,3.5935264190500127,3.6592066954051514,1195062400,AAPL
2007-08-20,3.665505886077881,3.733885842907963,3.6139213014130105,3.7176907058866497,803317200,AAPL
2007-08-21,3.825958013534546,3.8676457294887676,3.628917495743063,3.665206698730156,1303047200,AAPL
2007-08-22,3.9741110801696777,3.981308691023212,3.908730746097727,3.9354229708263264,1061765600,AAPL
2007-08-23,3.9309260845184326,3.999006519935775,3.891638514624287,3.99150818600276,866838000,AAPL
2007-08-24,4.057789325714111,4.0598887474116845,3.893138284961031,3.9147323367074955,911834000,AAPL
2007-08-27,3.966315507888794,4.038594377950752,3.961816748262266,4.000505680626766,707439600,AAPL
2007-08-28,3.8034656047821045,3.971115828887884,3.797767174137249,3.928527958176417,1179365600,AAPL
2007-08-29,4.021198272705078,4.024197845839407,3.885039835873586,3.89523582181931,1166860800,AAPL
2007-08-30,4.08627986907959,4.146262133030132,3.9678153282327098,3.9789118688750285,1435582400,AAPL
2007-08-31,4.153160572052002,4.188250505043161,4.121070213280726,4.183451826969329,876887200,AAPL
2007-09-04,4.323507785797119,4.370593993361621,4.193947137164463,4.196945909251192,1316842800,AAPL
2007-09-05,4.101576328277588,4.37389449803431,4.081781781494139,4.347802487212683,2328222400,AAPL
2007-09-06,4.049091339111328,4.1258681728026705,3.980111955508238,4.0655867921173146,1901261600,AAPL
2007-09-07,3.951918363571167,3.967813976439404,3.8988346166298533,3.959116777368993,1430576000,AAPL
2007-09-10,4.1000752449035645,4.139963040016028,4.01730008159466,4.108472527929077,1487838800,AAPL
2007-09-11,4.063488006591797,4.147762786653162,4.011303184309994,4.135766091680917,971885600,AAPL
2007-09-12,4.104273319244385,4.180750213128721,4.0712832237768595,4.078481237518233,1022770000,AAPL
2007-09-13,4.114772796630859,4.168756729566477,4.09827733895651,4.16365773313426,656163200,AAPL
2007-09-14,4.163056373596191,4.168154566823269,4.084779967312648,4.095876506011107,607320000,AAPL
2007-09-17,4.151059627532959,4.216439990608466,4.12676752996722,4.1684552295925705,793371600,AAPL
2007-09-18,4.226336479187012,4.284219700669234,4.1336644625584755,4.170553879474329,1064089600,AAPL
2007-09-19,4.2218403816223145,4.29351863205848,4.180752101711273,4.289320189236323,1026880400,AAPL
2007-09-20,4.208041191101074,4.2524285305811595,4.178350192958443,4.203242516516909,691840800,AAPL
2007-09-21,4.323208808898926,4.33820427428854,4.208043362418606,4.232935698821324,1138880400,AAPL
2007-09-24,4.447071075439453,4.4941576853882825,4.39818616318026,4.400585100864826,1052161600,AAPL
2007-09-25,4.594027519226074,4.595227588752855,4.403284136056245,4.403884771455034,1192550800,AAPL
2007-09-26,4.581730365753174,4.648610709026856,4.5361445469507915,4.6327158961481745,975268000,AAPL
2007-09-27,4.6336164474487305,4.634215881660637,4.56823607386708,4.611723284098024,658198800,AAPL
2007-09-28,4.602724075317383,4.636614722736813,4.58113083533085,4.601824724039525,615101200,AAPL
2007-10-01,4.688799858093262,4.7208910126417205,4.586530850769035,4.637515595976872,837068400,AAPL
2007-10-02,4.75208044052124,4.756279282135273,4.675303224130379,4.695096962320809,792069600,AAPL
2007-10-03,4.7361860275268555,4.773974810793943,4.708894350958224,4.731987585271151,692518400,AAPL
2007-10-04,4.685800075531006,4.74098325107588,4.603624746325315,4.738584313358633,656958400,AAPL
2007-10-05,4.842053413391113,4.845952338228837,4.729587631076516,4.749681289008309,943471200,AAPL
2007-10-08,5.035796165466309,5.035796165466309,4.887639830977056,4.903235930080085,835928800,AAPL
2007-10-09,5.034295558929443,5.131766261135926,4.9989061248219615,5.104474192230091,1104286400,AAPL
2007-10-10,5.002207279205322,5.0348970685569086,4.966517915978424,5.025000597013945,667590000,AAPL
2007-10-11,4.8654465675354,5.15485910205642,4.594927217829804,5.083180882335972,1643992000,AAPL
2007-10-12,5.016002178192139,5.01690233056194,4.852550845121285,4.888840439858973,988176000,AAPL
2007-10-15,5.007904052734375,5.085580629748334,4.903535637406447,5.037895782128999,1077930000,AAPL
2007-10-16,5.085880279541016,5.103874512550644,4.953019348773561,4.96471652120396,1067830400,AAPL
2007-10-17,5.180952548980713,5.189649749781804,5.073884481273469,5.179153045279051,1127613200,AAPL
2007-10-18,5.203446388244629,5.224139481306297,5.129968649616659,5.143464127681937,823676000,AAPL
2007-10-19,5.1110758781433105,5.237337901898721,5.098479347169167,5.225641123137017,1291780000,AAPL
2007-10-22,5.229238510131836,5.245434044932669,5.097278096625336,5.10897487175927,1649499600,AAPL
2007-10-23,5.583133220672607,5.656311451966989,5.481164125210954,5.65511218299742,1795164000,AAPL
2007-10-24,5.576234817504883,5.614623031967767,5.37559534234098,5.572635809779837,1288481600,AAPL
2007-10-25,5.481761932373047,5.575334515578476,5.44817200017927,5.544443438294768,973602000,AAPL
2007-10-26,5.539346218109131,5.559439877163448,5.484762468602559,5.557040538667732,706876800,AAPL
2007-10-29,5.551041126251221,5.596028313981629,5.539345154178327,5.5618377469846045,540554000,AAPL
2007-10-30,5.608325004577637,5.679403803370465,5.540245378801154,5.58373258669088,939414000,AAPL
2007-10-31,5.696797847747803,5.701896040414634,5.546842430830817,5.6272178487732,833310800,AAPL
2007-11-01,5.62152099609375,5.701297391386681,5.398387343437956,5.6563101995241825,805036400,AAPL
2007-11-02,5.634416580200195,5.681502388356459,5.503055624381646,5.674604691857609,1002114400,AAPL
2007-11-05,5.5837321281433105,5.66710672860899,5.525549377675217,5.557039890913501,804176800,AAPL
2007-11-06,5.751981735229492,5.758279597205282,5.556440088251418,5.609823758323157,954727200,AAPL
2007-11-07,5.587329864501953,5.7786734536059345,5.582231672010807,5.7165913877859635,994327600,AAPL
2007-11-08,5.262528419494629,5.605325864304372,5.03159731789124,5.598428167242867,1890378000,AAPL
2007-11-09,4.95961856842041,5.25203152316576,4.954819891718489,5.132967160464704,1526380800,AAPL
2007-11-12,4.611423969268799,5.029499154709938,4.517551838657087,4.956920355595373,1769065200,AAPL
2007-11-13,5.097277641296387,5.127868803875002,4.611422852533886,4.824059402044467,1739446800,AAPL
2007-11-14,4.981810569763184,5.325508078522896,4.910731793897784,5.313211873545826,1449168000,AAPL
2007-11-15,4.927526950836182,5.086179955078711,4.807562867123553,4.990208447854495,1487410400,AAPL
2007-11-16,4.990210056304932,5.0091044466231445,4.778473238154529,4.957519469572027,1383494000,AAPL
2007-11-19,4.9170308113098145,5.044492840024697,4.8615477215669705,4.981511819006567,1154428800,AAPL
2007-11-20,5.063988208770752,5.152161905408738,4.904435786262794,4.968617296755129,1543642800,AAPL
2007-11-21,5.052291393280029,5.168956016808135,4.938624741409518,4.9737142638252525,1217809600,AAPL
2007-11-23,5.144664764404297,5.159959748010447,5.090980360993218,5.158460161299317,465757600,AAPL
2007-11-26,5.174655437469482,5.316512328969419,5.168956607830179,5.206145955971713,1305754800,AAPL
2007-11-27,5.242733001708984,5.272124089576483,5.0987763342657635,5.255029207788482,1317030400,AAPL
2007-11-28,5.40498685836792,5.416382916203105,5.258929919796925,5.303016967010967,1150912000,AAPL
2007-11-29,5.527050018310547,5.553441540538157,5.372895322659529,5.381293007409068,1050926800,AAPL
2007-11-30,5.464966773986816,5.62931742206136,5.38938962942185,5.618520801530241,1187802000,AAPL
2007-12-03,5.364197254180908,5.522550366193599,5.3294080528256025,5.454170431268309,961469600,AAPL
2007-12-04,5.392688751220703,5.425378530257165,5.30811368826709,5.312912764699046,773799600,AAPL
2007-12-05,5.5633392333984375,5.578334699735212,5.470667179360906,5.485062811027263,892402000,AAPL
2007-12-06,5.696797847747803,5.701296606356965,5.581931947135177,5.584031367819453,899810800,AAPL
2007-12-07,5.827259540557861,5.847953431498249,5.6395149357636525,5.714492650605444,1066066400,AAPL
2007-12-10,5.824560642242432,5.868047853631508,5.778974810420308,5.805966969315793,722377600,AAPL
2007-12-11,5.654509544372559,5.9031357149377,5.620020265247283,5.840754134274908,1110925200,AAPL
2007-12-12,5.724091529846191,5.8326583981639795,5.571136897405054,5.801467396771238,1225660800,AAPL
2007-12-13,5.753182411193848,5.7618808152305,5.63291875669068,5.703997567266668,864617600,AAPL
2007-12-14,5.709994316101074,5.794269066124928,5.684502149218527,5.709394881989845,674312800,AAPL
2007-12-17,5.530348777770996,5.777774975660734,5.487761717050985,5.719892931551862,1024693600,AAPL
2007-12-18,5.487762928009033,5.618224195846374,5.356401907959252,5.593931686958047,1222603200,AAPL
2007-12-19,5.491960525512695,5.537547159751581,5.42538007817093,5.487761682807383,827478400,AAPL
2007-12-20,5.614623069763184,5.633217542710778,5.498258355925884,5.561239389843564,774057200,AAPL
2007-12-21,5.815563678741455,5.815563678741455,5.6950001139409885,5.701897812194842,993960800,AAPL
2007-12-24,5.962218761444092,5.978114376696208,5.84195514000076,5.849152353607368,480202800,AAPL
2007-12-26,5.9667181968688965,6.027000373482235,5.902837413044313,5.968517700686337,703732400,AAPL
2007-12-27,5.955323219299316,6.086983344171761,5.932230382085677,5.966719679217427,795527600,AAPL
2007-12-28,5.993110656738281,6.044994749638162,5.904637052467109,6.015903971859023,699647200,AAPL
2007-12-31,5.940626621246338,6.013204611671341,5.930729349535884,5.98321368006275,539333200,AAPL
2008-01-02,5.843456745147705,6.006008779943458,5.774778059969744,5.976317756841917,1079178800,AAPL
2008-01-03,5.846153736114502,5.919931784524696,5.778973867794964,5.860549765403204,842066400,AAPL
2008-01-04,5.399888038635254,5.788272189134919,5.365098828061367,5.741786202164884,1455832000,AAPL
2008-01-07,5.327610015869141,5.506356750194719,5.105376067136646,5.435877375019171,2072193200,AAPL
2008-01-08,5.135965824127197,5.472165895804847,5.122469946612701,5.402585885948928,1523816000,AAPL
2008-01-09,5.3803935050964355,5.3833922777135745,5.047492505195713,5.137465694300822,1813882000,AAPL
2008-01-10,5.339006423950195,5.428379790264862,5.260729999353734,5.3258104612495325,1482975200,AAPL
2008-01-11,5.179153919219971,5.333908060287572,5.098478158433438,5.278424154304406,1232285600,AAPL
2008-01-14,5.361798286437988,5.380992190380368,5.25353015685238,5.324009512230738,1100450400,AAPL
2008-01-15,5.069687366485596,5.374995633052862,4.938325964428065,5.330009630432714,2343278000,AAPL
2008-01-16,4.787771224975586,5.068786572259106,4.699597526834137,4.955420617747926,2213845200,AAPL
2008-01-17,4.825257301330566,4.959317497541432,4.751179749093928,4.8438521692251655,1757859600,AAPL
2008-01-18,4.839354515075684,4.971015403535214,4.786870190152119,4.849851219890947,1724343600,AAPL
2008-01-22,4.667805194854736,4.797966490362726,4.378692146884712,4.440473504373438,2434754000,AAPL
2008-01-23,4.170855522155762,4.198747036440205,3.7830711759343174,4.084481322575625,3372969600,AAPL
2008-01-24,4.066784858703613,4.2197394621197635,3.959117362368844,4.19844573649797,2005866800,AAPL
2008-01-25,3.8991360664367676,4.1714550064482365,3.887140173611597,4.168456233453788,1554739200,AAPL
2008-01-28,3.8991360664367676,3.99480769635688,3.7923674948695507,3.8436529598959948,1474844000,AAPL
2008-01-29,3.945021867752075,3.982510731298657,3.8703448588213654,3.9333258933084863,1099982800,AAPL
2008-01-30,3.96421480178833,4.062285727740195,3.898834451436095,3.939922308526415,1243051600,AAPL
2008-01-31,4.0595879554748535,4.098275684341818,3.880841254171358,3.8823400397799883,1345674400,AAPL
2008-02-01,4.011303901672363,4.096478048665053,3.9642176663330875,4.085981339110888,1010744000,AAPL
2008-02-04,3.948322296142578,4.075783581533671,3.941423795832453,4.02509874450935,899234000,AAPL
2008-02-05,3.8796420097351074,4.0188004590481645,3.865845811406823,3.911732365868707,1141042000,AAPL
2008-02-06,3.6589081287384033,3.9564197451357237,3.6520104298344314,3.9237291530934444,1573272400,AAPL
2008-02-07,3.6361138820648193,3.742282599036362,3.5170491222376428,3.5980255880690466,2083331600,AAPL
2008-02-08,3.763277530670166,3.7698753124961693,3.6469115912935015,3.6613076252929226,1355972800,AAPL
2008-02-11,3.8823397159576416,3.8982353310640243,3.814860333189987,3.839153231325212,1201432400,AAPL
2008-02-12,3.7446813583374023,3.9288257381188,3.707492021101122,3.9198286213665847,1225980000,AAPL
2008-02-13,3.8808434009552,3.892239863900425,3.767776922178828,3.7992674543246174,968534000,AAPL
2008-02-14,3.822659730911255,3.922830136275514,3.809163048042192,3.8808425028486986,954097200,AAPL
2008-02-15,3.7377827167510986,3.811260843686811,3.7206882337945344,3.7869687469206794,901300400,AAPL
2008-02-19,3.6643052101135254,3.801364603062124,3.642112132410134,3.778571290379709,1005046000,AAPL
2008-02-20,3.7134900093078613,3.736882750871531,3.649308927554187,3.664904622494649,967439200,AAPL
2008-02-21,3.645110845565796,3.792967258110743,3.6247176722834626,3.7803711330750587,938114800,AAPL
2008-02-22,3.582731008529663,3.674203398551011,3.475062681040573,3.673304046916711,1529878000,AAPL
2008-02-25,3.59112811088562,3.604024154531152,3.498755583392086,3.556637620933193,1256774400,AAPL
2008-02-26,3.573432445526123,3.6316155992973846,3.462165933215877,3.528146536151565,1504888000,AAPL
2008-02-27,3.6876986026763916,3.690397457638677,3.54164209796297,3.5458405392507393,1475138000,AAPL
2008-02-28,3.8961360454559326,3.964815493037526,3.7719731086820096,3.8148600735530076,1618254400,AAPL
2008-02-29,3.7494797706604004,3.905132819249612,3.7428815911572273,3.877541233083472,1255480800,AAPL
2008-03-03,3.6508095264434814,3.7782719736813206,3.5389431788964134,3.73208551131432,1593043200,AAPL
2008-03-04,3.737482786178589,3.745280634067947,3.6109209199780405,3.6586065577231315,1785383600,AAPL
2008-03-05,3.733586549758911,3.753081183515011,3.6664066443562535,3.706294462924193,1221836000,AAPL
2008-03-06,3.6268177032470703,3.8238581791396604,3.623218294943952,3.7371840748277467,1473698800,AAPL
2008-03-07,3.6664047241210938,3.688298285526096,3.570433995782862,3.6112211448924083,1230462800,AAPL
2008-03-10,3.589627981185913,3.7026943977307134,3.5800306278416985,3.6583078397845847,999588800,AAPL
2008-03-11,3.8193581104278564,3.823257034294471,3.6589064016908877,3.721887816727165,1163943200,AAPL
2008-03-12,3.779771566390991,3.8592480644707323,3.753979474481376,3.810063219512622,1059629200,AAPL
2008-03-13,3.8370532989501953,3.883839184963152,3.6888973926071995,3.7218878870630965,1262102800,AAPL
2008-03-14,3.7971653938293457,3.9078316435396183,3.724886145362773,3.8952351204227225,1156640800,AAPL
2008-03-17,3.8007638454437256,3.8565476505799436,3.67540204441143,3.67540204441143,1072598800,AAPL
2008-03-18,3.983409881591797,3.988808793415433,3.858947405480742,3.8742427873571237,1205120000,AAPL
2008-03-19,3.888937473297119,4.0274960318197195,3.888937473297119,3.992406916762252,1010536800,AAPL
2008-03-20,3.996906280517578,3.9975057146519544,3.874242515952306,3.9324252668055473,908787600,AAPL
2008-03-24,4.18464994430542,4.224238226671011,4.008003060992852,4.0190992001370764,1066920400,AAPL
2008-03-25,4.228137969970703,4.291718847561707,4.118670938317177,4.197546800171983,1052391200,AAPL
2008-03-26,4.35050106048584,4.370895038394351,4.217940804716023,4.224838502845886,1182084400,AAPL
2008-03-27,4.206243515014648,4.357998046392229,4.198445666170903,4.347201425339856,999829600,AAPL
2008-03-28,4.28902006149292,4.338204906837412,4.246732915004624,4.252731262204543,714610400,AAPL
2008-03-31,4.303713798522949,4.36999430588646,4.274322710473449,4.296816102572803,768065200,AAPL
2008-04-01,4.484560489654541,4.488459414564651,4.307014252677766,4.387689604045158,1032567200,AAPL
2008-04-02,4.4233784675598145,4.5346453711694785,4.374193637424529,4.462066593764802,1044968400,AAPL
2008-04-03,4.546942234039307,4.6075243294853285,4.408683557297195,4.4104830611600745,1051568000,AAPL
2008-04-04,4.591027736663818,4.639912640167231,4.521148628474382,4.564335505415099,854417200,AAPL
2008-04-07,4.675303936004639,4.789269708487507,4.651910786730988,4.6825011504488385,1158326400,AAPL
2008-04-08,4.583831310272217,4.692099467826272,4.568236409449312,4.6051258418226215,1014294400,AAPL
2008-04-09,4.541841983795166,4.6153201028559625,4.512450896340262,4.597925704503905,873398400,AAPL
2008-04-10,4.635115623474121,4.661207626962618,4.516650695985773,4.5325463124201875,955763200,AAPL
2008-04-11,4.412883281707764,4.597627977230808,4.390689396296047,4.5802335705934,1210076000,AAPL
2008-04-14,4.432076930999756,4.476163981003425,4.334906511681673,4.4017864796452955,845087600,AAPL
2008-04-15,4.450069427490234,4.490257528927762,4.370293459401107,4.480659778705012,698037200,AAPL
2008-04-16,4.609624862670898,4.621620757136661,4.517252310877609,4.5502420217178114,795774000,AAPL
2008-04-17,4.633317470550537,4.678604193879965,4.599128090655079,4.623720114433578,704267200,AAPL
2008-04-18,4.829758644104004,4.866347357686117,4.74998223472546,4.772175316657882,1026765600,AAPL
2008-04-21,5.043293476104736,5.053490664065611,4.85135121368938,4.864846691025647,1039152800,AAPL
2008-04-22,4.804564476013184,5.038494317637252,4.741282739124581,5.020499283210037,1439572400,AAPL
2008-04-23,4.88524055480957,4.943723219536297,4.8309567317442,4.920030556722946,1504190800,AAPL
2008-04-24,5.066685199737549,5.097876191476359,4.77427310583925,4.958718199486971,1696066400,AAPL
2008-04-25,5.09037971496582,5.131466779375241,4.991108700015264,5.119470889389203,992474000,AAPL
2008-04-28,5.165657043457031,5.210942946986044,5.072384379426519,5.090978848697281,787214400,AAPL
2008-04-29,5.249932289123535,5.268226042035102,5.105974796883107,5.131766882260243,923476400,AAPL
2008-04-30,5.21694278717041,5.398388372657864,5.186051701668075,5.284122669431289,1139524400,AAPL
2008-05-01,5.398387432098389,5.398387432098389,5.244233550478721,5.247232322923438,903576800,AAPL
2008-05-02,5.426580429077148,5.4559715286896555,5.35490218415567,5.40408702812847,1006082000,AAPL
2008-05-05,5.5402445793151855,5.55763937987619,5.4298774307820645,5.455969831835358,854557200,AAPL
2008-05-06,5.5981268882751465,5.611922279042572,5.463767182026887,5.538144247320229,918870400,AAPL
2008-05-07,5.476064682006836,5.644315097262353,5.414583232325039,5.579834073919016,1157133600,AAPL
2008-05-08,5.55014181137085,5.593328695011654,5.490459478631893,5.511452885727849,899085600,AAPL
2008-05-09,5.501860618591309,5.525853216933252,5.4394789819697085,5.493163411808923,673072400,AAPL
2008-05-12,5.64311408996582,5.6644078159932185,5.483861621306667,5.554640896689888,818563200,AAPL
2008-05-13,5.697099685668945,5.741786168314588,5.6341186456018955,5.656611244960048,823236400,AAPL
2008-05-14,5.586132526397705,5.765478687420029,5.565438630781062,5.735187837541698,916823600,AAPL
2008-05-15,5.6902008056640625,5.695299800555873,5.524350130601294,5.602627350282503,873208000,AAPL
2008-05-16,5.626918792724609,5.707295418519406,5.608324322707657,5.7015965900575925,765769200,AAPL
2008-05-19,5.506355285644531,5.659009570639071,5.437375515548751,5.634117238340929,945820400,AAPL
2008-05-20,5.5753350257873535,5.583132074395365,5.401986437864159,5.452970774915504,969850000,AAPL
2008-05-21,5.344105243682861,5.636817776283623,5.285922477820853,5.5684378203055,1157657200,AAPL
2008-05-22,5.309913635253906,5.438275025810553,5.158459014901703,5.376194151884842,1206735600,AAPL
2008-05-23,5.43347692489624,5.458069741862066,5.332407202313028,5.421480233486759,906917200,AAPL
2008-05-27,5.591230392456055,5.591230392456055,5.453571948081222,5.480863623018407,789905200,AAPL
2008-05-28,5.608624458312988,5.636815879476564,5.509954083816901,5.620620347683172,743979600,AAPL
2008-05-29,5.599026679992676,5.644313381269136,5.563337330159616,5.601126100620919,647186400,AAPL
2008-05-30,5.660810470581055,5.684503942179534,5.6197229932573665,5.621822414791409,610184400,AAPL
2008-06-02,5.581333637237549,5.687801075710025,5.53424702140129,5.656310559950357,679840000,AAPL
2008-06-03,5.559438705444336,5.644313685147229,5.468566181613506,5.6041251742378675,750520400,AAPL
2008-06-04,5.554040908813477,5.611023988021532,5.495258726434939,5.518951389576326,726983600,AAPL
2008-06-05,5.6812028884887695,5.69349949694955,5.569336546188849,5.588530851655244,755445600,AAPL
2008-06-06,5.567537307739258,5.696798858409781,5.564838452518512,5.638316187385993,966422800,AAPL
2008-06-09,5.44667387008667,5.54654434201472,5.270926713812566,5.54204598234622,1888392800,AAPL
2008-06-10,5.567537307739258,5.601726677963727,5.368996063467471,5.413683339822843,1140941200,AAPL
2008-06-11,5.4226789474487305,5.57833237576282,5.386090249067368,5.528546919706442,961550800,AAPL
2008-06-12,5.1962480545043945,5.476364797752913,5.134466694295041,5.443074378898254,1308333600,AAPL
2008-06-13,5.169556140899658,5.223240138054636,4.957820126223459,5.147662978143084,1345957200,AAPL
2008-06-16,5.303616046905518,5.335406481311762,5.070585900081861,5.13746585934519,1051730400,AAPL
2008-06-17,5.4412760734558105,5.458071045015392,5.320711698546587,5.3414055957451465,899656800,AAPL
2008-06-18,5.360898971557617,5.464368032954859,5.3189117526793295,5.431977366406287,811468000,AAPL
2008-06-19,5.425379753112793,5.468567446499045,5.302417256494706,5.354901585895502,791949200,AAPL
2008-06-20,5.256530284881592,5.428378890108358,5.248432517943544,5.378893337445317,888367200,AAPL
2008-06-23,5.193249702453613,5.274825210036004,5.145263732888771,5.240635036541001,645780800,AAPL
2008-06-24,5.195948600769043,5.2718256799915135,5.147363196596526,5.16955627724809,621947200,AAPL
2008-06-25,5.3201117515563965,5.363299045932614,5.214843171990993,5.236736336083375,644450800,AAPL
2008-06-26,5.046294212341309,5.243635431929598,5.03879627828929,5.220542195473093,869610000,AAPL
2008-06-27,5.101177215576172,5.115572846633806,4.923030330231752,4.993809216653476,1042249600,AAPL
2008-06-30,5.021700382232666,5.158459468531836,4.997107563896573,5.104175638150169,684196800,AAPL
2008-07-01,5.238834381103516,5.24003405010012,4.918530367057777,4.9254280633646905,1111280800,AAPL
2008-07-02,5.043894290924072,5.321910824190481,5.043894290924072,5.254431032567496,837519200,AAPL
2008-07-03,5.102076053619385,5.163558297702188,4.971015400255037,5.086181237972517,523362000,AAPL
2008-07-07,5.253231048583984,5.312313156668575,5.15546080897077,5.193249588997466,820391600,AAPL
2008-07-08,5.384891986846924,5.389390746510524,5.18065310320321,5.260429506209809,888350400,AAPL
2008-07-09,5.225937843322754,5.42567790719834,5.2226391543190465,5.404384184955184,895776000,AAPL
2008-07-10,5.2973175048828125,5.3186108305803454,5.139564621899035,5.2460328520810915,840688800,AAPL
2008-07-11,5.17585563659668,5.311715417753174,5.128470288421085,5.262530565152112,930011600,AAPL
2008-07-14,5.214839458465576,5.3773905302192935,5.19084689016289,5.375591828379851,886054400,AAPL
2008-07-15,5.087680339813232,5.210644034774441,4.990210016709237,5.1728552544378585,1040043200,AAPL
2008-07-16,5.1827521324157715,5.186350739450849,5.056490157462221,5.1044749214600476,747790400,AAPL
2008-07-17,5.152760982513428,5.247833164479492,5.140164455971647,5.221440442201476,757526000,AAPL
2008-07-18,4.9530205726623535,5.0879809573950645,4.948522213510174,5.054090301923902,868414400,AAPL
2008-07-21,4.987211227416992,5.023500020654181,4.832157181544169,5.005504982055112,1360469600,AAPL
2008-07-22,4.859150409698486,4.881343494680138,4.3945884047606825,4.468666795378566,1879592400,AAPL
2008-07-23,4.98630952835083,5.04959045943375,4.845351639771265,4.948220842644889,1061768400,AAPL
2008-07-24,4.769474983215332,4.95631902027899,4.752080183606912,4.928126799537515,839619200,AAPL
2008-07-25,4.862148284912109,4.888540608707341,4.758078976758187,4.8105633066043225,633637200,AAPL
2008-07-28,4.630615711212158,4.8726428776818285,4.619218457545507,4.868743954203904,780712800,AAPL
2008-07-29,4.710992336273193,4.782071121127206,4.608123124527418,4.660906957569438,684070800,AAPL
2008-07-30,4.794968128204346,4.813262683278653,4.681002355936708,4.731987096217446,725183200,AAPL
2008-07-31,4.767077922821045,4.8645486704752345,4.7079957996275885,4.724790772776191,637498400,AAPL
2008-08-01,4.698396682739258,4.798267541411115,4.671105009432342,4.795567484878278,544639200,AAPL
2008-08-04,4.595525741577148,4.735584264836685,4.58592839160035,4.696595430979423,592527600,AAPL
2008-08-05,4.817759990692139,4.82255826567416,4.643212177050894,4.661206408974627,688371600,AAPL
2008-08-06,4.924232006072998,5.020502702867407,4.738587112017876,4.797669246936137,791408800,AAPL
2008-08-07,4.905635356903076,4.98301242175402,4.843553674550276,4.879842468054564,672372400,AAPL
2008-08-08,5.084980487823486,5.087980060769072,4.911032485782114,4.914331575556333,713997200,AAPL
2008-08-11,5.205244064331055,5.293417726929909,5.088579066021208,5.100575755098286,891304400,AAPL
2008-08-12,5.300317287445068,5.377093710407621,5.20374592310859,5.204045840395716,836278800,AAPL
2008-08-13,5.37739372253418,5.398387532579641,5.275424646078266,5.3378062416298215,842346400,AAPL
2008-08-14,5.377995014190674,5.411884874044931,5.333608447463143,5.348303997255206,711300800,AAPL
2008-08-15,5.270627021789551,5.390890667535566,5.2499331264767095,5.369597337987367,708251600,AAPL
2008-08-18,5.260128974914551,5.332706953564137,5.21304276344559,5.265527085457135,552014400,AAPL
2008-08-19,5.204346656799316,5.310514992242128,5.152761675348929,5.23463710676125,616204400,AAPL
2008-08-20,5.273625373840332,5.306615476607085,5.20674501596644,5.241535022990325,506951200,AAPL
2008-08-21,5.227138519287109,5.261927319226841,5.155159979669631,5.232536229038348,539744800,AAPL
2008-08-22,5.302116394042969,5.3234097189868255,5.265526888177748,5.273024819794307,439611200,AAPL
2008-08-25,5.174953460693359,5.285321003105987,5.14826122670603,5.282920864334309,484425200,AAPL
2008-08-26,5.207644939422607,5.244833482409376,5.176753858729001,5.181252618115006,445550000,AAPL
2008-08-27,5.238534927368164,5.271225509994592,5.164157445115456,5.1977473791453495,477780800,AAPL
2008-08-28,5.210644721984863,5.285922375275105,5.180953705128999,5.256831193120317,431384800,AAPL
2008-08-29,5.0843825340271,5.203446914851054,5.0696869848142665,5.187251778940617,599289600,AAPL
2008-09-02,4.984210968017578,5.203445686363674,4.948521613887915,5.170455587652428,780763200,AAPL
2008-09-03,5.007305145263672,5.058890128526288,4.91853201236072,5.00370613706995,734834800,AAPL
2008-09-04,4.835153579711914,5.035794157321975,4.82285737646477,4.974311939815911,743386000,AAPL
2008-09-05,4.803964138031006,4.870544562712443,4.728086679518545,4.756278899516267,786884000,AAPL
2008-09-08,4.7361860275268555,4.945224004832803,4.542444234690907,4.935626650137071,1045979200,AAPL
2008-09-09,4.549042224884033,4.797367782704309,4.492359447799577,4.704395807354611,1245025600,AAPL
2008-09-10,4.546942234039307,4.64831188243967,4.4626678723363025,4.56823596265974,973142800,AAPL
2008-09-11,4.578134059906006,4.588331250302133,4.378693417113245,4.444073800899422,971135200,AAPL
2008-09-12,4.4668660163879395,4.525948521341665,4.393687799205268,4.525948521341665,793027200,AAPL
2008-09-15,4.209543228149414,4.429377830466071,4.209543228149414,4.259628622439757,920634400,AAPL
2008-09-16,4.19514799118042,4.273724738951708,3.96331747445086,4.014601742064055,1199836400,AAPL
2008-09-17,3.8337552547454834,4.15405973201038,3.8337552547454834,4.153459496970838,1200455200,AAPL
2008-09-18,4.021500587463379,4.061688316472035,3.61932017659665,3.915931668249832,1676253600,AAPL
2008-09-19,4.226037502288818,4.324708285578473,4.088078756475433,4.276722321485778,1430875600,AAPL
2008-09-22,3.930325984954834,4.206243885036838,3.918630011507488,4.196946449059094,856713200,AAPL
2008-09-23,3.804063558578491,4.072783011438859,3.798664647581847,3.954318899473839,1280364400,AAPL
2008-09-24,3.860147714614868,3.927327592288708,3.753379551731924,3.8169604215824533,1047015200,AAPL
2008-09-25,3.9567198753356934,4.0424946524882515,3.8544504415599845,3.8928386685841128,1006045600,AAPL
2008-09-26,3.84605073928833,3.892836629242348,3.688897703345607,3.746180296676476,1126451200,AAPL
2008-09-29,3.156857967376709,3.5893287778874567,3.0167995673261534,3.587529273777457,2622057200,AAPL
2008-09-30,3.408782958984375,3.4489706830976132,3.1880487920203677,3.2465306738566864,1626682400,AAPL
2008-10-01,3.2726223468780518,3.3697931390994307,3.220737660609914,3.3565973799521958,1296484000,AAPL
2008-10-02,3.0021040439605713,3.262726018287048,2.9991052708411927,3.239333265498411,1609364400,AAPL
2008-10-03,2.9112305641174316,3.194045551499134,2.8386519839029773,3.1190686341057714,2294398400,AAPL
2008-10-06,2.9433207511901855,2.962514855408137,2.625416060105059,2.7579762871096745,2107417200,AAPL
2008-10-07,2.674001693725586,3.044090820331803,2.667703430634466,3.013499657169981,1878772000,AAPL
2008-10-08,2.6928954124450684,2.8890364808293185,2.569632030496501,2.57652972654044,2207741200,AAPL
2008-10-09,2.661405563354492,2.873142380610274,2.5972242596251345,2.799664441053246,1617383600,AAPL
2008-10-10,2.9031319618225098,2.9991034549748017,2.5492373060616296,2.570231107728393,2219299600,AAPL
2008-10-13,3.3068130016326904,3.3149107705254934,3.029695761858507,3.135564590079147,1539076000,AAPL
2008-10-14,3.1214675903320312,3.490957248556227,3.093275567890231,3.4867584068844155,1980994400,AAPL
2008-10-15,2.937621831893921,3.2090413223860774,2.9358223284922293,3.114268878046074,1584175600,AAPL
2008-10-16,3.055788040161133,3.1019743085040075,2.7513789537891276,2.9922065664590383,1980521200,AAPL
2008-10-17,2.9211268424987793,3.0602858484455417,2.575930484985034,2.987107638668292,1762227600,AAPL
2008-10-20,2.952317714691162,3.000003759460789,2.808361230060751,2.992505627548239,1549170000,AAPL
2008-10-21,2.7438814640045166,2.936124515824729,2.7339841896676815,2.9076327628545804,2193660000,AAPL
2008-10-22,2.9052324295043945,3.0365928039694197,2.787068015882631,2.920227894156778,2248808800,AAPL
2008-10-23,2.9460198879241943,2.9766110512866515,2.756177047158749,2.894435715391174,1675430400,AAPL
2008-10-24,2.8905370235443115,2.9361236547580094,2.7024928705292015,2.7090906510617465,1590058400,AAPL
2008-10-27,2.761875867843628,2.9280260669770333,2.754977368724076,2.8512486308014813,1208771200,AAPL
2008-10-28,2.9964048862457275,3.014100207245006,2.7702730470706816,2.862045138570679,1634133200,AAPL
2008-10-29,3.135563850402832,3.285218977119516,2.9973051804972197,3.024896770849762,1950978400,AAPL
2008-10-30,3.330204963684082,3.3646950501235993,3.2273357401904748,3.2459302109452506,1638089600,AAPL
2008-10-31,3.226735830307007,3.322407631616606,3.153257905605427,3.2210374025292725,1659756000,AAPL
2008-11-03,3.2078418731689453,3.272023172511288,3.1448606434166044,3.1769509927700605,1057938000,AAPL
2008-11-04,3.3287055492401123,3.352698127468625,3.199144105196653,3.2987140256073717,1398681200,AAPL
2008-11-05,3.0980758666992188,3.290617819740916,3.0887782276890756,3.2663255129725175,1256455200,AAPL
2008-11-06,2.972111940383911,3.0824784801821274,2.9391216450213244,3.03059460020047,1319074400,AAPL
2008-11-07,2.946320056915283,2.994605747277641,2.8707426896402763,2.9763117907174963,1095253600,AAPL
2008-11-10,2.8755416870117188,3.0111009164033375,2.834153896370102,3.0042032182455154,1123822000,AAPL
2008-11-11,2.8422510623931885,2.9142292041439286,2.766973430291548,2.843450130822287,1224538000,AAPL
2008-11-12,2.7027924060821533,2.796364800541823,2.6994939164611,2.772071699774005,1178976400,AAPL
2008-11-13,2.892336130142212,2.892336130142212,2.579829358644287,2.695294698558859,1854087200,AAPL
2008-11-14,2.7063913345336914,2.818858106613439,2.699193920806863,2.81195960909274,1405266800,AAPL
2008-11-17,2.6434102058410645,2.715689068068558,2.6170186868303285,2.653607393222566,1162526400,AAPL
2008-11-18,2.6964938640594482,2.7288847260664153,2.6050217077688793,2.688396899351872,1209695200,AAPL
2008-11-19,2.587928295135498,2.746580602427789,2.585529156042586,2.682400278143214,1171900800,AAPL
2008-11-20,2.4139788150787354,2.5927252863050647,2.399283070478418,2.5564363011953066,1716814400,AAPL
2008-11-21,2.4766602516174316,2.522846508193102,2.373491117624433,2.4571654296767518,1569271200,AAPL
2008-11-24,2.7876675128936768,2.842850691959381,2.5444399990663253,2.5555365382520914,1442257600,AAPL
2008-11-25,2.7231862545013428,2.840451300398591,2.6440096995620657,2.8380521625305746,1235292800,AAPL
2008-11-26,2.8491482734680176,2.8566464040547803,2.694694911978119,2.6967943324831203,899836000,AAPL
2008-11-28,2.779271125793457,2.841952461973891,2.7549780161931205,2.8401529575433564,297774400,AAPL
2008-12-01,2.667102813720703,2.767273179656251,2.666803096662877,2.7381818051383746,923767600,AAPL
2008-12-02,2.7732715606689453,2.778670271803265,2.5942253530648567,2.7000933476358093,1148722400,AAPL
2008-12-03,2.876141309738159,2.88603858157562,2.6632052120762513,2.6811994509333865,1338680000,AAPL
2008-12-04,2.741480827331543,2.8554465756821394,2.671001477130796,2.8320536315737677,1091370000,AAPL
2008-12-05,2.819157838821411,2.8338535846781205,2.665003567124179,2.709690639227716,1043795200,AAPL
2008-12-08,2.9907073974609375,3.0230972662565714,2.8731424125655725,2.9175291741902876,1185142000,AAPL
2008-12-09,3.000903606414795,3.1070723347124036,2.9154297736642394,2.940322510597981,1203496000,AAPL
2008-12-10,2.9454195499420166,2.9838079530912447,2.894135306951938,2.9352225646610184,938047600,AAPL
2008-12-11,2.8491482734680176,3.036292210969415,2.8440500812365332,2.9196274175107404,1040617200,AAPL
2008-12-12,2.94722056388855,2.969113529651329,2.7750718068746973,2.783169575425314,1041174400,AAPL
2008-12-15,2.8416528701782227,2.885439011346479,2.789168523242885,2.87884122856714,891758000,AAPL
2008-12-16,2.8620455265045166,2.893536046581261,2.7816696809309156,2.8185591135897687,1093506400,AAPL
2008-12-17,2.674001693725586,2.7321836458778423,2.6398111226595056,2.730084224847469,1293860400,AAPL
2008-12-18,2.6820991039276123,2.7240865210273655,2.6524072939439316,2.6784998964450657,857416000,AAPL
2008-12-19,2.6991939544677734,2.7273851766790154,2.663204683055102,2.697394250642986,801920000,AAPL
2008-12-22,2.571432590484619,2.700093924924144,2.53994187067249,2.699794007586547,844740400,AAPL
2008-12-23,2.5906262397766113,2.63531271387834,2.5762304103381957,2.605321786287601,635031600,AAPL
2008-12-24,2.5504398345947266,2.5867288464288056,2.5357442793839358,2.583430154771408,271334000,AAPL
2008-12-26,2.57353138923645,2.6218170716050744,2.5564367044347507,2.5984241237475927,308324800,AAPL
2008-12-29,2.597524404525757,2.627815855489658,2.5513381354754165,2.5948253486922352,686000000,AAPL
2008-12-30,2.587928295135498,2.640712558569822,2.5408418619144078,2.621818161968279,967601600,AAPL
2008-12-31,2.5597355365753174,2.6314139761833077,2.5594358194586397,2.578330210731262,607541200,AAPL
2009-01-02,2.7216873168945312,2.730385520782198,2.5540381211488166,2.5756313697549302,746015200,AAPL
2009-01-05,2.836552143096924,2.8845378996937687,2.7804686211456784,2.794265014183467,1181608400,AAPL
2009-01-06,2.7897675037384033,2.914229999769285,2.770873111238031,2.8776412845842407,1289310400,AAPL
2009-01-07,2.729485034942627,2.77417151716637,2.7069916349494685,2.7534784220539255,753048800,AAPL
2009-01-08,2.780169725418091,2.7936662052075554,2.7003935191545674,2.7120904950003477,673500800,AAPL
2009-01-09,2.7165887355804443,2.8005637807051778,2.7033929745395913,2.79546558684479,546845600,AAPL
2009-01-12,2.659006118774414,2.72888504253683,2.6257159016020175,2.7129894268268,617716400,AAPL
2009-01-13,2.630513906478882,2.691395706063074,2.5897265624191514,2.646409520550471,798397600,AAPL
2009-01-14,2.5591349601745605,2.6167174643595703,2.540840210080983,2.586426826388225,1021664000,AAPL
2009-01-15,2.50065279006958,2.5228464665365373,2.400782947768436,2.416378044258686,1831634000,AAPL
2009-01-16,2.469162940979004,2.530644397487914,2.4112806929670447,2.528245258843036,1047625600,AAPL
2009-01-20,2.345299243927002,2.4592650059672314,2.345299243927002,2.4571655850329206,919914800,AAPL
2009-01-21,2.4841578006744385,2.485657587304835,2.3785895195590543,2.380988657616996,1089270000,AAPL
2009-01-22,2.6500089168548584,2.6991947630421134,2.573831909869772,2.6404121620128,1409528400,AAPL
2009-01-23,2.6500089168548584,2.695295637167474,2.594226090047867,2.6038226446780706,763770000,AAPL
2009-01-26,2.688396692276001,2.72828488164437,2.6482079850526805,2.665003149142147,692238400,AAPL
2009-01-27,2.721087694168091,2.7456807170513353,2.691396676888493,2.7048923572197574,618038400,AAPL
2009-01-28,2.8251569271087646,2.8491495139074368,2.7441808454980907,2.7627753205000927,861406000,AAPL
2009-01-29,2.7891674041748047,2.8293553210465796,2.777170712255149,2.7918662594330987,592729200,AAPL
2009-01-30,2.7030932903289795,2.8077612296914007,2.6994940823434592,2.7771708648859463,651478800,AAPL
2009-02-02,2.744480609893799,2.7591761596563846,2.6662041834690213,2.6722025304838315,558247200,AAPL
2009-02-03,2.7885665893554688,2.8005632796420996,2.707591332462156,2.7567761609430455,599309200,AAPL
2009-02-04,2.805661678314209,2.8866379479824658,2.792166200636312,2.795765408454838,808421600,AAPL
2009-02-05,2.8929359912872314,2.9166286570220206,2.7777703514141594,2.7822689106799485,749246400,AAPL
2009-02-06,2.9907073974609375,2.9991048820811903,2.9091316895700348,2.9097311237772456,687209600,AAPL
2009-02-09,3.0743815898895264,3.089077137272778,2.9841084840511125,2.9991047495838146,715010800,AAPL
2009-02-10,2.9340243339538574,3.0743818387098165,2.9109313004523463,3.038992995670997,849060800,AAPL
2009-02-11,2.9037327766418457,2.9484192553574426,2.8722422593778205,2.89023729829858,674973600,AAPL
2009-02-12,2.9772098064422607,2.9916056319961157,2.874040690996431,2.874040690996431,817188400,AAPL
2009-02-13,2.973912239074707,2.997305187555047,2.942721440889107,2.9688132446130258,608977600,AAPL
2009-02-17,2.835052728652954,2.9103303629072084,2.8275553974209555,2.9052321696609775,678238400,AAPL
2009-02-18,2.8302547931671143,2.8746413538910973,2.7807700385835767,2.850648970088093,684779200,AAPL
2009-02-19,2.718388557434082,2.8266557081555246,2.7024929392716373,2.8002639847185478,922804400,AAPL
2009-02-20,2.7351832389831543,2.771172312990786,2.669202435753285,2.68119912744218,750316000,AAPL
2009-02-23,2.6077208518981934,2.7591754724893964,2.5945250923875363,2.7486787682513603,786982000,AAPL
2009-02-24,2.706691026687622,2.725885331053347,2.6092205191827045,2.6227161953523135,807105600,AAPL
2009-02-25,2.733982801437378,2.786767036493682,2.6767002080267708,2.6949949601783243,833053200,AAPL
2009-02-26,2.674900770187378,2.786767104911879,2.6680030736488654,2.7591753176988862,629868400,AAPL
2009-02-27,2.678499937057495,2.7381818735079597,2.6293143044586746,2.637112153663532,706658400,AAPL
2009-03-02,2.6374125480651855,2.7351838036062732,2.6293149797154136,2.6428112606514533,770929600,AAPL
2009-03-03,2.6503074169158936,2.7213863967978567,2.6356118735130445,2.6671023808653676,724340400,AAPL
2009-03-04,2.734283208847046,2.782268976687514,2.682699033974569,2.7045921964377175,741403600,AAPL
2009-03-05,2.6644039154052734,2.755276444081751,2.6527079429273552,2.7129893110233434,706899200,AAPL
2009-03-06,2.558237314224243,2.6512095114859617,2.469163442761368,2.649409806765824,1011147200,AAPL
2009-03-09,2.4925551414489746,2.6272147907263648,2.4763606101160294,2.524646088754489,698297600,AAPL
2009-03-10,2.6581063270568848,2.6743016620293556,2.5300444351392253,2.545339617733357,844258800,AAPL
2009-03-11,2.779569625854492,2.821257326059919,2.686597673530516,2.6934953704033964,846372800,AAPL
2009-03-12,2.889636754989624,2.8965352534083006,2.7591757308694116,2.786167887817669,768457200,AAPL
2009-03-13,2.8770406246185303,2.915130124840707,2.8494490316041245,2.888137966051805,601168400,AAPL
2009-03-16,2.8617453575134277,2.920827667235581,2.8245562109945297,2.8950355789274314,797244000,AAPL
2009-03-17,2.988908290863037,2.989807642505224,2.8512488275356587,2.8563478229994184,786646000,AAPL
2009-03-18,3.044689893722534,3.103472270259798,2.9907065933655224,2.996404219979524,796037200,AAPL
2009-03-19,3.047689914703369,3.0950752430754163,3.006601848129248,3.0545876116945037,500180800,AAPL
2009-03-20,3.046790361404419,3.0923769989076386,3.016199992203407,3.0617858288592092,695587200,AAPL
2009-03-23,3.2288358211517334,3.2438312859487572,3.0515890989035257,3.080379958856284,666397200,AAPL
2009-03-24,3.1940457820892334,3.2822194665803464,3.160756363117426,3.1898471400815605,640612000,AAPL
2009-03-25,3.1937460899353027,3.2498294244626056,3.114870041383325,3.2264366756186456,646618000,AAPL
2009-03-26,3.295116901397705,3.2984153916686063,3.2264372285552962,3.2339343615862024,616252000,AAPL
2009-03-27,3.204542636871338,3.2549275414394407,3.1910469591570507,3.2459304229632493,492872800,AAPL
2009-03-30,3.1337640285491943,3.149358925492844,3.0773807839608325,3.134363662867818,502796000,AAPL
2009-03-31,3.1526596546173096,3.2225386029623926,3.149060445808773,3.1625561274106553,570080000,AAPL
2009-04-01,3.2597267627716064,3.2690235981727893,3.1157692658151968,3.1217676116452697,589372000,AAPL
2009-04-02,3.3802897930145264,3.4414717134666666,3.292416036971625,3.3032128582403435,812366800,AAPL
2009-04-03,3.478661060333252,3.4828599025114477,3.404583489736081,3.4246771478844753,636241200,AAPL
2009-04-06,3.552438497543335,3.5614356145115673,3.3973844845465933,3.447169946600724,658064400,AAPL
2009-04-07,3.4489707946777344,3.4990561935043036,3.424677888672743,3.49485735041786,536580800,AAPL
2009-04-08,3.4885590076446533,3.5026543225574036,3.4363745888675066,3.461866763331028,455630000,AAPL
2009-04-09,3.5860280990600586,3.598924139047419,3.5377422276710044,3.551538820161985,530756800,AAPL
2009-04-13,3.6055216789245605,3.6283149856263934,3.5689329819149154,3.599223417745193,389236400,AAPL
2009-04-14,3.548241138458252,3.6040249687453025,3.5164506979064725,3.5860299264438495,454622000,AAPL
2009-04-15,3.5281450748443604,3.5464392212226703,3.4717618486009325,3.514948319045337,412882400,AAPL
2009-04-16,3.64241361618042,3.693397973623679,3.5626371876943255,3.5746338839621736,593446000,AAPL
2009-04-17,3.7014946937561035,3.7263874310278315,3.6064233053409795,3.634314815405359,497495600,AAPL
2009-04-20,3.613921642303467,3.688599470315928,3.573733513107594,3.6508106802271225,466466000,AAPL
2009-04-21,3.65170955657959,3.663106816278183,3.5569380767305363,3.5656352794376804,470685600,AAPL
2009-04-22,3.6442108154296875,3.7593766242088207,3.634912981279792,3.677800742884388,938767200,AAPL
2009-04-23,3.7608773708343506,3.8148616971977996,3.7041941885340854,3.7974668899646806,945156800,AAPL
2009-04-24,3.7158899307250977,3.753078869808929,3.687998426624012,3.738083407357108,540764000,AAPL
2009-04-27,3.7407829761505127,3.748880743648622,3.6787012932692926,3.685899709246819,480690000,AAPL
2009-04-28,3.7158899307250977,3.785169215515125,3.6966956266681668,3.699394481562163,455856800,AAPL
2009-04-29,3.7530789375305176,3.8043631877954573,3.7137905769352018,3.7443817373294284,458110800,AAPL
2009-04-30,3.773772954940796,3.8088620746096593,3.7464812839460366,3.7854689277401548,498489600,AAPL
2009-05-01,3.816059112548828,3.837352833057887,3.772871837138244,3.772871837138244,397516000,AAPL
2009-05-04,3.960916042327881,3.966314151610192,3.8292551919116655,3.846050155017368,609358400,AAPL
2009-05-05,3.9801113605499268,3.984609719364555,3.9324253134718377,3.951319701848822,398255200,AAPL
2009-05-06,3.973813056945801,4.003803984046547,3.9054331184952775,3.998705790718999,473538800,AAPL
2009-05-07,3.870643377304077,3.970513014523064,3.8358533781440705,3.9687135110963285,531776000,AAPL
2009-05-08,3.8745436668395996,3.935725603639349,3.7866698873171174,3.870044506263644,467964000,AAPL
2009-05-11,3.885938882827759,3.927626579393873,3.8124607588655786,3.819959090478571,404658800,AAPL
2009-05-12,3.7314863204956055,3.8901394098168267,3.6963971885963023,3.885640649153941,609481600,AAPL
2009-05-13,3.583629608154297,3.719489337437124,3.580330117543638,3.695196036968911,595971600,AAPL
2009-05-14,3.6873979568481445,3.704793558988345,3.589927646746097,3.592326584490312,447826400,AAPL
2009-05-15,3.671504259109497,3.7374844770993065,3.647211353194766,3.6685046850637524,367567200,AAPL
2009-05-18,3.798365354537964,3.7998653414783354,3.6460113686740137,3.710792304926072,458841600,AAPL
2009-05-19,3.8223602771759033,3.8781433163546923,3.771075198510325,3.803465879884321,372422400,AAPL
2009-05-20,3.7749722003936768,3.875142566837814,3.7578773163620602,3.827756438844245,388584000,AAPL
2009-05-21,3.724287986755371,3.8022644877791794,3.685599853775073,3.753379566350111,407946000,AAPL
2009-05-22,3.6739022731781006,3.724287170588,3.6514088795478266,3.720388246285334,297998400,AAPL
2009-05-26,3.922227621078491,3.923727607721798,3.735383582756734,3.741681844879685,636927200,AAPL
2009-05-27,3.990307569503784,4.048189588721719,3.926126087626484,3.952218884808801,646422000,AAPL
2009-05-28,4.050890922546387,4.060487876787203,3.959717654928414,4.00230471498107,487552800,AAPL
2009-05-29,4.073081970214844,4.075780824442717,4.014299403522573,4.060485848932028,456534400,AAPL
2009-06-01,4.179251194000244,4.1984450953898005,4.0787809265981165,4.092877036053128,452499600,AAPL
2009-06-02,4.183450698852539,4.2389337974245995,4.149260527220007,4.168455634762886,456223600,AAPL
2009-06-03,4.227238178253174,4.232036455011894,4.170854922631157,4.198746432906434,565199600,AAPL
2009-06-04,4.310913562774658,4.324109927639506,4.199947334346563,4.202646190372447,550634000,AAPL
2009-06-05,4.338803768157959,4.39068744810215,4.2950166523516335,4.357997670501404,632716000,AAPL
2009-06-08,4.314211368560791,4.325607825306541,4.181651128032327,4.313312017102621,931652400,AAPL
2009-06-09,4.280322551727295,4.335505740317,4.215241690543327,4.313012340353005,676964400,AAPL
2009-06-10,4.206243515014648,4.26922493902031,4.147761250380884,4.267125518177763,688623600,AAPL
2009-06-11,4.197247505187988,4.2455334056750615,4.15526027051615,4.18525201047553,524823600,AAPL
2009-06-12,4.10787296295166,4.171753336464986,4.079980658098604,4.16305613645051,563085600,AAPL
2009-06-15,4.08148193359375,4.106674593141419,4.045493049191528,4.079082994972593,539750400,AAPL
2009-06-16,4.089278697967529,4.152859157403866,4.081780365756872,4.098575332536302,514805200,AAPL
2009-06-17,4.06618595123291,4.122269286387699,4.034695434835808,4.098875736434728,571412800,AAPL
2009-06-18,4.075182914733887,4.138763779719469,4.06648571358335,4.082080612110459,427680400,AAPL
2009-06-19,4.183150291442871,4.183749725489107,4.105773246535415,4.140861961323374,721856800,AAPL
2009-06-22,4.119870185852051,4.245532754027534,4.0886799823529785,4.218841310831853,634914000,AAPL
2009-06-23,4.019099712371826,4.1072734068291386,3.9852102547549206,4.090779154659141,706532400,AAPL
2009-06-24,4.085379123687744,4.123767731247504,4.044591978949691,4.0613869447041395,485525600,AAPL
2009-06-25,4.1945481300354,4.204745320359919,4.055090160292918,4.071284897019724,589447600,AAPL
2009-06-26,4.271923542022705,4.305513472675275,4.190947487423049,4.192447073650714,439384400,AAPL
2009-06-29,4.257826805114746,4.317208809300358,4.244930765877522,4.302513266854661,567616000,AAPL
2009-06-30,4.271623611450195,4.312711072689343,4.252729625887685,4.276122370119154,434224000,AAPL
2009-07-01,4.2836198806762695,4.338504340886511,4.2743232461155385,4.30371433784822,414178800,AAPL
2009-07-02,4.199347496032715,4.283622294619708,4.192449795331124,4.2362369407578235,370479200,AAPL
2009-07-06,4.157057285308838,4.168454540091506,4.086278423088254,4.15975613986511,498688400,AAPL
2009-07-07,4.060786724090576,4.189148518596122,4.054188944270359,4.153159245386104,461596800,AAPL
2009-07-08,4.11536979675293,4.139962609587669,4.0313949731106575,4.076382157915682,575929200,AAPL
2009-07-09,4.089580535888672,4.138465877614806,4.0766844863192615,4.1315681768794565,343025200,AAPL
2009-07-10,4.154360294342041,4.167855774447867,4.088379277195861,4.088979912752302,445275600,AAPL
2009-07-13,4.268925189971924,4.268925189971924,4.124668957851745,4.184950339325352,483501200,AAPL
2009-07-14,4.266825199127197,4.294117272209248,4.233535981490584,4.25962798498393,347247600,AAPL
2009-07-15,4.405083179473877,4.4086821860802505,4.3283063739888465,4.349899612780046,485587200,AAPL
2009-07-16,4.424278736114502,4.439275003009589,4.3657968589943295,4.371494887829797,393570800,AAPL
2009-07-17,4.551140785217285,4.559238552082173,4.4575685924522315,4.471064870560379,602154000,AAPL
2009-07-20,4.585930824279785,4.649812418102888,4.5253495225323395,4.596728249154828,735526400,AAPL
2009-07-21,4.543941974639893,4.601525288713028,4.491158137657286,4.597326847423674,874781600,AAPL
2009-07-22,4.700795650482178,4.760478387310213,4.681901262596532,4.732286163483722,874104000,AAPL
2009-07-23,4.733185768127441,4.751779435739955,4.665405673146549,4.697496417408464,526962800,AAPL
2009-07-24,4.798268795013428,4.798568311966448,4.693599632644831,4.707095514175042,438362400,AAPL
2009-07-27,4.801565170288086,4.824958315921235,4.716391071802488,4.803664591088048,433311200,AAPL
2009-07-28,4.798566818237305,4.801565590647637,4.726587871493538,4.764976883344379,363554800,AAPL
2009-07-29,4.799466133117676,4.812062658924312,4.7460824587744534,4.765576681623022,382158000,AAPL
2009-07-30,4.882240295410156,4.940122307134894,4.843551380882206,4.849549724285525,469604800,AAPL
2009-07-31,4.900236129760742,4.948521608702159,4.885840100877607,4.888239439024796,422536800,AAPL
2009-08-03,4.9914093017578125,4.997707163874827,4.944622609022671,4.954819395569579,394240000,AAPL
2009-08-04,4.965015411376953,4.965615245763138,4.924827708773013,4.946420945828701,395810800,AAPL
2009-08-05,4.951821327209473,5.020200065013054,4.924829172233649,4.971015232424075,423183600,AAPL
2009-08-06,4.915831565856934,4.993808049368924,4.891238751581863,4.965915744893638,341616800,AAPL
2009-08-07,4.963817119598389,4.996507704927663,4.942523792111191,4.96321768542105,387354800,AAPL
2009-08-10,4.940124988555908,4.996508245880665,4.908334552109892,4.9683172178538,300294400,AAPL
2009-08-11,4.883442401885986,4.929928389008627,4.854951055008189,4.909234092239813,355342400,AAPL
2009-08-12,4.957822799682617,4.999810044402784,4.872347922037716,4.875046778856182,445071200,AAPL
2009-08-13,5.051092147827148,5.058590481795357,4.993509619899978,4.998008380026691,439980800,AAPL
2009-08-14,5.001906871795654,5.045393280888777,4.964418008170775,5.036696079154883,305816000,AAPL
2009-08-17,4.786269664764404,4.906233751464162,4.781170671530134,4.905033682143987,524381200,AAPL
2009-08-18,4.918531894683838,4.925729510475379,4.84085530514626,4.847453086253198,431152400,AAPL
2009-08-19,4.936527252197266,4.957521070488484,4.872047011120094,4.881044133002743,413271600,AAPL
2009-08-20,4.988409996032715,5.0001067699492445,4.936825825582437,4.947921964091936,342031200,AAPL
2009-08-21,5.0750837326049805,5.079583292690947,5.002505752337858,5.027998320933833,416074400,AAPL
2009-08-24,5.070284366607666,5.119769906749371,5.046591707223733,5.102074790880667,406929600,AAPL
2009-08-25,5.080482006072998,5.12666806051964,5.072384240460222,5.082281509542503,324354800,AAPL
2009-08-26,5.0208001136779785,5.084980402453831,5.001305492612148,5.066086016305895,303998800,AAPL
2009-08-27,5.081982612609863,5.085580819424173,4.943424021027898,5.060988801674249,449181600,AAPL
2009-08-28,5.099976062774658,5.173154272235659,5.054390241126314,5.166556492964905,453700800,AAPL
2009-08-31,5.044793128967285,5.063987033599056,4.99350847653647,5.043293142178146,311337600,AAPL
2009-09-01,4.95751953125,5.098477867318714,4.946722908258262,5.038195687853734,469028000,AAPL
2009-09-02,4.953921794891357,5.02679971364074,4.921831036743574,4.9371268226047595,364249200,AAPL
2009-09-03,4.995008945465088,5.011503999299292,4.948522957463914,4.991710255037206,293955200,AAPL
2009-09-04,5.1077752113342285,5.119471987405327,5.011204231955944,5.016902661323916,374628800,AAPL
2009-09-08,5.186350345611572,5.192648207762424,5.158458840771949,5.187849931938819,315047600,AAPL
2009-09-09,5.13266658782959,5.23253623097156,5.0894789034501455,5.181851416049847,811087200,AAPL
2009-09-10,5.175253868103027,5.1959477592389245,5.122769547302634,5.160258405077713,491134000,AAPL
2009-09-11,5.1632561683654785,5.193847323399678,5.124568049498321,5.185749558719695,348961200,AAPL
2009-09-14,5.210043907165527,5.215441617197545,5.1059746162233095,5.123369017097998,322011200,AAPL
2009-09-15,5.253231048583984,5.267926596278001,5.20614563284034,5.21964111087662,426470800,AAPL
2009-09-16,5.454471111297607,5.480863433798344,5.334806909185513,5.33810599955106,754023200,AAPL
2009-09-17,5.534847259521484,5.602027138152829,5.4574709927594105,5.457770910082294,810572000,AAPL
2009-09-18,5.548943519592285,5.594829669928995,5.541145268568607,5.573236422960939,601582800,AAPL
2009-09-21,5.518952369689941,5.55314174277818,5.446974215262522,5.527050137301333,437715600,AAPL
2009-09-22,5.532747268676758,5.559739424533862,5.483861951350308,5.554041396409329,356753600,AAPL
2009-09-23,5.5633392333984375,5.665309125251127,5.549243118643611,5.560340460470025,593563600,AAPL
2009-09-24,5.512954235076904,5.629318955906385,5.481463716225846,5.614323489807008,550880400,AAPL
2009-09-25,5.469465732574463,5.563337832742767,5.4415742282694906,5.45866911164883,445239200,AAPL
2009-09-28,5.582833766937256,5.598729387718031,5.49825947023098,5.514454607961248,337444800,AAPL
2009-09-29,5.5597405433654785,5.620322246847969,5.527650187510057,5.600228985510762,345385600,AAPL
2009-09-30,5.558838367462158,5.591828458613447,5.47666305678392,5.5822311082139455,539585200,AAPL
2009-10-01,5.424179553985596,5.584930792403295,5.41938007722574,5.558839193398437,524711600,AAPL
2009-10-02,5.545344352722168,5.576535356057017,5.438876899051291,5.440676403114284,553308000,AAPL
2009-10-05,5.5789337158203125,5.604126369665914,5.526449387363655,5.584332627873086,423133200,AAPL
2009-10-06,5.6985979080200195,5.6985979080200195,5.617323119415857,5.630518680299434,605085600,AAPL
2009-10-07,5.705795764923096,5.714792882979938,5.669206256859536,5.691100218495301,465668000,AAPL
2009-10-08,5.676405906677246,5.741786286827558,5.665008647032846,5.7180936171898,438211200,AAPL
2009-10-09,5.712393760681152,5.719291458019997,5.656911063405501,5.66740776827259,293272000,AAPL
2009-10-12,5.72258996963501,5.743583776201111,5.687500453085123,5.728888231731906,288024800,AAPL
2009-10-13,5.6988983154296875,5.733387603165622,5.689300961966923,5.717192469620832,348020400,AAPL
2009-10-14,5.73698616027832,5.767876035460777,5.70519573249504,5.765777015125731,375510800,AAPL
2009-10-15,5.715091705322266,5.725888325006701,5.684201432395066,5.687200204223748,373556400,AAPL
2009-10-16,5.639814376831055,5.709093657766491,5.633516114773815,5.678802817290677,431426800,AAPL
2009-10-19,5.694099426269531,5.698298268548118,5.56483867136291,5.633818049959435,942230800,AAPL
2009-10-20,5.961019992828369,6.050693674107099,5.933728316249025,6.0162043819268085,1141039200,AAPL
2009-10-21,6.145765781402588,6.259432462227544,5.9751168025398425,5.983814005824202,1193726800,AAPL
2009-10-22,6.15416145324707,6.233637933557366,6.073486104621677,6.139165989141487,791392000,AAPL
2009-10-23,6.116373538970947,6.172157362047725,6.095080209180593,6.169158589142146,420786800,AAPL
2009-10-26,6.072587013244629,6.200648498419562,6.001208296723162,6.1082763715053625,484338400,AAPL
2009-10-27,5.919332027435303,6.08248261247947,5.891739239047156,6.0479933287944965,756551600,AAPL
2009-10-28,5.7702765464782715,5.93882604830483,5.731287701727268,5.92952821249345,818386800,AAPL
2009-10-29,5.888742446899414,5.902539045944252,5.7624804411697,5.848254804391168,570270400,AAPL
2009-10-30,5.653311252593994,5.902236582537926,5.643413982596609,5.880043505209162,717525200,AAPL
2009-11-02,5.677602767944336,5.784670412779334,5.565436530356973,5.692298311336452,678983200,AAPL
2009-11-03,5.660810470581055,5.6839033066080935,5.57593585925191,5.633819109271652,522541600,AAPL
2009-11-04,5.72258996963501,5.813762408877328,5.705195570404976,5.720191032116889,487530400,AAPL
2009-11-05,5.819160461425781,5.848251628830944,5.752879961833112,5.77027515934471,384801200,AAPL
2009-11-06,5.828457832336426,5.853949996590345,5.770275890576553,5.773574579754314,295097600,AAPL
2009-11-09,6.041995525360107,6.055191085157489,5.886042139736339,5.906435314007164,528855600,AAPL
2009-11-10,6.087583541870117,6.147565010920137,6.028501024040214,6.028800941396057,401195200,AAPL
2009-11-11,6.09567928314209,6.1481636051356,6.053091430402651,6.134967245000574,443870000,AAPL
2009-11-12,6.05789041519165,6.144264181057636,6.041095449536003,6.092379697833622,363731200,AAPL
2009-11-13,6.13167142868042,6.143067890077432,6.06029268528741,6.08428527774678,343240800,AAPL
2009-11-16,6.197050094604492,6.238137567906772,6.148464687985916,6.162560001773203,485206400,AAPL
2009-11-17,6.2081475257873535,6.221343089469036,6.148165652349797,6.180555928073875,396513600,AAPL
2009-11-18,6.17695426940918,6.208145264694144,6.118172086883564,6.194349871285612,374320800,AAPL
2009-11-19,6.013503074645996,6.136466753622672,5.992209749181488,6.136466753622672,542326400,AAPL
2009-11-20,5.9958086013793945,6.009904712798633,5.931028073998078,5.972715772880149,406666400,AAPL
2009-11-23,6.174554824829102,6.178153831730797,6.086680674673565,6.0881806613061595,474896800,AAPL
2009-11-24,6.131369590759277,6.174556483913155,6.085183524381451,6.158061031181437,318438400,AAPL
2009-11-25,6.123871803283691,6.167658932546981,6.110975758537792,6.160160598885189,286454000,AAPL
2009-11-27,6.015904426574707,6.086982431826623,5.949323980038725,5.974816152450815,295257200,AAPL
2009-11-30,5.995509147644043,6.048592902278763,5.961319380008088,6.031498018460785,424858000,AAPL
2009-12-01,5.907334804534912,6.0812827957006075,5.903135963266609,6.065387182327746,465763200,AAPL
2009-12-02,5.885142803192139,6.040796293103711,5.87074717182625,5.967018231876903,715260000,AAPL
2009-12-03,5.892641067504883,5.967619202683943,5.886343203666764,5.92083249716275,448719600,AAPL
2009-12-04,5.797867298126221,5.994607793734248,5.706694062718761,5.989210084489775,826884800,AAPL
2009-12-07,5.666808128356934,5.811365486504583,5.658710760419498,5.797869606326393,714758800,AAPL
2009-12-08,5.694399833679199,5.768778130601975,5.659310707173308,5.679104450200117,690398800,AAPL
2009-12-09,5.932228088378906,5.943024709367649,5.707594864633243,5.736686438570646,684782000,AAPL
2009-12-10,5.891140937805176,5.989211898724556,5.881843901365935,5.983213552361397,489669600,AAPL
2009-12-11,5.838355541229248,5.938225986388315,5.801166601949249,5.931627406264759,429774800,AAPL
2009-12-14,5.907636642456055,5.921132522840305,5.775076376576457,5.8593511501698226,495790400,AAPL
2009-12-15,5.823360919952393,5.9235312968413565,5.7963691635821695,5.873146391306276,419459600,AAPL
2009-12-16,5.8491530418396,5.893240084709314,5.834757411661771,5.851252462968979,352984800,AAPL
2009-12-17,5.754081726074219,5.848253758572503,5.7282896384596595,5.826060278226652,388838800,AAPL
2009-12-18,5.861148834228516,5.863248255035602,5.776273851864907,5.793369536003326,608770400,AAPL
2009-12-21,5.945123195648193,5.99070981444633,5.8683459853083075,5.879743240643157,611906400,AAPL
2009-12-22,6.00900411605835,6.02369966049536,5.958019386180111,5.981412530636641,349515600,AAPL
2009-12-23,6.061189651489258,6.069587335841444,6.022501521280431,6.034197495066575,345525600,AAPL
2009-12-24,6.2693281173706055,6.2786259550289465,6.098679160751614,6.104677507354627,500889200,AAPL
2009-12-28,6.346403121948242,6.416581751337196,6.286420877486685,6.349702611887047,644565600,AAPL
2009-12-29,6.271126747131348,6.379694803392695,6.260030207886349,6.376995547797627,445205600,AAPL
2009-12-30,6.347304344177246,6.35810176801528,6.247434680559808,6.263029580199937,412084400,AAPL
2009-12-31,6.32001256942749,6.398589703987727,6.314914375541481,6.391991523116407,352410800,AAPL
2010-01-04,6.41838264465332,6.433078190699774,6.369497330115575,6.400987843132776,493729600,AAPL
2010-01-05,6.42948055267334,6.465769747557289,6.395590295926477,6.436078733715388,601904800,AAPL
2010-01-06,6.327210903167725,6.454972873596536,6.320612722382102,6.429480302803004,552160000,AAPL
2010-01-07,6.3155131340026855,6.358100987373524,6.26962699139639,6.3506030553674595,477131200,AAPL
2010-01-08,6.357501029968262,6.3581012649785595,6.26992798327909,6.307116125958441,447610800,AAPL
2010-01-11,6.301417827606201,6.388091513614768,6.251632363057832,6.382093168386391,462229600,AAPL
2010-01-12,6.229739189147949,6.291221434650521,6.190751141514069,6.273825830869377,594459600,AAPL
2010-01-13,6.317612648010254,6.326010331980727,6.121172032065067,6.2342384458401225,605892000,AAPL
2010-01-14,6.28102445602417,6.3119155384556835,6.268728246767605,6.301418833054759,432894000,AAPL
2010-01-15,6.176054954528809,6.346104441786268,6.174255450919604,6.326009984816826,594067600,AAPL
2010-01-19,6.449273109436035,6.453771868410462,6.215343649119593,6.248033429729676,730007600,AAPL
2010-01-20,6.350003242492676,6.464568433323395,6.283122894258395,6.4453741289562965,612152800,AAPL
2010-01-21,6.240236759185791,6.397390242396652,6.214444668720891,6.360501610744345,608154400,AAPL
2010-01-22,5.930728912353516,6.22314147504131,5.913034592356184,6.201548230112118,881767600,AAPL
2010-01-25,6.090281963348389,6.139166887169927,6.003907773143587,6.0734869930425575,1065699600,AAPL
2010-01-26,6.176355361938477,6.409385892316486,6.075585554367734,6.176655279230478,1867110000,AAPL
2010-01-27,6.2345380783081055,6.315513344126092,5.984112346480525,6.20364699783895,1722568400,AAPL
2010-01-28,5.976914405822754,6.16315902865188,5.959220087512394,6.146064544889234,1173502400,AAPL
2010-01-29,5.760079860687256,6.064189192320408,5.705796031258827,6.03059925593936,1245952400,AAPL
2010-02-01,5.840156555175781,5.87824525608362,5.73728731124516,5.769377665419896,749876400,AAPL
2010-02-02,5.874046325683594,5.887842522963782,5.799668829421823,5.875546312768158,698342400,AAPL
2010-02-03,5.9751152992248535,6.0042068762984995,5.83085828430264,5.853351680912988,615328000,AAPL
2010-02-04,5.759781360626221,5.949324320506524,5.745385327844093,5.9001386760149845,757652000,AAPL
2010-02-05,5.862048149108887,5.878243680948505,5.7237894973481325,5.77717396812047,850306800,AAPL
2010-02-08,5.821860313415527,5.934626796824991,5.818261306417096,5.868946520797875,478270800,AAPL
2010-02-09,5.883944034576416,5.923232006738163,5.840756736383124,5.890841733305046,632886800,AAPL
2010-02-10,5.851851940155029,5.896239298041465,5.826059854416686,5.874944770320464,370361600,AAPL
2010-02-11,5.958319187164307,5.990709848250405,5.820060544664287,5.844653357609174,550345600,AAPL
2010-02-12,6.009604454040527,6.047393226340155,5.863248040797161,5.941524440197623,655468800,AAPL
2010-02-16,6.100178241729736,6.108875442588585,6.043794993307377,6.056391118879053,543737600,AAPL
2010-02-17,6.0746870040893555,6.127470852748636,6.024001375479951,6.123871844769956,436396800,AAPL
2010-02-18,6.086082935333252,6.114874598140544,6.0258007542144325,6.047094083464997,422825200,AAPL
2010-02-19,6.048293590545654,6.094180136204051,6.031498622313618,6.053992419620312,415469600,AAPL
2010-02-22,6.010805606842041,6.073187212543278,5.973916975143906,6.068388935507556,390563600,AAPL
2010-02-23,5.910036087036133,6.0380979953619915,5.86954844515879,5.998209787774252,575094800,AAPL
2010-02-24,6.018002986907959,6.041395734646007,5.933427512524327,5.945124286816969,460566400,AAPL
2010-02-25,6.05819034576416,6.08398243030015,5.90493622363693,5.919631769536309,665126000,AAPL
2010-02-26,6.13676643371582,6.153261482614476,6.058190113607798,6.069586569079581,507460800,AAPL
2010-03-01,6.267829895019531,6.283124879384827,6.161661152720431,6.1706582730100825,550093600,AAPL
2010-03-02,6.263628959655762,6.32301097483255,6.230338544560698,6.296018822132903,566546400,AAPL
2010-03-03,6.278026103973389,6.294221641825188,6.236339191568273,6.266330127483421,372052800,AAPL
2010-03-04,6.3194122314453125,6.325710494502627,6.257030636719899,6.276525660892347,366041200,AAPL
2010-03-05,6.566538333892822,6.589031728260526,6.436976878860088,6.446274314040488,899620400,AAPL
2010-03-08,6.570438861846924,6.600729311620862,6.545546123293046,6.598330373347911,429889600,AAPL
2010-03-09,6.688602924346924,6.747984950374677,6.534748947242772,6.5473450739117425,920259200,AAPL
2010-03-10,6.743185997009277,6.762380704173214,6.69400116159621,6.7128955510370805,596218000,AAPL
2010-03-11,6.762978553771973,6.762978553771973,6.697598596060563,6.71529371362902,405700400,AAPL
2010-03-12,6.795970916748047,6.829860371689238,6.770478345684692,6.8190633484712135,416323600,AAPL
2010-03-15,6.713195323944092,6.762979592461603,6.605527017880345,6.759381385793019,493502800,AAPL
2010-03-16,6.731489658355713,6.747384874886283,6.673307303651842,6.7233922916517335,446908000,AAPL
2010-03-17,6.721593856811523,6.791472596944784,6.696101683017723,6.744986609164284,450956800,AAPL
2010-03-18,6.737487316131592,6.747984020171499,6.676305394243688,6.7209914658367875,342109600,AAPL
2010-03-19,6.6655097007751465,6.755182974985065,6.634918535361095,6.741687096362669,559445600,AAPL
2010-03-22,6.740485668182373,6.777974921992682,6.602526943990146,6.612124295474011,456419600,AAPL
2010-03-23,6.8487548828125,6.861351410122587,6.720992508352105,6.767178974308452,602431200,AAPL
2010-03-24,6.8790459632873535,6.903938699558643,6.823262144553223,6.827161470001375,597780400,AAPL
2010-03-25,6.7974700927734375,6.927031968655166,6.785473400326808,6.925531981675691,542284400,AAPL
2010-03-26,6.92493200302124,6.956422115126005,6.854452645784854,6.866449336594584,640875200,AAPL
2010-03-29,6.969618320465088,7.014005279729925,6.946525889785764,6.987913676070053,540744400,AAPL
2010-03-30,7.073387622833252,7.122273744202646,7.025401653822346,7.095881020780636,527310000,AAPL
2010-03-31,7.047896862030029,7.096183161178587,7.031702123890544,7.062593214497525,430659600,AAPL
2010-04-01,7.076985836029053,7.159760602199321,6.98041487507347,7.120173123205439,603145200,AAPL
2010-04-05,7.152566432952881,7.153166267764091,7.040999560610421,7.0472982265519,684507600,AAPL
2010-04-06,7.184053897857666,7.205047305284982,7.107876515241747,7.143865785722259,447017200,AAPL
2010-04-07,7.215843200683594,7.2554314721193025,7.157660061963567,7.184352293609474,628502000,AAPL
2010-04-08,7.196350574493408,7.244036220841957,7.139067575164863,7.211046120820424,572989200,AAPL
2010-04-09,7.251533508300781,7.254533481853244,7.211645712591361,7.240737287408965,334182800,AAPL
2010-04-12,7.266529083251953,7.289921828576942,7.252133054838327,7.263829427500822,333026400,AAPL
2010-04-13,7.2707295417785645,7.2818268844612035,7.231141251323858,7.253635453623775,306210800,AAPL
2010-04-14,7.368500709533691,7.372099717692547,7.319915701083926,7.356204498747965,404076400,AAPL
2010-04-15,7.465368747711182,7.468667436658121,7.3630989793445885,7.371196343739466,376784800,AAPL
2010-04-16,7.419784069061279,7.531950734401731,7.334309642445641,7.45487319116532,750545600,AAPL
2010-04-19,7.409887790679932,7.434480209888907,7.250934815656593,7.408688121408893,566924400,AAPL
2010-04-20,7.335509777069092,7.475268041459995,7.286624456348288,7.453974312672513,738326400,AAPL
2010-04-21,7.774277210235596,7.805168286736063,7.66960809151374,7.76168068566463,982391200,AAPL
2010-04-22,7.99171257019043,8.000110253824072,7.683704338400468,7.7448866611698115,793424800,AAPL
2010-04-23,8.122476577758789,8.162964224643144,8.007611018920613,8.037301639630133,796955600,AAPL
2010-04-26,8.082588195800781,8.171361335547937,8.043299420413943,8.153966928784609,479068800,AAPL
2010-04-27,7.85884952545166,8.032797484096202,7.81326371618408,8.015702605409125,709343600,AAPL
2010-04-28,7.845656394958496,7.91763413723096,7.690002935610514,7.895141543247355,758402400,AAPL
2010-04-29,8.056791305541992,8.097578442235735,7.857950610560332,7.888241045886612,558840800,AAPL
2010-04-30,7.830362319946289,8.114676731732782,7.827663464489451,8.076887950253141,542463600,AAPL
2010-05-03,7.9881134033203125,8.034000344692318,7.884044113914908,7.912836171512143,454342000,AAPL
2010-05-04,7.758085250854492,7.8963443645798606,7.700203196744432,7.884348469835899,723819600,AAPL
2010-05-05,7.677405834197998,7.741886841151479,7.459670717556343,7.588632731463306,883103200,AAPL
2010-05-06,7.385295867919922,7.745187864103407,5.975716013164883,7.612627604132043,1285860800,AAPL
2010-05-07,7.073687553405762,7.394892205726832,6.754283205906955,7.309118252130935,1676018400,AAPL
2010-05-10,7.61742639541626,7.637220942095999,7.453675513484809,7.505260500954245,984306400,AAPL
2010-05-11,7.693303108215332,7.794372434222283,7.512756899865999,7.5529442159231035,848906800,AAPL
2010-05-12,7.860353946685791,7.891544549884347,7.758684769155736,7.774878704177125,654379600,AAPL
2010-05-13,7.7484846115112305,7.947624848290778,7.689701634941206,7.894240381891712,599712400,AAPL
2010-05-14,7.612325668334961,7.692102061570215,7.4827646092816105,7.65251378222676,759362800,AAPL
2010-05-17,7.624321460723877,7.683104438686342,7.429079742908299,7.638717488187444,762834800,AAPL
2010-05-18,7.568539619445801,7.7541840141565785,7.505557790458119,7.707098201693698,782678400,AAPL
2010-05-19,7.4479756355285645,7.585334555314432,7.343307300965496,7.4827652414242944,1025726800,AAPL
2010-05-20,7.130669116973877,7.313314295868073,7.084182349169648,7.2542310050601975,1282915200,AAPL
2010-05-21,7.26743221282959,7.3328126002993805,6.938429652538989,6.982516306346753,1223891200,AAPL
2010-05-24,7.400593280792236,7.524756703627987,7.385598209009622,7.416188988327733,754238800,AAPL
2010-05-25,7.3544020652771,7.400587716557714,7.112674386156903,7.178354256776054,1048006400,AAPL
2010-05-26,7.321113109588623,7.561641968486266,7.310316087265286,7.500160125971439,850654000,AAPL
2010-05-27,7.598230361938477,7.614425895607136,7.471068634299435,7.515755109262472,666282400,AAPL
2010-05-28,7.704098701477051,7.779676252373002,7.598229906514126,7.779376735524413,815614800,AAPL
2010-06-01,7.822564601898193,7.975818751224888,7.766481263370519,7.788374827681094,876472800,AAPL
2010-06-02,7.916137218475342,7.941628989881429,7.8075687482981895,7.9338311394154974,688548000,AAPL
2010-06-03,7.8912434577941895,7.964121356351331,7.8099670743614,7.953024016318735,650106800,AAPL
2010-06-04,7.676510334014893,7.854656463351371,7.6366225213500245,7.743989746449728,758304400,AAPL
2010-06-07,7.525953769683838,7.772179906728725,7.514256592655253,7.746387815575597,886942000,AAPL
2010-06-08,7.477665424346924,7.611725625157213,7.36729828463039,7.594930260031027,1000770400,AAPL
2010-06-09,7.293821334838867,7.554744579893757,7.272528407880068,7.541847735612709,854630000,AAPL
2010-06-10,7.513056755065918,7.527151667372487,7.263830675830627,7.343007244018197,776356000,AAPL
2010-06-11,7.603028774261475,7.613525477522904,7.418883588137519,7.444675670630661,545759200,AAPL
2010-06-14,7.626124382019043,7.77218053897371,7.618027013365273,7.676509699876025,602960400,AAPL
2010-06-15,7.788375377655029,7.793174055195911,7.662712812519023,7.6669116553672945,585074000,AAPL
2010-06-16,8.015103340148926,8.030098397737314,7.816562178700101,7.830657885205828,783678000,AAPL
2010-06-17,8.153665542602539,8.184556624474785,8.082586342862538,8.11557644543805,872855200,AAPL
2010-06-18,8.219647407531738,8.247540125562757,8.140171300339503,8.165064043586744,784621600,AAPL
2010-06-21,8.102681159973145,8.36780167460024,8.05949386502587,8.32821338763585,776490400,AAPL
2010-06-22,8.213044166564941,8.2766250069604,8.14256563146062,8.16235936447168,717262000,AAPL
2010-06-23,8.126672744750977,8.23734022447589,8.034600137314055,8.23494088611615,768457200,AAPL
2010-06-24,8.067594528198242,8.1935566431618,8.04060195997954,8.127575610585902,714277200,AAPL
2010-06-25,7.998610496520996,8.105678963803795,7.971918258914703,8.099381101321471,549942400,AAPL
2010-06-28,8.046595573425293,8.090083173985638,7.933229256160339,8.005507310850264,584948000,AAPL
2010-06-29,7.682804584503174,7.929330963759213,7.626721258730349,7.92123279739887,1133344800,AAPL
2010-06-30,7.543648719787598,7.736790693168862,7.498062883086785,7.699001906925151,739452000,AAPL
2010-07-01,7.452173709869385,7.641717419392396,7.294421230818595,7.626721555962103,1022896000,AAPL
2010-07-02,7.405989170074463,7.525653375345451,7.2938216963794265,7.512456212687605,693842800,AAPL
2010-07-06,7.456674098968506,7.581736016788241,7.382595722677696,7.527752501231366,615235600,AAPL
2010-07-07,7.75778341293335,7.7607833870908856,7.490264361290538,7.51245664209125,654556000,AAPL
2010-07-08,7.740387439727783,7.88464484374351,7.644416315795574,7.872048318393829,738144400,AAPL
2010-07-09,7.786274433135986,7.79467131591078,7.652513732270245,7.704398219092431,433322400,AAPL
2010-07-12,7.716398239135742,7.853157370879647,7.64352031266341,7.753587196087816,562878400,AAPL
2010-07-13,7.551746368408203,7.689705154759087,7.390694345067931,7.6873066166545225,1190924000,AAPL
2010-07-14,7.579636573791504,7.671709192918477,7.467770211530797,7.479167871033924,812047600,AAPL
2010-07-15,7.5412445068359375,7.706794777141794,7.416781686730798,7.444673582561429,824866000,AAPL
2010-07-16,7.494765281677246,7.646819816645486,7.450078785357754,7.5931357973211115,1039858400,AAPL
2010-07-19,7.365199565887451,7.494161593437804,7.185853837959065,7.494161593437804,1024478000,AAPL
2010-07-20,7.554440975189209,7.584732211996841,7.198148150539995,7.284822219311582,1074950800,AAPL
2010-07-21,7.624922752380371,7.952124914420987,7.617725538120246,7.950325410644143,1185671200,AAPL
2010-07-22,7.768279075622559,7.797670166237133,7.657011774349613,7.7280909636546955,645318800,AAPL
2010-07-23,7.795872211456299,7.80906857350977,7.6861048750989145,7.7103977775464205,533388800,AAPL
2010-07-26,7.77608060836792,7.800673034476366,7.728994777540574,7.797673860457344,420551600,AAPL
2010-07-27,7.920035362243652,7.941628607801566,7.806669021158197,7.8237639074720065,584771600,AAPL
2010-07-28,7.826460361480713,7.977315919753912,7.8051674401908695,7.907736726602709,519985200,AAPL
2010-07-29,7.740987777709961,7.877147023861106,7.68070640459114,7.8189646713468175,643806800,AAPL
2010-07-30,7.715198040008545,7.788675796241063,7.6447186567388,7.6744108778840525,448210000,AAPL
2010-08-02,7.853154182434082,7.875347260295095,7.786274631147596,7.810867047247336,428055600,AAPL
2010-08-03,7.855554580688477,7.89544238301889,7.780277335408659,7.8279629880671635,417653600,AAPL
2010-08-04,7.8870463371276855,7.926033991217089,7.8069704062124705,7.882847494197079,420375200,AAPL
2010-08-05,7.848657608032227,7.893044574692726,7.8141675134329,7.8495569596526105,289097200,AAPL
2010-08-06,7.8003740310668945,7.842361669250093,7.7265951461889575,7.791076190571998,444897600,AAPL
2010-08-09,7.850157737731934,7.862154433094673,7.784777349699977,7.842059567938341,303128000,AAPL
2010-08-10,7.779974937438965,7.811166330411311,7.724191131623988,7.793171296004188,451920000,AAPL
2010-08-11,7.5034613609313965,7.668412721212849,7.492065301016141,7.6597155173702856,620054400,AAPL
2010-08-12,7.551445007324219,7.590732971797724,7.381395504441699,7.398490389876316,534920400,AAPL
2010-08-13,7.47076940536499,7.554144012701212,7.470469087639637,7.547246315185297,354869200,AAPL
2010-08-16,7.426980018615723,7.498059196208448,7.396388463155585,7.425180515353362,318430000,AAPL
2010-08-17,7.55684232711792,7.636618713516423,7.473766450562694,7.500159168427967,422640400,AAPL
2010-08-18,7.589829444885254,7.6378153900238015,7.545142988956653,7.568536527624556,339696000,AAPL
2010-08-19,7.494162082672119,7.602129907720978,7.458172807655833,7.582935200593753,426706000,AAPL
2010-08-20,7.48696231842041,7.615323688957332,7.467767615777388,7.479464788124016,384230000,AAPL
2010-08-23,7.371799945831299,7.557744710238426,7.355305691819502,7.551446845917744,414041600,AAPL
2010-08-24,7.195751190185547,7.287822998133291,7.157362576710709,7.277926928524267,602565600,AAPL
2010-08-25,7.284523963928223,7.317514865301815,7.113875433300917,7.139067684411709,596867600,AAPL
2010-08-26,7.206248760223389,7.37029993886925,7.206248760223389,7.361302418807514,466505200,AAPL
2010-08-27,7.246435165405273,7.276126574150473,7.064689307456441,7.250334490265162,548391200,AAPL
2010-08-30,7.2728271484375,7.370298258093221,7.218243006691426,7.220642344827393,383289200,AAPL
2010-08-31,7.290821552276611,7.334608668614091,7.208346313122038,7.2533322975763745,420786800,AAPL
2010-09-01,7.5076584815979,7.541547937449853,7.386194770096378,7.421883729866363,697037600,AAPL
2010-09-02,7.562841415405273,7.562841415405273,7.454873586453164,7.535549340645718,415427600,AAPL
2010-09-03,7.760779857635498,7.761079374406629,7.6327180184962,7.650412732555426,520788800,AAPL
2010-09-07,7.731990814208984,7.7835749847101825,7.685204519343889,7.69690089284836,342557600,AAPL
2010-09-08,7.8852458000183105,7.9293324437430694,7.7706789881866545,7.791073365463578,526551200,AAPL
2010-09-09,7.889745235443115,7.9932139195397225,7.885246875559752,7.9488277528714795,438575200,AAPL
2010-09-10,7.899938583374023,7.932629158616094,7.839656425848389,7.893340404799319,387542400,AAPL
2010-09-13,8.008807182312012,8.04599612200794,7.970419374413469,7.972218077140972,388780000,AAPL
2010-09-14,8.039395332336426,8.072684936389908,7.96321797410001,7.983911858067052,408150400,AAPL
2010-09-15,8.104179382324219,8.108978859911247,8.032800667514577,8.042698338713988,429368800,AAPL
2010-09-16,8.294621467590332,8.297620640193575,8.082585170047548,8.104779047311549,652103200,AAPL
2010-09-17,8.258631706237793,8.336308262393805,8.20794689844179,8.328210097208176,634477200,AAPL
2010-09-20,8.494361877441406,8.51085692540106,8.273027756945744,8.279925453118803,658677600,AAPL
2010-09-21,8.510557174682617,8.617925152406347,8.481166083725334,8.513256830475996,668074400,AAPL
2010-09-22,8.629921913146973,8.636819609835651,8.469769296624815,8.478766814597334,585289600,AAPL
2010-09-23,8.665011405944824,8.780177238422032,8.577437963107542,8.58733483288087,786116800,AAPL
2010-09-24,8.76698112487793,8.803270716197659,8.713897767173094,8.760383745408188,649488000,AAPL
2010-09-27,8.732192993164062,8.83926067976371,8.72769463352197,8.816768080705884,482834800,AAPL
2010-09-28,8.603228569030762,8.750484323739073,8.247535546974055,8.750484323739073,1035042400,AAPL
2010-09-29,8.61852741241455,8.691705643562317,8.577439937048633,8.614328569546535,469644000,AAPL
2010-09-30,8.509958267211914,8.69740215490161,8.4349805519666,8.66741122897292,673391600,AAPL
2010-10-01,8.473066329956055,8.594829501153304,8.437976420462169,8.5819334628892,448142800,AAPL
2010-10-04,8.356704711914062,8.484465472376963,8.33061150743219,8.44547782662805,435302000,AAPL
2010-10-05,8.665610313415527,8.680904890308398,8.45207325780038,8.457472568587464,501967200,AAPL
2010-10-06,8.673110008239746,8.757085256549036,8.555245303878422,8.685106701097451,670868800,AAPL
2010-10-07,8.6740083694458,8.71179714329687,8.604729484616941,8.707598301663735,408399600,AAPL
2010-10-08,8.819464683532715,8.832360725336834,8.697401962073457,8.748685811605245,658403200,AAPL
2010-10-11,8.858154296875,8.914537950587311,8.835362182896557,8.839561025257378,427753200,AAPL
2010-10-12,8.95352554321289,8.982317602359727,8.772079190943744,8.859653435820936,558544000,AAPL
2010-10-13,9.00151252746582,9.056095877421459,8.991315338695992,9.003312031366379,630092400,AAPL
2010-10-14,9.066593170166016,9.07139104627374,9.009309364439174,9.047998296965334,435296400,AAPL
2010-10-15,9.439382553100586,9.447180404289803,9.144570601880462,9.220447690180093,922194000,AAPL
2010-10-18,9.537153244018555,9.567143375262537,9.425885916934462,9.551248958076057,1093010800,AAPL
2010-10-19,9.281925201416016,9.410286565208013,8.997910407869108,9.099280023334748,1232784000,AAPL
2010-10-20,9.313119888305664,9.424686738101698,9.203353343426986,9.267233735792487,721624400,AAPL
2010-10-21,9.282831192016602,9.43938407145275,9.201255260456346,9.36800533154941,551460000,AAPL
2010-10-22,9.221344947814941,9.298421681331664,9.186255829750072,9.269330107605214,372778000,AAPL
2010-10-25,9.262434959411621,9.345209743204641,9.250438265739861,9.26993329338016,392462000,AAPL
2010-10-26,9.238739013671875,9.289423822991495,9.166759681136394,9.203349582272518,392929600,AAPL
2010-10-27,9.232144355773926,9.294225242375404,9.165263990936111,9.226745843711328,399002800,AAPL
2010-10-28,9.154467582702637,9.237242363448024,9.024306664545852,9.235742376370593,551051200,AAPL
2010-10-29,9.026703834533691,9.17366010094437,9.023404343971722,9.124174950139839,430511200,AAPL
2010-11-01,9.122676849365234,9.165264311836138,9.063294816292254,9.063894650986878,423889200,AAPL
2010-11-02,9.278027534484863,9.302920267189869,9.20724946210653,9.20724946210653,433930000,AAPL
2010-11-03,9.381197929382324,9.383597267632052,9.253136053268353,9.338310158592048,508348400,AAPL
2010-11-04,9.545252799987793,9.602535821763265,9.448081164682057,9.460677695404382,642488000,AAPL
2010-11-05,9.511058807373047,9.584237024596108,9.49966275117575,9.536851694368572,361253200,AAPL
2010-11-08,9.555746078491211,9.590235365627407,9.499962263306172,9.513158624088002,281758400,AAPL
2010-11-09,9.479564666748047,9.636118222581107,9.432179356647087,9.628619893076209,383544000,AAPL
2010-11-10,9.53805160522461,9.56024468444752,9.403691058152388,9.49636350119211,384227200,AAPL
2010-11-11,9.496665000915527,9.549149328944097,9.424685647294925,9.447179045142496,361284000,AAPL
2010-11-12,9.238138198852539,9.492162074958973,9.106178627784242,9.47716701497607,795846800,AAPL
2010-11-15,9.208452224731445,9.313420900767253,9.185358987867977,9.25103969004999,403606000,AAPL
2010-11-16,9.045000076293945,9.225245993736225,8.97692004109688,9.168863135272348,657650000,AAPL
2010-11-17,9.012308120727539,9.11697644470151,8.930132390670282,9.033301528722012,479449600,AAPL
2010-11-18,9.25013542175293,9.287324357911974,9.13796957965504,9.153264157314352,494491200,AAPL
2010-11-19,9.199151992797852,9.249236974487195,9.154465521846722,9.23634093259171,384843200,AAPL
2010-11-22,9.397993087768555,9.397993087768555,9.173360254648893,9.197652352615405,393075200,AAPL
2010-11-23,9.25913143157959,9.349705628466907,9.194051398901284,9.310716391031594,519447600,AAPL
2010-11-24,9.441182136535645,9.459177177892704,9.349710145936537,9.357206878564194,413725200,AAPL
2010-11-26,9.447178840637207,9.528154910966098,9.385397477750908,9.409390061206876,237585600,AAPL
2010-11-29,9.50326156616211,9.521555319250073,9.33861058074545,9.462173298599573,445785200,AAPL
2010-11-30,9.331710815429688,9.427982240322027,9.3233131333229,9.403389028437864,501858000,AAPL
2010-12-01,9.489164352416992,9.52965197815543,9.447176740069487,9.455274105047755,461750800,AAPL
2010-12-02,9.54164981842041,9.567141585378094,9.443878389026775,9.52305494747729,462837200,AAPL
2010-12-03,9.520355224609375,9.556644010097079,9.487365128403418,9.507459183457641,342092800,AAPL
2010-12-06,9.601631164550781,9.667011519526229,9.549745883764032,9.55634406287748,448481600,AAPL
2010-12-07,9.543451309204102,9.716798724169076,9.540752453606256,9.711101496061335,391454000,AAPL
2010-12-08,9.627429008483887,9.627729326344603,9.510464411482445,9.586041203038977,321935600,AAPL
2010-12-09,9.589936256408691,9.672111194955997,9.567742375968564,9.661015456006842,294151200,AAPL
2010-12-10,9.61392879486084,9.628624342227484,9.555145804547001,9.586636720816816,262511200,AAPL
2010-12-13,9.64721393585205,9.74888465271011,9.62712068722681,9.728190768912732,439815600,AAPL
2010-12-14,9.605834007263184,9.673314217024988,9.567145065361322,9.649021309476838,351008000,AAPL
2010-12-15,9.607928276062012,9.687104016702072,9.572838363030252,9.597130455690293,417312000,AAPL
2010-12-16,9.634621620178223,9.675409567859802,9.600132335560703,9.629822943880722,322030800,AAPL
2010-12-17,9.61542797088623,9.650817408671832,9.604031114377364,9.646018732247045,386929200,AAPL
2010-12-20,9.663415908813477,9.694607314532893,9.544052001853894,9.645121350113303,385610400,AAPL
2010-12-21,9.723099708557129,9.728797738871767,9.658619468109753,9.687110420530493,256354000,AAPL
2010-12-22,9.751888275146484,9.768683645298005,9.703602787231853,9.727895690063068,265921600,AAPL
2010-12-23,9.705103874206543,9.75158986344487,9.692207828230856,9.747091503496696,223157200,AAPL
2010-12-27,9.7374906539917,9.760284366904948,9.642719197578206,9.682607794752792,249816000,AAPL
2010-12-28,9.761185646057129,9.796874604652274,9.748889436779017,9.774381206840994,175924000,AAPL
2010-12-29,9.75578498840332,9.790574587839696,9.750086160347124,9.783676090808207,163139200,AAPL
2010-12-30,9.706903457641602,9.76238616722946,9.688608899070225,9.761486815571446,157494400,AAPL
2010-12-31,9.673912048339844,9.701503640956142,9.636422783731419,9.685608423406196,193508000,AAPL
2011-01-03,9.88414478302002,9.90483866910738,9.742287553213565,9.766280128031338,445138400,AAPL
2011-01-04,9.935733795166016,9.972022589399918,9.84156135893891,9.970223085490586,309080800,AAPL
2011-01-05,10.017006874084473,10.027204061161886,9.882047307330938,9.883547294089439,255519600,AAPL
2011-01-06,10.0089111328125,10.054496959450933,9.984018398028017,10.038601743416367,300428800,AAPL
2011-01-07,10.080587387084961,10.087485083017304,9.954024717357349,10.016706217755425,311931200,AAPL
2011-01-10,10.270434379577637,10.293827131523544,10.112082026444591,10.161866703771443,448560000,AAPL
2011-01-11,10.24614429473877,10.345713669009811,10.181063419647188,10.343315130636597,444108000,AAPL
2011-01-12,10.329516410827637,10.329816728604037,10.256938814016689,10.294428082680362,302590400,AAPL
2011-01-13,10.367303848266602,10.396095910381616,10.312420981978105,10.351708948801603,296780400,AAPL
2011-01-14,10.451279640197754,10.451279640197754,10.3301162425255,10.373603054011753,308840000,AAPL
2011-01-18,10.216449737548828,10.339712958889542,9.777080853715072,9.882649352768805,1880998000,AAPL
2011-01-19,10.162166595458984,10.454878702819318,10.103384400291644,10.447380369122426,1135612800,AAPL
2011-01-20,9.977421760559082,10.14597130030316,9.900644523714469,10.08988795935992,764789200,AAPL
2011-01-21,9.798670768737793,10.043397604190178,9.795971113446107,10.01010719457282,754401200,AAPL
2011-01-24,10.120478630065918,10.120478630065918,9.798674162093832,9.803173322189064,574683200,AAPL
2011-01-25,10.238943099975586,10.240143570154894,10.034104767051781,10.08688941681052,546868000,AAPL
2011-01-26,10.312417030334473,10.364901338849076,10.241938490740544,10.285724800067264,506875600,AAPL
2011-01-27,10.29322338104248,10.337610330147763,10.281827327172058,10.310318262695189,285026000,AAPL
2011-01-28,10.079989433288574,10.328915997704067,10.002913486903132,10.322018299936772,592057200,AAPL
2011-01-31,10.176559448242188,10.198153491022545,10.026004987537151,10.07099097496858,377246800,AAPL
2011-02-01,10.347811698913574,10.366405773806193,10.226347974868062,10.235945330088716,426633200,AAPL
2011-02-02,10.326513290405273,10.354404390111895,10.303420065288549,10.330412614621299,258955200,AAPL
2011-02-03,10.300121307373047,10.324114686262554,10.153465382722851,10.310918327873326,393797600,AAPL
2011-02-04,10.391897201538086,10.397895547889133,10.302223925708205,10.306122450412731,321840400,AAPL
2011-02-07,10.55324935913086,10.594336028910448,10.426086820908656,10.43358435331308,485021600,AAPL
2011-02-08,10.65281867980957,10.66241603380798,10.561346702477763,10.607232850011716,381040800,AAPL
2011-02-09,10.74159049987793,10.766783549192084,10.642920526362476,10.652517077635014,482745200,AAPL
2011-02-10,10.63302230834961,10.796773917060378,10.43688043875204,10.718497519987865,928550000,AAPL
2011-02-11,10.70230484008789,10.730795784043194,10.603034209891481,10.639323804966548,367572800,AAPL
2011-02-14,10.772181510925293,10.781178227900828,10.698103949636346,10.700503287722398,310416400,AAPL
2011-02-15,10.793774604797363,10.795874426017436,10.72329605160423,10.772480879999316,284174800,AAPL
2011-02-16,10.890645980834961,10.94372932974751,10.811768948653818,10.8207656649305,481157600,AAPL
2011-02-17,10.745789527893066,10.804872026634335,10.69240505664816,10.71429941697466,530583200,AAPL
2011-02-18,10.51366138458252,10.781781063639992,10.482469983098236,10.758087995628477,816057200,AAPL
2011-02-22,10.155264854431152,10.358904252460997,10.128573421770554,10.261433153144447,872555600,AAPL
2011-02-23,10.275529861450195,10.336110741582095,10.155265049944397,10.160064526646806,671854400,AAPL
2011-02-24,10.283327102661133,10.351407116370597,10.14806802825271,10.317517668774508,499900800,AAPL
2011-02-25,10.441683769226074,10.449781137224575,10.34091394251424,10.354709339719479,380018800,AAPL
2011-02-28,10.593134880065918,10.64831805210636,10.530453376387959,10.534052383370655,403074000,AAPL
2011-03-01,10.476171493530273,10.668414080757476,10.427286174243282,10.660916548580207,456136800,AAPL
2011-03-02,10.560444831848145,10.627325180371653,10.448878012311331,10.49566430459378,602590800,AAPL
2011-03-03,10.78357982635498,10.79047752386238,10.674412331205659,10.712501428053379,500788400,AAPL
2011-03-04,10.796775817871094,10.805473018888746,10.729295628649323,10.798874838485023,453266800,AAPL
2011-03-07,10.65761661529541,10.846860007404292,10.536152924296688,10.838761840716446,546123200,AAPL
2011-03-08,10.6696138381958,10.718799475617159,10.564344865726856,10.644121267565573,356316800,AAPL
2011-03-09,10.570941925048828,10.63962177968417,10.514859396798052,10.637521958337677,453306000,AAPL
2011-03-10,10.396997451782227,10.489970236916559,10.343913277347687,10.470475206996365,507539200,AAPL
2011-03-11,10.556546211242676,10.566443882027045,10.346910036318915,10.356806105408845,471080400,AAPL
2011-03-14,10.603631973266602,10.691206211371668,10.536152591977435,10.592235117402298,435957200,AAPL
2011-03-15,10.359807968139648,10.432086044562972,10.1999556306136,10.25993749658836,721081200,AAPL
2011-03-16,9.897345542907715,10.286929776218017,9.784879338307796,10.256938841714533,1162011200,AAPL
2011-03-17,10.03620433807373,10.185259645032435,9.916839645068169,10.101884230239108,659422400,AAPL
2011-03-18,9.917137145996094,10.14296964067956,9.89704308969626,10.11087889379858,753214000,AAPL
2011-03-21,10.175959587097168,10.189155145692371,10.05479541657697,10.076689776984464,409402000,AAPL
2011-03-22,10.232948303222656,10.275536579281393,10.171166912889044,10.273737074659193,325922800,AAPL
2011-03-23,10.172661781311035,10.203552060509118,10.075490182307137,10.175360636462377,372996400,AAPL
2011-03-24,10.3460111618042,10.376902245412637,10.16276608351677,10.252439360287765,404712000,AAPL
2011-03-25,10.543054580688477,10.558649483688653,10.407494326708967,10.43898525136223,448910000,AAPL
2011-03-28,10.510063171386719,10.626429508279587,10.510063171386719,10.591339576706485,309355200,AAPL
2011-03-29,10.525655746459961,10.525655746459961,10.378700284297546,10.426685447141402,352900800,AAPL
2011-03-30,10.455780029296875,10.523261041078115,10.42009106144637,10.516062222928753,329406000,AAPL
2011-03-31,10.452177047729492,10.490865171785964,10.378699323450759,10.387696040121575,274019200,AAPL
2011-04-01,10.333710670471191,10.544548071245496,10.295921901638913,10.530152845548038,418661600,AAPL
2011-04-04,10.232643127441406,10.334912914794351,10.148968210901355,10.32621571435385,460084800,AAPL
2011-04-05,10.163666725158691,10.26443655516293,10.076992610592901,10.106684028687356,482731200,AAPL
2011-04-06,10.138169288635254,10.31391677236261,10.11117754013651,10.233541361296279,402539200,AAPL
2011-04-07,10.139374732971191,10.209852510098699,10.077892074164398,10.139973766847962,373447200,AAPL
2011-04-08,10.048797607421875,10.201451884954295,10.015507993703888,10.194554188578405,377535200,AAPL
2011-04-11,9.921039581298828,10.06709493025606,9.897646828178676,10.018809436799254,398946800,AAPL
2011-04-12,9.969023704528809,10.00891150453063,9.903042698759538,9.911739900117174,425639200,AAPL
2011-04-13,10.080892562866211,10.081192079819875,9.972624391743834,10.047602134398652,346220000,AAPL
2011-04-14,9.969623565673828,10.076991566445848,9.958827342724224,10.041002287970047,301800800,AAPL
2011-04-15,9.820867538452148,10.006212438274282,9.801073796147564,9.996015249377848,453605600,AAPL
2011-04-18,9.952530860900879,9.963927721852414,9.601935836843326,9.780082764321865,609898800,AAPL
2011-04-19,10.132776260375977,10.136374467770544,9.948330691788163,9.990018803500654,419378400,AAPL
2011-04-20,10.269229888916016,10.369399832075446,10.24193862474119,10.302219980365564,700666400,AAPL
2011-04-21,10.51785659790039,10.650717132837588,10.452476240988167,10.646817808276953,753810400,AAPL
2011-04-25,10.587138175964355,10.609332055797422,10.505861790279004,10.50706226030642,266546000,AAPL
2011-04-26,10.509461402893066,10.646520000361201,10.477370653345055,10.605432532976792,338800000,AAPL
2011-04-27,10.501362800598145,10.567343800697397,10.409890834069403,10.564044310226473,356213200,AAPL
2011-04-28,10.399393081665039,10.489365052316957,10.362503660732036,10.382597715844165,360959200,AAPL
2011-04-29,10.500764846801758,10.615330055020173,10.396995059972209,10.400294550782455,1006345200,AAPL
2011-05-02,10.385303497314453,10.51096610457232,10.36191073730883,10.489072531377055,442713600,AAPL
2011-05-03,10.44288158416748,10.493566409758655,10.36550451763469,10.436583720898208,313348000,AAPL
2011-05-04,10.483968734741211,10.55174843982359,10.403292185910422,10.444679970617191,389250400,AAPL
2011-05-05,10.399393081665039,10.525355121933117,10.378398874388946,10.448877425269458,335969200,AAPL
2011-05-06,10.396698951721191,10.496868962850444,10.383203068865818,10.487571923681916,280134400,AAPL
2011-05-09,10.424883842468262,10.472869796488363,10.39279310057438,10.432680889287129,204747200,AAPL
2011-05-10,10.480369567871094,10.487567582640551,10.396694648294188,10.463574200075692,282091600,AAPL
2011-05-11,10.41379165649414,10.496867565683454,10.354110102722364,10.467476464635132,336000000,AAPL
2011-05-12,10.393996238708496,10.410492091623512,10.265035796194411,10.380501160668349,322000000,AAPL
2011-05-13,10.211949348449707,10.384397376612531,10.207450989756198,10.366703458689374,326116000,AAPL
2011-05-16,9.996014595031738,10.2335442922218,9.975020383972199,10.172962599144515,449775200,AAPL
2011-05-17,10.08118724822998,10.08118724822998,9.918935628632717,9.95702471688378,452334400,AAPL
2011-05-18,10.1930570602417,10.22844650507225,10.076991854077361,10.091087568457594,334776400,AAPL
2011-05-19,10.212850570678711,10.269233422492512,10.15706675262942,10.2593365518216,261170000,AAPL
2011-05-20,10.053596496582031,10.225445481895093,10.047598151411865,10.183757383386018,337968400,AAPL
2011-05-23,10.029006958007812,10.076393101376679,9.879652112753117,9.896147167594567,383600000,AAPL
2011-05-24,9.962729454040527,10.073996820551328,9.937236872433239,10.062000123124928,321927200,AAPL
2011-05-25,10.100387573242188,10.15377207393385,9.982522828428277,9.999917238194596,294224000,AAPL
2011-05-26,10.04699993133545,10.10368310103114,10.029905045277095,10.076091509661868,222560800,AAPL
2011-05-27,10.119277954101562,10.125876134818984,10.026305991988808,10.041001539526702,203599200,AAPL
2011-05-31,10.431783676147461,10.431783676147461,10.226944578983408,10.22994455262452,417754400,AAPL
2011-06-01,10.362204551696777,10.560744987154056,10.33641326715784,10.462975156681548,554682800,AAPL
2011-06-02,10.379898071289062,10.436281712900833,10.32591456850139,10.391894761173933,338783200,AAPL
2011-06-03,10.300121307373047,10.356804463728869,10.257234343878693,10.292324260081049,313250000,AAPL
2011-06-06,10.138169288635254,10.408388692955256,10.131271593114851,10.367901070207138,461941200,AAPL
2011-06-07,9.95822525024414,10.143570127404008,9.954026408270769,10.142070941408557,529785200,AAPL
2011-06-08,9.964224815368652,10.04100204772635,9.916539963524757,9.950429419472192,333723600,AAPL
2011-06-09,9.941730499267578,10.00711086214526,9.919536621385326,9.994514336860739,275088800,AAPL
2011-06-10,9.77408218383789,9.946830558774606,9.76238500774103,9.913540136128404,433955200,AAPL
2011-06-13,9.795072555541992,9.846357200920357,9.749186420337203,9.813066788606836,329473200,AAPL
2011-06-14,9.970220565795898,9.994513462008879,9.87634847103422,9.897042360338084,334569200,AAPL
2011-06-15,9.79957389831543,9.906041736389628,9.743489763881575,9.889546685384587,399196000,AAPL
2011-06-16,9.751888275146484,9.857456770699775,9.547049948270388,9.804073088698525,510591200,AAPL
2011-06-17,9.604930877685547,9.874551315358966,9.577939122485796,9.86675346583428,615020000,AAPL
2011-06-20,9.45677375793457,9.528152456152302,9.312216858139985,9.517955270450607,640645600,AAPL
2011-06-21,9.756084442138672,9.771079503385756,9.45317523545995,9.497562186411653,493382400,AAPL
2011-06-22,9.675409317016602,9.864053670259036,9.668510819594204,9.751886216407346,390583200,AAPL
2011-06-23,9.933929443359375,9.947724832417935,9.540747240792776,9.565338847191311,559759200,AAPL
2011-06-24,9.78757381439209,9.991512701749727,9.749785048698806,9.938129042775698,439807200,AAPL
2011-06-27,9.95822525024414,10.014009064185998,9.814568475110564,9.82476566276018,339813600,AAPL
2011-06-28,10.054797172546387,10.09798446468918,10.000213823378505,10.006511686515912,294299600,AAPL
2011-06-29,10.018207550048828,10.088086272575099,9.953426219895341,10.078189402984703,352545200,AAPL
2011-06-30,10.067089080810547,10.08088607213497,9.98221532062002,10.037998315204575,322954800,AAPL
2011-07-01,10.29472827911377,10.301925495206195,10.023008745565425,10.075493084480879,435313200,AAPL
2011-07-05,10.479774475097656,10.491771171808239,10.271936910096068,10.286931980136718,355054000,AAPL
2011-07-06,10.549651145935059,10.619831006971713,10.398196483716573,10.465376370321021,444626000,AAPL
2011-07-07,10.712803840637207,10.736796430383155,10.616831879958449,10.636926745004189,399663600,AAPL
2011-07-08,10.788079261779785,10.796777264810347,10.562846551502242,10.597036326419907,489633200,AAPL
2011-07-11,10.616830825805664,10.789880335312384,10.58144137904168,10.687010685475759,442674400,AAPL
2011-07-12,10.609332084655762,10.727196778962272,10.455477314846386,10.60273310329965,451609200,AAPL
2011-07-13,10.737393379211426,10.796775398845831,10.688206945383511,10.746689613603207,391638800,AAPL
2011-07-14,10.729897499084473,10.845063358168007,10.687010519593901,10.82706831728899,430533600,AAPL
2011-07-15,10.944332122802734,10.946731461351021,10.771884069304818,10.83186593131737,484467200,AAPL
2011-07-18,11.210651397705078,11.236143164648537,10.955127486946735,10.95962584561977,572653200,AAPL
2011-07-19,11.302123069763184,11.356106572002412,11.196254284722578,11.33661235156111,819145600,AAPL
2011-07-20,11.603533744812012,11.884550231340915,11.57654199031294,11.880051872540141,941340400,AAPL
2011-07-21,11.615232467651367,11.698306762771033,11.513562497744715,11.605035278716711,526534400,AAPL
2011-07-22,11.795478820800781,11.847963152802388,11.629028304806367,11.646123192362921,516728800,AAPL
2011-07-25,11.951430320739746,11.99641631029868,11.685109386450428,11.707002146256253,589806000,AAPL
2011-07-26,12.098688125610352,12.131378713640158,11.986821766253572,11.9964183198146,476582400,AAPL
2011-07-27,11.774182319641113,12.075592361156064,11.760985960095345,12.014110523634027,659324400,AAPL
2011-07-28,11.751089096069336,11.906142716988617,11.640422429158335,11.745091551665764,594034000,AAPL
2011-07-29,11.710904121398926,11.85096271756395,11.516562488288784,11.62572999855956,632584400,AAPL
2011-08-01,11.898945808410645,11.981420254756355,11.767584446595272,11.929836085972662,612836000,AAPL
2011-08-02,11.66381549835205,11.933435118498345,11.64702093203126,11.92593758715052,639539600,AAPL
2011-08-03,11.77358341217041,11.802974505353081,11.463776463761059,11.725896964116945,732508000,AAPL
2011-08-04,11.317719459533691,11.73609405965402,11.317119624966365,11.67881186059234,871407600,AAPL
2011-08-05,11.205256462097168,11.501569237721736,10.873856154780787,11.409796118003312,1204590800,AAPL
2011-08-08,10.593134880065918,11.02980398295391,10.58743605191975,10.847458300066199,1143833600,AAPL
2011-08-09,11.21695327758789,11.234948320419694,10.646822750336165,10.83576669583271,1082583600,AAPL
2011-08-10,10.907442092895508,11.236143423317916,10.871753137844747,11.131174777854913,878656800,AAPL
2011-08-11,11.207655906677246,11.260140245441546,10.938335712884495,11.112283784193393,741969200,AAPL
2011-08-12,11.30632209777832,11.385797365804883,11.223546538741797,11.338711558978718,528976000,AAPL
2011-08-15,11.498866081237793,11.545652379028851,11.339313281578207,11.385499744771339,460544000,AAPL
2011-08-16,11.410989761352539,11.49766464617014,11.27842953895897,11.442181155654213,498750000,AAPL
2011-08-17,11.409793853759766,11.532156921305031,11.336615626758245,11.465877193333794,442061200,AAPL
2011-08-18,10.978219985961914,11.176162184091703,10.83786190463753,11.121877557735207,851435200,AAPL
2011-08-19,10.677712440490723,11.006714956603542,10.676813088890757,10.861857683761341,775888400,AAPL
2011-08-22,10.690007209777832,10.943132606553476,10.649519575443284,10.932035266000945,535315200,AAPL
2011-08-23,11.204655647277832,11.205855316648114,10.706804070473876,10.80577439098005,656835200,AAPL
2011-08-24,11.282029151916504,11.365403744240993,11.11467853107784,11.200752779055362,626267600,AAPL
2011-08-25,11.208252906799316,11.260137397698516,10.946730630809226,10.949129969175472,871346000,AAPL
2011-08-26,11.503963470458984,11.510560849268312,11.120677224340614,11.131773762430203,641477200,AAPL
2011-08-29,11.69560432434082,11.741491260065606,11.636522632202169,11.641920341490192,405269200,AAPL
2011-08-30,11.696206092834473,11.75168958823798,11.582839763792895,11.644021287079891,417922400,AAPL
2011-08-31,11.541455268859863,11.75889013773154,11.452381819818653,11.713603820062849,522586400,AAPL
2011-09-01,11.427489280700684,11.616732723398584,11.418192243298524,11.571146888011754,343725200,AAPL
2011-09-02,11.218149185180664,11.336613707797598,11.151569150725106,11.238842276226736,438939200,AAPL
2011-09-06,11.388799667358398,11.40649358739733,10.99111732232477,11.017809562521096,509698000,AAPL
2011-09-07,11.514460563659668,11.564545546021515,11.456576931501855,11.56334587695247,350576800,AAPL
2011-09-08,11.520759582519531,11.654819811479637,11.46587591837125,11.468574773623974,416158400,AAPL
2011-09-09,11.321020126342773,11.576543271795419,11.247241267743078,11.51446238974486,564813200,AAPL
2011-09-12,11.39479923248291,11.422989860975575,11.153670494262023,11.186661401928149,467832400,AAPL
2011-09-13,11.535154342651367,11.58283918556485,11.404092500249021,11.460775661940124,440560400,AAPL
2011-09-14,11.675517082214355,11.76279104486561,11.56934872349025,11.607137515635952,534724400,AAPL
2011-09-15,11.785282135009766,11.806276349215805,11.693509829736952,11.73939598237336,417818800,AAPL
2011-09-16,12.011409759521484,12.011409759521484,11.847359436783387,11.862654815331052,698513200,AAPL
2011-09-19,12.345212936401367,12.393198904393733,11.852461217012081,11.906443929414849,823860800,AAPL
2011-09-20,12.399794578552246,12.682010699387229,12.332014882962135,12.453778080889792,775754000,AAPL
2011-09-21,12.360508918762207,12.64392396041922,12.356310076556893,12.585441288116089,605976000,AAPL
2011-09-22,12.051000595092773,12.290929628790705,11.897446942508916,12.02730832978399,968480800,AAPL
2011-09-23,12.12537956237793,12.198557783190196,11.99191916446006,12.004815208166722,546277200,AAPL
2011-09-26,12.091485023498535,12.11577791620218,11.735491717059677,11.992214432713755,812876400,AAPL
2011-09-27,11.974224090576172,12.273833861737717,11.938234815842591,12.258238963166608,632497600,AAPL
2011-09-28,11.906742095947266,12.108581186829658,11.89174543355573,12.002112571981703,429637600,AAPL
2011-09-29,11.713601112365723,12.062696811578846,11.582839583162729,12.05399961103778,651086800,AAPL
2011-09-30,11.43618392944336,11.663216907441482,11.43198508749196,11.610131948908112,547640800,AAPL
2011-10-03,11.234641075134277,11.475769712499888,11.191754915224463,11.407690506364178,669099200,AAPL
2011-10-04,11.171663284301758,11.450579969779925,10.624027902511745,11.23374496485565,1233677200,AAPL
2011-10-05,11.344111442565918,11.391196450920175,10.805771565693437,11.032504212310847,786469600,AAPL
2011-10-06,11.317719459533691,11.539952961221413,11.150669136345615,11.1965552794753,812582400,AAPL
2011-10-07,11.090689659118652,11.328818427471036,11.051401687806338,11.2700362289647,535458000,AAPL
2011-10-10,11.66081428527832,11.66081428527832,11.342909241420696,11.369301956637988,442514800,AAPL
2011-10-11,12.00511646270752,12.091791375230041,11.741495920344326,11.773585875391285,605687600,AAPL
2011-10-12,12.062098503112793,12.273834519869366,12.000616655303046,12.21655231528316,622286000,AAPL
2011-10-13,12.249241828918457,12.249241828918457,12.081891186542766,12.145771566410112,426185200,AAPL
2011-10-14,12.656222343444824,12.656222343444824,12.454381582200917,12.501168686136861,573367200,AAPL
2011-10-17,12.595935821533203,12.797175877937269,12.474471345662058,12.64842013544295,686044800,AAPL
2011-10-18,12.66341781616211,12.74049535884672,12.475973913537224,12.649021786162644,881602400,AAPL
2011-10-19,11.955029487609863,12.248941213429818,11.930436270729787,12.036904902665759,1104059600,AAPL
2011-10-20,11.855757713317871,12.006912814016362,11.82276841531066,11.996416109989452,549270400,AAPL
2011-10-21,11.782581329345703,11.970625883009863,11.719000459931653,11.93943528293594,621244400,AAPL
2011-10-24,12.169464111328125,12.191356869581696,11.858457527229652,11.88185027217558,502138000,AAPL
2011-10-25,11.929535865783691,12.192857625259927,11.917840293420245,12.14727100066088,430427200,AAPL
2011-10-26,12.014411926269531,12.072894596448752,11.790977950261102,12.049200730155617,456304800,AAPL
2011-10-27,12.137077331542969,12.26633971141595,12.053102873394677,12.223151611632236,494664800,AAPL
2011-10-28,12.144872665405273,12.186860286199597,12.07169444652446,12.086389993675386,322842800,AAPL
2011-10-31,12.139776229858398,12.276235816990253,12.027909063830839,12.068997339106886,385501200,AAPL
2011-11-01,11.89174747467041,11.981420739980205,11.793077491736812,11.918740030083471,531790000,AAPL
2011-11-02,11.918741226196289,12.009614169755165,11.849761045176468,11.999117464242513,327350800,AAPL
2011-11-03,12.08849048614502,12.098387357086226,11.857259442491728,11.968525963052294,441386400,AAPL
2011-11-04,12.003615379333496,12.0995865132294,11.971225111633036,12.057299375007437,302229200,AAPL
2011-11-07,11.988321304321289,11.996419473305671,11.880354260235222,11.993720617542483,270275600,AAPL
2011-11-08,12.183259010314941,12.236343961654653,12.04320126229955,12.062695482580022,400442000,AAPL
2011-11-09,11.85486125946045,12.023111285249323,11.823371139683,11.905546089210327,558684000,AAPL
2011-11-10,11.553147315979004,11.912739667767466,11.461074727996936,11.90734115759875,744752400,AAPL
2011-11-11,11.535154342651367,11.65751738311686,11.404392817936953,11.594835876138788,653786000,AAPL
2011-11-14,11.374401092529297,11.55404791742943,11.342610665590955,11.502162634769181,432905200,AAPL
2011-11-15,11.661417961120605,11.681511218720434,11.380101943708711,11.420589577475825,430810800,AAPL
2011-11-16,11.539654731750488,11.730697658097592,11.526158052056301,11.674014486432323,349210400,AAPL
2011-11-17,11.318920135498047,11.533955641505475,11.261637130493767,11.51596060288499,479900400,AAPL
2011-11-18,11.244839668273926,11.396294277995475,11.243040164746793,11.364204333032317,371938000,AAPL
2011-11-21,11.066995620727539,11.147071537714728,10.974022859415857,11.108682123312166,447980400,AAPL
2011-11-22,11.291929244995117,11.334516705484615,11.124878894127734,11.1272782327946,409021200,AAPL
2011-11-23,11.0064115524292,11.271832318622216,11.003112062177362,11.231943723849517,428271200,AAPL
2011-11-25,10.903843879699707,11.13117558857662,10.896345546729643,11.049300167287763,254760800,AAPL
2011-11-28,11.280229568481445,11.29822460449461,11.106581875613871,11.16716356183051,346413200,AAPL
2011-11-29,11.192655563354492,11.361505372264475,11.102682790377909,11.271832116116052,375855200,AAPL
2011-11-30,11.462574005126953,11.464973342998848,11.345608686413405,11.435282738104794,405938400,AAPL
2011-12-01,11.634425163269043,11.666515112066817,11.419089353873247,11.472773347577016,387181200,AAPL
2011-12-02,11.68751049041748,11.805375194343187,11.653920551387374,11.691409015158166,379055600,AAPL
2011-12-05,11.786781311035156,11.88875160682364,11.708205369046096,11.801177343621026,357210000,AAPL
2011-12-06,11.725001335144043,11.835369329744422,11.677916308408482,11.771787645769587,283598000,AAPL
2011-12-07,11.66921615600586,11.724699660050838,11.599336620311329,11.694408410545241,304746400,AAPL
2011-12-08,11.71629810333252,11.861454837776545,11.703402062998226,11.739991163836159,376356400,AAPL
2011-12-09,11.805075645446777,11.817672173721204,11.727399056539564,11.781983211548047,296993200,AAPL
2011-12-12,11.751689910888672,11.813471270430558,11.680011681281085,11.74689123428779,301067200,AAPL
2011-12-13,11.66081428527832,11.858456128377936,11.609529642206192,11.786476796814183,338928800,AAPL
2011-12-14,11.40229606628418,11.617932232742868,11.327018814785193,11.597537853276787,406887600,AAPL
2011-12-15,11.36480712890625,11.508764245199691,11.345912737371552,11.49646803498379,256200000,AAPL
2011-12-16,11.42718505859375,11.521057154708155,11.383698259085934,11.407391321155485,421478400,AAPL
2011-12-19,11.462878227233887,11.542054802281076,11.410992928504726,11.47067607797362,235530400,AAPL
2011-12-20,11.874954223632812,11.879453383790507,11.614332082728767,11.629327147661602,337215200,AAPL
2011-12-21,11.8899507522583,11.915443325082055,11.75678985924907,11.897147967386696,262948000,AAPL
2011-12-22,11.95292854309082,11.97032374363977,11.879450818751879,11.906441769633572,202358800,AAPL
2011-12-23,12.096287727355957,12.104085577129645,11.981121887086331,11.987120233066094,269399200,AAPL
2011-12-27,12.192262649536133,12.26903990024297,12.086993646994548,12.089393786979617,265076000,AAPL
2011-12-28,12.075591087341309,12.243840249142398,12.036602648188738,12.203053107452307,228662000,AAPL
2011-12-29,12.149971008300781,12.165867025684005,12.011713537142423,12.098386834201927,215978000,AAPL
2011-12-30,12.146370887756348,12.184759495404501,12.101084583692765,12.101683617353364,179662000,AAPL
2012-01-03,12.333218574523926,12.371307676590316,12.2663390092779,12.278335702975562,302220800,AAPL
2012-01-04,12.39949893951416,12.436688691879752,12.274736522064421,12.296329770977671,260022000,AAPL
2012-01-05,12.53715705871582,12.552751959048999,12.37640457301365,12.444784923496291,271269600,AAPL
2012-01-06,12.66821575164795,12.678712455818141,12.57284446102311,12.589339510675467,318292800,AAPL
2012-01-09,12.648124694824219,12.828670932426732,12.636727835704786,12.761191531864341,394024400,AAPL
2012-01-10,12.69340705871582,12.77618261852515,12.641222257745468,12.77348296283516,258196400,AAPL
2012-01-11,12.672718048095703,12.681715569114726,12.575547223632585,12.676616573446893,215084800,AAPL
2012-01-12,12.63792610168457,12.683212414517078,12.558749533026111,12.664618342023882,212587200,AAPL
2012-01-13,12.590540885925293,12.609735595290228,12.556051593806204,12.587242996524225,226021600,AAPL
2012-01-17,12.737197875976562,12.775886812275035,12.68501305984986,12.72220200902999,242897200,AAPL
2012-01-18,12.869457244873047,12.88025346707405,12.785182483753246,12.804976225161154,276791200,AAPL
2012-01-19,12.8286714553833,12.937238335399316,12.791482503903909,12.90065001948229,261738400,AAPL
2012-01-20,12.605233192443848,12.821168812170626,12.588738143750017,12.82086929533752,413974400,AAPL
2012-01-23,12.818470001220703,12.849661396022343,12.665215886344047,12.676312424455672,306062400,AAPL
2012-01-24,12.608534812927246,12.749193227109702,12.582742725342284,12.749193227109702,547638000,AAPL
2012-01-25,13.395801544189453,13.629431151977856,13.307927763324432,13.629131635053486,958314000,AAPL
2012-01-26,13.334917068481445,13.459678650575432,13.290230595802324,13.446783409028464,323985200,AAPL
2012-01-27,13.414395332336426,13.450384610339562,13.309127154664464,13.326221240847445,299709200,AAPL
2012-01-30,13.586241722106934,13.612933959897964,13.357710358154822,13.367306910373541,379341200,AAPL
2012-01-31,13.690309524536133,13.743093362036634,13.588039738214041,13.66361728809414,391683600,AAPL
2012-02-01,13.681610107421875,13.765585327204171,13.662417007064224,13.748190929316824,270046000,AAPL
2012-02-02,13.649523735046387,13.711004779013292,13.615333963924398,13.672916483441245,186796400,AAPL
2012-02-03,13.786282539367676,13.795879892707864,13.662719818501714,13.714904626441747,286599600,AAPL
2012-02-06,13.91494369506836,13.945234941649982,13.741896620159379,13.747294330659592,249412800,AAPL
2012-02-07,14.060699462890625,14.088291851011657,13.933236628579841,13.953331485569828,316223600,AAPL
2012-02-08,14.296135902404785,14.299433792539256,14.086797561076404,14.110790953118357,407890000,AAPL
2012-02-09,14.790680885314941,14.8980488599067,14.412493636207294,14.418491981298533,884214800,AAPL
2012-02-10,14.798182487487793,14.924144565669566,14.652125547298358,14.724405225109592,631302000,AAPL
2012-02-13,15.07349967956543,15.11038830753046,14.908248044246243,14.981426266401876,517216000,AAPL
2012-02-14,15.27923583984375,15.282234211808941,15.055503153968868,15.135278748237187,460398400,AAPL
2012-02-15,14.925646781921387,15.783988659887564,14.902252426543527,15.423197278606215,1506120000,AAPL
2012-02-16,15.061797142028809,15.142173351031241,14.594536549065772,14.740593424493674,944552000,AAPL
2012-02-17,15.059104919433594,15.228554610556865,15.004520765097903,15.088795534443443,535805200,AAPL
2012-02-21,15.440890312194824,15.440890312194824,15.119085837845603,15.201861415748535,605595200,AAPL
2012-02-22,15.386604309082031,15.460082043184451,15.267539146793819,15.387803978244815,483302400,AAPL
2012-02-23,15.48707389831543,15.530261988454003,15.280436089201144,15.447785934251899,568027600,AAPL
2012-02-24,15.667619705200195,15.682315251741109,15.554554492571345,15.585444771654513,415072000,AAPL
2012-02-27,15.768091201782227,15.85026613745096,15.483776015043672,15.634630008631511,547582000,AAPL
2012-02-28,16.057504653930664,16.057504653930664,15.770790127567158,15.83407147534739,600387200,AAPL
2012-02-29,16.268346786499023,16.42340208528742,16.066208058173675,16.241955656124812,952011200,AAPL
2012-03-01,16.3292179107666,16.441386146280156,16.158269105575165,16.44018487574803,683270000,AAPL
2012-03-02,16.350521087646484,16.399105298764066,16.27074386853382,16.322329655876448,431712400,AAPL
2012-03-05,15.990029335021973,16.419499797603045,15.775291701189085,16.35771922183831,809124400,AAPL
2012-03-06,15.903051376342773,16.005920213823778,15.481977070513363,15.705110750829693,810238800,AAPL
2012-03-07,15.915947914123535,16.128584083741828,15.694313424259112,16.099192987886273,798520800,AAPL
2012-03-08,16.254844665527344,16.284834790355987,15.958832331099295,16.035909066145432,516457200,AAPL
2012-03-09,16.350221633911133,16.427298395736166,16.288439456655887,16.321429566445797,418919200,AAPL
2012-03-12,16.555065155029297,16.555065155029297,16.405108032493413,16.46449088644131,407282400,AAPL
2012-03-13,17.037904739379883,17.040304076785528,16.66751463542931,16.721200210304076,690855200,AAPL
2012-03-14,17.6821231842041,17.83627670214628,17.25684917942025,17.33632687895278,1418844000,AAPL
2012-03-15,17.561561584472656,17.99493222515855,17.351324688564798,17.98293552892934,1159718000,AAPL
2012-03-16,17.56184959411621,17.67071673809508,17.334817472249433,17.536357031756822,825487600,AAPL
2012-03-19,18.027620315551758,18.04771357767077,17.66622830079092,17.94574487728953,901236000,AAPL
2012-03-20,18.173372268676758,18.201562089848082,17.739101666754934,17.979929231054836,816662000,AAPL
2012-03-21,18.06960105895996,18.284037497359723,18.03691207940871,18.076799073272436,644042000,AAPL
2012-03-22,17.974830627441406,18.129584733666846,17.860564150948907,17.928043533837133,623870800,AAPL
2012-03-23,17.876155853271484,18.04860383841682,17.826669915751282,18.009315886532008,430488800,AAPL
2012-03-26,18.20396614074707,18.209065936988317,17.852472615326754,17.98832996990557,595742000,AAPL
2012-03-27,18.428897857666016,18.482881372469954,18.176373085309503,18.17997209307607,607129600,AAPL
2012-03-28,18.523067474365234,18.6379329901062,18.30383234645508,18.54585958604332,655460400,AAPL
2012-03-29,18.290328979492188,18.491269471388296,18.211453569796088,18.377903188052322,608238400,AAPL
2012-03-30,17.981130599975586,18.311331140464436,17.932844314794306,18.25764714469633,731038000,AAPL
2012-04-02,18.553356170654297,18.55755421116744,18.00601881990557,18.049506419284537,598351600,AAPL
2012-04-03,18.873958587646484,18.960634266356365,18.669720160315592,18.81337610826882,834559600,AAPL
2012-04-04,18.723711013793945,18.770197001250793,18.50447583806673,18.72491068318047,572980800,AAPL
2012-04-05,19.004728317260742,19.034119416313956,18.69641969242944,18.803787699728254,641298000,AAPL
2012-04-09,19.081193923950195,19.18946202405579,18.753392854367522,18.778284779092964,597536800,AAPL
2012-04-10,18.847576141357422,19.31423635218704,18.774397905560473,19.19217278687778,889725200,AAPL
2012-04-11,18.780391693115234,19.100395837712583,18.69461614789237,19.080302580288706,696614800,AAPL
2012-04-12,18.67751693725586,18.93424127634307,18.609436928565597,18.744397277048137,614336800,AAPL
2012-04-13,18.151479721069336,18.73540632363498,18.099895544284127,18.71771080152348,859644800,AAPL
2012-04-16,17.398706436157227,18.302935162367337,17.34232357983922,18.296337781957874,1050786800,AAPL
2012-04-17,18.285539627075195,18.294536345567025,17.152178936041413,17.363016401228066,1025528000,AAPL
2012-04-18,18.244752883911133,18.601946801641734,18.07590223682284,18.406104396777575,954531200,AAPL
2012-04-19,17.617938995361328,18.136484416885406,17.53036474172192,18.001224511783708,834719200,AAPL
2012-04-20,17.184261322021484,17.833267682718983,17.10748412582199,17.736096118329062,1030985200,AAPL
2012-04-23,17.14588165283203,17.294938573397552,16.693617501702633,17.113192663858854,966529200,AAPL
2012-04-24,16.803380966186523,17.025614465278785,16.64502784565048,16.873259690345957,1076149200,AAPL
2012-04-25,18.294536590576172,18.534465637748916,18.174572867837103,18.463686753027837,905777600,AAPL
2012-04-26,18.225557327270508,18.435195118159644,18.058506992712893,18.42259779054118,536068400,AAPL
2012-04-27,18.0845947265625,18.17996760800039,18.00961781913133,18.146677995643262,406722400,AAPL
2012-04-30,17.51416778564453,17.946639686496088,17.484776693567504,17.928644650011872,506144800,AAPL
2012-05-01,17.45868492126465,17.89745307847841,17.43169316764938,17.54176000343668,610999200,AAPL
2012-05-02,17.57415199279785,17.616739450667513,17.360615669667023,17.402003458277054,427389200,AAPL
2012-05-03,17.44939613342285,17.73671142286292,17.4038102861653,17.709719655251657,390549600,AAPL
2012-05-04,16.95244026184082,17.345622699422115,16.95004092303181,17.307234880172768,529992400,AAPL
2012-05-07,17.07929801940918,17.177968799935083,16.83187147512503,16.83996964190542,460118400,AAPL
2012-05-08,17.040319442749023,17.13988883148141,16.756904263338907,17.082306283515223,497252000,AAPL
2012-05-09,17.070301055908203,17.214259756432735,16.820476755300568,16.90595118262499,480704000,AAPL
2012-05-10,17.11048698425293,17.27123943111419,17.048107397992332,17.23225098843059,333200000,AAPL
2012-05-11,16.996219635009766,17.228950588151097,16.925440774151316,16.944934992651163,399546000,AAPL
2012-05-14,16.741600036621094,17.020216403147373,16.723005964733012,16.872061260105284,352626400,AAPL
2012-05-15,16.590145111083984,16.891555187275703,16.547557655770184,16.838471827840976,476336000,AAPL
2012-05-16,16.377500534057617,16.70170415815415,16.226345497507403,16.61652929131158,560896000,AAPL
2012-05-17,15.89885425567627,16.420098573732044,15.89885425567627,16.35441787831851,717220000,AAPL
2012-05-18,15.906646728515625,16.297429695731463,15.660720990161872,16.014014701531337,732292400,AAPL
2012-05-21,16.8333683013916,16.84116695022991,16.016712502831798,16.03020997947185,631106000,AAPL
2012-05-22,16.70411491394043,17.211262735853868,16.572454001243333,17.081400526395893,694870400,AAPL
2012-05-23,17.111690521240234,17.178870394219256,16.59194545669852,16.720005738135033,584897600,AAPL
2012-05-24,16.954538345336914,17.28983870189029,16.83187416342184,17.270943510283004,496230000,AAPL
2012-05-25,16.86365509033203,16.970423994491583,16.749089141086237,16.932635234278017,328507200,AAPL
2012-05-29,17.16297149658203,17.214856782365004,16.95423548948787,17.121884833900523,380508800,AAPL
2012-05-30,17.369911193847656,17.39450360954806,16.991723919005107,17.070900477902992,529429600,AAPL
2012-05-31,17.326723098754883,17.43978829710572,17.13867938947206,17.416994586324876,491674400,AAPL
2012-06-01,16.82468032836914,17.17437680319392,16.810585412080155,17.069707634492904,520987600,AAPL
2012-06-04,16.923646926879883,17.019918387252638,16.450089878102578,16.839972795157042,556995600,AAPL
2012-06-05,16.879852294921875,16.989020552325957,16.744893561260852,16.833066814145248,388214400,AAPL
2012-06-06,17.138687133789062,17.210364585273258,16.959939577126985,17.028019621714495,401455600,AAPL
2012-06-07,17.146482467651367,17.314431380023258,17.109893351481503,17.313532829236564,379766800,AAPL
2012-06-08,17.404403686523438,17.412202337957027,17.064905277164943,17.142882181332713,347516400,AAPL
2012-06-11,17.129985809326172,17.649729294424144,17.113789473712448,17.626336545053256,591264800,AAPL
2012-06-12,17.279634475708008,17.293429866619004,16.99592000065533,17.228650952186822,435380400,AAPL
2012-06-13,17.15966796875,17.349210810524692,17.10628351462794,17.230446817464486,293580000,AAPL
2012-06-14,17.140783309936523,17.199866626845942,17.012723007484272,17.13208610730103,345573200,AAPL
2012-06-15,17.21875762939453,17.233453176757756,17.081397907724455,17.124885516057855,335255200,AAPL
2012-06-18,17.568151473999023,17.631432818348248,17.10599056116279,17.123686080977777,440412000,AAPL
2012-06-19,17.61703109741211,17.694706837245217,17.487769607149996,17.496766320912837,361404400,AAPL
2012-06-20,17.56695556640625,17.672223740898396,17.41879881548917,17.641032340170188,358943200,AAPL
2012-06-21,17.32493019104004,17.64133541378459,17.318031690987592,17.557960786032062,326351200,AAPL
2012-06-22,17.45778465270996,17.46048350771463,17.25744472156211,17.366012370690626,284471600,AAPL
2012-06-25,17.117992401123047,17.388811778099118,17.10599570640181,17.313833236938837,304382400,AAPL
2012-06-26,17.15576934814453,17.22954656721852,17.01481068499865,17.13477434602517,276536400,AAPL
2012-06-27,17.229856491088867,17.29703637404479,17.152480219345843,17.24485155735102,202997200,AAPL
2012-06-28,17.0664005279541,17.21485676922394,16.963232193531013,17.14497804951006,282836400,AAPL
2012-06-29,17.514772415161133,17.514772415161133,17.222359011963746,17.334825212672047,421500800,AAPL
2012-07-02,17.770294189453125,17.79878513354247,17.50277434716425,17.536664603853392,400092000,AAPL
2012-07-03,17.976930618286133,17.994626139188192,17.814680566524945,17.841071686899966,241712800,AAPL
2012-07-05,18.292734146118164,18.4246945344802,17.984126098974848,18.011417367816193,484383200,AAPL
2012-07-06,18.17097282409668,18.24775005074698,18.042012390097536,18.207262416757906,418930400,AAPL
2012-07-09,18.411203384399414,18.411502901306704,18.117891442343083,18.15358040345674,379405600,AAPL
2012-07-10,18.24085807800293,18.59055293280472,18.153882838888173,18.533569431607972,511957600,AAPL
2012-07-11,18.127485275268555,18.224355751384866,17.91125012715998,18.178169292236554,469322000,AAPL
2012-07-12,17.961637496948242,18.098696108656288,17.775092927762405,18.00182561706331,428041600,AAPL
2012-07-13,18.143680572509766,18.210259806581796,17.994625287146572,18.083099684078608,311427200,AAPL
2012-07-16,18.201866149902344,18.343122803908606,18.145182176466186,18.148182150533604,301260400,AAPL
2012-07-17,18.202768325805664,18.33952743645561,18.089100849399134,18.31823290380206,293624800,AAPL
2012-07-18,18.182369232177734,18.244750424224467,18.1013923680725,18.19226610191499,252700000,AAPL
2012-07-19,18.424095153808594,18.454985429115876,18.17456880828095,18.332921912010583,436861600,AAPL
2012-07-20,18.12358283996582,18.427691681228385,18.105587807487375,18.38540375532755,397471200,AAPL
2012-07-23,18.109495162963867,18.171576854021886,17.62603959978139,17.826679104264493,487975600,AAPL
2012-07-24,18.0222225189209,18.28494372179569,17.94994283495344,18.215963529240753,565132400,AAPL
2012-07-25,17.243953704833984,17.418801117750373,17.094898383542972,17.228659121034028,877312800,AAPL
2012-07-26,17.241252899169922,17.40680245495541,17.105693473731357,17.387607746448815,406632800,AAPL
2012-07-27,17.5495548248291,17.569649679913837,17.142577149220056,17.245146440621014,403936400,AAPL
2012-07-30,17.845565795898438,17.97782568229587,17.629329090320656,17.722302624994732,379142400,AAPL
2012-07-31,18.31732940673828,18.345522433840806,18.07620230384375,18.091496884902835,462327600,AAPL
2012-08-01,18.198871612548828,18.486486403922918,18.084605080845588,18.47179085117797,384501600,AAPL
2012-08-02,18.228256225585938,18.315229841431343,18.002124183710063,18.07980156437809,332158400,AAPL
2012-08-03,18.465486526489258,18.533866070720396,18.34132316406075,18.403404845275002,344920800,AAPL
2012-08-06,18.67092514038086,18.740504355569087,18.452290623872877,18.513171035679797,302103200,AAPL
2012-08-07,18.62174415588379,18.744406758940457,18.535669070182458,18.67752638531662,290446800,AAPL
2012-08-08,18.590246200561523,18.710810537655803,18.5074706377298,18.576149688787492,244706000,AAPL
2012-08-09,18.696273803710938,18.72639431034981,18.608022729973765,18.609528353162762,221642400,AAPL
2012-08-10,18.725488662719727,18.727295088674897,18.635130367813492,18.635431170710746,194938800,AAPL
2012-08-13,18.975482940673828,18.975482940673828,18.77217396508495,18.77639163987187,278832400,AAPL
2012-08-14,19.026376724243164,19.234807305799784,18.98180000592484,19.031799216934097,340169200,AAPL
2012-08-15,19.00048065185547,19.095960631958125,18.907712723346606,19.014637689860816,257342400,AAPL
2012-08-16,19.166439056396484,19.179088861069367,18.99053856802046,19.011924523402705,254534000,AAPL
2012-08-17,19.520954132080078,19.52336377253159,19.24084066816445,19.27668286345191,442761200,AAPL
2012-08-20,20.03419303894043,20.03419303894043,19.57486545594155,19.578179113167877,613384800,AAPL
2012-08-21,19.760404586791992,20.327260394745803,19.587817722128047,20.20497356417612,812719600,AAPL
2012-08-22,20.146242141723633,20.150157405467866,19.52095489719371,19.711010871683705,565322800,AAPL
2012-08-23,19.958290100097656,20.177260098755397,19.913711760952577,20.06310622094464,420128800,AAPL
2012-08-24,19.97606086730957,20.164611180561526,19.745042658717686,19.864316624535657,437340400,AAPL
2012-08-27,20.351354598999023,20.507675570705203,20.28689753317027,20.481169530658132,427008400,AAPL
2012-08-28,20.324851989746094,20.364007842139344,20.200456314241727,20.33027287638504,267416800,AAPL
2012-08-29,20.284788131713867,20.411291011276436,20.25858450382487,20.338401816031865,202806800,AAPL
2012-08-30,19.995635986328125,20.22695657391411,19.96491388415988,20.199548128506247,302699600,AAPL
2012-08-31,20.036907196044922,20.13810888021074,19.796248773944143,20.097447403077773,338321200,AAPL
2012-09-04,20.32996368408203,20.335083765699665,20.014609766139593,20.052560782666408,367892000,AAPL
2012-09-05,20.18719482421875,20.371527397938152,20.168218513310958,20.348034219943038,336375200,AAPL
2012-09-06,20.36911964416504,20.42996223552002,20.204364971619793,20.275748529058458,391196400,AAPL
2012-09-07,20.494720458984375,20.556164657021466,20.35406056964055,20.42273207753105,329666400,AAPL
2012-09-10,19.96160125732422,20.580561759368056,19.94232414010805,20.495022768863688,487998000,AAPL
2012-09-11,19.896846771240234,20.18328509272132,19.77365593385995,20.03298821751727,503983200,AAPL
2012-09-12,20.17394256591797,20.17725622236067,19.758591816536654,20.085390727485674,712233200,AAPL
2012-09-13,20.57123374938965,20.64713581988127,20.323949610140573,20.402261321237386,598360000,AAPL
2012-09-14,20.82122039794922,20.992903204217143,20.71911312264266,20.78146295168558,600474000,AAPL
2012-09-17,21.07724380493164,21.077845410705354,20.92152442383492,21.064291586509324,398031200,AAPL
2012-09-18,21.141395568847656,21.154045374078304,20.97603764945547,21.080252162613913,373503200,AAPL
2012-09-19,21.14711570739746,21.204041431004747,21.07091286740628,21.091695606364887,326874800,AAPL
2012-09-20,21.044710159301758,21.085674036530783,20.8917012467948,21.058564784078854,336568400,AAPL
2012-09-21,21.086572647094727,21.236568678503673,21.064585089685142,21.15645058121059,571589200,AAPL
2012-09-24,20.806455612182617,20.93687532109105,20.571823030961816,20.68808570765309,639766400,AAPL
2012-09-25,20.286893844604492,20.866399291696446,20.270627973247354,20.730256264779644,518789600,AAPL
2012-09-26,20.035085678100586,20.261284478196398,19.915208566016755,20.142311382764802,576503200,AAPL
2012-09-27,20.5212345123291,20.546836541617786,19.88962234794608,20.008294734900897,594090000,AAPL
2012-09-28,20.092926025390625,20.51490417099203,20.08238344839335,20.443821400545055,535110800,AAPL
2012-10-01,19.860694885253906,20.38357532659158,19.773648680710895,20.215204604121947,543594800,AAPL
2012-10-02,19.918529510498047,20.070333598780625,19.5974522498958,19.93358895476649,627992400,AAPL
2012-10-03,20.223941802978516,20.236292411810844,19.958286287393815,20.025453781845858,424281200,AAPL
2012-10-04,20.08388900756836,20.30828150090127,20.046240393921877,20.217921611006915,370725600,AAPL
2012-10-05,19.6558837890625,20.05978957251383,19.616427147131613,20.035694785140404,594006000,AAPL
2012-10-08,19.2215576171875,19.50438304582481,19.159510198980506,19.483901108302977,637994000,AAPL
2012-10-09,19.15167999267578,19.29143588094739,18.781206728482843,19.236015775302704,838597200,AAPL
2012-10-10,19.304088592529297,19.426676218197166,19.186320247084247,19.268848008042795,510356000,AAPL
2012-10-11,18.91825294494629,19.49354244297468,18.91825294494629,19.4724588968091,546081200,AAPL
2012-10-12,18.966745376586914,19.1375241811159,18.83391759623897,18.962226899626607,460014800,AAPL
2012-10-15,19.118850708007812,19.129994890666445,18.79024369957557,19.046262315015113,432502000,AAPL
2012-10-16,19.57155418395996,19.586916043361974,19.00560237215813,19.137226965800913,549771600,AAPL
2012-10-17,19.415529251098633,19.661909287165024,19.39715615002627,19.543840155777236,389037600,AAPL
2012-10-18,19.05499839782715,19.338726287133845,18.97548188138812,19.264331462446112,476624400,AAPL
2012-10-19,18.368263244628906,19.028789226900614,18.361635931295073,19.00710407858667,744086000,AAPL
2012-10-22,19.09686279296875,19.13752426006517,18.395974466965153,18.4459736908657,546730800,AAPL
2012-10-23,18.474281311035156,19.092942523504085,18.42428370881687,19.005593903863865,707145600,AAPL
2012-10-24,18.578792572021484,18.871557246873486,18.392351196666564,18.717645994755724,558527200,AAPL
2012-10-25,18.359230041503906,18.734524255682732,18.239052054218742,18.674283252030936,656325600,AAPL
2012-10-26,18.19236946105957,18.49356809434117,17.80081252465092,18.355919389176986,1018432800,AAPL
2012-10-31,17.930925369262695,18.13092065791556,17.7014127957269,17.917672349635964,510003200,AAPL
2012-11-01,17.967670440673828,18.162243222921486,17.896286872900976,18.018271267485705,361298000,AAPL
2012-11-02,17.373106002807617,17.98001996507705,17.31136099236046,17.948093041347594,599373600,AAPL
2012-11-05,17.6086368560791,17.703513578864836,17.3971950504432,17.575505123360344,529135600,AAPL
2012-11-06,17.555334091186523,17.79297965179903,17.47220471312352,17.777619400417937,374917200,AAPL
2012-11-07,16.883617401123047,17.384073775708128,16.815537145402605,17.362893933982846,793648800,AAPL
2012-11-08,16.270898818969727,17.011599965268616,16.196466415580343,16.963187069485844,1056146000,AAPL
2012-11-09,16.55259895324707,16.789211377943264,16.148965233039164,16.3516902391191,929913600,AAPL
2012-11-12,16.42461395263672,16.77771799519155,16.298137629133063,16.767127265474258,515802000,AAPL
2012-11-13,16.426734924316406,16.656085500946944,16.2288511330389,16.306008020371955,532949200,AAPL
2012-11-14,16.244577407836914,16.56439827014197,16.223397571427917,16.505396258483948,477170400,AAPL
2012-11-15,15.903885841369629,16.323858249291064,15.813114843358221,16.264251858255392,789910800,AAPL
2012-11-16,15.966217041015625,16.036414164472397,15.30267235270149,15.891178625188132,1266893600,AAPL
2012-11-19,17.117507934570312,17.171062703107985,16.335354937910797,16.36046792619889,823317600,AAPL
2012-11-20,16.971664428710938,17.305707046369633,16.780136103920814,17.304496723611184,642754000,AAPL
2012-11-21,16.995569229125977,17.167128041629624,16.841255496562038,17.072726095407948,373002000,AAPL
2012-11-23,17.292091369628906,17.307221213526503,17.022801801558103,17.16107755421872,272826400,AAPL
2012-11-26,17.837635040283203,17.851855123355914,17.358962805277766,17.42522677647807,630579600,AAPL
2012-11-27,17.693910598754883,17.864562893404646,17.552306053294323,17.83823796672233,533330000,AAPL
2012-11-28,17.638235092163086,17.724770743275215,17.315085387693557,17.466674673449994,520864400,AAPL
2012-11-29,17.832487106323242,17.98044543113481,17.70813088380406,17.85850985418827,514698800,AAPL
2012-11-30,17.70904541015625,17.803449014197227,17.630376009441935,17.75473390403096,391319600,AAPL
2012-12-03,17.736574172973633,17.9907371551638,17.71569650520772,17.96229537262914,364280000,AAPL
2012-12-04,17.4237060546875,17.60373708588559,17.31114929208683,17.60373708588559,557068400,AAPL
2012-12-05,16.302377700805664,17.224016982964052,16.30177173125923,17.213730043943766,1044638000,AAPL
2012-12-06,16.55805206298828,16.741712532130514,15.6923866522819,16.00434136891508,1177212400,AAPL
2012-12-07,16.13474464416504,16.798893428730096,16.036407950885394,16.744430526580775,787040800,AAPL
2012-12-10,16.030963897705078,16.29389964614613,15.781642260234156,15.885122430952881,630484400,AAPL
2012-12-11,16.381044387817383,16.62824760359093,16.259409352774096,16.332027115315913,592345600,AAPL
2012-12-12,16.308731079101562,16.58104732267516,16.226128544467926,16.574087560621344,487144000,AAPL
2012-12-13,16.02702522277832,16.267572365590468,15.909323384585013,16.071201184179888,625259600,AAPL
2012-12-14,15.424909591674805,15.677256265420969,15.297526739837878,15.574986402298968,1009579200,AAPL
2012-12-17,15.698434829711914,15.733836368348136,15.165905714290881,15.398887202287584,757607200,AAPL
2012-12-18,16.1544132232666,16.184669675264832,15.741399079778065,15.885122074524192,625685200,AAPL
2012-12-19,15.924763679504395,16.14836642429854,15.900255041164428,16.080892124666207,449369200,AAPL
2012-12-20,15.78618335723877,16.042463170736557,15.699949870808954,16.03641155625741,481689600,AAPL
2012-12-21,15.713565826416016,15.723852763219968,15.438525196100246,15.505999486578693,596268400,AAPL
2012-12-24,15.738978385925293,15.8624280708081,15.694802414862329,15.744425646092578,175753200,AAPL
2012-12-26,15.522039413452148,15.717502568888483,15.465155839426885,15.703583044240633,302436400,AAPL
2012-12-27,15.584368705749512,15.620374605154476,15.269691171124023,15.538376429074882,455120400,AAPL
2012-12-28,15.418852806091309,15.566812713918127,15.374374665523694,15.440034258100766,354278400,AAPL
2012-12-31,16.10207176208496,16.19980413738974,15.401008691678905,15.447301528896071,659492400,AAPL
2013-01-02,16.612211227416992,16.79284831308343,16.388307919068655,16.75714458982828,560518000,AAPL
2013-01-03,16.402524948120117,16.631573298883104,16.369241877248726,16.577412562543035,352965200,AAPL
2013-01-04,15.945636749267578,16.297530406940872,15.910235213441183,16.247302821671024,594333600,AAPL
2013-01-07,15.851837158203125,16.01522585813321,15.588597653758447,15.794347643828841,484156400,AAPL
2013-01-08,15.894499778747559,16.093593812252752,15.771656071187184,16.01250381168982,458707200,AAPL
2013-01-09,15.646088600158691,15.885423851664411,15.612501741636727,15.809477315043111,407604400,AAPL
2013-01-10,15.840044975280762,15.997684311152142,15.598287373955166,15.99254084183178,601146000,AAPL
2013-01-11,15.742911338806152,15.89480278204098,15.704181016439989,15.764091175891155,350506800,AAPL
2013-01-14,15.181641578674316,15.355621060027968,15.08360703504157,15.209779567536271,734207600,AAPL
2013-01-15,14.702665328979492,15.09812901411336,14.625810638795812,15.077251349699804,876772400,AAPL
2013-01-16,15.312952041625977,15.414315340711878,14.901755873006014,14.966505703932746,690804800,AAPL
2013-01-17,15.20977783203125,15.45395601705358,15.190112106115205,15.440642466041066,453678400,AAPL
2013-01-18,15.12868881225586,15.195859302085786,15.019761378919029,15.083906869784327,472922800,AAPL
2013-01-22,15.273018836975098,15.367118620898877,15.026723766034312,15.266665045303908,461546400,AAPL
2013-01-23,15.552596092224121,15.582248195605722,15.273017963255855,15.39525734551787,861509600,AAPL
2013-01-24,13.630953788757324,14.091773433387809,13.623388056921925,13.91839827318199,1460852400,AAPL
2013-01-25,13.309614181518555,13.804321871602482,13.161958043398052,13.666954284429854,1208026400,AAPL
2013-01-28,13.610678672790527,13.71294854439519,13.187983456337582,13.247590653304147,785517600,AAPL
2013-01-29,13.866045951843262,13.924443615150688,13.679963290014491,13.873005710991691,571158000,AAPL
2013-01-30,13.822477340698242,13.997062762954402,13.751978059849383,13.82762080844698,417155200,AAPL
2013-01-31,13.781933784484863,13.896609050150625,13.766503379617147,13.82701790803804,319334400,AAPL
2013-02-01,13.72535228729248,13.902660548935678,13.565896692060472,13.891465466305634,539484400,AAPL
2013-02-04,13.383444786071777,13.795550049540225,13.373762202600899,13.734127372585691,477117200,AAPL
2013-02-05,13.853036880493164,13.910526400685532,13.380416370421392,13.43578742191285,573347600,AAPL
2013-02-06,13.838211059570312,14.115064705673877,13.693882095360912,13.811583959776964,593706400,AAPL
2013-02-07,14.249675750732422,14.303846570817578,13.820559443419793,14.098420366894182,704580800,AAPL
2013-02-08,14.455406188964844,14.571967142047269,14.250586254159183,14.425581278010895,633158400,AAPL
2013-02-11,14.606053352355957,14.758527737611887,14.40275796446513,14.501666154766525,517490400,AAPL
2013-02-12,14.239938735961914,14.680619370005392,14.235069228933625,14.593273806687538,609053200,AAPL
2013-02-13,14.212851524353027,14.41462723817829,14.097507928953139,14.218938407716506,475207600,AAPL
2013-02-14,14.200071334838867,14.353761498485479,14.121856907285675,14.13707330458323,355275200,AAPL
2013-02-15,14.004383087158203,14.308720798226265,13.99707882606029,14.268851300066093,391745200,AAPL
2013-02-19,13.999207496643066,14.082596995079204,13.81234584583798,14.03299010930036,435783600,AAPL
2013-02-20,13.660177230834961,13.929211007897644,13.658654290801083,13.929211007897644,476302400,AAPL
2013-02-21,13.575267791748047,13.669917630508838,13.476662696906198,13.573441726324965,447182400,AAPL
2013-02-22,13.719823837280273,13.743865804914476,13.591697800937117,13.67234777761322,330654800,AAPL
2013-02-25,13.476052284240723,13.850995374513946,13.469051961769289,13.812344882670265,372579200,AAPL
2013-02-26,13.663829803466797,13.74204423535776,13.319624215301117,13.507095376466475,501499600,AAPL
2013-02-27,13.529914855957031,13.769428366774317,13.41061522617341,13.647388421243896,587350400,AAPL
2013-02-28,13.433444023132324,13.630349412152567,13.433444023132324,13.514093193797708,322515200,AAPL
2013-03-01,13.100805282592773,13.335449377973477,13.085892823157115,13.329970369716516,552448400,AAPL
2013-03-04,12.783683776855469,13.031718162354153,12.751728047663832,13.019544396439633,582755600,AAPL
2013-03-05,13.121194839477539,13.244451393207177,12.804988943546354,12.827205663283813,638433600,AAPL
2013-03-06,12.954415321350098,13.2462752404221,12.916981400539116,13.223753775310522,460250000,AAPL
2013-03-07,13.104151725769043,13.147672536835719,12.814422570012185,12.919114529111853,468473600,AAPL
2013-03-08,13.138846397399902,13.251755245093104,13.04419738804103,13.080413939528388,391482000,AAPL
2013-03-11,13.326014518737793,13.360709758033007,12.93859287962297,13.07889271348719,474236000,AAPL
2013-03-12,13.038718223571777,13.356750963878728,13.012545438415174,13.256928517156346,465911600,AAPL
2013-03-13,13.036284446716309,13.22345164992328,12.945288380174006,13.039328701219823,405549200,AAPL
2013-03-14,13.162582397460938,13.227709600615675,13.100192259694586,13.172624534338691,303875600,AAPL
2013-03-15,13.502226829528809,13.519574043707632,13.30714584182026,13.327841248747925,643960800,AAPL
2013-03-18,13.869256019592285,13.922209468866813,13.427358022593896,13.434966220753935,606197200,AAPL
2013-03-19,13.83182430267334,14.029034475086064,13.649524964906137,13.984295469804549,526775200,AAPL
2013-03-20,13.758475303649902,13.927383466068479,13.682695640396657,13.920992645119789,308660800,AAPL
2013-03-21,13.778258323669434,13.938035360978443,13.69821864876015,13.701870778915927,383255600,AAPL
2013-03-22,14.057634353637695,14.063415671483412,13.789818095739012,13.834555451292376,395105200,AAPL
2013-03-25,14.108470916748047,14.302334585527962,14.053690566195058,14.142251916210821,501135600,AAPL
2013-03-26,14.034209251403809,14.177246980577257,14.015644659134969,14.16507321100156,294294000,AAPL
2013-03-27,13.758475303649902,13.902122494760098,13.717390061548933,13.89177560611326,331237200,AAPL
2013-03-28,13.471793174743652,13.750565977541381,13.44014218868815,13.689698759178349,442839600,AAPL
2013-04-01,13.053329467773438,13.503444417122203,13.017722412535655,13.448663269421104,389732000,AAPL
2013-04-02,13.080107688903809,13.334228957865685,12.976937054242738,13.013458352059004,529519200,AAPL
2013-04-03,13.147061347961426,13.30805574025124,13.095932345352148,13.128192011371029,363216000,AAPL
2013-04-04,13.017110824584961,13.238668508328285,12.941939844910772,13.200931455904469,358447600,AAPL
2013-04-05,12.879552841186523,12.932811859181816,12.772425304104988,12.91911596333412,383695200,AAPL
2013-04-08,12.971158027648926,13.010417213199942,12.857945227981947,12.929768026214434,300829200,AAPL
2013-04-09,12.994589805603027,13.040848493649335,12.865855067304734,12.97572127991772,306614000,AAPL
2013-04-10,13.259666442871094,13.301361184153214,12.965067813613324,13.028674520536692,375928000,AAPL
2013-04-11,13.218278884887695,13.329665604273549,13.123020375397523,13.19971348354401,328364400,AAPL
2013-04-12,13.080410957336426,13.21279698991487,13.058802931577365,13.21279698991487,238613200,AAPL
2013-04-15,12.777597427368164,13.022284443790115,12.76846710255108,12.995198219833425,317520000,AAPL
2013-04-16,12.97206974029541,12.983329255984437,12.799510246765234,12.829943852181207,305771200,AAPL
2013-04-17,12.258703231811523,12.800424532180406,12.115969458564175,12.790380767214431,945056000,AAPL
2013-04-18,11.93154239654541,12.349701599359374,11.861240101307368,12.32535487462829,666299200,AAPL
2013-04-19,11.88528060913086,12.16131466645346,11.720024575060275,11.807370129729104,609274400,AAPL
2013-04-22,12.133010864257812,12.24044313883891,11.907802676504216,11.949495796734695,429920400,AAPL
2013-04-23,12.360047340393066,12.428522746786433,12.137271471900222,12.294918500858564,664238400,AAPL
2013-04-24,12.339655876159668,12.637601910134274,11.94523477221678,11.976886565814205,969651200,AAPL
2013-04-25,12.428522109985352,12.597733396034279,12.386523429459706,12.515258162084853,384837600,AAPL
2013-04-26,12.696948051452637,12.744728867946694,12.42456610971757,12.472042988370506,764097600,AAPL
2013-04-29,13.090152740478516,13.196670764922342,12.782162933259066,12.795858014954069,640326400,AAPL
2013-04-30,13.475445747375488,13.550617557341061,13.149500779364768,13.241715054484805,691538400,AAPL
2013-05-01,13.369230270385742,13.54087633428051,13.220105677085664,13.526572563344953,506909200,AAPL
2013-05-02,13.558829307556152,13.652259293321958,13.41000788050896,13.445006234532203,421828400,AAPL
2013-05-03,13.694565773010254,13.793475594340649,13.669304801140777,13.735041515029657,361300800,AAPL
2013-05-06,14.021121978759766,14.066467233295263,13.826344939689367,13.868951502734406,496641600,AAPL
2013-05-07,13.958732604980469,14.174507374448128,13.807781122651555,14.150769337974909,483753200,AAPL
2013-05-08,14.116377830505371,14.162942086440165,13.87199553465408,13.970295866216658,472598000,AAPL
2013-05-09,13.993220329284668,14.1840772329233,13.95676488389166,14.08635170519824,398487600,AAPL
2013-05-10,13.876810073852539,14.083291715444599,13.800528814482089,14.029986127945701,334852000,AAPL
2013-05-13,13.931036949157715,14.027844671170765,13.831779993413829,13.832085943118349,316948800,AAPL
2013-05-14,13.597721099853516,13.945123549763542,13.545334191597544,13.90376636845545,447118000,AAPL
2013-05-15,13.137887954711914,13.510105906178207,12.939066527844313,13.453737556250873,741613600,AAPL
2013-05-16,13.313427925109863,13.413605149851131,12.83306905624337,12.966025426620178,603204000,AAPL
2013-05-17,13.272991180419922,13.48222964894841,13.204062526046949,13.450369165897564,427904400,AAPL
2013-05-20,13.569233894348145,13.657156786048962,13.17618431681052,13.2316340080819,451578400,AAPL
2013-05-21,13.469056129455566,13.647352775205363,13.301788395210028,13.422797199938975,456022000,AAPL
2013-05-22,13.520830154418945,13.73527713135634,13.424941936643691,13.60354535852,443038400,AAPL
2013-05-23,13.545032501220703,13.66818623519884,13.350499240639428,13.355400979470064,353021200,AAPL
2013-05-24,13.63724422454834,13.652868107825928,13.490502101598613,13.505513267531056,276166800,AAPL
2013-05-28,13.523589134216309,13.819831059515696,13.505515197023165,13.782763699956734,386145200,AAPL
2013-05-29,13.631117820739746,13.709238059585712,13.461092429074526,13.47947395046672,330576400,AAPL
2013-05-30,13.834224700927734,13.923679773617415,13.617633675836686,13.652557737246335,353519600,AAPL
2013-05-31,13.777556419372559,14.00333748270367,13.770509759664101,13.862414105102497,384302800,AAPL
2013-06-03,13.807880401611328,13.85812158082416,13.555446616886261,13.808186351217712,372352400,AAPL
2013-06-04,13.764688491821289,13.921540886559532,13.705869252818113,13.884471889922581,292728800,AAPL
2013-06-05,13.636018753051758,13.80788228668851,13.593129357054607,13.652561303278814,290589600,AAPL
2013-06-06,13.432296752929688,13.69392137156192,13.297196239612301,13.647049714816257,416934000,AAPL
2013-06-07,13.53492259979248,13.578730661985944,13.257980091892925,13.37224982926139,404535600,AAPL
2013-06-10,13.445466041564941,13.75763771697179,13.381439132421104,13.624375392902458,450153200,AAPL
2013-06-11,13.405946731567383,13.564024520341396,13.274828503577668,13.348966477687375,286112400,AAPL
2013-06-12,13.240214347839355,13.517769620039784,13.219076005319213,13.464158071456191,265227200,AAPL
2013-06-13,13.355708122253418,13.391857631311572,13.134828813772454,13.2497112827605,285832400,AAPL
2013-06-14,13.174654006958008,13.365817739193528,13.12716881905356,13.33855222481974,271866000,AAPL
2013-06-17,13.234391212463379,13.34774146762619,13.184150026055278,13.217235944778015,259414400,AAPL
2013-06-18,13.227347373962402,13.323235608255242,13.179557049711553,13.22091424986263,195025600,AAPL
2013-06-19,12.958675384521484,13.223975443790437,12.958675384521484,13.216010118507754,310940000,AAPL
2013-06-20,12.769963264465332,13.049967737538225,12.718802591614779,12.845325864183227,357310800,AAPL
2013-06-21,12.667638778686523,12.866767795355829,12.502209210878,12.820508051852286,481118400,AAPL
2013-06-24,12.331881523132324,12.51936896702073,12.194329322863098,12.480768586865842,480746000,AAPL
2013-06-25,12.334632873535156,12.492709800124974,12.218219074975787,12.428682906257174,314162800,AAPL
2013-06-26,12.194940567016602,12.400808677130259,12.121109357430225,12.373543165562623,367724000,AAPL
2013-06-27,12.063514709472656,12.296648330414962,12.056162919743235,12.231090031881985,337246000,AAPL
2013-06-28,12.147762298583984,12.262337165995689,11.913096471749661,11.98937855152514,578516400,AAPL
2013-07-01,12.536520957946777,12.629959114782233,12.291439775670272,12.336474086103104,391053600,AAPL
2013-07-02,12.820509910583496,12.916704897002056,12.544181752286304,12.559192918113455,469865200,AAPL
2013-07-03,12.891277313232422,12.958062684181469,12.788650023582228,12.893115465223143,240928800,AAPL
2013-07-05,12.787731170654297,12.967560034756477,12.724316968957796,12.878718471621717,274024800,AAPL
2013-07-08,12.71512508392334,12.897404813072608,12.580330540046361,12.87014011825737,298138400,AAPL
2013-07-09,12.938762664794922,12.973992684669051,12.572059927394278,12.670704964698455,352584400,AAPL
2013-07-10,12.889132499694824,13.013818432307634,12.81315800426086,12.854515197321916,281405600,AAPL
2013-07-11,13.090100288391113,13.119510721817093,12.902613683583771,12.957143892800016,326292400,AAPL
2013-07-12,13.066205978393555,13.16668917832063,12.97123723509221,13.10113005230925,279563200,AAPL
2013-07-15,13.094693183898926,13.217846900206997,13.01381695893913,13.020250899254801,241917200,AAPL
2013-07-16,13.179250717163086,13.194873784366598,12.994520095483857,13.066512347512608,216538000,AAPL
2013-07-17,13.182619094848633,13.241133198162458,13.118592170969277,13.163932441015954,198990400,AAPL
2013-07-18,13.22703742980957,13.3223120998426,13.191807414700934,13.276665891394014,218878800,AAPL
2013-07-19,13.018412590026855,13.295047478842866,13.00003107227163,13.26808873751561,268721600,AAPL
2013-07-22,13.060075759887695,13.165460674471019,13.034342453013661,13.156576683224174,207796400,AAPL
2013-07-23,12.835829734802246,13.079991480179602,12.827251691313553,13.050581863408476,369395600,AAPL
2013-07-24,13.495099067687988,13.620090152386524,13.334264422023232,13.446695208313072,591936800,AAPL
2013-07-25,13.433520317077637,13.522362696760185,13.35111187859564,13.500918407550879,229493600,AAPL
2013-07-26,13.50980281829834,13.51133420269761,13.306078792314906,13.335488407986997,200152400,AAPL
2013-07-29,13.718119621276855,13.785516885008796,13.48559873418282,13.503979434270127,248057600,AAPL
2013-07-30,13.887535095214844,14.004867613381878,13.762236432852658,13.784600208782733,309422400,AAPL
2013-07-31,13.86332893371582,14.010683749937247,13.768360214875107,13.938692336809225,322957600,AAPL
2013-08-01,13.990467071533203,13.994143375574378,13.885694860501285,13.96197776033206,206250800,AAPL
2013-08-02,14.1699857711792,14.179483296703122,13.989851824549767,14.03120900804567,274783600,AAPL
2013-08-05,14.38167953491211,14.41905447729663,14.158043416036355,14.23585606967879,318855600,AAPL
2013-08-06,14.253009796142578,14.456427025703578,14.15865297070691,14.337869094673438,334857600,AAPL
2013-08-07,14.244735717773438,14.30661933664721,14.146396652734653,14.208586221183547,298858000,AAPL
2013-08-08,14.216368675231934,14.311656486666223,14.122004772994392,14.304255331710458,255777200,AAPL
2013-08-09,14.014073371887207,14.199406916936526,13.989404502901614,14.143282316752266,266865200,AAPL
2013-08-12,14.412185668945312,14.45196481627323,14.081299381564806,14.088392566442728,364434000,AAPL
2013-08-13,15.097085952758789,15.254048404441184,14.433462251125901,14.522584077969322,881941200,AAPL
2013-08-14,15.372462272644043,15.549777061309518,15.215191864682295,15.353343447930415,756372400,AAPL
2013-08-15,15.354270935058594,15.49273216716715,15.081976251870397,15.308324151099265,490294000,AAPL
2013-08-16,15.490579605102539,15.509390472419579,15.38357406377376,15.423353234599865,362306000,AAPL
2013-08-19,15.657403945922852,15.84242790363671,15.54207173626259,15.552555883723638,510518400,AAPL
2013-08-20,15.4517240524292,15.744680825208803,15.44401492370834,15.71816082952583,358688400,AAPL
2013-08-21,15.491497039794922,15.639207231103464,15.455724790208427,15.529426724442342,335879600,AAPL
2013-08-22,15.509994506835938,15.591097576423305,15.363208260455472,15.572286723545368,244207600,AAPL
2013-08-23,15.450178146362305,15.522028984183105,15.398679666059369,15.519561931944736,222731600,AAPL
2013-08-26,15.510307312011719,15.73326257162409,15.434138328956207,15.44184745348989,330965600,AAPL
2013-08-27,15.06686782836914,15.496126686229832,14.996250516195172,15.357047850534515,424188800,AAPL
2013-08-28,15.138106346130371,15.289210862519795,14.987003476638709,14.987003476638709,307608000,AAPL
2013-08-29,15.162769317626953,15.310789120740289,15.145191986593456,15.161227822091739,239657600,AAPL
2013-08-30,15.024620056152344,15.201317303133173,15.002416588165323,15.172022295823194,272297200,AAPL
2013-09-03,15.066557884216309,15.43722337900255,15.02862819594106,15.20594302455653,331928800,AAPL
2013-09-04,15.378321647644043,15.487795826974049,15.304003776983084,15.405151245457668,345032800,AAPL
2013-09-05,15.272859573364258,15.439691899691345,15.222594626011034,15.42643108398779,236367600,AAPL
2013-09-06,15.3638277053833,15.399598303696866,15.108802443410362,15.370612920164694,359525600,AAPL
2013-09-09,15.60898494720459,15.66295046191283,15.526032401723041,15.572904731865595,340687200,AAPL
2013-09-10,15.25343132019043,15.648459322296636,15.094927367773167,15.609912051710642,743195600,AAPL
2013-09-11,14.422982215881348,14.607388589343316,14.333552404037924,14.40139468736226,898696400,AAPL
2013-09-12,14.576553344726562,14.660121856644926,14.37055777806198,14.44734436671842,404051200,AAPL
2013-09-13,14.336324691772461,14.550027678799545,14.330158709825424,14.4732427583138,298835600,AAPL
2013-09-16,13.8805513381958,14.234873063854502,13.791123166381475,14.216063849470027,543706800,AAPL
2013-09-17,14.040903091430664,14.176279666440669,13.799754560726479,13.813939284033507,399380800,AAPL
2013-09-18,14.32954216003418,14.381040629433473,14.205575281649372,14.283285763807191,456862000,AAPL
2013-09-19,14.564518928527832,14.673375495908687,14.470464667232172,14.515179555140392,404541200,AAPL
2013-09-20,14.413728713989258,14.757256618780012,14.370247337792367,14.74029687284881,699302800,AAPL
2013-09-23,15.130078315734863,15.323428913763367,14.882144624680977,15.29845043348349,762106800,AAPL
2013-09-24,15.082587242126465,15.279020815373121,15.043116075075512,15.260827550366574,364344400,AAPL
2013-09-25,14.849152565002441,15.099243749731388,14.846069573893676,15.08567661257647,316957200,AAPL
2013-09-26,14.993782043457031,15.065940844729763,14.922239181740983,14.986998473847484,237221600,AAPL
2013-09-27,14.886777877807617,14.945985484722307,14.824177662335607,14.91853994025252,228040400,AAPL
2013-09-30,14.701751708984375,14.853162488811382,14.629591265105413,14.7171699597511,260156400,AAPL
2013-10-01,15.047440528869629,15.08382872497561,14.752016795270023,14.754175877645897,353883600,AAPL
2013-10-02,15.09677791595459,15.165853720712311,14.917613628140467,14.975587699596522,289184000,AAPL
2013-10-03,14.90713119506836,15.182818536738525,14.824796203255683,15.12607633151562,322753200,AAPL
2013-10-04,14.895410537719727,14.943824372775538,14.75880042043294,14.921004966083245,258868400,AAPL
2013-10-07,15.040959358215332,15.192062130619336,14.966949467326357,15.00426320590246,312292400,AAPL
2013-10-08,14.83095932006836,15.130081921604747,14.818624061817937,15.108494396218028,290917200,AAPL
2013-10-09,15.005191802978516,15.042195936535741,14.748932949196066,14.94505864491296,301725200,AAPL
2013-10-10,15.0992431640625,15.183737209308214,15.019065635581022,15.151051246614681,278602800,AAPL
2013-10-11,15.196998596191406,15.228760650924064,14.96109213523163,15.01752470639565,267738800,AAPL
2013-10-14,15.296600341796875,15.344090254461381,15.090298535383202,15.10510084274305,261898000,AAPL
2013-10-15,15.37801742553711,15.48039844475913,15.280572157603709,15.341937198900105,320073600,AAPL
2013-10-16,15.45295524597168,15.496744605641291,15.394981157473065,15.443087035691478,251101200,AAPL
2013-10-17,15.557487487792969,15.566122168331072,15.408851747200767,15.418102367185991,253593200,AAPL
2013-10-18,15.69286060333252,15.704270302662335,15.594797794889308,15.603432473524734,290542000,AAPL
2013-10-21,16.077407836914062,16.16806951184083,15.773967081141908,15.781676205580277,398106800,AAPL
2013-10-22,16.031457901000977,16.296043393006045,15.666342537263123,16.23313523074975,534063600,AAPL
2013-10-23,16.188426971435547,16.21032247276975,16.004634865125237,16.004634865125237,313723200,AAPL
2013-10-24,16.40274429321289,16.420013656168006,16.111022822900928,16.189657218573046,384764800,AAPL
2013-10-25,16.219261169433594,16.443448321225066,16.193049156328822,16.38454869589967,337792000,AAPL
2013-10-28,16.34014129638672,16.37468001639691,16.134455412435134,16.314237256379077,550440800,AAPL
2013-10-29,15.933091163635254,16.62909303792545,15.86709998704667,16.537197813007396,635807200,AAPL
2013-10-30,16.18657684326172,16.26737033408524,15.943577137382743,16.023446718785742,354163600,AAPL
2013-10-31,16.118730545043945,16.26644239477007,16.074633227718163,16.18965746337639,275696400,AAPL
2013-11-01,16.036392211914062,16.183486444414267,15.907183278407905,16.159433516991797,274890000,AAPL
2013-11-04,16.24362564086914,16.245784723348034,15.998776465137274,16.06939377834281,244627600,AAPL
2013-11-05,16.203535079956055,16.309616669884083,16.127983670489826,16.176707124420254,265213200,AAPL
2013-11-06,16.15763282775879,16.279842062229875,16.073264972511797,16.257818724076124,223375600,AAPL
2013-11-07,15.896149635314941,16.22803686180141,15.892738876307911,16.116064906929996,262620400,AAPL
2013-11-08,16.146467208862305,16.164147171383085,15.899257501489624,15.960982486353235,279316800,AAPL
2013-11-11,16.09963035583496,16.180895564180865,15.955709204717735,16.12878663884887,227452400,AAPL
2013-11-12,16.129409790039062,16.250688081473626,16.0360470568695,16.056828013339615,204276800,AAPL
2013-11-13,16.14862823486328,16.19887686495793,16.0347927413542,16.067051652887898,197220800,AAPL
2013-11-14,16.3821964263916,16.4169351502449,16.187095695954632,16.21625197264825,282419200,AAPL
2013-11-15,16.28386878967285,16.411039239283983,16.268360521478773,16.333186474000357,317920400,AAPL
2013-11-18,16.08659553527832,16.352106282765533,16.07325895542881,16.28386791854732,244944000,AAPL
2013-11-19,16.115137100219727,16.233933909374976,16.066129171629363,16.09900763594106,208938800,AAPL
2013-11-20,15.974010467529297,16.142126664193647,15.953229511286645,16.105214583846497,193916800,AAPL
2013-11-21,16.164447784423828,16.166619471647426,15.932748138856446,16.054645886928732,262026800,AAPL
2013-11-22,16.122886657714844,16.196087933679458,16.083494796605123,16.11420156403115,223725600,AAPL
2013-11-25,16.245101928710938,16.31116863117819,16.16011453633618,16.160734072146496,229311600,AAPL
2013-11-26,16.54472541809082,16.62971444180468,16.253162675645957,16.256883202431545,401382800,AAPL
2013-11-27,16.93431282043457,16.935553548725615,16.544732419611336,16.63499416040016,363448400,AAPL
2013-11-29,17.247894287109375,17.31799292478545,16.991689787826108,17.043488932381035,318127600,AAPL
2013-12-02,17.097768783569336,17.50409636305118,17.08505173798804,17.307756576081154,472544800,AAPL
2013-12-03,17.565828323364258,17.567690244026775,17.29783764295342,17.31706810289216,450968000,AAPL
2013-12-04,17.524883270263672,17.654846637867603,17.395229670551828,17.54039154302175,377809600,AAPL
2013-12-05,17.614831924438477,17.839398716593333,17.56861687837731,17.76216547140333,447580000,AAPL
2013-12-06,17.370412826538086,17.579161571610566,17.356456708099813,17.549384101575388,344352400,AAPL
2013-12-09,17.569229125976562,17.666933513805215,17.397702283100884,17.397702283100884,320493600,AAPL
2013-12-10,17.541934967041016,17.614206934504157,17.407008741507365,17.48083120431868,278269600,AAPL
2013-12-11,17.411972045898438,17.710051470306833,17.360174567117113,17.586911325749377,359718800,AAPL
2013-12-12,17.386539459228516,17.53542347214336,17.370721423231675,17.436168567875,262290000,AAPL
2013-12-13,17.197023391723633,17.459121746262905,17.173451220894528,17.458190786318706,332822000,AAPL
2013-12-16,17.29224967956543,17.451680742006758,17.215018089101488,17.215327856971783,282592800,AAPL
2013-12-17,17.214399337768555,17.352426619502996,17.164460443062968,17.239833436992676,229902400,AAPL
2013-12-18,17.083499908447266,17.10459228104647,16.712220811001455,17.05031168218283,565863200,AAPL
2013-12-19,16.887781143188477,17.059617817359722,16.86513827296997,17.044109546748434,320308800,AAPL
2013-12-20,17.029216766357422,17.10955263702233,16.898943679842784,16.91786436183826,436413600,AAPL
2013-12-23,17.682756423950195,17.702296642470518,17.455398460900625,17.617928816982342,501306400,AAPL
2013-12-24,17.607698440551758,17.738281327722458,17.556828595541926,17.67655635573521,167554800,AAPL
2013-12-26,17.490760803222656,17.66445938905481,17.474631341185926,17.62103391434053,204008000,AAPL
2013-12-27,17.372581481933594,17.506576760676282,17.354281990719965,17.488277269462653,225884400,AAPL
2013-12-30,17.199817657470703,17.37258530073611,17.131579275397804,17.291010335324156,253629600,AAPL
2013-12-31,17.40142822265625,17.40949212456944,17.183684649364736,17.188958984552002,223084400,AAPL
2014-01-02,17.15670394897461,17.27767244413937,17.122274989377967,17.2357991165468,234684800,AAPL
2014-01-03,16.77984046936035,17.174381989987175,16.762780047147636,17.148328361425026,392467600,AAPL
2014-01-06,16.871339797973633,16.960359115419386,16.55092889570628,16.67034687137878,412610800,AAPL
2014-01-07,16.750680923461914,16.93430364146784,16.684924016191996,16.88343546562028,317209200,AAPL
2014-01-08,16.856765747070312,16.921901481970018,16.708812660976314,16.71253318844471,258529600,AAPL
2014-01-09,16.641498565673828,16.96221920106993,16.60520769692469,16.960357281384244,279148800,AAPL
2014-01-10,16.530458450317383,16.77425566699527,16.473696395439283,16.744168431754773,304976000,AAPL
2014-01-13,16.61699867248535,16.826986479339947,16.435545949927505,16.436476909951583,378492800,AAPL
2014-01-14,16.947641372680664,16.95818672886797,16.676857961666794,16.694228147808815,332561600,AAPL
2014-01-15,17.287900924682617,17.375990919886174,17.111101398787024,17.16879439876727,391638800,AAPL
2014-01-16,17.191442489624023,17.272088144420064,17.111726138343318,17.211603903323034,229278000,AAPL
2014-01-17,16.770219802856445,17.123818863360494,16.746336212233626,17.10551937483155,426739600,AAPL
2014-01-21,17.030771255493164,17.061787793604,16.76246925566749,16.780149212474637,328526800,AAPL
2014-01-22,17.106456756591797,17.28573615267471,16.991691902719655,17.087845836812154,379985200,AAPL
2014-01-23,17.251304626464844,17.261230448870354,16.898636445809267,17.057756059094654,403239200,AAPL
2014-01-24,16.937725067138672,17.23394107521195,16.896781033945626,17.183692408186104,429354800,AAPL
2014-01-27,17.07512664794922,17.208502417815513,16.927794759285128,17.06179006487016,554878800,AAPL
2014-01-28,15.710357666015625,15.974004878162036,15.572948299884127,15.780456304327238,1065523200,AAPL
2014-01-29,15.532005310058594,15.737341618353549,15.465938625775111,15.631261876906173,502810000,AAPL
2014-01-30,15.501916885375977,15.710355825408335,15.406384165749449,15.587525439940647,678501600,AAPL
2014-01-31,15.527351379394531,15.556197884967762,15.308678500807714,15.359236913383832,464797200,AAPL
2014-02-03,15.556198120117188,15.748507608008248,15.487030447071515,15.589697769308964,401464000,AAPL
2014-02-04,15.781387329101562,15.802169936852112,15.594352141909884,15.690196307527534,376681200,AAPL
2014-02-05,15.89925479888916,15.982691684566639,15.702603556134363,15.712219612068724,328344800,AAPL
2014-02-06,15.991922378540039,16.022814613238765,15.845266751886884,15.915475012761416,257765200,AAPL
2014-02-07,16.215654373168945,16.317064860285782,16.1438879770113,16.26870011511132,370280400,AAPL
2014-02-10,16.50615119934082,16.599761108151714,16.163228710915003,16.183822424253645,345559200,AAPL
2014-02-11,16.723642349243164,16.77949435293334,16.52206787524951,16.55670458299209,282256800,AAPL
2014-02-12,16.722389221191406,16.835969604133805,16.638766210005155,16.754529613306932,308100800,AAPL
2014-02-13,16.987930297851562,17.00103508634613,16.668721046770695,16.683073989713687,307398000,AAPL
2014-02-14,16.97420310974121,17.036299225438906,16.887460520298276,16.92677489545701,272924400,AAPL
2014-02-18,17.03660774230957,17.198862831677868,17.024749441078715,17.036919364334608,260251600,AAPL
2014-02-19,16.76763343811035,17.064687499844325,16.67340028681878,16.997912077098967,313768000,AAPL
2014-02-20,16.573551177978516,16.756090014669457,16.506464126905346,16.63096461557164,305858000,AAPL
2014-02-21,16.389453887939453,16.68026722911539,16.36917179333646,16.624725185477416,278784800,AAPL
2014-02-24,16.46121597290039,16.535168693227934,16.3011456113748,16.323924009097933,288909600,AAPL
2014-02-25,16.2899169921875,16.524251764585255,16.256841729157436,16.518324280173832,231952000,AAPL
2014-02-26,16.1429500579834,16.381654209795506,16.088344543950747,16.338282087184183,276217200,AAPL
2014-02-27,16.4649658203125,16.49960085763736,16.10238443938759,16.136396232680525,301882000,AAPL
2014-02-28,16.420347213745117,16.623479795217353,16.291788954474935,16.508962858797492,371968800,AAPL
2014-03-03,16.467775344848633,16.557952432568133,16.313319127798376,16.332353069032294,238781200,AAPL
2014-03-04,16.57636070251465,16.620046111947918,16.468086211096857,16.568873441611206,259140000,AAPL
2014-03-05,16.611312866210938,16.685887201859245,16.510525612421187,16.566380958274014,200062800,AAPL
2014-03-06,16.561073303222656,16.67621349235129,16.47838513660091,16.624727527096447,185488800,AAPL
2014-03-07,16.551395416259766,16.599448522211187,16.414413402030583,16.57167750644338,220729600,AAPL
2014-03-10,16.56637954711914,16.64157878699776,16.48587439978643,16.48649931036912,178584000,AAPL
2014-03-11,16.727697372436523,16.810385536988353,16.618486337529863,16.70772856397573,279224400,AAPL
2014-03-12,16.743919372558594,16.767009395404028,16.600073329543445,16.678393767167044,199326400,AAPL
2014-03-13,16.557952880859375,16.839092632621874,16.511459536891255,16.76982254939367,257742800,AAPL
2014-03-14,16.37198257446289,16.565441542244827,16.319248458111552,16.49991425758162,237199200,AAPL
2014-03-17,16.435943603515625,16.536729143824445,16.40817258782041,16.46589930577408,199544800,AAPL
2014-03-18,16.58135414123535,16.59913992792057,16.387895174884672,16.409737047468123,209647200,AAPL
2014-03-19,16.576988220214844,16.732379320711544,16.506468309966696,16.60819208900346,224756000,AAPL
2014-03-20,16.49710464477539,16.620981895767486,16.45498068025465,16.53423599130008,208398400,AAPL
2014-03-21,16.62722396850586,16.654683372383506,16.423156504004773,16.597893165759746,374046400,AAPL
2014-03-24,16.824424743652344,16.865300550427776,16.69555488489885,16.800398188061486,355700800,AAPL
2014-03-25,17.00540542602539,17.02912036421642,16.836907882261094,16.896507683006103,282293200,AAPL
2014-03-26,16.842836380004883,17.130530181242047,16.814130490789044,17.05314626289096,299768000,AAPL
2014-03-27,16.770448684692383,16.896510659274675,16.69743412493769,16.850328929399478,222031600,AAPL
2014-03-28,16.75172233581543,16.81662470658658,16.670282333711107,16.797279144096986,200564000,AAPL
2014-03-31,16.747976303100586,16.874973088952586,16.722699928291796,16.82567182651073,168669200,AAPL
2014-04-01,16.90118408203125,16.90804976458361,16.74891257501562,16.779803147217827,200760000,AAPL
2014-04-02,16.929271697998047,16.95829088030359,16.857816919194818,16.923967456739373,180420800,AAPL
2014-04-03,16.81194496154785,16.927708378020682,16.7760617686114,16.893073339614922,162344000,AAPL
2014-04-04,16.594453811645508,16.84969551957439,16.55576269688389,16.843768036793485,275251200,AAPL
2014-04-07,16.333913803100586,16.5657539532883,16.284614192658438,16.475888482347465,289850400,AAPL
2014-04-08,16.332969665527344,16.4165943155704,16.185065918873736,16.387575152208044,243888400,AAPL
2014-04-09,16.547653198242188,16.55295743797697,16.288666985819383,16.308012546322406,206169600,AAPL
2014-04-10,16.334224700927734,16.607563871373404,16.324551086922497,16.55888584575635,239652000,AAPL
2014-04-11,16.21346664428711,16.31394056958976,16.136394363172425,16.19443104067256,271717600,AAPL
2014-04-14,16.278064727783203,16.293040920279452,16.138586332796727,16.28492874657613,205674000,AAPL
2014-04-15,16.161991119384766,16.276818060534836,15.955113985577338,16.23407082960601,266490000,AAPL
2014-04-16,16.19474220275879,16.259644553860515,16.042782347195708,16.16478650236069,214765600,AAPL
2014-04-17,16.379779815673828,16.467773874787323,16.200673810835955,16.225636900857925,284334400,AAPL
2014-04-21,16.574174880981445,16.604440540796336,16.349198809881926,16.392259301546765,182548800,AAPL
2014-04-22,16.590713500976562,16.594769586231056,16.428456759374452,16.484933663795175,202563200,AAPL
2014-04-23,16.37385368347168,16.572930176763272,16.364491690726542,16.508339425819614,394940000,AAPL
2014-04-24,17.716217041015625,17.78580042573188,17.496546781491702,17.729946744691198,759911600,AAPL
2014-04-25,17.846330642700195,17.84788875287466,17.597329638968727,17.615113758521552,390275200,AAPL
2014-04-28,18.53748321533203,18.589280805693175,17.865366028278697,17.873168245505827,669485600,AAPL
2014-04-29,18.482559204101562,18.59645121314522,18.394566816164886,18.52655623128381,337377600,AAPL
2014-04-30,18.412668228149414,18.70410651933555,18.40361952314312,18.492236840790394,456640800,AAPL
2014-05-01,18.456043243408203,18.55963675795343,18.29628276340416,18.47226758922357,244048000,AAPL
2014-05-02,18.49036407470703,18.540915174303244,18.400811889402902,18.482876812782333,191514400,AAPL
2014-05-05,18.75183868408203,18.75308850470431,18.40985276684977,18.41422213974525,287067200,AAPL
2014-05-06,18.54746437072754,18.859494666135024,18.54746437072754,18.778054667380136,374564400,AAPL
2014-05-07,18.482559204101562,18.637327021029215,18.339024777077533,18.573672811336486,282864400,AAPL
2014-05-08,18.44961929321289,18.651062856803357,18.39972928410219,18.45777677555707,230297200,AAPL
2014-05-09,18.372743606567383,18.395020837996327,18.20926552703661,18.34136545412967,291597600,AAPL
2014-05-12,18.601476669311523,18.627519267521418,18.431096309425342,18.433921598697708,213208800,AAPL
2014-05-13,18.630666732788086,18.65514085678257,18.534653764052187,18.575442853552335,159737200,AAPL
2014-05-14,18.634113311767578,18.744876076284577,18.567279953160185,18.588930455710333,166404000,AAPL
2014-05-15,18.475656509399414,18.71977261630597,18.451182393778073,18.660156653461407,230846000,AAPL
2014-05-16,18.74833106994629,18.748957795119676,18.368349608204092,18.469698106831103,276256400,AAPL
2014-05-19,18.970483779907227,19.056457404863107,18.74268258021661,18.758999219651272,317755200,AAPL
2014-05-20,18.974246978759766,19.02727395616173,18.849364458727408,18.96797134892882,234836000,AAPL
2014-05-21,19.024450302124023,19.036686523467225,18.89109693889881,18.946634168117697,196859600,AAPL
2014-05-22,19.054569244384766,19.135524020949465,18.955104294730983,19.03354714394999,200760000,AAPL
2014-05-23,19.269824981689453,19.28865187448332,19.029474182096703,19.053948304860782,232209600,AAPL
2014-05-27,19.63066291809082,19.6378786356464,19.316888127238197,19.324732245649173,348866000,AAPL
2014-05-28,19.579830169677734,19.76244680054722,19.572612776749367,19.642898152090574,315481600,AAPL
2014-05-29,19.93659019470215,19.98334321430994,19.69780794466656,19.700318196400342,376474000,AAPL
2014-05-30,19.861915588378906,20.212400739726124,19.733267682042026,20.01817459204046,564020800,AAPL
2014-06-02,19.72542953491211,19.919342378725425,19.532458454853987,19.892044635714665,369350800,AAPL
2014-06-03,20.004369735717773,20.042023520044033,19.712873810602627,19.719462803925765,292709200,AAPL
2014-06-04,20.23279571533203,20.32912538080731,19.959498307799137,20.001230829135075,335482000,AAPL
2014-06-05,20.312175750732422,20.375558762708206,20.163447539943004,20.276092142524018,303805600,AAPL
2014-06-06,20.256328582763672,20.43486816939427,20.221815129859298,20.392193883529888,349938400,AAPL
2014-06-09,20.58045196533203,20.61998758705101,20.15215079315579,20.36080999483442,301660000,AAPL
2014-06-10,20.70125961303711,20.876973892778867,20.55190297797729,20.806688516029276,251108000,AAPL
2014-06-11,20.615596771240234,20.81327489216893,20.52993653146036,20.67489936965117,182724000,AAPL
2014-06-12,20.2707576751709,20.672702883692263,20.18509744066441,20.65513112386138,218996000,AAPL
2014-06-13,20.04891586303711,20.303701315857698,19.96105875255639,20.25098604412826,218100000,AAPL
2014-06-16,20.25099754333496,20.371801348309344,20.08626599604405,20.099445659327774,142244000,AAPL
2014-06-17,20.22463607788086,20.360813047535864,20.163136585038536,20.275152800257555,118904000,AAPL
2014-06-18,20.246599197387695,20.27075995093383,20.064295939079734,20.266366172615204,134056000,AAPL
2014-06-19,20.176319122314453,20.27296216186838,20.062104316344197,20.27076527213237,142112000,AAPL
2014-06-20,19.9676570892334,20.327869872424614,19.965460199800283,20.174119451083808,403592000,AAPL
2014-06-23,19.95008659362793,20.12360400369174,19.899568187868287,20.057710722394077,174776000,AAPL
2014-06-24,19.829275131225586,20.149952179617223,19.809508159925567,19.93250711664151,156144000,AAPL
2014-06-25,19.846851348876953,19.921528824880696,19.69090572922018,19.813904713572455,147476000,AAPL
2014-06-26,19.965457916259766,19.998404551045656,19.72385205405566,19.84904792565368,130516000,AAPL
2014-06-27,20.20267677307129,20.20706887680768,19.936908414283096,19.947891187227885,256116000,AAPL
2014-06-30,20.411325454711914,20.587039676175035,20.226825354602138,20.229022243197555,197929200,AAPL
2014-07-01,20.540916442871094,20.66172019752263,20.45525620802192,20.540916442871094,152892000,AAPL
2014-07-02,20.532133102416992,20.659524177721583,20.44647118822887,20.617793340869788,113860000,AAPL
2014-07-03,20.652944564819336,20.668319443427514,20.470641235796585,20.573873281766964,91567200,AAPL
2014-07-07,21.079036712646484,21.083428814011132,20.668305692050758,20.677091570515024,225872000,AAPL
2014-07-08,20.9428653717041,21.261347292456755,20.628777229574553,21.144935619242336,260888000,AAPL
2014-07-09,20.9516544342041,21.074653442556414,20.813280549807754,20.962637206693763,145744000,AAPL
2014-07-10,20.874778747558594,20.986796652146534,20.540921923302378,20.593637217070643,158744000,AAPL
2014-07-11,20.914316177368164,21.06147594804598,20.835244905656175,20.9450659301744,136072000,AAPL
2014-07-14,21.184473037719727,21.281116066765165,21.008760419870203,21.05488504489579,171240000,AAPL
2014-07-15,20.9362735748291,21.272325537849127,20.8725771992115,21.261344444233536,181911600,AAPL
2014-07-16,20.817670822143555,21.327240252153654,20.808884940071835,21.29868739222231,213585200,AAPL
2014-07-17,20.44647216796875,20.92748866520295,20.332259069804014,20.87257816737203,229192000,AAPL
2014-07-18,20.740800857543945,20.808889363403722,20.431104732692663,20.56289131604658,199952000,AAPL
2014-07-21,20.6331729888916,20.865993006199027,20.58485147381216,20.863796116676582,156316000,AAPL
2014-07-22,20.80449104309082,20.84182978187445,20.672706174849157,20.79570516177664,220788000,AAPL
2014-07-23,21.34700584411621,21.498557679844417,20.90332807967372,20.95823857794484,371672000,AAPL
2014-07-24,21.311857223510742,21.375553587358628,21.177875505716052,21.314054112122054,182916000,AAPL
2014-07-25,21.452436447143555,21.48977518968271,21.226205426689546,21.272330051426565,173876000,AAPL
2014-07-28,21.748950958251953,21.797272468270535,21.42607861316837,21.48538121817765,221272000,AAPL
2014-07-29,21.608379364013672,21.841201023592216,21.579826507268827,21.81704026952524,172572000,AAPL
2014-07-30,21.557859420776367,21.678661497322967,21.452430539172664,21.621555792367218,132040000,AAPL
2014-07-31,20.997772216796875,21.40410953040606,20.93846962159921,21.340414833085898,227372000,AAPL
2014-08-01,21.11418342590332,21.22180920513945,20.82425607258007,20.844024722622866,194044000,AAPL
2014-08-04,20.995576858520508,21.213023633480205,20.903327625605392,21.166899017022647,159832000,AAPL
2014-08-05,20.892353057861328,21.01535207350319,20.72542462539315,20.945066682316998,223732000,AAPL
2014-08-06,20.857210159301758,20.97142497079101,20.802299643399298,20.811085527032006,154232000,AAPL
2014-08-07,20.854995727539062,21.179474018997556,20.77111554204035,20.954325576179546,186844000,AAPL
2014-08-08,20.912389755249023,20.930048922547666,20.590117530367806,20.806438119598948,167460000,AAPL
2014-08-11,21.188312530517578,21.20817951906081,20.93446741870212,21.029383358456727,146340000,AAPL
2014-08-12,21.183887481689453,21.38475497487082,21.104422937289907,21.19933882731879,135180000,AAPL
2014-08-13,21.464229583740234,21.464229583740234,21.19934876758737,21.22362970554302,127664000,AAPL
2014-08-14,21.52161407470703,21.537065422577328,21.367100596004047,21.48408961331782,112464000,AAPL
2014-08-15,21.6275691986084,21.673923246122886,21.38034592779372,21.609910032677902,195804000,AAPL
2014-08-18,21.888036727905273,21.934390776957414,21.627569916037896,21.740143313419892,190288000,AAPL
2014-08-19,22.1904354095459,22.22354591597947,21.923346910036937,21.943213887525207,277596000,AAPL
2014-08-20,22.19927215576172,22.314053373167923,22.06241613756087,22.17057727242788,210796000,AAPL
2014-08-21,22.201480865478516,22.28094543613647,22.097735360226693,22.199273048496096,133912000,AAPL
2014-08-22,22.36482048034668,22.397930993652686,22.115391090373354,22.1374642045538,176736000,AAPL
2014-08-25,22.41338348388672,22.552445625971977,22.355992036837087,22.468567114184626,161080000,AAPL
2014-08-26,22.26990509033203,22.40455327924824,22.263283324331347,22.386894113865953,132608000,AAPL
2014-08-27,22.543622970581055,22.64074672865367,22.22797244091633,22.29860744204061,209476000,AAPL
2014-08-28,22.57010841369629,22.687097459249905,22.41780103073048,22.42442279797751,273840000,AAPL
2014-08-29,22.62529182434082,22.713585982908544,22.559070784397274,22.704756398644673,178380000,AAPL
2014-09-02,22.801876068115234,22.898998109525806,22.673849645266415,22.748898571995976,214256000,AAPL
2014-09-03,21.839473724365234,22.77980155741821,21.760009163252207,22.757728442458085,501684000,AAPL
2014-09-04,21.65847396850586,22.093319603658138,21.58563116512848,21.819609241839064,342872000,AAPL
2014-09-05,21.84609603881836,21.938804134420444,21.70041044509729,21.80857157403715,233828000,AAPL
2014-09-08,21.711444854736328,21.92114194934734,21.643017700845046,21.91893581694929,185426800,AAPL
2014-09-09,21.629779815673828,22.753319640895015,21.22142120227532,21.87038137016479,759385200,AAPL
2014-09-10,22.2941837310791,22.318464659967304,21.579004447285225,21.634188070381953,403478400,AAPL
2014-09-11,22.389110565185547,22.39131838272748,21.98958147773465,22.163962013977603,249412400,AAPL
2014-09-12,22.439878463745117,22.556867523010595,22.31185200172692,22.34054689118429,250504400,AAPL
2014-09-15,22.433246612548828,22.746690882216324,22.391308202747087,22.693713389723722,245266000,AAPL
2014-09-16,22.263282775878906,22.351576916544527,21.82843552245901,22.029304734575067,267632400,AAPL
2014-09-17,22.422210693359375,22.470772552332424,22.203682327980655,22.353781853865275,243706000,AAPL
2014-09-18,22.46857452392578,22.592185357655136,22.41780482631762,22.49947723235812,149197600,AAPL
2014-09-19,22.285354614257812,22.592175430351517,22.183816947729806,22.578931899434558,283609600,AAPL
2014-09-22,22.307435989379883,22.545829738604912,22.20148433466066,22.47078079018473,211153600,AAPL
2014-09-23,22.656192779541016,22.7224138143763,22.19265058790663,22.20589412124534,253608800,AAPL
2014-09-24,22.459739685058594,22.702547344839637,22.338335013132614,22.550241655779942,240687200,AAPL
2014-09-25,21.603282928466797,22.230168007464133,21.570172421546157,22.18602178761684,400368000,AAPL
2014-09-26,22.23900604248047,22.23900604248047,21.720280183762863,21.748975069165027,249482000,AAPL
2014-09-29,22.09773826599121,22.17058107935136,21.771050356542478,21.775465991087962,199065200,AAPL
2014-09-30,22.23900604248047,22.413386540088187,22.190444171745284,22.252249576655164,221056400,AAPL
2014-10-01,21.892452239990234,22.225761874472898,21.786498917401314,22.203687072716633,205965200,AAPL
2014-10-02,22.051380157470703,22.12201514058445,21.64081379184993,21.912316324039605,191031200,AAPL
2014-10-03,21.989582061767578,22.11981467098755,21.86155558607678,21.949849765314273,173878400,AAPL
2014-10-06,21.989582061767578,22.216938436555935,21.94543413011313,22.06242320187247,148204800,AAPL
2014-10-07,21.797536849975586,22.09994379026105,21.793122899959222,21.947636411596484,168376800,AAPL
2014-10-08,22.25003433227539,22.318461476251677,21.70040431210558,21.79973582995243,229618800,AAPL
2014-10-09,22.29859733581543,22.5987963755545,22.2080970710501,22.413380213164753,309506000,AAPL
2014-10-10,22.234586715698242,22.521540552541904,22.139670814233124,22.225757133693282,265326400,AAPL
2014-10-13,22.031505584716797,22.466352733874782,22.031505584716797,22.367022901986115,214333600,AAPL
2014-10-14,21.797536849975586,22.18823626315607,21.757804563544436,22.159541377872287,254754400,AAPL
2014-10-15,21.530441284179688,21.88582393010244,21.00950777900362,21.625357177514406,403734400,AAPL
2014-10-16,21.247907638549805,21.570179870118416,21.060283613303334,21.091186314681767,288618000,AAPL
2014-10-17,21.559141159057617,21.85271848838156,21.369309328372275,21.52161669310305,272718800,AAPL
2014-10-20,22.02048110961914,22.06462734986014,21.68054967073588,21.702622790856378,310069200,AAPL
2014-10-21,22.618667602539062,22.740070583832672,22.35378515558144,22.740070583832672,378495600,AAPL
2014-10-22,22.733449935913086,22.980673228423367,22.647363599535673,22.70033941790541,273052400,AAPL
2014-10-23,23.139596939086914,23.18815879622951,22.874714541237456,22.974046071957442,284298800,AAPL
2014-10-24,23.225685119628906,23.28528269558848,23.073377770741295,23.216855537251444,188215600,AAPL
2014-10-27,23.20140838623047,23.28308077494351,23.1109064135427,23.144016932430198,136750800,AAPL
2014-10-28,23.561203002929688,23.561203002929688,23.254382144311595,23.265419544319187,192243600,AAPL
2014-10-29,23.69364356994629,23.700267020445676,23.47732467428238,23.541337889876626,210751600,AAPL
2014-10-30,23.614179611206055,23.695850305526225,23.3757859262305,23.609763977741284,162619200,AAPL
2014-10-31,23.839332580566406,23.848162165092177,23.664952075342253,23.84154039771561,178557200,AAPL
2014-11-03,24.148357391357422,24.347018800832352,23.841536536084774,23.887890584283795,209130400,AAPL
2014-11-04,23.971773147583008,24.168226773456894,23.777527338873732,24.13953188660119,166297600,AAPL
2014-11-05,24.02916717529297,24.126290932070557,23.8680301864639,24.082143004411996,149743600,AAPL
2014-11-06,24.097885131835938,24.117838262709345,23.898363971341695,24.07571630193361,139874000,AAPL
2014-11-07,24.166614532470703,24.23533842346907,24.06463654566315,24.108974212493017,134766000,AAPL
2014-11-10,24.1267032623291,24.237549090025507,24.091231785607164,24.168823526720026,108782000,AAPL
2014-11-11,24.3195743560791,24.330659615596737,24.03137621372507,24.09788269671148,109769200,AAPL
2014-11-12,24.663196563720703,24.703101129186592,24.24641686214495,24.248632560901374,187769600,AAPL
2014-11-13,25.011262893676758,25.150928085753993,24.740798691016312,24.785138055355453,238091600,AAPL
2014-11-14,25.312755584716797,25.314972975057053,24.65433103764171,25.084413429495097,176254400,AAPL
2014-11-17,25.2706241607666,25.99998970320859,25.11765811204305,25.332697536059943,186986800,AAPL
2014-11-18,25.598745346069336,25.647517799217923,25.24847199288745,25.259557256375306,176896000,AAPL
2014-11-19,25.421382904052734,25.658592918735657,25.228512237340983,25.592086433838674,167476800,AAPL
2014-11-20,25.784961700439453,25.906892814895507,25.461292013688414,25.474594666139474,173582000,AAPL
2014-11-21,25.820430755615234,26.06429127020822,25.722885873228712,26.050990310382176,228717200,AAPL
2014-11-24,26.29928207397461,26.330318772312243,25.85368303725294,25.904671173933387,189803200,AAPL
2014-11-25,26.070940017700195,26.547577445816213,26.037685928971502,26.396827042769594,275361600,AAPL
2014-11-26,26.38130760192871,26.403476429706124,26.121928765049386,26.146314983016484,163073200,AAPL
2014-11-28,26.365793228149414,26.469988594921787,26.17070514637508,26.441167592230382,99257600,AAPL
2014-12-01,25.510061264038086,26.43673254370724,24.66763221293039,26.339187664361035,335256000,AAPL
2014-12-02,25.412511825561523,25.660807068727713,24.99573215549935,25.162000883806442,237395600,AAPL
2014-12-03,25.700712203979492,25.793822287977136,25.518925124633757,25.6608076406415,172253600,AAPL
2014-12-04,25.603164672851562,25.982257139385528,25.558827025482717,25.665238055717076,168178000,AAPL
2014-12-05,25.494539260864258,25.733966644200162,25.414730133085623,25.714013516568986,153275600,AAPL
2014-12-08,24.918148040771484,25.416954378232496,24.745228781071425,25.295023263637077,230659600,AAPL
2014-12-09,25.299457550048828,25.339362123920097,24.2419871881469,24.428209096670646,240832000,AAPL
2014-12-10,24.818376541137695,25.46128258670384,24.727483855137944,25.363739422627628,178261200,AAPL
2014-12-11,24.745227813720703,25.228515780556084,24.683152717842937,24.88711036440876,165606800,AAPL
2014-12-12,24.32622528076172,24.80064527220147,24.292971195285038,24.48805923664291,224112400,AAPL
2014-12-15,23.99368667602539,24.74078641208349,23.57690531495643,24.541263600015686,268872400,AAPL
2014-12-16,23.665586471557617,24.421555900447334,23.556958023633342,23.581344243363542,243162800,AAPL
2014-12-17,24.255290985107422,24.350616797404705,23.681108572381294,23.747616762430155,213647200,AAPL
2014-12-18,24.97357177734375,24.97357177734375,24.53240574259503,24.800652512033878,236024800,AAPL
2014-12-19,24.780696868896484,25.104366533740713,24.75409494854182,24.887109624435244,353719200,AAPL
2014-12-22,25.037858963012695,25.159788372590835,24.822817762083776,24.864939722662147,180670000,AAPL
2014-12-23,24.949182510375977,25.12431914503488,24.931446769591275,25.102150314740676,104113600,AAPL
2014-12-24,24.831689834594727,24.986873360819217,24.831689834594727,24.958054046341406,57918400,AAPL
2014-12-26,25.2706241607666,25.388120434196512,24.831675754693627,24.851627186163935,134884000,AAPL
2014-12-29,25.25289535522461,25.443548608285294,25.20633862272802,25.226291749708412,110395600,AAPL
2014-12-30,24.94474220275879,25.255110832232706,24.85384951127864,25.193037444612514,119526000,AAPL
2014-12-31,24.470325469970703,25.079977551116553,24.43263829270216,25.011253675935894,165613600,AAPL
2015-01-02,24.237550735473633,24.70532029541843,23.79860048379208,24.69423503534699,212818400,AAPL
2015-01-05,23.554746627807617,24.0868071252046,23.368526383974206,24.00699796602637,257142000,AAPL
2015-01-06,23.556955337524414,23.816334163580667,23.195596863475707,23.619028729260297,263188400,AAPL
2015-01-07,23.88727378845215,23.987034348142444,23.654496894010858,23.765342712054718,160423600,AAPL
2015-01-08,24.805084228515625,24.862724544218292,24.097887162827078,24.215385184821525,237458000,AAPL
2015-01-09,24.831689834594727,25.106587091638215,24.432644065198065,24.97800548912445,214798000,AAPL
2015-01-12,24.21982192993164,24.96913938166108,24.120061326220533,24.962488900263498,198603200,AAPL
2015-01-13,24.434858322143555,25.006823287798543,24.14444274972402,24.70310506385616,268367600,AAPL
2015-01-14,24.341745376586914,24.494711474568152,24.05354553692245,24.173259238412005,195826400,AAPL
2015-01-15,23.681110382080078,24.39939110918017,23.645640585017357,24.386090146703356,240056000,AAPL
2015-01-16,23.49709129333496,23.849581803091212,23.321954733205736,23.727650751301052,314053200,AAPL
2015-01-20,24.102319717407227,24.157742637400762,23.610163917244932,23.907229956551088,199599600,AAPL
2015-01-21,24.286319732666016,24.621072889818013,24.00255301394987,24.15330339614755,194303600,AAPL
2015-01-22,24.918148040771484,24.93366639250422,24.324014202274096,24.443727926229556,215185600,AAPL
2015-01-23,25.046724319458008,25.217426152284684,24.72527039983578,24.89597392403558,185859200,AAPL
2015-01-26,25.073326110839844,25.35265807271684,25.006819628451208,25.215208636250004,222460000,AAPL
2015-01-27,24.1954288482666,24.935879909246182,24.171042629136025,24.922577258846545,382274800,AAPL
2015-01-28,25.563264846801758,26.186219563325192,25.563264846801758,26.077589431824446,585908400,AAPL
2015-01-29,26.359142303466797,26.423433096590607,25.618691178673068,25.787177336812245,337745600,AAPL
2015-01-30,25.973400115966797,26.603003725613746,25.9046745395417,26.248297347546913,334982000,AAPL
2015-02-02,26.29928207397461,26.41899577815114,25.73396933307641,26.17070219145008,250956400,AAPL
2015-02-03,26.3037166595459,26.40125984300976,26.07315712262307,26.270462571181156,207662800,AAPL
2015-02-04,26.505451202392578,26.716059269378018,26.22833666007458,26.270458611746253,280598800,AAPL
2015-02-05,26.69464111328125,26.759185637251118,26.541069601144372,26.7124451524758,168984800,AAPL
2015-02-06,26.4698486328125,26.763636508266117,26.36301590626183,26.712445437657788,174826400,AAPL
2015-02-09,26.645671844482422,26.67237874794815,26.358560745887814,26.385269347401834,155559200,AAPL
2015-02-10,27.157575607299805,27.186510351861603,26.743603296210924,26.745827739601534,248034000,AAPL
2015-02-11,27.794116973876953,27.80301984182764,27.26440906617443,27.324501302281014,294247200,AAPL
2015-02-12,28.145769119262695,28.37278797867428,27.94768500160746,28.05674214886694,297898000,AAPL
2015-02-13,28.283763885498047,28.328276526199947,27.96549358013913,28.328276526199947,217088800,AAPL
2015-02-17,28.45068359375,28.68437915950236,28.248147210358212,28.375010080839985,252609600,AAPL
2015-02-18,28.648771286010742,28.66212473782531,28.36611077024827,28.406172823740263,179566800,AAPL
2015-02-19,28.58867645263672,28.717765476256087,28.56196954985219,28.59535317833285,149449600,AAPL
2015-02-20,28.822378158569336,28.822378158569336,28.499657229063484,28.62651844031598,195793600,AAPL
2015-02-23,29.601356506347656,29.601356506347656,28.85798490989806,28.93810901824031,283896400,AAPL
2015-02-24,29.416627883911133,29.734899896206425,29.194061278089517,29.588005121300906,276912400,AAPL
2015-02-25,28.66435432434082,29.28976939734613,28.52191181926601,29.280864830474275,298846800,AAPL
2015-02-26,29.027135848999023,29.1272901407614,28.179157638062435,28.66435120069195,365150000,AAPL
2015-02-27,28.590909957885742,29.060525669459057,28.54194502901291,28.933661063898402,248059200,AAPL
2015-03-02,28.731117248535156,28.995972005991295,28.55529115531855,28.766728714230968,192386800,AAPL
2015-03-03,28.791213989257812,28.826825458437778,28.508553471298843,28.702188712404517,151265200,AAPL
2015-03-04,28.60871124267578,28.835730141238916,28.559749711708278,28.733351399992724,126665200,AAPL
2015-03-05,28.134641647338867,28.655446619377418,27.98997303353431,28.617610709042626,226068400,AAPL
2015-03-06,28.176931381225586,28.793440119603353,28.10125955185688,28.577550244683298,291368400,AAPL
2015-03-09,28.297119140625,28.837957778090015,27.83418017642311,28.479623696005753,354114000,AAPL
2015-03-10,27.711767196655273,28.31492246485523,27.553745118097947,28.13464406642544,275426400,AAPL
2015-03-11,27.206541061401367,27.769634295016655,27.177608014323546,27.765183710100228,275756000,AAPL
2015-03-12,27.698413848876953,27.79856984189361,27.070776078556776,27.2221214408066,193450800,AAPL
2015-03-13,27.50700569152832,27.909852398243732,27.282214644751413,27.687285794905343,207309200,AAPL
2015-03-16,27.8096981048584,27.8096981048584,27.34676083218295,27.571551892676595,143497200,AAPL
2015-03-17,28.274866104125977,28.337184491538473,27.965498610864863,28.021140270775835,204092400,AAPL
2015-03-18,28.593135833740234,28.74670735507032,28.12574624044493,28.26596260901892,261083600,AAPL
2015-03-19,28.377246856689453,28.76673848021264,28.354990532097872,28.655455159206014,183238000,AAPL
2015-03-20,28.021137237548828,28.577552078379163,27.85643841749427,28.544168444485248,274780400,AAPL
2015-03-23,28.312700271606445,28.455142776311558,28.159128756389002,28.29267009034257,150838800,AAPL
2015-03-24,28.196964263916016,28.497427148688423,28.168029517967973,28.31715043665406,131369200,AAPL
2015-03-25,27.46026611328125,28.225895749966426,27.46026611328125,28.16357737452431,206620800,AAPL
2015-03-26,27.651668548583984,27.794111009129256,27.286659531180717,27.32227099534107,190291600,AAPL
2015-03-27,27.431333541870117,27.754054433731582,27.355661712679918,27.725121386932106,158184800,AAPL
2015-03-30,28.12574577331543,28.132422500558253,27.598262246500134,27.609391257270598,188398800,AAPL
2015-03-31,27.693954467773438,28.152440993944786,27.67837487799231,28.06341403888924,168362400,AAPL
2015-04-01,27.653900146484375,27.847533700457387,27.39794821598168,27.780763041005063,162485600,AAPL
2015-04-02,27.892045974731445,27.945461482762074,27.64054633045754,27.82750145758893,128880400,AAPL
2015-04-06,28.34385871887207,28.379470193137237,27.671708273578293,27.702867464536038,148776000,AAPL
2015-04-07,28.045612335205078,28.51522620847483,28.03893561017987,28.408395211975346,140049200,AAPL
2015-04-08,27.95436668395996,28.132420656323127,27.814150326906724,28.010008338067387,149316800,AAPL
2015-04-09,28.16802978515625,28.172482068289785,27.745154582088954,28.010007694885584,129936000,AAPL
2015-04-10,28.288219451904297,28.31270191801622,27.878697651575177,28.03226747767425,160752000,AAPL
2015-04-13,28.232568740844727,28.615385206586744,28.179153240111305,28.57086917622061,145460400,AAPL
2015-04-14,28.110158920288086,28.330499352662446,28.02335809244218,28.26595484256325,102098400,AAPL
2015-04-15,28.21699333190918,28.294891302452985,28.045617796712808,28.1346447764979,115881600,AAPL
2015-04-16,28.08122444152832,28.288211424799588,28.067870990365083,28.105706900693068,113476000,AAPL
2015-04-17,27.765188217163086,28.074555709550506,27.700643688082796,27.94324220759483,207828000,AAPL
2015-04-20,28.399499893188477,28.515233786494267,27.8586629477924,27.947689933899905,188217200,AAPL
2015-04-21,28.24593162536621,28.533041081720025,28.192514411955095,28.51078645653832,129740400,AAPL
2015-04-22,28.626514434814453,28.682156083705696,28.11461228384406,28.263731495340977,150618000,AAPL
2015-04-23,28.86021614074707,29.02714112271059,28.519689449229297,28.555300927111567,183083600,AAPL
2015-04-24,28.995973587036133,29.073873247981275,28.76227800029719,29.042714062822512,178103600,AAPL
2015-04-27,29.523462295532227,29.630296723789787,29.189612348446236,29.44779045592275,387816800,AAPL
2015-04-28,29.058292388916016,29.944106433953536,28.837953646341134,29.926304095966827,475696000,AAPL
2015-04-29,28.630966186523438,29.287536952041226,28.55529436049829,28.9692683564137,253544400,AAPL
2015-04-30,27.85420799255371,28.630964885927803,27.727345109119845,28.630964885927803,332781600,AAPL
2015-05-01,28.69996452331543,28.96259489680037,27.88759773139169,28.065650005792723,234050400,AAPL
2015-05-04,28.64432144165039,29.06052330317985,28.546391591878752,28.822375405226378,203953200,AAPL
2015-05-05,27.998876571655273,28.588676652922196,27.99442428912783,28.52190599939661,197085600,AAPL
2015-05-06,27.823047637939453,28.210312997720948,27.455812454572502,28.168024805670445,288564000,AAPL
2015-05-07,27.995149612426758,28.17841652722197,27.718012947016163,27.885635187565743,175763600,AAPL
2015-05-08,28.52259635925293,28.52259635925293,28.185116493194354,28.31250930678528,222201600,AAPL
2015-05-11,28.232046127319336,28.509180998854276,28.07783316974487,28.471187045728733,168143200,AAPL
2015-05-12,28.131481170654297,28.35721121618964,27.89680936295501,28.071136212038358,192640000,AAPL
2015-05-13,28.162769317626953,28.42649502055542,28.131479971952515,28.194058663301394,138776800,AAPL
2015-05-14,28.819841384887695,28.819841384887695,28.419784589174334,28.47565865289466,180814000,AAPL
2015-05-15,28.779617309570312,28.94053490611256,28.65445993676693,28.846666876510024,152832000,AAPL
2015-05-18,29.09697914123535,29.21543188827345,28.687980569086267,28.692451449243087,203531600,AAPL
2015-05-19,29.070159912109375,29.251191335426242,28.97405474783214,29.208726500765295,178532800,AAPL
2015-05-20,29.067916870117188,29.27353297651081,28.90699932419495,29.05450764300393,145819600,AAPL
2015-05-21,29.365175247192383,29.418815580549495,29.01652160607739,29.070161939434502,158921600,AAPL
2015-05-22,29.62220001220703,29.718305200753246,29.367414350183818,29.412116341293565,182384000,AAPL
2015-05-26,28.969585418701172,29.704890056571298,28.85783728372975,29.63560675853421,282790400,AAPL
2015-05-27,29.51044464111328,29.55961409108794,29.06568926672743,29.13050168154005,183332800,AAPL
2015-05-28,29.452335357666016,29.490329310681236,29.300359545605133,29.470215466781788,122933200,AAPL
2015-05-29,29.117094039916992,29.37858426889238,29.03216436527658,29.329414816235555,203538000,AAPL
2015-06-01,29.175207138061523,29.365180367831247,29.065696127499546,29.1170993245038,128451200,AAPL
2015-06-02,29.045578002929688,29.202024716623274,28.902540520369467,29.023227010852352,134670400,AAPL
2015-06-03,29.081340789794922,29.264609413685175,29.03217132535038,29.20203071535272,123934000,AAPL
2015-06-04,28.91147804260254,29.184143768776664,28.810905401701508,28.960647495537707,153800400,AAPL
2015-06-05,28.752796173095703,28.98523422306932,28.687983749906223,28.942769382577062,142507200,AAPL
2015-06-08,28.562828063964844,28.877958668101687,28.34603637830613,28.80867194987724,210699200,AAPL
2015-06-09,28.47789192199707,28.62540026627402,28.075599692874718,28.316974348291698,224301600,AAPL
2015-06-10,28.804197311401367,28.90700367493058,28.573994745418133,28.589639414451845,156349200,AAPL
2015-06-11,28.739381790161133,29.094740006981706,28.71479706640286,28.871243758372724,141563600,AAPL
2015-06-12,28.422019958496094,28.681276447535282,28.40861072807724,28.649987106463822,147544800,AAPL
2015-06-15,28.36614418029785,28.437662913452513,28.095713917271123,28.182877320017706,175955600,AAPL
2015-06-16,28.518129348754883,28.5740034273007,28.243229837188753,28.390736517876093,125976400,AAPL
2015-06-17,28.451078414916992,28.58070496728181,28.325919332951088,28.54494644753539,131672400,AAPL
2015-06-18,28.580703735351562,28.67680720416839,28.43319707690091,28.435432517145383,141628800,AAPL
2015-06-19,28.294633865356445,28.567299649488653,28.24993528326398,28.542714917795315,218867600,AAPL
2015-06-22,28.520360946655273,28.620933592430493,28.401908188920487,28.49354077871593,136157200,AAPL
2015-06-23,28.39073371887207,28.520361977552458,28.357208934021436,28.49130807342398,121075600,AAPL
2015-06-24,28.632108688354492,29.009817948797807,28.410847847657895,28.430961694475176,221123600,AAPL
2015-06-25,28.495773315429688,28.875716277578956,28.495773315429688,28.799728367205564,127752400,AAPL
2015-06-26,28.328153610229492,28.605288521166134,28.274514980241403,28.53376977946825,176267200,AAPL
2015-06-29,27.83199119567871,28.265574520163497,27.82081740487586,28.039842802194055,196645600,AAPL
2015-06-30,28.033140182495117,28.187353170768603,27.90574736331223,28.06442952719678,177482800,AAPL
2015-07-01,28.294633865356445,28.37062350108356,28.158300973290338,28.361683443636746,120955200,AAPL
2015-07-02,28.258867263793945,28.314741328010467,28.10912347578641,28.25663182378577,108844000,AAPL
2015-07-06,28.160533905029297,28.211938804483257,27.903512818042405,27.923628371790983,112241600,AAPL
2015-07-07,28.09124755859375,28.194055641238762,27.662133411506012,28.135946131868533,187787200,AAPL
2015-07-08,27.393939971923828,27.856577220215424,27.387235356101556,27.820818700782862,243046400,AAPL
2015-07-09,26.835201263427734,27.72695104261523,26.64522974527482,27.680017023199202,314380000,AAPL
2015-07-10,27.552614212036133,27.680006991464904,27.08997709672735,27.253130090450938,245418000,AAPL
2015-07-13,28.08454704284668,28.10689633274658,27.78506110173518,27.943743276708435,165762000,AAPL
2015-07-14,28.0733699798584,28.243227642880512,27.945977158877167,28.169473455696266,127072400,AAPL
2015-07-15,28.343799591064453,28.417553776418547,28.06666466732524,28.097954011692185,134596800,AAPL
2015-07-16,28.721506118774414,28.7349187604003,28.462251317004103,28.549414731017865,144889600,AAPL
2015-07-17,28.969585418701172,28.969585418701172,28.676805850721237,28.84889893345631,184658800,AAPL
2015-07-20,29.51715850830078,29.718303817801807,29.21096625280674,29.271311209770232,235600800,AAPL
2015-07-21,29.222137451171875,29.707123950305423,29.126035691518517,29.691480984672705,307025600,AAPL
2015-07-22,27.986202239990234,28.048780920616032,27.264308562448523,27.264308562448523,461802400,AAPL
2015-07-23,27.972797393798828,28.40414361073321,27.950446399951478,28.2052320425101,203998000,AAPL
2015-07-24,27.82529067993164,28.102425627737915,27.691193234550635,28.008557586485367,168649200,AAPL
2015-07-27,27.43863868713379,27.62637645681954,27.293367463201697,27.510157431504226,177822000,AAPL
2015-07-28,27.574966430664062,27.693420874277674,27.389465840958135,27.574966430664062,134472400,AAPL
2015-07-29,27.48780632019043,27.601789897612022,27.326888729746123,27.523566542574166,148046800,AAPL
2015-07-30,27.349241256713867,27.393939832061694,27.201732888811602,27.338065760306236,134513200,AAPL
2015-07-31,27.110095977783203,27.4095801362015,27.022932576145575,27.400640081528273,171540000,AAPL
2015-08-03,26.47089385986328,27.393932670089903,26.26527603365325,27.154791773704073,279904000,AAPL
2015-08-04,25.621612548828125,26.305510597188796,25.310952866393624,26.242931913697134,496554400,AAPL
2015-08-05,25.79146957397461,26.247402163645372,25.053931210213424,25.24390269629094,397250400,AAPL
2015-08-06,25.847593307495117,26.155169739950495,25.62084156704266,26.036180829783316,211612000,AAPL
2015-08-07,25.935155868530273,26.09904741455517,25.706158528744663,25.724119574610878,154681600,AAPL
2015-08-10,26.878093719482422,26.938710116093596,26.161912766331312,26.161912766331312,219806400,AAPL
2015-08-11,25.479406356811523,26.532349173520984,25.443485976075305,26.449280616725197,388331200,AAPL
2015-08-12,25.872295379638672,25.91270687868641,24.612805657653865,25.263879047707533,404870000,AAPL
2015-08-13,25.852088928222656,26.132723845565803,25.71513895153043,26.051900852342207,194143200,AAPL
2015-08-14,26.03394317626953,26.112520620724425,25.596153333692396,25.665750254086753,171718000,AAPL
2015-08-17,26.3033504486084,26.41335885699809,25.93066645487652,26.05190094514377,163538800,AAPL
2015-08-18,26.155176162719727,26.366214183735753,26.0451677468721,26.139460674741493,138242800,AAPL
2015-08-19,25.820653915405273,26.1596596092665,25.74656589772991,26.065366702875668,193146000,AAPL
2015-08-20,25.290813446044922,25.672476163261678,25.06181444542749,25.61185978830955,274006400,AAPL
2015-08-21,23.743961334228516,25.122440013835654,23.719265322634598,24.792413052407607,513102000,AAPL
2015-08-24,23.151260375976562,24.426465598031402,20.654731360162238,21.29906979204897,648825200,AAPL
2015-08-25,23.29045295715332,24.945077073193595,23.23657153175285,24.945077073193595,414406400,AAPL
2015-08-26,24.62627410888672,24.67117500740738,23.584557504900065,24.042552150961182,387098400,AAPL
2015-08-27,25.35143280029297,25.423275263018773,24.700359518356937,25.196523507050735,338464400,AAPL
2015-08-28,25.434499740600586,25.438989144861996,25.041610922643567,25.183050280478742,212657600,AAPL
2015-08-31,25.31551170349121,25.712889939424134,25.144885217060533,25.151620180114747,224917200,AAPL
2015-09-01,24.18398666381836,25.117938459553926,24.10316369815694,24.72954082560341,307383600,AAPL
2015-09-02,25.221221923828125,25.221221923828125,24.500551620072176,24.747511731864307,247555200,AAPL
2015-09-03,24.778940200805664,25.320003407227208,24.704852174762614,25.254895903691754,212935600,AAPL
2015-09-04,24.531982421875,24.7969018657635,24.36135761675743,24.464631066021123,199985200,AAPL
2015-09-08,25.214481353759766,25.270608327987073,24.767711118511023,25.088757479605587,219374400,AAPL
2015-09-09,24.729543685913086,25.598388097978518,24.644229594036617,25.540017281584237,340043200,AAPL
2015-09-10,25.272855758666992,25.432256171737155,24.67342004060185,24.75648687238155,251571200,AAPL
2015-09-11,25.64104652404785,25.64104652404785,25.091002865548305,25.097737828351754,199662000,AAPL
2015-09-14,25.888015747070312,26.24273878192216,25.78698783683809,26.17314185322263,233453600,AAPL
2015-09-15,26.105783462524414,26.161910448542177,25.688198549523484,26.027206024671482,173364800,AAPL
2015-09-16,26.134971618652344,26.164157035899155,25.91719863028686,26.0990495240165,148694000,AAPL
2015-09-17,25.575942993164062,26.152928305170427,25.53104209227515,25.966588024907818,256450400,AAPL
2015-09-18,25.470420837402344,25.661253924694364,25.115699653449386,25.192031518078707,297141200,AAPL
2015-09-21,25.865558624267578,25.901480715538085,25.51757235759737,25.519816203657086,200888000,AAPL
2015-09-22,25.45920181274414,25.63431773927507,25.26163372097819,25.45471069455325,201384800,AAPL
2015-09-23,25.66574478149414,25.755548290091255,25.436747461787984,25.510833771985606,143026800,AAPL
2015-09-24,25.818416595458984,25.93067058065663,25.227961249948915,25.425527647267216,200878000,AAPL
2015-09-25,25.7533016204834,26.19782802679197,25.598390617656875,26.141701050447217,224607600,AAPL
2015-09-28,25.243675231933594,25.721876563690177,25.243675231933594,25.56023056060069,208436000,AAPL
2015-09-29,24.48483657836914,25.48389798764426,24.215427722418397,25.331232512509576,293461600,AAPL
2015-09-30,24.763219833374023,25.041609124796167,24.410742530512856,24.734032712762726,265892000,AAPL
2015-10-01,24.60157012939453,24.610550648760675,24.091936360734138,24.48707064854985,255716400,AAPL
2015-10-02,24.781187057495117,24.92262816309932,24.1458308568426,24.249104308937568,232079200,AAPL
2015-10-05,24.870986938476562,25.003447501084377,24.48707860336766,24.668929469245697,208258800,AAPL
2015-10-06,24.989974975585938,25.086513445638282,24.64423258779054,24.837309527895236,192787200,AAPL
2015-10-07,24.870986938476562,25.093249298200774,24.563412186347982,25.086514334702994,187062400,AAPL
2015-10-08,24.583621978759766,24.738533021535588,24.2940065005901,24.738533021535588,247918400,AAPL
2015-10-09,25.171829223632812,25.20774960102577,24.581372283339036,24.69587180494445,211064400,AAPL
2015-10-12,25.055086135864258,25.31327061329463,25.019165755614463,25.308781208085787,121868800,AAPL
2015-10-13,25.097742080688477,25.245916426047607,24.848538137582143,24.879969111229823,132197200,AAPL
2015-10-14,24.743017196655273,25.037122018260597,24.59708670880229,24.985486156823974,177849600,AAPL
2015-10-15,25.11345863342285,25.16734006012587,24.80588213497628,24.904666177981536,150694000,AAPL
2015-10-16,24.92935562133789,25.14488298423105,24.81485612100554,25.09549097574026,156930400,AAPL
2015-10-19,25.084274291992188,25.088763697384888,24.720570792232806,24.875481827606944,119036800,AAPL
2015-10-20,25.54226303100586,25.63206653358358,24.879965411106454,24.996708765455946,195871200,AAPL
2015-10-21,25.540029525756836,25.948634000702384,25.526557881557284,25.59391096397492,167180800,AAPL
2015-10-22,25.930667877197266,25.930667877197266,25.616356408841117,25.66799399030679,166616400,AAPL
2015-10-23,26.734403610229492,26.76808014090915,26.11700682825398,26.200073662689697,237467600,AAPL
2015-10-26,25.881269454956055,26.5211166030824,25.800446476997013,26.509892236224317,265335200,AAPL
2015-10-27,25.717382431030273,26.16415270371521,25.591656833481853,25.908213816821572,279537600,AAPL
2015-10-28,26.777061462402344,26.78379813945785,26.056391174832783,26.25171370081057,342205600,AAPL
2015-10-29,27.059934616088867,27.095856699212277,26.55254632555549,26.649084782875654,204909200,AAPL
2015-10-30,26.828704833984375,27.214858851259162,26.817478749328234,27.163221259844963,197461200,AAPL
2015-11-02,27.205873489379883,27.246284988953487,26.853396075877775,27.120561084884372,128813200,AAPL
2015-11-03,27.517932891845703,27.72447974618764,27.098102507443866,27.11830910887912,182076000,AAPL
2015-11-04,27.389965057373047,27.798569385616204,27.30465266808603,27.643658379389816,179544400,AAPL
2015-11-05,27.263700485229492,27.662781423640762,27.09685397164177,27.47338664265119,158210800,AAPL
2015-11-06,27.295272827148438,27.464374553839395,27.19606765055344,27.306546963671188,132169200,AAPL
2015-11-09,27.18479347229004,27.46437451166946,27.067550365515352,27.272726232418982,135485600,AAPL
2015-11-10,26.328006744384766,26.62111704753071,26.167924007192934,26.357318806814234,236511600,AAPL
2015-11-11,26.17919921875,26.47456298485306,25.97627682516367,26.237821625828612,180872000,AAPL
2015-11-12,26.091264724731445,26.33928020245648,26.0754819685178,26.213018152747313,130102400,AAPL
2015-11-13,25.329174041748047,26.057439306570803,25.313391288402222,25.974015198776524,183249600,AAPL
2015-11-16,25.744047164916992,25.75757475270898,25.02705576868221,25.11273335835102,152426800,AAPL
2015-11-17,25.63356590270996,25.940203817430206,25.550141770552145,25.91089175251961,110467600,AAPL
2015-11-18,26.445249557495117,26.49034265294842,26.041659988480127,26.100282388722487,186698800,AAPL
2015-11-19,26.781198501586914,26.99990363296767,26.325752032261562,26.52416406599485,173183200,AAPL
2015-11-20,26.8984432220459,27.03823285348772,26.796981174505373,26.87589495357598,137148400,AAPL
2015-11-23,26.548969268798828,26.995398553515166,26.45652617219215,26.891681321159318,129930000,AAPL
2015-11-24,26.803747177124023,26.909717854981725,26.406923078164844,26.454271349511398,171212800,AAPL
2015-11-25,26.61209487915039,26.88265860028706,26.58729316170808,26.878148258829594,85553200,AAPL
2015-11-27,26.562496185302734,26.697778930112786,26.51514791269584,26.670722037112466,52185600,AAPL
2015-11-30,26.6729793548584,26.92325004463035,26.548970735532947,26.60308280569692,156721200,AAPL
2015-12-01,26.456523895263672,26.787963503541896,26.348299770228813,26.774435917960403,139409600,AAPL
2015-12-02,26.217531204223633,26.63013982662762,26.172438098906,26.456527758752156,133546400,AAPL
2015-12-03,25.97402000427246,26.332516496869523,25.75306141655099,26.27840443541406,166278000,AAPL
2015-12-04,26.837562561035156,26.887165993654456,25.953724896773068,25.99430936708057,231108000,AAPL
2015-12-07,26.668458938598633,27.024700183012374,26.562488289420656,26.82628818723068,128336800,AAPL
2015-12-08,26.65719223022461,26.740614633024812,26.348299178252695,26.497107776880153,137238000,AAPL
2015-12-09,26.06871795654297,26.535438566581163,25.94696452955152,26.524164432155672,185445600,AAPL
2015-12-10,26.192724227905273,26.366336260966918,26.043915634043792,26.163413887345484,116850800,AAPL
2015-12-11,25.51857566833496,26.01686183825899,25.444170502459794,25.971768736620955,187544800,AAPL
2015-12-14,25.360740661621094,25.405833750046693,24.754228817207764,25.29309930879164,257274800,AAPL
2015-12-15,24.912067413330078,25.432901933023523,24.880501893371907,25.238998470313724,213292400,AAPL
2015-12-16,25.103713989257812,25.250269162016448,24.53102432618106,25.042838124981426,224954000,AAPL
2015-12-17,24.57160758972168,25.30889031919613,24.57160758972168,25.257031702415023,179091200,AAPL
2015-12-18,23.90647315979004,24.693359335575057,23.856869714176426,24.555824854816795,385813200,AAPL
2015-12-21,24.1995792388916,24.208598201981307,23.802753463901215,24.18830510498164,190362400,AAPL
2015-12-22,24.177034378051758,24.287513673273768,24.001167165819563,24.21536368371368,131157600,AAPL
2015-12-23,24.48818016052246,24.542292221042683,24.170268149559448,24.186050905552488,130629600,AAPL
2015-12-24,24.357406616210938,24.576111739027386,24.33936869016207,24.576111739027386,54281600,AAPL
2015-12-28,24.0845890045166,24.28074757635794,23.940289039090082,24.258199309104633,106816800,AAPL
2015-12-29,24.517492294311523,24.673066414898024,24.093611302224808,24.11615785240755,123724800,AAPL
2015-12-30,24.197328567504883,24.50847511109567,24.16576305091705,24.481419936987034,100855200,AAPL
2015-12-31,23.73285675048828,24.131935944163136,23.63364988463391,24.127427323074837,163649200,AAPL
2016-01-04,23.75315284729004,23.75766318946608,22.99783223080675,23.135368423920035,270597600,AAPL
2016-01-05,23.157915115356445,23.86588746445505,23.09027546402736,23.84334091401202,223164000,AAPL
2016-01-06,22.704727172851562,23.0812617029159,22.517589213816386,22.673161651077343,273829600,AAPL
2016-01-07,21.746475219726562,22.576200859718405,21.741966598506444,22.24927163523591,324377600,AAPL
2016-01-08,21.861467361450195,22.346225907540124,21.816374263289404,22.21996385653677,283192000,AAPL
2016-01-11,22.215450286865234,22.334948527801405,21.94714174727492,22.314657152634666,198957600,AAPL
2016-01-12,22.537874221801758,22.70246729894013,22.285348398855252,22.670901786095747,196616800,AAPL
2016-01-13,21.958417892456055,22.815200473070544,21.938126515429893,22.61904189419429,249758400,AAPL
2016-01-14,22.438669204711914,22.655120911036093,21.58639684675493,22.086938192270384,252680400,AAPL
2016-01-15,21.89980125427246,22.030573674599744,21.50072191936061,21.690115035537954,319335600,AAPL
2016-01-19,21.7938289642334,22.24251168137656,21.53228416336344,22.18839961644163,212350800,AAPL
2016-01-20,21.82314109802246,22.13879798972315,21.06331007473765,21.442098000740142,289337600,AAPL
2016-01-21,21.712661743164062,22.06890139601609,21.40602381702413,21.884016915860396,208646000,AAPL
2016-01-22,22.8670597076416,22.876078671753593,22.179380465969416,22.238001152410096,263202000,AAPL
2016-01-25,22.420635223388672,22.891864551220547,22.36877660271937,22.889609379837076,207178000,AAPL
2016-01-26,22.544639587402344,22.74530681313795,22.111739620884507,22.531112001008523,300308000,AAPL
2016-01-27,21.06330680847168,21.78706185981396,21.045268881413524,21.654036018190727,533478800,AAPL
2016-01-28,21.214374542236328,21.311326268055467,20.83107798166302,21.146734883413128,222715200,AAPL
2016-01-29,21.94715118408203,21.94715118408203,21.27299936956539,21.372206277991676,257666000,AAPL
2016-02-01,21.74196434020996,21.805095351881732,21.509731667192636,21.75098330190465,163774000,AAPL
2016-02-02,21.302305221557617,21.654036201207397,21.257210403531094,21.514244845612307,149428800,AAPL
2016-02-03,21.72393226623535,21.834411566408754,21.212118523635226,21.41954953789307,183857200,AAPL
2016-02-04,21.89847755432129,22.063963707311988,21.578842285565464,21.730725723410607,185886800,AAPL
2016-02-05,21.31361198425293,21.971020083414807,21.238804830218037,21.880342806026064,185672400,AAPL
2016-02-08,21.538049697875977,21.694466308951053,21.091465304208224,21.111866794099107,216085600,AAPL
2016-02-09,21.533510208129883,21.748869022008886,21.293216821858767,21.37482622276702,177324800,AAPL
2016-02-10,21.37029266357422,21.84181329000121,21.33175536907968,21.74433548482184,169374400,AAPL
2016-02-11,21.241071701049805,21.47229885785204,20.989443063690185,21.261474911132503,200298800,AAPL
2016-02-12,21.306819915771484,21.42243353339356,21.084662314330053,21.35215943715558,161405600,AAPL
2016-02-16,21.907548904418945,21.95515409111207,21.447363703526644,21.54030666911073,196231600,AAPL
2016-02-17,22.243057250976562,22.263458735281954,21.796472979574066,21.91435225778724,179452800,AAPL
2016-02-18,21.82140350341797,22.41760369047483,21.782864494056174,22.406268382511037,156084000,AAPL
2016-02-19,21.77153968811035,21.934758503214418,21.717133992917617,21.762471783990584,141496800,AAPL
2016-02-22,21.96196174621582,21.966496563298843,21.744337223431817,21.83274713176513,137123200,AAPL
2016-02-23,21.465497970581055,21.875810547611483,21.433761181723746,21.853141659788445,127770400,AAPL
2016-02-24,21.785139083862305,21.848612678525644,21.154934494668073,21.304552307396584,145022800,AAPL
2016-02-25,21.93476104736328,21.93476104736328,21.592454977623937,21.773809622002336,110330800,AAPL
2016-02-26,21.968761444091797,22.220388418416178,21.89395253656321,22.034500718497902,115964400,AAPL
2016-02-29,21.91888999938965,22.267996523477894,21.909822095312908,21.957427294571414,140865200,AAPL
2016-03-01,22.789386749267578,22.84379244112926,22.084373245235227,22.13651325835009,201628400,AAPL
2016-03-02,22.83926010131836,22.870996900069787,22.58763139012787,22.78485440767674,132678400,AAPL
2016-03-03,23.00927734375,23.056882537607784,22.771249644935427,22.80072076222286,147822800,AAPL
2016-03-04,23.351579666137695,23.519331522367473,22.979804347182302,23.206496699205122,184220400,AAPL
2016-03-07,23.093158721923828,23.3107832495856,22.886867778171705,23.211038025835038,143315600,AAPL
2016-03-08,22.90273666381836,23.068222904039708,22.759921050947963,22.846063554493053,126247600,AAPL
2016-03-09,22.923131942749023,23.02741022024607,22.730442054163262,22.96620231484046,108806800,AAPL
2016-03-10,22.934467315673828,23.177028089350504,22.703241852632512,22.98887473129285,134054400,AAPL
2016-03-11,23.181560516357422,23.186093602429043,23.009273843703955,23.1770257007604,109632800,AAPL
2016-03-14,23.240509033203125,23.328920679183156,23.072757105768293,23.102228230937012,100304400,AAPL
2016-03-15,23.707489013671875,23.843504092887734,23.54200281878344,23.566939118417665,160270800,AAPL
2016-03-16,24.02259063720703,24.0996652125511,23.709754060862114,23.71428887677972,153214000,AAPL
2016-03-17,23.984050750732422,24.13593420652988,23.793628281913325,23.9205754414425,137682800,AAPL
2016-03-18,24.011259078979492,24.1427410887273,23.845774592163977,24.106469473820678,176820800,AAPL
2016-03-21,24.008987426757812,24.403431628337742,23.83443335011889,24.013520512730413,142010800,AAPL
2016-03-22,24.192611694335938,24.32182628508781,23.850305707439503,23.85937361041647,129777600,AAPL
2016-03-23,24.058868408203125,24.27195985856076,24.006730114728015,24.138212147056176,102814000,AAPL
2016-03-24,23.954578399658203,24.0860603678109,23.777758656740904,23.9092406248936,104532000,AAPL
2016-03-28,23.845779418945312,24.072471869420614,23.816308293486795,24.02939975038194,77645600,AAPL
2016-03-29,24.410236358642578,24.435172659633167,23.775496981742304,23.77776438988481,124760400,AAPL
2016-03-30,24.83641815185547,25.031373749204025,24.618793660995017,24.63012897251382,182404400,AAPL
2016-03-31,24.707199096679688,24.913489968311293,24.682262799459924,24.8726852755449,103553600,AAPL
2016-04-01,24.933895111083984,24.936162519216552,24.528115531637294,24.659597530915683,103496000,AAPL
2016-04-04,25.19005584716797,25.432616604933102,24.99736595616047,25.03137015631035,149424800,AAPL
2016-04-05,24.893091201782227,25.10164951845118,24.80468130659051,24.825084521379363,106314800,AAPL
2016-04-06,25.153785705566406,25.158320521597677,24.754806641567157,24.988301240461844,105616400,AAPL
2016-04-07,24.605195999145508,25.031377135206167,24.50998559580099,24.924831418809514,127207600,AAPL
2016-04-08,24.632394790649414,24.884021740771797,24.52131427941791,24.689067885533632,94326800,AAPL
2016-04-11,24.713998794555664,25.074440523970477,24.670928424902264,24.702665214973337,117630000,AAPL
2016-04-12,25.035907745361328,25.04950873511771,24.632395573682633,24.786544736323343,108929200,AAPL
2016-04-13,25.398616790771484,25.46662347328959,25.1175186980733,25.1175186980733,133029200,AAPL
2016-04-14,25.41222381591797,25.47796483529812,25.237671386859496,25.303412406239644,101895600,AAPL
2016-04-15,24.902156829833984,25.457554181436986,24.874954851968493,25.41448207711589,187756000,AAPL
2016-04-18,24.364892959594727,24.69812923969216,24.242478890986884,24.68452825302193,243286000,AAPL
2016-04-19,24.235685348510742,24.482779234688476,24.081534447111306,24.45557552402066,129539600,AAPL
2016-04-20,24.285552978515625,24.503177446199846,24.042992211766236,24.174474201468847,122444000,AAPL
2016-04-21,24.02259063720703,24.240215104062983,23.920578033367182,24.240215104062983,126210000,AAPL
2016-04-22,23.956857681274414,24.13821232927027,23.716564242777093,23.804974158055394,134732400,AAPL
2016-04-25,23.820837020874023,23.950051615428237,23.69162242631981,23.802701214386417,112126400,AAPL
2016-04-26,23.65535545349121,23.87071430634269,23.55561195729547,23.55561195729547,224064800,AAPL
2016-04-27,22.175046920776367,22.376802985860067,21.689925401414946,21.762466888529023,458408400,AAPL
2016-04-28,21.497241973876953,22.188652796904996,21.36575995904279,22.127446606289567,328970800,AAPL
2016-04-29,21.25014305114746,21.472302342805527,20.97131239445713,21.30681614570532,274126000,AAPL
2016-05-02,21.227476119995117,21.327221329078526,20.94637802929049,21.302285026807674,192640400,AAPL
2016-05-03,21.576580047607422,21.70352722254671,21.236541489426717,21.354420761938123,227325200,AAPL
2016-05-04,21.352157592773438,21.73980138711214,21.268280782602496,21.581115670263795,164102000,AAPL
2016-05-05,21.265487670898438,21.45478833702356,21.137767578117998,21.438823325426007,143562000,AAPL
2016-05-06,21.146888732910156,21.31338073272175,20.9484649728036,21.29513624976754,174799600,AAPL
2016-05-09,21.162860870361328,21.386371087311733,21.117245297474174,21.2107559168507,131745600,AAPL
2016-05-10,21.306537628173828,21.34074885936699,21.00776313853493,21.28601193349123,134747200,AAPL
2016-05-11,21.098995208740234,21.340751590683794,21.08759088353109,21.320225893374197,114876400,AAPL
2016-05-12,20.604082107543945,21.160579923387402,20.40566001816674,21.146896121376894,305258800,AAPL
2016-05-13,20.64512825012207,20.907412053370802,20.526531279465186,20.526531279465186,177571200,AAPL
2016-05-16,21.411455154418945,21.52777266813893,20.90285422864495,21.071627466161107,245039200,AAPL
2016-05-17,21.322505950927734,21.598473576008658,21.213032082163878,21.56426407955481,187667600,AAPL
2016-05-18,21.566545486450195,21.714793031247805,21.41373725506838,21.475317834318677,168249600,AAPL
2016-05-19,21.484439849853516,21.584792358265755,21.340754727399975,21.584792358265755,121768400,AAPL
2016-05-20,21.717069625854492,21.764964655054165,21.557417788466694,21.58478712231889,128104000,AAPL
2016-05-23,21.99303436279297,22.16636997458406,21.819698751001877,21.86531430150234,152074400,AAPL
2016-05-24,22.328311920166016,22.37164453875325,22.086553737270172,22.173222454556974,140560800,AAPL
2016-05-25,22.720596313476562,22.747963915785718,22.376206150618863,22.50392626821119,152675200,AAPL
2016-05-26,22.90077018737793,22.973753348456786,22.497080718241886,22.73427642676213,225324800,AAPL
2016-05-27,22.8870792388916,22.914448570348203,22.636199790733347,22.67953413052578,145364800,AAPL
2016-05-31,22.775325775146484,22.898485165241038,22.538130106081663,22.7160264228664,169228800,AAPL
2016-06-01,22.456026077270508,22.70234488193408,22.426377268212295,22.58374616558983,116693200,AAPL
2016-06-02,22.287256240844727,22.31462384103916,22.03865618539083,22.259886900594328,160766400,AAPL
2016-06-03,22.332868576049805,22.41269363804458,22.225674175632886,22.303219764467702,114019600,AAPL
2016-06-06,22.494796752929688,23.238313811742945,22.248479701959216,22.348830448630295,93170000,AAPL
2016-06-07,22.586027145385742,22.77760901594213,22.570062134510685,22.63620339100898,89638000,AAPL
2016-06-08,22.56550407409668,22.70690797542668,22.506204709637323,22.583748560036888,83392400,AAPL
2016-06-09,22.727428436279297,22.8049722628692,22.456021563103942,22.465144673300756,106405600,AAPL
2016-06-10,22.540416717529297,22.659013710439098,22.460591651142323,22.471994237737064,126851600,AAPL
2016-06-13,22.200586318969727,22.606557013557584,22.145849381519177,22.508485724761755,152082000,AAPL
2016-06-14,22.22795295715332,22.460587958152097,22.06602163766294,22.196022935848493,127727600,AAPL
2016-06-15,22.154970169067383,22.444623318622153,22.129882046190804,22.31005959227909,117780800,AAPL
2016-06-16,22.24847984313965,22.294093661001803,21.910931674770598,21.99759862473094,125307200,AAPL
2016-06-17,21.742162704467773,22.043218485265697,21.73532080445854,22.036376585256466,244032800,AAPL
2016-06-20,21.689699172973633,22.02496610012959,21.673734164064086,21.894964816136,137647600,AAPL
2016-06-21,21.874441146850586,21.97479189497669,21.59391111854967,21.65321047429848,142185600,AAPL
2016-06-22,21.792329788208008,22.097946127063437,21.746714240580555,21.951979854766034,116876400,AAPL
2016-06-23,21.917783737182617,21.961118102285656,21.7239223112874,21.881293013982496,128960800,AAPL
2016-06-24,21.30198097229004,21.589352932595514,21.130926524022275,21.1902258866374,301245600,AAPL
2016-06-27,20.991806030273438,21.222159884282743,20.86864659565627,21.210755556240798,181958400,AAPL
2016-06-28,21.345317840576172,21.36128459605314,21.01461320397855,21.187948900015844,161779600,AAPL
2016-06-29,21.530052185058594,21.564263420522675,21.354435321702322,21.43198090475795,146124000,AAPL
2016-06-30,21.803741455078125,21.842513381675214,21.50724810220776,21.539178128823707,143345600,AAPL
2016-07-01,21.86988067626953,22.00216319705296,21.74216058175079,21.778651291589384,104106000,AAPL
2016-07-05,21.664615631103516,21.75812623165836,21.543737432381075,21.755845018459116,110820800,AAPL
2016-07-06,21.78777503967285,21.817425591090963,21.523211730443737,21.57566745362745,123796400,AAPL
2016-07-07,21.881284713745117,22.00900480658205,21.808301554973188,21.82654603962435,100558400,AAPL
2016-07-08,22.050052642822266,22.097947666125435,21.906367572912767,22.006718304571873,115648400,AAPL
2016-07-11,22.11848258972168,22.271290821542625,22.061464436947663,22.066025123544975,95179600,AAPL
2016-07-12,22.218830108642578,22.28269015200899,22.150409379345284,22.16181196420033,96670000,AAPL
2016-07-13,22.093395233154297,22.275852284355423,22.08655159293596,22.21655465624445,103568800,AAPL
2016-07-14,22.531293869018555,22.576907696045488,22.196026846197096,22.211991859662117,155676000,AAPL
2016-07-15,22.529008865356445,22.6476075797629,22.465148822240202,22.560938886914567,120548000,AAPL
2016-07-18,22.76848602294922,22.836906752747325,22.48795598461548,22.51076289454818,145975600,AAPL
2016-07-19,22.777606964111328,22.80725577019259,22.656727046882665,22.706903287985973,95119600,AAPL
2016-07-20,22.798139572143555,22.912175885573678,22.74796331582533,22.80726268602469,105104000,AAPL
2016-07-21,22.67725944519043,23.03533336955051,22.608836966882272,22.768488836249336,130808000,AAPL
2016-07-22,22.501644134521484,22.6476104631008,22.42181733040751,22.638487350057606,113254800,AAPL
2016-07-25,22.200586318969727,22.54269522313343,22.104796243417297,22.408133222722523,161531600,AAPL
2016-07-26,22.047775268554688,22.3442703102066,21.99075712516437,22.08198650260001,224959200,AAPL
2016-07-27,23.480077743530273,23.799379789602447,23.43446391125832,23.7811335606712,369379200,AAPL
2016-07-28,23.79709243774414,23.82218056103933,23.450422877751294,23.452704090793322,159479200,AAPL
2016-07-29,23.767444610595703,23.844990196727817,23.646566415208607,23.76288392437889,110934800,AAPL
2016-08-01,24.18709945678711,24.20990636833348,23.813060539248017,23.813060539248017,152671600,AAPL
2016-08-02,23.829017639160156,24.191652110489176,23.719542064009655,24.187091425716556,135266400,AAPL
2016-08-03,24.12779998779297,24.139202573487715,23.895164966905853,23.90428807949513,120810400,AAPL
2016-08-04,24.276853561401367,24.306662989971674,24.141560848235834,24.210353990453193,109634800,AAPL
2016-08-05,24.646032333374023,24.685014285714743,24.347931140162242,24.368568026878478,162213600,AAPL
2016-08-08,24.85011863708496,24.85011863708496,24.572656054840465,24.655205358693667,112148800,AAPL
2016-08-09,24.951013565063477,24.98082473744984,24.76756813648853,24.818016197928273,105260800,AAPL
2016-08-10,24.765277862548828,24.971655527966504,24.710244401598175,24.92808642374439,96034000,AAPL
2016-08-11,24.749229431152344,24.978537587931488,24.730884358734237,24.88452040390049,109938000,AAPL
2016-08-12,24.806550979614258,24.866171577035363,24.71482738730841,24.71482738730841,74641600,AAPL
2016-08-15,25.10465431213379,25.118412239809015,24.78362258701534,24.797380514690566,103472800,AAPL
2016-08-16,25.08171272277832,25.27662595587699,25.04273077595119,25.139039732635222,135177600,AAPL
2016-08-17,25.04503631591797,25.079432888167485,24.843244025111378,25.017518708221886,101424000,AAPL
2016-08-18,25.01292610168457,25.132165535016163,24.99916642706343,25.04732266401467,87938800,AAPL
2016-08-19,25.07713508605957,25.152807182345406,24.847826975725802,24.941842391231983,101472400,AAPL
2016-08-22,24.882225036621094,25.017515990092335,24.730880834959557,24.962482530161843,103280800,AAPL
2016-08-23,24.960186004638672,25.06796109012888,24.886807483589457,24.90056540957308,85030800,AAPL
2016-08-24,24.772159576416016,24.937261727077985,24.691902072478214,24.895986189412493,94700400,AAPL
2016-08-25,24.666671752929688,24.73775670267158,24.462587687976196,24.625396225777187,100344800,AAPL
2016-08-26,24.52220344543457,24.753803316483502,24.377738254156778,24.629978508933373,111065200,AAPL
2016-08-29,24.49468994140625,24.636861586077046,24.37315693442919,24.44882902350309,99881200,AAPL
2016-08-30,24.306657791137695,24.421311837322307,24.192003744953084,24.260796872456613,99455600,AAPL
2016-08-31,24.32958984375,24.437364934138508,24.224108324290317,24.22869546614797,118649600,AAPL
2016-09-01,24.47405242919922,24.49010392500426,24.21952031751797,24.338759750715155,106806000,AAPL
2016-09-02,24.70336151123047,24.765273926274116,24.494690307841104,24.69648079890837,107210000,AAPL
2016-09-06,24.696481704711914,24.834067964489712,24.65291435529878,24.74234437446517,107521600,AAPL
2016-09-07,24.84782600402832,24.939549594471302,24.55201834332775,24.726292990221214,169457200,AAPL
2016-09-08,24.19658660888672,24.59787572860481,24.1323806296489,24.593290337008558,212008000,AAPL
2016-09-09,23.64854621887207,24.24245517027927,23.64854621887207,23.99480197626819,186228000,AAPL
2016-09-12,24.178247451782227,24.242453442063752,23.510960018180622,23.53847762093643,181171200,AAPL
2016-09-13,24.753814697265625,24.946434457700768,24.591006116727257,24.65292029844949,248704800,AAPL
2016-09-14,25.629764556884766,25.918693241349946,24.902858328415586,24.932669499908865,443554800,AAPL
2016-09-15,26.501136779785156,26.53782691516652,26.02417551671913,26.109020142677068,359934400,AAPL
2016-09-16,26.352083206176758,26.629545763272738,26.150292732692883,26.397945870251558,319547600,AAPL
2016-09-19,26.044816970825195,26.64101773936924,25.969144870532038,26.414003187971904,188092000,AAPL
2016-09-20,26.042522430419922,26.168642592880882,25.799456389475605,25.923282980942165,138057200,AAPL
2016-09-21,26.037931442260742,26.13882580106485,25.78339935052643,26.106722811970585,144012800,AAPL
2016-09-22,26.283294677734375,26.35667319871073,26.141123027944335,26.22138051190567,124296000,AAPL
2016-09-23,25.845319747924805,26.322281089744948,25.579323220417336,26.23743644977777,209924800,AAPL
2016-09-26,25.884302139282227,26.00124978020245,25.57932364356187,25.5999605363513,119477600,AAPL
2016-09-27,25.932453155517578,25.953091795017215,25.76047207410939,25.91181626549997,98429600,AAPL
2016-09-28,26.129657745361328,26.28788089692138,26.01041830107917,26.070038897961247,118564400,AAPL
2016-09-29,25.723791122436523,26.09527099547524,25.63665464581474,25.948513903542484,143548000,AAPL
2016-09-30,25.92327880859375,25.996657323265662,25.636643712300064,25.7879861334126,145516400,AAPL
2016-10-03,25.801748275756836,25.92328304601615,25.746714818127575,25.84531737734946,86807200,AAPL
2016-10-04,25.91181182861328,26.21220483953562,25.826967213166345,25.925569752935914,118947200,AAPL
2016-10-05,25.92327880859375,26.063156875543612,25.840727760902624,26.003536285659624,85812400,AAPL
2016-10-06,26.115894317626953,26.21908224287525,25.941619705480722,26.072325227219988,115117200,AAPL
2016-10-07,26.154884338378906,26.269538401583418,26.028765918543243,26.212211369981162,97433600,AAPL
2016-10-10,26.611209869384766,26.7717248647122,26.3062296287804,26.375021019856913,144944000,AAPL
2016-10-11,26.668529510498047,27.21657566338203,26.645597303680738,26.989559412159313,256164000,AAPL
2016-10-12,26.90701675415039,27.05377557570834,26.771725789057832,26.909310325443467,150347200,AAPL
2016-10-13,26.824460983276367,26.929942494130234,26.53553230168768,26.780891886593427,140769600,AAPL
2016-10-14,26.973508834838867,27.09733540804211,26.858854794778285,27.030835854869157,142608800,AAPL
2016-10-17,26.955171585083008,27.021669403741424,26.778603343938066,26.904723516184454,94499600,AAPL
2016-10-18,26.936819076538086,27.106506557309743,26.932231935460038,27.099627595174393,98214000,AAPL
2016-10-19,26.856569290161133,27.003326355996805,26.095266355082757,26.88637871777449,80138400,AAPL
2016-10-20,26.842803955078125,26.916182472530696,26.67541003220906,26.79694303772596,96503200,AAPL
2016-10-21,26.73732566833496,26.808412373125577,26.663947142037795,26.785480162203534,92770800,AAPL
2016-10-24,26.97810173034668,26.998738622207984,26.82905109658035,26.851981559586974,94154800,AAPL
2016-10-25,27.115686416625977,27.1409104509256,26.900136214240906,27.04689327772115,192516000,AAPL
2016-10-26,26.505720138549805,26.530944167318914,25.982897995847928,26.212206075943968,264536800,AAPL
2016-10-27,26.251188278198242,26.567632780823928,26.1640500930757,26.45985770942397,138248000,AAPL
2016-10-28,26.076921463012695,26.418590095236567,26.01500728668432,26.111318033252655,151446800,AAPL
2016-10-31,26.035642623901367,26.193865777232485,25.95767695795487,26.06086665557682,105677600,AAPL
2016-11-01,25.565561294555664,26.088383517719134,25.345425713722733,26.01729856178367,175303200,AAPL
2016-11-02,25.5884952545166,25.762769935890997,25.505945931215383,25.544927896284744,113326800,AAPL
2016-11-03,25.3142147064209,25.689905316964364,25.249679068630783,25.579273297456805,107730400,AAPL
2016-11-04,25.086030960083008,25.41101622939243,24.917777597000175,25.014581046318856,123348000,AAPL
2016-11-07,25.44789695739746,25.47094514851172,25.22893474565132,25.37183634410256,130240000,AAPL
2016-11-08,25.59770965576172,25.749830873894304,25.284249350334726,25.424845594318782,97016800,AAPL
2016-11-09,25.556224822998047,25.65763897878618,24.903952367578423,25.3257393841809,236705600,AAPL
2016-11-10,24.844022750854492,25.60462355477469,24.392271554707335,25.60462355477469,228538000,AAPL
2016-11-11,24.991531372070312,25.092945508261796,24.558219463871797,24.689596068272582,136575600,AAPL
2016-11-14,24.3646183013916,24.848637426342865,23.988927626376935,24.82558923152891,204702000,AAPL
2016-11-15,24.68730354309082,24.81868021572091,24.46834300819565,24.562841154525753,129058000,AAPL
2016-11-16,25.351099014282227,25.406416798983972,24.569753329633908,24.592801527360585,235362000,AAPL
2016-11-17,25.341873168945312,25.434067695708052,25.083730604166846,25.309605348348004,110528000,AAPL
2016-11-18,25.367225646972656,25.477859426154385,25.275032882529526,25.288861445503144,113715600,AAPL
2016-11-21,25.752140045166016,25.81206499593885,25.35570479069008,25.381058330811058,117058400,AAPL
2016-11-22,25.76826286315918,25.911162654907542,25.676068371359918,25.80283425892819,103862000,AAPL
2016-11-23,25.636892318725586,25.70142795063754,25.429455102962812,25.6668547882664,109705600,AAPL
2016-11-25,25.765966415405273,25.784405671825745,25.572357739918893,25.613845187632812,45903600,AAPL
2016-11-28,25.715267181396484,25.922704483224447,25.673779721030893,25.682999352052672,108776000,AAPL
2016-11-29,25.689910888671875,25.82128753937063,25.369536218398338,25.5331806949905,114115200,AAPL
2016-11-30,25.473251342773438,25.86046697188614,25.41562997986062,25.722176052588267,144649200,AAPL
2016-12-01,25.23584747314453,25.570052378346286,25.1298243937763,25.43867576277433,148347600,AAPL
2016-12-02,25.33034896850586,25.374140004207796,25.088338564959518,25.16209383181276,106112000,AAPL
2016-12-05,25.148269653320312,25.360315862684942,24.950052009381544,25.353401579972008,137298000,AAPL
2016-12-06,25.341873168945312,25.436373042454814,25.166705502406877,25.238155425377442,104782000,AAPL
2016-12-07,25.590795516967773,25.627674027676814,25.15978891345697,25.18283710341803,119994800,AAPL
2016-12-08,25.842021942138672,25.913471848622315,25.491683172973083,25.551609865310553,108273200,AAPL
2016-12-09,26.263816833496094,26.43668092434876,25.885820828842085,25.885820828842085,137610400,AAPL
2016-12-12,26.114002227783203,26.505826789988568,25.92730781724573,26.111696880909687,105497600,AAPL
2016-12-13,26.549606323242188,26.71785963319128,26.217706877860277,26.23844971396487,174935200,AAPL
2016-12-14,26.549606323242188,26.782395245690306,26.50120461386792,26.51503317127098,136127200,AAPL
2016-12-15,26.694820404052734,26.904562973479848,26.558834854747445,26.59340625984937,186098000,AAPL
2016-12-16,26.729393005371094,26.85154999006606,26.65563774526484,26.84463570919112,177404400,AAPL
2016-12-19,26.883821487426758,27.05438022006357,26.67868958721731,26.69021456256297,111117600,AAPL
2016-12-20,26.955265045166016,27.08203271017368,26.89303476500294,26.906863325380527,85700000,AAPL
2016-12-21,26.980623245239258,27.05898920401707,26.916087607695317,26.92069830092802,95132800,AAPL
2016-12-22,26.803152084350586,26.853859162610323,26.653336196346185,26.816980648070746,104343600,AAPL
2016-12-23,26.856159210205078,26.856159210205078,26.64180770848088,26.64180770848088,56998000,AAPL
2016-12-27,27.026723861694336,27.151186213418192,26.84924908372231,26.85616336574068,73187600,AAPL
2016-12-28,26.911474227905273,27.201884548885356,26.7824012156724,27.08664185560197,83623600,AAPL
2016-12-29,26.904565811157227,26.992149644093313,26.82850519498244,26.84002841174374,60158000,AAPL
2016-12-30,26.694820404052734,27.012889640239454,26.604931233859443,26.886123718449394,122345200,AAPL
2017-01-03,26.77088165283203,26.812369098411278,26.450507062483908,26.690212108223545,115127600,AAPL
2017-01-04,26.740924835205078,26.85386398742596,26.678694528819115,26.701742725315224,84472400,AAPL
2017-01-05,26.87690544128418,26.934526797301263,26.69251639864383,26.717869935968483,88774400,AAPL
2017-01-06,27.176528930664062,27.234150269156558,26.84462945823889,26.916079355261207,127007600,AAPL
2017-01-09,27.425464630126953,27.526878796112335,27.18345595011346,27.18575953863893,134247600,AAPL
2017-01-10,27.4531192779541,27.51534956935505,27.266426645287005,27.374753318580193,97848400,AAPL
2017-01-11,27.600629806518555,27.642117253601786,27.33557121451258,27.367839033525733,110354400,AAPL
2017-01-12,27.485387802124023,27.496912777124887,27.245682741513264,27.404718252510857,108344800,AAPL
2017-01-13,27.43698501586914,27.57066698348872,27.38397259475647,27.453118925170525,104447600,AAPL
2017-01-17,27.658254623413086,27.71357064028986,27.247990794520106,27.275647923726257,137759200,AAPL
2017-01-18,27.65593910217285,27.77348713344777,27.59140347981449,27.65824444824674,94852000,AAPL
2017-01-19,27.6075439453125,27.678993864406134,27.513045835394877,27.519960116795648,102389200,AAPL
2017-01-20,27.658254623413086,27.761972374865096,27.596024324234772,27.761972374865096,130391600,AAPL
2017-01-23,27.676692962646484,27.844946354610684,27.60524127815325,27.658253704811816,88200800,AAPL
2017-01-24,27.651338577270508,27.681301051487395,27.54301013888461,27.554535114294993,92844000,AAPL
2017-01-25,28.09157371520996,28.14228080946734,27.72279724579028,27.755065076960445,129510400,AAPL
2017-01-26,28.105388641357422,28.22063133480768,28.027022695409993,28.043156602154472,105350400,AAPL
2017-01-27,28.107702255249023,28.19989679458814,28.027032692751515,28.151495057089633,82251600,AAPL
2017-01-30,28.033939361572266,28.033939361572266,27.81036999436097,27.872600280396256,121510000,AAPL
2017-01-31,27.969404220581055,27.97862384801942,27.801150855607247,27.923307841853358,196804000,AAPL
2017-02-01,29.674997329711914,30.076043219912517,29.273953197975487,29.27856213257431,447940000,AAPL
2017-02-02,29.624292373657227,29.82250998639,29.45142829919011,29.497526440793255,134841600,AAPL
2017-02-03,29.751060485839844,29.77641402446415,29.539014306858704,29.57358571546973,98029200,AAPL
2017-02-06,30.02994728088379,30.07835077210367,29.709572650884894,29.76258683577543,107383600,AAPL
2017-02-07,30.31574821472168,30.444819492337015,30.06682352920845,30.087566373769082,152735200,AAPL
2017-02-08,30.43329620361328,30.47478541196175,30.244299970042167,30.27426420290891,92016400,AAPL
2017-02-09,30.653209686279297,30.6601539460953,30.3522788096039,30.474965442589138,113399600,AAPL
2017-02-10,30.583755493164062,30.773574630564617,30.567553401923714,30.66246297062399,80262000,AAPL
2017-02-13,30.854598999023438,30.977289159070857,30.729598795369544,30.80598918233789,92141600,AAPL
2017-02-14,31.255056381225586,31.271258468931265,30.845327588600593,30.89625449083309,132904800,AAPL
2017-02-15,31.368484497070312,31.54441509641387,31.162463294293417,31.370801604225175,142492400,AAPL
2017-02-16,31.331449508666992,31.458763243345395,31.213390073868105,31.405522761633943,90338400,AAPL
2017-02-17,31.417095184326172,31.442558635657335,31.27357583982792,31.27357583982792,88792800,AAPL
2017-02-21,31.64395523071289,31.655530171214334,31.47728597758471,31.535157147915996,98028800,AAPL
2017-02-22,31.738866806030273,31.741180381406583,31.50738211005811,31.581455376037606,83347600,AAPL
2017-02-23,31.604604721069336,31.8245144720681,31.551364230910412,31.801368122170175,83152800,AAPL
2017-02-24,31.63469696044922,31.63469696044922,31.315246974338777,31.461083451854563,87106400,AAPL
2017-02-27,31.697208404541016,31.81526789986023,31.54674471433015,31.745821761233163,81029600,AAPL
2017-02-28,31.711090087890625,31.815257495677873,31.643957547373027,31.731922863012837,93931600,AAPL
2017-03-01,32.35924530029297,32.44257993523194,31.85229676427185,31.919425774445003,145658400,AAPL
2017-03-02,32.1671142578125,32.472672213602706,32.12081449381077,32.40785678261157,104844000,AAPL
2017-03-03,32.35692596435547,32.36850090395948,32.08145864978795,32.125441300977805,84432400,AAPL
2017-03-06,32.25508499145508,32.35462527307624,32.08378853293693,32.262029251547595,87000000,AAPL
2017-03-07,32.296749114990234,32.40323010814363,32.1277627262672,32.19026458966033,69785200,AAPL
2017-03-08,32.17637634277344,32.36156482672111,32.13471078827789,32.164801400243604,74828800,AAPL
2017-03-09,32.102294921875,32.127758378909846,31.724977281310007,32.11618697021985,88623600,AAPL
2017-03-10,32.20877456665039,32.25970147302597,32.09303223982871,32.23423801983818,78451200,AAPL
2017-03-13,32.22267532348633,32.2759158250435,32.13471352356076,32.14165778323444,69686800,AAPL
2017-03-14,32.17405700683594,32.32683421147691,32.139332185463424,32.24581669262619,61236400,AAPL
2017-03-15,32.51435089111328,32.581479917246654,32.18332584811714,32.2712911870714,102767200,AAPL
2017-03-16,32.56758499145508,32.64397537096826,32.46804472766163,32.574529250303875,76928000,AAPL
2017-03-17,32.405548095703125,32.63934639760594,32.38239821021006,32.63934639760594,175540000,AAPL
2017-03-20,32.74582290649414,32.75508073911819,32.46109421980029,32.50044618976005,86168000,AAPL
2017-03-21,32.370811462402344,33.05600755630468,32.34534801051669,32.89628258831062,158119600,AAPL
2017-03-22,32.736568450927734,32.778237536969804,32.352302970677094,32.37313927978638,103440800,AAPL
2017-03-23,32.620819091796875,32.77359982087255,32.549059409642595,32.69952303143862,81385200,AAPL
2017-03-24,32.556007385253906,32.810641962794406,32.488878377816576,32.75508436437389,89582400,AAPL
2017-03-27,32.611568450927734,32.690272407925804,32.08841072366366,32.26665494689288,94300400,AAPL
2017-03-28,33.28749465942383,33.343048716972746,32.551371607320455,32.61850413642617,133499200,AAPL
2017-03-29,33.361572265625,33.447224002478976,33.146293200188246,33.2597184372642,116760000,AAPL
2017-03-30,33.31759262084961,33.449540601018,33.21805589097636,33.37778090605331,84829200,AAPL
2017-03-31,33.255096435546875,33.396302259059844,33.1046292450166,33.26898495389625,78646800,AAPL
2017-04-03,33.26435470581055,33.36157786770539,33.11389104548733,33.266671813683494,79942800,AAPL
2017-04-04,33.512046813964844,33.53982385248082,33.141669816926616,33.16018901999621,79565600,AAPL
2017-04-05,33.338417053222656,33.67175548208729,33.28980372727361,33.384713272303834,110871600,AAPL
2017-04-06,33.255096435546875,33.45417344029997,33.206483089147476,33.40092941039191,84596000,AAPL
2017-04-07,33.18101119995117,33.375457471805156,33.16480911005119,33.27129007846736,66688800,AAPL
2017-04-10,33.141666412353516,33.30602211510173,33.07916454993642,33.24120667710491,75733600,AAPL
2017-04-11,32.78517150878906,33.18332538206427,32.42173891950718,33.08841582958201,121517600,AAPL
2017-04-12,32.824527740478516,32.90554525771684,32.64165286854683,32.77823151174578,81400000,AAPL
2017-04-13,32.650917053222656,32.958792122537375,32.650917053222656,32.8499940329233,71291600,AAPL
2017-04-17,32.83148193359375,32.84305687732368,32.60925502338047,32.7504608596611,66328400,AAPL
2017-04-18,32.685646057128906,32.88009239978457,32.66481327731086,32.734259408881314,58790000,AAPL
2017-04-19,32.56526184082031,32.8708233021722,32.51202135546686,32.8430462719314,69313600,AAPL
2017-04-20,32.972686767578125,33.08379845321876,32.67638658441855,32.690275103601536,93278400,AAPL
2017-04-21,32.93333435058594,33.028240407807615,32.83611118541318,32.9726863318099,69283600,AAPL
2017-04-24,33.25046920776367,33.32222891481116,33.14398466905719,33.21806148418813,68537200,AAPL
2017-04-25,33.456485748291016,33.54213396298466,33.30370498788361,33.31296635455001,75486000,AAPL
2017-04-26,33.25971603393555,33.4726850408515,33.19027345795837,33.4425909031442,80164800,AAPL
2017-04-27,33.285186767578125,33.37083851697221,33.174075089542335,33.31528091186604,56985200,AAPL
2017-04-28,33.25277328491211,33.40324044809905,33.16481150729188,33.354627110533805,83441600,AAPL
2017-05-01,33.93103790283203,34.07455732948006,33.55603370691827,33.588441433328384,134411600,AAPL
2017-05-02,34.146297454833984,34.280558967850475,33.99120317225681,34.15324171135421,181408800,AAPL
2017-05-03,34.042137145996094,34.14167739708767,33.39629643023585,33.70185437712131,182788000,AAPL
2017-05-04,33.91945266723633,34.06065847493561,33.75278340135599,33.91713909182939,93487600,AAPL
2017-05-05,34.481971740722656,34.486598892800345,33.972702438004276,33.972702438004276,109310800,AAPL
2017-05-08,35.41946792602539,35.579192912756085,34.49815993257278,34.49815993257278,195009600,AAPL
2017-05-09,35.64632034301758,35.85234152761911,35.52131666165135,35.618539784838845,156521600,AAPL
2017-05-10,35.47734832763672,35.63475978023358,35.21114230191216,35.56300007932574,103222800,AAPL
2017-05-11,35.78416442871094,35.81205966165817,35.40296268148456,35.43550416429331,109020400,AAPL
2017-05-12,36.283912658691406,36.3582916702196,35.95152136483856,35.95849428633321,130108000,AAPL
2017-05-15,36.19094467163086,36.41176219035875,36.0398599342793,36.26300057857565,104038800,AAPL
2017-05-16,36.137481689453125,36.27462056955836,35.963151522512334,36.24672887780986,80194000,AAPL
2017-05-17,34.92413330078125,35.92827647316972,34.79861717761034,35.70280923900162,203070800,AAPL
2017-05-18,35.4564208984375,35.642373738162306,35.128682964187924,35.161224445133115,134272800,AAPL
2017-05-19,35.577293395996094,35.79113793606161,35.477345821003205,35.651675956065326,107843200,AAPL
2017-05-22,35.79346466064453,35.93060351587456,35.542428840173685,35.795787785616746,91865600,AAPL
2017-05-23,35.74929428100586,36.00497630723643,35.6353973354477,36.00497630723643,79675600,AAPL
2017-05-24,35.64236831665039,35.83529404817811,35.4866338567616,35.75858838045589,76712000,AAPL
2017-05-25,35.76556396484375,35.87713778807206,35.570315094326915,35.733022486424275,76942400,AAPL
2017-05-26,35.70513916015625,35.8515776206928,35.63540639100761,35.79579069602269,87710400,AAPL
2017-05-30,35.71909713745117,35.89575047211027,35.640068294058196,35.66098706788154,80507600,AAPL
2017-05-31,35.507568359375,35.835309935832555,35.41924348351713,35.78882259905108,97804800,AAPL
2017-06-01,35.605186462402344,35.64005461881937,35.382045867058956,35.602863337343535,65616400,AAPL
2017-06-02,36.13282775878906,36.13282775878906,35.53778142451099,35.698165727231675,111082800,AAPL
2017-06-05,35.77952194213867,35.90039185158972,35.67027829998363,35.874823285105,101326800,AAPL
2017-06-06,35.900386810302734,36.21650561210647,35.74465230785796,35.7725439958314,106499600,AAPL
2017-06-07,36.114234924316406,36.2560235967663,35.90736327566881,36.03288297744737,84278400,AAPL
2017-06-08,36.02590560913086,36.15374487368615,35.88876320422132,36.08633878049801,85003200,AAPL
2017-06-09,34.62895202636719,36.07240773011959,33.940930781663866,36.07240773011959,259530800,AAPL
2017-06-12,33.80145263671875,33.95718714132232,33.12505081993979,33.875835201353475,289229200,AAPL
2017-06-13,34.07341003417969,34.27330875959209,33.738695559372296,34.20590265827269,136661600,AAPL
2017-06-14,33.74101638793945,34.28492554192561,33.43419365691819,34.28492554192561,126124800,AAPL
2017-06-15,33.538795471191406,33.5829596774279,33.055322968065674,33.313331736349795,128661600,AAPL
2017-06-16,33.06926345825195,33.587604036098135,33.05299094416554,33.42024683259305,201444400,AAPL
2017-06-19,34.015296936035156,34.10827514113461,33.39235892227018,33.39235892227018,130165600,AAPL
2017-06-20,33.706146240234375,34.1384850786203,33.68987727338797,34.1384850786203,99600400,AAPL
2017-06-21,33.906044006347656,33.95253487438368,33.61317069019916,33.82469208079515,85063200,AAPL
2017-06-22,33.85028076171875,34.098990029130725,33.731733943214444,33.88282226063501,76425200,AAPL
2017-06-23,34.00136184692383,34.20591041608749,33.729407161153226,33.734056959567944,141757600,AAPL
2017-06-26,33.89444351196289,34.46624461761411,33.79216922073884,34.20823576357425,102769600,AAPL
2017-06-27,33.40863037109375,33.97346192538377,33.38306180613813,33.706153555983036,99047600,AAPL
2017-06-28,33.896759033203125,33.961842013606656,33.276144047154624,33.585289977449605,88329600,AAPL
2017-06-29,33.397003173828125,33.73404427035426,33.07158834234401,33.636419820909026,125997600,AAPL
2017-06-30,33.47602844238281,33.694522731585124,33.42024153447321,33.57597599562158,92096400,AAPL
2017-07-03,33.35517120361328,33.77356430436874,33.26219653533707,33.67593983865184,57111200,AAPL
2017-07-05,33.492305755615234,33.65501317746531,33.17386383379753,33.39933109934542,86278400,AAPL
2017-07-06,33.17618942260742,33.35516937331201,33.10181040141911,33.24359906815151,96515200,AAPL
2017-07-07,33.51322555541992,33.64571816878647,33.215702390068536,33.215702390068536,76806800,AAPL
2017-07-10,33.717769622802734,33.92464122689524,33.324945178156696,33.496952176350916,84362400,AAPL
2017-07-11,33.82701110839844,33.901393650842714,33.55970638334335,33.641058299042584,79127200,AAPL
2017-07-12,33.875831604003906,33.978102299382456,33.66198707352154,33.906046414266775,99538000,AAPL
2017-07-13,34.34769058227539,34.51504781603423,33.8061044711886,33.82005031620915,100797600,AAPL
2017-07-14,34.642879486083984,34.710289117889154,34.2454088032534,34.394170362066625,80528400,AAPL
2017-07-17,34.763763427734375,35.0752325133514,34.533649848800295,34.59175991164333,95174000,AAPL
2017-07-18,34.88462829589844,34.89625101613398,34.55688673773994,34.68007976937292,71475200,AAPL
2017-07-19,35.103118896484375,35.1960935548669,34.85440618783953,34.97759920623651,83692000,AAPL
2017-07-20,34.9450569152832,35.270475305629525,34.91019230588272,35.21468838383295,68974800,AAPL
2017-07-21,34.92878723144531,34.96830163687555,34.60569551951031,34.863704264059535,105010400,AAPL
2017-07-24,35.35183334350586,35.43318884182019,34.842788677882595,35.00084987687023,85972800,AAPL
2017-07-25,35.50291061401367,35.75859265691047,35.2844163004483,35.2844163004483,75415600,AAPL
2017-07-26,35.67027282714844,35.779516452542396,35.577294623853,35.644704264586665,63124000,AAPL
2017-07-27,34.99620819091797,35.79348020022448,34.23845415058545,35.73769325587052,129905200,AAPL
2017-07-28,34.74981689453125,34.91949728159327,34.67776098550861,34.840468448907586,68854800,AAPL
2017-07-31,34.57081604003906,34.94272162906972,34.43135410421848,34.84277053898148,79383600,AAPL
2017-08-01,34.87765121459961,34.91716562128409,34.49644944491631,34.65683374347769,141474400,AAPL
2017-08-02,36.52566146850586,37.13233067492419,36.297871012073976,37.02308347151407,279747200,AAPL
2017-08-03,36.16071319580078,36.54191487207745,36.03287041329078,36.50472359957364,108389200,AAPL
2017-08-04,36.35132598876953,36.58608933494351,36.18861854356201,36.27694696242737,82239600,AAPL
2017-08-07,36.91382598876953,36.93939455152754,36.4164041242776,36.50705565646402,87481200,AAPL
2017-08-08,37.20902633666992,37.615796672404265,36.788310156905624,36.865015845826235,144823600,AAPL
2017-08-09,37.43681335449219,37.48562735094947,36.983555730626804,37.01842033755663,104526000,AAPL
2017-08-10,36.244388580322266,37.33647887838671,36.08337444544976,37.31314215481408,163217200,AAPL
2017-08-11,36.74842834472656,37.0027858132447,36.41940333067996,36.54308013212896,105028400,AAPL
2017-08-14,37.301475524902344,37.38548274068739,37.04478582092473,37.177798729536015,88490800,AAPL
2017-08-15,37.70984649658203,37.84985616118254,37.36914954742076,37.49049410528858,117862000,AAPL
2017-08-16,37.55815887451172,37.92218892894133,37.37147579102165,37.78917959090758,110686400,AAPL
2017-08-17,36.837100982666016,37.50215838942201,36.83243292614835,37.45782075421376,111762400,AAPL
2017-08-18,36.75310516357422,37.21981126088944,36.571090070476075,36.837112403518354,109712400,AAPL
2017-08-21,36.68541717529297,36.84409546498087,36.19537457820594,36.753087961028506,105474000,AAPL
2017-08-22,37.28514099121094,37.33647893460074,36.87444100477661,36.923443139395175,86418400,AAPL
2017-08-23,37.331809997558594,37.44615424344615,37.075123847345644,37.119461484744576,77596400,AAPL
2017-08-24,37.1661262512207,37.50915538095337,36.99811183826252,37.43681297371242,79275600,AAPL
2017-08-25,37.303810119628906,37.467156504852525,37.16613270641787,37.25480442371975,101920400,AAPL
2017-08-28,37.679500579833984,37.80317735670186,37.32013504801597,37.36914073351239,103864000,AAPL
2017-08-29,38.015541076660156,38.06454321653382,37.3364829386492,37.35981966475965,118067600,AAPL
2017-08-30,38.11821746826172,38.2442265331109,37.945534950586996,38.223225615750124,109078400,AAPL
2017-08-31,38.26990509033203,38.39124968882988,38.14856049183418,38.18589783916974,107140400,AAPL
2017-09-01,38.281551361083984,38.48923533982436,38.18354355141044,38.45656606993318,66364400,AAPL
2017-09-05,37.82185363769531,38.32822920662865,37.46715609035932,38.21155270980482,117874000,AAPL
2017-09-06,37.78217697143555,38.03419858459997,37.457816513514224,37.96886004348513,86606800,AAPL
2017-09-07,37.63050079345703,37.85918928071265,37.42048453282566,37.82418419681812,87714000,AAPL
2017-09-08,37.016780853271484,37.60482774352189,36.99344413320669,37.53715695242767,114446000,AAPL
2017-09-11,37.68649673461914,37.81484155328231,37.31079838945042,37.45314381366175,126323200,AAPL
2017-09-12,37.53716278076172,38.26055848688814,37.04945587756065,37.945530520517316,286856000,AAPL
2017-09-13,37.25482177734375,37.32716423084724,36.84878965360944,37.306159745282585,179629600,AAPL
2017-09-14,36.93510055541992,37.19645469109048,36.89076293011516,37.10078269829304,95042800,AAPL
2017-09-15,37.3084716796875,37.562825546720234,36.86976698375322,36.979443157736796,196458400,AAPL
2017-09-18,37.026123046875,37.453159498343865,36.86977695164069,37.362151963485545,113077600,AAPL
2017-09-19,37.040130615234375,37.28281979422856,36.97245979380792,37.22214571913743,83242400,AAPL
2017-09-20,36.41939926147461,36.93043926812725,35.89668733365387,36.84643205759684,211805600,AAPL
2017-09-21,35.794010162353516,36.35639164690989,35.644664411338915,36.35639164690989,150046800,AAPL
2017-09-22,35.44398498535156,35.53266025966119,35.133625085951856,35.36231001578385,186581600,AAPL
2017-09-25,35.13129806518555,35.429989647563616,34.80693750803978,35.00062094298071,177549200,AAPL
2017-09-26,35.73568344116211,35.91769852260745,35.39732225440781,35.41832317287811,146640000,AAPL
2017-09-27,35.99003219604492,36.10437644790088,35.829018056321864,35.88969211516487,102016800,AAPL
2017-09-28,35.76834487915039,36.00169786169218,35.63299972199408,35.91069034092824,88022000,AAPL
2017-09-29,35.964351654052734,35.966687462139404,35.46964459257487,35.75200319846631,105199200,AAPL
2017-10-02,35.892024993896484,36.04137077410554,35.63767107397056,35.997033133613364,74795200,AAPL
2017-10-03,36.048362731933594,36.19070817391197,35.915353401941296,35.938686560539594,64921200,AAPL
2017-10-04,35.81501007080078,35.9036853319667,35.57699262348722,35.85001515000581,80655200,AAPL
2017-10-05,36.2607307434082,36.27239910818883,35.94803850712365,35.97837198273125,85135200,AAPL
2017-10-06,36.23971939086914,36.284057027860996,36.06703689960718,36.16271247830708,69630400,AAPL
2017-10-09,36.3657341003418,36.573418147531115,36.28406267903809,36.35873379453532,65051600,AAPL
2017-10-10,36.37972640991211,36.86976906864224,36.193046883427996,36.41706373948242,62468000,AAPL
2017-10-11,36.531410217285156,36.63175029089218,36.34472711866406,36.39606505980196,67622400,AAPL
2017-10-12,36.403072357177734,36.72276486602361,36.34006604264477,36.484747341227305,64500400,AAPL
2017-10-13,36.634071350097656,36.70174212125195,36.49872624710656,36.573397320080865,65576800,AAPL
2017-10-16,37.3084716796875,37.33647289493997,36.78809202502214,36.84643026392048,96486000,AAPL
2017-10-17,37.44615173339844,37.539491498003954,37.156792766027294,37.28513761287271,75989200,AAPL
2017-10-18,37.280460357666016,37.50214847510027,37.243126597446,37.43447413587837,65496800,AAPL
2017-10-19,36.39840316772461,36.65509291473972,36.17438626186099,36.57808599063519,170336800,AAPL
2017-10-20,36.461395263671875,36.81142465820312,36.393724480763076,36.5454024607867,95896400,AAPL
2017-10-23,36.44274139404297,36.79743898813021,36.28639529497379,36.61075585646932,87937200,AAPL
2017-10-24,36.65975570678711,36.73442681112196,36.44973588193455,36.4707367962146,71028800,AAPL
2017-10-25,36.498741149902344,36.764763409729866,36.23271889007482,36.6154176421194,84828400,AAPL
2017-10-26,36.73208236694336,36.83009016172609,36.58506889442785,36.690076991646286,68002000,AAPL
2017-10-27,38.048213958740234,38.17655884312885,37.03312680847597,37.17080424778157,177816800,AAPL
2017-10-30,38.90461349487305,39.2196414776492,38.20455447597877,38.244224059767326,178803200,AAPL
2017-10-31,39.44597625732422,39.588321681771504,38.955937258911185,39.17995406941914,144187200,AAPL
2017-11-01,38.94427490234375,39.65600213426327,38.64558340184696,39.63966571812375,134551200,AAPL
2017-11-02,39.228965759277344,39.319973270116144,38.56857646342304,38.87660407591348,165573600,AAPL
2017-11-03,40.25338363647461,40.66408354419493,39.93135542796412,40.603413059400474,237594400,AAPL
2017-11-06,40.6617546081543,40.8344370860408,40.07137188492503,40.223049889605925,140105200,AAPL
2017-11-07,40.79243087768555,40.895106751078096,40.51007578653969,40.58241463533435,97446000,AAPL
2017-11-08,41.126129150390625,41.126129150390625,40.68042411840414,40.7574310266021,97638000,AAPL
2017-11-09,41.04212188720703,41.0934598259423,40.40273346157568,40.862439101633605,117930400,AAPL
2017-11-10,40.906288146972656,41.072565925229945,40.81261284063416,41.00933312803533,100582000,AAPL
2017-11-13,40.74235534667969,40.86647673799948,40.60886428045805,40.63228489422871,67928400,AAPL
2017-11-14,40.12642288208008,40.62759320022976,40.08895133576452,40.52454823460366,99130000,AAPL
2017-11-15,39.59716796875,39.887567219183246,39.43323434894289,39.80559862253724,116632400,AAPL
2017-11-16,40.070220947265625,40.25054607177867,39.88286678070278,40.088953147786754,94550000,AAPL
2017-11-17,39.847740173339844,40.13813934158887,39.72830362131391,40.056170768140326,87598000,AAPL
2017-11-20,39.807926177978516,39.94375786790705,39.70956603840621,39.88052507336638,65049600,AAPL
2017-11-21,40.5479736328125,40.67912048692099,39.99528076658117,39.99528076658117,100525200,AAPL
2017-11-22,40.974212646484375,40.983578749293905,40.52690530078438,40.59950421138276,102355600,AAPL
2017-11-24,40.976558685302734,41.1006801114414,40.901615559000554,41.007004777048614,56106800,AAPL
2017-11-27,40.77046203613281,41.00231327528309,40.594818132575305,40.995287805019544,82867200,AAPL
2017-11-28,40.531585693359375,40.95312816975762,40.24821197904056,40.819640671827266,105715200,AAPL
2017-11-29,39.690826416015625,40.496446803167544,39.14750328244924,40.42853275152802,166665600,AAPL
2017-11-30,40.245872497558594,40.31378656450264,39.447277398767646,39.91331691229435,166108800,AAPL
2017-12-01,40.058528900146484,40.20372674800791,39.461338785432524,39.80091635701964,159037200,AAPL
2017-12-04,39.76577377319336,40.426192880970966,39.72596159058653,40.39340616744277,130169600,AAPL
2017-12-05,39.72831344604492,40.16859535793597,39.43791420598076,39.59248171634482,109400800,AAPL
2017-12-06,39.58076477050781,39.85945365424555,38.98357838933744,39.227136350163626,114240000,AAPL
2017-12-07,39.653377532958984,39.91567133933631,39.55735798830832,39.58545987513872,102693200,AAPL
2017-12-08,39.66507339477539,40.046807262488294,39.53627073312778,39.92737070272112,93420800,AAPL
2017-12-11,40.437904357910156,40.48942684830083,39.529238880275294,39.625258391774615,141095200,AAPL
2017-12-12,40.21073532104492,40.37232825077936,40.15453157051721,40.31612092676802,77636800,AAPL
2017-12-13,40.344234466552734,40.64165556869939,40.28100166104409,40.39809759610526,95273600,AAPL
2017-12-14,40.332515716552734,40.545631131394195,40.19902466325085,40.37466852907948,81906000,AAPL
2017-12-15,40.74235534667969,40.78919300073705,40.38872694904004,40.66273097743377,160677200,AAPL
2017-12-18,41.316123962402344,41.49879331162822,40.95078526395058,40.95547010132362,117684400,AAPL
2017-12-19,40.8758544921875,41.074919045534976,40.77046884714441,40.99060981480351,109745600,AAPL
2017-12-20,40.83134841918945,41.08193182784955,40.57373596777827,40.953125602143956,93902400,AAPL
2017-12-21,40.98590850830078,41.222444529932275,40.772796671189994,40.78918824012919,83799600,AAPL
2017-12-22,40.98590850830078,41.081928010676265,40.86647196837164,40.90862478005833,65397600,AAPL
2017-12-26,39.946109771728516,40.15688102950606,39.73767557275851,39.99997290231888,132742000,AAPL
2017-12-27,39.953128814697266,39.99528163007775,39.7446982227426,39.836032896217475,85992800,AAPL
2017-12-28,40.065547943115234,40.24587669436901,39.925031383322896,40.046812163577286,65920800,AAPL
2017-12-29,39.63227462768555,39.95077559704119,39.62993399629814,39.9343840303633,103999600,AAPL
2018-01-02,40.341896057128906,40.351265734431266,39.63932034581606,39.85009520330083,102223600,AAPL
2018-01-03,40.33486557006836,40.87819243452449,40.27163633682215,40.40512384715967,118071600,AAPL
2018-01-04,40.52220916748047,40.62525413708489,40.299727659552815,40.40745389251491,89738400,AAPL
2018-01-05,40.98357391357422,41.070223754905165,40.526900518948345,40.61823519787352,94640000,AAPL
2018-01-08,40.83134841918945,41.126428848864556,40.73298470248056,40.83134841918945,82271200,AAPL
2018-01-09,40.82666015625,40.997619183214475,40.61120411200408,40.8781826422092,86336000,AAPL
2018-01-10,40.817298889160156,40.81964309485793,40.515192953344034,40.55266450966543,95839600,AAPL
2018-01-11,41.049156188964844,41.098338060589114,40.86414615920365,40.887563205251304,74670800,AAPL
2018-01-12,41.4730339050293,41.536266705175215,41.13579706889646,41.2599184636559,101672400,AAPL
2018-01-16,41.26225280761719,42.01166583464682,41.25054250320608,41.66271877470158,118263600,AAPL
2018-01-17,41.943763732910156,41.97889108266515,40.99997081899453,41.252894884198874,137547200,AAPL
2018-01-18,41.981231689453125,42.17795556841482,41.7446991964493,42.006992937085954,124773600,AAPL
2018-01-19,41.793888092041016,42.05618187681274,41.547985882075125,41.82901544768551,129700400,AAPL
2018-01-22,41.45195007324219,41.63461939785577,41.358274779306186,41.52220833043589,108434400,AAPL
2018-01-23,41.46132278442383,42.023385358113266,41.409803865982504,41.5222149513268,130756400,AAPL
2018-01-24,40.800899505615234,41.52221074603233,40.56202284665312,41.510500440238225,204420400,AAPL
2018-01-25,40.07256317138672,40.97185891844492,39.93673148456798,40.86881394406632,166116000,AAPL
2018-01-26,40.16624069213867,40.28099597876492,39.82666324306097,40.28099597876492,156572000,AAPL
2018-01-29,39.33485794067383,39.85007920746292,39.12642737292119,39.85007920746292,202561600,AAPL
2018-01-30,39.1030158996582,39.19669121606022,38.571399366691885,38.76577904303612,184192800,AAPL
2018-01-31,39.210750579833984,39.447286700813265,38.992953814342,39.07960367930311,129915600,AAPL
2018-02-01,39.2927131652832,39.48943348596959,39.05383644817289,39.149855976180945,188923200,AAPL
2018-02-02,37.58778381347656,39.06319286477697,37.49410852308551,38.87583871051159,346375200,AAPL
2018-02-05,36.64869689941406,38.37937514218473,36.53394156573365,37.25993798778018,290954000,AAPL
2018-02-06,38.1802978515625,38.34189080334102,36.06554568586119,36.25992535441477,272975200,AAPL
2018-02-07,37.36296844482422,38.266949183640655,37.252901556247814,38.19435027749091,206434400,AAPL
2018-02-08,36.33485794067383,37.70488146039845,36.30675606695096,37.53860370274349,217562000,AAPL
2018-02-09,36.77928924560547,37.12730529106897,35.32843481182689,36.93448689935861,282690400,AAPL
2018-02-12,38.26070785522461,38.538179142646804,37.03794256921059,37.270739013104965,243278000,AAPL
2018-02-13,38.64400100708008,38.740411998223614,38.01145592145759,38.08200063663708,130196800,AAPL
2018-02-14,39.35649871826172,39.39647322333067,38.300692420481404,38.33831316239398,162579600,AAPL
2018-02-15,40.67802429199219,40.701536806482075,39.73978777414594,39.925552067246045,204588800,AAPL
2018-02-16,40.546348571777344,41.108352696021626,40.39115445827603,40.52989016661168,160704400,AAPL
2018-02-20,40.40995788574219,40.97665865050468,40.30884294882415,40.456986503540875,135722000,AAPL
2018-02-21,40.2265510559082,40.94374568045291,40.212439238762585,40.640407990824755,149886400,AAPL
2018-02-22,40.56279754638672,40.90375947481818,40.377033269700284,40.39819560728738,123967600,AAPL
2018-02-23,41.26824188232422,41.30351244871162,40.807352815892024,40.83792303213014,135249600,AAPL
2018-02-26,42.084190368652344,42.182951517313136,41.43518699685887,41.4681073797458,152648800,AAPL
2018-02-27,41.947811126708984,42.43926676848997,41.89372840137815,42.114766828451785,155712400,AAPL
2018-02-28,41.88431930541992,42.472185918568314,41.867860906039354,42.15238633749347,151128400,AAPL
2018-03-01,41.15066909790039,42.274669943930185,40.600426726524184,41.983086768337195,195208000,AAPL
2018-03-02,41.4351921081543,41.45635444518084,40.55103842203479,40.63334118343101,153816000,AAPL
2018-03-05,41.57863235473633,41.79496684206314,41.037794342392736,41.200046104901126,113605600,AAPL
2018-03-06,41.543373107910156,41.91490537857853,41.41639545016359,41.83495635006942,95154000,AAPL
2018-03-07,41.1577262878418,41.35054830257984,40.97901608895721,41.13656394614241,126814000,AAPL
2018-03-08,41.60686492919922,41.64918962031567,41.1671416716795,41.26354910857402,95096400,AAPL
2018-03-09,42.321693420410156,42.326397358104835,41.71266445289019,41.846699766789705,128740800,AAPL
2018-03-12,42.7308464050293,42.88839421845948,42.37577628115405,42.39458485429398,128828400,AAPL
2018-03-13,42.31934356689453,43.14941096767531,42.14768751429382,42.93542665160748,126774000,AAPL
2018-03-14,41.95958709716797,42.448692773015885,41.811443494890824,42.401664140119,117473600,AAPL
2018-03-15,42.00895690917969,42.38284289256637,41.87257497940292,41.973686339074305,90975200,AAPL
2018-03-16,41.860816955566406,42.119476175310176,41.76675612179728,42.008956938165156,157618800,AAPL
2018-03-19,41.22120666503906,41.731474442720966,40.83556631937817,41.696203881980296,133787200,AAPL
2018-03-20,41.20710754394531,41.573935808897474,41.13656281882672,41.20710754394531,78597600,AAPL
2018-03-21,40.2735710144043,41.17182942442222,40.271217251359516,41.16007137335858,148219600,AAPL
2018-03-22,39.70452117919922,40.60512987021308,39.645734505015064,39.974938445224794,165963200,AAPL
2018-03-23,38.785099029541016,39.95612864394828,38.785099029541016,39.596354463690304,164115200,AAPL
2018-03-26,40.62628936767578,40.70388819587947,39.137810582430205,39.52110078560363,150164800,AAPL
2018-03-27,39.584590911865234,41.18593921489509,39.2506830596845,40.8402733112041,163690400,AAPL
2018-03-28,39.147212982177734,39.979634125998444,38.84387538478574,39.32827690592115,166674000,AAPL
2018-03-29,39.45290756225586,40.386440118710794,39.24597734680386,39.45996167523232,153594000,AAPL
2018-04-02,39.19425964355469,39.725693609496695,38.67458732110111,39.1848553520406,150347200,AAPL
2018-04-03,39.59635925292969,39.68101222252659,38.77099549040075,39.41999919860735,121112000,AAPL
2018-04-04,40.353515625,40.447572847156515,38.745113444973654,38.77097971927465,138422000,AAPL
2018-04-05,40.63334655761719,40.969604583911725,40.464040662906214,40.581614001563636,107732800,AAPL
2018-04-06,39.593990325927734,40.55808934680302,39.55166206714827,40.203019230624584,140021200,AAPL
2018-04-09,39.986698150634766,40.70154255952048,39.93966952695415,39.946723641103546,116070800,AAPL
2018-04-10,40.73917007446289,40.91553011807529,40.33471742073413,40.68038339325876,113634400,AAPL
2018-04-11,40.54869842529297,40.89671454438979,40.37468857171758,40.49931603844929,89726400,AAPL
2018-04-12,40.94844436645508,41.15067066294944,40.68978157278076,40.77678828777325,91557200,AAPL
2018-04-13,41.08717727661133,41.3481902278494,40.880250643703896,41.09893532790292,100497200,AAPL
2018-04-16,41.343502044677734,41.43050519134326,41.11070547758743,41.15773410854029,86313600,AAPL
2018-04-17,41.91254425048828,42.07714620383334,41.482225408708985,41.50103757309891,106421600,AAPL
2018-04-18,41.818485260009766,42.04893159283888,41.59274645355115,41.81143114656128,83018000,AAPL
2018-04-19,40.63334655761719,41.24237559072981,40.60042616631525,40.85908535852946,139235200,AAPL
2018-04-20,38.9684944152832,40.26180070121921,38.90029989271545,40.11601095898135,261964400,AAPL
2018-04-23,38.85564041137695,39.25068512896264,38.58521956459875,39.22952278796063,146062000,AAPL
2018-04-24,38.31480407714844,39.111951250892595,37.910351463939506,38.956753566929045,134768000,AAPL
2018-04-25,38.48176193237305,38.89797265997753,38.1901822759273,38.239561081204,113528400,AAPL
2018-04-26,38.615787506103516,38.97085769595813,38.41591139583521,38.592271403229525,111852000,AAPL
2018-04-27,38.16900634765625,38.641649827377975,37.771607930930294,38.56405100150369,142623200,AAPL
2018-04-30,38.8603401184082,39.33063349139752,38.05613888116291,38.12433342955642,169709600,AAPL
2018-05-01,39.763301849365234,39.786814362656344,38.86268970628452,39.1307567565656,214277600,AAPL
2018-05-02,41.51985549926758,41.7973268894039,40.868498120583496,41.20475618707623,266157600,AAPL
2018-05-03,41.59508514404297,41.73852472464696,41.018976647144285,41.357588351393225,136272800,AAPL
2018-05-04,43.22701644897461,43.32577762819836,41.89608532257385,41.91489748833844,224805200,AAPL
2018-05-07,43.539756774902344,44.12997360452288,43.443345782398595,43.54445712474156,169805600,AAPL
2018-05-08,43.749046325683594,43.78902083601134,43.18939600498701,43.49979138596113,113611200,AAPL
2018-05-09,44.05707931518555,44.066483603045754,43.5538655954105,43.86661109054945,92844800,AAPL
2018-05-10,44.68727493286133,44.76487377033595,44.12527449301821,44.14644042182307,111957200,AAPL
2018-05-11,44.51731491088867,44.86431373655376,44.24821414832079,44.72976515621455,104848800,AAPL
2018-05-14,44.4134521484375,44.739207039830816,44.3449982374365,44.61645824567123,83115200,AAPL
2018-05-15,44.00979995727539,44.15851476365606,43.69348924068128,44.0900572551773,94780800,AAPL
2018-05-16,44.420536041259766,44.48663432032754,43.905941254389596,43.92246672462898,76732400,AAPL
2018-05-17,44.13963317871094,44.592855342417124,43.99091836181578,44.378045851766245,69176000,AAPL
2018-05-18,43.97910690307617,44.33318699120385,43.93661902140753,44.18683504071553,73190800,AAPL
2018-05-21,44.29070281982422,44.67783027119842,44.120744075134155,44.37804142960773,73603200,AAPL
2018-05-22,44.17975616455078,44.585768309488444,44.09005471800505,44.46774160693422,60962800,AAPL
2018-05-23,44.463016510009766,44.49606384040454,43.84927625766243,43.9885504946515,80233600,AAPL
2018-05-24,44.4134521484375,44.57632959413416,43.95551151224936,44.55980772674339,92936000,AAPL
2018-05-25,44.514957427978516,44.76753273171379,44.29542585934396,44.43233728455796,69844000,AAPL
2018-05-29,44.35443878173828,44.55508564127601,44.11130403301255,44.2836256330916,90056400,AAPL
2018-05-30,44.26001739501953,44.37804410807291,44.0900586400715,44.311949436914176,74762000,AAPL
2018-05-31,44.11130142211914,44.43233421724424,43.93898343412893,44.193921559836156,109931200,AAPL
2018-06-01,44.90681076049805,44.91152923625673,44.31903635845127,44.375690484564544,93770000,AAPL
2018-06-04,45.282127380371094,45.657451448657845,45.16882274882759,45.23727665487343,105064800,AAPL
2018-06-05,45.6314811706543,45.780195961976794,45.40723116598109,45.5748306611135,86264000,AAPL
2018-06-06,45.789642333984375,45.81324911722004,45.303372855200706,45.707025796438366,83734400,AAPL
2018-06-07,45.66688919067383,45.841566389384795,45.402506951673004,45.82740376266648,85388800,AAPL
2018-06-08,45.25143814086914,45.32225488450402,44.79585678682235,45.12633012126618,106627200,AAPL
2018-06-11,45.1405029296875,45.31518378979561,44.899730989674985,45.16883179466369,73234000,AAPL
2018-06-12,45.38834762573242,45.46624568023694,45.12160613017656,45.17826024305868,67644400,AAPL
2018-06-13,45.01539611816406,45.529994556999156,44.954023512495155,45.42140837570327,86553600,AAPL
2018-06-14,45.03900146484375,45.22076363989936,44.90209002406459,45.21604156210974,86440400,AAPL
2018-06-15,44.57633590698242,44.887928212771115,44.439424463701634,44.857240109412814,246876800,AAPL
2018-06-18,44.552730560302734,44.666035210598075,44.18920622118241,44.34972444416655,73939600,AAPL
2018-06-19,43.832767486572266,43.98384155663083,43.30400644042231,43.70293736342273,134314000,AAPL
2018-06-20,44.02396011352539,44.18919677695168,43.84219798281191,43.98855354346587,82514800,AAPL
2018-06-21,43.778465270996094,44.46065945482421,43.65571649412463,44.20099927334401,102847600,AAPL
2018-06-22,43.651004791259766,43.94134953454159,43.599072742622056,43.93426821899007,108801600,AAPL
2018-06-25,43.00185012817383,43.65099701866678,42.66193263466796,43.292194819756226,126652400,AAPL
2018-06-26,43.53532409667969,44.03103764627722,43.08918334279743,43.19541024763177,98276800,AAPL
2018-06-27,43.471595764160156,44.20808123235867,43.44090766902219,43.7241710335686,101141200,AAPL
2018-06-28,43.787906646728516,43.95550614918332,43.38661657843012,43.45743332033904,69460800,AAPL
2018-06-29,43.69584274291992,44.186834221581655,43.17652601033752,43.97438401151009,90950800,AAPL
2018-07-02,44.184486389160156,44.21281525459119,43.296926646605975,43.39135019489264,70925200,AAPL
2018-07-03,43.414939880371094,44.36623477197079,43.32523843786457,44.328465364400785,55819200,AAPL
2018-07-05,43.76431655883789,44.00273289414268,43.49993779688219,43.73126921359343,66416800,AAPL
2018-07-06,44.3709602355957,44.47954278828729,43.71709127444438,43.7690233133453,69940800,AAPL
2018-07-09,44.98706817626953,45.01067136078783,44.68492004007203,44.73213001099853,79026400,AAPL
2018-07-10,44.932777404785156,45.152305392959924,44.892645147053265,45.017756794182795,63756400,AAPL
2018-07-11,44.34972381591797,44.798223934989025,44.28598837520287,44.49607580388834,75326000,AAPL
2018-07-12,45.09327697753906,45.18297841471113,44.68726487502903,44.739196906877204,72164400,AAPL
2018-07-13,45.16410446166992,45.284490417668366,45.06259961093862,45.1050911025137,50055600,AAPL
2018-07-16,45.064971923828125,45.47570268468771,44.94930441888667,45.20896469451428,60172400,AAPL
2018-07-17,45.192420959472656,45.29156295140653,44.66130083004114,44.791130915391065,62138000,AAPL
2018-07-18,44.9445686340332,45.27504557512844,44.83362324118064,45.270323498314276,65573600,AAPL
2018-07-19,45.29393768310547,45.45209306427996,44.7769800450885,44.7769800450885,81147200,AAPL
2018-07-20,45.19007110595703,45.42376170622383,44.89028222878679,45.270328411060994,82704800,AAPL
2018-07-23,45.230201721191406,45.31282186948864,44.74629142807148,45.01067013959894,63957600,AAPL
2018-07-24,45.55830764770508,45.71410376110917,45.3340576309569,45.42847755320166,74791600,AAPL
2018-07-25,45.9879264831543,45.99500779721355,45.423755382579955,45.57247018160259,66839600,AAPL
2018-07-26,45.84394073486328,46.257034259978134,45.70230722835374,45.93836067127651,76304000,AAPL
2018-07-27,45.08147430419922,46.075260636472876,44.873749775395844,46.02805068001251,96096000,AAPL
2018-07-30,44.82890319824219,45.36946391315494,44.63061920165413,45.298647170976594,84118000,AAPL
2018-07-31,44.918601989746094,45.35530224080693,44.69435196969696,44.92096482906494,157492000,AAPL
2018-08-01,47.564762115478516,47.626134705399025,46.57569775126629,47.00531668637743,271742800,AAPL
2018-08-02,48.95512390136719,49.18881810901228,47.29330923044903,47.34760051436628,249616000,AAPL
2018-08-03,49.09674835205078,49.27378840345483,48.5042520081429,48.87013550142241,133789600,AAPL
2018-08-06,49.3516960144043,49.39418390606156,48.87958911924481,49.09911709658689,101701600,AAPL
2018-08-07,48.889041900634766,49.45320963738661,48.80642173256067,49.4107217351021,102349600,AAPL
2018-08-08,48.92207336425781,49.054262708746734,48.27764850892958,48.638809968654485,90102000,AAPL
2018-08-09,49.30683898925781,49.519285624205786,48.91026737496181,49.46027226984365,93970400,AAPL
2018-08-10,49.15998458862305,49.531890030325954,48.95626649003601,49.11971519424824,98444800,AAPL
2018-08-13,49.4774055480957,49.970119181177054,49.200254807210406,49.581633918587094,103563600,AAPL
2018-08-14,49.68585968017578,49.87773298190438,49.33290519218512,49.78298189435421,82992000,AAPL
2018-08-15,49.80192947387695,49.92037013258283,49.34948529013519,49.56030951805078,115230400,AAPL
2018-08-16,50.531517028808594,50.64758654419464,50.093285209412876,50.15961167949677,114001600,AAPL
2018-08-17,51.5406379699707,51.628282901605665,50.493622970722605,50.55994945107156,141708000,AAPL
2018-08-20,51.038448333740234,51.91964347624076,50.955538429933824,51.66381484377017,121150800,AAPL
2018-08-21,50.93894958496094,51.44824651291401,50.699700789987496,51.35586295698155,104639200,AAPL
2018-08-22,50.94133377075195,51.251647753194135,50.65470575400589,50.716297216765234,76072400,AAPL
2018-08-23,51.04555892944336,51.41509322466389,50.834734691040765,50.84657586588272,75532800,AAPL
2018-08-24,51.20425796508789,51.379547797668636,50.955531900064415,51.30848630582317,73905600,AAPL
2018-08-27,51.62591552734375,51.81542130649859,51.2445364570589,51.43877726016409,82100400,AAPL
2018-08-28,52.04283142089844,52.241810885687926,51.85806425866212,51.87938271249188,91107200,AAPL
2018-08-29,52.81979751586914,52.940609306467366,51.97413305429266,52.14942292375327,109019200,AAPL
2018-08-30,53.30539321899414,54.07051872797575,52.682394306819354,52.883744837114136,195175200,AAPL
2018-08-31,53.921287536621094,54.215018013869724,53.53516988918056,53.65597804212751,173360400,AAPL
2018-09-04,54.09421157836914,54.288452356795226,53.68440795836104,54.106056365784276,109560400,AAPL
2018-09-05,53.74126434326172,54.40453276749177,53.321987005951094,54.24345520356903,133332000,AAPL
2018-09-06,52.84822463989258,53.8549702632671,52.42183753532365,53.58966072346746,137160000,AAPL
2018-09-07,52.42182540893555,53.38593029157221,52.28206632809369,52.55211082943275,150479200,AAPL
2018-09-10,51.718284606933594,52.552107632875895,51.27768533002034,52.3389123356153,158066000,AAPL
2018-09-11,53.025882720947266,53.13247858760648,51.299015945884626,51.642493122685174,142996000,AAPL
2018-09-12,52.36735534667969,53.29829720285223,52.07598871951485,53.28408490192167,197114800,AAPL
2018-09-13,53.632301330566406,54.09185167656089,52.72267791565151,52.94771445011172,166825600,AAPL
2018-09-14,53.023502349853516,53.7341461563761,52.71082095453466,53.47594644082468,127997200,AAPL
2018-09-17,51.61170196533203,52.81268835042182,51.46720421889096,52.6231825758975,148780400,AAPL
2018-09-18,51.696983337402344,52.55212509282721,51.43167378696617,51.590383846094824,126286800,AAPL
2018-09-19,51.72776412963867,52.023865730627165,51.00054047716211,51.75855985278835,108495200,AAPL
2018-09-20,52.120994567871094,52.6539775175976,51.912537857553254,52.17074123356856,106435200,AAPL
2018-09-21,51.55957794189453,52.436037915375984,51.471929414381464,52.29864634544323,384986800,AAPL
2018-09-24,52.301025390625,52.412359900906736,51.31560184008936,51.360609869503946,110773600,AAPL
2018-09-25,52.632659912109375,52.781896297075804,52.042824137047674,52.05466892569171,98217600,AAPL
2018-09-26,52.21337890625,53.002194117245956,52.057036371201,52.350770502397125,95938800,AAPL
2018-09-27,53.286441802978516,53.63939620206603,52.95243833953208,53.018768421536556,120724800,AAPL
2018-09-28,53.473594665527344,53.49728063066893,53.066158474059385,53.24855450228685,91717600,AAPL
2018-10-01,53.833641052246094,54.34530550981975,53.618081823828625,53.99708972184782,94403200,AAPL
2018-10-02,54.31214141845703,54.482696234962994,53.684407451123704,53.831272693023216,99152800,AAPL
2018-10-03,54.97305679321289,55.30468923839166,54.43059647596449,54.494555452721315,114619200,AAPL
2018-10-04,54.006568908691406,55.03937152166361,53.708096157284366,54.66746614555223,128168000,AAPL
2018-10-05,53.13010025024414,54.106053573442246,52.25127273302901,53.99945772125052,134322000,AAPL
2018-10-08,53.00693130493164,53.25091876301774,52.16126330037392,52.637397042763254,118655600,AAPL
2018-10-09,53.74126434326172,53.8360190407358,52.64687379272152,52.976138685584424,107564000,AAPL
2018-10-10,51.251651763916016,53.61809787785061,51.178219119823346,53.407273609687905,167962400,AAPL
2018-10-11,50.799198150634766,51.995449534818604,50.29464339890083,50.81578157793993,212497600,AAPL
2018-10-12,52.61370086669922,52.79610046305243,51.365335518018185,52.21337092805712,161351600,AAPL
2018-10-15,51.4885139465332,52.54737353222936,51.46719549932301,52.38866351212896,123164000,AAPL
2018-10-16,52.6231803894043,52.8221634323742,51.3463903017466,51.860422299164966,116736000,AAPL
2018-10-17,52.39576721191406,52.73924432082276,51.95753542896491,52.65870555877931,91541600,AAPL
2018-10-18,51.17110061645508,52.05229936190943,50.45571806191486,51.60696135100703,130325200,AAPL
2018-10-19,51.950435638427734,52.41235343553008,51.5050976522359,51.654334023038835,132314800,AAPL
2018-10-22,52.267852783203125,52.909802639899496,51.862787820108274,52.06413473861343,115168400,AAPL
2018-10-23,52.76057815551758,52.8837574604368,50.85842134543051,51.126098407700454,155071200,AAPL
2018-10-24,50.95079803466797,53.115892975705584,50.82051259654587,52.72977891393509,163702000,AAPL
2018-10-25,52.06652069091797,52.44079365218324,51.34403186108698,51.571439544148824,119423200,AAPL
2018-10-26,51.237422943115234,52.15889100212485,50.37754271730806,51.142668259894265,189033600,AAPL
2018-10-29,50.27568817138672,52.04045312499331,48.8188660146814,51.92201247556305,183742000,AAPL
2018-10-30,50.52678298950195,50.9721173842347,49.57215162121228,50.017486015945025,146640000,AAPL
2018-10-31,51.843833923339844,52.22047426808277,51.31321858727521,51.3748100296124,153435600,AAPL
2018-11-01,52.63976287841797,52.67292611590215,51.35823417541894,51.888849589687624,233292800,AAPL
2018-11-02,49.148136138916016,50.60969347566478,48.66252870134263,49.63848221504018,365314800,AAPL
2018-11-05,47.75291061401367,48.416179118793266,46.94277682846611,48.394860664718415,264654800,AAPL
2018-11-06,48.26930236816406,48.49433887492205,47.77658884210814,47.83107052774979,127531600,AAPL
2018-11-07,49.73322677612305,49.759283862951555,48.35457952948075,48.7904402414107,133697600,AAPL
2018-11-08,49.55971145629883,49.947172789288295,49.146098487324096,49.913893835035196,101450400,AAPL
2018-11-09,48.6041259765625,48.97019448165077,48.07641424205378,48.86085089825329,137463200,AAPL
2018-11-12,46.15572738647461,47.50590970224583,46.06539725338494,47.3038566025874,204542000,AAPL
2018-11-13,45.6945686340332,46.87122149943877,45.50915684322424,45.55194613263645,187531600,AAPL
2018-11-14,44.40382385253906,46.22941826577733,44.19701557173812,46.09154728762127,243204000,AAPL
2018-11-15,45.49965286254883,45.632768656041364,44.42758831620002,44.78177425949028,185915200,AAPL
2018-11-16,46.00359344482422,46.34589328098323,45.03612451761562,45.28333905087855,147713200,AAPL
2018-11-19,44.18035888671875,45.33086343054851,43.97355432209584,45.164468744809845,167701200,AAPL
2018-11-20,42.06953048706055,43.136839943167296,41.72009968887252,42.39994422370587,271300800,AAPL
2018-11-21,42.0219841003418,42.85158561836727,41.96731232258113,42.723221376680144,124496800,AAPL
2018-11-23,40.95466995239258,41.979193484257515,40.909508523043925,41.584597716942426,94496000,AAPL
2018-11-26,41.508544921875,41.58698895011725,40.47213851794213,41.4182184024633,179994000,AAPL
2018-11-27,41.4182014465332,41.5441862692793,40.61950322710807,40.76925664959664,165549600,AAPL
2018-11-28,43.0108528137207,43.094048373052914,41.58222651798475,42.0101013122745,184250000,AAPL
2018-11-29,42.6804313659668,43.45298162818766,42.24067053508028,43.419702685054226,167080000,AAPL
2018-11-30,42.449859619140625,42.865848271687376,42.081411801458295,42.85633792843457,158126000,AAPL
2018-12-03,43.933162689208984,43.9616864680013,43.07503728158199,43.84758772569843,163210000,AAPL
2018-12-04,42.00059127807617,43.3555249970272,41.90075443848327,43.013225188632596,165377200,AAPL
2018-12-06,41.532318115234375,41.5465800066735,40.51017357886562,40.828701244786494,172393600,AAPL
2018-12-07,40.051387786865234,41.47763456048138,40.00622272535943,41.23992676487869,169126400,AAPL
2018-12-10,40.31524658203125,40.431721089169876,38.824817577209345,39.221789190120006,248104000,AAPL
2018-12-11,40.084659576416016,40.83581331978774,39.69719477807932,40.804913778326735,189126800,AAPL
2018-12-12,40.19639205932617,40.86672619637411,40.17737499929975,40.505409310138816,142510800,AAPL
2018-12-13,40.63615036010742,41.02123948791272,40.30336086904943,40.52680679610269,127594400,AAPL
2018-12-14,39.33588409423828,40.191633589540416,39.28834326163995,40.17261653107448,162814800,AAPL
2018-12-17,38.96982955932617,40.018122157283344,38.68220143499515,39.32876714436096,177151600,AAPL
2018-12-18,39.47614669799805,39.82319814808901,39.07679560054539,39.31212769156932,135366000,AAPL
2018-12-19,38.24481201171875,39.804174771228425,37.81693719913778,39.45949914866977,196189200,AAPL
2018-12-20,37.279720306396484,38.53481738866487,36.916027607962675,38.12833539369746,259092000,AAPL
2018-12-21,35.82970428466797,37.595875549010096,35.568227818141445,37.28685460935689,382978400,AAPL
2018-12-24,34.902645111083984,36.02462648734003,34.845593919582576,35.216417596506616,148676800,AAPL
2018-12-26,37.360538482666016,37.37480037184857,34.876492432675754,35.252071232061816,234330000,AAPL
2018-12-27,37.118072509765625,37.265453816149545,35.672812239071256,37.044383670140306,212468400,AAPL
2018-12-28,37.137088775634766,37.68144167172036,36.73774141053779,37.43897869883537,169165600,AAPL
2018-12-31,37.49602508544922,37.88111051360333,37.196510972766916,37.683812628511376,140014000,AAPL
2019-01-02,37.538818359375,37.759888517261295,36.66167592649953,36.81856395762742,148158800,AAPL
2019-01-03,33.7996711730957,34.63877937995314,33.75450611274441,34.225166520409374,365248800,AAPL
2019-01-04,35.242557525634766,35.31149481961843,34.18238275669409,34.35590843708306,234428400,AAPL
2019-01-07,35.164119720458984,35.37805895693896,34.68157308595714,35.347155776449505,219111200,AAPL
2019-01-08,35.834449768066406,36.088798847410885,35.304362405668385,35.55157691426575,164101200,AAPL
2019-01-09,36.44297790527344,36.732981676968095,35.56821504629023,35.96280719075942,180396400,AAPL
2019-01-10,36.55946350097656,36.599873395186364,35.860601928696866,36.250442609046516,143122800,AAPL
2019-01-11,36.200523376464844,36.5356922830337,36.015111561582835,36.34077375101084,108092800,AAPL
2019-01-14,35.656166076660156,35.95805596503972,35.47075430323214,35.858219135281004,129756800,AAPL
2019-01-15,36.38594436645508,36.46200899658063,35.668065603886845,35.720361623969346,114843600,AAPL
2019-01-16,36.830440521240234,37.05388639359412,36.36928689142604,36.38830394727877,122278800,AAPL
2019-01-17,37.04914474487305,37.477019589891874,36.4311028990532,36.65454885295936,119284800,AAPL
2019-01-18,37.2773323059082,37.52930194874502,37.07765503280678,37.43897184013087,135004000,AAPL
2019-01-22,36.440608978271484,37.2559450474709,36.278965777015756,37.17988043233495,121576000,AAPL
2019-01-23,36.58797836303711,36.87798212341248,36.060266840198814,36.64265013280645,92522400,AAPL
2019-01-24,36.297977447509766,36.72109700768508,36.06978000885468,36.63314628936311,101766000,AAPL
2019-01-25,37.50079345703125,37.58874783817731,36.68308140504096,36.9588197863806,134142000,AAPL
2019-01-28,37.15373992919922,37.16087087496011,36.526191312301485,37.03250659699571,104768400,AAPL
2019-01-29,36.768638610839844,37.58873337454473,36.633147058879665,37.14184157601951,166348800,AAPL
2019-01-30,39.281211853027344,39.49514741075342,38.087917745132394,38.80579627840674,244439200,AAPL
2019-01-31,39.5640869140625,40.17261830328575,39.1171950882309,39.48564290460484,162958400,AAPL
2019-02-01,39.58311080932617,40.1678700686223,39.44286042612328,39.68770283999932,130672400,AAPL
2019-02-04,40.707462310791016,40.8049233830398,39.76376201843734,39.79466519430484,125982000,AAPL
2019-02-05,41.40394973754883,41.61788896935048,40.96894758319973,41.09017727556035,144406400,AAPL
2019-02-06,41.4182014465332,41.73435320288196,41.087787804912445,41.515658871602724,112958400,AAPL
2019-02-07,40.633785247802734,41.346908881840314,40.49115907014147,40.98083671850578,126966800,AAPL
2019-02-08,40.681514739990234,40.74119655717488,40.20644616383237,40.3425224555041,95280000,AAPL
2019-02-11,40.44756317138672,40.87250110070133,40.40459400749151,40.83430385989045,83973600,AAPL
2019-02-12,40.796104431152344,40.822364577465294,40.51201838722743,40.607511484133255,89134000,AAPL
2019-02-13,40.62660598754883,41.17567944962109,40.56453820729998,40.91546759362625,89960800,AAPL
2019-02-14,40.774627685546875,40.88444021472851,40.4356353224416,40.514415776518796,87342800,AAPL
2019-02-15,40.683902740478516,40.989473368364685,40.52395589952944,40.882046820585664,98507200,AAPL
2019-02-19,40.80565643310547,40.92740968979166,40.46189217428749,40.51441247272279,75891200,AAPL
2019-02-20,41.06825637817383,41.376216629460316,40.81998159348772,40.867726324078575,104457600,AAPL
2019-02-21,40.83667755126953,41.14940962572732,40.65524617596646,41.01333700492209,68998800,AAPL
2019-02-22,41.29265594482422,41.29981747146773,40.913080461961876,40.96082518714831,75652800,AAPL
2019-02-25,41.59345245361328,41.984965042203186,41.52660910746543,41.5767434384209,87493600,AAPL
2019-02-26,41.617332458496094,41.8488982409956,41.340407904190954,41.46932269171113,68280800,AAPL
2019-02-27,41.746246337890625,41.77728205593581,41.235370005885635,41.34996174511865,111341600,AAPL
2019-02-28,41.33562469482422,41.75578701475242,41.280718443538696,41.614938801907854,112861600,AAPL
2019-03-01,41.770118713378906,41.81308788170758,41.273565459672234,41.60539628273946,103544800,AAPL
2019-03-04,41.980201721191406,42.43378218337515,41.53139318278945,41.94200447479764,109744800,AAPL
2019-03-05,41.903812408447266,42.0160145569179,41.66747101519607,42.00169149842213,78949600,AAPL
2019-03-06,41.662689208984375,41.89425498024918,41.524226938549475,41.698496846730684,83241600,AAPL
2019-03-07,41.18045425415039,41.64358574279544,41.065866184004825,41.5075094498127,99185600,AAPL
2019-03-08,41.278343200683594,41.316540447448006,40.464282137130546,40.6600402947807,95997600,AAPL
2019-03-11,42.708316802978516,42.760837105669346,41.86083771700078,41.894259396650405,128044000,AAPL
2019-03-12,43.188167572021484,43.60832641425464,42.82052539771335,42.97092480017489,129870400,AAPL
2019-03-13,43.3791389465332,43.75871447631922,43.19054234110201,43.50805008474166,124130000,AAPL
2019-03-14,43.86137008666992,43.94970167331341,43.58205955555263,43.9019532945051,94318000,AAPL
2019-03-15,44.43193435668945,44.720796060386846,43.863765726136734,44.128753237145276,156171600,AAPL
2019-03-18,44.8855094909668,44.97383742930715,44.353144971142925,44.355534575545406,104879200,AAPL
2019-03-19,44.5297966003418,45.117067277020425,44.384172822489425,44.96428197260884,126585600,AAPL
2019-03-20,44.91893768310547,45.236445486064724,44.10010100332841,44.45819201742965,124140800,AAPL
2019-03-21,46.57330322265625,46.86932635513335,45.31282350160718,45.36295783215886,204136800,AAPL
2019-03-22,45.60884475708008,47.19399365272044,45.54438737550608,46.63298312227623,169630800,AAPL
2019-03-25,45.057395935058594,45.83087012477533,44.54651961316686,45.71866799234534,175381200,AAPL
2019-03-26,44.59186553955078,46.04571739465231,44.064280308272146,45.75446983136156,199202000,AAPL
2019-03-27,44.9929313659668,45.300887958578926,44.534575419245186,45.05977471386228,119393600,AAPL
2019-03-28,45.0526237487793,45.25315383947743,44.76853763227856,45.10753001684638,83121600,AAPL
2019-03-29,45.346256256103516,45.37729197510996,45.00964984172448,45.31761014175297,94256000,AAPL
2019-04-01,45.654212951660156,45.759249910216006,44.97145268625358,45.74970242041629,111448000,AAPL
2019-04-02,46.3178596496582,46.42290021701095,45.60883946271572,45.61838694943481,91062800,AAPL
2019-04-03,46.635379791259766,46.909914730827474,46.11017681396402,46.13405100118274,93087200,AAPL
2019-04-04,46.71654510498047,46.87887791765802,46.107789772060734,46.50168835311438,76457200,AAPL
2019-04-05,47.02927780151367,47.05315198843795,46.77383784364394,46.89797705880911,74106400,AAPL
2019-04-08,47.76934051513672,47.800372591218704,46.87172341690704,46.8908220405598,103526800,AAPL
2019-04-09,47.626094818115234,48.42583270446762,47.56163742923543,47.821852946309676,143072800,AAPL
2019-04-10,47.89346694946289,47.9221167008103,47.310971788819316,47.430335431813845,86781200,AAPL
2019-04-11,47.49479293823242,47.984184604276585,47.373043333440464,47.948376968364045,83603200,AAPL
2019-04-12,47.4756965637207,47.77888125198127,46.8406847198041,47.55447700914382,111042800,AAPL
2019-04-15,47.56163787841797,47.70965127808389,47.27039028762013,47.40646659401936,70146400,AAPL
2019-04-16,47.566410064697266,48.072510727579555,47.401687660312966,47.616544395779556,102785600,AAPL
2019-04-17,48.49266815185547,48.552349965209224,47.41361994646667,47.63563454365202,115627200,AAPL
2019-04-18,48.66694259643555,48.73617190364306,48.347048921068584,48.49028310095317,96783200,AAPL
2019-04-22,48.82688522338867,48.924764272283525,48.30407195157679,48.421049618013726,77758000,AAPL
2019-04-23,49.53114318847656,49.5956005846408,48.676498948258654,48.80302413607264,93292000,AAPL
2019-04-24,49.45475387573242,49.769872052792415,49.42849372408659,49.50249861253667,70162400,AAPL
2019-04-25,49.00593948364258,49.59798216323231,48.96774224168466,49.37596752439472,74172800,AAPL
2019-04-26,48.77198791503906,48.93909629580391,48.25156050901197,48.91522210882772,74596400,AAPL
2019-04-29,48.84599304199219,49.17066231598747,48.66694756683353,48.795858706164374,88818800,AAPL
2019-04-30,47.90541458129883,48.55713919547273,47.533000516056596,48.475972774625596,186139600,AAPL
2019-05-01,50.25687026977539,51.400372389710334,49.948910024794905,50.10408494939952,259309200,AAPL
2019-05-02,49.92981719970703,50.76536281433166,49.68631795761022,50.09453963227768,127985200,AAPL
2019-05-03,50.550514221191406,50.57199880753566,50.18764764460908,50.3452085631805,83569600,AAPL
2019-05-06,49.769874572753906,49.85581656042896,48.581013445490704,48.76960644035786,129772400,AAPL
2019-05-07,48.428218841552734,49.51681471565359,47.943602727798975,49.149176286929475,155054800,AAPL
2019-05-08,48.43777084350586,49.02026607598343,48.1632358878382,48.19904352807667,105358000,AAPL
2019-05-09,47.917335510253906,48.14651163799503,46.94810342574412,47.84094103921428,139634400,AAPL
2019-05-10,47.25352478027344,47.65373790443453,46.1966858308996,47.31104129279952,164834800,AAPL
2019-05-13,44.507179260253906,45.40824941119822,43.819394496538976,44.98407744370745,229722400,AAPL
2019-05-14,45.21174240112305,45.46097333316388,44.43289071050813,44.67253738454349,146118800,AAPL
2019-05-15,45.75333786010742,45.95224501789583,44.57907074085087,44.63898240319493,106178800,AAPL
2019-05-16,45.552040100097656,46.12479550302131,45.254876908784375,45.51130060444244,132125600,AAPL
2019-05-17,45.29322052001953,45.748547729226715,44.75641066410453,44.79715015909945,131516400,AAPL
2019-05-20,43.87690734863281,44.17886448911291,43.20350079997155,43.979957316854446,154449200,AAPL
2019-05-21,44.71806335449219,45.05356717931072,44.26273255598997,44.387349829515756,113459200,AAPL
2019-05-22,43.8026123046875,44.50477885718109,43.74749460169806,44.253149155342534,118994400,AAPL
2019-05-23,43.05491638183594,43.265802939260645,42.611568633482584,43.08846676529334,146118800,AAPL
2019-05-24,42.88955307006836,43.64923236699889,42.80567529586491,43.184317369517565,94858800,AAPL
2019-05-28,42.712223052978516,43.27778931506044,42.63553802351406,42.87757983293096,111792800,AAPL
2019-05-29,42.50851821899414,42.98062234841405,42.17780471640916,42.27845585703999,113924800,AAPL
2019-05-30,42.72900390625,42.95187356410809,42.338378646503465,42.64512610530578,84873600,AAPL
2019-05-31,41.95492935180664,42.65469694054403,41.93575718621863,42.23291661104111,108174400,AAPL
2019-06-03,41.53076171875,42.637927979424546,40.804632722240406,42.08194969920505,161584400,AAPL
2019-06-04,43.05012512207031,43.095658571768766,41.8231354139418,42.043609898576285,123872000,AAPL
2019-06-05,43.74510192871094,44.33223920089857,43.40959805036203,44.16208845470289,119093600,AAPL
2019-06-06,44.38734817504883,44.447259831298844,43.65163128107434,43.87450454381739,90105200,AAPL
2019-06-07,45.56880569458008,45.99298125786859,44.519155931088335,44.69649209879013,122737600,AAPL
2019-06-10,46.15114974975586,46.8197622574143,45.92108736949208,45.96662081555493,104883600,AAPL
2019-06-11,46.68556213378906,46.970742225231355,46.39559174230331,46.69754519733289,107731600,AAPL
2019-06-12,46.53697204589844,46.963542684924334,46.34525404194238,46.47945554769659,73012800,AAPL
2019-06-13,46.52739334106445,47.16006031960597,46.395590615436326,46.65919972341008,86698400,AAPL
2019-06-14,46.189483642578125,46.39318104373977,45.60474539601217,45.90430362423517,75046000,AAPL
2019-06-17,46.46509552001953,46.721519227706644,46.05290293006593,46.22784398590215,58676400,AAPL
2019-06-18,47.55786895751953,47.99881784169886,46.78141628249008,46.982718557000155,106204000,AAPL
2019-06-19,47.41887664794922,47.90056870581225,47.284675122657916,47.85263645530765,84496800,AAPL
2019-06-20,47.79991912841797,48.07551129426495,47.457222541008775,48.0179947858048,86056000,AAPL
2019-06-21,47.6369514465332,48.13302166991247,47.48597291651048,47.641745402473425,191202400,AAPL
2019-06-24,47.589027404785156,47.96766951247152,47.490771410564825,47.579439491988516,72881600,AAPL
2019-06-25,46.867698669433594,47.75199176598326,46.80059424100011,47.5530846009983,84281200,AAPL
2019-06-26,47.88140106201172,48.1665811585655,47.29426750501623,47.3949186584968,104270000,AAPL
2019-06-27,47.86701965332031,48.30557342924731,47.8262801646343,47.99882237571496,83598800,AAPL
2019-06-28,47.43086242675781,47.80950455578012,47.22237102064913,47.612992556266285,124442400,AAPL
2019-07-01,48.30078887939453,49.00535070066526,48.0851046742833,48.689015329189374,109012000,AAPL
2019-07-02,48.583560943603516,48.67942179095116,48.25524622614172,48.26722928914985,67740800,AAPL
2019-07-03,48.98616409301758,48.99335319873109,48.57397163409649,48.71536225541835,45448000,AAPL
2019-07-05,48.94303894042969,49.14674007490686,48.6243084269404,48.73215235502716,69062000,AAPL
2019-07-08,47.93411636352539,48.26482620156885,47.548285171877104,48.12343557807911,101354400,AAPL
2019-07-09,48.22649002075195,48.29119197920028,47.64414679769493,47.73760883883773,82312000,AAPL
2019-07-10,48.70338439941406,48.823207716402926,48.30317495947734,48.37267453109264,71588400,AAPL
2019-07-11,48.34870529174805,48.98137221844201,48.33912103596176,48.72255343160577,80767200,AAPL
2019-07-12,48.720149993896484,48.88790186699875,48.45653729565251,48.516448940097355,70380800,AAPL
2019-07-15,49.17788314819336,49.33604713394336,48.88790913700364,48.90947645459903,67789600,AAPL
2019-07-16,49.00773239135742,49.393563584814785,48.76808577819675,49.02929970892977,67467200,AAPL
2019-07-17,48.732139587402344,49.14912234834269,48.71296741980369,48.89989148299427,56430000,AAPL
2019-07-18,49.28573989868164,49.33846246382747,48.81603077012382,48.8879255095698,74162400,AAPL
2019-07-19,48.54999923706055,49.487018232291206,48.494881548140086,49.3168675533847,83717200,AAPL
2019-07-22,49.65958023071289,49.661975380848794,48.794455658342386,48.80403991560377,89111600,AAPL
2019-07-23,50.04780578613281,50.064582806950405,49.67635274522786,49.95674254519547,73420800,AAPL
2019-07-24,50.007057189941406,50.12208653775661,49.647587278391484,49.76741058224146,59966400,AAPL
2019-07-25,49.61164093017578,50.14365668301637,49.54214136732961,50.05977890902051,55638400,AAPL
2019-07-26,49.78419876098633,50.26109327692397,49.64040930144378,49.72188828871622,70475600,AAPL
2019-07-29,50.249107360839844,50.479169751708156,49.95194785783544,49.956741814672895,86693600,AAPL
2019-07-30,50.03342819213867,50.364141745221836,49.6811473177808,50.02863423517171,135742800,AAPL
2019-07-31,51.0543212890625,53.05057834512591,50.63733845360822,51.86432814544622,277125600,AAPL
2019-08-01,49.94954299926758,52.2501520023427,49.544543285154184,51.260410296588674,216071600,AAPL
2019-08-02,48.89270782470703,49.470253439827765,48.31995250948189,49.25457292956728,163448400,AAPL
2019-08-05,46.333282470703125,47.60580559815315,46.15115233297481,47.447641588131205,209572000,AAPL
2019-08-06,47.210391998291016,47.466815679597666,46.501036276061356,47.0450352178922,143299200,AAPL
2019-08-07,47.69926071166992,47.823877975536284,46.448308743686994,46.82934598449226,133457600,AAPL
2019-08-08,48.751304626464844,48.77527074843569,47.78313400034172,47.97724715546842,108038000,AAPL
2019-08-09,48.34959411621094,48.775377727645775,47.94064392985273,48.42416626271269,98478800,AAPL
2019-08-12,48.226890563964844,48.60456700562151,47.90694915273637,48.020011293193434,89927600,AAPL
2019-08-13,50.26922607421875,51.03179177110684,48.22689462466071,48.35679753640936,188874000,AAPL
2019-08-14,48.772972106933594,49.66062875871768,48.73448207413917,48.87160143948995,146189600,AAPL
2019-08-15,48.53001022338867,49.34790322459332,48.03205506391868,48.94376889570016,108909600,AAPL
2019-08-16,49.67504119873047,49.833809765832626,49.03515843115634,49.14100414255778,110481600,AAPL
2019-08-19,50.60120391845703,51.17372750673664,50.52422385951554,50.66615171375127,97654400,AAPL
2019-08-20,50.60360336303711,51.322870579192134,50.59398269188871,50.728694111631654,107537200,AAPL
2019-08-21,51.152076721191406,51.395038142607625,50.901898878290325,51.2362731993296,86141600,AAPL
2019-08-22,51.10877227783203,51.58507439376936,50.697417947742494,51.28437796466057,89014800,AAPL
2019-08-23,48.74651336669922,51.01015761599512,48.35199968524606,50.37989522358438,187272000,AAPL
2019-08-26,49.67264938354492,49.841038661740455,49.32865073537815,49.521097197863455,104174400,AAPL
2019-08-27,49.112152099609375,50.16819791599971,48.96059990979167,50.00221288345861,103493200,AAPL
2019-08-28,49.44171905517578,49.48742550865508,48.910089719870605,49.09772403475613,63755200,AAPL
2019-08-29,50.27885055541992,50.35342635813325,49.713543433301666,50.15616772556869,83962000,AAPL
2019-08-30,50.21390151977539,50.62525219652797,49.84344144801472,50.55549223711403,84573600,AAPL
2019-09-03,49.48260498046875,49.790517838568434,49.126581426530514,49.65821067205432,80092000,AAPL
2019-09-04,50.322147369384766,50.391907323066086,49.87230670410968,50.1297009283662,76752400,AAPL
2019-09-05,51.306034088134766,51.4720191264989,50.88024685980213,50.99812119719681,95654800,AAPL
2019-09-06,51.30121994018555,51.5802671339122,51.12080206554331,51.491262157017566,77449200,AAPL
2019-09-09,51.52012634277344,52.06619212190076,50.774401351657886,51.681299198955934,109237600,AAPL
2019-09-10,52.12874221801758,52.14798723364633,50.92836419189196,51.44556068094827,127111600,AAPL
2019-09-11,53.78618240356445,53.8150517630095,52.37651709261264,52.45830932866019,177158400,AAPL
2019-09-12,53.665889739990234,54.46694543066619,53.61056262735679,54.077244051108906,128906800,AAPL
2019-09-13,52.62187576293945,53.11261072641425,52.205712927533845,52.922572195870536,159053200,AAPL
2019-09-16,52.89850997924805,52.95384076048192,52.33560719131263,52.376501461826535,84632400,AAPL
2019-09-17,53.09096145629883,53.11983080987123,52.71088072465714,52.91295151722097,73274800,AAPL
2019-09-18,53.58892059326172,53.60816560690575,52.78786479455756,53.177566226668915,101360000,AAPL
2019-09-19,53.15351867675781,53.82707587682155,53.011587144033754,53.40610079147599,88242400,AAPL
2019-09-20,52.37651443481445,53.538406069355176,52.313970888644974,53.25455035526527,221652400,AAPL
2019-09-23,52.614662170410156,52.884085014203336,52.357264248091994,52.66998928927248,76662000,AAPL
2019-09-24,52.36448287963867,53.52156594791052,52.24661221580906,53.170350865473765,124763200,AAPL
2019-09-25,53.17034912109375,53.28341128066549,52.2345819095354,52.573768388250606,87613600,AAPL
2019-09-26,52.89610290527344,53.14868860553629,52.64111295532416,52.922564334264976,75334000,AAPL
2019-09-27,52.63870620727539,53.153498252723715,52.268246218976756,53.052461040925884,101408000,AAPL
2019-09-30,53.877586364746094,54.0243263762996,53.11261270219493,53.139074136101655,103909600,AAPL
2019-10-01,54.0267333984375,54.89995709155197,53.93291624988388,54.14220348174279,139223200,AAPL
2019-10-02,52.67239761352539,53.78377052329629,52.42462036061147,53.658679771743714,138449200,AAPL
2019-10-03,53.11983108520508,53.15350893903849,51.75106032831382,52.544895978759946,114426000,AAPL
2019-10-04,54.60887145996094,54.72434152245183,53.858334406822216,54.279309374301256,138478800,AAPL
2019-10-07,54.62091064453125,55.311308550510645,54.327430602345274,54.43087209456384,122306000,AAPL
2019-10-08,53.98102569580078,54.86146578985083,53.96418860317499,54.32262009604962,111820000,AAPL
2019-10-09,54.61369323730469,54.796515362493196,54.279318922568876,54.61369323730469,74770400,AAPL
2019-10-10,55.34980392456055,55.43400041076301,54.67865096790825,54.830199504216615,113013600,AAPL
2019-10-11,56.82200622558594,57.16600118945812,55.88383113476842,56.03778756451031,166795600,AAPL
2019-10-14,56.7402229309082,57.283884526626984,56.45155503855571,56.506882164192184,96427600,AAPL
2019-10-15,56.607913970947266,57.16840893665815,56.502068230785376,56.8653082294218,87360000,AAPL
2019-10-16,56.379371643066406,56.58865883572083,56.097920250128105,56.13881452049243,73903200,AAPL
2019-10-17,56.59828567504883,56.8075692199058,56.17490641458794,56.55257922947988,67585200,AAPL
2019-10-18,56.8701171875,57.15156861487775,56.3601335292246,56.4323014089496,97433600,AAPL
2019-10-21,57.85640335083008,57.971873434702374,57.089029065616195,57.13713976525744,87247200,AAPL
2019-10-22,57.72410583496094,58.26295159984093,57.642313599410386,58.01277373337686,82293600,AAPL
2019-10-23,58.49868392944336,58.5131204412516,58.02719398747313,58.23888544666587,75828800,AAPL
2019-10-24,58.594913482666016,58.88839351156194,58.16912628162669,58.818629879608615,69275200,AAPL
2019-10-25,59.31658935546875,59.352671463902205,58.426528531534856,58.4938842476848,73477200,AAPL
2019-10-28,59.9107666015625,59.95887730359158,59.35026792992619,59.51865722233358,96572800,AAPL
2019-10-29,58.52516174316406,60.07916292785871,58.35196392970418,59.89152859854977,142839600,AAPL
2019-10-30,58.5179328918457,59.00867154935717,58.024793654786826,58.87876862858786,124522000,AAPL
2019-10-31,59.840999603271484,59.93962892278996,57.07459217991583,59.47535535189402,139162000,AAPL
2019-11-01,61.539344787597656,61.565802555862874,59.93723295148244,60.02864219164735,151125200,AAPL
2019-11-04,61.94346237182617,62.027658837469005,61.43348241932148,61.90256442866668,103272000,AAPL
2019-11-05,61.854461669921875,62.1094516637506,61.659610964094675,61.83521298667724,79897600,AAPL
2019-11-06,61.880916595458984,61.94105588070297,61.4310759164294,61.76785444555144,75864400,AAPL
2019-11-07,62.59510803222656,62.81708830253441,62.27661748219188,62.428624670311265,94940400,AAPL
2019-11-08,62.766414642333984,62.83879550318141,61.97260350648676,62.4165566339612,69986400,AAPL
2019-11-11,63.26347351074219,63.32861631020604,62.317654845213625,62.322477783345064,81821200,AAPL
2019-11-12,63.20553970336914,63.40580569755852,62.95461446805824,63.10661428120815,87388800,AAPL
2019-11-13,63.81116485595703,63.88596088282233,62.99081634748193,63.005292522793724,102734400,AAPL
2019-11-14,63.3696174621582,63.91008089634329,63.23932454025214,63.63743402929962,89182800,AAPL
2019-11-15,64.1224365234375,64.12725946222905,63.458917957965724,63.6205710850339,100206400,AAPL
2019-11-18,64.44573211669922,64.52535108245131,63.75326138561724,64.132064464607,86703200,AAPL
2019-11-19,64.25028228759766,64.66286792796207,64.03313233810385,64.63873851951571,76167200,AAPL
2019-11-20,63.502323150634766,64.1996167578222,62.82915159180207,64.06933118896113,106234400,AAPL
2019-11-21,63.21760559082031,63.70016429647717,63.01733960454627,63.62295313638931,121395200,AAPL
2019-11-22,63.162113189697266,63.499902835074955,62.935309992816094,63.35754889035371,65325200,AAPL
2019-11-25,64.26961517333984,64.2865065044557,63.3406876844194,63.38653137558215,84020400,AAPL
2019-11-26,63.76771926879883,64.46018980123868,63.3358271855159,64.40710805154323,105207600,AAPL
2019-11-27,64.624267578125,64.65805022533677,64.01383104765496,64.0789738287976,65235600,AAPL
2019-11-29,64.48192596435547,64.66288553207583,64.15619726980609,64.32509581165056,46617600,AAPL
2019-12-02,63.73637771606445,64.72320974148552,63.56507137548035,64.48675323965114,94487200,AAPL
2019-12-03,62.59992980957031,62.61922891758323,61.83748618598635,62.32486781837209,114430400,AAPL
2019-12-04,63.1524658203125,63.531276233622215,62.896710253389905,62.990812750806576,67181600,AAPL
2019-12-05,64.07897186279297,64.15377524171508,63.391331548709125,63.64708709192012,74424400,AAPL
2019-12-06,65.31674194335938,65.38671502853519,64.49397833560806,64.53741422211255,106075600,AAPL
2019-12-09,64.40228271484375,65.33844034044579,63.91730889994311,65.14541981961794,128042400,AAPL
2019-12-10,64.7786865234375,65.16231982994417,64.14652840241263,64.80763886909658,90420400,AAPL
2019-12-11,65.33120727539062,65.41083358471516,64.78350579892616,64.85830180873923,78756800,AAPL
2019-12-12,65.49769592285156,65.76310470333209,64.49880315683109,64.60978960566402,137310400,AAPL
2019-12-13,66.38801574707031,66.42420617913521,65.36981653316047,65.49769430196437,133587600,AAPL
2019-12-16,67.52442169189453,67.74881703806291,66.8295434896548,66.83436642490469,128186000,AAPL
2019-12-17,67.65715026855469,67.98528668341874,67.26868664682006,67.45447647762181,114158400,AAPL
2019-12-18,67.49551391601562,68.01667843422555,67.34592182864574,67.50999009458272,116028400,AAPL
2019-12-19,67.56304931640625,67.84293428071314,67.30488597596364,67.43758668961861,98369200,AAPL
2019-12-20,67.42311096191406,68.19761571489019,67.21078392805164,68.09628249807736,275978000,AAPL
2019-12-23,68.52334594726562,68.58366579405019,67.64750059383174,67.68610617936537,98572000,AAPL
2019-12-24,68.58849334716797,68.73809276240259,68.26277204321963,68.68983393642199,48478800,AAPL
2019-12-26,69.94930267333984,69.96619399633411,68.69223922394772,68.72119157007391,93121200,AAPL
2019-12-27,69.92276763916016,70.92890598367917,69.51742001165071,70.24125821645885,146266000,AAPL
2019-12-30,70.33775329589844,70.62005337456992,68.81769633977586,69.84071842512762,144114400,AAPL
2019-12-31,70.8516845703125,70.8589226567842,69.85519960755771,69.9541250315122,100805600,AAPL
2020-01-02,72.46825408935547,72.52857392672578,71.22325176244068,71.47659213409148,135480400,AAPL
2020-01-03,71.76374816894531,72.52377699686326,71.53936003786507,71.69619021453627,146322800,AAPL
2020-01-06,72.3355712890625,72.3741768820521,70.63455422652187,70.88548689932232,118387200,AAPL
2020-01-07,71.99534606933594,72.6009522080095,71.77578098551396,72.34519669570282,108872000,AAPL
2020-01-08,73.15350341796875,73.4551026743299,71.69858889981313,71.69858889981313,132079200,AAPL
2020-01-09,74.70733642578125,74.90035698659045,73.87974991049977,74.13067516689924,170108400,AAPL
2020-01-10,74.876220703125,75.44082088635776,74.3743628731269,74.94137084294664,140644800,AAPL
2020-01-13,76.47590637207031,76.50245093143005,75.07407383392189,75.1923057311866,121532000,AAPL
2020-01-14,75.44325256347656,76.62311254429632,75.32020505767588,76.41320061231343,161954400,AAPL
2020-01-15,75.11991119384766,76.12363416339696,74.68801909995545,75.24296601736016,121923600,AAPL
2020-01-16,76.0608901977539,76.17188398608877,75.30086181523187,75.66278079388621,108829200,AAPL
2020-01-17,76.90296936035156,76.90537714681764,76.00299474011516,76.30941686178534,137816400,AAPL
2020-01-21,76.38182067871094,76.97295078497612,76.2442896548719,76.53141272712692,110843200,AAPL
2020-01-22,76.6544418334961,77.20696616699412,76.56033936565174,76.86676144697746,101832400,AAPL
2020-01-23,77.02360534667969,77.1032242879984,76.15982119740589,76.70753000449464,104472000,AAPL
2020-01-24,76.8016357421875,78.01285552986269,76.61102297800898,77.26971830945405,146537600,AAPL
2020-01-27,74.54325866699219,75.223660842835,73.56124993820636,74.81107521306389,161940000,AAPL
2020-01-28,76.65205383300781,76.8233601467646,75.32501712161712,75.42394256005781,162234000,AAPL
2020-01-29,78.25655364990234,79.103446634538,77.54236874294361,78.28309821074268,216229200,AAPL
2020-01-30,78.14314270019531,78.196224452265,76.90779359376785,77.33968569636842,126743200,AAPL
2020-01-31,74.67838287353516,77.85602816826189,74.38402173692818,77.43378925544725,199588400,AAPL
2020-02-03,74.47329711914062,75.63867332859459,72.91945726436026,73.42131515382538,173788400,AAPL
2020-02-04,76.93192291259766,77.1225356625265,75.67244439973094,76.07779194419663,136616400,AAPL
2020-02-05,77.55926513671875,78.35789935199301,76.95606664401838,78.0587078925949,118826800,AAPL
2020-02-06,78.46646118164062,78.4688763315637,77.27213272836197,77.82948747921107,105425600,AAPL
2020-02-07,77.3998794555664,78.21491934817361,76.90892029107607,77.96581213428415,117684000,AAPL
2020-02-10,77.76749420166016,77.76749420166016,75.90523855208762,75.98504645076437,109348800,AAPL
2020-02-11,77.29829406738281,78.33584094406189,77.0806288001579,78.26328831523205,94323200,AAPL
2020-02-12,79.13397216796875,79.13880655058661,77.74815764169257,77.74815764169257,113730400,AAPL
2020-02-13,78.5704574584961,78.8969591321478,78.20284507837152,78.40599987113015,94747600,AAPL
2020-02-14,78.5898208618164,78.8389281598991,78.08193011775062,78.53902662089303,80113600,AAPL
2020-02-18,77.15079498291016,77.33218399932765,76.08906106405882,76.27045008047632,152531200,AAPL
2020-02-19,78.26815032958984,78.49791270322793,77.39264718918032,77.39264718918032,93984000,AAPL
2020-02-20,77.4652099609375,78.51726787221662,76.95974005365503,78.02872938009521,100566000,AAPL
2020-02-21,75.7117919921875,77.50150331952075,75.09507212989016,77.05890987230417,129554000,AAPL
2020-02-24,72.11544036865234,73.56655262581305,69.95086901349747,71.89294062243466,222195200,AAPL
2020-02-25,69.67272186279297,73.16748626275555,69.20111488480276,72.7853633450679,230673600,AAPL
2020-02-26,70.77799987792969,72.04288873722294,69.29061126924033,69.29786653540023,198054800,AAPL
2020-02-27,66.15135955810547,69.16967532004576,66.01592302206369,67.98460193931137,320605600,AAPL
2020-02-28,66.11266326904297,67.3340203730767,62.00359989656375,62.21885173263986,426510000,AAPL
2020-03-02,72.26778411865234,72.90385595913628,67.16712712972084,68.2699714851257,341397200,AAPL
2020-03-03,69.97261810302734,73.52300347304629,69.12129439177312,73.44319556548463,319475600,AAPL
2020-03-04,73.2182846069336,73.37790783984885,70.89409003325196,71.69461969933852,219178400,AAPL
2020-03-05,70.84329986572266,72.44677262458974,70.4781009386349,71.47210923904862,187572800,AAPL
2020-03-06,69.90251159667969,70.33542891875014,68.01606818438773,68.20229164279979,226176800,AAPL
2020-03-09,64.37376403808594,67.25663636962582,63.60708978441408,63.788478823723246,286744800,AAPL
2020-03-10,69.01002502441406,69.27606360892686,65.14764961954587,67.02684373594583,285290000,AAPL
2020-03-11,66.6133041381836,68.0136294855381,65.74989060302927,67.08733944027128,255598800,AAPL
2020-03-12,60.0349235534668,65.30004285714023,59.9792986243362,61.8996041788163,418474000,AAPL
2020-03-13,67.22758483886719,67.69919907964612,61.17644819639121,64.06416467440111,370732000,AAPL
2020-03-16,58.57897186279297,62.65901004477626,58.044477343492844,58.51608798383502,322423600,AAPL
2020-03-17,61.154701232910156,62.303494624543745,57.65751943951495,59.86079146440188,324056000,AAPL
2020-03-18,59.65764236450195,60.46301010190362,57.347954640535384,57.98886476183712,300233600,AAPL
2020-03-19,59.200531005859375,61.14985749394757,58.67571261986398,59.831764860050804,271857200,AAPL
2020-03-20,55.442161560058594,60.90559811822868,55.14226370959631,59.78098394677199,401693200,AAPL
2020-03-23,54.26433181762695,55.26318175410043,51.42015363881515,55.16160435739665,336752800,AAPL
2020-03-24,59.70841979980469,59.904319319039914,56.66592135701882,57.164135860349994,287531200,AAPL
2020-03-25,59.3795051574707,62.45828014038061,59.08444541685393,60.644390107262105,303602000,AAPL
2020-03-26,62.504215240478516,62.56225734357124,59.582643396255975,59.62134059189626,252087200,AAPL
2020-03-27,59.916419982910156,61.88267437044843,59.74954150082475,61.12809725879501,204216800,AAPL
2020-03-30,61.62631607055664,61.798032638117675,60.317895683529414,60.64198021312565,167976400,AAPL
2020-03-31,61.500545501708984,63.483731229594824,60.94670602705082,61.8173747321562,197002000,AAPL
2020-04-01,58.26456069946289,60.15342405049904,57.83406447537594,59.61651236600977,176218400,AAPL
2020-04-02,59.23681640625,59.29002414850145,57.29474488517958,58.126716465435884,165934000,AAPL
2020-04-03,58.38549041748047,59.423033841940786,57.79537096509543,58.72166453956951,129880000,AAPL
2020-04-06,63.47888946533203,63.63367089449897,60.31304793384269,60.68066028625878,201820400,AAPL
2020-04-07,62.743675231933594,65.71120459358438,62.63968062235487,65.49353184513188,202887200,AAPL
2020-04-08,64.34955596923828,64.66396058058191,63.17899331030437,63.54418476916798,168895200,AAPL
2020-04-09,64.81391906738281,65.31697539124775,64.0182312530311,64.98563931197687,161834800,AAPL
2020-04-13,66.0860595703125,66.19489592354667,64.29151446730144,64.89131008954301,131022800,AAPL
2020-04-14,69.42361450195312,69.71383985781922,67.24694647516952,67.71856083326759,194994800,AAPL
2020-04-15,68.78996276855469,69.24948009360917,67.87092811844572,68.2990035025,131154400,AAPL
2020-04-16,69.33654022216797,69.70173905002567,68.28690358299804,69.50341866796147,157125200,AAPL
2020-04-17,68.395751953125,69.39944379426973,66.95915028721262,68.85285583806908,215250000,AAPL
2020-04-20,66.97606658935547,68.12486348645393,66.95672167861267,67.22276033093017,130015200,AAPL
2020-04-21,64.90582275390625,67.05346978399236,64.19477725392538,66.81887303902265,180991600,AAPL
2020-04-22,66.77533721923828,67.21066785744529,65.832115915965,66.17312073347611,116862400,AAPL
2020-04-23,66.51654815673828,68.14179371829223,66.47785095518503,66.71970292934046,124814400,AAPL
2020-04-24,68.43685150146484,68.44652764676574,66.99299496104605,67.04136830681426,126161200,AAPL
2020-04-27,68.4852294921875,68.81656552903699,67.7064658092128,68.1538860746012,117087600,AAPL
2020-04-28,67.37511444091797,69.12854111634766,67.28321689774812,68.9471521499239,112004800,AAPL
2020-04-29,69.58806610107422,70.05725948714488,68.65935547379901,68.86251023157146,137280800,AAPL
2020-04-30,71.05611419677734,71.23266881272234,69.73802523358442,70.1274034083595,183064000,AAPL
2020-05-01,69.91216278076172,72.31375148512824,69.13339900800005,69.23013833651491,240616800,AAPL
2020-05-04,70.90133666992188,71.02951794095532,69.24706979478302,69.93634950460861,133568000,AAPL
2020-05-05,71.96549224853516,72.79746385447393,71.21574945029819,71.36086215007607,147751200,AAPL
2020-05-06,72.70795440673828,73.33918446648443,72.28229260413691,72.66683632686777,142333600,AAPL
2020-05-07,73.46011352539062,73.80596744487967,73.0320382041835,73.3343531605904,115215200,AAPL
2020-05-08,75.20861053466797,75.26196230929314,73.79237217273885,74.119757726088,133838400,AAPL
2020-05-11,76.39205169677734,76.8867601253796,74.50776956187678,74.71632920982042,145946400,AAPL
2020-05-12,75.51899719238281,77.52695196972876,75.39774386669593,77.07588574980144,162301200,AAPL
2020-05-13,74.607177734375,76.61998759486177,73.53044749592581,75.6984577813938,200622400,AAPL
2020-05-14,75.06553649902344,75.1261631825109,73.12305519185568,73.84572792328466,158929200,AAPL
2020-05-15,74.62174224853516,74.66781911832467,72.80294181174233,72.83689630557373,166348400,AAPL
2020-05-18,76.37989807128906,76.75336041216173,75.25467098028571,75.94581646414036,135178400,AAPL
2020-05-19,75.93856048583984,77.24324046806854,75.90703342703199,76.39689435415646,101729600,AAPL
2020-05-20,77.41541290283203,77.48573451404336,76.75821444789756,76.79701640617802,111504800,AAPL
2020-05-21,76.8382568359375,77.81798607126746,76.60059758260323,77.27719341349972,102688800,AAPL
2020-05-22,77.33295440673828,77.41540578523484,76.47447873541405,76.57632739090906,81803200,AAPL
2020-05-26,76.80913543701172,78.63035538202438,76.75335624215153,78.45090282570622,125522000,AAPL
2020-05-27,77.14380645751953,77.28931196459057,75.92642542981746,76.66607534046294,112945200,AAPL
2020-05-28,77.17774963378906,78.43635987423401,76.54238332681012,76.81883708906608,133560800,AAPL
2020-05-29,77.10259246826172,77.8810370209666,76.74610726923865,77.42027570132166,153532400,AAPL
2020-06-01,78.05079650878906,78.17204987996918,76.92556167189265,77.05651738496836,80791200,AAPL
2020-06-02,78.412109375,78.43636152325215,77.34265402331467,77.78401795906733,87642800,AAPL
2020-06-03,78.8437728881836,79.1056842545279,78.15990225471617,78.73222188437157,104491200,AAPL
2020-06-04,78.1647720336914,78.96504129309206,77.79130959230261,78.66676274766802,87560400,AAPL
2020-06-05,80.39097595214844,80.45160263084539,78.38544808511186,78.41454770677157,137250400,AAPL
2020-06-08,80.86627960205078,80.90023409134206,79.37729235859877,80.08783519139197,95654400,AAPL
2020-06-09,83.41986846923828,83.81272809723069,80.51464324949785,80.5461703012507,147712400,AAPL
2020-06-10,85.56605529785156,86.0340914097843,83.92913522287401,84.36807171758845,166651600,AAPL
2020-06-11,81.45799255371094,85.13439472060976,81.35614389223483,84.71000802945393,201662400,AAPL
2020-06-12,82.16127014160156,84.34383052506377,81.05059266944424,83.59691311681682,200146000,AAPL
2020-06-15,83.17737579345703,83.82971944873768,80.65288000271148,80.81536275804567,138808800,AAPL
2020-06-16,85.38176727294922,85.65338103043176,83.59692127094438,85.2314142826488,165428800,AAPL
2020-06-17,85.262939453125,86.18688949305373,85.14168608934729,86.12626281116486,114406400,AAPL
2020-06-18,85.296875,85.71398677476938,84.68818088081773,85.2192710882484,96820400,AAPL
2020-06-19,84.8094482421875,86.4681932764156,83.70119078400126,86.00258453034328,264476000,AAPL
2020-06-22,87.02838134765625,87.17145941767127,85.15622926088085,85.20230612758097,135445200,AAPL
2020-06-23,88.88597106933594,90.30463659467983,87.85289026819137,88.27242947914962,212155600,AAPL
2020-06-24,87.31695556640625,89.43404157028371,86.94349320290961,88.51493917080266,192623200,AAPL
2020-06-25,88.47612762451172,88.51492957761795,86.71310689690837,87.47215391548303,137522400,AAPL
2020-06-26,85.75762939453125,88.59253277701855,85.60969648694928,88.3718508333902,205256800,AAPL
2020-06-29,87.73409271240234,87.82867389831827,85.18777180856983,85.66551040750811,130646000,AAPL
2020-06-30,88.4664306640625,88.75259416052774,87.30240160297599,87.32179888035039,140223200,AAPL
2020-07-01,88.29910278320312,89.087249484998,88.25060588813794,88.5440368956825,110737200,AAPL
2020-07-02,88.29910278320312,89.84144910031887,88.18513174947753,89.20608278944812,114041600,AAPL
2020-07-06,90.6611328125,91.12916897526445,89.6959534658751,89.72748052152446,118655600,AAPL
2020-07-07,90.37981414794922,91.81787696805416,90.26826314860052,91.03943260618246,112424400,AAPL
2020-07-08,92.48477935791016,92.51630641314865,91.26981841791165,91.35712467862727,117092000,AAPL
2020-07-09,92.88249206542969,93.43055216626935,91.83486136183558,93.37720039708492,125642800,AAPL
2020-07-10,93.04497528076172,93.10318192525366,91.86639619002682,92.47751045180962,90257200,AAPL
2020-07-13,92.61572265625,96.95901797723327,92.40231560385234,94.34964385590663,191649200,AAPL
2020-07-14,94.14838409423828,94.33995906948405,91.063698400921,91.99734332779671,170989200,AAPL
2020-07-15,94.79586791992188,96.27273284060122,93.5978842251878,96.02295123465481,153198000,AAPL
2020-07-16,93.62939453125,94.4854427364264,93.0304027910354,93.66819648454633,110577600,AAPL
2020-07-17,93.44024658203125,94.23566818195913,92.9673556043315,94.0804677579499,92186800,AAPL
2020-07-20,95.40940856933594,95.54763916358735,93.18319885433614,93.527561622358,90318000,AAPL
2020-07-21,94.09260559082031,96.27516602978264,93.84282396994556,96.19998954005356,103433200,AAPL
2020-07-22,94.35693359375,95.03837684731691,93.70701739615949,93.79431625820118,89001600,AAPL
2020-07-23,90.0621337890625,94.16777018673336,89.25216234988122,94.09016627142198,197004400,AAPL
2020-07-24,89.83901977539062,90.18338250647658,86.47302597872792,88.2603063707244,185438800,AAPL
2020-07-27,91.96824645996094,92.06040019801185,90.67811632940159,90.90121836821325,121214000,AAPL
2020-07-28,90.45742797851562,91.71603836365466,90.45257310797918,91.53900580557185,103625600,AAPL
2020-07-29,92.19133758544922,92.3756450249379,90.90362774541741,90.94000226618061,90329200,AAPL
2020-07-30,93.30686950683594,93.41114559964625,90.9569792625978,91.36438869547271,158130000,AAPL
2020-07-31,103.0750503540039,103.22540332463862,97.80294963723614,99.80120988768464,374336800,AAPL
2020-08-03,105.67229461669922,108.2913640186851,104.6586183859917,104.95689689079155,308151200,AAPL
2020-08-04,106.37798309326172,107.46926317333123,105.13877008729901,105.86144267124749,173071600,AAPL
2020-08-05,106.76355743408203,107.08366800256047,105.63347550648942,106.09909155161407,121776800,AAPL
2020-08-06,110.48849487304688,110.98321070655226,106.50653825244207,107.09582786841136,202428800,AAPL
2020-08-07,107.97642517089844,110.46660028081871,107.17956943228634,110.00986453782278,198045600,AAPL
2020-08-10,109.54585266113281,110.56378836086954,106.89533339122227,109.4219488794754,212403600,AAPL
2020-08-11,106.28797149658203,109.30776282738468,106.02801970691873,108.80973072656776,187902400,AAPL
2020-08-12,109.82036590576172,110.07788585431382,107.18442302937045,107.37877518954045,165598000,AAPL
2020-08-13,111.76392364501953,112.7672832263659,110.71197231378294,111.20029196815734,210082000,AAPL
2020-08-14,111.6643295288086,111.75421760454509,109.85439412589318,111.58901749702606,165565200,AAPL
2020-08-17,111.3727798461914,112.81101111968458,110.74598779263943,112.78671524478968,119561600,AAPL
2020-08-18,112.30082702636719,112.7259788863913,110.78971554731912,111.12497934318773,105633600,AAPL
2020-08-19,112.4417495727539,113.85568519716752,112.34700528381059,112.7089894111577,145538000,AAPL
2020-08-20,114.93677520751953,115.05095915162076,112.46603216773778,112.48304002227763,126907200,AAPL
2020-08-21,120.8597412109375,121.343197228119,115.88424717471018,115.89639140480685,338054800,AAPL
2020-08-24,122.30526733398438,125.15014624205317,120.4394596328143,125.06510696520752,345937600,AAPL
2020-08-25,121.30191802978516,121.64690172019864,119.57944621797552,121.17802164994161,211495600,AAPL
2020-08-26,122.95149230957031,123.4082280829776,121.55213290407741,122.61866031262531,163022400,AAPL
2020-08-27,121.481689453125,123.88683296878132,120.33741816118453,123.55400095827326,155552400,AAPL
2020-08-28,121.28489685058594,122.87374476236184,121.06138518015679,122.45588091995438,187630000,AAPL
2020-08-31,125.39793395996094,127.30262091946506,122.44374225841678,123.97914969468255,225702700,AAPL
2020-09-01,130.39285278320312,130.99536378403553,126.84587750534726,129.01293310588505,151948100,AAPL
2020-09-02,127.69132995605469,134.0856162874723,123.41552250903742,133.70662433115996,200119000,AAPL
2020-09-03,117.46825408935547,125.20358843955071,117.09898196053354,123.3280682941128,257599600,AAPL
2020-09-04,117.54598999023438,120.20865338231157,107.76020880398585,116.68111019411374,332607200,AAPL
2020-09-08,109.6357421875,115.6315969151868,109.49969417268505,110.73384613966655,231366600,AAPL
2020-09-09,114.00872802734375,115.77735955442189,112.00687240165654,113.95042385620658,176940500,AAPL
2020-09-10,110.28683471679688,117.09898522798876,109.32477873982353,116.96293720757075,182274400,AAPL
2020-09-11,108.83888244628906,111.97772133616776,106.89533097403391,111.33634579157453,180860300,AAPL
2020-09-14,112.10404205322266,112.65795388939479,109.61629870677376,111.48210621661043,140150100,AAPL
2020-09-15,112.27896881103516,115.47611185461919,110.40344135428404,114.99022398928534,184642000,AAPL
2020-09-16,108.96521759033203,112.72599259867744,108.8777613272375,111.97772849620063,154679000,AAPL
2020-09-17,107.22572326660156,109.03322659577087,105.64173160246284,106.6232270995851,178011000,AAPL
2020-09-18,103.82450103759766,107.75047533208858,103.0956693411613,107.2840271982426,287104900,AAPL
2020-09-21,106.97307586669922,107.07997179185173,100.19007789948417,101.58943734580029,195713800,AAPL
2020-09-22,108.65425872802734,109.674626367255,106.07905857827852,109.49970641236058,183055400,AAPL
2020-09-23,104.09661102294922,108.94576947432667,103.75648361182957,108.469601478443,150718700,AAPL
2020-09-24,105.16556549072266,107.13826893890365,102.03644660847966,102.2016466950428,167743300,AAPL
2020-09-25,109.1109848022461,109.26647248780473,104.63109780542541,105.36964948370711,149981400,AAPL
2020-09-28,111.71533966064453,112.06517952480382,109.59686822281799,111.76393141391246,137672400,AAPL
2020-09-29,110.86988830566406,112.05545586998878,110.36456819358912,111.31691166111466,99382200,AAPL
2020-09-30,112.5413589477539,113.95043838034034,110.41317487532415,110.57837499064281,142675200,AAPL
2020-10-01,113.4936752319336,114.39742685256729,112.56077152903099,114.31968302381051,116120400,AAPL
2020-10-02,109.83006286621094,112.11374120412685,109.05264692088645,109.7037347212861,144712000,AAPL
2020-10-05,113.21188354492188,113.35765140139709,110.34514782850755,110.69498771842362,106243800,AAPL
2020-10-06,109.96614074707031,112.84259590260606,109.08182130955358,112.43444447771981,161498200,AAPL
2020-10-07,111.83193969726562,112.288675423152,110.9087484133937,111.3849238034784,96849000,AAPL
2020-10-08,111.7250747680664,113.1147145812158,111.35579518649142,112.96894671554469,83477200,AAPL
2020-10-09,113.66861724853516,113.69776933647424,111.67647388000671,112.02631376339767,100506900,AAPL
2020-10-12,120.88890075683594,121.64688463034302,115.91340641347355,116.67139028698064,240226800,AAPL
2020-10-13,117.68204498291016,121.85096395135838,116.2729730734288,121.7343481891843,262330500,AAPL
2020-10-14,117.7695083618164,119.5575722262898,116.2438206939987,117.58486859235376,150712000,AAPL
2020-10-15,117.30303955078125,117.7792075503629,114.81529622261273,115.36920805471462,112559200,AAPL
2020-10-16,115.66073608398438,118.11933473782237,115.45666408455465,117.85695115708421,115393800,AAPL
2020-10-19,112.70655822753906,117.02123764921416,112.39559027449886,116.57422168009768,120639300,AAPL
2020-10-20,114.19337463378906,115.62188622477068,112.36643141199016,112.92034331318091,124423700,AAPL
2020-10-21,113.57144927978516,115.35951333260171,113.16329777724089,113.37708965617799,89946000,AAPL
2020-10-22,112.48304748535156,114.70841493004065,111.35578401227829,114.13506335968486,101988000,AAPL
2020-10-23,111.7930908203125,113.26047437917072,111.05453912383231,113.10498668978074,82572600,AAPL
2020-10-26,111.80280303955078,113.2604666650257,109.69404402667767,110.79215536953423,111850700,AAPL
2020-10-27,113.30905151367188,113.96985932342135,111.30719583151641,112.23037983284465,92276800,AAPL
2020-10-28,108.06146240234375,112.17207716189112,107.96428630838615,111.80280503922792,143937800,AAPL
2020-10-29,112.06517791748047,113.62973745029149,109.0332349429399,109.19844245324492,146129200,AAPL
2020-10-30,105.78750610351562,108.8291614562022,104.67968236923052,107.92540973464747,190272600,AAPL
2020-11-02,105.7000503540039,107.55614568812253,104.29097841162539,106.03045798084733,122866900,AAPL
2020-11-03,107.32291412353516,108.34327419283329,105.6611785129121,106.56493023946784,107624400,AAPL
2020-11-04,111.70561981201172,112.32755570064144,109.17900433769593,110.9184838247905,138235500,AAPL
2020-11-05,115.67047119140625,116.24382276328363,113.57143933861293,114.62095155797914,126387100,AAPL
2020-11-06,115.53904724121094,116.03550252982856,113.04700448892655,115.17886724342364,114457900,AAPL
2020-11-09,113.23197174072266,118.75144452373826,112.96914288637264,117.30100266982897,154515300,AAPL
2020-11-10,112.89126586914062,114.46825386220857,111.10010975217423,112.48241768033425,138023400,AAPL
2020-11-11,116.31781768798828,116.45410042104282,113.34879251575485,114.07888176862647,112295000,AAPL
2020-11-12,116.04524230957031,117.33019898779234,115.42223346115063,116.44436129860394,103162300,AAPL
2020-11-13,116.09393310546875,116.49304471994897,114.74083488923566,116.26915483122531,81581900,AAPL
2020-11-16,117.1063232421875,117.77800032814827,115.01339915844956,115.76295421656155,91183000,AAPL
2020-11-17,116.22048950195312,117.46650747207035,115.80190464384941,116.37624546164425,74271000,AAPL
2020-11-18,114.8965835571289,116.63906421361688,114.86738117394037,115.46118772161485,76322100,AAPL
2020-11-19,115.49038696289062,115.89923517011198,113.70896736833065,114.46825901798518,74113000,AAPL
2020-11-20,114.22489166259766,115.61692877725572,114.17622350270929,115.49038264932382,73604300,AAPL
2020-11-23,110.82754516601562,114.49746457209459,110.73020141936897,114.06914317462709,127959300,AAPL
2020-11-24,112.11250305175781,112.77445093316165,109.6009942581799,110.88595846342133,113874200,AAPL
2020-11-25,112.94967651367188,113.65056340347142,112.11250688717266,112.4824235383736,76499200,AAPL
2020-11-27,113.49481201171875,114.37092065910097,113.13463937607727,113.47534623148913,46691300,AAPL
2020-11-30,115.88951110839844,117.75853793262587,113.70897238661402,113.86472833539251,169410200,AAPL
2020-12-01,119.46206665039062,120.19215587053868,116.82401182614447,117.79746411967523,127728200,AAPL
2020-12-02,119.81251525878906,120.0948173273605,117.68065226704212,118.78065073270163,89004200,AAPL
2020-12-03,119.67623901367188,120.49393545508784,118.9656155022822,120.24083575457,78967600,AAPL
2020-12-04,119.00455474853516,119.5983613009378,118.29393123559595,119.34526159986807,78260400,AAPL
2020-12-07,120.46471405029297,121.2629445857138,119.00453569816821,119.06294045566084,86712000,AAPL
2020-12-08,121.07799530029297,121.66207262611567,119.82224093273689,121.06826612455384,82225500,AAPL
2020-12-09,118.54703521728516,122.60633005014087,117.787743513511,121.22402938804677,115089200,AAPL
2020-12-10,119.96825408935547,120.58153376453309,116.96029017970807,117.30099698433379,81312200,AAPL
2020-12-11,119.16028594970703,119.50099273028479,117.3496642850928,119.17975172566112,86939800,AAPL
2020-12-14,118.54703521728516,120.0753552286095,118.31340871462832,119.34526590931088,79184500,AAPL
2020-12-15,124.48509216308594,124.50456537042437,120.83464560664378,121.03906972258223,157243700,AAPL
2020-12-16,124.41693878173828,124.9620697049553,123.20012338037756,124.0275637947843,98208600,AAPL
2020-12-17,125.2833251953125,126.13996808980455,124.64084302444346,125.47801271123197,94359800,AAPL
2020-12-18,123.2974624633789,125.67268827051221,122.77179737031575,125.53640555307189,192541500,AAPL
2020-12-21,124.82579040527344,124.90366837554562,120.17268937086521,121.70100925990957,121251600,AAPL
2020-12-22,128.37889099121094,130.84172406271304,126.20808171972651,128.11605471749206,168904800,AAPL
2020-12-23,127.48330688476562,128.91426795602177,127.30807776451475,128.65144655619818,88223700,AAPL
2020-12-24,128.46652221679688,129.91697172820207,127.61962333055864,127.83378405985889,54930100,AAPL
2020-12-28,133.06118774414062,133.693925752392,129.96560192767902,130.43286969291617,124486200,AAPL
2020-12-29,131.28948974609375,135.1054204796811,130.77356128298763,134.38507537843176,121047300,AAPL
2020-12-30,130.17002868652344,132.37976932791838,129.85851685438772,131.98065036313264,96452100,AAPL
2020-12-31,129.16734313964844,131.16292263133363,128.22309354875884,130.52044077189774,99116600,AAPL
2021-01-04,125.9744644165039,130.0629610638514,123.39481436257799,129.97535392263828,143301900,AAPL
2021-01-05,127.53196716308594,128.24259796257226,125.02045870880843,125.46825325569431,97664900,AAPL
2021-01-06,123.23905181884766,127.570918733124,123.02489113823766,124.32932099883892,155088000,AAPL
2021-01-07,127.44437408447266,128.1355317571745,124.46561240551398,124.95233855838183,109578200,AAPL
2021-01-08,128.54437255859375,129.1089766459298,126.77268233415623,128.9142743130051,105158200,AAPL
2021-01-11,125.55585479736328,126.71426523844697,125.08860192198284,125.76028628554909,100384500,AAPL
2021-01-12,125.38066101074219,126.24703297603195,123.49216114503781,125.08862234580894,91951100,AAPL
2021-01-13,127.41516876220703,127.96029966424209,125.07888922385592,125.34171064567087,88636800,AAPL
2021-01-14,125.48774719238281,127.52225905827079,125.34172042627678,127.32757155716695,90221800,AAPL
2021-01-15,123.76473236083984,126.76296740977297,123.62844962469308,125.36119363586094,111598500,AAPL
2021-01-19,124.4364013671875,125.29304408982054,123.57002946950722,124.38772578454656,90757300,AAPL
2021-01-20,128.52490234375,128.97269692470792,125.13729259464834,125.24437293876636,104319500,AAPL
2021-01-21,133.23643493652344,135.96210482573608,130.0435120203248,130.24794357484075,120150900,AAPL
2021-01-22,135.3780059814453,136.13729751698824,131.435521560002,132.66206599733243,114459400,AAPL
2021-01-25,139.12579345703125,141.23818305206848,132.91516336360118,139.27182020640586,157611700,AAPL
2021-01-26,139.35943603515625,140.4691710725819,137.61694808504978,139.78775742744395,98390600,AAPL
2021-01-27,138.28863525390625,140.46917381461645,136.6824448551771,139.6222601892596,140843800,AAPL
2021-01-28,133.45054626464844,138.2204705183577,133.07090053569834,135.816042617107,142621100,AAPL
2021-01-29,128.456787109375,133.10988846080656,126.7532453845792,132.22404319902353,177523800,AAPL
2021-02-01,130.5789031982422,131.78598951100426,127.45411448597895,130.19925735971532,106239800,AAPL
2021-02-02,131.40634155273438,132.6912909648265,131.03642489675576,132.12668680443446,83305400,AAPL
2021-02-03,130.3842010498047,132.16562050861145,130.0629600142458,132.15587647941985,89880900,AAPL
2021-02-04,133.74261474609375,133.75234392204015,131.01694525702797,132.68155527349182,84183100,AAPL
2021-02-05,133.32826232910156,133.97170445351236,132.45085206919504,133.90346870595903,75693800,AAPL
2021-02-08,133.47450256347656,133.52325088194496,131.53443254526087,132.6165797613071,71297200,AAPL
2021-02-09,132.59710693359375,134.42019329345555,132.44113310608114,133.19180084894626,76774200,AAPL
2021-02-10,131.99264526367188,133.5525022619222,131.0274820724659,133.05529021983176,73046600,AAPL
2021-02-11,131.73916625976562,132.9675435248031,130.41329236021338,132.4898338171174,64280000,AAPL
2021-02-12,131.97315979003906,132.12914848493614,130.33532312132203,130.9787653308469,60145100,AAPL
2021-02-16,129.84788513183594,132.5971155475775,129.45791334796667,132.09017454240117,80576300,AAPL
2021-02-17,127.55680084228516,128.9021769728661,126.22118330017902,127.95651619642835,97918500,AAPL
2021-02-18,126.45519256591797,126.73790904839909,124.21290350757396,125.95798047907508,96856700,AAPL
2021-02-19,126.61115264892578,127.43008573965325,125.56801001534814,126.97187831271118,87668800,AAPL
2021-02-22,122.83826446533203,126.46491917771368,122.44830023340782,124.797821900289,103916400,AAPL
2021-02-23,122.70177459716797,123.53044391763328,115.41921936454152,120.65447173544518,158273000,AAPL
2021-02-24,122.20458221435547,122.40931177714582,119.16287735238498,121.80487424070276,111039900,AAPL
2021-02-25,117.95399475097656,123.28673718148006,117.51528958023444,121.55140392768223,148199500,AAPL
2021-02-26,118.21722412109375,121.71713665773981,118.15872464367439,119.51384476967971,164560400,AAPL
2021-03-01,124.5833511352539,124.71983750347,119.7088167333954,120.64472644599832,116307900,AAPL
2021-03-02,121.98035430908203,125.49001767022227,121.87311395477933,125.18779891061432,102260900,AAPL
2021-03-03,118.99714660644531,122.55555866097826,118.78266587535208,121.67814086921052,112966300,AAPL
2021-03-04,117.11557006835938,120.49849839926789,115.64346591859298,118.69492201638303,178155000,AAPL
2021-03-05,118.37318420410156,118.8801399153452,114.61979443770963,117.94423026145166,153766600,AAPL
2021-03-08,113.4401626586914,117.96372988743823,113.29392514231552,117.89548670485603,154376600,AAPL
2021-03-09,118.05146789550781,118.99712873808402,115.80918658429786,116.04316214765258,129525800,AAPL
2021-03-10,116.96935272216797,119.10439413289247,116.4526457307637,118.63644290778187,111943300,AAPL
2021-03-11,118.8996353149414,120.11826884445411,118.21720351359382,119.46508305774302,103026500,AAPL
2021-03-12,117.99298858642578,118.12947496626138,116.16991732521446,117.37879987716553,88105100,AAPL
2021-03-15,120.87871551513672,120.88846666765528,117.39829786101335,118.36346113570012,92403800,AAPL
2021-03-16,122.4190673828125,124.02766536377307,121.59039794957519,122.54580261068884,115227900,AAPL
2021-03-17,121.62939453125,122.70179070070945,119.27011403289939,120.93721148152662,111932600,AAPL
2021-03-18,117.50553131103516,120.08903616814248,117.3008017478915,119.79656111339463,121229700,AAPL
2021-03-19,116.97908020019531,118.38294855656439,116.67686143267959,116.89134214689703,185549500,AAPL
2021-03-22,120.29376983642578,120.76172845240197,117.24231371312757,117.31055690317099,111912300,AAPL
2021-03-23,119.465087890625,121.12242658262932,119.07512365781542,120.2352652049879,95467100,AAPL
2021-03-24,117.07658386230469,119.8160777258849,117.05708899403655,119.73808337691133,88530500,AAPL
2021-03-25,117.56403350830078,118.6071911560223,116.01393492282537,116.54038560410483,98844700,AAPL
2021-03-26,118.1684799194336,118.4317089821302,115.93594193373995,117.33005928068575,94071200,AAPL
2021-03-29,118.34396362304688,119.50410536738507,117.70052885181629,118.59744153314395,80819200,AAPL
2021-03-30,116.89134979248047,117.37880328833072,115.87744562855794,117.09607936818357,85671900,AAPL
2021-03-31,119.08489227294922,120.42051011090868,118.10998526692909,118.59743876993915,118323800,AAPL
2021-04-01,119.91355895996094,121.06394949790783,119.41635431579364,120.5570011392304,75089100,AAPL
2021-04-05,122.74077606201172,122.99425393009696,119.9817878428641,120.76171631176526,88651200,AAPL
2021-04-06,123.04300689697266,123.93991951774667,122.49706137788411,123.32573080877205,80171300,AAPL
2021-04-07,124.69060516357422,124.71010003062226,121.99985979599343,122.67254799737614,83466700,AAPL
2021-04-08,127.08885192871094,127.11809794284298,125.2950269744252,125.71422976091594,88844600,AAPL
2021-04-09,129.66262817382812,129.70161790758218,126.22120772891054,126.54292881700623,106686700,AAPL
2021-04-12,127.94676208496094,129.51636248443688,127.35206839631736,129.1946414847547,91420000,AAPL
2021-04-13,131.0567626953125,131.28100205330475,128.61949478941824,129.11670696279845,91266500,AAPL
2021-04-14,128.7169647216797,131.61243958256816,128.35625390681537,131.55394754511985,87222800,AAPL
2021-04-15,131.12498474121094,131.61243821608534,130.286564169391,130.46205515581354,89347100,AAPL
2021-04-16,130.7935028076172,131.29069993150603,129.93558004398386,130.92998916765907,84922400,AAPL
2021-04-19,131.45645141601562,132.07064756343885,129.99409097045535,130.15982336917756,94264200,AAPL
2021-04-20,129.76983642578125,132.12910894546226,128.5024546918313,131.63191186465178,94812300,AAPL
2021-04-21,130.1500701904297,130.39379691363274,128.00527800142257,129.0386769276597,68847100,AAPL
2021-04-22,128.62924194335938,130.7837782500738,128.11254238332913,129.70163080104982,84566500,AAPL
2021-04-23,130.94952392578125,131.72943767595572,128.8437210981472,128.8437210981472,78657500,AAPL
2021-04-26,131.33944702148438,131.67091176764876,130.2085515483263,131.44668736593727,66905100,AAPL
2021-04-27,131.0177764892578,132.01218598694598,130.74480366650468,131.62221418593927,66015800,AAPL
2021-04-28,130.22808837890625,131.63195694182536,129.74063484322053,130.93976637575503,107760100,AAPL
2021-04-29,130.13058471679688,133.63051222031285,129.12643167740748,133.04556205861587,151101000,AAPL
2021-04-30,128.16128540039062,130.2085812488916,127.78107225167611,128.4732479162047,109839500,AAPL
2021-05-03,129.2141571044922,130.70577838338053,128.5219815192614,128.7267036427075,75135100,AAPL
2021-05-04,124.64185333251953,128.19052150938094,123.52070884107249,127.89804644623831,137564700,AAPL
2021-05-05,124.88558959960938,127.17661206810328,124.75884693241741,125.95797834787251,84000900,AAPL
2021-05-06,126.48445129394531,126.49419500952703,123.9399357544084,124.6808672259151,78128300,AAPL
2021-05-07,127.15826416015625,128.18364330353234,126.44536250089044,127.78326383187955,78973300,AAPL
2021-05-10,123.87699890136719,126.50394796231055,123.83793549239249,126.3770049216638,88071200,AAPL
2021-05-11,122.95903778076172,123.3105935686965,119.89262343355486,120.60551762571262,126142800,AAPL
2021-05-12,119.89263153076172,121.71880695136791,119.38482206893003,120.50787096501224,112172300,AAPL
2021-05-13,122.04106903076172,123.19341357180042,121.34771025318693,121.66021008886267,105861300,AAPL
2021-05-14,124.46292877197266,124.8926187981441,122.90042974578068,123.29105636497444,81918000,AAPL
2021-05-17,123.31058502197266,123.95512006477786,122.23636740121376,123.84769755764366,74244600,AAPL
2021-05-18,121.92388916015625,124.01373338582823,121.8555300481234,123.5938109974595,63342900,AAPL
2021-05-19,121.76763153076172,121.99223682754793,119.9805196188087,120.27349147179841,92612000,AAPL
2021-05-20,124.32621765136719,124.72661200774762,122.16801458440843,122.29497252696002,76857100,AAPL
2021-05-21,122.49028778076172,125.00005419589023,122.27544274551913,124.8242725716539,79295400,AAPL
2021-05-24,124.12113189697266,124.94144853323611,122.9883229095211,123.05668200832781,63092900,AAPL
2021-05-25,123.92583465576172,125.31255964913692,123.35942638033971,124.82427074399982,72009500,AAPL
2021-05-26,123.87699890136719,124.40434374665045,123.45707656811848,123.98442141340175,56575900,AAPL
2021-05-27,122.34379577636719,124.64848475719648,122.14848618161899,123.47661228754039,94625600,AAPL
2021-05-28,121.68949890136719,122.85161109201668,121.63090751379944,122.62699835536803,71311100,AAPL
2021-06-01,121.36724853515625,122.41217064788405,121.03522069119808,122.14850191595166,67637100,AAPL
2021-06-02,122.12894439697266,122.30472600333286,121.14262130905783,121.36722658627286,59278900,AAPL
2021-06-03,120.64458465576172,121.92387970340114,120.2441902802076,121.75786579428137,76229200,AAPL
2021-06-04,122.93949890136719,123.20317504815017,120.94730975584969,121.16215477898149,75169300,AAPL
2021-06-07,122.94927215576172,123.35942679081123,121.90435013756394,123.21294086384106,71057600,AAPL
2021-06-08,123.76957702636719,125.44927381859075,123.25199989330952,123.63285881954378,74403800,AAPL
2021-06-09,124.15045166015625,124.75592340310972,123.5547476333784,124.22857848839239,56877900,AAPL
2021-06-10,123.15435791015625,125.18561069515118,122.98834399182276,124.04302634697638,71186400,AAPL
2021-06-11,124.36528778076172,124.45318231886102,123.14458411693292,123.56450647531338,53522400,AAPL
2021-06-14,127.4218978881836,127.48048926644081,124.09182293027956,124.82424496082358,96906500,AAPL
2021-06-15,126.60160064697266,127.53910749038236,126.35745994725994,126.89457246686105,62746300,AAPL
2021-06-16,127.09964752197266,127.8223093871763,125.44926884121655,127.3144925386233,91815000,AAPL
2021-06-17,128.7012481689453,129.4434456834725,126.61140366967015,126.75789707967088,96721700,AAPL
2021-06-18,127.40238189697266,128.4277608552948,127.18753690160719,127.64652258250933,108953300,AAPL
2021-06-21,129.1992645263672,129.3066870329964,126.18168897810015,127.24613887941126,79663300,AAPL
2021-06-22,130.8399200439453,130.93758231447188,128.53523053051975,129.03328724856672,74783600,AAPL
2021-06-23,130.5664520263672,131.171931135257,130.10746628787817,130.63481857945425,60214200,AAPL
2021-06-24,130.2832794189453,131.4844477920528,129.8145184284701,131.29889842930257,68711000,AAPL
2021-06-25,129.99029541015625,130.7520133222248,129.69732354370646,130.33209840454234,70783700,AAPL
2021-06-28,131.62112426757812,132.08010994524813,130.22464670870133,130.28323808863115,62111300,AAPL
2021-06-29,133.13482666015625,133.29108030597018,131.20123622200433,131.64068656233414,64556100,AAPL
2021-06-30,133.7500762939453,134.18952666784298,132.6856112890496,132.9785831720377,63261400,AAPL
2021-07-01,134.05282592773438,134.11141733174057,132.57820605478142,133.3985304143806,52485800,AAPL
2021-07-02,136.67971801757812,136.71877396791402,134.52150795771541,134.66798639792978,78852600,AAPL
2021-07-06,138.69146728515625,139.79497322979873,136.78717260963688,136.78717260963688,108181800,AAPL
2021-07-07,141.1817169189453,141.49420932337944,139.31647805419703,140.17584334226723,104911600,AAPL
2021-07-08,139.88287353515625,140.68364735524526,137.37309975875638,138.2617755637112,105575500,AAPL
2021-07-09,141.7090606689453,142.2363981441266,139.3067090791504,139.40437134178396,99890800,AAPL
2021-07-12,141.11337280273438,142.89072485841734,140.6250912359429,142.78330231767637,76299700,AAPL
2021-07-13,142.2266387939453,144.00399065736747,140.26375247219565,140.65437172290618,100827100,AAPL
2021-07-14,145.65438842773438,146.064558065358,144.2188393995652,144.62900903718884,127050800,AAPL
2021-07-15,145.0000762939453,146.48445629001154,143.64265426170465,145.74227374256316,106820300,AAPL
2021-07-16,142.95904541015625,146.25005768557594,142.46100368486307,144.98053780920102,93251400,AAPL
2021-07-19,139.11135864257812,140.69340040632105,138.3496409012505,140.3808931785124,121434600,AAPL
2021-07-20,142.72462463378906,143.65237106764857,139.609402312616,140.09768363521007,96350000,AAPL
2021-07-21,141.9922637939453,142.7051655607568,141.24032096218994,142.1192217608621,74993500,AAPL
2021-07-22,143.35940551757812,144.72658731973024,142.3926030924508,142.51956101020923,77338200,AAPL
2021-07-23,145.0782012939453,145.23445495496276,143.47663852143975,144.09187799846512,71447400,AAPL
2021-07-26,145.4981231689453,146.31843249256286,144.23834858516193,144.79499663408214,72434100,AAPL
2021-07-27,143.33016967773438,145.71298601459037,142.13876150930636,145.6250840111189,104818600,AAPL
2021-07-28,141.58206176757812,143.5254269831522,139.19924629956387,141.41604789004137,118931200,AAPL
2021-07-29,142.2266387939453,143.1153147256564,141.1914843685101,141.29890689763087,56699500,AAPL
2021-07-30,142.44143676757812,142.90042243108647,140.7324520335854,140.99612813629884,70440600,AAPL
2021-08-02,142.1094207763672,143.50589840764349,141.84574465184807,142.92972994024274,62880000,AAPL
2021-08-03,143.90634155273438,144.5703973198966,141.77742620853948,142.39266574077612,64786600,AAPL
2021-08-04,143.50592041015625,144.32622969980267,142.8516250314263,143.81842770211748,56368300,AAPL
2021-08-05,143.6133270263672,144.37504483971543,142.7441867059485,143.53520021202812,46397700,AAPL
2021-08-06,142.9287109375,143.8773972975789,142.42992307824377,143.13410295218878,54126800,AAPL
2021-08-09,142.8798370361328,143.47643358609363,142.3223698894288,142.98742050984688,48908700,AAPL
2021-08-10,142.40061950683594,144.46425536863836,142.10720866457348,143.2221579263746,69023100,AAPL
2021-08-11,142.65487670898438,143.4959796880464,142.33212632967644,142.84070404163072,48493500,AAPL
2021-08-12,145.61830139160156,145.77478914489808,142.63531888467134,142.97763397957073,72282600,AAPL
2021-08-13,145.82369995117188,146.15622524916978,145.01193648359285,145.6965517804986,59375000,AAPL
2021-08-16,147.79930114746094,147.8677701385214,143.25148569982673,145.27599198977236,103296000,AAPL
2021-08-17,146.8897247314453,148.3469738946529,145.81389018106398,146.92883920441727,92229700,AAPL
2021-08-18,143.14390563964844,147.40810018292743,142.93851358506976,146.50831793002382,86326000,AAPL
2021-08-19,143.47645568847656,144.74789286728046,141.32480080622992,141.8431535530235,86960300,AAPL
2021-08-20,144.93368530273438,145.23687099584217,143.55466496618592,144.2001657522503,60549600,AAPL
2021-08-23,146.42027282714844,146.8897211086949,144.6402584192349,145.05102753102452,60131800,AAPL
2021-08-24,146.33226013183594,147.54501786684636,145.87258667150505,146.16599748585364,48606400,AAPL
2021-08-25,145.09996032714844,147.01689814902136,144.55226807046895,146.51809526108525,58991300,AAPL
2021-08-26,144.29795837402344,145.84324134015625,144.26861878609316,145.09017201862116,48597200,AAPL
2021-08-27,145.33465576171875,145.48135367838458,143.60354572760687,144.2392565978135,55802400,AAPL
2021-08-30,149.7553253173828,150.11720505871097,145.34443375463215,145.72586326960624,90956700,AAPL
2021-08-31,148.49371337890625,149.4423999461669,147.96557089636175,149.3054768809692,86453100,AAPL
2021-09-01,149.1587371826172,151.57446255268852,148.99247455645138,149.4717126602179,80313700,AAPL
2021-09-02,150.27371215820312,151.32020730323478,149.05117946923792,150.48887910534057,71115500,AAPL
2021-09-03,150.90943908691406,151.23218950970838,149.7260208700016,150.38129660470707,57808700,AAPL
2021-09-07,153.24693298339844,153.80440017652478,150.9974696606434,151.56472666714657,82278300,AAPL
2021-09-08,151.7016143798828,153.58919740809037,150.59644021764143,153.53051823549217,74420200,AAPL
2021-09-09,150.68446350097656,152.6796298490877,150.56709024038778,152.0732585427631,57305700,AAPL
2021-09-10,145.69654846191406,152.06349296335642,145.43247723787448,151.59404461667017,140893200,AAPL
2021-09-13,146.26377868652344,148.09268237347644,145.48135496921765,147.32004846636258,102404300,AAPL
2021-09-14,144.86524963378906,147.75043913474875,143.68184617731472,147.04625901044298,109296300,AAPL
2021-09-15,145.75518798828125,146.15618215949596,143.15363570353327,145.29551465513066,83281300,AAPL
2021-09-16,145.52049255371094,145.69654500672686,143.98499938228917,145.1781923829195,68034100,AAPL
2021-09-17,142.8505096435547,145.54987160597395,142.5570987880531,145.54987160597395,129868800,AAPL
2021-09-20,139.79904174804688,141.6572852174671,138.16574008474763,140.64014472255653,123478900,AAPL
2021-09-21,140.27825927734375,141.42256280767091,139.642548359155,140.7672722677942,75834000,AAPL
2021-09-22,142.64511108398438,143.21235308306478,140.54234603803783,141.27586560496235,76404300,AAPL
2021-09-23,143.6035614013672,143.8480679048245,142.43970805715156,143.42750895866175,64838200,AAPL
2021-09-24,143.6915740966797,144.22949136628228,142.36145817706782,142.45926674371992,53477900,AAPL
2021-09-27,142.1756591796875,142.75270596031078,140.65973055901063,142.27346776582567,74150700,AAPL
2021-09-28,138.79168701171875,141.56927754565646,138.5765200764918,140.10223840010562,108972300,AAPL
2021-09-29,139.69146728515625,141.2758647647725,138.90904343372455,139.33937729818666,74602000,AAPL
2021-09-30,138.39068603515625,141.20740583386313,138.17551911033874,140.5032258841864,89056700,AAPL
2021-10-01,139.51541137695312,139.77948259151805,136.0532056936857,138.7818918325454,94639600,AAPL
2021-10-04,136.08255004882812,139.08509731906585,135.23167212302508,138.6449736382081,98322000,AAPL
2021-10-05,138.00927734375,139.11445172258436,136.2977314979069,136.42487967911666,80861100,AAPL
2021-10-06,138.87965393066406,139.02635182105465,135.3294157483287,136.40525002282075,83221100,AAPL
2021-10-07,140.14137268066406,141.0509448396517,139.58390548679733,139.9164308251386,61732700,AAPL
2021-10-08,139.75991821289062,141.01179037767685,139.42739293363346,140.86509243785557,58773200,AAPL
2021-10-11,139.671875,141.6279267805162,138.6938491097419,139.14374758559657,64452200,AAPL
2021-10-12,138.40048217773438,140.1022531380476,137.94080866989395,140.08268843547052,73035900,AAPL
2021-10-13,137.8136444091797,138.29286758829517,136.1412134172162,138.13639477336537,78762700,AAPL
2021-10-14,140.6009979248047,140.7183711807061,138.40043965116223,138.9872611601966,69907100,AAPL
2021-10-15,141.65731811523438,141.7159973023287,140.35654141515744,140.6108377905611,67940300,AAPL
2021-10-18,143.32969665527344,143.61331759603044,140.01418949688554,140.29781043764254,85589200,AAPL
2021-10-19,145.49111938476562,145.8921135630049,143.32969062365265,143.77957415536835,76378900,AAPL
2021-10-20,145.98016357421875,146.45940171355207,144.86521446863128,145.43247137126255,58418800,AAPL
2021-10-21,146.19532775878906,146.35181550626882,144.62070524306984,145.54005210514717,61421000,AAPL
2021-10-22,145.42271423339844,146.8799636819581,145.37380993998815,146.40074040762428,58883400,AAPL
2021-10-25,145.37380981445312,146.08776474244283,144.3762189390256,145.41292429505054,50720600,AAPL
2021-10-26,146.0388641357422,147.52545305998103,145.73566350958762,146.04863902426567,60893400,AAPL
2021-10-27,145.57916259765625,146.4398152500375,145.22707267329858,146.07795043904167,56094900,AAPL
2021-10-28,149.21743774414062,149.804244404835,146.43005760449074,146.5278661763529,100077900,AAPL
2021-10-29,146.50830078125,146.6452238271108,143.19279317037723,143.98499185882136,124953200,AAPL
2021-11-01,145.686767578125,146.4104973070888,144.55225377378474,145.71610716586716,74588300,AAPL
2021-11-02,146.72344970703125,148.23939283683745,145.38354407596196,145.39333388599684,69122000,AAPL
2021-11-03,148.16119384765625,148.6306422432943,146.52789189067994,147.0853590623447,54511500,AAPL
2021-11-04,147.64280700683594,149.08049145321388,147.32983153314007,148.24917833275668,60394600,AAPL
2021-11-05,148.17173767089844,149.07283317887465,146.97680309732056,148.76920495768735,65463900,AAPL
2021-11-08,147.34896850585938,148.45575560494797,147.07472275577462,148.29903947767883,55020900,AAPL
2021-11-09,147.7113494873047,148.31860574960734,146.97675951376903,147.11388237768483,56787900,AAPL
2021-11-10,144.8807373046875,147.0453357776248,144.8121833419343,146.93759531163658,65187100,AAPL
2021-11-11,144.83177185058594,146.35971678839883,144.64567331029048,145.89938743250096,41000000,AAPL
2021-11-12,146.90823364257812,147.3097982131486,144.449795829464,145.38027365145768,63804000,AAPL
2021-11-15,146.9180145263672,148.7593917575851,146.3597188974358,147.28040751304476,59222800,AAPL
2021-11-16,147.89747619628906,148.37741378411212,146.27157982474884,146.85925789370467,59256200,AAPL
2021-11-17,150.3363037109375,151.81527292494047,147.88767027666427,147.89745943010328,88807000,AAPL
2021-11-18,154.6262969970703,155.4098626732955,149.9053395784081,150.5517823821893,137827700,AAPL
2021-11-19,157.25123596191406,157.71158022509883,153.3138293695712,154.41081232255357,117305600,AAPL
2021-11-22,157.71157836914062,162.2954127503928,157.69198511799027,158.35800620438556,117467900,AAPL
2021-11-23,158.09356689453125,158.47555309859132,155.79184557181551,157.80951705712113,96041900,AAPL
2021-11-24,158.61270141601562,158.8085891260157,156.35995538782916,157.44714936539495,69463600,AAPL
2021-11-26,153.58807373046875,157.15328324096114,153.14732272261747,156.2913744764638,76959800,AAPL
2021-11-29,156.94761657714844,157.8780943084946,155.52739720558188,156.09548196515397,88748200,AAPL
2021-11-30,161.9036865234375,162.11916751565707,156.63422126051972,156.70279018771515,174048100,AAPL
2021-12-01,161.3845672607422,166.8009442517478,161.14949302605055,164.03887803890356,152052500,AAPL
2021-12-02,160.39527893066406,160.82624080588923,154.55774519881157,155.47843376037946,136739200,AAPL
2021-12-03,158.51473999023438,161.57064486360198,156.43830349501886,160.64995624545222,118023100,AAPL
2021-12-06,161.92324829101562,164.43064668165096,160.9046083540242,160.91439750803002,107497000,AAPL
2021-12-07,167.662841796875,168.05463216133037,164.881197462976,165.60599842826275,120405400,AAPL
2021-12-08,171.4827117919922,172.3446356103418,167.19270089919112,168.59332710400926,116998900,AAPL
2021-12-09,170.973388671875,173.11839407886248,170.3465390733042,171.31620335113058,108923700,AAPL
2021-12-10,175.7628936767578,175.93920304428585,171.1007012965135,171.6100212029294,115402700,AAPL
2021-12-13,172.12916564941406,178.38787299583686,171.92347383588933,177.3986153833375,153237000,AAPL
2021-12-14,170.7481231689453,174.08806304841983,168.67168661995763,171.64921855709608,139380400,AAPL
2021-12-15,175.61599731445312,175.81188500506997,168.76961267963995,171.5120851840939,131063300,AAPL
2021-12-16,168.7206268310547,177.4181772656769,167.2416576691539,175.5963934569458,150185800,AAPL
2021-12-17,167.62367248535156,169.90580094866743,166.20346789014454,166.43852716670187,195432700,AAPL
2021-12-20,166.26223754882812,167.0751857762259,164.0192955298341,164.822439656907,107499100,AAPL
2021-12-21,169.43568420410156,169.64136109142663,165.64518859679046,168.03505777993055,91185900,AAPL
2021-12-22,172.03118896484375,172.24666990143447,168.61289133008395,169.48460422982922,92135300,AAPL
2021-12-23,172.6580352783203,173.21633086134378,171.6687927754853,172.23687751170715,68356600,AAPL
2021-12-27,176.62481689453125,176.71296410542078,173.4318044894933,173.45138279506557,74919600,AAPL
2021-12-28,175.606201171875,177.6042945644057,174.86182193569553,176.45833582983963,79144300,AAPL
2021-12-29,175.69435119628906,176.91866791508298,174.4798236309474,175.6453755384828,62348900,AAPL
2021-12-30,174.53860473632812,176.85991961465393,174.4308642572052,175.78251482342475,59773000,AAPL
2021-12-31,173.92153930664062,175.54742051646397,173.61789621276182,174.43084429030958,64062300,AAPL
2022-01-03,178.27027893066406,179.12241341271906,174.05864195255185,174.17617155893032,104487900,AAPL
2022-01-04,176.0078125,179.18124760864967,175.43972760704736,178.8776193777369,99310400,AAPL
2022-01-05,171.3260498046875,176.46818204165373,171.05180394767157,175.91969032762188,94537600,AAPL
2022-01-06,168.4659881591797,171.69818743268368,168.1133843303379,169.15160256379613,96904000,AAPL
2022-01-07,168.6324920654297,170.5620164817169,167.5159157741246,169.3376997173353,86709100,AAPL
2022-01-10,168.652099609375,168.95572780142643,164.7146923768041,165.60599864366586,106765600,AAPL
2022-01-11,171.4827117919922,171.58064816981238,167.31024547595837,168.77942565072325,76138300,AAPL
2022-01-12,171.92347717285156,173.53956952156884,171.22807353490404,172.50135116951776,74805200,AAPL
2022-01-13,168.652099609375,172.9910714162829,168.26030924441002,172.16833406776786,84505800,AAPL
2022-01-14,169.5139923095703,170.20939579349408,167.57466398631828,167.81952731493655,80440800,AAPL
2022-01-18,166.3111572265625,168.99484944374984,165.9291710743578,167.98601383804848,90956700,AAPL
2022-01-19,162.8145294189453,167.56488423888524,162.53049451772475,166.5070728064469,94815000,AAPL
2022-01-20,161.12986755371094,166.19363965286126,160.8066461501134,163.54911855874857,91420500,AAPL
2022-01-21,159.072998046875,162.91245280342872,158.96525759689624,161.04169360164727,122848900,AAPL
2022-01-24,158.29925537109375,158.9652914615593,151.5214395660685,156.73213888196668,162294600,AAPL
2022-01-25,156.49705505371094,159.41582185177984,153.79376918824497,155.71348938472497,115798400,AAPL
2022-01-26,156.40892028808594,161.01234841002858,154.57734716045317,160.14063545703362,108275300,AAPL
2022-01-27,155.94857788085938,160.47364799025604,155.02788925620197,159.11220830674253,121954600,AAPL
2022-01-28,166.830322265625,166.849915520985,159.45503834907882,162.3052517203285,179935700,AAPL
2022-01-31,171.18887329101562,171.4043542462614,166.02714940989443,166.66380312140188,115541600,AAPL
2022-02-01,171.02236938476562,171.2476394960686,168.76962343591478,170.43469133018758,86213900,AAPL
2022-02-02,172.22708129882812,172.26626780396012,169.7686586589768,171.15948068570833,84914300,AAPL
2022-02-03,169.3474884033203,172.618874147118,168.58351594007854,170.89502658265624,89418100,AAPL
2022-02-04,169.0631103515625,170.7401162961765,167.38610440694853,168.3668057872498,82465400,AAPL
2022-02-07,168.34719848632812,170.59299800892276,167.65089393875687,169.52403712153145,77251200,AAPL
2022-02-08,171.4560089111328,171.9659777736799,168.12161553517308,168.41582891603926,74829200,AAPL
2022-02-09,172.87802124023438,173.2408759269309,171.5246486789991,172.65246413479986,71285000,AAPL
2022-02-10,168.79832458496094,172.09348197353535,168.23933255381579,170.7793456546729,90865900,AAPL
2022-02-11,165.38548278808594,169.7397993797007,164.79705596488338,169.0042733328554,98670700,AAPL
2022-02-14,165.62083435058594,166.30732224292808,163.34560023389338,164.13996586391173,86185500,AAPL
2022-02-15,169.45535278320312,169.61226856573026,166.96437833391397,167.67048439097334,62527400,AAPL
2022-02-16,169.2200164794922,169.99476394129306,166.7682631690513,168.53352854543166,61177400,AAPL
2022-02-17,165.62083435058594,168.5923579851135,165.2187432406735,167.72933608370406,69589300,AAPL
2022-02-18,164.0713348388672,167.24879755806595,162.98275576839345,166.54270637048876,82772700,AAPL
2022-02-22,161.1488494873047,163.4731068473456,159.02071443579257,161.79610099125685,91162800,AAPL
2022-02-23,156.98086547851562,162.94351625967545,156.6670338772365,162.34528786351217,90009200,AAPL
2022-02-24,159.5993194580078,159.70719718910948,149.06658313119078,149.6353916256984,141147500,AAPL
2022-02-25,161.66860961914062,161.9333881865455,157.76540780776472,160.6780917637284,91974200,AAPL
2022-02-28,161.9333953857422,162.22760877136363,159.2953064697166,159.91315308309024,95056600,AAPL
2022-03-01,160.05044555664062,163.3848388800103,158.84418717486,161.52149747345592,83474400,AAPL
2022-03-02,163.34559631347656,164.13016029917193,159.8052642347465,161.21747641613547,79724800,AAPL
2022-03-03,163.02197265625,165.65025991761865,162.35510295615475,165.21874895199736,76678400,AAPL
2022-03-04,160.0210418701172,162.35511593567728,158.97169917829748,161.31557487047283,83737200,AAPL
2022-03-07,156.22576904296875,161.83538343412934,155.97077704789484,160.2074151744996,96418800,AAPL
2022-03-08,154.40159606933594,159.73661287922712,152.79324673379338,155.754968485403,131148300,AAPL
2022-03-09,159.80528259277344,160.2564117997747,156.33360638496927,158.36365040568722,91454900,AAPL
2022-03-10,155.46078491210938,157.29469168011647,152.96979505950804,157.10835602606574,105342000,AAPL
2022-03-11,151.74392700195312,156.20612146979485,151.51836986465503,155.86286998599314,96970100,AAPL
2022-03-14,147.71322631835938,151.1456808985897,147.20327241217439,148.527210200246,108732100,AAPL
2022-03-15,152.0969696044922,152.56771702935066,147.4778746009712,147.98782853142856,92964300,AAPL
2022-03-16,156.51010131835938,156.9121924028267,151.47911432517643,154.01912684826212,102300200,AAPL
2022-03-17,157.5202178955078,157.8928891304827,154.58793096024448,155.54901392146604,75615400,AAPL
2022-03-18,160.81539916992188,161.30574983268542,156.67683837905244,157.41236437319773,123511700,AAPL
2022-03-21,162.18841552734375,163.1396971599505,159.86414284434693,160.35449358427547,95811400,AAPL
2022-03-22,165.56201171875,166.15042355950408,161.7274657879275,162.3158776286816,81532000,AAPL
2022-03-23,166.9251708984375,169.30826781804822,164.41456305995604,164.74801286692667,98062700,AAPL
2022-03-24,170.71067810058594,170.77931940838405,166.9251705809909,167.75875768604743,90131400,AAPL
2022-03-25,171.34815979003906,171.89735021175125,169.4161767223122,170.52437415747076,80546200,AAPL
2022-03-28,172.21115112304688,172.33863211398676,168.68062052174977,168.84733794398963,90371900,AAPL
2022-03-29,175.50631713867188,175.55534023387025,172.93686947046768,173.28012092274494,100589400,AAPL
2022-03-30,174.33926391601562,176.14375060919454,173.28990640459241,175.1042096873483,92633200,AAPL
2022-03-31,171.2402801513672,174.5942773022763,171.03432626332767,174.40794163317304,103049300,AAPL
2022-04-01,170.94602966308594,171.5050365492017,168.62177252764585,170.6714345147771,78751300,AAPL
2022-04-04,174.996337890625,175.04537594723365,171.07353279095375,171.2010287452735,76468400,AAPL
2022-04-05,171.68157958984375,174.85905741860927,171.0539313110609,174.07449332905188,73401800,AAPL
2022-04-06,168.51390075683594,170.27916603294383,166.8467115933005,169.0336712319797,89058800,AAPL
2022-04-07,168.8179168701172,170.01437362269277,166.5721175347958,167.8568338106809,77594700,AAPL
2022-04-08,166.8074951171875,168.46488285345913,165.9346714824091,168.46488285345913,76575500,AAPL
2022-04-11,162.55125427246094,165.76795361235142,162.3060789266503,165.45413695115786,72246700,AAPL
2022-04-12,164.4243621826172,166.5917033939569,163.42404279659993,164.7774152033108,79265200,AAPL
2022-04-13,167.11148071289062,167.73912889065093,163.55154548536066,164.15957544885293,70618900,AAPL
2022-04-14,162.10011291503906,167.96471752203973,161.85493758758528,167.32725269207126,75329400,AAPL
2022-04-18,161.88438415527344,163.38485607115766,160.41333208367593,160.75656858845937,69023900,AAPL
2022-04-19,164.1693572998047,164.58126492825465,160.74672005577804,161.83529886968466,67723800,AAPL
2022-04-20,164.00267028808594,165.62083637298807,162.89448802131358,165.50314204406817,67929800,AAPL
2022-04-21,163.2082977294922,168.21968163880754,162.70814548680565,165.65024919174274,87227800,AAPL
2022-04-22,158.6676788330078,164.6303453628702,158.38328200071132,163.2475677102336,84882400,AAPL
2022-04-25,159.73666381835938,160.02106066676262,155.4019650190896,158.01061961513787,96046400,AAPL
2022-04-26,153.7739715576172,159.207050342252,153.69551365548884,159.1187908139756,95623200,AAPL
2022-04-27,153.54840087890625,156.70624511583344,152.38136400484169,152.9011344667558,88063200,AAPL
2022-04-28,160.4819793701172,161.34500140614668,155.86286910913438,156.17670074562366,130216800,AAPL
2022-04-29,154.60757446289062,162.9925746827483,154.21529987659397,158.71671584912355,131747600,AAPL
2022-05-02,154.91159057617188,155.17636916422146,150.31209888761785,153.68571389859628,123055300,AAPL
2022-05-03,156.40223693847656,157.60851029484962,153.30323224685807,155.09790243206862,88966500,AAPL
2022-05-04,162.81602478027344,163.267138972668,156.18647479117334,156.58856589280018,108256500,AAPL
2022-05-05,153.7445526123047,160.91347698312873,151.9596689981739,160.68791986588977,130525300,AAPL
2022-05-06,154.47132873535156,156.59275954886184,151.42668182783396,153.22400390708842,116124600,AAPL
2022-05-09,149.3445281982422,153.04720818256274,148.78471498335946,152.16327128379606,131577900,AAPL
2022-05-10,151.7508087158203,153.94099694086412,150.19902200842762,152.74278207802044,115366700,AAPL
2022-05-11,143.88385009765625,152.67402087769284,143.20616949802272,150.7588463480562,142689800,AAPL
2022-05-12,140.01417541503906,143.58917206052791,136.32132651313492,140.22043185006495,182602000,AAPL
2022-05-13,144.48294067382812,145.45526685384394,140.55437184575726,142.00793811597927,113990900,AAPL
2022-05-16,142.9409637451172,144.88561601712348,141.60524980458257,142.95079475797485,86643800,AAPL
2022-05-17,146.5749053955078,147.0954395557584,144.06060880808,146.2016865687997,78336300,AAPL
2022-05-18,138.30528259277344,144.72848648816108,137.40169851030006,144.22759932213285,109742900,AAPL
2022-05-19,134.8972625732422,139.13029385475133,134.1606557844978,137.38208160836896,136095600,AAPL
2022-05-20,135.13294982910156,138.18741285426975,130.24188557508393,136.60616321771064,137426100,AAPL
2022-05-23,140.55438232421875,140.7016976717336,135.19187888015,135.32937819993117,117726300,AAPL
2022-05-24,137.8534698486328,139.43471927603565,134.87758039617586,138.2954308094958,104132700,AAPL
2022-05-25,138.01065063476562,139.257960660006,135.86957246588344,135.9579616828589,92482700,AAPL
2022-05-26,141.21240234375,141.76239957025606,134.69097882633443,134.93651437290322,90601500,AAPL
2022-05-27,146.9677734375,147.00705253559786,142.66598536012808,142.79366865497497,90978500,AAPL
2022-05-31,146.18203735351562,147.9695433008326,144.2177530085784,146.40794084331958,103718400,AAPL
2022-06-01,146.05435180664062,149.0302410387393,145.04273170111645,147.22308826530934,74286600,AAPL
2022-06-02,148.50975036621094,148.56867650901708,144.237425177131,145.19010444930467,72348100,AAPL
2022-06-03,142.78382873535156,145.32757327458623,141.8802597672709,144.27667399411106,88570300,AAPL
2022-06-06,143.53024291992188,145.9168559663355,142.31238134609404,144.4043487713543,71598400,AAPL
2022-06-07,146.05435180664062,146.3391664090359,141.5266763270165,141.77221184112562,67808200,AAPL
2022-06-08,145.31777954101562,147.1936599216941,144.8267083969664,145.92670296402,53950200,AAPL
2022-06-09,140.09275817871094,145.30793069054988,139.98472194082933,144.45347180040457,69473000,AAPL
2022-06-10,134.68116760253906,138.2463336751748,134.61241045362357,137.7749096051149,91437900,AAPL
2022-06-13,129.52490234375,132.78560625742455,129.0927574306163,130.49721341200203,122207100,AAPL
2022-06-14,130.38919067382812,131.49901613498997,129.1320498799016,130.75259347181498,84784300,AAPL
2022-06-15,133.01150512695312,134.88740024350506,129.79991106375064,131.8918636674431,91533000,AAPL
2022-06-16,127.7374267578125,130.02582014414816,126.73563740296159,129.7213584251009,108123900,AAPL
2022-06-17,129.2106170654297,130.70347730890373,127.49186832675026,127.747234873443,134520300,AAPL
2022-06-21,133.4436798095703,134.61243163462674,130.93922874022462,131.03743398602646,81000500,AAPL
2022-06-22,132.93295288085938,135.29990419534238,131.51866571381353,132.38294065988546,73409200,AAPL
2022-06-23,135.80084228515625,136.11512007981293,133.20798678744393,134.3767387138988,72433800,AAPL
2022-06-24,139.13027954101562,139.375815112003,137.27403122380292,137.40169953003104,89116800,AAPL
2022-06-27,139.13027954101562,140.92760171899965,138.45259896728206,140.15170092235036,70207900,AAPL
2022-06-28,134.98562622070312,140.85883237422544,134.86777395244602,139.59187553155968,67083400,AAPL
2022-06-29,136.74368286132812,138.15797032243336,134.22940070216495,135.00530159449806,66242400,AAPL
2022-06-30,134.2784881591797,135.89901685954254,131.38117155043633,134.7990223471169,98964500,AAPL
2022-07-01,136.4490203857422,136.5570566364842,133.23742590571564,133.61062978312276,71051600,AAPL
2022-07-05,139.03204345703125,139.08115356288656,134.4847204054961,135.3097312194843,73353800,AAPL
2022-07-06,140.3677520751953,141.54631963942614,138.56061414428805,138.82579671678738,74064300,AAPL
2022-07-07,143.73654174804688,143.93296722465507,140.72135748073458,140.73117350935885,66253700,AAPL
2022-07-08,144.41419982910156,144.91510200246088,142.41063609457171,142.66598770215515,64547800,AAPL
2022-07-11,142.282958984375,144.02135515880028,141.21242740803473,143.0686758701149,63141600,AAPL
2022-07-12,143.25526428222656,145.79900902596674,142.4597314847581,143.1570440660671,77588800,AAPL
2022-07-13,142.89187622070312,143.83472435454556,139.58204676627264,140.43652068379964,71185600,AAPL
2022-07-14,145.81863403320312,146.29005802967413,140.6918512393976,141.50703095418416,78140700,AAPL
2022-07-15,147.48829650878906,148.16597704358819,145.55347512166446,147.1052616395071,76259900,AAPL
2022-07-18,144.44366455078125,148.86330457327466,144.08026173602485,148.0481247263253,81420900,AAPL
2022-07-19,148.303466796875,148.52935529848105,144.28650894193657,145.27846713272842,82982400,AAPL
2022-07-20,150.30703735351562,150.97490184976564,147.6847194489196,148.42132610705224,64823400,AAPL
2022-07-21,152.57579040527344,152.79186287917176,149.22668204614965,151.74096357554814,65086600,AAPL
2022-07-22,151.33828735351562,153.48918116011728,150.67043785379852,152.61507520531072,66675400,AAPL
2022-07-25,150.21865844726562,152.27133221190695,149.56062491925485,151.2597268643066,53623900,AAPL
2022-07-26,148.8927764892578,150.3561589035467,148.10705966352916,149.54097900815464,55138700,AAPL
2022-07-27,153.99005126953125,154.52041638898598,149.44274359614147,149.85524147444016,78620700,AAPL
2022-07-28,154.5400848388672,154.82489948966665,151.65258430440582,154.17668202554245,81378700,AAPL
2022-07-29,159.60791015625,160.7079195187844,156.6516677769687,158.36060045687617,101786900,AAPL
2022-08-01,158.6258087158203,160.66866664290342,158.01688524229766,158.13473753103025,67829400,AAPL
2022-08-02,157.15257263183594,159.50972297268584,156.77936877558471,157.24097682201486,59907000,AAPL
2022-08-03,163.16329956054688,163.61507661089456,157.87936937014717,157.96775857743674,82507500,AAPL
2022-08-04,162.8489990234375,164.20436008201335,161.49363796486168,163.0454244700845,55474100,AAPL
2022-08-05,162.622802734375,163.1145559751719,160.31155649978248,160.51809946404907,56697000,AAPL
2022-08-08,162.15074157714844,165.04225361834065,161.4917939022086,163.62600159758355,60276900,AAPL
2022-08-09,162.1998748779297,163.0850396486981,160.5574209787257,161.31472511427808,63135500,AAPL
2022-08-10,166.4486541748047,166.54699582568117,164.14723743893427,164.91437134851807,70170500,AAPL
2022-08-11,165.7110137939453,168.1697800173322,165.41595884571527,167.25511117853088,57149200,AAPL
2022-08-12,169.261474609375,169.33031226065586,166.60599505436244,167.0190809905204,68039400,AAPL
2022-08-15,170.33349609375,170.53019439574174,168.52384770403629,168.6910420110852,54091700,AAPL
2022-08-16,170.17611694335938,170.84490912166515,168.82871793209483,169.93024033504878,56377100,AAPL
2022-08-17,171.67103576660156,173.24463691658173,169.72369740271,169.92039567056804,79542000,AAPL
2022-08-18,171.2776336669922,172.01526346746522,170.26462327491188,170.8842371095866,62290100,AAPL
2022-08-19,168.69100952148438,170.8743947694491,168.48446658954583,170.17609867368276,70346300,AAPL
2022-08-22,164.80618286132812,167.05840602639253,164.38326728455968,166.89121173091766,69026800,AAPL
2022-08-23,164.4718017578125,165.92740230652828,163.90136613852434,164.32428177313432,54147100,AAPL
2022-08-24,164.76683044433594,165.33726597260625,163.50794341888323,164.56030249873976,53841500,AAPL
2022-08-25,167.22560119628906,167.33378750652878,165.57331755675585,165.9962181286182,51218200,AAPL
2022-08-26,160.9213409423828,168.22880259575382,160.86233294904275,167.75672364191396,78961000,AAPL
2022-08-29,158.71827697753906,160.21319598841637,157.18400930436007,158.49205968709833,73314000,AAPL
2022-08-30,156.2890167236328,159.87880933569366,155.118641623387,159.45590875707995,77906200,AAPL
2022-08-31,154.6268768310547,157.9314589229971,154.54819451849457,157.66590799399623,87991100,AAPL
2022-09-01,155.3546905517578,155.8070951296429,152.11894582091065,154.05645479166745,74229900,AAPL
2022-09-02,153.24014282226562,157.71510032446895,152.41400097767612,157.11516076913463,76957800,AAPL
2022-09-06,151.98126220703125,154.49903651153815,151.15512032719968,153.88926726791752,73714800,AAPL
2022-09-07,153.3876495361328,154.085930606901,151.07640372248554,152.2664529516032,87449600,AAPL
2022-09-08,151.9123992919922,153.78105537712216,150.1617441609201,152.08942323375317,84923800,AAPL
2022-09-09,154.77439880371094,155.21698869351633,152.19761681404773,152.90574262919617,68028800,AAPL
2022-09-12,160.73446655273438,161.5507787814024,156.672594749297,156.95780504262976,104956000,AAPL
2022-09-13,151.30262756347656,157.89211772902357,150.8403783347764,157.26267420589616,122656600,AAPL
2022-09-14,152.74838256835938,154.50886749732993,151.07642462426648,152.23695501832623,87965400,AAPL
2022-09-15,149.8568572998047,152.67953072071606,148.8831956207659,152.09925057054045,90481100,AAPL
2022-09-16,148.2144317626953,148.85372001445614,145.92285973622464,148.71602969989698,162278800,AAPL
2022-09-19,151.9320526123047,152.01073491901784,146.64079879810572,146.84732672200167,81474200,AAPL
2022-09-20,154.31216430664062,155.4727097837978,150.5551772691551,150.86989154639073,107689800,AAPL
2022-09-21,151.18463134765625,156.12183853779936,151.06661536137307,154.74492033364538,101696800,AAPL
2022-09-22,150.2208251953125,151.92228765720114,148.42100605636222,149.86676216786128,86652500,AAPL
2022-09-23,147.94888305664062,148.97173827223702,146.10973061112034,148.69635763891162,96029900,AAPL
2022-09-26,148.2832794189453,151.2337989231627,147.1719122700789,147.19158660210013,93339400,AAPL
2022-09-27,149.25692749023438,152.16811306913462,147.47678328794686,150.22077457787657,84442700,AAPL
2022-09-28,147.36863708496094,148.15544542907958,142.45110369312064,145.2049253939754,146691400,AAPL
2022-09-29,140.1300048828125,144.30007793360352,138.35969014393336,143.69030869298015,128138200,AAPL
2022-09-30,135.9206085205078,140.7397998435746,135.72391020279727,138.9498106360333,124925300,AAPL
2022-10-03,140.10052490234375,140.71030925460863,135.41903846340554,135.93046614388282,114311700,AAPL
2022-10-04,143.6903076171875,143.80832359652302,141.88064422703837,142.6379484443843,87830100,AAPL
2022-10-05,143.9853515625,144.94919877755754,140.65126498965273,141.6937945288243,79471000,AAPL
2022-10-06,143.0313262939453,145.1065253655181,142.8247983571862,143.40506352233135,68402200,AAPL
2022-10-07,137.77940368652344,140.73976746295003,137.14996021039673,140.18899129011245,85925600,AAPL
2022-10-10,138.10397338867188,139.5497290653031,136.28449546728626,138.10397338867188,74899000,AAPL
2022-10-11,136.68772888183594,139.0186494867963,135.9402693459634,137.5925530590874,77033700,AAPL
2022-10-12,136.0582733154297,138.04496046792565,135.88124936484056,136.8352517842159,70433700,AAPL
2022-10-13,140.63157653808594,141.2216713360496,132.15374170783133,132.76352584164425,113224000,AAPL
2022-10-14,136.0976104736328,142.13633872738868,135.9107418701706,141.9297957953737,88598000,AAPL
2022-10-17,140.0611572265625,140.5430657827838,137.95645402263972,138.7432621845146,85250900,AAPL
2022-10-18,141.37905883789062,144.2804000004446,138.2908490399077,143.0903655439518,99136600,AAPL
2022-10-19,141.4872283935547,142.5592467457927,139.1661527370201,139.35302135031444,61758300,AAPL
2022-10-20,141.02500915527344,143.48377562705596,140.29720887706276,140.6611165197279,64522000,AAPL
2022-10-21,144.84097290039062,145.41140833908693,140.29716371825512,140.5135362986956,86548600,AAPL
2022-10-24,146.9850311279297,147.75216493318766,143.5919369881937,144.76231202642796,75981900,AAPL
2022-10-25,149.827392578125,149.97492757312142,146.89654709772452,147.61450271725704,74732300,AAPL
2022-10-26,146.88670349121094,149.48316008121265,145.598297355203,148.4701495749658,88194300,AAPL
2022-10-27,142.4117431640625,146.5916457586151,141.75279561471663,145.62781359762897,109180200,AAPL
2022-10-28,153.17132568359375,154.9022919241191,145.38195509054958,145.75567739955667,164762400,AAPL
2022-10-31,150.8108673095703,151.6960320711127,149.41429002672785,150.63384336153183,97943200,AAPL
2022-11-01,148.16525268554688,152.88608702918296,146.6703335656384,152.52219441549875,80379300,AAPL
2022-11-02,142.63795471191406,149.66019092618583,142.60845071578376,146.49329861316923,93604600,AAPL
2022-11-03,136.58938598632812,140.44472962212055,136.4615253404881,139.7169294177421,97918500,AAPL
2022-11-04,136.32337951660156,140.5496142487395,132.3828281448323,139.97823249599168,140814800,AAPL
2022-11-07,136.85536193847656,137.08193945756335,133.6536636073325,135.07226465763827,83374600,AAPL
2022-11-08,137.4267578125,139.32806703138522,135.44663574586633,138.32323704462326,89908500,AAPL
2022-11-09,132.86553955078125,136.49085472450093,132.5897021500865,136.44159482466026,74917800,AAPL
2022-11-10,144.6872100830078,144.6872100830078,137.42674799216064,139.14089348616804,118854000,AAPL
2022-11-11,147.47518920898438,147.78057965347278,142.2244006682819,143.65286311949495,93979700,AAPL
2022-11-14,146.07626342773438,148.04653945457946,145.23889010351994,146.75601106211803,73374100,AAPL
2022-11-15,147.81008911132812,151.3073317859871,146.35208917690562,149.9576976256643,89868300,AAPL
2022-11-16,146.5786590576172,147.642609775535,145.100952232511,146.91361736230309,64218300,AAPL
2022-11-17,148.4800262451172,149.22872584309494,143.97793759102575,144.25377507617625,80389400,AAPL
2022-11-18,149.04150390625,150.43055193083845,147.74112971557977,150.04634875723008,74829600,AAPL
2022-11-21,145.8102569580078,148.13518303183807,145.52457357758468,147.92831248822412,58724100,AAPL
2022-11-22,147.94802856445312,148.1844671134609,144.7463298277078,145.92850754073268,51804100,AAPL
2022-11-23,148.82481384277344,149.5735133563615,147.1205141770319,147.22887996484198,58301400,AAPL
2022-11-25,145.90879821777344,146.66735873059727,144.93350612985708,146.1058228227629,35195900,AAPL
2022-11-28,142.07659912109375,144.46063120272478,141.24908683464577,142.9829242489195,69246000,AAPL
2022-11-29,139.07192993164062,142.65783165746328,138.2641245866872,142.14555568748492,83763800,AAPL
2022-11-30,145.8299560546875,146.50970358247017,138.46112907886217,139.2984872397453,111380900,AAPL
2022-12-01,146.10580444335938,146.9136247638141,144.43107296360157,146.00729966926298,71250400,AAPL
2022-12-02,145.6132354736328,145.80041408602733,143.48533393064037,143.79073931676461,65447400,AAPL
2022-12-05,144.45079040527344,148.6770258303521,143.60357112015112,145.57384712908555,68826400,AAPL
2022-12-06,140.78607177734375,145.11082689130228,139.81077976944414,144.8842493657544,64727200,AAPL
2022-12-07,138.8453369140625,141.23921477643742,137.91930489039092,140.07675927915528,69721100,AAPL
2022-12-08,140.5299072265625,141.38698737134578,139.00295559622268,140.24422386630843,62128300,AAPL
2022-12-09,140.04722595214844,143.40655024212361,138.80594241386282,140.22454358218158,76097000,AAPL
2022-12-12,142.3426055908203,142.35245156002605,138.96357418350942,140.57920002207968,70462700,AAPL
2022-12-13,143.30801391601562,147.7411345402718,142.0962984876822,147.27811851695523,93886200,AAPL
2022-12-14,141.0816192626953,144.48034234830936,139.06208336103646,143.1898139764628,82291200,AAPL
2022-12-15,134.47134399414062,139.69257867211073,134.00832790749715,139.01283101163355,98931900,AAPL
2022-12-16,132.5109100341797,135.60424282446493,131.74250357896327,134.6585187405124,160156900,AAPL
2022-12-19,130.40272521972656,133.19066784085936,129.36834224245627,133.1020090197244,79592600,AAPL
2022-12-20,130.33380126953125,131.26967965655155,127.95961433747712,129.43732180077788,77432800,AAPL
2022-12-21,133.43695068359375,134.7767390812449,130.77708085896677,131.00365840968308,85928000,AAPL
2022-12-22,130.26480102539062,132.56017450128888,128.3634917913713,132.35330392731453,77852100,AAPL
2022-12-23,129.9002685546875,130.45194330756618,127.71326147576875,128.9742366343513,63814900,AAPL
2022-12-27,128.09747314453125,129.4569681847138,126.80694496905855,129.42741525184118,69007800,AAPL
2022-12-28,124.16679382324219,129.08263031505834,123.99932216789122,127.7428420402377,85438400,AAPL
2022-12-29,127.6837387084961,128.5408039711882,125.8316819463041,126.08781241864538,75703700,AAPL
2022-12-30,127.99893951416016,128.01864647794903,125.53610267686817,126.50154097040237,77034200,AAPL
2023-01-03,123.2112045288086,128.9545531314731,122.32457886036785,128.34377240566315,112117500,AAPL
2023-01-04,124.4820327758789,126.74785308207225,123.22105739420844,125.00415469022626,89113600,AAPL
2023-01-05,123.16195678710938,125.87108644843491,122.90582630338176,125.24059869217061,80962700,AAPL
2023-01-06,127.69358825683594,128.35362894146016,123.03388952483932,124.13724683818648,87754700,AAPL
2023-01-09,128.21568298339844,131.4272419402479,127.95955255827974,128.53093430540028,70790800,AAPL
2023-01-10,128.78707885742188,129.30920076375085,126.21586822934367,128.32406282244906,63896200,AAPL
2023-01-11,131.5060577392578,131.52574967331964,128.52109123972087,129.29934353146365,69458900,AAPL
2023-01-12,131.42726135253906,132.26461961526783,129.48653833184324,131.89027740511193,71379600,AAPL
2023-01-13,132.75718688964844,132.914812571895,129.70326821418658,130.0677644513709,57809700,AAPL
2023-01-17,133.91966247558594,135.24958975985854,132.1365650960417,132.82615869144374,63646600,AAPL
2023-01-18,133.20050048828125,136.54996329562516,133.0231678517452,134.7865730896908,69672800,AAPL
2023-01-19,133.25962829589844,134.22505937639417,131.78192122019502,132.0873116107182,58280400,AAPL
2023-01-20,135.8209686279297,135.9687483442848,132.22522101014553,133.26946486486585,80223600,AAPL
2023-01-23,139.01283264160156,141.18999437445396,135.85053284595898,136.06726442233395,81760300,AAPL
2023-01-24,140.41172790527344,141.03236969957698,138.21487421828232,138.22472018745663,66435100,AAPL
2023-01-25,139.75164794921875,140.31316867471608,136.7469746734582,138.79606308722262,65799300,AAPL
2023-01-26,141.82044982910156,142.10613318815084,139.79105325512376,141.04218251884544,54105100,AAPL
2023-01-27,143.76116943359375,145.04185173584784,140.95353538112576,141.03234821855804,70555800,AAPL
2023-01-30,140.8747100830078,143.38681456291806,140.7269454208997,142.80558684927905,64015300,AAPL
2023-01-31,142.1455535888672,142.19481349464007,140.16543164570373,140.57918779657314,65874500,AAPL
2023-02-01,143.2686004638672,144.43107102589934,139.2196980441436,141.83030751885846,77663600,AAPL
2023-02-02,148.57850646972656,148.9331416858034,145.96788199485025,146.68702845858084,118339000,AAPL
2023-02-03,152.20382690429688,155.0410292646019,145.632957993241,145.8299825944814,154357300,AAPL
2023-02-06,149.4749755859375,150.82462478693864,148.53909754834626,150.30250288074524,69858300,AAPL
2023-02-07,152.3515625,152.92294425687993,148.40116513275666,148.40116513275666,83322600,AAPL
2023-02-08,149.6621551513672,152.28262569889247,148.9233016908853,151.5930321421785,64120100,AAPL
2023-02-09,148.6277618408203,152.0363458567265,148.18445275739066,151.49451696275133,56007100,AAPL
2023-02-10,148.99282836914062,149.31842209117474,147.226745512614,147.46354505272012,57450700,AAPL
2023-02-13,151.79490661621094,152.1994184714387,148.90403717735236,148.9336352385894,62199000,AAPL
2023-02-14,151.15357971191406,151.7159729836762,148.84484061249728,150.08800434565288,61707600,AAPL
2023-02-15,153.25511169433594,153.4228390365263,150.83784167870803,151.06476513520522,65573800,AAPL
2023-02-16,151.6567840576172,154.24178188706213,151.3015922520093,151.45944356730615,68167900,AAPL
2023-02-17,150.5122528076172,150.95623873407766,148.83496427712012,150.314927401964,59144100,AAPL
2023-02-21,146.49661254882812,149.27895045459564,146.42755543146694,148.19363813923312,58867200,AAPL
2023-02-22,146.9208526611328,147.94695363892336,145.19422929242756,146.88137855335566,51011300,AAPL
2023-02-23,147.404296875,148.33174268890195,145.2731617688621,148.08508220881998,48394200,AAPL
2023-02-24,144.75027465820312,145.22385866894857,143.77349352201168,145.1449254913303,55469600,AAPL
2023-02-27,145.94407653808594,147.17737898488724,145.4803536136917,145.73689015780175,44998500,AAPL
2023-02-28,145.44091796875,147.08860849628215,144.86866373473268,145.08572620470352,50547000,AAPL
2023-03-01,143.3689422607422,145.26329303666353,143.0729466587316,144.8686422706239,55479000,AAPL
2023-03-02,143.9609832763672,144.75030013651786,141.97782259518067,142.45142174425123,52238100,AAPL
2023-03-03,149.01255798339844,149.0914911594904,145.36198515518814,146.0624926286878,70732300,AAPL
2023-03-06,151.775146484375,154.21215352218627,151.41009374796985,151.7356723720831,87558000,AAPL
2023-03-07,149.57496643066406,151.97249979658332,149.11124338331118,151.64690605769943,56182000,AAPL
2023-03-08,150.8279571533203,151.41994837307152,149.80185610137525,150.76876104233762,47204800,AAPL
2023-03-09,148.57843017578125,152.47566345847628,148.2232384177023,151.50875841619168,53833600,AAPL
2023-03-10,146.51637268066406,148.92378215572674,145.63826168901898,148.2035375357173,68572400,AAPL
2023-03-13,148.46002197265625,151.09435428881787,145.72701943515565,145.83555065664373,84457100,AAPL
2023-03-14,150.55169677734375,151.35087437586574,148.09496787151124,149.25919818665145,73695900,AAPL
2023-03-15,150.9464111328125,151.20293271142558,147.91741204069223,149.1704519790422,77167900,AAPL
2023-03-16,153.7681884765625,154.37004080347904,149.6144183096525,150.1274764543104,76161100,AAPL
2023-03-17,152.9295654296875,154.6463285517188,152.21918172781025,153.9951409825034,98944600,AAPL
2023-03-20,155.29747009277344,155.7118730486912,152.09088307007352,152.99860710640667,73641400,AAPL
2023-03-21,157.15234375,157.2707359778321,154.44893912645242,155.21853377224946,73938300,AAPL
2023-03-22,155.7217254638672,159.97415053377057,155.7019884063488,157.17209056471103,75701800,AAPL
2023-03-23,156.80702209472656,159.39203464017027,155.57371946683134,156.70836691747317,67622100,AAPL
2023-03-24,158.10940551757812,158.19819969843707,155.74147036488569,156.73797352277555,59196500,AAPL
2023-03-27,156.16571044921875,158.62245469903792,155.76118357485748,157.8035399490982,52390300,AAPL
2023-03-28,155.54412841796875,156.37291926303735,153.89643783944095,155.85986113132142,45992200,AAPL
2023-03-29,158.62245178222656,158.8987103608656,157.22142183199622,157.241143834068,51305700,AAPL
2023-03-30,160.19122314453125,160.29975438530866,159.1157867936236,159.37230833774987,49501700,AAPL
2023-03-31,162.69728088378906,162.79595111857384,159.74723055627194,160.27014967971024,68749800,AAPL
2023-04-03,163.95033264160156,164.06872488806627,162.0263833617239,162.07571848273926,56976200,AAPL
2023-04-04,163.4175567626953,164.61138542575975,162.9044985896194,164.37460092662135,46278300,AAPL
2023-04-05,161.57252502441406,162.84530192290984,159.6387146980463,162.53944524256352,51511700,AAPL
2023-04-06,162.4605255126953,162.7565212151125,159.83605336887848,160.26030233353526,45390100,AAPL
2023-04-10,159.86563110351562,159.86563110351562,157.94168186492254,159.26377877195932,47716900,AAPL
2023-04-11,158.65206909179688,160.1912285181147,158.3659344224378,160.18136751588224,47644200,AAPL
2023-04-12,157.96141052246094,159.89522066020655,157.64567781550258,159.06644488688698,50133100,AAPL
2023-04-13,163.3484649658203,163.58526449148977,159.26376724154565,159.47096870837692,68445600,AAPL
2023-04-14,163.00315856933594,164.0983319737809,161.63172656331614,162.39143019016473,49386500,AAPL
2023-04-17,163.02288818359375,163.18075455042484,161.83892054229136,162.8847588763579,41516200,AAPL
2023-04-18,164.24630737304688,165.1737533320214,163.4372536454433,163.88125462301093,49923000,AAPL
2023-04-19,165.3908233642578,165.91374248336922,163.32872989204589,163.58526647837797,47720200,AAPL
2023-04-20,164.42388916015625,165.62759364761484,163.34845295487423,163.8713720291843,52456400,AAPL
2023-04-21,162.815673828125,164.22656472043278,162.2927547507698,162.84527188495923,58337300,AAPL
2023-04-24,163.1215362548828,163.38793383083043,161.70076925644653,162.79594256316088,41949600,AAPL
2023-04-25,161.58236694335938,164.08843103621228,161.5428928319972,162.98339679746925,48714100,AAPL
2023-04-26,161.57252502441406,163.07222541881754,160.62535692108122,160.8818784792827,45498800,AAPL
2023-04-27,166.16041564941406,166.30840595665688,162.98342657757053,162.98342657757053,64902300,AAPL
2023-04-28,167.41342163085938,167.5811640335514,165.63747792316207,166.23933019675923,55275900,AAPL
2023-05-01,167.3246307373047,168.17314354860417,166.387323749872,167.0187740939811,52472900,AAPL
2023-05-02,166.2886962890625,168.07453160209764,165.30205393167998,167.81799495399892,48425700,AAPL
2023-05-03,165.21319580078125,168.6368446604595,164.92707625204469,167.23581486172367,65136000,AAPL
2023-05-04,163.5753936767578,164.8086963510818,162.11516752574818,162.68742177323023,81235400,AAPL
2023-05-05,171.25149536132812,171.97173995816638,168.47901810918157,168.6960805994559,113453200,AAPL
2023-05-08,171.1824188232422,171.52774960942492,169.81098679048802,170.17603958076435,55962800,AAPL
2023-05-09,169.47552490234375,171.22187065365208,169.3077975448434,170.73842563937583,45326900,AAPL
2023-05-10,171.24159240722656,171.70531537679722,169.60376298512443,170.70881232248743,53724500,AAPL
2023-05-11,171.42906188964844,172.25783762602444,169.87016559220018,171.5277321199156,49514700,AAPL
2023-05-12,170.5003662109375,171.97248691459123,168.94918806657878,171.53776144545145,45533100,AAPL
2023-05-15,170.00634765625,171.13267487374878,169.4135375098661,171.0832715155854,37266700,AAPL
2023-05-16,170.00634765625,171.0635071571624,169.73958158279842,169.92730529834625,42110300,AAPL
2023-05-17,170.61891174316406,170.85602374756016,168.37613188825594,169.65066921503973,57951600,AAPL
2023-05-18,172.95057678222656,173.13830046836398,170.51019901401196,170.92516002115397,65496700,AAPL
2023-05-19,173.0592803955078,174.27452457823847,172.84191768629904,174.27452457823847,55809500,AAPL
2023-05-22,172.11077880859375,172.61467191708667,171.36977372037438,171.89341610998645,43570900,AAPL
2023-05-23,169.50244140625,171.300620989034,169.22580071286586,171.05361929309908,50747300,AAPL
2023-05-24,169.77906799316406,170.35211368921475,168.47490698639612,169.03806296692736,45143500,AAPL
2023-05-25,170.91529846191406,171.81437317497037,169.63088663153601,170.34225271987503,56058300,AAPL
2023-05-26,173.32603454589844,173.6619683326656,171.03386649216068,171.24135456411133,54835000,AAPL
2023-05-30,175.17361450195312,176.84334846181008,174.45237373510062,174.8376957969301,55964400,AAPL
2023-05-31,175.1242218017578,177.19904230758075,174.64009299685546,175.20326416230037,99625300,AAPL
2023-06-01,177.9301300048828,177.95976900098933,174.8080250915144,175.5687945017499,68901800,AAPL
2023-06-02,178.77980041503906,179.5998477441502,177.11006676336092,178.8588427561831,61996900,AAPL
2023-06-05,177.42626953125,182.73186141970515,175.90473056039738,180.43969339813148,121946500,AAPL
2023-06-06,177.0607147216797,177.95978950011875,175.30204865399,177.81159450251565,64848400,AAPL
2023-06-07,175.6873779296875,179.03672040758232,175.19337452542106,176.29993732672585,61944600,AAPL
2023-06-08,178.4044189453125,178.6711699623807,175.33171678380066,175.76642717021195,50214900,AAPL
2023-06-09,178.78973388671875,180.0444917855316,178.4636898031236,179.32325097528164,48900000,AAPL
2023-06-12,181.5857696533203,181.68457636718009,178.79959821677159,179.09600328256303,54274900,AAPL
2023-06-13,181.1115264892578,181.94144859403625,180.2519653861507,180.6076484418825,54929100,AAPL
2023-06-14,181.7438507080078,182.1785761189824,179.8370047903456,181.17080494588566,57462900,AAPL
2023-06-15,183.77914428710938,184.28303741690132,181.57589328622848,181.7537423543279,65433200,AAPL
2023-06-16,182.7021942138672,184.74737528632218,182.05999589951927,184.49048389995454,101256200,AAPL
2023-06-20,182.7911376953125,183.86807659469073,182.19834264439277,182.19834264439277,49799100,AAPL
2023-06-21,181.75375366210938,183.18636063386023,180.40017397466633,182.68246747271866,49515700,AAPL
2023-06-22,184.75726318359375,184.8066665365007,181.46719888037438,181.53636658960147,51245300,AAPL
2023-06-23,184.4411163330078,185.31056720794078,182.79114665956078,183.32467881492002,53117000,AAPL
2023-06-26,183.0480499267578,185.79470801287036,183.00852120673045,184.58933834045672,48088700,AAPL
2023-06-27,185.8045654296875,186.13060949863421,183.4432296659109,183.66059237854205,50730800,AAPL
2023-06-28,186.9803009033203,187.62249934110088,185.350095591546,185.67612459327006,51216800,AAPL
2023-06-29,187.31622314453125,187.7904773075337,186.67402469467498,186.8123450566035,46347300,AAPL
2023-06-30,191.6436767578125,192.14755478947328,188.9661717445866,189.33174450555188,85213200,AAPL
2023-07-03,190.1518096923828,191.5547776450248,189.46019281962833,191.45597092726317,31458200,AAPL
2023-07-05,189.03536987304688,190.6655752957469,188.33387831143204,189.2724969662243,46920300,AAPL
2023-07-06,189.5095977783203,189.71708585705593,186.93089921117289,187.56322301313529,45094300,AAPL
2023-07-07,188.3931427001953,190.3592817984136,187.9584323411384,189.11439856972888,46815000,AAPL
2023-07-10,186.3479766845703,187.71143099184326,184.79679865953796,186.9901751208951,59922200,AAPL
2023-07-11,185.8243408203125,187.02971045254367,184.36209481962464,186.8913900886379,46638100,AAPL
2023-07-12,187.49404907226562,189.4008949030878,186.2096372553674,187.4051170053163,60750200,AAPL
2023-07-13,188.25482177734375,188.897035286273,187.5039419858172,188.2153081360164,41342300,AAPL
2023-07-14,188.4030303955078,188.88714410801785,187.35574553686786,187.94854060692288,41616200,AAPL
2023-07-17,191.6634521484375,191.9894962144421,189.5095893997432,189.598506397075,50520200,AAPL
2023-07-18,191.40655517578125,191.99936529239264,190.1122686661601,191.03112283932904,48288200,AAPL
2023-07-19,192.76014709472656,195.8525983579603,190.3395181934612,190.78413334726974,80507300,AAPL
2023-07-20,190.81375122070312,194.1136901954007,190.19130213491889,192.7502360363635,59581200,AAPL
2023-07-21,189.63803100585938,192.63169045749675,188.93653953192955,191.77212935032986,71951700,AAPL
2023-07-24,190.4383544921875,192.57245328912242,189.94435097858909,191.0904427483272,45377800,AAPL
2023-07-25,191.29786682128906,192.1080396126164,190.6062650944163,191.01135149007996,37283200,AAPL
2023-07-26,192.16732788085938,193.29365506077994,191.00148706119938,191.34728040522955,47471900,AAPL
2023-07-27,190.90267944335938,194.83494237556206,190.24071668140024,193.66910156142774,47460200,AAPL
2023-07-28,193.48138427734375,194.27179277672036,191.8116502798051,192.3352927070371,48291400,AAPL
2023-07-31,194.0939483642578,194.13347708185938,192.91821776612247,193.70862628447964,38824100,AAPL
2023-08-01,193.2639923095703,194.37055499572895,192.93794828758732,193.8864413584275,35175100,AAPL
2023-08-02,190.2703399658203,192.8391484466102,189.5490992662055,192.70082810591987,50389300,AAPL
2023-08-03,188.8772430419922,190.06284809201935,188.40300403713854,189.27245477585868,61235200,AAPL
2023-08-04,179.80735778808594,185.13271368389906,179.73819007769725,183.295020485719,115956800,AAPL
2023-08-07,176.70501708984375,180.9336848652445,175.2230069327887,179.94567809387448,97576100,AAPL
2023-08-08,177.6436309814453,178.10799539743132,175.45025461361834,177.5349496271552,67823000,AAPL
2023-08-09,176.05294799804688,178.76007719518685,174.88709204262926,178.70079919463467,60378500,AAPL
2023-08-10,175.83558654785156,178.58224448237493,175.4700288246158,177.32747151707323,54686900,AAPL
2023-08-11,175.8949432373047,176.71609814181758,174.66816996475507,175.42996682009903,52036700,AAPL
2023-08-14,177.54714965820312,177.77469387045335,175.42005736478495,176.0730260741773,43675600,AAPL
2023-08-15,175.5585479736328,177.56690888775307,175.1628176334086,176.97331337741676,43622600,AAPL
2023-08-16,174.6879425048828,176.6369303294026,174.61868139075943,175.24197103328896,46964900,AAPL
2023-08-17,172.1453399658203,175.6179215615527,171.6308784010705,175.25187020963352,66062900,AAPL
2023-08-18,172.630126953125,173.23362560342792,170.12709527960956,170.46346761685473,61172200,AAPL
2023-08-21,173.96572875976562,174.25264612165492,171.88812158676677,173.20394701107267,46311900,AAPL
2023-08-22,175.34091186523438,175.78611232307705,174.3713618531986,175.17272569654475,42038900,AAPL
2023-08-23,179.18943786621094,179.61486234805133,176.42918310654636,176.61716031274474,52722800,AAPL
2023-08-24,174.49996948242188,179.16966018527063,174.13390304899033,178.74423570753817,54945800,AAPL
2023-08-25,176.70619201660156,177.2404295003986,173.9459373407173,175.4893068451812,51449600,AAPL
2023-08-28,178.26937866210938,178.66510907128173,176.64685983066678,178.17043851174256,43820700,AAPL
2023-08-29,182.157470703125,182.92915552039761,177.58671984756458,177.78458503986462,53003900,AAPL
2023-08-30,185.6498565673828,185.84773686983334,182.7708853589575,182.96875056526045,60813900,AAPL
2023-08-31,185.8674774169922,187.10415359099386,185.48163505454943,185.8377983965077,60794500,AAPL
2023-09-01,187.4405517578125,187.89564016216337,186.27312153245367,187.47023078000296,45766500,AAPL
2023-09-05,187.677978515625,187.95499277883354,185.61025951662367,186.27311615331163,45280000,AAPL
2023-09-06,180.96035766601562,186.83704535292617,179.5357042757167,186.39182984634905,81755800,AAPL
2023-09-07,175.66737365722656,176.31045432139675,171.69021887943939,173.31273740579792,112488800,AAPL
2023-09-08,176.28077697753906,178.3188321743013,175.89493458078306,176.4489782367689,65551300,AAPL
2023-09-11,177.4481964111328,178.37817933531872,175.44972343125323,178.15063513987275,58953100,AAPL
2023-09-12,174.42083740234375,178.21001559327632,172.95661681425068,177.57683789873767,90370200,AAPL
2023-09-13,172.3531036376953,175.4101637291933,172.12554433664133,174.62857587906927,84267900,AAPL
2023-09-14,173.8667755126953,174.22293884118037,171.72979554178494,172.1453169089935,60895800,AAPL
2023-09-15,173.14456176757812,174.61868528190746,171.967258666553,174.59889423512476,109259500,AAPL
2023-09-18,176.07302856445312,177.46800307348116,174.2922116482627,174.59890495957814,67257600,AAPL
2023-09-19,177.16134643554688,177.71537512501612,175.2420219783501,175.627864465384,51826900,AAPL
2023-09-20,173.6194610595703,177.78457830053213,173.5304088946865,177.3492658362857,58436200,AAPL
2023-09-21,172.07606506347656,174.42081339229338,172.00681904661934,172.6894667209782,63149100,AAPL
2023-09-22,172.9269256591797,175.19252525078977,172.19482290064929,172.80820955696336,56725400,AAPL
2023-09-25,174.2031707763672,175.08368369125543,172.29373473406022,172.3432048049037,46172700,AAPL
2023-09-26,170.12710571289062,173.33256128157663,169.8303003575296,172.95662192119033,64588900,AAPL
2023-09-27,168.61337280273438,171.19555331579562,167.24809254140138,170.7800319235512,66921800,AAPL
2023-09-28,168.87062072753906,170.19633406818943,165.83333655703308,167.53500431517824,56294400,AAPL
2023-09-29,169.3850860595703,171.2252609973693,168.5243490895999,170.18644988639232,51861100,AAPL
2023-10-02,171.8979949951172,172.4421355524603,169.10804618991,169.39496352748424,52164500,AAPL
2023-10-03,170.5623779296875,171.77927819729268,168.99923247491208,170.42387079713225,49594600,AAPL
2023-10-04,171.8089599609375,172.3531005247124,169.14763028223018,169.26634637027362,53020300,AAPL
2023-10-05,173.04563903808594,173.57987653919332,170.83939772477277,171.93756684563112,48527900,AAPL
2023-10-06,175.59811401367188,176.09278444180603,171.33404224239501,171.9474438386589,57266700,AAPL
2023-10-09,177.0821533203125,177.1415113656987,173.92615307401468,174.9253820623563,42390800,AAPL
2023-10-10,176.48854064941406,177.80436599291428,176.05322819338144,176.20163840129018,43698000,AAPL
2023-10-11,177.88351440429688,177.9329844734106,175.70696722860302,176.300562769531,47551100,AAPL
2023-10-12,178.78382873535156,180.39644439001881,177.13161588848607,178.1506510638416,56743100,AAPL
2023-10-13,176.94363403320312,179.99079085887703,176.24119532002288,179.4862324115919,51427100,AAPL
2023-10-16,176.81503295898438,177.17119633941073,174.6285826048942,174.86602989056055,52517000,AAPL
2023-10-17,175.26174926757812,176.51821654411026,172.93680701299223,174.7670787756051,57549400,AAPL
2023-10-18,173.96572875976562,175.68718764266174,173.24351401125745,173.7085055181981,54764400,AAPL
2023-10-19,173.58978271484375,175.9444040866048,173.32265641144056,174.16358722416024,59302900,AAPL
2023-10-20,171.0372772216797,173.55019672394363,170.7998299466356,173.44136860989997,64244000,AAPL
2023-10-23,171.15599060058594,172.15521956196545,168.11870652701532,169.08827156264798,55980100,AAPL
2023-10-24,171.59130859375,171.81885280099095,169.62251453312876,171.20546620053886,43816600,AAPL
2023-10-25,169.27626037597656,171.21536038795298,168.83104482476435,170.04794519039626,57157000,AAPL
2023-10-26,165.1111297607422,169.55327657792432,163.90413245355498,168.55403244057868,70625300,AAPL
2023-10-27,166.42694091796875,167.1590586780216,165.05175755916278,165.13090664912622,58499100,AAPL
2023-10-30,168.474853515625,169.34547832959018,167.0699912633637,167.21840145454993,51131000,AAPL
2023-10-31,168.94976806640625,169.07837213199355,166.1103491096919,167.54490564738762,44846000,AAPL
2023-11-01,172.11563110351562,172.37285429322375,168.30666274339976,169.1772875334019,56934900,AAPL
2023-11-02,175.67727661132812,175.88502975328987,173.5897666401313,173.64912468069178,77334800,AAPL
2023-11-03,174.76708984375,174.93529110628108,171.5022764668811,172.38278939451087,79829200,AAPL
2023-11-06,177.319580078125,177.51744525540883,174.3317811800047,174.49996733550321,63841300,AAPL
2023-11-07,179.88198852539062,180.495375116872,177.06236062659886,177.2701137835187,70530000,AAPL
2023-11-08,180.94058227539062,181.4946108426327,179.65443590363796,180.40634475587757,49340300,AAPL
2023-11-09,180.46566772460938,182.1574321210165,179.87205717729333,181.00980821029188,53763500,AAPL
2023-11-10,184.65609741210938,184.82452025063435,181.8129530168045,182.24883894138773,66133400,AAPL
2023-11-13,183.07107543945312,184.2895637344097,182.48659891185952,184.0815368898242,43627500,AAPL
2023-11-14,185.68638610839844,186.35011603301572,184.55705211313364,185.94394820695575,60108400,AAPL
2023-11-15,186.2510528564453,187.72711849110286,186.02320887124122,186.09256123667055,53790500,AAPL
2023-11-16,187.9351348876953,189.1734402500684,186.88503924293582,187.7964452917508,54412900,AAPL
2023-11-17,187.91534423828125,188.5988913131576,186.80582731444395,188.47010270019993,50922700,AAPL
2023-11-20,189.65887451171875,190.1145776039652,188.10357060538217,188.11347160798348,46505100,AAPL
2023-11-21,188.8564453125,189.72821721009598,187.96487141071046,189.6192457228965,38134500,AAPL
2023-11-22,189.52015686035156,191.12499577436776,189.04465183324163,189.69848069303796,39617700,AAPL
2023-11-24,188.19273376464844,189.1140258787283,187.47946852715137,189.0843077535022,24048300,AAPL
2023-11-27,188.01438903808594,188.88616092409407,187.13271615011263,188.14317764380084,40552600,AAPL
2023-11-28,188.61868286132812,189.29232889633607,187.62803848681267,188.0044881862593,38415400,AAPL
2023-11-29,187.5983428955078,190.29289712708973,187.202091144525,189.1140277612682,43014200,AAPL
2023-11-30,188.17288208007812,188.53943075060016,186.42935355090071,188.06391060225252,48794400,AAPL
2023-12-01,189.45083618164062,189.76783452208102,187.45963130874318,188.54934617033052,45704800,AAPL
2023-12-04,187.65777587890625,188.2719857330804,185.69630404843608,188.20263336404662,43389500,AAPL
2023-12-05,191.6104278564453,192.58125508438908,188.40073472916,188.43046796633192,66628400,AAPL
2023-12-06,190.520751953125,192.93791176533594,190.3127099631217,192.6308143978356,41089700,AAPL
2023-12-07,192.45248413085938,193.17565028147504,191.77883810543793,191.8184723448333,47477700,AAPL
2023-12-08,193.87904357910156,194.15642283244122,191.8581203150147,192.38316069569592,53406400,AAPL
2023-12-11,191.37271118164062,191.67982369646083,189.62918217652637,191.30337392193297,60943700,AAPL
2023-12-12,192.88836669921875,192.89826770087802,189.92633467152928,191.27361158280868,52696900,AAPL
2023-12-13,196.1079864501953,196.14760557804456,193.02708153571695,193.26482653488247,70404200,AAPL
2023-12-14,196.25656127929688,197.75242887078264,194.32480773637585,196.16740691178524,66831600,AAPL
2023-12-15,195.72161865234375,196.54384019084355,195.15694409646994,195.6819844119138,128538400,AAPL
2023-12-18,194.05734252929688,194.7904248709577,192.57137584033416,194.2554683979516,55751900,AAPL
2023-12-19,195.09750366210938,195.10740466398735,194.05732405565033,194.32480226669028,40714100,AAPL
2023-12-20,193.00726318359375,195.8305908429342,193.00726318359375,195.05788936850126,52242800,AAPL
2023-12-21,192.858642578125,195.23619818360498,191.6896894536902,194.26537091395173,46482500,AAPL
2023-12-22,191.7887725830078,193.58183662844655,191.16466173906855,193.35397752019378,37149600,AAPL
2023-12-26,191.24391174316406,192.0760494430794,191.02596875756228,191.7986702097743,28919300,AAPL
2023-12-27,191.34295654296875,191.68968812345565,189.30223153241622,190.68914273833013,48087700,AAPL
2023-12-28,191.76893615722656,192.83883387512188,191.3627683436117,192.32369457775746,34049900,AAPL
2023-12-29,190.72877502441406,192.58127531145587,189.9362564400636,192.08595308574118,42672100,AAPL
2024-01-02,183.90322875976562,186.67703614744315,182.16960103197144,185.39909638597572,82488700,AAPL
2024-01-03,182.52621459960938,184.14096966630487,181.7138790075681,182.4964964795135,58414500,AAPL
2024-01-04,180.2081298828125,181.37708304150152,179.18776734055538,180.44587486910356,71983600,AAPL
2024-01-05,179.48495483398438,181.05017488447822,178.48440937769652,180.28738953880892,62379700,AAPL
2024-01-08,183.823974609375,183.86360885082058,179.80196071659407,180.38643729162627,59144500,AAPL
2024-01-09,183.40789794921875,183.41779895114087,181.0204413910758,182.19931060924736,42841800,AAPL
2024-01-10,184.44808959960938,184.6561164657865,182.1993225017619,182.6253074687535,46792900,AAPL
2024-01-11,183.85369873046875,185.3000462697353,181.90212796654464,184.79480792904317,49128400,AAPL
2024-01-12,184.1806182861328,184.99295400827782,183.45745205458948,184.31930790747037,40477800,AAPL
2024-01-16,181.9120330810547,182.5361287641061,179.23728115128065,180.45578462721193,65603000,AAPL
2024-01-17,180.97091674804688,181.2185778549055,178.613193289656,179.57411959355028,47317400,AAPL
2024-01-18,186.86524963378906,187.37047281337263,184.09144241490495,184.34900450558874,78005800,AAPL
2024-01-19,189.76785278320312,190.15420352293785,187.0534966021051,187.5587198414397,68903000,AAPL
2024-01-22,192.0760498046875,193.50258021639056,190.46129453087994,190.50092877344645,60133900,AAPL
2024-01-23,193.35398864746094,193.91866327514697,192.0166276255296,193.1954970136862,42355600,AAPL
2024-01-24,192.68032836914062,194.542744606446,192.5218216434054,193.59171936806808,53631300,AAPL
2024-01-25,192.3534393310547,194.43379881211092,191.30335858737243,193.3936190715828,54822100,AAPL
2024-01-26,190.61981201171875,192.9379165033589,190.14430688636483,192.45251037482265,44594000,AAPL
2024-01-29,189.93624877929688,190.4018528619721,187.8063693410428,190.2136280052267,47145600,AAPL
2024-01-30,186.28076171875,190.00559424490717,185.71610228505008,189.15363947733223,55859400,AAPL
2024-01-31,182.67481994628906,185.34957189909602,182.62529981948686,185.2901205380725,55467800,AAPL
2024-02-01,185.11181640625,185.20097077595153,182.1002640289582,182.26867176596141,64885400,AAPL
2024-02-02,184.11126708984375,185.5774165638072,177.57300802816712,178.1773017145222,102551700,AAPL
2024-02-05,185.92413330078125,187.47945226083425,184.10135123689923,186.3897373769733,69668800,AAPL
2024-02-06,187.5289764404297,187.53887744205016,185.02264747144727,185.11180183413052,43490800,AAPL
2024-02-07,187.63795471191406,189.26261088240534,186.84543618864265,188.85644306077413,53439000,AAPL
2024-02-08,186.5581512451172,187.76672344534998,185.59722501634783,187.6181328392653,40962000,AAPL
2024-02-09,187.32191467285156,188.45268968737696,186.4787864459619,187.12352087688578,45155200,AAPL
2024-02-12,185.6356658935547,187.14337102036012,185.27857823550397,186.89539390047275,41781900,AAPL
2024-02-13,183.54273986816406,184.70328611762721,182.02512109310902,184.26684396147397,56529500,AAPL
2024-02-14,182.65994262695312,184.02878118831165,180.96378758253468,183.8204888809099,54630500,AAPL
2024-02-15,182.372314453125,182.99722170980874,179.88262933424807,182.06482521105013,65434500,AAPL
2024-02-16,180.83485412597656,183.35431044132238,180.20003322850718,181.93587327545112,49752500,AAPL
2024-02-20,180.0908966064453,180.95385211869663,178.543521838827,180.31903131312703,53665600,AAPL
2024-02-21,180.84475708007812,181.41013702999714,179.19818540957374,180.46782702325083,41371400,AAPL
2024-02-22,182.878173828125,183.463411373256,180.98364000764028,181.99537582737872,52292200,AAPL
2024-02-23,181.04315185546875,183.54275049121756,180.75548990166286,183.51299444569602,45119700,AAPL
2024-02-26,179.6941375732422,181.28118200444274,179.1882545795608,180.76540051034647,40867400,AAPL
2024-02-27,181.1522674560547,182.43182285515786,178.10710087323727,179.63464855081253,54318900,AAPL
2024-02-28,179.95204162597656,181.6382830805114,178.67248629654023,181.03321827875988,48953900,AAPL
2024-02-29,179.28746032714844,181.09274105155225,178.07733075339527,179.80325698202418,136682600,AAPL
2024-03-01,178.20626831054688,179.06922378267282,175.94471834990426,178.09715778019478,73563100,AAPL
2024-03-04,173.6831817626953,175.46860492728393,172.38376893378626,174.7246735635979,81510100,AAPL
2024-03-05,168.7434539794922,170.64791631173568,168.2474997741583,169.37827475690668,95132400,AAPL
2024-03-06,167.75157165527344,169.85442810491517,167.31512946505867,169.67587669286206,68587700,AAPL
2024-03-07,167.63253784179688,169.34853532264208,167.12666995146384,167.78131806385875,71765100,AAPL
2024-03-08,169.34852600097656,172.29449531822434,167.57301652903823,167.6325286145872,76267000,AAPL
2024-03-11,171.35218811035156,172.9690037589795,170.65785520874886,171.54065314121274,60139500,AAPL
2024-03-12,171.82830810546875,172.62183794587216,169.62626998762764,171.7489536078961,59825400,AAPL
2024-03-13,169.7453155517578,171.78864474969012,169.37829909505535,171.37204497358655,52488700,AAPL
2024-03-14,171.60015869140625,172.89955631533712,170.65784870831544,171.5108905650266,72913500,AAPL
2024-03-15,171.22323608398438,171.22323608398438,168.91208752136302,169.78497182252738,121752700,AAPL
2024-03-18,172.31434631347656,176.27206668827822,172.11596763998543,174.1493830977455,75604200,AAPL
2024-03-19,174.65525817871094,175.18096849600929,171.62993409357304,172.92933186407737,55215200,AAPL
2024-03-20,177.2242889404297,177.2242889404297,173.67325471299228,174.29816190798687,53423100,AAPL
2024-03-21,169.98338317871094,176.05387450413767,169.4576727967747,175.61743226962642,106181300,AAPL
2024-03-22,170.88601684570312,171.64979072547655,168.6839784855534,170.3702201223851,71160100,AAPL
2024-03-25,169.4675750732422,170.54875171721093,168.078894077347,169.1898419011277,54288300,AAPL
2024-03-26,168.33680725097656,170.0329624014482,168.20785429573576,168.6244540719099,57388400,AAPL
2024-03-27,171.9076690673828,172.19533102381604,168.73356472173438,169.03114031499092,60273300,AAPL
2024-03-28,170.09246826171875,170.83639964948821,169.13031578937776,170.36028779920613,65672700,AAPL
2024-04-01,168.6542205810547,169.86435030206175,168.1086678157934,169.80483820681948,46240500,AAPL
2024-04-02,167.47384643554688,167.9698007416,166.8687815767491,167.71190995116913,49329500,AAPL
2024-04-03,168.27728271484375,169.29894733031932,167.2159484161416,167.42424073989756,47691700,AAPL
2024-04-04,167.4539794921875,170.52888638010077,167.4539794921875,168.91207088207483,53704400,AAPL
2024-04-05,168.2078399658203,169.01128340394683,167.58293278713433,168.217753601793,42104800,AAPL
2024-04-08,167.08697509765625,167.83090643391947,166.87868279928273,167.66228381393842,37425500,AAPL
2024-04-09,168.297119140625,168.70380527202582,166.98780774616682,167.3349666518587,42373800,AAPL
2024-04-10,166.4224090576172,167.72180678766216,165.75783217031642,167.43415997850798,49709300,AAPL
2024-04-11,173.62367248535156,174.04028741115994,166.79935169580833,166.97788797659143,91070300,AAPL
2024-04-12,175.1214599609375,176.9168120397123,172.80039755418966,172.8499808741194,101670900,AAPL
2024-04-15,171.2926788330078,175.20080068867838,171.10421379905583,173.94107267383276,73531800,AAPL
2024-04-16,168.0094757080078,172.35402488220237,166.9084566077323,170.360294137519,73711200,AAPL
2024-04-17,166.64064025878906,169.2691919230274,166.64064025878906,168.23761366668208,50901200,AAPL
2024-04-18,165.68838500976562,167.27544462394533,165.20235954360626,166.67037984876308,43122900,AAPL
2024-04-19,163.66490173339844,165.05356757276493,162.7523477339115,164.86511767231858,68149400,AAPL
2024-04-22,164.49810791015625,165.9066162144586,163.43677364744048,164.18070504913473,48116400,AAPL
2024-04-23,165.5495147705078,165.69831011966792,163.58554027123327,164.01206877643943,49537800,AAPL
2024-04-24,167.6523895263672,167.93012271313196,164.86512888648411,165.19244539313124,48251800,AAPL
2024-04-25,168.51535034179688,169.22952573993217,166.7894239404159,168.15826264272923,50558300,AAPL
2024-04-26,167.93011474609375,169.95360145871248,167.81107543218243,168.50542350147623,44838400,AAPL
2024-04-29,172.0961151123047,174.60564226594082,171.69935778865286,171.96716217122307,68169400,AAPL
2024-04-30,168.9517822265625,173.57407962239418,168.6244505944639,171.92750782528833,65934800,AAPL
2024-05-01,167.93011474609375,171.31252641733016,167.74164970644674,168.20784791968214,50383100,AAPL
2024-05-02,171.62991333007812,172.01675700988142,169.50722990892024,171.1141167118999,94214900,AAPL
2024-05-03,181.89617919921875,185.48688300008854,181.1820038934194,185.13970898312533,163224100,AAPL
2024-05-06,180.23971557617188,182.70955826534143,178.9601450261929,180.8745364649345,78569700,AAPL
2024-05-07,180.92410278320312,183.40387401178498,179.8528549315395,181.965609726272,77305800,AAPL
2024-05-08,181.26136779785156,181.58869942461462,179.9817973354757,181.3704783401059,45057100,AAPL
2024-05-09,183.07655334472656,183.16582147443802,180.6364518520254,181.08280763590477,48983000,AAPL
2024-05-10,181.81512451171875,183.84135574437508,180.9013327671207,183.6526350835399,50759500,AAPL
2024-05-13,185.02333068847656,185.8378061410755,183.37452561798457,184.18900107058352,72044800,AAPL
2024-05-14,186.1655731201172,187.029714327999,185.0332642686859,186.24503525163803,52393600,AAPL
2024-05-15,188.4401397705078,189.3638586651008,186.1059869360216,186.64235255391958,70400000,AAPL
2024-05-16,188.55931091308594,189.81082048816586,188.3805324914181,189.1850657006259,52845200,AAPL
2024-05-17,188.589111328125,189.52277241007562,187.90376371878457,188.23153932133224,41282900,AAPL
2024-05-20,189.751220703125,190.6252889956646,187.73491647398643,188.05276500067424,44361300,AAPL
2024-05-21,191.05239868164062,191.42982486744873,189.63203768676544,189.80088903544183,42309400,AAPL
2024-05-22,189.61215209960938,191.5192128106237,188.9864124860383,190.9729201671483,34648500,AAPL
2024-05-23,185.61929321289062,189.7114944206788,185.370979738518,189.69162509909052,51005900,AAPL
2024-05-24,188.6983642578125,189.2943226367172,186.771449342652,187.54620129756856,36327000,AAPL
2024-05-28,188.7082977294922,191.69798625592665,187.82430244055638,190.21803261577213,52280100,AAPL
2024-05-29,189.00628662109375,190.95307102285372,188.23154975607,188.33088121296123,53068000,AAPL
2024-05-30,189.99952697753906,190.88352231957748,189.34399093884022,189.47310363654154,49889100,AAPL
2024-05-31,190.95306396484375,191.2709124904654,188.62885345568,190.1485307236603,75158300,AAPL
2024-06-03,192.72105407714844,193.67458449503022,191.22124613590765,191.5986723140291,50080500,AAPL
2024-06-04,193.03890991210938,194.00236744942592,191.72780743235197,193.3269468870457,47471400,AAPL
2024-06-05,194.54864501953125,195.571695368637,193.55539107625557,194.0818144537235,54156800,AAPL
2024-06-06,193.16799926757812,195.17437623382352,192.8600930073616,194.36984306207057,41181800,AAPL
2024-06-07,195.561767578125,195.61143330627965,192.83031924399432,193.33687329712626,53103900,AAPL
2024-06-10,191.8171844482422,195.96899354752293,190.8537269722117,195.57168290202756,97010200,AAPL
2024-06-11,205.75253295898438,205.762475197422,192.32375155853347,192.34360572370616,172373300,AAPL
2024-06-12,211.63262939453125,218.71451985221412,205.50423909920426,205.97106967477507,198134300,AAPL
2024-06-13,212.79470825195312,215.28776993558532,210.17251871917932,213.29133517221976,97862700,AAPL
2024-06-14,211.0565185546875,213.71843162956222,209.874544034183,212.40734441299963,70122700,AAPL
2024-06-17,215.2083282470703,217.4729460060793,211.28497823555003,211.93058723086708,93728300,AAPL
2024-06-18,212.84434509277344,217.15507800113136,211.5630543896915,216.12208558631892,79943300,AAPL
2024-06-20,208.26547241210938,212.79472296910444,207.4410850045998,212.48680152632818,86172500,AAPL
2024-06-21,206.0902557373047,210.4605668046439,205.71281440805072,208.9706859649803,241805100,AAPL
2024-06-24,206.7358856201172,211.26512140596267,205.1963388988781,206.3187207615107,80727000,AAPL
2024-06-25,207.65960693359375,209.95402109263304,207.20270345608853,207.73905391104032,55549700,AAPL
2024-06-26,211.81138610839844,213.41052543273105,209.21899292189278,210.07319184959564,66213200,AAPL
2024-06-27,212.65567016601562,214.28460598729217,210.91747580739147,213.24168634094727,49772700,AAPL
2024-06-28,209.19912719726562,214.6123729638464,208.8812938369491,214.31439376890182,82542700,AAPL
2024-07-01,215.2877655029297,216.04263295008636,210.49034773322808,210.65919906394006,60402900,AAPL
2024-07-02,218.78402709960938,218.89328562800327,213.6489065767971,214.6918109818244,58046200,AAPL
2024-07-03,220.05540466308594,220.05540466308594,217.55240059045883,218.5158580863075,37369800,AAPL
2024-07-05,224.81309509277344,224.9223536333555,220.15473164881905,220.15473164881905,60412400,AAPL
2024-07-08,226.28311157226562,226.31290797690275,221.7439339584199,225.55802531049062,59085900,AAPL
2024-07-09,227.1372833251953,227.85242731023644,224.84286935479298,226.3923429370984,48076100,AAPL
2024-07-10,231.40829467773438,231.50762613234983,227.70346178953022,227.75312751683794,62627700,AAPL
2024-07-11,226.0347900390625,230.82226580227746,224.2469300453064,229.82901193417422,64710600,AAPL
2024-07-12,228.98472595214844,231.07056500877812,227.13727326525793,227.37565963499713,53046500,AAPL
2024-07-15,232.81871032714844,235.62962070976812,231.5175501306247,234.88468027763452,62631300,AAPL
2024-07-16,233.23590087890625,234.67611608181264,230.76269307600518,233.41467931591345,43234300,AAPL
2024-07-17,227.33595275878906,229.8985495862513,225.11105861290636,227.90209958898402,57345900,AAPL
2024-07-18,222.6676483154297,228.88542732552744,220.7705449165008,228.7265030667722,66034600,AAPL
2024-07-19,222.79678344726562,225.2699911539264,221.77373312637206,223.30335264411235,49151500,AAPL
2024-07-22,222.44915771484375,226.24337986146955,221.58501648633228,225.47857008869346,48201800,AAPL
2024-07-23,223.49205017089844,225.40903804109774,221.17776681088287,222.8563682936816,39960300,AAPL
2024-07-24,217.06570434570312,223.2834835656707,215.66522784122517,222.48887740092556,61777600,AAPL
2024-07-25,216.02279663085938,219.36013034825794,213.17214762576046,217.45306951901438,51391200,AAPL
2024-07-26,216.4896240234375,218.0093012590926,214.55276681781487,217.22462220056258,41601300,AAPL
2024-07-29,216.7677459716797,217.82059272630025,214.294538197557,215.49638213713573,36311800,AAPL
2024-07-30,217.323974609375,218.84365199158069,214.66204605269346,217.71134305668522,41643800,AAPL
2024-07-31,220.5818328857422,222.31010016667176,219.14161772956027,219.94615098169663,50036300,AAPL
2024-08-01,216.88693237304688,222.96564167600837,215.55597572208578,222.8563831356547,62501000,AAPL
2024-08-02,218.37680053710938,224.0780833133434,216.24131073912352,217.6715836076827,105568600,AAPL
2024-08-05,207.85824584960938,212.0597055615941,194.6777624827749,197.74691336614487,119548600,AAPL
2024-08-06,205.83200073242188,208.5733911865651,199.7135682482994,203.91502798694503,69660500,AAPL
2024-08-07,208.40452575683594,212.1987475040528,204.9976572409954,205.50421123787663,63516400,AAPL
2024-08-08,211.87098693847656,212.7549823030523,207.42121371107248,211.67233918968967,47161100,AAPL
2024-08-09,214.78123474121094,215.31758519349225,210.5400362270979,210.66916408754707,42201600,AAPL
2024-08-12,216.31259155273438,218.28150622882862,214.39340008618356,214.8607709437837,38028100,AAPL
2024-08-13,220.03167724609375,220.64820259017597,217.7843155173404,217.7843155173404,44155300,AAPL
2024-08-14,220.47914123535156,221.78180736898403,218.47044195323042,219.33558330044798,41960600,AAPL
2024-08-15,223.46237182617188,224.08885093177264,221.51333414952188,223.3430482530648,46414000,AAPL
2024-08-16,224.78494262695312,225.56057624113714,222.39836482120643,222.6668580486994,44340200,AAPL
2024-08-19,224.6258087158203,224.7252551363764,221.79175263729985,224.45676193958974,40687800,AAPL
2024-08-20,225.24234008789062,225.89865006504533,224.18827476461456,224.50649118022673,30299000,AAPL
2024-08-21,225.1329803466797,226.7041399348782,223.79054452288287,225.25231910261834,34765500,AAPL
2024-08-22,223.2734375,227.06211276120644,222.6469583809866,226.51518775043243,43695300,AAPL
2024-08-23,225.5705108642578,226.9427926991927,223.07456326985692,224.39712188969804,38677300,AAPL
2024-08-26,225.90859985351562,226.00804628168004,222.6370187250734,225.49095216733542,30602200,AAPL
2024-08-27,226.75384521484375,227.5692634267734,223.63141860700006,224.73520717839608,35934600,AAPL
2024-08-28,225.22247314453125,228.57360836626125,224.41699349604747,226.64446298605537,38052200,AAPL
2024-08-29,228.5039825439453,231.61647047641185,227.59908685526068,228.81226038667728,51906300,AAPL
2024-08-30,227.71841430664062,229.11057321557684,226.2069166530855,228.90175696593346,52990800,AAPL
2024-09-03,221.52328491210938,227.71841483123856,219.9322331496077,227.27093626472063,50190600,AAPL
2024-09-04,219.61404418945312,220.5388322671096,216.26289369284987,220.4195086889333,43840200,AAPL
2024-09-05,221.13546752929688,224.2181094473344,220.28027986462445,220.38966486266608,36615400,AAPL
2024-09-06,219.58419799804688,223.97945984429646,218.54007124155592,222.69667077468378,48423000,AAPL
2024-09-09,219.67369079589844,220.03167667908036,215.49719894103853,219.58419811845144,67180000,AAPL
2024-09-10,218.878173828125,220.2405018848782,215.517084853391,217.69483113354613,51591000,AAPL
2024-09-11,221.41390991210938,221.84149617822106,216.6706004766808,220.22062862304543,44587100,AAPL
2024-09-12,221.52328491210938,222.29891847364556,218.5897974500539,221.25479170284098,37455600,AAPL
2024-09-13,221.25479125976562,222.78616606005667,220.66809680320824,222.32874892129448,36766600,AAPL
2024-09-16,215.10939025878906,216.00434741371936,212.72281255665072,215.32814508742544,59357400,AAPL
2024-09-17,215.57672119140625,215.68610617984226,213.29954392555678,214.54254826078727,45519300,AAPL
2024-09-18,219.45494079589844,221.46364038861367,216.32256023932743,216.33251398665766,59894900,AAPL
2024-09-19,227.58914184570312,228.53383738270648,223.37288038958053,223.7308662842885,66781300,AAPL
2024-09-20,226.9228973388672,231.7855303113645,226.34614143297367,228.6829959505254,318679900,AAPL
2024-09-23,225.20257568359375,228.16589404695566,224.54626569168985,226.06770192621624,54146000,AAPL
2024-09-24,226.09751892089844,228.06644877557946,224.46669778796843,227.37035418692216,43556100,AAPL
2024-09-25,225.10311889648438,226.01796830972677,222.76627973963284,223.6711754067507,42308700,AAPL
2024-09-26,226.24671936035156,227.2212306744308,224.14852708285537,226.02794934670587,36636700,AAPL
2024-09-27,226.5151824951172,228.23551159576573,226.0279344568732,227.1814462394898,34026000,AAPL
2024-09-30,231.69602966308594,231.69602966308594,228.3647716650959,228.75258844686658,54541900,AAPL
2024-10-01,224.9440460205078,228.364781673884,222.48786790384585,228.23551952322458,63285000,AAPL
2024-10-02,225.51083374023438,226.09752818761766,221.771881889721,224.62581519597003,32880600,AAPL
2024-10-03,224.4070587158203,225.5406782135141,222.07021935855937,223.8800260213992,34044200,AAPL
2024-10-04,225.5307159423828,226.72399710298305,222.87566042869454,226.6245506840192,37245100,AAPL
2024-10-07,220.44932556152344,224.4269397639463,220.09133967636964,223.24359711098245,39505400,AAPL
2024-10-08,224.50650024414062,224.71531649859696,222.00059897690352,223.0447257693685,31855700,AAPL
2024-10-09,228.25538635253906,228.46421777631028,223.57175408478048,223.96950943919006,33591100,AAPL
2024-10-10,227.75819396972656,228.21562630222516,225.89866409237993,226.50525089558744,28183500,AAPL
2024-10-11,226.2765350341797,228.12612627842185,226.0677036085129,228.0167412789572,31759200,AAPL
2024-10-14,230.00555419921875,230.43314046117197,227.32066753158787,227.4200987868959,39882100,AAPL
2024-10-15,232.541259765625,236.16088782430575,231.06953169102593,232.30259746810793,64751400,AAPL
2024-10-16,230.48284912109375,230.8209426799016,228.55370384388218,230.30386376880503,34082200,AAPL
2024-10-17,230.8507843017578,232.5412825211578,229.22991678936268,232.12361966628396,32993800,AAPL
2024-10-18,233.68484497070312,234.8582339303053,232.70037994861724,234.8582339303053,46431500,AAPL
2024-10-21,235.1565399169922,235.52447953691794,233.13790198735873,233.13790198735873,36254500,AAPL
2024-10-22,234.54002380371094,234.89800969153723,231.29827366695753,232.5810475805218,38846600,AAPL
2024-10-23,229.4685516357422,233.8240439244486,226.48534106504323,232.76997861721128,52287000,AAPL
2024-10-24,229.27964782714844,229.52824872985036,227.13173238618916,228.69293816499177,31109500,AAPL
2024-10-25,230.1149444580078,231.91481257552053,228.2852454458818,228.4542922398222,38802300,AAPL
2024-10-28,232.0937957763672,233.4163543943246,231.24856181455635,232.0142568404043,36087100,AAPL
2024-10-29,232.36228942871094,233.01859945208068,231.01985366097637,231.7954872619061,35417200,AAPL
2024-10-30,228.81227111816406,232.1634063461827,228.2653461113998,231.30821865562254,47070900,AAPL
2024-10-31,224.64572143554688,228.54378173572667,224.10873499320775,228.05651850818114,64370100,AAPL
2024-11-01,221.66249084472656,224.08883784550613,219.03726617591775,219.7333456007168,65276700,AAPL
2024-11-04,220.76751708984375,221.54315061130296,218.4804011628397,219.75323643771605,44944500,AAPL
2024-11-05,222.199462890625,222.69666464924057,219.90239319356397,220.558703156551,28111300,AAPL
2024-11-06,221.4735565185547,224.80481443000403,219.95212032394844,221.36417152277414,54561100,AAPL
2024-11-07,226.20693969726562,226.6047102641935,223.3132365865181,223.37289837820836,42137700,AAPL
2024-11-08,225.93814086914062,227.63048374280507,225.39061415381417,226.1471868576639,38328800,AAPL
2024-11-11,223.22042846679688,224.68381119249955,220.50272420052974,223.98696589218596,42005600,AAPL
2024-11-12,223.22042846679688,224.5743058460154,222.354350392842,223.53899499841924,40398300,AAPL
2024-11-13,224.10641479492188,225.62952490733255,221.75703985190805,223.00141185159572,48566200,AAPL
2024-11-14,227.1924591064453,227.83952645793332,223.98695568104733,224.00686988588794,44923900,AAPL
2024-11-15,223.98695373535156,225.89830725108274,223.26024476090137,225.38064426033654,47923700,AAPL
2024-11-18,226.9933624267578,228.70561947942855,224.1561882479486,224.23582987715278,44633700,AAPL
2024-11-19,227.252197265625,229.123737666772,225.63949596937007,225.95804731142948,36211800,AAPL
2024-11-20,227.9689483642578,228.89475383274825,224.8729502483013,227.0331781982001,35169600,AAPL
2024-11-21,227.4911346435547,229.12375023514656,224.6937885863231,227.8495144168353,42108300,AAPL
2024-11-22,228.8350372314453,229.6812162999479,227.03318893672346,227.03318893672346,38168300,AAPL
2024-11-25,231.82151794433594,232.19981188776785,228.70562083004268,230.41787789282506,90152800,AAPL
2024-11-26,234.0016632080078,234.50937670519198,232.27945661483375,232.27945661483375,45986200,AAPL
2024-11-27,233.8722381591797,234.6288260383393,232.75728573526553,233.41431778082386,33498400,AAPL
2024-11-29,236.26144409179688,236.73927868022366,232.91657159263394,233.75278591990275,28481400,AAPL
2024-12-02,238.51126098632812,239.70585504150458,236.0922091638524,236.20171450499868,48137100,AAPL
2024-12-03,241.55747985839844,241.66698519896212,237.82436396202866,238.73027039850206,38861000,AAPL
2024-12-04,241.91587829589844,243.01093178619982,240.16380790150487,241.7765092325954,44383900,AAPL
2024-12-05,241.94570922851562,243.438955500192,241.0398180348311,242.89144401931327,40033900,AAPL
2024-12-06,241.7466278076172,243.52857697582414,240.99005511798387,241.81631992920728,36870600,AAPL
2024-12-09,245.63902282714844,246.1268220997756,240.66153502923254,240.74117665680967,44649200,AAPL
2024-12-10,246.65444946289062,247.09247084593116,244.23538234840328,245.77840669680953,36914800,AAPL
2024-12-11,245.38021850585938,249.67081089954078,245.15124311202538,246.84360125039836,45205800,AAPL
2024-12-12,246.84359741210938,247.62008434324935,244.57384885559844,245.77840766369866,32777500,AAPL
2024-12-13,247.0128173828125,248.16758302178013,245.13132757947596,246.70421556592945,33155300,AAPL
2024-12-16,249.90972900390625,250.24820975700106,246.53499250196242,246.8734732550572,51694800,AAPL
2024-12-17,252.33872985839844,252.68716009783537,248.655391740455,248.95404406138837,51356400,AAPL
2024-12-18,246.9331817626953,253.13512753347695,246.62457993830327,251.02467749046986,56774100,AAPL
2024-12-19,248.66534423828125,250.86540066585474,245.97750369773615,246.3856613682502,60882300,AAPL
2024-12-20,253.3441925048828,253.8518908180873,244.58381048961357,246.92322076153135,147495300,AAPL
2024-12-23,254.1206817626953,254.49896052911285,252.30886880268173,253.62293295259332,40858800,AAPL
2024-12-24,257.0374755859375,257.0474099027653,254.14055892454206,254.3396705835317,23234700,AAPL
2024-12-26,257.853759765625,258.9289141129315,256.47003399402934,257.0275101814573,27237100,AAPL
2024-12-27,254.43922424316406,257.53523753189216,251.92061656694878,256.66912911312295,42355300,AAPL
2024-12-30,251.06448364257812,252.35863351915538,249.6210152068174,251.09434735441482,35557500,AAPL
2024-12-31,249.29251098632812,252.1396347735265,248.30696287880588,251.30342042234355,39480700,AAPL
2025-01-02,242.75209045410156,247.97845273823052,240.73123158611202,247.80920478270548,55740700,AAPL
2025-01-03,242.26429748535156,243.08059762167903,240.80091479245596,242.26429748535156,40244100,AAPL
2025-01-06,243.89691162109375,246.21642284830082,242.10501290585998,243.2100158477468,45045600,AAPL
2025-01-07,241.11949157714844,244.44445006993732,240.2633629937866,241.8860138278822,40856000,AAPL
2025-01-08,241.60728454589844,242.6127469270518,238.9692217628596,240.83079756862327,37628900,AAPL
2025-01-10,235.7836151123047,239.0787097724967,231.95094323601768,238.9293760168756,61710900,AAPL
2025-01-13,233.34463500976562,233.61342361918983,228.68571346021633,232.47855694506205,49630700,AAPL
2025-01-14,232.2296905517578,235.05690023183175,231.42333988575893,233.69307331230715,39435300,AAPL
2025-01-15,236.79901123046875,237.88411516800545,233.3744970274307,233.5835582088168,39832000,AAPL
2025-01-16,227.23228454589844,236.9383864807084,227.0033243432251,236.28136958651152,71759100,AAPL
2025-01-17,228.94451904296875,231.2441159203825,227.45127273918456,231.0748831620974,68488300,AAPL
2025-01-21,221.63758850097656,223.40957304130882,218.39227174297113,222.99146586562136,98070400,AAPL
2025-01-22,222.8222198486328,223.11090745632038,218.80040121474653,218.80040121474653,64126500,AAPL
2025-01-23,222.6529998779297,226.00782197454978,221.29912251598503,223.72813912330528,60234800,AAPL
2025-01-24,221.77696228027344,224.61413662079448,220.4131353788753,223.76795755359672,54697900,AAPL
2025-01-27,228.82508850097656,231.10477141655377,222.9715575076631,223.01138591977585,94863400,AAPL
2025-01-28,237.187255859375,239.1085741517517,229.77080167884077,229.81063008981926,75707600,AAPL
2025-01-29,238.2823028564453,238.78005164957875,232.9563846938824,233.06589003597526,45486100,AAPL
2025-01-30,236.520263671875,239.70585285329432,236.14198492507634,237.59540286874542,55658300,AAPL
2025-01-31,234.93743896484375,246.07705979363328,232.38896748106293,246.07705979363328,100959800,AAPL
2025-02-03,226.98341369628906,230.78622201033428,224.68381655532258,228.9545099800506,73063300,AAPL
2025-02-04,231.75184631347656,232.08036234711574,225.62952690670866,226.2268315478868,45067300,AAPL
2025-02-05,231.42333984375,231.62243633567465,227.24225275297744,227.50107667347064,39620300,AAPL
2025-02-06,232.16995239257812,232.74734282564026,229.39250557129796,230.24863411824003,29925300,AAPL
2025-02-07,226.60513305664062,232.946448173879,226.236788599926,231.55275755143822,39707200,AAPL
2025-02-10,226.8741912841797,229.80417456619486,226.42572786906877,228.7876615470872,33115600,AAPL
2025-02-11,231.8272705078125,234.42837673351212,227.3525813044295,227.42233485023965,53718400,AAPL
2025-02-12,236.06277465820312,236.15247950770552,229.89386689621963,230.41209906543347,45243300,AAPL
2025-02-13,240.7069091796875,241.5141464162941,234.76722827404518,236.10265815205582,53614100,AAPL
2025-02-14,243.7664337158203,244.71319316935814,240.1687356269457,240.4278440984732,40896200,AAPL
2025-02-18,243.6368865966797,244.34445851454996,241.01584434943877,243.31796980618805,48822500,AAPL
2025-02-19,244.03550720214844,245.17162160901916,242.33134319523683,243.8262313730556,32204200,AAPL
2025-02-20,244.99224853515625,245.93900803040836,243.45748811790233,244.10528213544586,32316900,AAPL
2025-02-21,244.71319580078125,247.84249441981407,244.38431857946645,245.11182656230832,53197400,AAPL
2025-02-24,246.25791931152344,248.01191597096326,243.58704451830639,244.0953010258401,51326400,AAPL
2025-02-25,246.1981201171875,249.14803959700342,244.0753891604379,247.15485528022737,48013300,AAPL
2025-02-26,239.54087829589844,244.14512894194456,238.31507426807877,243.49735015822236,44433600,AAPL
2025-02-27,236.49131774902344,241.6337368385667,236.25213016109495,238.5941277716784,41153600,AAPL
2025-02-28,241.01583862304688,241.26498665715278,229.41550676334808,236.14250368420718,56833400,AAPL
2025-03-03,237.21881103515625,243.1983635012748,235.3053560708129,240.96599177281342,47184000,AAPL
2025-03-04,235.1259765625,239.25188262538288,233.88023638606123,236.89992456399492,53798100,AAPL
2025-03-05,234.93663024902344,235.7438674276595,228.44880585950324,234.61771347352882,47227600,AAPL
2025-03-06,234.5280303955078,237.04940729600818,232.3654272740836,233.64106399817908,45170400,AAPL
2025-03-07,238.2552947998047,240.54744460053885,233.95996981993864,234.30878315837532,46273600,AAPL
2025-03-10,226.70477294921875,235.35520052510583,223.45588808739058,234.73730306532093,72071200,AAPL
2025-03-11,220.08741760253906,225.07037859810526,216.70897065581676,223.0472976504486,76137400,AAPL
2025-03-12,216.2405548095703,220.99430349899413,214.17761702040198,219.3897895710681,62547500,AAPL
2025-03-13,208.96543884277344,216.1010424274323,207.7097381833997,215.2140760046737,61368300,AAPL
2025-03-14,212.76246643066406,213.22089031000854,208.86578742228792,210.53009451028822,60107600,AAPL
2025-03-17,213.27072143554688,214.48656508270392,209.25445626243933,212.58307041465437,48073400,AAPL
2025-03-18,211.96517944335938,214.41678753127792,210.76927194631702,213.43017106944268,42432400,AAPL
2025-03-19,214.50648498535156,218.0144781615262,213.0215573102422,213.48995680484757,54385400,AAPL
2025-03-20,213.37039184570312,216.74883872802718,211.49679368091097,213.2607660976187,48862900,AAPL
2025-03-21,217.5261688232422,218.09421843072647,210.55998434888178,210.83902892918795,94127800,AAPL
2025-03-24,219.977783203125,220.7252273230714,217.83511614199446,220.24686734420678,44299500,AAPL
2025-03-25,222.9875030517578,223.33631640181736,219.33001153042758,220.01766257627696,34493600,AAPL
2025-03-26,220.77503967285156,224.25315146564492,219.71865451354498,222.74828771017502,34466100,AAPL
2025-03-27,223.08714294433594,224.22325730600966,219.8083464889556,220.63551973925667,37094800,AAPL
2025-03-28,217.1574249267578,223.04728822423488,216.93817343567548,220.91458161653458,39818600,AAPL
2025-03-31,221.37301635742188,224.8511131847691,215.49311362240712,216.27045427307317,65299300,AAPL
2025-04-01,222.4293975830078,222.91771798921508,218.15400887457568,219.06091135294477,36412700,AAPL
2025-04-02,223.12701416015625,224.4225869866718,220.2667995775576,220.56578026164416,35905900,AAPL
2025-04-03,202.49755859375,206.78290782089874,200.56416741637668,204.83954098981803,103419000,AAPL
2025-04-04,187.738037109375,199.19884701911502,186.70157274086588,193.2292544699453,125910900,AAPL
2025-04-07,180.84161376953125,193.48835506739644,174.02491207450518,176.59612158290105,160466300,AAPL
2025-04-08,171.83241271972656,189.6913418115003,168.63336050772435,186.06374707733985,120859500,AAPL
2025-04-09,198.17234802246094,199.926344669284,171.30421792842867,171.3640110222038,184395900,AAPL
2025-04-10,189.77108764648438,194.11623030966024,182.3763752402466,188.42569728108137,121880000,AAPL
2025-04-11,197.47471618652344,198.85997858079665,185.42592149027786,185.46579368960585,87435900,AAPL
2025-04-14,201.82984924316406,212.2143377637297,200.47448329230923,210.7194495182335,101352900,AAPL
2025-04-15,201.45114135742188,202.81646776904176,199.11911932089467,201.1720967653651,51343900,AAPL
2025-04-16,193.6079559326172,200.01603598224625,191.71442177543545,197.68401406478426,59732400,AAPL
2025-04-17,196.3087158203125,198.15241736523095,193.75744237056688,196.5279673080365,52164700,AAPL
2025-04-21,192.50172424316406,193.13954254760668,189.16313478921086,192.61134997705832,46742500,AAPL
2025-04-22,199.059326171875,200.9030125684292,195.3021694205859,195.45165216386687,52976400,AAPL
2025-04-23,203.90277099609375,207.29117840656184,202.10890198775584,205.29799399880645,52929200,AAPL
2025-04-24,207.65989685058594,208.11833592046503,202.248408894664,204.1917605029567,47311000,AAPL
2025-04-25,208.56680297851562,209.0352025034097,205.49729734578435,205.66671618569228,38222300,AAPL
2025-04-28,209.4238739013672,210.77923983434187,206.7530142372406,209.2843516085664,38743100,AAPL
2025-04-29,210.49021911621094,211.51670773820763,207.65988606249564,207.97880282615472,36827600,AAPL
2025-04-30,211.7758331298828,212.8521544830753,205.96569903614,208.58674127234366,52286500,AAPL
2025-05-01,212.59304809570312,213.82881264887993,208.18809734114114,208.3674918385056,57365700,AAPL
2025-05-02,204.65020751953125,206.28461806468735,201.4710760745947,205.38767599056177,101010600,AAPL
2025-05-05,198.21221923828125,203.4044712176219,197.5345438511527,202.40787903175757,69018500,AAPL
2025-05-06,197.83349609375,199.96620262041338,196.34858356859348,197.5345306234426,51216500,AAPL
2025-05-07,195.58120727539062,198.7603386318323,192.59143085844198,198.49125449640593,68536700,AAPL
2025-05-08,196.81698608398438,199.3682595147921,194.0165494128041,197.04619801698016,50478900,AAPL
2025-05-09,197.8534393310547,199.85658408831688,196.86680762308345,198.32183886048443,36453900,AAPL
2025-05-12,210.34713745117188,210.82613996616402,206.31563192374182,210.52676720097676,63775800,AAPL
2025-05-13,212.48263549804688,212.95164926547025,208.56089957562318,209.98788789546765,51909300,AAPL
2025-05-14,211.88389587402344,213.49051386836734,210.13757262915965,211.98367663769176,49325800,AAPL
2025-05-15,211.00575256347656,212.51258988469863,209.0997617101353,210.506803034962,45029500,AAPL
2025-05-16,210.81614685058594,212.12340739052024,209.3292870180407,211.9138418912236,54737900,AAPL
2025-05-19,208.3413543701172,209.0398806327114,203.83084657536088,207.47318710280226,46140500,AAPL
2025-05-20,206.42539978027344,208.03201787298204,204.5992426766309,207.23369558110693,42496600,AAPL
2025-05-21,201.6654052734375,206.60500227852873,200.28831500749223,204.73893602091724,59211800,AAPL
2025-05-22,200.9369354248047,202.32401437172413,199.28041949489233,200.2883071907537,46742400,AAPL
2025-05-23,194.85975646972656,197.28464391104225,193.05356158182016,193.26311186041877,78432900,AAPL
2025-05-27,199.78936767578125,200.31825293342968,197.01519441683536,197.88337691051132,56288500,AAPL
2025-05-28,199.99891662597656,202.30406088976383,199.48000488022652,200.16855762950956,45339700,AAPL
2025-05-29,199.5299072265625,203.38179807643976,198.09293019267844,203.15228556391767,51396800,AAPL
2025-05-30,200.4280242919922,201.53569281345096,196.36656797106642,198.95112277889336,70819900,AAPL
2025-06-02,201.27622985839844,201.70533435611304,199.69954757512772,199.85921507319503,35423300,AAPL
2025-06-03,202.84292602539062,203.34187550579085,200.53778186221837,200.92696184786135,46381600,AAPL
2025-06-04,202.39389038085938,205.80670326672896,201.67540185470463,202.48369763994597,43604000,AAPL
2025-06-05,200.20849609375,204.3198354061699,199.7294935749724,203.07246156364138,55126100,AAPL
2025-06-06,203.49156188964844,205.26782088834017,201.62549563553227,202.57349663849442,46607700,AAPL
2025-06-09,201.02676391601562,205.56720771427428,199.59977555964565,203.96058960802065,72862600,AAPL
2025-06-10,202.2441864013672,203.92066462184746,200.14860765917956,200.1785434107301,54672600,AAPL
2025-06-11,198.36236572265625,204.07034932786254,197.99314795828434,203.0724503091444,60989900,AAPL
2025-06-12,198.78147888183594,199.26046614106752,196.94534836583952,198.66173587371065,43904600,AAPL
2025-06-13,196.03726196289062,199.9490243445518,195.2888376882346,199.3103695725812,51447300,AAPL
2025-06-16,198.0031280517578,198.27256505925683,196.1470352061455,196.8854859861783,43020700,AAPL
2025-06-17,195.2289581298828,197.97318035709665,194.79986887227625,196.78567812068002,38856200,AAPL
2025-06-18,196.16697692871094,197.15490236836843,194.66015499959357,195.52832221137376,45394700,AAPL
2025-06-20,200.57769775390625,201.27622400422058,196.44639652864126,197.8235020126397,96813500,AAPL
2025-06-23,201.07666015625,201.87498244787415,198.54200324907936,201.20639190632414,55814300,AAPL
2025-06-24,199.87918090820312,203.0125832870988,199.77938491343542,202.16436301176623,54064000,AAPL
2025-06-25,201.13653564453125,203.2421033073339,200.19850807531137,201.0267661369261,39525700,AAPL
2025-06-26,200.57769775390625,202.2142514946699,199.04094000321476,201.00678701240994,50799100,AAPL
2025-06-27,200.65753173828125,202.7930349784745,199.57979899649257,201.4658274879402,73188600,AAPL
2025-06-30,204.7389373779297,206.95427439094752,198.84135059390303,201.58557286233471,91912800,AAPL
2025-07-01,207.3833770751953,209.74839282792448,205.70689884063935,206.23578409144605,78788900,AAPL
2025-07-02,211.99366760253906,212.8917706186518,207.7026988246806,208.47108532398713,67941800,AAPL
2025-07-03,213.10134887695312,214.19902871499423,211.36499901814886,211.70428104663077,34955800,AAPL
2025-07-07,209.50889587402344,215.77570049162512,208.36131809352125,212.23315593085263,50229000,AAPL
2025-07-08,209.5687713623047,210.98578616820197,208.01205130024096,209.658593847986,42848900,AAPL
2025-07-09,210.69639587402344,210.8859991217609,206.78463359109693,209.0897778625777,48749400,AAPL
2025-07-10,211.96372985839844,213.03147386855414,209.58872537016995,210.06771262581316,44443600,AAPL
2025-07-11,210.7163543701172,211.68431760849728,209.41908263784933,210.12759762046792,39765800,AAPL
2025-07-14,208.1816864013672,210.46688365912564,207.10395364435493,209.48893166698292,38840100,AAPL
2025-07-15,208.67066955566406,211.44482767792792,208.48106630115817,208.7804390594974,42296300,AAPL
2025-07-16,209.71847534179688,211.95375954691573,208.2016644692293,209.8581806046168,47490500,AAPL
2025-07-17,209.57875061035156,211.3550095983717,209.14964612579556,210.12759810142074,48068100,AAPL
2025-07-18,210.73631286621094,211.34503189230253,209.25942654413325,210.42696659875526,48974600,AAPL
2025-07-21,212.0335693359375,215.3266389893317,211.18536434566,211.65437808070223,51377400,AAPL
2025-07-22,213.94955444335938,214.49840197701596,211.78411528941558,212.69220709721728,46404100,AAPL
2025-07-23,213.7000732421875,214.69797228179937,211.9637386583707,214.54829351654996,46989300,AAPL
2025-07-24,213.31088256835938,215.2368355364858,213.08137006420023,213.45058781785585,46022600,AAPL
2025-07-25,213.43064880371094,214.7877920897316,212.95164630742312,214.24891808809048,40268800,AAPL
2025-07-28,213.6002960205078,214.39861831079742,212.61237047326716,213.5803337758995,37858000,AAPL
2025-07-29,210.8261260986328,214.3586818606333,210.37707459375494,213.73000061776605,51411700,AAPL
2025-07-30,208.6107940673828,211.94377315400357,207.28358653790625,211.454797150492,45512500,AAPL
2025-07-31,207.1339111328125,209.39913099136336,206.72476887181696,208.0519764228089,80698400,AAPL
2025-08-01,201.95481872558594,213.1312852679161,201.07666267114303,210.4269720875647,104434500,AAPL
2025-08-04,202.9227752685547,207.44325668811337,201.25627047720934,204.0803265791815,75109300,AAPL
2025-08-05,202.49366760253906,204.90858140720596,201.73526982787092,202.97265486934364,44155100,AAPL
2025-08-06,212.80197143554688,214.9275012748427,205.15806109322384,205.19798558200998,108483100,AAPL
2025-08-07,219.56771850585938,220.38600300495352,216.12496995802366,218.42014073215765,90224800,AAPL
2025-08-08,228.86814880371094,230.5146761138317,218.78936250198095,220.36604479784603,113854000,AAPL
2025-08-11,226.95997619628906,229.33767612130436,224.54232171734583,227.6992650180531,61806100,AAPL
2025-08-12,229.42758178710938,230.57647717809445,226.8500938879156,227.78917070894937,55626200,AAPL
2025-08-13,233.10403442382812,234.77241529044048,230.2068337695816,230.8462285986664,69878500,AAPL
2025-08-14,232.5545654296875,234.89229562265464,230.6264418350812,233.83332460758467,51916300,AAPL
2025-08-15,231.36570739746094,234.0531046408583,229.11788646444978,233.77337703316005,56038700,AAPL
2025-08-18,230.66639709472656,232.89423321308522,229.88715369469057,231.47561022214762,37476200,AAPL
2025-08-19,230.3367156982422,232.64447617946885,229.1278960385577,231.05601964615855,39402600,AAPL
2025-08-20,225.79110717773438,230.24679444121838,225.55134937034353,229.75726351111018,42263900,AAPL
2025-08-21,224.68218994140625,226.30063142153253,223.56327948127884,226.05087353353895,30621200,AAPL
2025-08-22,227.53941345214844,228.8681272027074,225.1916985271248,225.95095699429655,42477800,AAPL
2025-08-25,226.94000244140625,229.07792927219558,226.01089520624416,226.26065308481304,30983100,AAPL
2025-08-26,229.08792114257812,229.26775474756235,224.4724002828088,226.65028173376106,54575100,AAPL
2025-08-27,230.26678466796875,230.676376013076,228.03893336267103,228.38860049855515,31259500,AAPL
2025-08-28,232.33477783203125,233.18396075811214,229.11789497993007,230.59647266873003,38074700,AAPL
2025-08-29,231.91517639160156,233.15398096397084,231.145917853049,232.28481317583598,39418400,AAPL
2025-09-02,229.49752807617188,230.62643860177437,226.75019132336067,229.02798202980685,44075600,AAPL
2025-09-03,238.2390594482422,238.6186963224971,234.133039090421,236.98028515930878,66427800,AAPL
2025-09-04,239.5477752685547,239.66765417218173,236.51072617258424,238.21906152531412,47549400,AAPL
2025-09-05,239.45787048339844,241.08629675958926,238.25903569310344,239.76756781945676,54870400,AAPL
2025-09-08,237.64962768554688,239.91741830634814,236.11111057683257,239.06825064349684,48999500,AAPL
2025-09-09,234.123046875,238.5487492683241,233.13400016518182,236.77047435136637,66313900,AAPL
2025-09-10,226.5703582763672,232.19491077497392,225.73117543382176,231.96513778704139,83440800,AAPL
2025-09-11,229.80722045898438,230.22681187017153,226.43048902665416,226.66027725307507,50208600,AAPL
2025-09-12,233.84332275390625,234.28288383192944,228.79821036620638,228.9980136278554,55824200,AAPL
2025-09-15,236.47076416015625,237.95932665324483,234.80238330570734,236.77047667310174,42699500,AAPL
2025-09-16,237.9193572998047,240.98639147239973,236.09114297984144,236.9502954777413,63421100,AAPL
2025-09-17,238.75856018066406,239.86748583209587,237.4997706474641,238.73857528095925,46508000,AAPL
2025-09-18,237.64962768554688,240.9664044724694,236.4208079152849,239.737599946219,44249600,AAPL
2025-09-19,245.26223754882812,246.06146581163878,239.9773675285625,240.99636870073516,163741300,AAPL
2025-09-22,255.8319854736328,256.3914711896616,247.8797028858207,248.05953649140056,105517400,AAPL
2025-09-23,254.18359375,257.0907792625319,253.33442606621003,255.63220171436936,60275200,AAPL
2025-09-24,252.06564331054688,255.4923293909784,250.79686899703333,254.9728287261993,42303700,AAPL
2025-09-25,256.6212158203125,256.9209435623003,251.466224879955,252.96477212582877,55202100,AAPL
2025-09-26,255.2126007080078,257.3505275669758,253.5342198150173,253.8539172209246,46076300,AAPL
2025-09-29,254.18359375,254.75304905914027,252.76497075706976,254.31347273152574,40127700,AAPL
2025-09-30,254.38340759277344,255.67215158054225,252.8648753735947,254.61318058017173,37704300,AAPL
2025-10-01,255.20260620117188,258.53938316103813,254.6831055272507,254.7929996074261,48713900,AAPL
2025-10-02,256.8809814453125,257.9299523535748,253.9038565188199,256.33149581258533,42630200,AAPL
2025-10-03,257.7701110839844,258.9889308017334,253.70406057825727,254.42336451804394,49155600,AAPL
2025-10-06,256.44140625,258.819106172963,254.80299514816292,257.7401350456914,44664100,AAPL
2025-10-07,256.23162841796875,257.15072039039774,255.18262697514498,256.56129542181253,31955800,AAPL
2025-10-08,257.8100891113281,258.2696351050741,255.8619653198879,256.2715719294531,36496900,AAPL
2025-10-09,253.79396057128906,257.75013209688524,252.8948383011137,257.5603136690899,38322000,AAPL
2025-10-10,245.032470703125,256.13171175032437,243.76369637579657,254.69310389004832,61999100,AAPL
2025-10-13,247.42015075683594,249.44818352992385,245.32217845998096,249.13848619669534,38142900,AAPL
2025-10-14,247.53004455566406,248.60900042906025,244.46301046499008,246.36117950382103,35478000,AAPL
2025-10-15,249.09852600097656,251.5761352503302,247.2303418581919,249.24838988167792,33893600,AAPL
2025-10-16,247.21035766601562,248.79881419551728,244.8926123625184,248.00958596667436,39777000,AAPL
2025-10-17,252.045654296875,253.13461023404025,247.03052706557392,247.77980070207627,49147000,AAPL
2025-10-20,261.98602294921875,264.1239650925819,255.3824390623343,255.64218177653177,90483000,AAPL
2025-10-21,262.5155029296875,265.03308188579996,261.5764108568555,261.6263807259345,46695900,AAPL
2025-10-22,258.19970703125,262.5954395959732,255.18261234613632,262.3956210979312,45015300,AAPL
2025-10-23,259.3285827636719,260.36758405794774,257.76012648314656,259.68824995662277,32754900,AAPL
2025-10-24,262.56549072265625,263.87421967110856,258.9290010880386,260.93706434715574,38253700,AAPL
2025-10-27,268.5496520996094,268.8593494221352,264.3936774471076,264.6234656652487,44888200,AAPL
2025-10-28,268.7394714355469,269.6286240979669,267.8902885694659,268.7294713644567,41534800,AAPL
2025-10-29,269.4388122558594,271.1471476128123,266.85129379808274,269.01920560410514,51086700,AAPL
2025-10-30,271.13714599609375,273.87451306817263,268.2199910571769,271.72657092903916,69886500,AAPL
2025-10-31,270.108154296875,277.05143573891627,268.89933466249033,276.721738255342,86167100,AAPL
2025-11-03,268.7894287109375,270.5877038096653,265.9921525413924,270.15812755648943,50194600,AAPL
2025-11-04,269.7784729003906,271.22705027239556,267.36080327265466,268.0701070960229,49274800,AAPL
2025-11-05,269.8783874511719,271.43687417180433,266.67147434431234,268.3498399683747,43683100,AAPL
2025-11-06,269.50872802734375,273.1352174017799,267.6305743388968,267.6305743388968,51204000,AAPL
2025-11-07,268.2099914550781,272.02629915101613,266.51162568814635,269.5386899523433,48227400,AAPL
2025-11-10,269.42999267578125,273.7300109863281,267.4599914550781,268.9599914550781,41312400,AAPL
2025-11-11,275.25,275.9100036621094,269.79998779296875,269.80999755859375,46208300,AAPL
2025-11-12,273.4700012207031,275.7300109863281,271.70001220703125,275.0,48398000,AAPL
2025-11-13,272.95001220703125,276.70001220703125,272.0899963378906,274.1099853515625,49602800,AAPL
2025-11-14,272.4100036621094,275.9599914550781,269.6000061035156,271.04998779296875,47431300,AAPL
2025-11-17,267.4599914550781,270.489990234375,265.7300109863281,268.82000732421875,45018300,AAPL
2025-11-18,267.44000244140625,270.7099914550781,265.32000732421875,269.989990234375,45677300,AAPL
2025-11-19,268.55999755859375,272.2099914550781,265.5,265.5299987792969,40424500,AAPL
2025-11-20,266.25,275.42999267578125,265.9200134277344,270.8299865722656,45823600,AAPL
2025-11-21,271.489990234375,273.3299865722656,265.6700134277344,265.95001220703125,59030800,AAPL
2025-11-24,275.9200134277344,277.0,270.8999938964844,270.8999938964844,65585800,AAPL
2025-11-25,276.9700012207031,280.3800048828125,275.25,275.2699890136719,46914200,AAPL
2025-11-26,277.54998779296875,279.5299987792969,276.6300048828125,276.9599914550781,33431400,AAPL
2025-11-28,278.8500061035156,279.0,275.989990234375,277.260009765625,20135600,AAPL
2025-12-01,283.1000061035156,283.4200134277344,276.1400146484375,278.010009765625,46587700,AAPL
2025-12-02,286.19000244140625,287.3999938964844,282.6300048828125,283.0,53669500,AAPL
2025-12-03,284.1499938964844,288.6199951171875,283.29998779296875,286.20001220703125,43538700,AAPL
2025-12-04,280.70001220703125,284.7300109863281,278.5899963378906,284.1000061035156,43989100,AAPL
2025-12-05,278.7799987792969,281.1400146484375,278.04998779296875,280.5400085449219,47265800,AAPL
2025-12-08,277.8900146484375,279.6700134277344,276.1499938964844,278.1300048828125,38211800,AAPL
2025-12-09,277.17999267578125,280.0299987792969,276.9200134277344,278.1600036621094,32193300,AAPL
2025-12-10,278.7799987792969,279.75,276.44000244140625,277.75,33038300,AAPL
2025-12-11,278.0299987792969,279.5899963378906,273.80999755859375,279.1000061035156,33248000,AAPL
2025-12-12,278.2799987792969,279.2200012207031,276.82000732421875,277.8999938964844,39532900,AAPL
2025-12-15,274.1099853515625,280.1499938964844,272.8399963378906,280.1499938964844,50409100,AAPL
2025-12-16,274.6099853515625,275.5,271.7900085449219,272.82000732421875,37648600,AAPL
2025-12-17,271.8399963378906,276.1600036621094,271.6400146484375,275.010009765625,50138700,AAPL
2025-12-18,272.19000244140625,273.6300048828125,266.95001220703125,273.6099853515625,51630700,AAPL
2025-12-19,273.6700134277344,274.6000061035156,269.8999938964844,272.1499938964844,144632000,AAPL
2025-12-22,270.9700012207031,273.8800048828125,270.510009765625,272.8599853515625,36571800,AAPL
2025-12-23,272.3599853515625,272.5,269.55999755859375,270.8399963378906,29642000,AAPL
2025-12-24,273.80999755859375,275.42999267578125,272.20001220703125,272.3399963378906,17910600,AAPL
2025-12-26,273.3999938964844,275.3699951171875,272.8599853515625,274.1600036621094,21521800,AAPL
2025-12-29,273.760009765625,274.3599853515625,272.3500061035156,272.69000244140625,23715200,AAPL
2025-12-30,273.0799865722656,274.0799865722656,272.2799987792969,272.80999755859375,22139600,AAPL
2025-12-31,271.6058349609375,273.42414083736213,271.49595243002375,272.80472532736104,27293600,AAPL