Date,open,high,low,close,volume
2005-01-03,0.9714105012783956,0.976359138714544,0.9387199028815704,0.9490673542022704,691992000.0
2005-01-04,0.956564166135096,0.9817566176747634,0.9442677575471572,0.9588138461112976,1096810400.0
2005-01-05,0.9666107517636312,0.97845798340873,0.9604629488026736,0.9672111868858336,680433600.0
2005-01-06,0.9697598756277954,0.973358982628204,0.9496663214197172,0.9679610729217528,705555200.0
2005-01-07,0.9747086124929748,1.0441381597495605,0.9709599469017473,1.0384396314620972,2227450400.0
2005-01-10,1.0471372149790414,1.0601836198671035,1.0178962740478152,1.0340917110443115,1725309600.0
2005-01-11,1.0234442559559047,1.0369398323232275,0.9618125585366069,0.9681106209754944,2611627200.0
2005-01-12,0.9814566417700014,0.98820477896586,0.9492161424694971,0.981606900691986,1919702400.0
2005-01-13,1.1053197249993851,1.1159668877395377,1.045637992702159,1.0466876029968262,3164716800.0
2005-01-14,1.0534353926911126,1.0754788179421768,1.0375405735878207,1.0526854991912842,1770742400.0
2005-01-18,1.0474366512399518,1.0601832342438426,1.015946041291997,1.0594333410263062,1006460000.0
2005-01-19,1.057034465863128,1.0715797564786171,1.0459380245328016,1.047887086868286,751895200.0
2005-01-20,1.0444377351740637,1.068730828429289,1.0417387806620264,1.0565838813781738,914922400.0
2005-01-21,1.069331003946744,1.0736792049604529,1.049686717504044,1.0570344924926758,911332800.0
2005-01-24,1.064382111185852,1.0763787023949127,1.0579336893922553,1.0610827207565308,841629600.0
2005-01-25,1.0702306728551387,1.0922741044616713,1.063783048444198,1.0804277658462524,969231200.0
2005-01-26,1.0895743975740848,1.0909238249311877,1.0679810572132635,1.083426594734192,739496800.0
2005-01-27,1.0820769225152682,1.093473984663447,1.0729303421778338,1.0892752408981323,496227200.0
2005-01-28,1.088974949696273,1.1093683242797852,1.0862751935670023,1.1093683242797852,801612000.0
2005-01-31,1.1183662233353262,1.1680012323759426,1.1173165128431166,1.1531553268432615,1681097600.0
2005-02-01,1.1554050294156963,1.1662016514091242,1.1483569731156806,1.1626025438308716,678395200.0
2005-02-02,1.1689006741556367,1.198291969573963,1.1650017491689098,1.1940932273864746,1020062400.0
2005-02-03,1.1861462839121772,1.1910949214111162,1.1596042926140593,1.1668018102645874,731651200.0
2005-02-04,1.167701750965637,1.1835965707137912,1.1626028553624614,1.1822470426559448,563556000.0
2005-02-07,1.1835964556338137,1.1898946196798137,1.16215346694836,1.1837468147277832,524456800.0
2005-02-08,1.1856959651022725,1.2203356196638229,1.1814971220223958,1.2131381034851074,890019200.0
2005-02-09,1.2152371001485498,1.2294826705470905,1.1711502606512865,1.1807469129562378,1191456000.0
2005-02-10,1.1804472155049863,1.1888446993482351,1.1495570362506342,1.1750493049621582,1093019200.0
2005-02-11,1.1975422861877374,1.226034134999762,1.1837468885091469,1.2177869081497192,1201054400.0
2005-02-14,1.2405785580134323,1.271469523869891,1.2303822758873608,1.269070386886597,1271463200.0
2005-02-15,1.2995118842384734,1.3358007751110836,1.2896146136827755,1.3257540464401243,2312217600.0
2005-02-16,1.3218552733107938,1.3525958980646045,1.3098585803519436,1.351546287536621,1639243200.0
2005-02-17,1.359344141792137,1.3627929908156975,1.3113583708806136,1.316757082939148,1518473600.0
2005-02-18,1.3157075018994615,1.3175070058886975,1.29336426133529,1.3017617464065552,1163254400.0
2005-02-22,1.294113257357372,1.3241048881674458,1.278968334197998,1.278968334197998,1219293600.0
2005-02-23,1.30041129168143,1.3263536378165397,1.282867230651256,1.3230551481246948,1345181600.0
2005-02-24,1.3268037447443577,1.339249611405514,1.3155569465950074,1.3335518836975098,1519028000.0
2005-02-25,1.3438986320394453,1.3482476332415756,1.322454744609403,1.33445143699646,915510400.0
2005-02-28,1.3399998515967348,1.3537961504670175,1.3184066022043128,1.3453986644744873,651610400.0
2005-03-01,1.349297287949138,1.3528955947748664,1.3244045527004824,1.334601640701294,468188000.0
2005-03-02,1.3271033224743156,1.3462975262850512,1.3220052296634146,1.3232043981552124,458161200.0
2005-03-03,1.3307030177304724,1.331902186662016,1.2362312499920598,1.2533259391784668,1411653600.0
2005-03-04,1.282416925350999,1.2899141558321154,1.2551250563369818,1.283916711807251,756618800.0
2005-03-07,1.2836159946562298,1.2971124700256262,1.2701204202397811,1.2821170091629028,450632000.0
2005-03-08,1.2566251435242215,1.2644222931202176,1.2026410268629102,1.2155370712280271,1021451200.0
2005-03-09,1.1888449507216794,1.208039060556283,1.1645526463421412,1.180147647857666,1322465200.0
2005-03-10,1.1855458875154083,1.2074390445655934,1.172649846985765,1.1945430040359497,777109200.0
2005-03-11,1.2059393727829713,1.2173364288735085,1.1936437661832668,1.2077388763427734,632830800.0
2005-03-14,1.2152372523416994,1.2233350199886297,1.1852465213751782,1.2092390060424805,605385200.0
2005-03-15,1.2188363602440928,1.2338317244951753,1.207139485609307,1.2284330129623413,508608800.0
2005-03-16,1.2359312612210112,1.2689207653427808,1.2230352167265162,1.235031008720398,697813200.0
2005-03-17,1.2455272975039142,1.2860158158149728,1.2392291369342114,1.267121434211731,801920000.0
2005-03-18,1.299511991284105,1.302811382058834,1.2746192546231876,1.288415551185608,940150400.0
2005-03-21,1.2983119777365544,1.3187060540985758,1.2854159340832911,1.3106083869934082,541128000.0
2005-03-22,1.3109084376683031,1.3184065718184108,1.2800182512197518,1.2845168113708496,551415200.0
2005-03-23,1.2731196581629485,1.3016115069603835,1.2602236121450336,1.2761192321777344,609823200.0
2005-03-24,1.286915129352185,1.2896140835310492,1.2746186256408691,1.2746186256408691,352704800.0
2005-03-28,1.28211737075107,1.288415534161649,1.2737198862742387,1.2755194902420044,275410800.0
2005-03-29,1.2764188419788505,1.2845166093586518,1.2446285080335735,1.2521257400512695,461356000.0
2005-03-30,1.2617230082375532,1.283616065979004,1.2542248769660334,1.283616065979004,394959600.0
2005-03-31,1.2731196249672947,1.275219046426307,1.2473276337099002,1.2497267723083496,636134800.0
2005-04-01,1.2623226707476334,1.265022426733074,1.2167368469638111,1.226333498954773,641284000.0
2005-04-04,1.2293331997199577,1.2389298519256482,1.2044404659372852,1.2323318719863892,580014400.0
2005-04-05,1.2362310701551924,1.2668214356943923,1.2323320448675874,1.2563245296478271,556239600.0
2005-04-06,1.2716207771510446,1.2839171887113563,1.2641226429317691,1.2695213556289673,414825600.0
2005-04-07,1.2695213033937904,1.312108365532527,1.267122164821986,1.3064098358154297,506987600.0
2005-04-08,1.310608378175916,1.3331018755154038,1.3058100016601029,1.3118083477020264,649950000.0
2005-04-11,1.3241049603061108,1.3271036330315256,1.2569249809829313,1.2572247982025146,821662800.0
2005-04-12,1.2743197776551436,1.295313493080695,1.2599239440691483,1.279417872428894,981061200.0
2005-04-13,1.2881152259802044,1.28931439423481,1.211337825288259,1.230831742286682,1371946800.0
2005-04-14,1.1639521989878552,1.186445799875994,1.104869983020749,1.1174662113189695,2753192400.0
2005-04-15,1.0982717775630184,1.117166064381348,1.0580838658504477,1.06018328666687,1728087200.0
2005-04-18,1.049686600086267,1.088675351361196,1.0196957688821917,1.068281173706055,1327177600.0
2005-04-19,1.097672221972331,1.12286467294064,1.075778260459576,1.112367868423462,1081642800.0
2005-04-20,1.1294627167795994,1.131861854951436,1.062882378010081,1.0649816989898682,945131600.0
2005-04-21,1.0916737039417763,1.115966799654035,1.0766783427897049,1.115066647529602,759592400.0
2005-04-22,1.1048694335867095,1.1096686092977723,1.046687399020301,1.0646815299987793,839129200.0
2005-04-25,1.0943726307435424,1.1102682437194795,1.0829764768982035,1.1090682744979858,746460400.0
2005-04-26,1.10307034641083,1.1249643121714177,1.083276602871913,1.0853760242462158,810507600.0
2005-04-27,1.0763786827820734,1.0904738938672045,1.0649816260287217,1.0781782865524292,613888800.0
2005-04-28,1.0883742988920282,1.0898740851131097,1.0568836934371997,1.065881609916687,575106000.0
2005-04-29,1.0841757626023811,1.0865757013050903,1.056284258416641,1.081476807594299,671630400.0
2005-05-02,1.0859753053910357,1.0991719655559362,1.0802776781223768,1.0925732851028442,465920000.0
2005-05-03,1.091673697647498,1.101870783426239,1.080577260596595,1.085975170135498,496739600.0
2005-05-04,1.082976887584282,1.1156665762341298,1.0826770703505075,1.1141676902770996,448176400.0
2005-05-05,1.1171662157844529,1.1177658501729069,1.09377336711528,1.1000714302062988,387366000.0
2005-05-06,1.1063692100991378,1.1195650662038032,1.1033704385603509,1.116866111755371,326247600.0
2005-05-09,1.1180667985501629,1.1231648936291634,1.102171176946606,1.1087690591812134,355695200.0
2005-05-10,1.1021706233881212,1.1171659847644226,1.0895743997049634,1.0922733545303345,440263600.0
2005-05-11,1.055684716629283,1.0697807275677231,0.993003311447053,1.0679811239242554,2041981200.0
2005-05-12,1.0622821494254349,1.0673802401094774,1.019695118208096,1.0235941410064695,970242000.0
2005-05-13,1.0256939597651442,1.056584137825722,1.0217950351759733,1.0427887439727783,702713200.0
2005-05-16,1.0364908800722543,1.0706804583434264,1.0355907275608955,1.0661818981170654,474294800.0
2005-05-17,1.0538850995846063,1.0634825517688553,1.035890164543579,1.0604829788208008,588344400.0
2005-05-18,1.0631822925653975,1.126464153446437,1.0493868951443872,1.074879169464111,636722800.0
2005-05-19,1.0730795150343646,1.1300624080812085,1.0730795150343646,1.1261634826660156,793161600.0
2005-05-20,1.117166362900794,1.1291630564860022,1.1153668588630128,1.1261634826660156,452650800.0
2005-05-23,1.135160791515311,1.1966421112051997,1.135160791515311,1.1924433708190918,1042574400.0
2005-05-24,1.1831472882858518,1.199341825095936,1.1705510591496735,1.19064462184906,593460000.0
2005-05-25,1.1846457495941043,1.1981421252778504,1.1792478399982775,1.193043231964111,396006800.0
2005-05-26,1.1978427705147756,1.2278335020322813,1.1978427705147756,1.2218352556228638,525520800.0
2005-05-27,1.2188363058983385,1.2233348649201274,1.1999419175408572,1.2164362668991089,316008000.0
2005-05-31,1.2194354163095935,1.221834653627712,1.18704466140339,1.1924433708190918,404205200.0
2005-06-01,1.1963432092712547,1.2224350204739851,1.1954429565946096,1.2086396217346191,453812800.0
2005-06-02,1.2011412440651226,1.2092390117502756,1.1876456653312732,1.2008414268493652,373973600.0
2005-06-03,1.144458361317136,1.157054590597203,1.1327623846808608,1.146857500076294,956869200.0
2005-06-06,1.14955730621634,1.158554326430128,1.1264641701711875,1.1372607946395874,811966400.0
2005-06-07,1.12766307219883,1.1315619969315858,1.0931736853432363,1.0958726406097412,745264800.0
2005-06-08,1.0985716282162667,1.1171662002483218,1.0967721244404822,1.1072689294815063,404006400.0
2005-06-09,1.109668515231237,1.13785972847517,1.1042698058977338,1.1291624307632446,390255600.0
2005-06-10,1.1216647646426954,1.1216647646426954,1.0652815140126033,1.0739796161651611,678932800.0
2005-06-13,1.0763786973050369,1.097972040828546,1.0742793764407474,1.0766785144805908,435772400.0
2005-06-14,1.0772784619303934,1.0841762617319166,1.0721803667197096,1.079677700996399,347846800.0
2005-06-15,1.1057701832540918,1.118666128078051,1.0886753957568824,1.1135672330856323,563343200.0
2005-06-16,1.1153664402981738,1.1420586730847528,1.104270003425634,1.1390599012374878,547674400.0
2005-06-17,1.1537558338198746,1.1558551548289888,1.1345608261647973,1.1489566564559937,596125600.0
2005-06-20,1.1351611424977124,1.1423586564657449,1.123164451668507,1.1279628276824951,323716400.0
2005-06-21,1.131262112284624,1.1453581225860543,1.1210650261384096,1.1354608535766602,370526800.0
2005-06-22,1.1474578069275478,1.1576540954589138,1.143858698768221,1.1561551094055176,424925200.0
2005-06-23,1.1645527868134065,1.1930438374390273,1.1591540736306196,1.166352391242981,674254000.0
2005-06-24,1.172349653113652,1.1732499056631538,1.1300624093436828,1.1324615478515625,410709600.0
2005-06-27,1.1048698487894302,1.1426585290931226,1.1000714721221625,1.1126677989959717,600171600.0
2005-06-28,1.1243644365474237,1.1273631084995328,1.1147668843946426,1.1189656257629397,350299600.0
2005-06-29,1.116566621716138,1.1183662255264974,1.0832764038191045,1.0907745361328125,448358400.0
2005-06-30,1.0979718255679334,1.1144669724963778,1.0889747093117756,1.1039701700210571,418390000.0
2005-07-01,1.1045700707428578,1.108768813147677,1.0883747355561415,1.0946727991104126,250000800.0
2005-07-05,1.0961722382944763,1.144157993568429,1.0946724519473094,1.1390599012374878,454269200.0
2005-07-06,1.1309627453512787,1.144458325904158,1.1156666595665294,1.1213651895523071,394626400.0
2005-07-07,1.1039704851236165,1.1324614281374437,1.1036706679212664,1.128563404083252,383723200.0
2005-07-08,1.135761052021388,1.1480575640786737,1.1237644573339365,1.1471573114395142,290735200.0
2005-07-11,1.1507562390691768,1.1591537231619762,1.1330618193115185,1.1426584720611572,388788400.0
2005-07-12,1.1465577829167797,1.1516566785479951,1.1369611277742162,1.146857500076294,387038400.0
2005-07-13,1.1483568942368556,1.1546550567749505,1.136660120755156,1.1501564979553225,684835200.0
2005-07-14,1.223334778826325,1.2599234834137434,1.206539812626488,1.222134709358215,2096060400.0
2005-07-15,1.228732798574405,1.246727735742778,1.213437617526693,1.2461282014846802,687682800.0
2005-07-18,1.2419298368572045,1.262622934738323,1.2407297669173905,1.2443289756774902,586297600.0
2005-07-19,1.245227934455939,1.296513089343532,1.2317323574001755,1.2953131198883057,671062000.0
2005-07-20,1.2854160770545613,1.3136081065651324,1.27911791307356,1.308509111404419,453395600.0
2005-07-21,1.3106084780971432,1.320805567039934,1.2866159930534309,1.298312067985535,404264000.0
2005-07-22,1.3028112179000602,1.3196061849594116,1.3013114313058538,1.3196061849594116,301106400.0
2005-07-25,1.3193054137963984,1.3280035143341784,1.3115083663601683,1.313907504081726,294627200.0
2005-07-26,1.319906270546134,1.3229049433912563,1.3004114433985827,1.308509111404419,268592800.0
2005-07-27,1.3145070443505924,1.321705358501683,1.2797179455322658,1.319305419921875,283749200.0
2005-07-28,1.315107155679384,1.319606516592748,1.2986128024925805,1.313608169555664,251311200.0
2005-07-29,1.3064101848033702,1.3310031135876643,1.2674223206369346,1.279118299484253,562080400.0
2005-08-01,1.2767182988880843,1.292013476764767,1.262022655145203,1.2821170091629028,314249600.0
2005-08-02,1.2863160017805282,1.3046099550686572,1.2779185180297048,1.2953131198883057,296875600.0
2005-08-03,1.2953130833645077,1.2989121907814818,1.2827168580934467,1.2962124347686768,258322400.0
2005-08-04,1.286316237611873,1.289614827815294,1.2683212973558335,1.2809175252914429,269304000.0
2005-08-05,1.27431926566242,1.300411065378626,1.26022315489885,1.2893146276474,241931200.0
2005-08-08,1.289615209254975,1.2971133451687502,1.277919130301706,1.279118299484253,176383200.0
2005-08-09,1.2875153317357415,1.3163069942206496,1.2869157974095586,1.314207673072815,380839200.0
2005-08-10,1.3196062533444544,1.3313022268861363,1.2989122605125358,1.3010116815567017,360945200.0
2005-08-11,1.3013114313058538,1.3232044915358867,1.297112689541016,1.3196061849594116,271983600.0
2005-08-12,1.303411091375857,1.3861860788988447,1.300411517406741,1.3825876712799072,916036800.0
2005-08-15,1.3939840597291833,1.4494671737832867,1.3930847080056423,1.4299732446670532,1086727600.0
2005-08-16,1.4212754841622397,1.4245748746264757,1.3858859451499153,1.3870859146118164,537622400.0
2005-08-17,1.3915841486970733,1.4227749385262645,1.3906838965196604,1.414077639579773,499724400.0
2005-08-18,1.4068796058208586,1.4095785609839178,1.372090503223334,1.388584852218628,442559600.0
2005-08-19,1.3879856030670326,1.400581931927786,1.3726904184001445,1.3744900226593018,376569200.0
2005-08-22,1.3840863946050903,1.402081432460641,1.3573949563902414,1.375688910484314,387732800.0
2005-08-23,1.3750893227138643,1.3825873549678998,1.359193706559824,1.3717899322509766,295604400.0
2005-08-24,1.3675910686623574,1.413177691219368,1.367291251509014,1.372689962387085,572070800.0
2005-08-25,1.3831870760870435,1.394283515832777,1.373889339322458,1.38138747215271,276253600.0
2005-08-26,1.383186989327944,1.3897848693005908,1.3603936760212345,1.3717899322509766,261058000.0
2005-08-29,1.3576948097157429,1.3804881245157687,1.357394992516078,1.3747895956039429,256295200.0
2005-08-30,1.3792881175386946,1.403280600380259,1.377188696456656,1.396682620048523,518761600.0
2005-08-31,1.4053795501383437,1.4104785432714997,1.3876852351107782,1.4062798023223877,402956400.0
2005-09-01,1.4095787251066805,1.4146777198098526,1.382286850481154,1.3873858451843262,356367200.0
2005-09-02,1.38858538101052,1.403581650926891,1.3831874686288042,1.3861862421035769,222378800.0
2005-09-06,1.4005820545246015,1.4659623426807666,1.3960834939596107,1.4635632038116455,818619200.0
2005-09-07,1.471060919720777,1.4815578249989283,1.4371711658063384,1.4599636793136597,963074000.0
2005-09-08,1.4800583084384036,1.5031513440959756,1.4737601441007493,1.4929542541503906,702640400.0
2005-09-09,1.501651036257199,1.5400401439943758,1.4932535534569835,1.5388401746749878,615641600.0
2005-09-12,1.532542056337479,1.5484376700263445,1.5169470606292397,1.5415390729904177,452796400.0
2005-09-13,1.5301433731994796,1.5382411415990302,1.509149659359894,1.5241451263427734,492884000.0
2005-09-14,1.5313421960026203,1.5352412207531343,1.4833572330520737,1.4878557920455933,474426400.0
2005-09-15,1.499551938989518,1.5049506505132284,1.47945838117061,1.4956529140472412,415156000.0
2005-09-16,1.5064501570734048,1.5358413457870483,1.4980526745837923,1.5358413457870483,591004400.0
2005-09-19,1.5310428372675922,1.5862269290271516,1.5310428372675922,1.5787287950515747,783731200.0
2005-09-20,1.5892255381604534,1.613818357944723,1.5871261169231914,1.5952237844467163,819828800.0
2005-09-21,1.5883259016417572,1.5910248568863414,1.5553356009602664,1.5628328323364258,434747600.0
2005-09-22,1.5559352519575835,1.5736304731884525,1.539140283177874,1.5565348863601685,463727600.0
2005-09-23,1.5625331913035028,1.6045207149415543,1.5547361418695778,1.5955235958099363,558457200.0
2005-09-26,1.6204162508082542,1.6363109669315308,1.5991227229073215,1.614717721939087,546562800.0
2005-09-27,1.617116805739441,1.626714259228945,1.6024211586885229,1.6027209758758545,341703600.0
2005-09-28,1.5916243181263197,1.5928242874523064,1.5172468417288645,1.5319424867630005,1125544000.0
2005-09-29,1.5364417030601978,1.5772291654266888,1.5238454733983475,1.569731831550598,636846000.0
2005-09-30,1.569431836498798,1.6090193220162627,1.5559353565555536,1.6078201532363892,531633200.0
2005-10-03,1.624314881436938,1.6357111362630783,1.6099190536973698,1.6327123641967771,507553200.0
2005-10-04,1.6480079002388066,1.6600045927968985,1.6087194328524443,1.6120188236236572,539459200.0
2005-10-05,1.6294132059560102,1.6303134583605023,1.5820278755689174,1.5829272270202637,610769600.0
2005-10-06,1.5955237879223905,1.6042210908886303,1.5256449463082191,1.5505375862121582,757537200.0
2005-10-07,1.5511368078505945,1.5574348704094636,1.5160469872292268,1.5385404825210571,677882800.0
2005-10-10,1.5523360071640548,1.556835467406526,1.5079494480239417,1.5106492042541504,507505600.0
2005-10-11,1.5364408958487177,1.5556349974789092,1.5115481667716957,1.547237515449524,1225884800.0
2005-10-12,1.4590636185929904,1.5085492516447585,1.4356707797228965,1.4770586490631104,2697486400.0
2005-10-13,1.4827571791118317,1.6180171953395694,1.4776589848027213,1.6117191314697266,1865575600.0
2005-10-14,1.6204163867771582,1.6300130405475894,1.5832272386792323,1.619516134262085,1035552000.0
2005-10-17,1.6189164096047712,1.626414542147519,1.5799284628606758,1.6027209758758545,616834400.0
2005-10-18,1.5970231728732012,1.6180168818821128,1.5655325593068832,1.5658323764801023,609588000.0
2005-10-19,1.5616340186239797,1.6483079312696836,1.5358419271255652,1.647708296775818,1008683200.0
2005-10-20,1.6336119372379136,1.6944938456686227,1.6300128296557057,1.68369722366333,1357762000.0
2005-10-21,1.7046910538785978,1.708889896477579,1.6603044905318047,1.6693015098571775,796726000.0
2005-10-24,1.6570046486729613,1.703190803527832,1.652206273040537,1.703190803527832,609753200.0
2005-10-25,1.6914951826513402,1.70499066071353,1.670201654340742,1.682497262954712,465127600.0
2005-10-26,1.687896133231621,1.7262843511302566,1.6770995095138297,1.7103897333145142,631593200.0
2005-10-27,1.709189287981025,1.709788922311953,1.661803960800171,1.661803960800171,411541200.0
2005-10-28,1.680698430878802,1.692394404188207,1.62461489944322,1.6336119174957275,769787200.0
2005-10-31,1.6555059993104164,1.7388805082295862,1.642009520247833,1.727184534072876,940844800.0
2005-11-01,1.7166878702483834,1.7436798311153354,1.7055905278736576,1.724484920501709,749686000.0
2005-11-02,1.7310835434099872,1.7994626908003024,1.7274843353292817,1.7979629039764404,857060400.0
2005-11-03,1.8072602109812703,1.869041366202544,1.801561582684908,1.854946255683899,884382800.0
2005-11-04,1.8099593987184928,1.836651840231163,1.7880664352171027,1.833952784538269,878035200.0
2005-11-07,1.8249551985794268,1.849548223335821,1.8036616654010469,1.8063607215881348,638831200.0
2005-11-08,1.7979628330777693,1.8108596778563408,1.7724704623139662,1.7964638471603394,473765600.0
2005-11-09,1.7994620267586507,1.835750808107451,1.7994620267586507,1.8027613162994385,552930000.0
2005-11-10,1.818655819269036,1.835450779854342,1.7697707235291935,1.834851145744324,665344400.0
2005-11-11,1.8456485271453855,1.86274341196824,1.839650181444872,1.8456485271453855,425448800.0
2005-11-14,1.8456490808276624,1.858845044903882,1.826754886838329,1.842950224876404,369933200.0
2005-11-15,1.847447906620583,1.891834455738436,1.8432490653676188,1.8678420782089236,536841200.0
2005-11-16,1.8939345339787683,1.9512171435540528,1.8921348297479756,1.9479186534881592,784515200.0
2005-11-17,1.967112382667644,1.9758097835351789,1.9269244683945463,1.935022234916687,676205600.0
2005-11-18,1.9587148369202032,1.96231404436096,1.9305236146856468,1.9362212419509888,524960800.0
2005-11-21,1.9440189894825783,1.9551153260812089,1.9110284954268772,1.9482176303863523,511711200.0
2005-11-22,1.9446190680652784,2.0022023930321047,1.935022514610242,1.9950041770935056,540282400.0
2005-11-23,2.005800391356537,2.038790689409983,2.000102764248355,2.0126988887786865,485853200.0
2005-11-25,2.0291937491839764,2.0855761812968385,2.024394473295074,2.0795786380767822,395012800.0
2005-11-28,2.1209661704502696,2.131463075127403,2.071481420525425,2.0891759395599365,1018519600.0
2005-11-29,2.0990737650672355,2.1083706026495146,2.0198969830175755,2.0423905849456787,891433200.0
2005-11-30,2.052286079834347,2.064882397907711,2.024994224185129,2.0339913368225098,595674800.0
2005-12-01,2.0678826088586204,2.151257819390209,2.063683766505628,2.1473588943481445,812893200.0
2005-12-02,2.167452450074724,2.1815485643188826,2.120367031847401,2.1782500743865967,895762000.0
2005-12-05,2.1578550986252143,2.1752496963695966,2.1440589068068663,2.153956174850464,583671200.0
2005-12-06,2.2172379081649365,2.244229866514605,2.1998433041211025,2.220837116241455,857029600.0
2005-12-07,2.22623481769394,2.233133315875088,2.192945399564218,2.217837333679199,679464800.0
2005-12-08,2.195343765929697,2.2244353327780595,2.1773487346275244,2.2217354774475098,790479200.0
2005-12-09,2.225634773104737,2.237031828380529,2.199842691438532,2.229233980178833,555402400.0
2005-12-12,2.245429969246458,2.2598249998577424,2.2361323319141246,2.246629238128662,524994400.0
2005-12-13,2.2448295883790497,2.263124345525265,2.225635479655295,2.248728513717652,493816400.0
2005-12-14,2.1752506724454297,2.1983437076074948,2.107471153699338,2.1596555709838867,1450716400.0
2005-12-15,2.1797486616743598,2.1851473727369,2.139860465679922,2.164753198623657,561162000.0
2005-12-16,2.1635546147048426,2.168353092323473,2.1311639397727538,2.1326637268066406,671171200.0
2005-12-19,2.132662856430591,2.1773491240067893,2.130563435736561,2.1407604217529297,529295200.0
2005-12-20,2.148258803838558,2.170752407788749,2.132963617643979,2.1626546382904053,479108000.0
2005-12-21,2.1773492585656467,2.207640701668294,2.1755497550024128,2.204341411590576,475736800.0
2005-12-22,2.2166374053974467,2.234032002627202,2.20733977184405,2.219935894012451,370610800.0
2005-12-23,2.224436428020637,2.2271352836213127,2.1983436197852093,2.199843406677246,229857600.0
2005-12-27,2.219337215243515,2.2547266565783164,2.217837428498556,2.2262349128723145,590590000.0
2005-12-28,2.2334336035568687,2.242131007087436,2.198943506381304,2.206441640853882,398115200.0
2005-12-29,2.212739100477904,2.213939170055256,2.1419600218901595,2.142860174179077,490025200.0
2005-12-30,2.1266644013011837,2.1722510188745923,2.1095695198170383,2.156055688858032,624262800.0
2006-01-03,2.170751788217126,2.241830587387085,2.1668528632751918,2.241830587387085,807234400.0
2006-01-04,2.2532263817510105,2.278718746656889,2.2343319959499035,2.2484281063079834,619603600.0
2006-01-05,2.244229826702974,2.246329247920132,2.211839957766346,2.230734348297119,449422400.0
2006-01-06,2.256826443648608,2.300313659313417,2.2358326292043444,2.2883169651031494,704457600.0
2006-01-09,2.3012140823237552,2.3153102045835023,2.271523051177603,2.280819892883301,675040800.0
2006-01-10,2.286817338942564,2.4559673356018425,2.2742212095596264,2.4250762462615967,2279869200.0
2006-01-11,2.5144491993341016,2.543239856552744,2.476960140202252,2.5162487030029297,1493794400.0
2006-01-12,2.548338978965966,2.591225950627454,2.507851345650342,2.527944803237915,1280809600.0
2006-01-13,2.548938357689249,2.579529518107212,2.5372423852734705,2.5669333934783936,776305600.0
2006-01-17,2.5702324249142485,2.5906266028988614,2.5153489556625277,2.540541410446167,835623600.0
2006-01-18,2.4916566785480923,2.520748063138258,2.454767242036064,2.473961353302002,1200637200.0
2006-01-19,2.436772706541113,2.449069116147612,2.36149506276256,2.370491981506348,1695848000.0
2006-01-20,2.377689989056262,2.400482499631412,2.2742203358724824,2.282018184661865,1134758800.0
2006-01-23,2.2823189156949595,2.386088532242412,2.279320342386828,2.3294055461883545,1059730000.0
2006-01-24,2.362094476648498,2.3818892193244467,2.272421002846208,2.2805187702178955,1142254400.0
2006-01-25,2.321007218262205,2.324305908265747,2.196843653605312,2.225335597991944,1275786400.0
2006-01-26,2.235232476257562,2.2622244289167983,2.1572557908681427,2.169251680374145,1181387200.0
2006-01-27,2.187847030194435,2.2073410592256244,2.1323639166838886,2.1602554321289062,953864800.0
2006-01-30,2.1344627753671976,2.297313665027997,2.125464855932022,2.2493278980255127,1398401200.0
2006-01-31,2.2643246400718566,2.2895170979713324,2.211840302728317,2.2646243572235107,913542000.0
2006-02-01,2.2478284804145185,2.293114582591724,2.238530845676588,2.261923789978028,521186400.0
2006-02-02,2.252327665029339,2.2601255155095297,2.160854682456677,2.1623544692993164,707322000.0
2006-02-03,2.166552021145109,2.183047265569453,2.1305629611796064,2.154855251312256,692123600.0
2006-02-06,2.1599547122101264,2.174650256559005,2.0016014125328225,2.018396377563477,1651767600.0
2006-02-07,2.047488189765708,2.083777979884092,1.999802944662588,2.0273945331573486,1388830800.0
2006-02-08,2.054085007619802,2.0717803187980497,1.9794078433270543,2.063682556152344,953114400.0
2006-02-09,2.072381144742969,2.076280270329208,1.935322325567328,1.9479186534881592,1149764000.0
2006-02-10,1.95481542368934,2.029493403537124,1.8864363055528148,2.0186967849731445,1760477600.0
2006-02-13,1.9983031589771736,2.0019023664960733,1.938620622193424,1.9407198429107664,883498000.0
2006-02-14,1.9524170231001068,2.042390213163288,1.9494182504510351,2.0285940170288086,1160938800.0
2006-02-15,2.014198683806523,2.087977358552452,2.00190307223166,2.0759806632995605,1159771200.0
2006-02-16,2.096674173758798,2.1296636749593736,2.083778130406238,2.1164677143096924,948175200.0
2006-02-17,2.1083698139476708,2.126064931678359,2.08767592414382,2.108069896697998,575999200.0
2006-02-21,2.1170677933861017,2.1233658577367414,2.059785179298249,2.071781873703003,779606800.0
2006-02-22,2.0693823040066257,2.149458220360955,2.039390574241655,2.1389613151550293,978238800.0
2006-02-23,2.1530569686195724,2.1893457526192197,2.1422593475732667,2.1518568992614746,856917600.0
2006-02-24,2.1635543207552184,2.186047118970379,2.1353622925432374,2.143160343170166,534744000.0
2006-02-27,2.159055295905397,2.1629544219309245,2.118867569558802,2.1290645599365234,791240800.0
2006-02-28,2.146757760705964,2.171349961968482,2.0423888117212465,2.0540847778320312,1266980400.0
2006-03-01,2.0645831693143992,2.084077995220942,2.039991150478189,2.072381019592285,763817600.0
2006-03-02,2.069083360227936,2.099074303256609,2.059486002187518,2.087677240371704,625273600.0
2006-03-03,2.081378131225801,2.096674314831773,2.0252955950089104,2.030993223190308,737668400.0
2006-03-06,2.030093459674692,2.030992811020424,1.947618416484692,1.9638129472732544,912665600.0
2006-03-07,1.97221034865424,2.0064007142616505,1.95181697711923,1.9887053966522217,872877600.0
2006-03-08,1.988107167866867,2.015399052983634,1.9599159308963456,1.969212770462036,653251200.0
2006-03-09,1.978809039380503,1.9935045832513,1.9137284018451173,1.917326807975769,799304800.0
2006-03-10,1.920926095114926,1.9341220547592863,1.8729403322904377,1.895134210586548,1043142800.0
2006-03-13,1.950916815239552,1.9878060354357885,1.9431197677808012,1.969811201095581,861187600.0
2006-03-14,1.972511678530064,2.0189976692199707,1.9644141098196737,2.0189976692199707,642020400.0
2006-03-15,2.0306935493849347,2.040590821066884,1.9650132571902903,1.9863067865371704,891996000.0
2006-03-16,2.0049007845236213,2.006400570848338,1.9284238948806809,1.9287238121032717,749638400.0
2006-03-17,1.9419199988994251,1.9656126638788716,1.9227258930423503,1.9392211437225344,812042000.0
2006-03-20,1.9560167838829663,1.963214200656423,1.9155281361687229,1.919127345085144,605441200.0
2006-03-21,1.853746771812439,1.9296240625819447,1.841150643017176,1.853746771812439,1345366400.0
2006-03-22,1.864243050755898,1.8969336318074657,1.837550814929128,1.8495475053787231,1345895600.0
2006-03-23,1.8540459986698563,1.8564453369342164,1.7877662812349553,1.804260730743408,1427826400.0
2006-03-24,1.8069605932035335,1.82765448538192,1.770370884756737,1.7982631921768188,1071980000.0
2006-03-27,1.8099592455950149,1.8408503268009129,1.7814683036153651,1.7847667932510376,1108072000.0
2006-03-28,1.7883662061018186,1.803661389386339,1.7469784151655534,1.7607746124267578,1370322800.0
2006-03-29,1.773370862054305,1.8750402417699767,1.7295839296605178,1.8693416118621824,2346834000.0
2006-03-30,1.8840372828213527,1.8984331149211904,1.8453491472547665,1.881937861442566,1390650800.0
2006-03-31,1.89693416588327,1.9077307899040816,1.866642714181369,1.8810385465621948,815357200.0
2006-04-03,1.9095297943439735,1.9230252691061036,1.877738567353364,1.8789384365081787,815791200.0
2006-04-04,1.8624439590863917,1.8660431676159732,1.8309534371537064,1.8345526456832888,931924000.0
2006-04-05,1.9407191131877368,2.0156970024108887,1.9239241524932156,2.0156970024108887,2233408800.0
2006-04-06,2.0483886569879166,2.16085464940038,2.045389083348525,2.1365623474121094,2663768800.0
2006-04-07,2.127265335914513,2.135662823176645,2.053487455014043,2.093075752258301,1545238800.0
2006-04-10,2.108069913583772,2.1272642172930074,2.0528867408962355,2.0594847202301025,903515200.0
2006-04-11,2.0690826435049283,2.0783794802504665,2.0114993160567165,2.039091110229492,939316000.0
2006-04-12,2.0396909851127254,2.0444892607286453,1.9884057355760505,2.000702142715454,739894400.0
2006-04-13,1.9896069090874555,2.022596423683076,1.9737112858858104,1.993505835533142,734678000.0
2006-04-17,1.99470404399701,2.004601314550692,1.929923310946479,1.943719506263733,721938000.0
2006-04-18,1.9506172162078568,1.993504988462961,1.9431200847686063,1.9860068559646609,794844400.0
2006-04-19,2.004002088940681,2.009400000078085,1.9635134508558163,1.968912363052368,1086033200.0
2006-04-20,2.084677333018066,2.0993728791040183,1.9854071173012624,2.028294086456299,1666982800.0
2006-04-21,2.0450888571065957,2.0585851332174387,1.993504692332724,2.010599374771118,788986800.0
2006-04-24,2.0049009738615404,2.007000394617938,1.964413346258853,1.9719104766845703,707028000.0
2006-04-25,1.9782090209376544,1.997103209803158,1.966213130038273,1.9845070838928225,529062800.0
2006-04-26,1.9989027707750295,2.0477878846626045,1.991405439605183,2.0438897609710693,710886400.0
2006-04-27,2.0312933912240867,2.0951737603902023,2.0198961358297134,2.0801784992218018,845947200.0
2006-04-28,2.0807779644636404,2.138361068053668,2.075380055288085,2.111069202423096,760037600.0
2006-05-01,2.122465352292455,2.145558576044249,2.0741798848327884,2.0873756408691406,750380400.0
2006-05-02,2.1038714401420453,2.158754900168641,2.1026721714616188,2.147958278656006,771663200.0
2006-05-03,2.154256216857296,2.157855424173362,2.1047714708677807,2.1335623264312744,686991200.0
2006-05-04,2.135962682814517,2.186047892529422,2.1131701594221246,2.1332638263702397,860420400.0
2006-05-05,2.1551561373904478,2.1668523085867166,2.1338618141006958,2.156055688858032,563911600.0
2006-05-08,2.189045983132287,2.213338277415944,2.150957496431907,2.156055688858032,594851600.0
2006-05-09,2.153955262273439,2.176148926453513,2.117966012755135,2.130262613296509,531666800.0
2006-05-10,2.13806203726876,2.1392619071618992,2.087677111927934,2.1173689365386963,459888800.0
2006-05-11,2.123065518292821,2.1245653048656665,2.025894724638497,2.0438897609710693,812688800.0
2006-05-12,2.034891921090638,2.060084372295289,2.005200910840637,2.030393362045288,641774000.0
2006-05-15,2.0204964095082167,2.050787859726168,2.012999076869026,2.033092737197876,529177600.0
2006-05-16,2.042390123818882,2.046888683019341,1.9419200326080928,1.9488177299499512,936740000.0
2006-05-17,1.9407201755790808,1.9704121911641108,1.921526067286455,1.957215428352356,754194000.0
2006-05-18,1.9698113957259924,1.9872067977234693,1.893034776381037,1.894834280014038,658442400.0
2006-05-19,1.8972335999900745,1.945819001471353,1.884037038536926,1.934722661972046,985866000.0
2006-05-22,1.915528205362966,1.919127414409401,1.8825386925294456,1.9008326530456543,718975600.0
2006-05-23,1.9452196731896072,1.9551161448306928,1.889436047495611,1.8939346075057983,694414000.0
2006-05-24,1.8891359874811355,1.9089297280181343,1.8462482149055603,1.899632692337036,916031200.0
2006-05-25,1.9272251669146812,1.932923597518019,1.8981335795214065,1.9293243885040283,463372000.0
2006-05-26,1.9287247928621012,1.9362219263921088,1.8936350606111327,1.9059314727783203,432950000.0
2006-05-30,1.898133308612232,1.898433225969602,1.836052417755127,1.836052417755127,563402000.0
2006-05-31,1.852246363698348,1.8531465159072955,1.760173766446987,1.7925646305084229,1280977600.0
2006-06-01,1.7949639512051294,1.867842451759914,1.785066680558067,1.8645429611206052,942508000.0
2006-06-02,1.8891365001006095,1.892434990590932,1.8258553354410252,1.849248290061951,685787200.0
2006-06-05,1.8339527674185845,1.8339527674185845,1.7985633245120942,1.7994626760482788,605785600.0
2006-06-06,1.806060361426322,1.8183569708957448,1.7667727962795416,1.7910650968551636,726037200.0
2006-06-07,1.80246264544902,1.811459766599339,1.749978304204876,1.7562763690948486,750506400.0
2006-06-08,1.752676524073443,1.8273537237015351,1.7139875957718684,1.8222557306289675,1397482800.0
2006-06-09,1.8348517732580167,1.8462480286334144,1.7724701837329635,1.7766690254211426,775838000.0
2006-06-12,1.7814683797271995,1.791364850116106,1.7082901577359642,1.7094892263412476,717785600.0
2006-06-13,1.727783807159092,1.7724702805828272,1.7202858751633625,1.7493772506713867,1080643200.0
2006-06-14,1.747878618614255,1.762874085216643,1.7001925623187122,1.7277841567993164,878136000.0
2006-06-15,1.718486791084234,1.791664197111987,1.7019917428549192,1.780867576599121,1190383600.0
2006-06-16,1.7682720119141226,1.7751705112291154,1.725085315990611,1.726284384727478,838101600.0
2006-06-19,1.7343818692642692,1.7448787743437453,1.7094891342828382,1.7154874801635742,704575200.0
2006-06-20,1.7277843678990732,1.749978253809299,1.7181870118297864,1.7235857248306274,672974400.0
2006-06-21,1.731682936906772,1.7607743124970818,1.7184869769805675,1.7352819442749023,863296000.0
2006-06-22,1.7454781695714596,1.7919649433543714,1.7415800461303117,1.7868659496307373,965633200.0
2006-06-23,1.7910650260040313,1.8045615043679075,1.76137401491673,1.7643725872039795,660203600.0
2006-06-26,1.774569385805243,1.7754695379081773,1.750576808534944,1.7691714763641355,466536000.0
2006-06-27,1.7721703924558714,1.7760693167173067,1.7214855783279095,1.7223849296569824,550611600.0
2006-06-28,1.718186918185843,1.718487436182231,1.66180445647039,1.6800984144210815,850704400.0
2006-06-29,1.702291315069463,1.7721702260570578,1.691194778252397,1.7685710191726685,873398400.0
2006-06-30,1.7271845483115151,1.731982824852145,1.6944939619160366,1.7175869941711426,739695600.0
2006-07-03,1.7250850377592393,1.7448787783640267,1.7196863262423263,1.7379810810089111,194770800.0
2006-07-05,1.7139877857822416,1.7274842649525135,1.6962934653284534,1.7094892263412476,518240800.0
2006-07-06,1.7121895171325654,1.721486355471427,1.6678020442818824,1.6726012229919434,633208800.0
2006-07-07,1.6639037312639535,1.6959939870190184,1.639610625930198,1.661503791809082,799360800.0
2006-07-10,1.6705017148432564,1.6941943862853344,1.6345126314121463,1.649507999420166,529345600.0
2006-07-11,1.6528060087524192,1.679198427779928,1.6354114080011892,1.6690013408660889,825022800.0
2006-07-12,1.654606070835552,1.65670549240119,1.5871263651694392,1.588326334953308,927329200.0
2006-07-13,1.5604335043716684,1.6231149078689628,1.541838935300919,1.5670313835144043,1249906000.0
2006-07-14,1.5745298736145443,1.586226749064837,1.5043512236665364,1.519646406173706,993036800.0
2006-07-17,1.5514363475218915,1.592824225969826,1.549037209809659,1.5706305503845217,1024542400.0
2006-07-18,1.5943235622206149,1.6150174559434176,1.555035896661671,1.5865265130996704,1000448400.0
2006-07-19,1.5883261046394506,1.6519069754272486,1.5703311653635414,1.6225156784057615,1390743200.0
2006-07-20,1.8282536893571892,1.8471478731714528,1.791064555520358,1.8144572973251345,1972146400.0
2006-07-21,1.7940644974230675,1.8339524939694936,1.7886657862571511,1.82105565071106,891892400.0
2006-07-24,1.837251716633298,1.8624441771717617,1.812359173489764,1.8420501947402956,722856400.0
2006-07-25,1.8528467839572376,1.862143618362568,1.822855058019509,1.8573453426361084,589069600.0
2006-07-26,1.8594447010375144,1.9386204523140351,1.8498471488478048,1.9155272245407104,898427600.0
2006-07-27,1.934421653227612,1.9500175507454,1.8852366247450345,1.9014321565628047,735044800.0
2006-07-28,1.9176273357204447,1.9698119548303945,1.9044315726350545,1.9671128988265991,691507600.0
2006-07-31,2.004301936745621,2.058285256088212,1.987806683242438,2.038191795349121,892841600.0
2006-08-01,2.015996755568163,2.0372902738756933,1.977608559308004,2.0147976875305176,711765600.0
2006-08-02,2.028894456675975,2.059785549902545,2.0246958130907315,2.0441906452178955,550768400.0
2006-08-03,2.036691990927812,2.09937331302318,2.033693217974544,2.0870769023895264,841044400.0
2006-08-04,2.0108996200091207,2.057685316675308,1.9482181064523345,2.0483884811401367,1852866400.0
2006-08-07,2.0309921770795816,2.0873754024195628,1.9887048581804572,2.0156970024108887,1245512800.0
2006-08-08,2.0120991430454853,2.012699578408202,1.9347230659983723,1.9428198337554927,997864000.0
2006-08-09,1.962314306430015,1.967412300049834,1.9014324941584877,1.9071301221847532,955838800.0
2006-08-10,1.8969345255096772,1.9437202388227104,1.880439268581868,1.921526551246643,697760000.0
2006-08-11,1.8963331427986507,1.9233252951201532,1.8768391220070075,1.908929467201233,777529200.0
2006-08-14,1.920926267491712,1.9560161913067495,1.907430789785643,1.917626976966858,717620400.0
2006-08-15,1.9596143253165477,1.9944043305387065,1.9434197927129035,1.992904543876648,861352800.0
2006-08-16,2.012399184965924,2.041489757973054,1.9893059561554405,2.038790702819824,781284000.0
2006-08-17,2.039391407848165,2.059185957584119,2.01479938065972,2.0270957946777344,581148400.0
2006-08-18,2.03069379528631,2.051387692703502,2.017198114721288,2.0366921424865723,536354000.0
2006-08-21,2.0183966579773838,2.0186973761065192,1.9839073718273024,1.9962037801742556,526226400.0
2006-08-22,1.9998026981070305,2.0489877237352108,1.9944039876026287,2.02799391746521,576968000.0
2006-08-23,2.039389870095325,2.0588846879233347,2.0075994483680883,2.0186967849731445,536258800.0
2006-08-24,2.036092213501319,2.04508933257676,1.987506809477168,2.0336930751800537,655191600.0
2006-08-25,2.0195968270348423,2.0708810830756774,2.018697475568376,2.0618841648101807,543958800.0
2006-08-28,2.0543866540335967,2.0576851433744427,1.9998029120612288,2.0088000297546387,738161200.0
2006-08-29,2.009100595099257,2.017198364823613,1.953017243094448,1.9938054084777832,947332400.0
2006-08-30,2.019597621826475,2.033993457521493,1.999803873302043,2.008201360702514,680142400.0
2006-08-31,2.0177969234876643,2.0483880812664883,1.9992022549881925,2.0348916053771973,574697200.0
2006-09-01,2.0537869374701296,2.0588859332774776,2.0339931915341456,2.050788164138794,408494800.0
2006-09-05,2.0684816225942817,2.144358884929014,2.0558854985193777,2.143759250640869,1012457600.0
2006-09-06,2.1317626909742136,2.150057644340507,2.090375709643184,2.1002721786499023,974103200.0
2006-09-07,2.1173688287113177,2.20374283903134,2.1068719197468955,2.183348655700684,1267957600.0
2006-09-08,2.2004432130079574,2.20644156019726,2.1566560793734726,2.1749508380889893,895921600.0
2006-09-11,2.1722515558398543,2.211239403433573,2.1419601086922886,2.1743509769439697,949124400.0
2006-09-12,2.1836479855892894,2.2028420937117974,2.142860430749523,2.1782500743865967,1684687200.0
2006-09-13,2.1848477619900986,2.228934605730696,2.168352710277798,2.225335597991944,1146138000.0
2006-09-14,2.210939566685171,2.239431308275374,2.203141517080112,2.224436044692993,801729600.0
2006-09-15,2.237332273694798,2.248728531833156,2.1980439035058934,2.222337007522583,981853600.0
2006-09-18,2.2133392856456893,2.245129725283692,2.198343817915898,2.216038942337036,705278000.0
2006-09-19,2.222337287224266,2.2301343380982592,2.1833484290407283,2.212440013885498,710049200.0
2006-09-20,2.230734567712997,2.269722421240871,2.2259352895376674,2.2571260929107666,822791200.0
2006-09-21,2.2568263220074702,2.281119426262031,2.2199368897229137,2.2388312816619877,794124800.0
2006-09-22,2.2283344050192597,2.2295344748154724,2.176750423907329,2.1893465518951416,665112000.0
2006-09-25,2.2136383112524096,2.275120550627196,2.210939456251621,2.2718212604522705,858992400.0
2006-09-26,2.2847174376586445,2.3327032025361194,2.282318099361819,2.3276050090789795,1102948000.0
2006-09-27,2.314408235012769,2.323406153220519,2.273920406042938,2.291615724563598,810373200.0
2006-09-28,2.309910284159681,2.323706481725728,2.2778201300109098,2.309610366821289,723609600.0
2006-09-29,2.312609738580797,2.324905347321433,2.299712893733017,2.308710813522339,405812400.0
2006-10-02,2.2523278017427373,2.275420836623366,2.228334414193475,2.2451295852661133,712639200.0
2006-10-03,2.232832813840665,2.247828072623918,2.1950440489530685,2.2217354774475098,790708800.0
2006-10-04,2.22233704143827,2.263124398294895,2.1941450116213232,2.260725259780884,829082800.0
2006-10-05,2.23523311227765,2.284118237894166,2.223236418510917,2.244230031967163,683883200.0
2006-10-06,2.2319338065187293,2.2505284831903443,2.213639047216203,2.225935459136963,466958800.0
2006-10-09,2.213338686543776,2.251727698201979,2.205240919932769,2.238231420516968,438222400.0
2006-10-10,2.2355325070498537,2.236731575618088,2.1917453819626944,2.2136385440826416,531588400.0
2006-10-11,2.201942630473864,2.2187375993615666,2.177349611336929,2.19624400138855,571855200.0
2006-10-12,2.2076413324764483,2.261025218623693,2.207340814494672,2.2571260929107666,592855200.0
2006-10-13,2.2682226701955943,2.305711538221136,2.24153122722916,2.2499287128448486,684196800.0
2006-10-16,2.255026818596505,2.27572071457585,2.2430301250295326,2.261324882507324,508692800.0
2006-10-17,2.2505278540706257,2.2574255512077293,2.2205369263929997,2.228034257888794,480925200.0
2006-10-18,2.241830132117908,2.2604248009298957,2.2166376843984623,2.235232353210449,1133907600.0
2006-10-19,2.3770889003751305,2.397782785280242,2.3440994122030148,2.3689911365509038,1512977200.0
2006-10-20,2.3683924261949048,2.398983587342333,2.3593953085093733,2.3977835178375244,639413600.0
2006-10-23,2.398983106014746,2.4562656914553918,2.391784692548132,2.4430699348449707,832507200.0
2006-10-24,2.435573443726064,2.449669562090014,2.405282786173622,2.4307751655578613,463212400.0
2006-10-25,2.439770462386918,2.459264480548098,2.42957347738207,2.449667930603028,485214800.0
2006-10-26,2.4562660360246293,2.477259843255214,2.433173008240413,2.464963436126709,432756800.0
2006-10-27,2.451768286375241,2.4727621005324005,2.3995838685453474,2.4115805625915527,594966400.0
2006-10-30,2.398983972059324,2.426275847398317,2.384288423881338,2.4118800163269043,499917600.0
2006-10-31,2.442771585430789,2.4496692847019235,2.406181865522041,2.4316742420196533,501474400.0
2006-11-01,2.4322738607011862,2.4406713442546666,2.350097727983169,2.3740909099578857,611192400.0
2006-11-02,2.366893847205685,2.3788903439265896,2.3542975156381405,2.368693351745605,465483200.0
2006-11-03,2.3800898134841217,2.3851880079703576,2.333003390539714,2.347998857498169,431888800.0
2006-11-06,2.3677935337660005,2.4010837605651845,2.352197630611732,2.390586853027344,434576800.0
2006-11-07,2.4127794106999767,2.4292746632930866,2.403182656976233,2.414578914642334,525932400.0
2006-11-08,2.399883824177515,2.47995976277513,2.395984898225036,2.4727623462677,690916800.0
2006-11-09,2.4862579338156263,2.5399421419193007,2.4628649796204147,2.499454498291016,923053600.0
2006-11-10,2.5057528746181097,2.507251861017161,2.4742623477366785,2.492856025695801,373864400.0
2006-11-13,2.495855005448813,2.5327436364412037,2.4784604006267807,2.529744863510132,450674000.0
2006-11-14,2.5432389079562854,2.5492372512817383,2.5162477644738312,2.5492372512817383,588954800.0
2006-11-15,2.5507386343551386,2.576231008814039,2.519248113027041,2.5207479000091557,655323200.0
2006-11-16,2.5453402827436737,2.5882280700316977,2.5378429484646667,2.5675339698791504,693940800.0
2006-11-17,2.553436635149327,2.577430013558513,2.5492377939277198,2.574730157852173,466424000.0
2006-11-20,2.56123498918814,2.6092207544288266,2.555236643400674,2.593325138092041,570794000.0
2006-11-21,2.621817095831844,2.6572065353393555,2.6125194595946333,2.6572065353393555,622666800.0
2006-11-22,2.6689020991672217,2.721686128863454,2.6347125368490065,2.7084903717041016,671941200.0
2006-11-24,2.6850973707714387,2.7915657801591034,2.684198019546645,2.7480785846710205,518677600.0
2006-11-27,2.7744714081618613,2.7939652285304675,2.684198318188358,2.6853973865509038,1074836000.0
2006-11-28,2.7099908428124637,2.758276326582564,2.696494364173043,2.7534780502319336,1036173600.0
2006-11-29,2.7891669980855145,2.7936655566886026,2.7066909544168825,2.7531769275665283,1157083200.0
2006-11-30,2.765474585102544,2.7795705011965435,2.7309850888177234,2.748979330062866,870486400.0
2006-12-01,2.7531779534094523,2.7690735738114305,2.702193402659712,2.738783121109009,795079600.0
2006-12-04,2.7555766248180054,2.7606746166891285,2.714188650989687,2.732783317565918,709536800.0
2006-12-05,2.748678770435576,2.76907274479936,2.725285823520741,2.737282514572144,662838400.0
2006-12-06,2.71838871600693,2.740882116181862,2.6892973345349134,2.6940956115722656,638184400.0
2006-12-07,2.7000939482798745,2.7141898630570074,2.606221622706687,2.6104204654693604,1004827600.0
2006-12-08,2.6161175872802014,2.680898499109992,2.609219892327271,2.6470086574554443,784277200.0
2006-12-11,2.666204053757404,2.6782007472033817,2.64071188103206,2.661705493927002,499780400.0
2006-12-12,2.657505898000465,2.6644035938335398,2.56513339372528,2.583428144454956,1026620000.0
2006-12-13,2.6377121530160497,2.671302091853376,2.613719568374335,2.6707024574279785,857052000.0
2006-12-14,2.6707030666602485,2.699195018216134,2.647010393932449,2.655707597732544,832330800.0
2006-12-15,2.66980272062787,2.675801066134531,2.61911790236738,2.6308140754699707,739939200.0
2006-12-18,2.628115443877977,2.6392119844305566,2.5369421791732294,2.5633347034454346,721576800.0
2006-12-19,2.541141533603224,2.599624222231274,2.5078521054513514,2.58852767944336,911405600.0
2006-12-20,2.5933248352715026,2.5993231803585464,2.5414409521746384,2.5420405864715576,567691600.0
2006-12-21,2.5402414267120568,2.563634174870089,2.4652635044598656,2.486257314682007,903599200.0
2006-12-22,2.50305165875633,2.5204470577379063,2.4472686574989586,2.4652628898620605,613303600.0
2006-12-26,2.46376473489904,2.47636106218044,2.425975953266672,2.444569826126098,490688800.0
2006-12-27,2.343799245408513,2.459264783601862,2.30241226671155,2.4448697566986084,1935754800.0
2006-12-28,2.405881438394087,2.4367725187924685,2.3887867535260776,2.425375461578369,1119876800.0
2006-12-29,2.517748264454788,2.561235478881181,2.500053941845948,2.544440507888794,1076429200.0
2007-01-03,2.587926669490766,2.596624068795385,2.4562658108108963,2.5132486820220947,1238319600.0
2007-01-04,2.5207479292386186,2.577730825686365,2.5138494295917173,2.569033622741699,847260400.0
2007-01-05,2.5723303383532903,2.585226375406226,2.531243090201292,2.550736904144287,834741600.0
2007-01-08,2.5780302518822014,2.5951251389084256,2.557636074083641,2.5633347034454346,797106800.0
2007-01-09,2.5927267326033454,2.7885679951808893,2.553737869939569,2.7762715816497803,3349298400.0
2007-01-10,2.841651503553491,2.9331236693963265,2.8026628585577127,2.9091312885284424,2952880000.0
2007-01-11,2.8773410845990446,2.9025335369680247,2.8521486322300644,2.8731422424316406,1440252800.0
2007-01-12,2.836851989841588,2.850948100547527,2.796064645451557,2.837752342224121,1312690400.0
2007-01-16,2.869543497155548,2.916628915499422,2.8626457991022303,2.912130355834961,1244076400.0
2007-01-17,2.925926551034513,2.9271256196165933,2.843751211751489,2.847649335861206,1646260000.0
2007-01-18,2.7621754256015065,2.762475342918806,2.6707024457316475,2.671302080154419,2364605600.0
2007-01-19,2.658106593772866,2.688697762877977,2.6428112094321587,2.654207468032837,1364473600.0
2007-01-22,2.673401238510985,2.674001673722027,2.568733108242504,2.6029226779937744,1454026000.0
2007-01-23,2.5711325437485915,2.6245162254594123,2.5645347630771957,2.570232391357422,1207424400.0
2007-01-24,2.599623106113742,2.6137190169026043,2.581628871640909,2.6002235412597656,927813600.0
2007-01-25,2.6125187446293032,2.654206235630413,2.580128687109175,2.586726665496826,905973600.0
2007-01-26,2.6125194171224377,2.6203172665653574,2.548938554128467,2.5606353282928467,986874000.0
2007-01-29,2.588227108521532,2.598724013290624,2.565133877987168,2.577430486679077,901664400.0
2007-01-30,2.592125471092075,2.59392497441284,2.556735839752317,2.565732955932617,577970400.0
2007-01-31,2.545039343890238,2.5792297104771054,2.529744164641983,2.571131944656372,856069200.0
2007-02-01,2.5861279187977737,2.5873269874102607,2.5414414405822754,2.5414414405822754,664342000.0
2007-02-02,2.5228465075319955,2.556736156546714,2.510250182937645,2.541740894317627,621530000.0
2007-02-05,2.528245048827702,2.5561373607202555,2.5174484252929688,2.5174484252929688,578852400.0
2007-02-06,2.5327431314881736,2.533343566674933,2.48505788634937,2.5237460136413574,864393600.0
2007-02-07,2.5336433662538176,2.590626249006319,2.505751859554366,2.583728551864624,1066825200.0
2007-02-08,2.562134743553623,2.594525615687916,2.561535309304227,2.5846283435821533,679030800.0
2007-02-09,2.5756309209573023,2.5852276739622115,2.4955550036387217,2.497354507446289,860540800.0
2007-02-12,2.532143988361794,2.5546375881895886,2.5081514025002063,2.545640468597412,724071600.0
2007-02-13,2.55403719630271,2.557935319639524,2.5282443132397936,2.540241003036499,580986000.0
2007-02-14,2.538143047427424,2.5684337055900426,2.536343342707286,2.558237314224243,507981600.0
2007-02-15,2.562435962747359,2.5678338752249323,2.5426414146655847,2.555537462234497,363661200.0
2007-02-16,2.5567362251999186,2.561534701233603,2.539041106544721,2.544140100479126,399868000.0
2007-02-20,2.53874166458757,2.5840283757143294,2.5240459172051666,2.576230525970459,617702400.0
2007-02-21,2.578629997536313,2.6838983799352856,2.5780303630749173,2.675201177597046,1155313600.0
2007-02-22,2.7231861961070623,2.723485913148822,2.655106981670312,2.684498071670532,838224800.0
2007-02-23,2.674001936645595,2.7093913792396105,2.664704099385661,2.671302080154419,517893600.0
2007-02-26,2.6943956470727786,2.699194925736432,2.627516274387332,2.654507637023926,615848800.0
2007-02-27,2.588226765136841,2.6116195094292043,2.5015528835521854,2.5171477794647217,1145813200.0
2007-02-28,2.4892568604605274,2.5672333541622723,2.4892568604605274,2.5375423431396484,919475200.0
2007-03-01,2.520146794002768,2.648509185046972,2.5117493105358943,2.61102032661438,1415528800.0
2007-03-02,2.60232400077486,2.6254172400063767,2.555537487303703,2.5615358352661133,860000400.0
2007-03-05,2.5759310503794115,2.6587058298019857,2.572031924930117,2.588826894760132,838899600.0
2007-03-06,2.633212848169674,2.648508827301532,2.621216959667673,2.644909620285034,723186800.0
2007-03-07,2.6407113455559617,2.668302934039405,2.622716309035978,2.6308140754699707,626284400.0
2007-03-08,2.6569065345322422,2.6608046580535727,2.623015884252342,2.639211416244507,511011200.0
2007-03-09,2.6632051149155003,2.6647041008673487,2.62121769152938,2.638312578201294,451836000.0
2007-03-12,2.641310982791563,2.698894303236289,2.638911844616212,2.6952950954437256,729408400.0
2007-03-13,2.681499087128997,2.7171884472851824,2.651208639144897,2.651208639144897,867890800.0
2007-03-14,2.6572063376784607,2.699193954467773,2.636812363821468,2.699193954467773,796586000.0
2007-03-15,2.697993387166278,2.709990075706071,2.678499368924388,2.686297416687012,559498800.0
2007-03-16,2.6853984444563643,2.6988949262113264,2.6788006627923475,2.686898231506348,571704000.0
2007-03-19,2.7063910151191126,2.745679571573848,2.6868969958242457,2.733083248138428,712961200.0
2007-03-20,2.739681893242057,2.754377440647377,2.730984491677554,2.743580818176269,488916400.0
2007-03-21,2.758876200904261,2.819158381852693,2.748679212083952,2.815259456634521,686896000.0
2007-03-22,2.811060657295957,2.829954847047062,2.78916749467944,2.817958354949951,561492400.0
2007-03-23,2.79966436989326,2.821257614968012,2.7981645831590782,2.804762363433838,450884000.0
2007-03-26,2.8188585993060995,2.8761412052564226,2.798164704821372,2.8746414184570312,864987200.0
2007-03-27,2.8704431282810834,2.904033071114984,2.849149596761524,2.862945795059204,932052800.0
2007-03-28,2.845549333798456,2.8611452306542677,2.793665452638729,2.7963643074035645,942337200.0
2007-03-29,2.8248560945080325,2.8248560945080325,2.766073719469847,2.811659336090088,725723600.0
2007-03-30,2.8275558633724485,2.839552556337209,2.7816695138413974,2.7864677906036377,600558000.0
2007-04-02,2.8233562892287924,2.826654778069976,2.789766360860777,2.8086607456207275,501992400.0
2007-04-03,2.823357267188671,2.856047054780902,2.8119602084740545,2.834153890609741,583934400.0
2007-04-04,2.8473487023035435,2.853347046882334,2.8230564078182843,2.827255249023437,476784000.0
2007-04-05,2.822758381712915,2.8395533561706543,2.8047633371970053,2.8395533561706543,355516000.0
2007-04-09,2.855446431259369,2.8581452858620486,2.790365794887516,2.8086607456207275,413341600.0
2007-04-10,2.809260785703283,2.826956106015491,2.8014629361675136,2.826655387878418,352466800.0
2007-04-11,2.816158771678472,2.8176585584932363,2.7690731538291318,2.7768712043762207,549018400.0
2007-04-12,2.7603754227413115,2.7684731888446685,2.720787144860952,2.76487398147583,656675600.0
2007-04-13,2.726185874029757,2.741181336860768,2.7009934243974145,2.7063913345336914,719941600.0
2007-04-16,2.71628884069954,2.7441803479335123,2.7066912871694635,2.7420809268951416,609033600.0
2007-04-17,2.7591748313488447,2.768172747963029,2.690195475581005,2.7096900939941406,751920400.0
2007-04-18,2.703992570553128,2.7246864642825908,2.6871976018090318,2.711189985275269,464044000.0
2007-04-19,2.7048909496074547,2.7366821726741897,2.694094330876211,2.7072908878326416,425913600.0
2007-04-20,2.725886326716262,2.734584330924549,2.715689936919752,2.7282862663269043,522779600.0
2007-04-23,2.7468795826795755,2.813160111921278,2.741781588660263,2.8044629096984863,780290000.0
2007-04-24,2.8179577482753544,2.8908362368794505,2.7381815635022604,2.7963643074035645,1055252800.0
2007-04-25,2.826056377314074,2.8611463075469183,2.813160331428108,2.8596463203430176,1187144000.0
2007-04-26,3.0464900366388026,3.074081627184704,2.9481193653061952,2.9643146991729736,1737778000.0
2007-04-27,2.9445214765691965,2.997605446130695,2.929825926816749,2.9967052936553955,699403600.0
2007-04-30,3.001803805543449,3.029095681230899,2.989207678433445,2.9931066036224365,616509600.0
2007-05-01,2.98680786357443,3.009601174477718,2.955617069762505,2.983208656311035,532523600.0
2007-05-02,2.988607484998478,3.015298920413492,2.983208773996304,3.010800361633301,505145200.0
2007-05-03,3.0209980404364005,3.0425912862656754,2.9994045943952994,3.0111007690429688,576077600.0
2007-05-04,3.023098481916992,3.0470910759521965,3.0141015594716505,3.023398399353028,381987200.0
2007-05-07,3.031494312640881,3.1295652584914477,3.029395091948153,3.1166694164276123,861557200.0
2007-05-08,3.103172562831338,3.1535574571619183,3.101672776440957,3.1508584022521973,783997200.0
2007-05-09,3.146360563511765,3.2078418050774733,3.145760128305889,3.2054426670074463,717757600.0
2007-05-10,3.197944279496037,3.264224792972205,3.1766507545792337,3.219237804412842,1197257600.0
2007-05-11,3.231234498437229,3.2729221969566127,3.202442841744348,3.26122522354126,653696400.0
2007-05-14,3.287618053321084,3.2990143097055915,3.246529985226745,3.279820203781128,651946400.0
2007-05-15,3.28611799234085,3.305012379609859,3.193445759797366,3.2246365547180176,954514400.0
2007-05-16,3.25492715766017,3.263925075922697,3.101673040948997,3.219237804412842,1126767600.0
2007-05-17,3.2135412517282904,3.2951169721697697,3.2135412517282904,3.2822201251983643,735291200.0
2007-05-18,3.30591296949724,3.3182093787768,3.2921167734825216,3.299614906311035,621345200.0
2007-05-21,3.308312292212236,3.372492596871995,3.300514441856023,3.358397483825684,639892400.0
2007-05-22,3.3736935048097707,3.411482295846954,3.359297870229834,3.405184030532837,572409600.0
2007-05-23,3.4195786324257367,3.4489697240599213,3.376690863208148,3.385688781738281,911374800.0
2007-05-24,3.383291429867349,3.432775800530426,3.3101129831154164,3.319709539413452,887362000.0
2007-05-25,3.358995706551736,3.4123793656291497,3.344000247207986,3.407581090927124,632959600.0
2007-05-29,3.432474795104185,3.44477100319114,3.379690554963815,3.429476022720337,645694000.0
2007-05-30,3.427976741978083,3.5653356814634334,3.4048839074513024,3.5620369911193848,1478444800.0
2007-05-31,3.6010254757562685,3.6640065235357673,3.585130655545905,3.634615421295166,1297066400.0
2007-06-01,3.631915394835549,3.6346146506692887,3.5476410319017866,3.5509393215179443,885262000.0
2007-06-04,3.557836815520033,3.6508087543312833,3.5359428577176746,3.638812065124512,886673200.0
2007-06-05,3.641210897490896,3.679599897199844,3.613919234181211,3.678999662399292,920785600.0
2007-06-06,3.6679052031899153,3.720389539623575,3.657408496072667,3.7080929279327393,1112241200.0
2007-06-07,3.748580825629551,3.827156751142532,3.6945965155995406,3.7209880352020255,1915079600.0
2007-06-08,3.773474368326851,3.773775086616896,3.66760631412586,3.733586549758911,1241682400.0
2007-06-11,3.778871753855382,3.7833701132476345,3.5851299695340324,3.604623794555664,1874258400.0
2007-06-12,3.579431153254866,3.65021044001613,3.548240552596452,3.6103222370147705,1426566400.0
2007-06-13,3.6334161087150623,3.6346153777907695,3.4609676224079444,3.5239486694335938,1721353200.0
2007-06-14,3.514949326010239,3.5824291063640445,3.491556581080709,3.56143569946289,973266000.0
2007-06-15,3.6175206509640674,3.619020237905984,3.5947273298706803,3.613921642303467,811218800.0
2007-06-18,3.697295061889597,3.75427813956279,3.6751023860979535,3.7515792846679688,910604800.0
2007-06-19,3.739582588453811,3.749179940681829,3.686198918379757,3.7086923122406006,943026000.0
2007-06-20,3.714990539874565,3.738683202118616,3.643911351871703,3.645410537719727,897512000.0
2007-06-21,3.6499097357676575,3.727586703767906,3.620518645379033,3.7158899307250977,867045200.0
2007-06-22,3.714390254721284,3.732385291677036,3.670303615450516,3.688898086547852,631876000.0
2007-06-25,3.724588401236683,3.7515805631959216,3.6307162697345374,3.669105291366577,965403600.0
2007-06-26,3.71828940889121,3.718889243493425,3.5605365123216064,3.588428020477295,1345005200.0
2007-06-27,3.617219725028,3.6601066983378927,3.576732090156194,3.65560793876648,974696800.0
2007-06-28,3.6697037036878535,3.6736026282795806,3.5989248281785966,3.615719795227051,838143600.0
2007-06-29,3.6580072378248216,3.718889248764951,3.631615716560891,3.660106658935547,1137841600.0
2007-07-02,3.630415480166976,3.661606077246305,3.577931156080629,3.636713743209839,994862400.0
2007-07-03,3.658907232643073,3.820858964685985,3.6439117686356286,3.8139612674713135,1162481600.0
2007-07-05,3.862845851728695,3.987908947790224,3.8595463614139054,3.981310367584229,1453051600.0
2007-07-06,3.9927069376865454,3.999005199755155,3.910831532912397,3.9678142070770255,874694800.0
2007-07-09,3.970214820456162,3.985810522017188,3.87424327450672,3.908733367919922,995820000.0
2007-07-10,3.865245052390714,4.033794543875982,3.863145631625507,3.969314336776733,1255007600.0
2007-07-11,3.960916554410669,4.009801864018466,3.938123244240584,3.970513105392456,821772000.0
2007-07-12,4.014300638902542,4.025997412658006,3.970513517485696,4.020898818969727,704608800.0
2007-07-13,4.049691601216906,4.134265893923441,4.034396216329664,4.130667686462402,907606000.0
2007-07-16,4.150459455470382,4.19814549200894,4.123767223646618,4.1417622566223145,936112800.0
2007-07-17,4.147761924562071,4.18674957342356,4.123768539604484,4.166055679321289,709959600.0
2007-07-18,4.144462969734128,4.151960903503125,4.07998194059185,4.142363548278809,756856800.0
2007-07-19,4.20774523461555,4.223041424674057,4.188251401615071,4.1987481117248535,732891600.0
2007-07-20,4.24823198033659,4.324109060983143,4.198746422859003,4.31121301651001,1167773600.0
2007-07-23,4.298014686051193,4.355298067699062,4.226635997515953,4.309711456298828,1036490000.0
2007-07-24,4.165155396315689,4.228736250539514,4.023297342444554,4.045491218566895,1795292800.0
2007-07-25,4.119269327805148,4.149560972989373,4.048790769346007,4.116570472717285,1496182800.0
2007-07-26,4.375993447278415,4.453670437454587,4.107574232378887,4.378693103790283,2186629200.0
2007-07-27,4.384390013222501,4.466265832771138,4.312112347926898,4.314211368560791,1161098400.0
2007-07-30,4.328607350972092,4.362197286674974,4.185849924023038,4.24163293838501,1106988400.0
2007-07-31,4.287818890864005,4.303115072720688,3.944422010723127,3.9516196250915527,1762392800.0
2007-08-01,4.008003925029144,4.060188344697719,3.831956037511455,4.048791885375977,1750156800.0
2007-08-02,4.098276002590437,4.107573839762466,4.02329827566908,4.093477725982666,852644800.0
2007-08-03,4.05658920644321,4.07728310331562,3.943823085012922,3.954320192337036,679187600.0
2007-08-06,3.985809216346364,4.05688719955831,3.847850089157231,4.05628776550293,925170400.0
2007-08-07,4.046990991253597,4.115970759487309,3.977711706184745,4.049690246582031,949936400.0
2007-08-08,4.101575778305957,4.104574551235193,3.9588183300966246,4.019099712371826,808096800.0
2007-08-09,3.9321272007731833,3.9888103919179367,3.751581318479812,3.79056978225708,1125395600.0
2007-08-10,3.69249737265797,3.83135588159238,3.607923095123706,3.748880624771118,1410749200.0
2007-08-13,3.8484491500118905,3.8793402190434594,3.7938654246724255,3.832554340362549,752911600.0
2007-08-14,3.847549503201666,3.847849019934352,3.710189848236793,3.71978759765625,739006800.0
2007-08-15,3.681100882268503,3.7446825564735255,3.5884284278247005,3.5959267616271973,992852000.0
2007-08-16,3.5092513331121937,3.553937797960305,3.3475997543304974,3.510450601577759,1866690000.0
2007-08-17,3.659206695405152,3.7038931645881568,3.5935264190500127,3.6607062816619873,1195062400.0
2007-08-20,3.7176907058866497,3.733885842907963,3.6139213014130105,3.665505886077881,803317200.0
2007-08-21,3.665206698730156,3.867645729488768,3.628917495743063,3.825958013534546,1303047200.0
2007-08-22,3.9354229708263264,3.981308691023212,3.908730746097727,3.9741110801696777,1061765600.0
2007-08-23,3.99150818600276,3.999006519935775,3.891638514624287,3.9309260845184326,866838000.0
2007-08-24,3.914732336707496,4.0598887474116845,3.893138284961031,4.057789325714111,911834000.0
2007-08-27,4.000505680626766,4.038594377950752,3.961816748262266,3.966315507888794,707439600.0
2007-08-28,3.928527958176417,3.971115828887884,3.797767174137249,3.803465604782105,1179365600.0
2007-08-29,3.89523582181931,4.024197845839407,3.885039835873586,4.021198272705078,1166860800.0
2007-08-30,3.978911868875029,4.146262133030132,3.9678153282327098,4.08627986907959,1435582400.0
2007-08-31,4.183451826969329,4.188250505043161,4.121070213280726,4.153160572052002,876887200.0
2007-09-04,4.196945909251192,4.370593993361621,4.193947137164463,4.323507785797119,1316842800.0
2007-09-05,4.347802487212683,4.37389449803431,4.081781781494139,4.101576328277588,2328222400.0
2007-09-06,4.0655867921173146,4.125868172802671,3.980111955508238,4.049091339111328,1901261600.0
2007-09-07,3.959116777368993,3.967813976439404,3.898834616629853,3.951918363571167,1430576000.0
2007-09-10,4.108472527929077,4.139963040016028,4.01730008159466,4.1000752449035645,1487838800.0
2007-09-11,4.135766091680917,4.147762786653162,4.011303184309994,4.063488006591797,971885600.0
2007-09-12,4.078481237518233,4.180750213128721,4.07128322377686,4.104273319244385,1022770000.0
2007-09-13,4.16365773313426,4.168756729566477,4.09827733895651,4.114772796630859,656163200.0
2007-09-14,4.095876506011107,4.168154566823269,4.084779967312648,4.163056373596191,607320000.0
2007-09-17,4.1684552295925705,4.216439990608466,4.12676752996722,4.151059627532959,793371600.0
2007-09-18,4.170553879474329,4.284219700669234,4.133664462558476,4.226336479187012,1064089600.0
2007-09-19,4.289320189236323,4.29351863205848,4.180752101711273,4.2218403816223145,1026880400.0
2007-09-20,4.203242516516909,4.25242853058116,4.178350192958443,4.208041191101074,691840800.0
2007-09-21,4.232935698821324,4.33820427428854,4.208043362418606,4.323208808898926,1138880400.0
2007-09-24,4.400585100864826,4.4941576853882825,4.39818616318026,4.447071075439453,1052161600.0
2007-09-25,4.403884771455034,4.595227588752855,4.403284136056245,4.594027519226074,1192550800.0
2007-09-26,4.632715896148175,4.648610709026856,4.536144546950792,4.581730365753174,975268000.0
2007-09-27,4.611723284098024,4.634215881660637,4.56823607386708,4.6336164474487305,658198800.0
2007-09-28,4.601824724039525,4.636614722736813,4.58113083533085,4.602724075317383,615101200.0
2007-10-01,4.637515595976872,4.7208910126417205,4.586530850769035,4.688799858093262,837068400.0
2007-10-02,4.695096962320809,4.756279282135273,4.675303224130379,4.75208044052124,792069600.0
2007-10-03,4.731987585271151,4.773974810793943,4.708894350958224,4.736186027526856,692518400.0
2007-10-04,4.738584313358633,4.74098325107588,4.603624746325315,4.685800075531006,656958400.0
2007-10-05,4.749681289008309,4.845952338228837,4.729587631076516,4.842053413391113,943471200.0
2007-10-08,4.903235930080085,5.035796165466309,4.887639830977056,5.035796165466309,835928800.0
2007-10-09,5.104474192230091,5.131766261135926,4.9989061248219615,5.034295558929443,1104286400.0
2007-10-10,5.025000597013945,5.0348970685569086,4.966517915978424,5.002207279205322,667590000.0
2007-10-11,5.083180882335972,5.15485910205642,4.594927217829804,4.8654465675354,1643992000.0
2007-10-12,4.888840439858973,5.01690233056194,4.852550845121285,5.016002178192139,988176000.0
2007-10-15,5.037895782128999,5.085580629748334,4.903535637406447,5.007904052734375,1077930000.0
2007-10-16,4.96471652120396,5.103874512550644,4.953019348773561,5.085880279541016,1067830400.0
2007-10-17,5.179153045279051,5.189649749781804,5.073884481273469,5.180952548980713,1127613200.0
2007-10-18,5.143464127681937,5.224139481306297,5.129968649616659,5.203446388244629,823676000.0
2007-10-19,5.225641123137017,5.237337901898721,5.098479347169167,5.111075878143311,1291780000.0
2007-10-22,5.10897487175927,5.245434044932669,5.097278096625336,5.229238510131836,1649499600.0
2007-10-23,5.65511218299742,5.656311451966989,5.481164125210954,5.583133220672607,1795164000.0
2007-10-24,5.572635809779837,5.614623031967767,5.37559534234098,5.576234817504883,1288481600.0
2007-10-25,5.544443438294768,5.575334515578476,5.44817200017927,5.481761932373047,973602000.0
2007-10-26,5.557040538667732,5.559439877163448,5.484762468602559,5.539346218109131,706876800.0
2007-10-29,5.5618377469846045,5.596028313981629,5.539345154178327,5.551041126251221,540554000.0
2007-10-30,5.58373258669088,5.679403803370465,5.540245378801154,5.608325004577637,939414000.0
2007-10-31,5.6272178487732,5.701896040414634,5.546842430830817,5.696797847747803,833310800.0
2007-11-01,5.656310199524183,5.701297391386681,5.398387343437956,5.62152099609375,805036400.0
2007-11-02,5.674604691857609,5.681502388356459,5.503055624381646,5.634416580200195,1002114400.0
2007-11-05,5.557039890913501,5.66710672860899,5.525549377675217,5.583732128143311,804176800.0
2007-11-06,5.609823758323157,5.758279597205282,5.556440088251418,5.751981735229492,954727200.0
2007-11-07,5.716591387785964,5.778673453605935,5.582231672010807,5.587329864501953,994327600.0
2007-11-08,5.598428167242867,5.605325864304372,5.03159731789124,5.262528419494629,1890378000.0
2007-11-09,5.132967160464704,5.25203152316576,4.954819891718489,4.95961856842041,1526380800.0
2007-11-12,4.956920355595373,5.029499154709938,4.517551838657087,4.611423969268799,1769065200.0
2007-11-13,4.824059402044467,5.127868803875002,4.611422852533886,5.097277641296387,1739446800.0
2007-11-14,5.313211873545826,5.325508078522896,4.910731793897784,4.981810569763184,1449168000.0
2007-11-15,4.990208447854495,5.086179955078711,4.807562867123553,4.927526950836182,1487410400.0
2007-11-16,4.957519469572027,5.0091044466231445,4.778473238154529,4.990210056304932,1383494000.0
2007-11-19,4.981511819006567,5.044492840024697,4.8615477215669705,4.917030811309815,1154428800.0
2007-11-20,4.968617296755129,5.152161905408738,4.904435786262794,5.063988208770752,1543642800.0
2007-11-21,4.9737142638252525,5.168956016808135,4.938624741409518,5.052291393280029,1217809600.0
2007-11-23,5.158460161299317,5.159959748010447,5.090980360993218,5.144664764404297,465757600.0
2007-11-26,5.206145955971713,5.316512328969419,5.168956607830179,5.174655437469482,1305754800.0
2007-11-27,5.255029207788482,5.272124089576483,5.098776334265764,5.242733001708984,1317030400.0
2007-11-28,5.303016967010967,5.416382916203105,5.258929919796925,5.40498685836792,1150912000.0
2007-11-29,5.381293007409068,5.553441540538157,5.372895322659529,5.527050018310547,1050926800.0
2007-11-30,5.618520801530241,5.62931742206136,5.38938962942185,5.464966773986816,1187802000.0
2007-12-03,5.454170431268309,5.522550366193599,5.3294080528256025,5.364197254180908,961469600.0
2007-12-04,5.312912764699046,5.425378530257165,5.30811368826709,5.392688751220703,773799600.0
2007-12-05,5.485062811027263,5.578334699735212,5.470667179360906,5.5633392333984375,892402000.0
2007-12-06,5.584031367819453,5.701296606356965,5.581931947135177,5.696797847747803,899810800.0
2007-12-07,5.714492650605444,5.847953431498249,5.6395149357636525,5.827259540557861,1066066400.0
2007-12-10,5.805966969315793,5.868047853631508,5.778974810420308,5.824560642242432,722377600.0
2007-12-11,5.840754134274908,5.9031357149377,5.620020265247283,5.654509544372559,1110925200.0
2007-12-12,5.801467396771238,5.83265839816398,5.571136897405054,5.724091529846191,1225660800.0
2007-12-13,5.703997567266668,5.7618808152305,5.63291875669068,5.753182411193848,864617600.0
2007-12-14,5.709394881989845,5.794269066124928,5.684502149218527,5.709994316101074,674312800.0
2007-12-17,5.719892931551862,5.777774975660734,5.487761717050985,5.530348777770996,1024693600.0
2007-12-18,5.593931686958047,5.618224195846374,5.356401907959252,5.487762928009033,1222603200.0
2007-12-19,5.487761682807383,5.537547159751581,5.42538007817093,5.491960525512695,827478400.0
2007-12-20,5.561239389843564,5.633217542710778,5.498258355925884,5.614623069763184,774057200.0
2007-12-21,5.701897812194842,5.815563678741455,5.6950001139409885,5.815563678741455,993960800.0
2007-12-24,5.849152353607368,5.978114376696208,5.84195514000076,5.962218761444092,480202800.0
2007-12-26,5.968517700686337,6.027000373482235,5.902837413044313,5.9667181968688965,703732400.0
2007-12-27,5.966719679217427,6.086983344171761,5.932230382085677,5.955323219299316,795527600.0
2007-12-28,6.015903971859023,6.044994749638162,5.904637052467109,5.993110656738281,699647200.0
2007-12-31,5.98321368006275,6.013204611671341,5.930729349535884,5.940626621246338,539333200.0
2008-01-02,5.976317756841917,6.006008779943458,5.774778059969744,5.843456745147705,1079178800.0
2008-01-03,5.860549765403204,5.919931784524696,5.778973867794964,5.846153736114502,842066400.0
2008-01-04,5.741786202164884,5.788272189134919,5.365098828061367,5.399888038635254,1455832000.0
2008-01-07,5.435877375019171,5.506356750194719,5.105376067136646,5.327610015869141,2072193200.0
2008-01-08,5.402585885948928,5.472165895804847,5.122469946612701,5.135965824127197,1523816000.0
2008-01-09,5.137465694300822,5.383392277713575,5.047492505195713,5.380393505096436,1813882000.0
2008-01-10,5.3258104612495325,5.428379790264862,5.260729999353734,5.339006423950195,1482975200.0
2008-01-11,5.278424154304406,5.333908060287572,5.098478158433438,5.179153919219971,1232285600.0
2008-01-14,5.324009512230738,5.380992190380368,5.25353015685238,5.361798286437988,1100450400.0
2008-01-15,5.330009630432714,5.374995633052862,4.938325964428065,5.069687366485596,2343278000.0
2008-01-16,4.955420617747926,5.068786572259106,4.699597526834137,4.787771224975586,2213845200.0
2008-01-17,4.8438521692251655,4.959317497541432,4.751179749093928,4.825257301330566,1757859600.0
2008-01-18,4.849851219890947,4.971015403535214,4.786870190152119,4.839354515075684,1724343600.0
2008-01-22,4.440473504373438,4.797966490362726,4.378692146884712,4.667805194854736,2434754000.0
2008-01-23,4.084481322575625,4.198747036440205,3.783071175934317,4.170855522155762,3372969600.0
2008-01-24,4.19844573649797,4.219739462119764,3.959117362368844,4.066784858703613,2005866800.0
2008-01-25,4.168456233453788,4.1714550064482365,3.887140173611597,3.899136066436768,1554739200.0
2008-01-28,3.8436529598959943,3.99480769635688,3.792367494869551,3.899136066436768,1474844000.0
2008-01-29,3.9333258933084863,3.982510731298657,3.870344858821365,3.945021867752075,1099982800.0
2008-01-30,3.939922308526415,4.062285727740195,3.898834451436095,3.96421480178833,1243051600.0
2008-01-31,3.882340039779988,4.098275684341818,3.880841254171358,4.0595879554748535,1345674400.0
2008-02-01,4.085981339110888,4.096478048665053,3.964217666333088,4.011303901672363,1010744000.0
2008-02-04,4.02509874450935,4.075783581533671,3.941423795832453,3.948322296142578,899234000.0
2008-02-05,3.911732365868707,4.0188004590481645,3.865845811406823,3.8796420097351074,1141042000.0
2008-02-06,3.923729153093445,3.956419745135724,3.652010429834432,3.6589081287384033,1573272400.0
2008-02-07,3.5980255880690466,3.742282599036362,3.5170491222376428,3.6361138820648193,2083331600.0
2008-02-08,3.661307625292922,3.769875312496169,3.6469115912935015,3.763277530670166,1355972800.0
2008-02-11,3.839153231325212,3.898235331064024,3.814860333189987,3.8823397159576416,1201432400.0
2008-02-12,3.9198286213665847,3.9288257381188,3.707492021101122,3.7446813583374015,1225980000.0
2008-02-13,3.7992674543246174,3.892239863900425,3.767776922178828,3.8808434009552,968534000.0
2008-02-14,3.8808425028486986,3.922830136275514,3.809163048042192,3.822659730911255,954097200.0
2008-02-15,3.78696874692068,3.811260843686811,3.7206882337945344,3.737782716751098,901300400.0
2008-02-19,3.778571290379709,3.801364603062124,3.642112132410134,3.664305210113525,1005046000.0
2008-02-20,3.664904622494649,3.736882750871531,3.649308927554187,3.713490009307861,967439200.0
2008-02-21,3.7803711330750582,3.792967258110743,3.624717672283463,3.645110845565796,938114800.0
2008-02-22,3.673304046916711,3.674203398551011,3.475062681040573,3.582731008529663,1529878000.0
2008-02-25,3.556637620933193,3.604024154531152,3.498755583392086,3.59112811088562,1256774400.0
2008-02-26,3.528146536151565,3.6316155992973846,3.462165933215877,3.573432445526123,1504888000.0
2008-02-27,3.5458405392507397,3.690397457638677,3.54164209796297,3.687698602676392,1475138000.0
2008-02-28,3.814860073553008,3.964815493037526,3.7719731086820096,3.8961360454559326,1618254400.0
2008-02-29,3.877541233083472,3.905132819249612,3.7428815911572273,3.7494797706604,1255480800.0
2008-03-03,3.73208551131432,3.7782719736813206,3.5389431788964134,3.6508095264434814,1593043200.0
2008-03-04,3.658606557723132,3.745280634067947,3.610920919978041,3.737482786178589,1785383600.0
2008-03-05,3.706294462924193,3.753081183515011,3.6664066443562535,3.733586549758911,1221836000.0
2008-03-06,3.7371840748277463,3.823858179139661,3.623218294943952,3.6268177032470703,1473698800.0
2008-03-07,3.611221144892408,3.688298285526096,3.570433995782862,3.6664047241210938,1230462800.0
2008-03-10,3.6583078397845847,3.7026943977307134,3.5800306278416985,3.589627981185913,999588800.0
2008-03-11,3.721887816727165,3.823257034294471,3.658906401690888,3.819358110427856,1163943200.0
2008-03-12,3.810063219512622,3.859248064470732,3.753979474481376,3.779771566390991,1059629200.0
2008-03-13,3.721887887063097,3.883839184963152,3.6888973926072,3.8370532989501953,1262102800.0
2008-03-14,3.8952351204227225,3.9078316435396174,3.724886145362773,3.7971653938293457,1156640800.0
2008-03-17,3.67540204441143,3.856547650579944,3.67540204441143,3.8007638454437256,1072598800.0
2008-03-18,3.874242787357124,3.988808793415433,3.858947405480742,3.983409881591797,1205120000.0
2008-03-19,3.992406916762252,4.02749603181972,3.888937473297119,3.888937473297119,1010536800.0
2008-03-20,3.9324252668055473,3.9975057146519535,3.874242515952306,3.996906280517578,908787600.0
2008-03-24,4.0190992001370764,4.224238226671011,4.008003060992852,4.18464994430542,1066920400.0
2008-03-25,4.197546800171983,4.291718847561707,4.118670938317177,4.228137969970703,1052391200.0
2008-03-26,4.224838502845886,4.370895038394351,4.217940804716023,4.35050106048584,1182084400.0
2008-03-27,4.347201425339856,4.357998046392229,4.198445666170903,4.206243515014648,999829600.0
2008-03-28,4.252731262204543,4.338204906837412,4.246732915004624,4.28902006149292,714610400.0
2008-03-31,4.296816102572803,4.36999430588646,4.274322710473449,4.303713798522949,768065200.0
2008-04-01,4.387689604045158,4.488459414564651,4.307014252677766,4.484560489654541,1032567200.0
2008-04-02,4.462066593764802,4.534645371169479,4.374193637424529,4.423378467559815,1044968400.0
2008-04-03,4.4104830611600745,4.6075243294853285,4.408683557297195,4.546942234039307,1051568000.0
2008-04-04,4.564335505415099,4.639912640167231,4.521148628474382,4.591027736663818,854417200.0
2008-04-07,4.682501150448839,4.789269708487507,4.651910786730988,4.675303936004639,1158326400.0
2008-04-08,4.6051258418226215,4.692099467826272,4.568236409449312,4.583831310272217,1014294400.0
2008-04-09,4.597925704503905,4.6153201028559625,4.512450896340262,4.541841983795166,873398400.0
2008-04-10,4.532546312420188,4.661207626962618,4.516650695985773,4.635115623474121,955763200.0
2008-04-11,4.5802335705934,4.597627977230808,4.390689396296047,4.412883281707764,1210076000.0
2008-04-14,4.401786479645296,4.476163981003425,4.334906511681673,4.432076930999756,845087600.0
2008-04-15,4.480659778705012,4.490257528927762,4.370293459401107,4.450069427490234,698037200.0
2008-04-16,4.5502420217178114,4.621620757136661,4.517252310877609,4.609624862670898,795774000.0
2008-04-17,4.623720114433578,4.678604193879965,4.599128090655079,4.633317470550537,704267200.0
2008-04-18,4.772175316657882,4.866347357686117,4.74998223472546,4.829758644104004,1026765600.0
2008-04-21,4.864846691025647,5.053490664065611,4.85135121368938,5.043293476104736,1039152800.0
2008-04-22,5.020499283210037,5.038494317637252,4.741282739124581,4.804564476013184,1439572400.0
2008-04-23,4.920030556722946,4.943723219536297,4.8309567317442,4.88524055480957,1504190800.0
2008-04-24,4.958718199486971,5.097876191476359,4.77427310583925,5.066685199737549,1696066400.0
2008-04-25,5.119470889389203,5.131466779375241,4.991108700015264,5.09037971496582,992474000.0
2008-04-28,5.090978848697281,5.210942946986044,5.072384379426519,5.165657043457031,787214400.0
2008-04-29,5.131766882260243,5.268226042035102,5.105974796883107,5.249932289123535,923476400.0
2008-04-30,5.284122669431289,5.398388372657864,5.186051701668075,5.21694278717041,1139524400.0
2008-05-01,5.247232322923438,5.398387432098389,5.244233550478721,5.398387432098389,903576800.0
2008-05-02,5.40408702812847,5.455971528689656,5.35490218415567,5.426580429077148,1006082000.0
2008-05-05,5.455969831835358,5.55763937987619,5.4298774307820645,5.5402445793151855,854557200.0
2008-05-06,5.538144247320229,5.611922279042572,5.463767182026887,5.5981268882751465,918870400.0
2008-05-07,5.579834073919016,5.644315097262353,5.414583232325039,5.476064682006836,1157133600.0
2008-05-08,5.511452885727849,5.593328695011654,5.490459478631893,5.55014181137085,899085600.0
2008-05-09,5.493163411808923,5.525853216933252,5.4394789819697085,5.501860618591309,673072400.0
2008-05-12,5.554640896689888,5.6644078159932185,5.483861621306667,5.64311408996582,818563200.0
2008-05-13,5.656611244960048,5.741786168314588,5.634118645601896,5.697099685668945,823236400.0
2008-05-14,5.735187837541698,5.765478687420029,5.565438630781062,5.586132526397705,916823600.0
2008-05-15,5.602627350282503,5.695299800555873,5.524350130601294,5.690200805664063,873208000.0
2008-05-16,5.7015965900575925,5.707295418519406,5.608324322707657,5.626918792724609,765769200.0
2008-05-19,5.634117238340929,5.659009570639071,5.437375515548751,5.506355285644531,945820400.0
2008-05-20,5.452970774915504,5.583132074395365,5.401986437864159,5.5753350257873535,969850000.0
2008-05-21,5.5684378203055,5.636817776283623,5.285922477820853,5.344105243682861,1157657200.0
2008-05-22,5.376194151884842,5.438275025810553,5.158459014901703,5.309913635253906,1206735600.0
2008-05-23,5.421480233486759,5.458069741862066,5.332407202313028,5.43347692489624,906917200.0
2008-05-27,5.480863623018407,5.591230392456055,5.453571948081222,5.591230392456055,789905200.0
2008-05-28,5.620620347683172,5.636815879476564,5.509954083816901,5.608624458312988,743979600.0
2008-05-29,5.601126100620919,5.644313381269136,5.563337330159616,5.599026679992676,647186400.0
2008-05-30,5.621822414791409,5.684503942179534,5.619722993257367,5.660810470581055,610184400.0
2008-06-02,5.656310559950357,5.687801075710025,5.53424702140129,5.581333637237549,679840000.0
2008-06-03,5.604125174237868,5.644313685147229,5.468566181613506,5.559438705444336,750520400.0
2008-06-04,5.518951389576326,5.611023988021532,5.495258726434939,5.554040908813477,726983600.0
2008-06-05,5.588530851655244,5.69349949694955,5.569336546188849,5.6812028884887695,755445600.0
2008-06-06,5.638316187385993,5.696798858409781,5.564838452518512,5.567537307739258,966422800.0
2008-06-09,5.54204598234622,5.54654434201472,5.270926713812566,5.44667387008667,1888392800.0
2008-06-10,5.413683339822843,5.601726677963727,5.368996063467471,5.567537307739258,1140941200.0
2008-06-11,5.528546919706442,5.57833237576282,5.386090249067368,5.4226789474487305,961550800.0
2008-06-12,5.443074378898254,5.476364797752913,5.134466694295041,5.1962480545043945,1308333600.0
2008-06-13,5.147662978143084,5.223240138054636,4.957820126223459,5.169556140899658,1345957200.0
2008-06-16,5.13746585934519,5.335406481311762,5.070585900081861,5.303616046905518,1051730400.0
2008-06-17,5.3414055957451465,5.458071045015392,5.320711698546587,5.4412760734558105,899656800.0
2008-06-18,5.431977366406287,5.464368032954859,5.3189117526793295,5.360898971557617,811468000.0
2008-06-19,5.354901585895502,5.468567446499045,5.302417256494706,5.425379753112793,791949200.0
2008-06-20,5.378893337445317,5.428378890108358,5.248432517943544,5.256530284881592,888367200.0
2008-06-23,5.240635036541001,5.274825210036004,5.145263732888771,5.193249702453613,645780800.0
2008-06-24,5.16955627724809,5.2718256799915135,5.147363196596526,5.195948600769043,621947200.0
2008-06-25,5.236736336083375,5.363299045932614,5.214843171990993,5.3201117515563965,644450800.0
2008-06-26,5.220542195473093,5.243635431929598,5.03879627828929,5.046294212341309,869610000.0
2008-06-27,4.993809216653476,5.115572846633806,4.923030330231752,5.101177215576172,1042249600.0
2008-06-30,5.104175638150169,5.158459468531836,4.997107563896573,5.021700382232666,684196800.0
2008-07-01,4.9254280633646905,5.24003405010012,4.918530367057777,5.238834381103516,1111280800.0
2008-07-02,5.254431032567496,5.321910824190481,5.043894290924072,5.043894290924072,837519200.0
2008-07-03,5.086181237972517,5.163558297702188,4.971015400255037,5.102076053619385,523362000.0
2008-07-07,5.193249588997466,5.312313156668575,5.15546080897077,5.253231048583984,820391600.0
2008-07-08,5.260429506209809,5.389390746510524,5.18065310320321,5.384891986846924,888350400.0
2008-07-09,5.404384184955184,5.42567790719834,5.222639154319047,5.225937843322754,895776000.0
2008-07-10,5.246032852081092,5.3186108305803454,5.139564621899035,5.2973175048828125,840688800.0
2008-07-11,5.262530565152112,5.311715417753174,5.128470288421085,5.17585563659668,930011600.0
2008-07-14,5.375591828379851,5.3773905302192935,5.19084689016289,5.214839458465576,886054400.0
2008-07-15,5.1728552544378585,5.210644034774441,4.990210016709237,5.087680339813232,1040043200.0
2008-07-16,5.104474921460048,5.186350739450849,5.056490157462221,5.182752132415772,747790400.0
2008-07-17,5.221440442201476,5.247833164479492,5.140164455971647,5.152760982513428,757526000.0
2008-07-18,5.054090301923902,5.0879809573950645,4.948522213510174,4.9530205726623535,868414400.0
2008-07-21,5.005504982055112,5.023500020654181,4.832157181544169,4.987211227416992,1360469600.0
2008-07-22,4.468666795378566,4.881343494680138,4.3945884047606825,4.859150409698486,1879592400.0
2008-07-23,4.948220842644889,5.04959045943375,4.845351639771265,4.98630952835083,1061768400.0
2008-07-24,4.928126799537515,4.95631902027899,4.752080183606912,4.769474983215332,839619200.0
2008-07-25,4.8105633066043225,4.888540608707341,4.758078976758187,4.862148284912109,633637200.0
2008-07-28,4.868743954203904,4.8726428776818285,4.619218457545507,4.630615711212158,780712800.0
2008-07-29,4.660906957569438,4.782071121127206,4.608123124527418,4.710992336273193,684070800.0
2008-07-30,4.731987096217446,4.813262683278653,4.681002355936708,4.794968128204346,725183200.0
2008-07-31,4.724790772776191,4.8645486704752345,4.7079957996275885,4.767077922821045,637498400.0
2008-08-01,4.795567484878278,4.798267541411115,4.671105009432342,4.698396682739258,544639200.0
2008-08-04,4.696595430979423,4.735584264836685,4.58592839160035,4.595525741577148,592527600.0
2008-08-05,4.661206408974627,4.82255826567416,4.643212177050894,4.817759990692139,688371600.0
2008-08-06,4.797669246936137,5.020502702867407,4.738587112017876,4.924232006072998,791408800.0
2008-08-07,4.879842468054564,4.98301242175402,4.843553674550276,4.905635356903076,672372400.0
2008-08-08,4.914331575556333,5.087980060769072,4.911032485782114,5.084980487823486,713997200.0
2008-08-11,5.100575755098286,5.293417726929909,5.088579066021208,5.205244064331055,891304400.0
2008-08-12,5.204045840395716,5.377093710407621,5.20374592310859,5.300317287445068,836278800.0
2008-08-13,5.3378062416298215,5.398387532579641,5.275424646078266,5.37739372253418,842346400.0
2008-08-14,5.348303997255206,5.411884874044931,5.333608447463143,5.377995014190674,711300800.0
2008-08-15,5.369597337987367,5.390890667535566,5.2499331264767095,5.270627021789551,708251600.0
2008-08-18,5.265527085457135,5.332706953564137,5.21304276344559,5.260128974914551,552014400.0
2008-08-19,5.23463710676125,5.310514992242128,5.152761675348929,5.204346656799316,616204400.0
2008-08-20,5.241535022990325,5.306615476607085,5.20674501596644,5.273625373840332,506951200.0
2008-08-21,5.232536229038348,5.261927319226841,5.155159979669631,5.227138519287109,539744800.0
2008-08-22,5.273024819794307,5.3234097189868255,5.265526888177748,5.302116394042969,439611200.0
2008-08-25,5.282920864334309,5.285321003105987,5.14826122670603,5.174953460693359,484425200.0
2008-08-26,5.181252618115006,5.244833482409376,5.176753858729001,5.207644939422607,445550000.0
2008-08-27,5.1977473791453495,5.271225509994592,5.164157445115456,5.238534927368164,477780800.0
2008-08-28,5.256831193120317,5.285922375275105,5.180953705128999,5.210644721984863,431384800.0
2008-08-29,5.187251778940617,5.203446914851054,5.0696869848142665,5.0843825340271,599289600.0
2008-09-02,5.170455587652428,5.203445686363674,4.948521613887915,4.984210968017578,780763200.0
2008-09-03,5.00370613706995,5.058890128526288,4.91853201236072,5.007305145263672,734834800.0
2008-09-04,4.974311939815911,5.035794157321975,4.82285737646477,4.835153579711914,743386000.0
2008-09-05,4.756278899516267,4.870544562712443,4.728086679518545,4.803964138031006,786884000.0
2008-09-08,4.935626650137071,4.945224004832803,4.542444234690907,4.736186027526856,1045979200.0
2008-09-09,4.704395807354611,4.797367782704309,4.492359447799577,4.549042224884033,1245025600.0
2008-09-10,4.56823596265974,4.64831188243967,4.462667872336303,4.546942234039307,973142800.0
2008-09-11,4.444073800899422,4.588331250302133,4.378693417113245,4.578134059906006,971135200.0
2008-09-12,4.525948521341665,4.525948521341665,4.393687799205268,4.46686601638794,793027200.0
2008-09-15,4.259628622439757,4.429377830466071,4.209543228149414,4.209543228149414,920634400.0
2008-09-16,4.014601742064055,4.273724738951708,3.96331747445086,4.19514799118042,1199836400.0
2008-09-17,4.153459496970838,4.15405973201038,3.8337552547454834,3.8337552547454834,1200455200.0
2008-09-18,3.915931668249832,4.061688316472035,3.61932017659665,4.021500587463379,1676253600.0
2008-09-19,4.276722321485778,4.324708285578473,4.088078756475433,4.226037502288818,1430875600.0
2008-09-22,4.196946449059094,4.206243885036838,3.918630011507488,3.930325984954834,856713200.0
2008-09-23,3.954318899473839,4.072783011438859,3.798664647581847,3.804063558578491,1280364400.0
2008-09-24,3.816960421582453,3.927327592288708,3.753379551731924,3.860147714614868,1047015200.0
2008-09-25,3.8928386685841128,4.042494652488252,3.854450441559985,3.956719875335693,1006045600.0
2008-09-26,3.746180296676476,3.892836629242348,3.688897703345607,3.84605073928833,1126451200.0
2008-09-29,3.587529273777457,3.5893287778874567,3.0167995673261534,3.156857967376709,2622057200.0
2008-09-30,3.2465306738566864,3.448970683097613,3.188048792020368,3.408782958984375,1626682400.0
2008-10-01,3.356597379952196,3.3697931390994307,3.220737660609914,3.272622346878052,1296484000.0
2008-10-02,3.239333265498411,3.262726018287048,2.9991052708411927,3.0021040439605717,1609364400.0
2008-10-03,3.1190686341057714,3.194045551499134,2.8386519839029773,2.911230564117432,2294398400.0
2008-10-06,2.7579762871096745,2.962514855408137,2.625416060105059,2.943320751190185,2107417200.0
2008-10-07,3.013499657169981,3.044090820331803,2.667703430634466,2.674001693725586,1878772000.0
2008-10-08,2.57652972654044,2.8890364808293185,2.569632030496501,2.6928954124450684,2207741200.0
2008-10-09,2.799664441053246,2.873142380610274,2.5972242596251345,2.661405563354492,1617383600.0
2008-10-10,2.570231107728393,2.9991034549748017,2.5492373060616296,2.9031319618225098,2219299600.0
2008-10-13,3.135564590079147,3.314910770525493,3.029695761858507,3.3068130016326904,1539076000.0
2008-10-14,3.4867584068844155,3.490957248556227,3.093275567890231,3.1214675903320312,1980994400.0
2008-10-15,3.114268878046074,3.2090413223860774,2.9358223284922293,2.937621831893921,1584175600.0
2008-10-16,2.9922065664590383,3.1019743085040075,2.751378953789128,3.055788040161133,1980521200.0
2008-10-17,2.987107638668292,3.0602858484455417,2.575930484985034,2.9211268424987797,1762227600.0
2008-10-20,2.992505627548239,3.000003759460789,2.808361230060751,2.952317714691162,1549170000.0
2008-10-21,2.9076327628545804,2.936124515824729,2.733984189667681,2.7438814640045166,2193660000.0
2008-10-22,2.920227894156778,3.03659280396942,2.787068015882631,2.9052324295043945,2248808800.0
2008-10-23,2.894435715391174,2.9766110512866515,2.756177047158749,2.9460198879241943,1675430400.0
2008-10-24,2.7090906510617465,2.9361236547580094,2.702492870529201,2.8905370235443115,1590058400.0
2008-10-27,2.8512486308014813,2.9280260669770333,2.754977368724076,2.761875867843628,1208771200.0
2008-10-28,2.862045138570679,3.014100207245006,2.7702730470706816,2.9964048862457275,1634133200.0
2008-10-29,3.024896770849762,3.285218977119516,2.99730518049722,3.135563850402832,1950978400.0
2008-10-30,3.2459302109452506,3.3646950501235997,3.2273357401904748,3.330204963684082,1638089600.0
2008-10-31,3.2210374025292725,3.322407631616606,3.153257905605427,3.226735830307007,1659756000.0
2008-11-03,3.1769509927700605,3.272023172511288,3.1448606434166044,3.2078418731689453,1057938000.0
2008-11-04,3.298714025607372,3.352698127468625,3.199144105196653,3.3287055492401123,1398681200.0
2008-11-05,3.266325512972517,3.290617819740916,3.088778227689076,3.0980758666992188,1256455200.0
2008-11-06,3.03059460020047,3.0824784801821274,2.9391216450213244,2.972111940383911,1319074400.0
2008-11-07,2.9763117907174963,2.994605747277641,2.8707426896402763,2.946320056915283,1095253600.0
2008-11-10,3.0042032182455154,3.011100916403337,2.834153896370102,2.8755416870117188,1123822000.0
2008-11-11,2.843450130822287,2.9142292041439286,2.766973430291548,2.8422510623931885,1224538000.0
2008-11-12,2.772071699774005,2.796364800541823,2.6994939164611,2.7027924060821533,1178976400.0
2008-11-13,2.695294698558859,2.892336130142212,2.579829358644287,2.892336130142212,1854087200.0
2008-11-14,2.81195960909274,2.818858106613439,2.699193920806863,2.7063913345336914,1405266800.0
2008-11-17,2.653607393222566,2.715689068068558,2.6170186868303285,2.6434102058410645,1162526400.0
2008-11-18,2.688396899351872,2.7288847260664157,2.6050217077688798,2.696493864059448,1209695200.0
2008-11-19,2.682400278143214,2.746580602427789,2.585529156042586,2.587928295135498,1171900800.0
2008-11-20,2.556436301195306,2.5927252863050647,2.399283070478418,2.413978815078736,1716814400.0
2008-11-21,2.457165429676752,2.522846508193102,2.373491117624433,2.476660251617432,1569271200.0
2008-11-24,2.555536538252092,2.842850691959381,2.5444399990663253,2.7876675128936768,1442257600.0
2008-11-25,2.8380521625305746,2.840451300398591,2.6440096995620657,2.7231862545013428,1235292800.0
2008-11-26,2.6967943324831203,2.8566464040547803,2.694694911978119,2.8491482734680176,899836000.0
2008-11-28,2.8401529575433564,2.841952461973891,2.7549780161931205,2.779271125793457,297774400.0
2008-12-01,2.7381818051383746,2.767273179656251,2.666803096662877,2.667102813720703,923767600.0
2008-12-02,2.7000933476358093,2.778670271803265,2.5942253530648567,2.7732715606689453,1148722400.0
2008-12-03,2.6811994509333865,2.88603858157562,2.6632052120762517,2.876141309738159,1338680000.0
2008-12-04,2.832053631573768,2.8554465756821394,2.671001477130796,2.741480827331543,1091370000.0
2008-12-05,2.709690639227716,2.8338535846781205,2.665003567124179,2.819157838821411,1043795200.0
2008-12-08,2.917529174190288,3.0230972662565714,2.8731424125655725,2.990707397460937,1185142000.0
2008-12-09,2.940322510597981,3.107072334712404,2.9154297736642394,3.000903606414795,1203496000.0
2008-12-10,2.9352225646610184,2.9838079530912447,2.894135306951938,2.9454195499420166,938047600.0
2008-12-11,2.9196274175107404,3.036292210969415,2.844050081236533,2.8491482734680176,1040617200.0
2008-12-12,2.783169575425314,2.969113529651329,2.7750718068746973,2.94722056388855,1041174400.0
2008-12-15,2.87884122856714,2.885439011346479,2.789168523242885,2.8416528701782227,891758000.0
2008-12-16,2.8185591135897687,2.893536046581261,2.781669680930916,2.8620455265045166,1093506400.0
2008-12-17,2.730084224847469,2.7321836458778423,2.6398111226595056,2.674001693725586,1293860400.0
2008-12-18,2.6784998964450657,2.724086521027365,2.652407293943932,2.6820991039276123,857416000.0
2008-12-19,2.697394250642986,2.727385176679016,2.663204683055102,2.699193954467773,801920000.0
2008-12-22,2.699794007586547,2.700093924924144,2.53994187067249,2.571432590484619,844740400.0
2008-12-23,2.605321786287601,2.63531271387834,2.576230410338196,2.5906262397766118,635031600.0
2008-12-24,2.583430154771408,2.5867288464288056,2.535744279383936,2.5504398345947266,271334000.0
2008-12-26,2.5984241237475927,2.6218170716050744,2.5564367044347507,2.57353138923645,308324800.0
2008-12-29,2.5948253486922352,2.627815855489658,2.5513381354754165,2.597524404525757,686000000.0
2008-12-30,2.621818161968279,2.640712558569822,2.540841861914408,2.587928295135498,967601600.0
2008-12-31,2.578330210731262,2.631413976183308,2.55943581945864,2.5597355365753174,607541200.0
2009-01-02,2.5756313697549302,2.730385520782198,2.554038121148817,2.7216873168945312,746015200.0
2009-01-05,2.794265014183467,2.8845378996937687,2.7804686211456784,2.836552143096924,1181608400.0
2009-01-06,2.8776412845842407,2.914229999769285,2.770873111238031,2.7897675037384038,1289310400.0
2009-01-07,2.753478422053925,2.77417151716637,2.7069916349494685,2.729485034942627,753048800.0
2009-01-08,2.712090495000348,2.793666205207556,2.7003935191545674,2.780169725418091,673500800.0
2009-01-09,2.79546558684479,2.8005637807051778,2.7033929745395917,2.7165887355804443,546845600.0
2009-01-12,2.7129894268268,2.72888504253683,2.625715901602017,2.659006118774414,617716400.0
2009-01-13,2.646409520550471,2.691395706063074,2.5897265624191514,2.630513906478882,798397600.0
2009-01-14,2.586426826388225,2.6167174643595703,2.540840210080983,2.5591349601745605,1021664000.0
2009-01-15,2.416378044258686,2.5228464665365373,2.400782947768436,2.50065279006958,1831634000.0
2009-01-16,2.528245258843036,2.530644397487914,2.4112806929670447,2.469162940979004,1047625600.0
2009-01-20,2.4571655850329206,2.4592650059672314,2.345299243927002,2.345299243927002,919914800.0
2009-01-21,2.380988657616996,2.485657587304835,2.3785895195590543,2.4841578006744385,1089270000.0
2009-01-22,2.6404121620128,2.6991947630421134,2.573831909869772,2.6500089168548584,1409528400.0
2009-01-23,2.6038226446780706,2.695295637167474,2.594226090047867,2.6500089168548584,763770000.0
2009-01-26,2.665003149142147,2.72828488164437,2.6482079850526805,2.688396692276001,692238400.0
2009-01-27,2.7048923572197574,2.7456807170513358,2.691396676888493,2.721087694168091,618038400.0
2009-01-28,2.7627753205000927,2.8491495139074368,2.7441808454980907,2.8251569271087646,861406000.0
2009-01-29,2.7918662594330987,2.82935532104658,2.777170712255149,2.7891674041748047,592729200.0
2009-01-30,2.7771708648859463,2.8077612296914007,2.6994940823434592,2.7030932903289795,651478800.0
2009-02-02,2.6722025304838315,2.7591761596563846,2.6662041834690213,2.744480609893799,558247200.0
2009-02-03,2.756776160943045,2.8005632796421,2.707591332462156,2.7885665893554688,599309200.0
2009-02-04,2.795765408454838,2.8866379479824658,2.792166200636312,2.805661678314209,808421600.0
2009-02-05,2.7822689106799485,2.916628657022021,2.7777703514141594,2.8929359912872314,749246400.0
2009-02-06,2.9097311237772456,2.9991048820811903,2.9091316895700348,2.990707397460937,687209600.0
2009-02-09,2.9991047495838146,3.089077137272778,2.9841084840511125,3.0743815898895264,715010800.0
2009-02-10,3.038992995670997,3.0743818387098165,2.9109313004523463,2.9340243339538574,849060800.0
2009-02-11,2.89023729829858,2.948419255357442,2.8722422593778205,2.9037327766418457,674973600.0
2009-02-12,2.874040690996431,2.991605631996116,2.874040690996431,2.9772098064422607,817188400.0
2009-02-13,2.9688132446130258,2.997305187555047,2.942721440889107,2.973912239074707,608977600.0
2009-02-17,2.905232169660977,2.9103303629072084,2.8275553974209555,2.835052728652954,678238400.0
2009-02-18,2.850648970088093,2.8746413538910973,2.7807700385835767,2.8302547931671143,684779200.0
2009-02-19,2.800263984718548,2.8266557081555246,2.7024929392716373,2.718388557434082,922804400.0
2009-02-20,2.68119912744218,2.771172312990786,2.669202435753285,2.7351832389831543,750316000.0
2009-02-23,2.7486787682513603,2.7591754724893964,2.5945250923875363,2.6077208518981934,786982000.0
2009-02-24,2.622716195352313,2.725885331053347,2.6092205191827045,2.706691026687622,807105600.0
2009-02-25,2.6949949601783243,2.786767036493682,2.6767002080267708,2.733982801437378,833053200.0
2009-02-26,2.7591753176988862,2.786767104911879,2.6680030736488654,2.674900770187378,629868400.0
2009-02-27,2.637112153663532,2.73818187350796,2.629314304458674,2.678499937057495,706658400.0
2009-03-02,2.6428112606514533,2.735183803606273,2.6293149797154136,2.637412548065185,770929600.0
2009-03-03,2.667102380865368,2.7213863967978567,2.6356118735130445,2.6503074169158936,724340400.0
2009-03-04,2.704592196437717,2.782268976687514,2.682699033974569,2.734283208847046,741403600.0
2009-03-05,2.7129893110233434,2.755276444081751,2.6527079429273552,2.664403915405273,706899200.0
2009-03-06,2.649409806765824,2.6512095114859617,2.469163442761368,2.558237314224243,1011147200.0
2009-03-09,2.524646088754489,2.6272147907263648,2.4763606101160294,2.4925551414489746,698297600.0
2009-03-10,2.545339617733357,2.674301662029356,2.5300444351392253,2.6581063270568848,844258800.0
2009-03-11,2.6934953704033964,2.821257326059919,2.686597673530516,2.779569625854492,846372800.0
2009-03-12,2.786167887817669,2.8965352534083006,2.759175730869412,2.889636754989624,768457200.0
2009-03-13,2.888137966051805,2.915130124840707,2.8494490316041245,2.8770406246185303,601168400.0
2009-03-16,2.895035578927432,2.920827667235581,2.8245562109945297,2.861745357513428,797244000.0
2009-03-17,2.8563478229994184,2.989807642505224,2.8512488275356587,2.988908290863037,786646000.0
2009-03-18,2.996404219979524,3.103472270259798,2.9907065933655224,3.044689893722534,796037200.0
2009-03-19,3.054587611694504,3.0950752430754163,3.006601848129248,3.047689914703369,500180800.0
2009-03-20,3.061785828859209,3.0923769989076386,3.016199992203407,3.046790361404419,695587200.0
2009-03-23,3.080379958856284,3.243831285948757,3.0515890989035257,3.2288358211517334,666397200.0
2009-03-24,3.1898471400815605,3.2822194665803464,3.160756363117426,3.1940457820892334,640612000.0
2009-03-25,3.2264366756186456,3.2498294244626056,3.114870041383325,3.1937460899353027,646618000.0
2009-03-26,3.2339343615862024,3.2984153916686063,3.226437228555296,3.295116901397705,616252000.0
2009-03-27,3.2459304229632493,3.2549275414394407,3.1910469591570507,3.204542636871338,492872800.0
2009-03-30,3.134363662867818,3.149358925492844,3.0773807839608325,3.1337640285491943,502796000.0
2009-03-31,3.1625561274106557,3.2225386029623926,3.149060445808773,3.1526596546173096,570080000.0
2009-04-01,3.1217676116452697,3.2690235981727893,3.1157692658151968,3.2597267627716064,589372000.0
2009-04-02,3.3032128582403435,3.4414717134666666,3.292416036971625,3.3802897930145264,812366800.0
2009-04-03,3.4246771478844757,3.482859902511448,3.404583489736081,3.478661060333252,636241200.0
2009-04-06,3.447169946600724,3.5614356145115678,3.3973844845465933,3.552438497543335,658064400.0
2009-04-07,3.49485735041786,3.499056193504304,3.424677888672743,3.4489707946777344,536580800.0
2009-04-08,3.461866763331028,3.502654322557404,3.4363745888675066,3.4885590076446533,455630000.0
2009-04-09,3.551538820161985,3.598924139047419,3.5377422276710044,3.5860280990600586,530756800.0
2009-04-13,3.599223417745193,3.6283149856263934,3.568932981914916,3.605521678924561,389236400.0
2009-04-14,3.586029926443849,3.604024968745303,3.5164506979064725,3.548241138458252,454622000.0
2009-04-15,3.514948319045337,3.5464392212226703,3.4717618486009325,3.5281450748443604,412882400.0
2009-04-16,3.5746338839621736,3.693397973623679,3.562637187694325,3.64241361618042,593446000.0
2009-04-17,3.634314815405359,3.726387431027832,3.60642330534098,3.701494693756104,497495600.0
2009-04-20,3.6508106802271225,3.688599470315928,3.573733513107594,3.613921642303467,466466000.0
2009-04-21,3.5656352794376804,3.663106816278183,3.5569380767305363,3.65170955657959,470685600.0
2009-04-22,3.677800742884388,3.7593766242088207,3.634912981279792,3.644210815429688,938767200.0
2009-04-23,3.7974668899646806,3.8148616971978,3.704194188534085,3.760877370834351,945156800.0
2009-04-24,3.738083407357108,3.753078869808929,3.687998426624012,3.7158899307250977,540764000.0
2009-04-27,3.685899709246819,3.748880743648622,3.6787012932692926,3.7407829761505127,480690000.0
2009-04-28,3.699394481562163,3.785169215515125,3.696695626668167,3.7158899307250977,455856800.0
2009-04-29,3.744381737329429,3.804363187795457,3.7137905769352018,3.7530789375305176,458110800.0
2009-04-30,3.7854689277401543,3.8088620746096593,3.7464812839460366,3.773772954940796,498489600.0
2009-05-01,3.772871837138244,3.837352833057887,3.772871837138244,3.816059112548828,397516000.0
2009-05-04,3.846050155017368,3.966314151610192,3.8292551919116655,3.960916042327881,609358400.0
2009-05-05,3.951319701848822,3.984609719364555,3.9324253134718377,3.980111360549927,398255200.0
2009-05-06,3.998705790718999,4.003803984046547,3.9054331184952775,3.973813056945801,473538800.0
2009-05-07,3.968713511096329,3.970513014523064,3.8358533781440713,3.870643377304077,531776000.0
2009-05-08,3.870044506263644,3.935725603639349,3.786669887317117,3.8745436668396,467964000.0
2009-05-11,3.819959090478571,3.927626579393873,3.8124607588655786,3.885938882827759,404658800.0
2009-05-12,3.885640649153941,3.8901394098168263,3.6963971885963023,3.7314863204956055,609481600.0
2009-05-13,3.695196036968911,3.719489337437124,3.580330117543638,3.583629608154297,595971600.0
2009-05-14,3.592326584490312,3.704793558988345,3.589927646746097,3.687397956848145,447826400.0
2009-05-15,3.668504685063752,3.7374844770993065,3.647211353194766,3.671504259109497,367567200.0
2009-05-18,3.710792304926072,3.799865341478336,3.6460113686740137,3.798365354537964,458841600.0
2009-05-19,3.803465879884321,3.878143316354692,3.771075198510325,3.8223602771759033,372422400.0
2009-05-20,3.827756438844245,3.875142566837814,3.75787731636206,3.7749722003936768,388584000.0
2009-05-21,3.753379566350111,3.8022644877791794,3.685599853775073,3.724287986755371,407946000.0
2009-05-22,3.720388246285334,3.724287170588,3.6514088795478266,3.6739022731781006,297998400.0
2009-05-26,3.741681844879685,3.923727607721798,3.735383582756734,3.922227621078491,636927200.0
2009-05-27,3.952218884808801,4.048189588721719,3.926126087626484,3.990307569503784,646422000.0
2009-05-28,4.00230471498107,4.060487876787203,3.959717654928414,4.050890922546387,487552800.0
2009-05-29,4.060485848932028,4.075780824442717,4.014299403522573,4.073081970214844,456534400.0
2009-06-01,4.092877036053128,4.1984450953898005,4.0787809265981165,4.179251194000244,452499600.0
2009-06-02,4.168455634762886,4.2389337974246,4.149260527220007,4.183450698852539,456223600.0
2009-06-03,4.198746432906434,4.232036455011894,4.170854922631157,4.227238178253174,565199600.0
2009-06-04,4.202646190372447,4.324109927639506,4.199947334346563,4.310913562774658,550634000.0
2009-06-05,4.357997670501404,4.39068744810215,4.2950166523516335,4.338803768157959,632716000.0
2009-06-08,4.313312017102621,4.325607825306541,4.181651128032327,4.314211368560791,931652400.0
2009-06-09,4.313012340353005,4.335505740317,4.215241690543327,4.280322551727295,676964400.0
2009-06-10,4.267125518177763,4.26922493902031,4.147761250380884,4.206243515014648,688623600.0
2009-06-11,4.18525201047553,4.2455334056750615,4.15526027051615,4.197247505187988,524823600.0
2009-06-12,4.16305613645051,4.171753336464986,4.079980658098604,4.10787296295166,563085600.0
2009-06-15,4.079082994972593,4.106674593141419,4.045493049191528,4.08148193359375,539750400.0
2009-06-16,4.098575332536302,4.152859157403866,4.081780365756872,4.089278697967529,514805200.0
2009-06-17,4.098875736434728,4.122269286387699,4.034695434835808,4.06618595123291,571412800.0
2009-06-18,4.082080612110459,4.138763779719469,4.06648571358335,4.075182914733887,427680400.0
2009-06-19,4.140861961323374,4.183749725489107,4.105773246535415,4.183150291442871,721856800.0
2009-06-22,4.218841310831853,4.245532754027534,4.0886799823529785,4.119870185852051,634914000.0
2009-06-23,4.090779154659141,4.1072734068291386,3.9852102547549206,4.019099712371826,706532400.0
2009-06-24,4.06138694470414,4.123767731247504,4.044591978949691,4.085379123687744,485525600.0
2009-06-25,4.071284897019724,4.204745320359919,4.055090160292918,4.1945481300354,589447600.0
2009-06-26,4.192447073650714,4.305513472675275,4.190947487423049,4.271923542022705,439384400.0
2009-06-29,4.302513266854661,4.317208809300358,4.244930765877522,4.257826805114746,567616000.0
2009-06-30,4.276122370119154,4.312711072689343,4.252729625887685,4.271623611450195,434224000.0
2009-07-01,4.30371433784822,4.338504340886511,4.2743232461155385,4.2836198806762695,414178800.0
2009-07-02,4.236236940757824,4.283622294619708,4.192449795331124,4.199347496032715,370479200.0
2009-07-06,4.15975613986511,4.168454540091506,4.086278423088254,4.157057285308838,498688400.0
2009-07-07,4.153159245386104,4.189148518596122,4.054188944270359,4.060786724090576,461596800.0
2009-07-08,4.076382157915682,4.139962609587669,4.0313949731106575,4.11536979675293,575929200.0
2009-07-09,4.1315681768794565,4.138465877614806,4.0766844863192615,4.089580535888672,343025200.0
2009-07-10,4.088979912752302,4.167855774447867,4.088379277195861,4.154360294342041,445275600.0
2009-07-13,4.184950339325352,4.268925189971924,4.124668957851745,4.268925189971924,483501200.0
2009-07-14,4.25962798498393,4.294117272209248,4.233535981490584,4.266825199127197,347247600.0
2009-07-15,4.349899612780046,4.4086821860802505,4.328306373988847,4.405083179473877,485587200.0
2009-07-16,4.371494887829797,4.439275003009589,4.3657968589943295,4.424278736114502,393570800.0
2009-07-17,4.471064870560379,4.559238552082173,4.457568592452232,4.551140785217285,602154000.0
2009-07-20,4.596728249154828,4.649812418102888,4.52534952253234,4.585930824279785,735526400.0
2009-07-21,4.597326847423674,4.601525288713028,4.491158137657286,4.543941974639893,874781600.0
2009-07-22,4.732286163483722,4.760478387310213,4.681901262596532,4.700795650482178,874104000.0
2009-07-23,4.697496417408464,4.751779435739955,4.665405673146549,4.733185768127441,526962800.0
2009-07-24,4.707095514175042,4.798568311966448,4.693599632644831,4.798268795013428,438362400.0
2009-07-27,4.803664591088048,4.824958315921235,4.716391071802488,4.801565170288086,433311200.0
2009-07-28,4.764976883344379,4.801565590647637,4.726587871493538,4.798566818237305,363554800.0
2009-07-29,4.765576681623022,4.812062658924312,4.746082458774453,4.799466133117676,382158000.0
2009-07-30,4.849549724285525,4.940122307134894,4.843551380882206,4.882240295410156,469604800.0
2009-07-31,4.888239439024796,4.948521608702159,4.885840100877607,4.900236129760742,422536800.0
2009-08-03,4.954819395569579,4.997707163874827,4.944622609022671,4.9914093017578125,394240000.0
2009-08-04,4.946420945828701,4.965615245763138,4.924827708773013,4.965015411376953,395810800.0
2009-08-05,4.971015232424075,5.020200065013054,4.924829172233649,4.951821327209473,423183600.0
2009-08-06,4.965915744893638,4.993808049368924,4.891238751581863,4.915831565856934,341616800.0
2009-08-07,4.96321768542105,4.996507704927663,4.942523792111191,4.963817119598389,387354800.0
2009-08-10,4.9683172178538,4.996508245880665,4.908334552109892,4.940124988555908,300294400.0
2009-08-11,4.909234092239813,4.929928389008627,4.854951055008189,4.883442401885986,355342400.0
2009-08-12,4.875046778856182,4.999810044402784,4.872347922037716,4.957822799682617,445071200.0
2009-08-13,4.998008380026691,5.058590481795357,4.993509619899978,5.051092147827148,439980800.0
2009-08-14,5.036696079154883,5.045393280888777,4.964418008170775,5.001906871795654,305816000.0
2009-08-17,4.905033682143987,4.906233751464162,4.781170671530134,4.786269664764404,524381200.0
2009-08-18,4.847453086253198,4.925729510475379,4.84085530514626,4.918531894683838,431152400.0
2009-08-19,4.881044133002743,4.957521070488484,4.872047011120094,4.936527252197266,413271600.0
2009-08-20,4.947921964091936,5.0001067699492445,4.936825825582437,4.988409996032715,342031200.0
2009-08-21,5.027998320933833,5.079583292690947,5.002505752337858,5.0750837326049805,416074400.0
2009-08-24,5.102074790880667,5.119769906749371,5.046591707223733,5.070284366607666,406929600.0
2009-08-25,5.082281509542503,5.12666806051964,5.072384240460222,5.080482006072998,324354800.0
2009-08-26,5.066086016305895,5.084980402453831,5.001305492612148,5.0208001136779785,303998800.0
2009-08-27,5.060988801674249,5.085580819424173,4.943424021027898,5.081982612609863,449181600.0
2009-08-28,5.166556492964905,5.173154272235659,5.054390241126314,5.099976062774658,453700800.0
2009-08-31,5.043293142178146,5.063987033599056,4.99350847653647,5.044793128967285,311337600.0
2009-09-01,5.038195687853734,5.098477867318714,4.946722908258262,4.95751953125,469028000.0
2009-09-02,4.93712682260476,5.02679971364074,4.921831036743574,4.953921794891357,364249200.0
2009-09-03,4.991710255037206,5.011503999299292,4.948522957463914,4.995008945465088,293955200.0
2009-09-04,5.016902661323916,5.119471987405327,5.011204231955944,5.1077752113342285,374628800.0
2009-09-08,5.187849931938819,5.192648207762424,5.158458840771949,5.186350345611572,315047600.0
2009-09-09,5.181851416049847,5.23253623097156,5.0894789034501455,5.13266658782959,811087200.0
2009-09-10,5.160258405077713,5.1959477592389245,5.122769547302634,5.175253868103027,491134000.0
2009-09-11,5.185749558719695,5.193847323399678,5.124568049498321,5.163256168365479,348961200.0
2009-09-14,5.123369017097998,5.215441617197545,5.1059746162233095,5.210043907165527,322011200.0
2009-09-15,5.21964111087662,5.267926596278001,5.20614563284034,5.253231048583984,426470800.0
2009-09-16,5.33810599955106,5.480863433798344,5.334806909185513,5.454471111297607,754023200.0
2009-09-17,5.457770910082294,5.602027138152829,5.4574709927594105,5.534847259521484,810572000.0
2009-09-18,5.573236422960939,5.594829669928995,5.541145268568607,5.548943519592285,601582800.0
2009-09-21,5.527050137301333,5.55314174277818,5.446974215262522,5.518952369689941,437715600.0
2009-09-22,5.554041396409329,5.559739424533862,5.483861951350308,5.532747268676758,356753600.0
2009-09-23,5.560340460470025,5.665309125251127,5.549243118643611,5.5633392333984375,593563600.0
2009-09-24,5.614323489807008,5.629318955906385,5.481463716225846,5.512954235076904,550880400.0
2009-09-25,5.45866911164883,5.563337832742767,5.4415742282694906,5.469465732574463,445239200.0
2009-09-28,5.514454607961248,5.598729387718031,5.49825947023098,5.582833766937256,337444800.0
2009-09-29,5.600228985510762,5.620322246847969,5.527650187510057,5.559740543365479,345385600.0
2009-09-30,5.5822311082139455,5.591828458613447,5.47666305678392,5.558838367462158,539585200.0
2009-10-01,5.558839193398437,5.584930792403295,5.41938007722574,5.424179553985596,524711600.0
2009-10-02,5.440676403114284,5.576535356057017,5.438876899051291,5.545344352722168,553308000.0
2009-10-05,5.584332627873086,5.604126369665914,5.526449387363655,5.5789337158203125,423133200.0
2009-10-06,5.630518680299434,5.69859790802002,5.617323119415857,5.69859790802002,605085600.0
2009-10-07,5.691100218495301,5.714792882979938,5.669206256859536,5.705795764923096,465668000.0
2009-10-08,5.7180936171898,5.741786286827558,5.665008647032846,5.676405906677246,438211200.0
2009-10-09,5.66740776827259,5.719291458019997,5.656911063405501,5.712393760681152,293272000.0
2009-10-12,5.728888231731906,5.743583776201111,5.687500453085123,5.72258996963501,288024800.0
2009-10-13,5.717192469620832,5.733387603165622,5.689300961966923,5.698898315429688,348020400.0
2009-10-14,5.765777015125731,5.767876035460777,5.70519573249504,5.73698616027832,375510800.0
2009-10-15,5.687200204223748,5.725888325006701,5.684201432395066,5.715091705322266,373556400.0
2009-10-16,5.678802817290677,5.709093657766491,5.633516114773815,5.639814376831055,431426800.0
2009-10-19,5.633818049959435,5.698298268548118,5.56483867136291,5.694099426269531,942230800.0
2009-10-20,6.0162043819268085,6.050693674107099,5.933728316249025,5.961019992828369,1141039200.0
2009-10-21,5.983814005824202,6.259432462227544,5.9751168025398425,6.145765781402588,1193726800.0
2009-10-22,6.139165989141487,6.233637933557366,6.073486104621677,6.15416145324707,791392000.0
2009-10-23,6.169158589142146,6.172157362047725,6.095080209180593,6.116373538970947,420786800.0
2009-10-26,6.1082763715053625,6.200648498419562,6.001208296723162,6.072587013244629,484338400.0
2009-10-27,6.0479933287944965,6.08248261247947,5.891739239047156,5.919332027435303,756551600.0
2009-10-28,5.92952821249345,5.93882604830483,5.731287701727268,5.770276546478272,818386800.0
2009-10-29,5.848254804391168,5.902539045944252,5.7624804411697,5.888742446899414,570270400.0
2009-10-30,5.880043505209162,5.902236582537926,5.643413982596609,5.653311252593994,717525200.0
2009-11-02,5.692298311336452,5.784670412779334,5.565436530356973,5.677602767944336,678983200.0
2009-11-03,5.633819109271652,5.6839033066080935,5.57593585925191,5.660810470581055,522541600.0
2009-11-04,5.720191032116889,5.813762408877328,5.705195570404976,5.72258996963501,487530400.0
2009-11-05,5.77027515934471,5.848251628830944,5.752879961833112,5.819160461425781,384801200.0
2009-11-06,5.773574579754314,5.853949996590345,5.770275890576553,5.828457832336426,295097600.0
2009-11-09,5.906435314007164,6.055191085157489,5.886042139736339,6.041995525360107,528855600.0
2009-11-10,6.028800941396057,6.147565010920137,6.028501024040214,6.087583541870117,401195200.0
2009-11-11,6.134967245000574,6.1481636051356,6.053091430402651,6.09567928314209,443870000.0
2009-11-12,6.092379697833622,6.144264181057636,6.041095449536003,6.05789041519165,363731200.0
2009-11-13,6.08428527774678,6.143067890077432,6.06029268528741,6.13167142868042,343240800.0
2009-11-16,6.162560001773203,6.238137567906772,6.148464687985916,6.197050094604492,485206400.0
2009-11-17,6.180555928073875,6.221343089469036,6.148165652349797,6.2081475257873535,396513600.0
2009-11-18,6.194349871285612,6.208145264694144,6.118172086883564,6.17695426940918,374320800.0
2009-11-19,6.136466753622672,6.136466753622672,5.992209749181488,6.013503074645996,542326400.0
2009-11-20,5.972715772880149,6.009904712798633,5.931028073998078,5.9958086013793945,406666400.0
2009-11-23,6.08818066130616,6.178153831730797,6.086680674673565,6.174554824829102,474896800.0
2009-11-24,6.158061031181437,6.174556483913155,6.085183524381451,6.131369590759277,318438400.0
2009-11-25,6.160160598885189,6.167658932546981,6.110975758537792,6.123871803283691,286454000.0
2009-11-27,5.974816152450815,6.086982431826623,5.949323980038725,6.015904426574707,295257200.0
2009-11-30,6.031498018460785,6.048592902278763,5.961319380008088,5.995509147644043,424858000.0
2009-12-01,6.065387182327746,6.081282795700608,5.903135963266609,5.907334804534912,465763200.0
2009-12-02,5.967018231876903,6.040796293103711,5.87074717182625,5.885142803192139,715260000.0
2009-12-03,5.92083249716275,5.967619202683943,5.886343203666764,5.892641067504883,448719600.0
2009-12-04,5.989210084489775,5.994607793734248,5.706694062718761,5.797867298126221,826884800.0
2009-12-07,5.797869606326393,5.811365486504583,5.658710760419498,5.666808128356934,714758800.0
2009-12-08,5.679104450200117,5.768778130601975,5.659310707173308,5.694399833679199,690398800.0
2009-12-09,5.736686438570646,5.943024709367649,5.707594864633243,5.932228088378906,684782000.0
2009-12-10,5.983213552361397,5.989211898724556,5.881843901365935,5.891140937805176,489669600.0
2009-12-11,5.931627406264759,5.938225986388315,5.801166601949249,5.838355541229248,429774800.0
2009-12-14,5.859351150169823,5.921132522840305,5.775076376576457,5.907636642456055,495790400.0
2009-12-15,5.873146391306276,5.9235312968413565,5.7963691635821695,5.823360919952393,419459600.0
2009-12-16,5.851252462968979,5.893240084709314,5.834757411661771,5.8491530418396,352984800.0
2009-12-17,5.826060278226652,5.848253758572503,5.72828963845966,5.754081726074219,388838800.0
2009-12-18,5.793369536003326,5.863248255035602,5.776273851864907,5.861148834228516,608770400.0
2009-12-21,5.879743240643157,5.99070981444633,5.868345985308308,5.945123195648193,611906400.0
2009-12-22,5.981412530636641,6.02369966049536,5.958019386180111,6.00900411605835,349515600.0
2009-12-23,6.034197495066575,6.069587335841444,6.022501521280431,6.061189651489258,345525600.0
2009-12-24,6.104677507354627,6.2786259550289465,6.098679160751614,6.2693281173706055,500889200.0
2009-12-28,6.349702611887047,6.416581751337196,6.286420877486685,6.346403121948242,644565600.0
2009-12-29,6.376995547797627,6.379694803392695,6.260030207886349,6.271126747131348,445205600.0
2009-12-30,6.263029580199937,6.35810176801528,6.247434680559808,6.347304344177246,412084400.0
2009-12-31,6.391991523116407,6.398589703987727,6.314914375541481,6.32001256942749,352410800.0
2010-01-04,6.400987843132776,6.433078190699774,6.369497330115575,6.41838264465332,493729600.0
2010-01-05,6.436078733715388,6.465769747557289,6.395590295926477,6.42948055267334,601904800.0
2010-01-06,6.429480302803004,6.454972873596536,6.320612722382102,6.327210903167725,552160000.0
2010-01-07,6.35060305536746,6.358100987373524,6.26962699139639,6.3155131340026855,477131200.0
2010-01-08,6.307116125958441,6.35810126497856,6.26992798327909,6.357501029968262,447610800.0
2010-01-11,6.382093168386391,6.388091513614768,6.251632363057832,6.301417827606201,462229600.0
2010-01-12,6.273825830869377,6.291221434650521,6.190751141514069,6.229739189147949,594459600.0
2010-01-13,6.2342384458401225,6.326010331980727,6.121172032065067,6.317612648010254,605892000.0
2010-01-14,6.301418833054759,6.311915538455684,6.268728246767605,6.28102445602417,432894000.0
2010-01-15,6.326009984816826,6.346104441786268,6.174255450919604,6.176054954528809,594067600.0
2010-01-19,6.248033429729676,6.453771868410462,6.215343649119593,6.449273109436035,730007600.0
2010-01-20,6.4453741289562965,6.464568433323395,6.283122894258395,6.350003242492676,612152800.0
2010-01-21,6.360501610744345,6.397390242396652,6.214444668720891,6.240236759185791,608154400.0
2010-01-22,6.201548230112118,6.22314147504131,5.913034592356184,5.930728912353516,881767600.0
2010-01-25,6.0734869930425575,6.139166887169927,6.003907773143587,6.090281963348389,1065699600.0
2010-01-26,6.176655279230478,6.409385892316486,6.075585554367734,6.176355361938477,1867110000.0
2010-01-27,6.20364699783895,6.315513344126092,5.984112346480525,6.2345380783081055,1722568400.0
2010-01-28,6.146064544889234,6.16315902865188,5.959220087512394,5.976914405822754,1173502400.0
2010-01-29,6.03059925593936,6.064189192320408,5.705796031258827,5.760079860687256,1245952400.0
2010-02-01,5.769377665419896,5.87824525608362,5.73728731124516,5.840156555175781,749876400.0
2010-02-02,5.875546312768158,5.887842522963782,5.799668829421823,5.874046325683594,698342400.0
2010-02-03,5.853351680912988,6.0042068762985,5.83085828430264,5.9751152992248535,615328000.0
2010-02-04,5.9001386760149845,5.949324320506524,5.745385327844093,5.759781360626221,757652000.0
2010-02-05,5.77717396812047,5.878243680948505,5.7237894973481325,5.862048149108887,850306800.0
2010-02-08,5.868946520797875,5.934626796824991,5.818261306417096,5.821860313415527,478270800.0
2010-02-09,5.890841733305046,5.923232006738163,5.840756736383124,5.883944034576416,632886800.0
2010-02-10,5.874944770320464,5.896239298041465,5.826059854416686,5.851851940155029,370361600.0
2010-02-11,5.844653357609174,5.990709848250405,5.820060544664287,5.958319187164307,550345600.0
2010-02-12,5.941524440197623,6.047393226340155,5.863248040797161,6.009604454040527,655468800.0
2010-02-16,6.056391118879053,6.108875442588585,6.043794993307377,6.100178241729736,543737600.0
2010-02-17,6.123871844769956,6.127470852748636,6.024001375479951,6.074687004089356,436396800.0
2010-02-18,6.047094083464997,6.114874598140544,6.0258007542144325,6.086082935333252,422825200.0
2010-02-19,6.053992419620312,6.094180136204051,6.031498622313618,6.048293590545654,415469600.0
2010-02-22,6.068388935507556,6.073187212543278,5.973916975143906,6.010805606842041,390563600.0
2010-02-23,5.998209787774252,6.038097995361992,5.86954844515879,5.910036087036133,575094800.0
2010-02-24,5.945124286816969,6.041395734646007,5.933427512524327,6.018002986907959,460566400.0
2010-02-25,5.919631769536309,6.08398243030015,5.90493622363693,6.05819034576416,665126000.0
2010-02-26,6.069586569079581,6.153261482614476,6.058190113607798,6.13676643371582,507460800.0
2010-03-01,6.1706582730100825,6.283124879384827,6.161661152720431,6.267829895019531,550093600.0
2010-03-02,6.296018822132903,6.32301097483255,6.230338544560698,6.263628959655762,566546400.0
2010-03-03,6.266330127483421,6.294221641825188,6.236339191568273,6.278026103973389,372052800.0
2010-03-04,6.276525660892347,6.325710494502627,6.257030636719899,6.3194122314453125,366041200.0
2010-03-05,6.446274314040488,6.589031728260526,6.436976878860088,6.566538333892822,899620400.0
2010-03-08,6.598330373347911,6.600729311620862,6.545546123293046,6.570438861846924,429889600.0
2010-03-09,6.547345073911743,6.747984950374677,6.534748947242772,6.688602924346924,920259200.0
2010-03-10,6.7128955510370805,6.762380704173214,6.69400116159621,6.743185997009277,596218000.0
2010-03-11,6.71529371362902,6.762978553771973,6.697598596060563,6.762978553771973,405700400.0
2010-03-12,6.8190633484712135,6.829860371689238,6.770478345684692,6.795970916748047,416323600.0
2010-03-15,6.759381385793019,6.762979592461603,6.605527017880345,6.713195323944092,493502800.0
2010-03-16,6.7233922916517335,6.747384874886283,6.673307303651842,6.731489658355713,446908000.0
2010-03-17,6.744986609164284,6.791472596944784,6.696101683017723,6.721593856811523,450956800.0
2010-03-18,6.720991465836788,6.747984020171499,6.676305394243688,6.737487316131592,342109600.0
2010-03-19,6.741687096362669,6.755182974985065,6.634918535361095,6.6655097007751465,559445600.0
2010-03-22,6.612124295474011,6.777974921992682,6.602526943990146,6.740485668182373,456419600.0
2010-03-23,6.767178974308452,6.861351410122587,6.720992508352105,6.8487548828125,602431200.0
2010-03-24,6.827161470001375,6.903938699558643,6.823262144553223,6.8790459632873535,597780400.0
2010-03-25,6.925531981675691,6.927031968655166,6.785473400326808,6.7974700927734375,542284400.0
2010-03-26,6.866449336594584,6.956422115126005,6.854452645784854,6.92493200302124,640875200.0
2010-03-29,6.987913676070053,7.014005279729925,6.946525889785764,6.969618320465088,540744400.0
2010-03-30,7.095881020780636,7.122273744202646,7.025401653822346,7.073387622833252,527310000.0
2010-03-31,7.062593214497525,7.096183161178587,7.031702123890544,7.047896862030029,430659600.0
2010-04-01,7.120173123205439,7.159760602199321,6.98041487507347,7.076985836029053,603145200.0
2010-04-05,7.0472982265519,7.153166267764091,7.040999560610421,7.152566432952881,684507600.0
2010-04-06,7.143865785722259,7.205047305284982,7.107876515241747,7.184053897857666,447017200.0
2010-04-07,7.184352293609474,7.2554314721193025,7.157660061963567,7.215843200683594,628502000.0
2010-04-08,7.211046120820424,7.244036220841957,7.139067575164863,7.196350574493408,572989200.0
2010-04-09,7.240737287408965,7.254533481853244,7.211645712591361,7.251533508300781,334182800.0
2010-04-12,7.263829427500822,7.289921828576942,7.252133054838327,7.266529083251953,333026400.0
2010-04-13,7.253635453623775,7.2818268844612035,7.231141251323858,7.270729541778564,306210800.0
2010-04-14,7.356204498747965,7.372099717692547,7.319915701083926,7.368500709533691,404076400.0
2010-04-15,7.371196343739466,7.468667436658121,7.3630989793445885,7.465368747711182,376784800.0
2010-04-16,7.45487319116532,7.531950734401731,7.334309642445641,7.419784069061279,750545600.0
2010-04-19,7.408688121408893,7.434480209888907,7.250934815656593,7.409887790679932,566924400.0
2010-04-20,7.453974312672513,7.475268041459995,7.286624456348288,7.335509777069092,738326400.0
2010-04-21,7.76168068566463,7.805168286736063,7.66960809151374,7.774277210235596,982391200.0
2010-04-22,7.7448866611698115,8.000110253824072,7.683704338400468,7.99171257019043,793424800.0
2010-04-23,8.037301639630133,8.162964224643144,8.007611018920613,8.122476577758789,796955600.0
2010-04-26,8.153966928784609,8.171361335547937,8.043299420413943,8.082588195800781,479068800.0
2010-04-27,8.015702605409125,8.032797484096202,7.81326371618408,7.85884952545166,709343600.0
2010-04-28,7.895141543247355,7.91763413723096,7.690002935610514,7.845656394958496,758402400.0
2010-04-29,7.888241045886612,8.097578442235735,7.857950610560332,8.056791305541992,558840800.0
2010-04-30,8.076887950253141,8.114676731732782,7.827663464489451,7.830362319946289,542463600.0
2010-05-03,7.912836171512143,8.034000344692318,7.884044113914908,7.988113403320312,454342000.0
2010-05-04,7.884348469835899,7.896344364579859,7.700203196744432,7.758085250854492,723819600.0
2010-05-05,7.588632731463306,7.741886841151479,7.459670717556343,7.677405834197998,883103200.0
2010-05-06,7.612627604132043,7.745187864103407,5.975716013164883,7.385295867919922,1285860800.0
2010-05-07,7.309118252130935,7.394892205726832,6.754283205906955,7.073687553405762,1676018400.0
2010-05-10,7.505260500954245,7.637220942095999,7.453675513484809,7.61742639541626,984306400.0
2010-05-11,7.552944215923103,7.794372434222283,7.512756899865999,7.693303108215332,848906800.0
2010-05-12,7.774878704177125,7.891544549884347,7.758684769155736,7.860353946685791,654379600.0
2010-05-13,7.894240381891712,7.947624848290778,7.689701634941206,7.7484846115112305,599712400.0
2010-05-14,7.65251378222676,7.692102061570215,7.48276460928161,7.612325668334961,759362800.0
2010-05-17,7.638717488187444,7.683104438686342,7.429079742908299,7.624321460723877,762834800.0
2010-05-18,7.707098201693698,7.754184014156578,7.505557790458119,7.568539619445801,782678400.0
2010-05-19,7.4827652414242944,7.585334555314432,7.343307300965496,7.447975635528564,1025726800.0
2010-05-20,7.254231005060197,7.313314295868073,7.084182349169648,7.130669116973877,1282915200.0
2010-05-21,6.982516306346753,7.332812600299379,6.938429652538989,7.26743221282959,1223891200.0
2010-05-24,7.416188988327733,7.524756703627987,7.385598209009622,7.400593280792236,754238800.0
2010-05-25,7.178354256776054,7.400587716557714,7.112674386156903,7.3544020652771,1048006400.0
2010-05-26,7.500160125971439,7.561641968486266,7.310316087265286,7.321113109588623,850654000.0
2010-05-27,7.515755109262472,7.614425895607136,7.471068634299435,7.598230361938477,666282400.0
2010-05-28,7.779376735524413,7.779676252373002,7.598229906514126,7.704098701477051,815614800.0
2010-06-01,7.788374827681094,7.975818751224888,7.766481263370519,7.822564601898193,876472800.0
2010-06-02,7.9338311394154974,7.941628989881429,7.807568748298189,7.916137218475342,688548000.0
2010-06-03,7.953024016318735,7.964121356351331,7.8099670743614,7.891243457794189,650106800.0
2010-06-04,7.743989746449728,7.854656463351371,7.636622521350024,7.676510334014893,758304400.0
2010-06-07,7.746387815575597,7.772179906728725,7.514256592655253,7.525953769683838,886942000.0
2010-06-08,7.594930260031027,7.611725625157213,7.36729828463039,7.477665424346924,1000770400.0
2010-06-09,7.541847735612709,7.554744579893757,7.272528407880068,7.293821334838867,854630000.0
2010-06-10,7.343007244018197,7.527151667372487,7.263830675830627,7.513056755065918,776356000.0
2010-06-11,7.444675670630661,7.613525477522904,7.418883588137519,7.603028774261475,545759200.0
2010-06-14,7.676509699876025,7.77218053897371,7.618027013365273,7.626124382019043,602960400.0
2010-06-15,7.6669116553672945,7.793174055195911,7.662712812519023,7.788375377655029,585074000.0
2010-06-16,7.830657885205828,8.030098397737314,7.816562178700101,8.015103340148926,783678000.0
2010-06-17,8.11557644543805,8.184556624474785,8.082586342862538,8.153665542602539,872855200.0
2010-06-18,8.165064043586744,8.247540125562757,8.140171300339503,8.219647407531738,784621600.0
2010-06-21,8.32821338763585,8.36780167460024,8.05949386502587,8.102681159973145,776490400.0
2010-06-22,8.16235936447168,8.2766250069604,8.14256563146062,8.213044166564941,717262000.0
2010-06-23,8.23494088611615,8.23734022447589,8.034600137314055,8.126672744750977,768457200.0
2010-06-24,8.127575610585902,8.1935566431618,8.04060195997954,8.067594528198242,714277200.0
2010-06-25,8.099381101321471,8.105678963803795,7.971918258914703,7.998610496520996,549942400.0
2010-06-28,8.005507310850264,8.090083173985638,7.933229256160339,8.046595573425293,584948000.0
2010-06-29,7.92123279739887,7.929330963759213,7.626721258730349,7.682804584503174,1133344800.0
2010-06-30,7.699001906925151,7.736790693168862,7.498062883086785,7.543648719787598,739452000.0
2010-07-01,7.626721555962103,7.641717419392396,7.294421230818595,7.452173709869385,1022896000.0
2010-07-02,7.512456212687605,7.525653375345451,7.293821696379426,7.405989170074463,693842800.0
2010-07-06,7.527752501231366,7.581736016788241,7.382595722677696,7.456674098968506,615235600.0
2010-07-07,7.51245664209125,7.760783387090885,7.490264361290538,7.75778341293335,654556000.0
2010-07-08,7.872048318393829,7.88464484374351,7.644416315795574,7.740387439727783,738144400.0
2010-07-09,7.704398219092431,7.79467131591078,7.652513732270245,7.786274433135986,433322400.0
2010-07-12,7.753587196087816,7.853157370879647,7.64352031266341,7.716398239135742,562878400.0
2010-07-13,7.687306616654522,7.689705154759087,7.390694345067931,7.551746368408203,1190924000.0
2010-07-14,7.479167871033924,7.671709192918477,7.467770211530797,7.579636573791504,812047600.0
2010-07-15,7.444673582561429,7.706794777141794,7.416781686730798,7.5412445068359375,824866000.0
2010-07-16,7.593135797321111,7.646819816645486,7.450078785357754,7.494765281677246,1039858400.0
2010-07-19,7.494161593437804,7.494161593437804,7.185853837959065,7.365199565887451,1024478000.0
2010-07-20,7.284822219311582,7.584732211996841,7.198148150539995,7.554440975189209,1074950800.0
2010-07-21,7.950325410644143,7.952124914420987,7.617725538120246,7.624922752380371,1185671200.0
2010-07-22,7.728090963654695,7.797670166237133,7.657011774349613,7.768279075622559,645318800.0
2010-07-23,7.71039777754642,7.80906857350977,7.686104875098914,7.795872211456299,533388800.0
2010-07-26,7.797673860457344,7.800673034476366,7.728994777540574,7.77608060836792,420551600.0
2010-07-27,7.8237639074720065,7.941628607801566,7.806669021158197,7.920035362243652,584771600.0
2010-07-28,7.907736726602709,7.977315919753912,7.805167440190869,7.826460361480713,519985200.0
2010-07-29,7.8189646713468175,7.877147023861106,7.68070640459114,7.740987777709961,643806800.0
2010-07-30,7.674410877884052,7.788675796241063,7.6447186567388,7.715198040008545,448210000.0
2010-08-02,7.810867047247336,7.875347260295095,7.786274631147596,7.853154182434082,428055600.0
2010-08-03,7.8279629880671635,7.89544238301889,7.780277335408659,7.855554580688477,417653600.0
2010-08-04,7.882847494197079,7.926033991217089,7.8069704062124705,7.887046337127685,420375200.0
2010-08-05,7.84955695965261,7.893044574692726,7.8141675134329,7.848657608032227,289097200.0
2010-08-06,7.791076190571998,7.842361669250093,7.726595146188957,7.8003740310668945,444897600.0
2010-08-09,7.842059567938341,7.862154433094673,7.784777349699977,7.850157737731934,303128000.0
2010-08-10,7.793171296004188,7.811166330411311,7.724191131623988,7.779974937438965,451920000.0
2010-08-11,7.659715517370285,7.668412721212849,7.492065301016141,7.503461360931396,620054400.0
2010-08-12,7.398490389876316,7.590732971797724,7.381395504441699,7.551445007324219,534920400.0
2010-08-13,7.547246315185297,7.554144012701212,7.470469087639637,7.47076940536499,354869200.0
2010-08-16,7.425180515353362,7.498059196208448,7.396388463155585,7.426980018615723,318430000.0
2010-08-17,7.500159168427967,7.636618713516423,7.473766450562694,7.55684232711792,422640400.0
2010-08-18,7.568536527624556,7.6378153900238015,7.545142988956653,7.589829444885254,339696000.0
2010-08-19,7.582935200593753,7.602129907720978,7.458172807655833,7.494162082672119,426706000.0
2010-08-20,7.479464788124016,7.615323688957332,7.467767615777388,7.48696231842041,384230000.0
2010-08-23,7.551446845917744,7.557744710238426,7.355305691819502,7.371799945831299,414041600.0
2010-08-24,7.277926928524267,7.287822998133291,7.157362576710709,7.195751190185547,602565600.0
2010-08-25,7.139067684411709,7.317514865301815,7.113875433300917,7.284523963928223,596867600.0
2010-08-26,7.361302418807514,7.37029993886925,7.206248760223389,7.206248760223389,466505200.0
2010-08-27,7.250334490265162,7.276126574150473,7.064689307456441,7.246435165405273,548391200.0
2010-08-30,7.220642344827393,7.370298258093221,7.218243006691426,7.2728271484375,383289200.0
2010-08-31,7.2533322975763745,7.334608668614091,7.208346313122038,7.290821552276611,420786800.0
2010-09-01,7.421883729866363,7.541547937449853,7.386194770096378,7.5076584815979,697037600.0
2010-09-02,7.535549340645718,7.562841415405273,7.454873586453164,7.562841415405273,415427600.0
2010-09-03,7.650412732555426,7.761079374406629,7.6327180184962,7.760779857635498,520788800.0
2010-09-07,7.69690089284836,7.7835749847101825,7.685204519343889,7.731990814208984,342557600.0
2010-09-08,7.791073365463578,7.929332443743069,7.7706789881866545,7.8852458000183105,526551200.0
2010-09-09,7.948827752871479,7.993213919539722,7.885246875559752,7.889745235443115,438575200.0
2010-09-10,7.893340404799319,7.932629158616094,7.839656425848389,7.899938583374023,387542400.0
2010-09-13,7.972218077140972,8.04599612200794,7.970419374413469,8.008807182312012,388780000.0
2010-09-14,7.983911858067052,8.072684936389908,7.96321797410001,8.039395332336426,408150400.0
2010-09-15,8.042698338713988,8.108978859911247,8.032800667514577,8.104179382324219,429368800.0
2010-09-16,8.104779047311549,8.297620640193575,8.082585170047548,8.294621467590332,652103200.0
2010-09-17,8.328210097208176,8.336308262393805,8.20794689844179,8.258631706237793,634477200.0
2010-09-20,8.279925453118803,8.51085692540106,8.273027756945744,8.494361877441406,658677600.0
2010-09-21,8.513256830475996,8.617925152406347,8.481166083725334,8.510557174682617,668074400.0
2010-09-22,8.478766814597334,8.636819609835651,8.469769296624815,8.629921913146973,585289600.0
2010-09-23,8.58733483288087,8.780177238422032,8.577437963107542,8.665011405944824,786116800.0
2010-09-24,8.760383745408188,8.803270716197659,8.713897767173094,8.76698112487793,649488000.0
2010-09-27,8.816768080705884,8.83926067976371,8.72769463352197,8.732192993164062,482834800.0
2010-09-28,8.750484323739073,8.750484323739073,8.247535546974055,8.603228569030762,1035042400.0
2010-09-29,8.614328569546535,8.691705643562317,8.577439937048633,8.61852741241455,469644000.0
2010-09-30,8.66741122897292,8.69740215490161,8.4349805519666,8.509958267211914,673391600.0
2010-10-01,8.5819334628892,8.594829501153304,8.437976420462169,8.473066329956055,448142800.0
2010-10-04,8.44547782662805,8.484465472376963,8.33061150743219,8.356704711914062,435302000.0
2010-10-05,8.457472568587464,8.680904890308398,8.45207325780038,8.665610313415527,501967200.0
2010-10-06,8.685106701097451,8.757085256549036,8.555245303878422,8.673110008239746,670868800.0
2010-10-07,8.707598301663735,8.71179714329687,8.604729484616941,8.6740083694458,408399600.0
2010-10-08,8.748685811605245,8.832360725336834,8.697401962073457,8.819464683532715,658403200.0
2010-10-11,8.839561025257378,8.914537950587311,8.835362182896557,8.858154296875,427753200.0
2010-10-12,8.859653435820936,8.982317602359727,8.772079190943744,8.95352554321289,558544000.0
2010-10-13,9.003312031366379,9.05609587742146,8.991315338695992,9.00151252746582,630092400.0
2010-10-14,9.047998296965334,9.07139104627374,9.009309364439174,9.066593170166016,435296400.0
2010-10-15,9.220447690180093,9.447180404289805,9.144570601880462,9.439382553100586,922194000.0
2010-10-18,9.551248958076055,9.567143375262535,9.425885916934462,9.537153244018556,1093010800.0
2010-10-19,9.099280023334748,9.410286565208011,8.997910407869108,9.281925201416016,1232784000.0
2010-10-20,9.267233735792487,9.424686738101698,9.203353343426986,9.313119888305664,721624400.0
2010-10-21,9.36800533154941,9.43938407145275,9.201255260456346,9.282831192016602,551460000.0
2010-10-22,9.269330107605214,9.298421681331664,9.186255829750072,9.22134494781494,372778000.0
2010-10-25,9.26993329338016,9.34520974320464,9.25043826573986,9.26243495941162,392462000.0
2010-10-26,9.203349582272518,9.289423822991496,9.166759681136394,9.238739013671877,392929600.0
2010-10-27,9.226745843711328,9.294225242375404,9.165263990936111,9.232144355773926,399002800.0
2010-10-28,9.235742376370592,9.237242363448024,9.024306664545852,9.154467582702637,551051200.0
2010-10-29,9.12417495013984,9.17366010094437,9.023404343971722,9.026703834533691,430511200.0
2010-11-01,9.063894650986878,9.165264311836138,9.063294816292254,9.122676849365234,423889200.0
2010-11-02,9.20724946210653,9.302920267189869,9.20724946210653,9.278027534484863,433930000.0
2010-11-03,9.338310158592048,9.383597267632052,9.253136053268353,9.381197929382324,508348400.0
2010-11-04,9.460677695404382,9.602535821763263,9.448081164682057,9.545252799987791,642488000.0
2010-11-05,9.536851694368572,9.584237024596108,9.49966275117575,9.511058807373049,361253200.0
2010-11-08,9.513158624088002,9.590235365627407,9.499962263306172,9.555746078491213,281758400.0
2010-11-09,9.628619893076207,9.636118222581109,9.432179356647088,9.479564666748049,383544000.0
2010-11-10,9.49636350119211,9.56024468444752,9.403691058152388,9.53805160522461,384227200.0
2010-11-11,9.447179045142496,9.549149328944097,9.424685647294924,9.496665000915527,361284000.0
2010-11-12,9.47716701497607,9.492162074958973,9.106178627784242,9.23813819885254,795846800.0
2010-11-15,9.25103969004999,9.313420900767252,9.185358987867977,9.208452224731444,403606000.0
2010-11-16,9.168863135272348,9.225245993736223,8.97692004109688,9.045000076293944,657650000.0
2010-11-17,9.033301528722012,9.11697644470151,8.930132390670282,9.01230812072754,479449600.0
2010-11-18,9.153264157314352,9.287324357911974,9.13796957965504,9.25013542175293,494491200.0
2010-11-19,9.23634093259171,9.249236974487197,9.154465521846722,9.199151992797852,384843200.0
2010-11-22,9.197652352615403,9.397993087768556,9.173360254648893,9.397993087768556,393075200.0
2010-11-23,9.310716391031594,9.349705628466907,9.194051398901284,9.25913143157959,519447600.0
2010-11-24,9.357206878564194,9.459177177892704,9.349710145936536,9.441182136535645,413725200.0
2010-11-26,9.409390061206876,9.528154910966098,9.385397477750908,9.447178840637209,237585600.0
2010-11-29,9.462173298599572,9.521555319250073,9.33861058074545,9.50326156616211,445785200.0
2010-11-30,9.403389028437864,9.427982240322027,9.3233131333229,9.331710815429688,501858000.0
2010-12-01,9.455274105047756,9.52965197815543,9.447176740069487,9.489164352416992,461750800.0
2010-12-02,9.52305494747729,9.567141585378094,9.443878389026777,9.54164981842041,462837200.0
2010-12-03,9.50745918345764,9.55664401009708,9.487365128403418,9.520355224609377,342092800.0
2010-12-06,9.55634406287748,9.667011519526229,9.549745883764032,9.60163116455078,448481600.0
2010-12-07,9.711101496061335,9.716798724169076,9.540752453606256,9.543451309204102,391454000.0
2010-12-08,9.586041203038976,9.627729326344603,9.510464411482443,9.627429008483888,321935600.0
2010-12-09,9.661015456006842,9.672111194955995,9.567742375968564,9.589936256408691,294151200.0
2010-12-10,9.586636720816816,9.628624342227484,9.555145804547,9.61392879486084,262511200.0
2010-12-13,9.728190768912732,9.74888465271011,9.62712068722681,9.64721393585205,439815600.0
2010-12-14,9.649021309476838,9.673314217024988,9.567145065361322,9.605834007263184,351008000.0
2010-12-15,9.597130455690293,9.687104016702072,9.572838363030252,9.607928276062012,417312000.0
2010-12-16,9.629822943880722,9.675409567859802,9.600132335560705,9.634621620178224,322030800.0
2010-12-17,9.646018732247043,9.650817408671832,9.604031114377364,9.61542797088623,386929200.0
2010-12-20,9.645121350113303,9.694607314532892,9.544052001853894,9.663415908813477,385610400.0
2010-12-21,9.687110420530493,9.728797738871767,9.658619468109752,9.723099708557127,256354000.0
2010-12-22,9.727895690063068,9.768683645298005,9.703602787231851,9.751888275146484,265921600.0
2010-12-23,9.747091503496696,9.75158986344487,9.692207828230856,9.705103874206545,223157200.0
2010-12-27,9.682607794752792,9.760284366904948,9.642719197578206,9.7374906539917,249816000.0
2010-12-28,9.774381206840994,9.796874604652274,9.748889436779017,9.761185646057127,175924000.0
2010-12-29,9.783676090808209,9.790574587839696,9.750086160347124,9.75578498840332,163139200.0
2010-12-30,9.761486815571446,9.76238616722946,9.688608899070225,9.706903457641602,157494400.0
2010-12-31,9.685608423406196,9.701503640956142,9.63642278373142,9.673912048339844,193508000.0
2011-01-03,9.766280128031338,9.90483866910738,9.742287553213565,9.88414478302002,445138400.0
2011-01-04,9.970223085490586,9.972022589399918,9.84156135893891,9.935733795166016,309080800.0
2011-01-05,9.88354729408944,10.027204061161886,9.882047307330938,10.017006874084473,255519600.0
2011-01-06,10.038601743416368,10.054496959450931,9.984018398028017,10.0089111328125,300428800.0
2011-01-07,10.016706217755424,10.087485083017304,9.954024717357347,10.08058738708496,311931200.0
2011-01-10,10.161866703771445,10.293827131523544,10.112082026444591,10.270434379577637,448560000.0
2011-01-11,10.343315130636595,10.345713669009813,10.181063419647188,10.24614429473877,444108000.0
2011-01-12,10.294428082680362,10.329816728604037,10.256938814016689,10.329516410827637,302590400.0
2011-01-13,10.351708948801605,10.396095910381616,10.312420981978104,10.367303848266602,296780400.0
2011-01-14,10.373603054011753,10.451279640197754,10.3301162425255,10.451279640197754,308840000.0
2011-01-18,9.882649352768803,10.339712958889542,9.777080853715072,10.216449737548828,1880998000.0
2011-01-19,10.447380369122426,10.454878702819318,10.103384400291644,10.162166595458984,1135612800.0
2011-01-20,10.08988795935992,10.14597130030316,9.900644523714467,9.977421760559082,764789200.0
2011-01-21,10.01010719457282,10.043397604190178,9.795971113446107,9.798670768737791,754401200.0
2011-01-24,9.803173322189064,10.120478630065918,9.798674162093832,10.120478630065918,574683200.0
2011-01-25,10.08688941681052,10.240143570154894,10.03410476705178,10.238943099975586,546868000.0
2011-01-26,10.285724800067264,10.364901338849076,10.241938490740544,10.312417030334473,506875600.0
2011-01-27,10.310318262695189,10.337610330147765,10.281827327172058,10.29322338104248,285026000.0
2011-01-28,10.322018299936772,10.328915997704067,10.002913486903132,10.079989433288574,592057200.0
2011-01-31,10.07099097496858,10.198153491022545,10.026004987537153,10.176559448242188,377246800.0
2011-02-01,10.235945330088716,10.366405773806193,10.226347974868062,10.347811698913574,426633200.0
2011-02-02,10.3304126146213,10.354404390111895,10.303420065288549,10.326513290405272,258955200.0
2011-02-03,10.310918327873326,10.324114686262554,10.153465382722851,10.300121307373049,393797600.0
2011-02-04,10.306122450412731,10.397895547889132,10.302223925708205,10.391897201538086,321840400.0
2011-02-07,10.43358435331308,10.594336028910448,10.426086820908656,10.55324935913086,485021600.0
2011-02-08,10.607232850011716,10.66241603380798,10.561346702477763,10.65281867980957,381040800.0
2011-02-09,10.652517077635014,10.766783549192084,10.642920526362476,10.74159049987793,482745200.0
2011-02-10,10.718497519987864,10.796773917060378,10.43688043875204,10.63302230834961,928550000.0
2011-02-11,10.639323804966548,10.730795784043194,10.60303420989148,10.70230484008789,367572800.0
2011-02-14,10.700503287722398,10.781178227900828,10.698103949636346,10.772181510925291,310416400.0
2011-02-15,10.772480879999316,10.795874426017436,10.72329605160423,10.793774604797363,284174800.0
2011-02-16,10.8207656649305,10.94372932974751,10.811768948653818,10.89064598083496,481157600.0
2011-02-17,10.71429941697466,10.804872026634335,10.69240505664816,10.745789527893066,530583200.0
2011-02-18,10.758087995628475,10.781781063639992,10.482469983098236,10.51366138458252,816057200.0
2011-02-22,10.261433153144448,10.358904252460997,10.128573421770554,10.155264854431152,872555600.0
2011-02-23,10.160064526646806,10.336110741582097,10.155265049944395,10.275529861450195,671854400.0
2011-02-24,10.317517668774508,10.351407116370597,10.14806802825271,10.283327102661133,499900800.0
2011-02-25,10.35470933971948,10.449781137224576,10.34091394251424,10.441683769226074,380018800.0
2011-02-28,10.534052383370655,10.64831805210636,10.53045337638796,10.593134880065918,403074000.0
2011-03-01,10.660916548580207,10.668414080757476,10.427286174243282,10.476171493530272,456136800.0
2011-03-02,10.49566430459378,10.627325180371653,10.448878012311331,10.560444831848145,602590800.0
2011-03-03,10.71250142805338,10.79047752386238,10.67441233120566,10.78357982635498,500788400.0
2011-03-04,10.798874838485023,10.805473018888746,10.729295628649323,10.796775817871094,453266800.0
2011-03-07,10.838761840716446,10.846860007404292,10.536152924296688,10.65761661529541,546123200.0
2011-03-08,10.644121267565572,10.71879947561716,10.564344865726856,10.6696138381958,356316800.0
2011-03-09,10.637521958337675,10.63962177968417,10.514859396798052,10.570941925048828,453306000.0
2011-03-10,10.470475206996364,10.48997023691656,10.343913277347689,10.396997451782228,507539200.0
2011-03-11,10.356806105408843,10.566443882027045,10.346910036318915,10.556546211242676,471080400.0
2011-03-14,10.592235117402298,10.691206211371668,10.536152591977435,10.603631973266602,435957200.0
2011-03-15,10.25993749658836,10.432086044562972,10.1999556306136,10.359807968139648,721081200.0
2011-03-16,10.256938841714533,10.286929776218017,9.784879338307796,9.897345542907717,1162011200.0
2011-03-17,10.101884230239108,10.185259645032437,9.916839645068167,10.03620433807373,659422400.0
2011-03-18,10.11087889379858,10.14296964067956,9.89704308969626,9.917137145996094,753214000.0
2011-03-21,10.076689776984464,10.189155145692371,10.05479541657697,10.175959587097168,409402000.0
2011-03-22,10.273737074659191,10.275536579281392,10.171166912889044,10.232948303222656,325922800.0
2011-03-23,10.175360636462376,10.203552060509118,10.075490182307137,10.172661781311035,372996400.0
2011-03-24,10.252439360287765,10.376902245412635,10.16276608351677,10.3460111618042,404712000.0
2011-03-25,10.43898525136223,10.558649483688653,10.407494326708967,10.543054580688477,448910000.0
2011-03-28,10.591339576706485,10.626429508279587,10.51006317138672,10.51006317138672,309355200.0
2011-03-29,10.426685447141402,10.52565574645996,10.378700284297546,10.52565574645996,352900800.0
2011-03-30,10.516062222928753,10.523261041078117,10.42009106144637,10.455780029296877,329406000.0
2011-03-31,10.387696040121575,10.490865171785964,10.37869932345076,10.452177047729492,274019200.0
2011-04-01,10.530152845548038,10.544548071245496,10.295921901638913,10.333710670471191,418661600.0
2011-04-04,10.32621571435385,10.334912914794351,10.148968210901357,10.232643127441406,460084800.0
2011-04-05,10.106684028687356,10.26443655516293,10.0769926105929,10.163666725158691,482731200.0
2011-04-06,10.23354136129628,10.31391677236261,10.11117754013651,10.138169288635254,402539200.0
2011-04-07,10.139973766847962,10.2098525100987,10.077892074164398,10.139374732971191,373447200.0
2011-04-08,10.194554188578405,10.201451884954295,10.015507993703888,10.048797607421877,377535200.0
2011-04-11,10.018809436799254,10.06709493025606,9.897646828178676,9.921039581298828,398946800.0
2011-04-12,9.911739900117174,10.00891150453063,9.903042698759538,9.969023704528809,425639200.0
2011-04-13,10.047602134398652,10.081192079819877,9.972624391743834,10.080892562866213,346220000.0
2011-04-14,10.041002287970048,10.076991566445848,9.958827342724224,9.969623565673828,301800800.0
2011-04-15,9.996015249377848,10.006212438274282,9.801073796147564,9.820867538452148,453605600.0
2011-04-18,9.780082764321865,9.963927721852414,9.601935836843326,9.95253086090088,609898800.0
2011-04-19,9.990018803500654,10.136374467770544,9.948330691788165,10.132776260375977,419378400.0
2011-04-20,10.302219980365564,10.369399832075446,10.24193862474119,10.269229888916016,700666400.0
2011-04-21,10.646817808276952,10.650717132837588,10.452476240988169,10.51785659790039,753810400.0
2011-04-25,10.50706226030642,10.609332055797422,10.505861790279004,10.587138175964355,266546000.0
2011-04-26,10.605432532976792,10.6465200003612,10.477370653345057,10.509461402893066,338800000.0
2011-04-27,10.564044310226471,10.567343800697396,10.409890834069405,10.501362800598145,356213200.0
2011-04-28,10.382597715844163,10.489365052316955,10.362503660732036,10.39939308166504,360959200.0
2011-04-29,10.400294550782457,10.615330055020172,10.396995059972207,10.500764846801758,1006345200.0
2011-05-02,10.489072531377056,10.51096610457232,10.36191073730883,10.385303497314451,442713600.0
2011-05-03,10.436583720898208,10.493566409758657,10.36550451763469,10.44288158416748,313348000.0
2011-05-04,10.444679970617193,10.55174843982359,10.403292185910422,10.483968734741213,389250400.0
2011-05-05,10.448877425269458,10.525355121933115,10.378398874388946,10.39939308166504,335969200.0
2011-05-06,10.487571923681916,10.496868962850444,10.383203068865818,10.396698951721191,280134400.0
2011-05-09,10.432680889287129,10.472869796488364,10.39279310057438,10.424883842468262,204747200.0
2011-05-10,10.463574200075692,10.487567582640551,10.396694648294188,10.480369567871094,282091600.0
2011-05-11,10.467476464635132,10.496867565683454,10.354110102722364,10.41379165649414,336000000.0
2011-05-12,10.380501160668349,10.410492091623512,10.265035796194413,10.393996238708496,322000000.0
2011-05-13,10.366703458689374,10.384397376612531,10.207450989756198,10.211949348449709,326116000.0
2011-05-16,10.172962599144515,10.2335442922218,9.9750203839722,9.996014595031738,449775200.0
2011-05-17,9.95702471688378,10.08118724822998,9.918935628632717,10.08118724822998,452334400.0
2011-05-18,10.091087568457594,10.22844650507225,10.07699185407736,10.1930570602417,334776400.0
2011-05-19,10.2593365518216,10.269233422492512,10.15706675262942,10.212850570678713,261170000.0
2011-05-20,10.183757383386018,10.225445481895092,10.047598151411863,10.053596496582031,337968400.0
2011-05-23,9.896147167594568,10.07639310137668,9.879652112753115,10.029006958007812,383600000.0
2011-05-24,10.062000123124928,10.073996820551328,9.93723687243324,9.962729454040527,321927200.0
2011-05-25,9.999917238194596,10.15377207393385,9.982522828428277,10.100387573242188,294224000.0
2011-05-26,10.076091509661868,10.10368310103114,10.029905045277095,10.04699993133545,222560800.0
2011-05-27,10.041001539526702,10.125876134818984,10.026305991988808,10.119277954101562,203599200.0
2011-05-31,10.22994455262452,10.43178367614746,10.226944578983408,10.43178367614746,417754400.0
2011-06-01,10.462975156681548,10.560744987154056,10.33641326715784,10.362204551696776,554682800.0
2011-06-02,10.391894761173932,10.436281712900833,10.32591456850139,10.379898071289062,338783200.0
2011-06-03,10.292324260081047,10.356804463728867,10.257234343878691,10.300121307373049,313250000.0
2011-06-06,10.367901070207138,10.408388692955256,10.131271593114851,10.138169288635254,461941200.0
2011-06-07,10.142070941408557,10.143570127404008,9.954026408270767,9.95822525024414,529785200.0
2011-06-08,9.950429419472192,10.04100204772635,9.916539963524755,9.964224815368652,333723600.0
2011-06-09,9.99451433686074,10.00711086214526,9.919536621385326,9.941730499267578,275088800.0
2011-06-10,9.913540136128404,9.946830558774606,9.76238500774103,9.77408218383789,433955200.0
2011-06-13,9.813066788606836,9.846357200920355,9.749186420337203,9.795072555541992,329473200.0
2011-06-14,9.897042360338084,9.99451346200888,9.87634847103422,9.970220565795898,334569200.0
2011-06-15,9.889546685384587,9.906041736389628,9.743489763881575,9.79957389831543,399196000.0
2011-06-16,9.804073088698525,9.857456770699777,9.547049948270388,9.751888275146484,510591200.0
2011-06-17,9.86675346583428,9.874551315358966,9.577939122485796,9.604930877685549,615020000.0
2011-06-20,9.517955270450608,9.528152456152302,9.312216858139983,9.45677375793457,640645600.0
2011-06-21,9.497562186411653,9.771079503385756,9.45317523545995,9.756084442138672,493382400.0
2011-06-22,9.751886216407346,9.864053670259036,9.668510819594204,9.675409317016602,390583200.0
2011-06-23,9.565338847191311,9.947724832417936,9.540747240792776,9.933929443359377,559759200.0
2011-06-24,9.938129042775698,9.991512701749729,9.749785048698806,9.78757381439209,439807200.0
2011-06-27,9.82476566276018,10.014009064185998,9.814568475110564,9.95822525024414,339813600.0
2011-06-28,10.006511686515912,10.09798446468918,10.000213823378504,10.054797172546388,294299600.0
2011-06-29,10.078189402984703,10.0880862725751,9.95342621989534,10.018207550048828,352545200.0
2011-06-30,10.037998315204575,10.08088607213497,9.98221532062002,10.067089080810549,322954800.0
2011-07-01,10.07549308448088,10.301925495206197,10.023008745565424,10.29472827911377,435313200.0
2011-07-05,10.286931980136718,10.49177117180824,10.271936910096068,10.479774475097656,355054000.0
2011-07-06,10.46537637032102,10.619831006971712,10.398196483716571,10.54965114593506,444626000.0
2011-07-07,10.636926745004189,10.736796430383157,10.616831879958449,10.712803840637209,399663600.0
2011-07-08,10.597036326419907,10.796777264810348,10.562846551502242,10.788079261779783,489633200.0
2011-07-11,10.68701068547576,10.789880335312384,10.58144137904168,10.616830825805664,442674400.0
2011-07-12,10.60273310329965,10.727196778962272,10.455477314846386,10.609332084655762,451609200.0
2011-07-13,10.746689613603207,10.796775398845831,10.688206945383511,10.737393379211426,391638800.0
2011-07-14,10.82706831728899,10.845063358168009,10.6870105195939,10.729897499084473,430533600.0
2011-07-15,10.83186593131737,10.94673146135102,10.771884069304818,10.944332122802734,484467200.0
2011-07-18,10.95962584561977,11.236143164648537,10.955127486946736,11.210651397705078,572653200.0
2011-07-19,11.33661235156111,11.356106572002412,11.196254284722578,11.302123069763184,819145600.0
2011-07-20,11.88005187254014,11.884550231340915,11.57654199031294,11.603533744812012,941340400.0
2011-07-21,11.605035278716713,11.698306762771033,11.513562497744717,11.615232467651367,526534400.0
2011-07-22,11.64612319236292,11.847963152802388,11.629028304806369,11.79547882080078,516728800.0
2011-07-25,11.707002146256253,11.99641631029868,11.685109386450428,11.951430320739746,589806000.0
2011-07-26,11.9964183198146,12.131378713640158,11.986821766253572,12.098688125610352,476582400.0
2011-07-27,12.014110523634027,12.075592361156064,11.760985960095343,11.774182319641112,659324400.0
2011-07-28,11.745091551665764,11.906142716988615,11.640422429158336,11.751089096069336,594034000.0
2011-07-29,11.62572999855956,11.85096271756395,11.516562488288784,11.710904121398926,632584400.0
2011-08-01,11.929836085972662,11.981420254756356,11.767584446595272,11.898945808410645,612836000.0
2011-08-02,11.92593758715052,11.933435118498345,11.64702093203126,11.66381549835205,639539600.0
2011-08-03,11.725896964116943,11.80297450535308,11.46377646376106,11.77358341217041,732508000.0
2011-08-04,11.67881186059234,11.73609405965402,11.317119624966365,11.317719459533691,871407600.0
2011-08-05,11.409796118003312,11.501569237721736,10.873856154780787,11.205256462097168,1204590800.0
2011-08-08,10.8474583000662,11.02980398295391,10.58743605191975,10.593134880065918,1143833600.0
2011-08-09,10.83576669583271,11.234948320419694,10.646822750336163,11.21695327758789,1082583600.0
2011-08-10,11.131174777854913,11.236143423317916,10.871753137844747,10.907442092895508,878656800.0
2011-08-11,11.112283784193393,11.260140245441546,10.938335712884497,11.207655906677246,741969200.0
2011-08-12,11.338711558978718,11.385797365804883,11.223546538741797,11.30632209777832,528976000.0
2011-08-15,11.38549974477134,11.545652379028851,11.339313281578209,11.498866081237791,460544000.0
2011-08-16,11.442181155654213,11.49766464617014,11.27842953895897,11.41098976135254,498750000.0
2011-08-17,11.465877193333794,11.532156921305033,11.336615626758244,11.409793853759766,442061200.0
2011-08-18,11.121877557735209,11.176162184091703,10.83786190463753,10.978219985961914,851435200.0
2011-08-19,10.86185768376134,11.006714956603542,10.676813088890755,10.677712440490724,775888400.0
2011-08-22,10.932035266000945,10.943132606553476,10.649519575443284,10.690007209777832,535315200.0
2011-08-23,10.80577439098005,11.205855316648114,10.706804070473876,11.204655647277832,656835200.0
2011-08-24,11.200752779055362,11.365403744240991,11.11467853107784,11.282029151916504,626267600.0
2011-08-25,10.949129969175472,11.260137397698516,10.946730630809226,11.208252906799316,871346000.0
2011-08-26,11.131773762430203,11.510560849268312,11.120677224340614,11.503963470458984,641477200.0
2011-08-29,11.641920341490192,11.741491260065606,11.636522632202167,11.69560432434082,405269200.0
2011-08-30,11.644021287079893,11.75168958823798,11.582839763792895,11.696206092834473,417922400.0
2011-08-31,11.713603820062849,11.75889013773154,11.452381819818653,11.541455268859863,522586400.0
2011-09-01,11.571146888011754,11.616732723398584,11.418192243298524,11.427489280700684,343725200.0
2011-09-02,11.238842276226736,11.336613707797598,11.151569150725106,11.218149185180664,438939200.0
2011-09-06,11.017809562521096,11.40649358739733,10.99111732232477,11.388799667358398,509698000.0
2011-09-07,11.56334587695247,11.564545546021517,11.456576931501855,11.514460563659668,350576800.0
2011-09-08,11.468574773623974,11.654819811479635,11.46587591837125,11.520759582519531,416158400.0
2011-09-09,11.51446238974486,11.57654327179542,11.247241267743078,11.321020126342772,564813200.0
2011-09-12,11.186661401928149,11.422989860975576,11.153670494262023,11.39479923248291,467832400.0
2011-09-13,11.460775661940124,11.58283918556485,11.40409250024902,11.535154342651367,440560400.0
2011-09-14,11.607137515635952,11.76279104486561,11.56934872349025,11.675517082214355,534724400.0
2011-09-15,11.73939598237336,11.806276349215803,11.693509829736952,11.785282135009766,417818800.0
2011-09-16,11.862654815331052,12.011409759521484,11.847359436783387,12.011409759521484,698513200.0
2011-09-19,11.906443929414849,12.393198904393731,11.85246121701208,12.345212936401367,823860800.0
2011-09-20,12.453778080889792,12.682010699387227,12.332014882962136,12.399794578552246,775754000.0
2011-09-21,12.585441288116089,12.64392396041922,12.356310076556891,12.360508918762209,605976000.0
2011-09-22,12.02730832978399,12.290929628790703,11.897446942508916,12.051000595092772,968480800.0
2011-09-23,12.004815208166722,12.198557783190196,11.99191916446006,12.12537956237793,546277200.0
2011-09-26,11.992214432713755,12.11577791620218,11.735491717059675,12.091485023498535,812876400.0
2011-09-27,12.258238963166608,12.273833861737716,11.938234815842591,11.974224090576172,632497600.0
2011-09-28,12.002112571981703,12.108581186829658,11.89174543355573,11.906742095947266,429637600.0
2011-09-29,12.05399961103778,12.062696811578846,11.582839583162729,11.713601112365724,651086800.0
2011-09-30,11.610131948908112,11.663216907441482,11.43198508749196,11.43618392944336,547640800.0
2011-10-03,11.407690506364178,11.475769712499888,11.191754915224465,11.234641075134276,669099200.0
2011-10-04,11.23374496485565,11.450579969779923,10.624027902511743,11.171663284301758,1233677200.0
2011-10-05,11.032504212310847,11.391196450920177,10.805771565693435,11.344111442565918,786469600.0
2011-10-06,11.1965552794753,11.539952961221411,11.150669136345616,11.317719459533691,812582400.0
2011-10-07,11.2700362289647,11.328818427471036,11.051401687806338,11.090689659118652,535458000.0
2011-10-10,11.369301956637988,11.66081428527832,11.342909241420696,11.66081428527832,442514800.0
2011-10-11,11.773585875391284,12.09179137523004,11.741495920344326,12.00511646270752,605687600.0
2011-10-12,12.21655231528316,12.273834519869366,12.000616655303046,12.062098503112791,622286000.0
2011-10-13,12.145771566410112,12.249241828918455,12.081891186542766,12.249241828918455,426185200.0
2011-10-14,12.50116868613686,12.656222343444824,12.454381582200917,12.656222343444824,573367200.0
2011-10-17,12.64842013544295,12.797175877937269,12.474471345662058,12.595935821533203,686044800.0
2011-10-18,12.649021786162644,12.74049535884672,12.475973913537224,12.66341781616211,881602400.0
2011-10-19,12.03690490266576,12.248941213429818,11.930436270729787,11.955029487609863,1104059600.0
2011-10-20,11.996416109989452,12.006912814016362,11.82276841531066,11.855757713317873,549270400.0
2011-10-21,11.93943528293594,11.970625883009864,11.719000459931651,11.782581329345703,621244400.0
2011-10-24,11.88185027217558,12.191356869581696,11.858457527229652,12.169464111328123,502138000.0
2011-10-25,12.14727100066088,12.192857625259927,11.917840293420245,11.929535865783691,430427200.0
2011-10-26,12.049200730155617,12.072894596448752,11.790977950261102,12.014411926269531,456304800.0
2011-10-27,12.223151611632236,12.26633971141595,12.053102873394677,12.137077331542969,494664800.0
2011-10-28,12.086389993675386,12.186860286199597,12.07169444652446,12.144872665405272,322842800.0
2011-10-31,12.068997339106886,12.276235816990251,12.02790906383084,12.139776229858398,385501200.0
2011-11-01,11.918740030083471,11.981420739980203,11.793077491736812,11.89174747467041,531790000.0
2011-11-02,11.999117464242511,12.009614169755164,11.849761045176468,11.918741226196287,327350800.0
2011-11-03,11.968525963052294,12.098387357086226,11.857259442491728,12.08849048614502,441386400.0
2011-11-04,12.057299375007435,12.0995865132294,11.971225111633036,12.003615379333496,302229200.0
2011-11-07,11.993720617542484,11.996419473305671,11.880354260235222,11.988321304321287,270275600.0
2011-11-08,12.062695482580022,12.236343961654653,12.04320126229955,12.18325901031494,400442000.0
2011-11-09,11.905546089210327,12.023111285249325,11.823371139683,11.85486125946045,558684000.0
2011-11-10,11.90734115759875,11.912739667767466,11.461074727996936,11.553147315979004,744752400.0
2011-11-11,11.594835876138788,11.65751738311686,11.404392817936952,11.535154342651367,653786000.0
2011-11-14,11.50216263476918,11.55404791742943,11.342610665590955,11.374401092529297,432905200.0
2011-11-15,11.420589577475823,11.681511218720434,11.380101943708713,11.661417961120604,430810800.0
2011-11-16,11.674014486432323,11.730697658097592,11.5261580520563,11.539654731750488,349210400.0
2011-11-17,11.51596060288499,11.533955641505475,11.261637130493767,11.318920135498049,479900400.0
2011-11-18,11.364204333032315,11.396294277995477,11.243040164746793,11.244839668273926,371938000.0
2011-11-21,11.108682123312166,11.147071537714728,10.974022859415856,11.06699562072754,447980400.0
2011-11-22,11.1272782327946,11.334516705484615,11.124878894127734,11.291929244995115,409021200.0
2011-11-23,11.231943723849517,11.271832318622216,11.003112062177362,11.0064115524292,428271200.0
2011-11-25,11.049300167287765,11.13117558857662,10.896345546729645,10.903843879699709,254760800.0
2011-11-28,11.16716356183051,11.29822460449461,11.106581875613871,11.280229568481444,346413200.0
2011-11-29,11.271832116116052,11.361505372264476,11.102682790377909,11.192655563354492,375855200.0
2011-11-30,11.435282738104794,11.464973342998848,11.345608686413405,11.462574005126951,405938400.0
2011-12-01,11.472773347577016,11.666515112066817,11.419089353873249,11.634425163269045,387181200.0
2011-12-02,11.691409015158166,11.805375194343188,11.653920551387374,11.68751049041748,379055600.0
2011-12-05,11.801177343621026,11.88875160682364,11.708205369046096,11.786781311035156,357210000.0
2011-12-06,11.771787645769589,11.835369329744422,11.677916308408482,11.725001335144045,283598000.0
2011-12-07,11.69440841054524,11.724699660050838,11.599336620311329,11.66921615600586,304746400.0
2011-12-08,11.73999116383616,11.861454837776543,11.703402062998226,11.71629810333252,376356400.0
2011-12-09,11.781983211548049,11.817672173721204,11.727399056539564,11.805075645446776,296993200.0
2011-12-12,11.74689123428779,11.813471270430558,11.680011681281083,11.751689910888672,301067200.0
2011-12-13,11.786476796814185,11.858456128377936,11.609529642206192,11.66081428527832,338928800.0
2011-12-14,11.597537853276789,11.617932232742868,11.327018814785191,11.40229606628418,406887600.0
2011-12-15,11.49646803498379,11.508764245199693,11.345912737371552,11.36480712890625,256200000.0
2011-12-16,11.407391321155483,11.521057154708156,11.383698259085934,11.42718505859375,421478400.0
2011-12-19,11.47067607797362,11.542054802281076,11.410992928504726,11.462878227233888,235530400.0
2011-12-20,11.629327147661602,11.879453383790509,11.614332082728769,11.874954223632812,337215200.0
2011-12-21,11.897147967386696,11.915443325082055,11.75678985924907,11.8899507522583,262948000.0
2011-12-22,11.906441769633572,11.97032374363977,11.87945081875188,11.95292854309082,202358800.0
2011-12-23,11.987120233066094,12.104085577129643,11.981121887086331,12.096287727355955,269399200.0
2011-12-27,12.089393786979617,12.26903990024297,12.086993646994548,12.192262649536133,265076000.0
2011-12-28,12.203053107452307,12.243840249142398,12.036602648188738,12.075591087341309,228662000.0
2011-12-29,12.098386834201929,12.165867025684005,12.011713537142423,12.14997100830078,215978000.0
2011-12-30,12.101683617353364,12.1847594954045,12.101084583692764,12.146370887756348,179662000.0
2012-01-03,12.278335702975562,12.371307676590316,12.2663390092779,12.333218574523926,302220800.0
2012-01-04,12.296329770977673,12.436688691879752,12.27473652206442,12.39949893951416,260022000.0
2012-01-05,12.444784923496291,12.552751959049,12.37640457301365,12.53715705871582,271269600.0
2012-01-06,12.589339510675469,12.67871245581814,12.57284446102311,12.66821575164795,318292800.0
2012-01-09,12.76119153186434,12.828670932426732,12.636727835704786,12.64812469482422,394024400.0
2012-01-10,12.77348296283516,12.77618261852515,12.641222257745468,12.69340705871582,258196400.0
2012-01-11,12.676616573446893,12.681715569114726,12.575547223632585,12.672718048095703,215084800.0
2012-01-12,12.664618342023882,12.683212414517078,12.558749533026113,12.63792610168457,212587200.0
2012-01-13,12.587242996524225,12.609735595290228,12.556051593806204,12.590540885925291,226021600.0
2012-01-17,12.72220200902999,12.775886812275036,12.68501305984986,12.737197875976562,242897200.0
2012-01-18,12.804976225161154,12.88025346707405,12.785182483753246,12.869457244873049,276791200.0
2012-01-19,12.90065001948229,12.937238335399316,12.791482503903907,12.8286714553833,261738400.0
2012-01-20,12.82086929533752,12.821168812170626,12.588738143750016,12.605233192443848,413974400.0
2012-01-23,12.676312424455672,12.849661396022343,12.665215886344049,12.818470001220703,306062400.0
2012-01-24,12.749193227109702,12.749193227109702,12.582742725342284,12.608534812927246,547638000.0
2012-01-25,13.629131635053486,13.629431151977856,13.307927763324432,13.395801544189451,958314000.0
2012-01-26,13.446783409028464,13.459678650575432,13.290230595802324,13.334917068481444,323985200.0
2012-01-27,13.326221240847444,13.450384610339562,13.309127154664464,13.414395332336426,299709200.0
2012-01-30,13.36730691037354,13.612933959897964,13.357710358154822,13.586241722106934,379341200.0
2012-01-31,13.66361728809414,13.743093362036634,13.58803973821404,13.690309524536133,391683600.0
2012-02-01,13.748190929316824,13.765585327204173,13.662417007064224,13.681610107421877,270046000.0
2012-02-02,13.672916483441243,13.711004779013292,13.615333963924398,13.649523735046388,186796400.0
2012-02-03,13.714904626441747,13.795879892707864,13.662719818501714,13.786282539367676,286599600.0
2012-02-06,13.747294330659592,13.945234941649982,13.74189662015938,13.91494369506836,249412800.0
2012-02-07,13.953331485569828,14.088291851011656,13.93323662857984,14.060699462890623,316223600.0
2012-02-08,14.110790953118356,14.299433792539256,14.086797561076404,14.296135902404783,407890000.0
2012-02-09,14.418491981298532,14.8980488599067,14.412493636207294,14.79068088531494,884214800.0
2012-02-10,14.724405225109592,14.924144565669566,14.652125547298358,14.798182487487791,631302000.0
2012-02-13,14.981426266401876,15.11038830753046,14.908248044246244,15.07349967956543,517216000.0
2012-02-14,15.135278748237187,15.28223421180894,15.055503153968868,15.27923583984375,460398400.0
2012-02-15,15.423197278606215,15.783988659887564,14.902252426543528,14.925646781921388,1506120000.0
2012-02-16,14.740593424493674,15.14217335103124,14.594536549065772,15.061797142028809,944552000.0
2012-02-17,15.088795534443443,15.228554610556865,15.004520765097904,15.059104919433594,535805200.0
2012-02-21,15.201861415748535,15.440890312194824,15.119085837845605,15.440890312194824,605595200.0
2012-02-22,15.387803978244817,15.460082043184451,15.26753914679382,15.386604309082031,483302400.0
2012-02-23,15.4477859342519,15.530261988454004,15.280436089201144,15.48707389831543,568027600.0
2012-02-24,15.585444771654512,15.682315251741109,15.554554492571343,15.667619705200195,415072000.0
2012-02-27,15.634630008631513,15.85026613745096,15.483776015043672,15.768091201782228,547582000.0
2012-02-28,15.83407147534739,16.057504653930664,15.770790127567158,16.057504653930664,600387200.0
2012-02-29,16.241955656124812,16.42340208528742,16.066208058173675,16.268346786499023,952011200.0
2012-03-01,16.44018487574803,16.441386146280156,16.158269105575165,16.3292179107666,683270000.0
2012-03-02,16.322329655876448,16.399105298764066,16.27074386853382,16.350521087646484,431712400.0
2012-03-05,16.35771922183831,16.419499797603045,15.775291701189085,15.990029335021973,809124400.0
2012-03-06,15.705110750829691,16.005920213823778,15.481977070513365,15.903051376342772,810238800.0
2012-03-07,16.099192987886273,16.128584083741828,15.694313424259112,15.915947914123535,798520800.0
2012-03-08,16.035909066145432,16.284834790355987,15.958832331099297,16.254844665527344,516457200.0
2012-03-09,16.321429566445797,16.427298395736166,16.288439456655887,16.350221633911133,418919200.0
2012-03-12,16.46449088644131,16.555065155029297,16.405108032493413,16.555065155029297,407282400.0
2012-03-13,16.721200210304076,17.040304076785528,16.66751463542931,17.037904739379883,690855200.0
2012-03-14,17.33632687895278,17.83627670214628,17.25684917942025,17.6821231842041,1418844000.0
2012-03-15,17.98293552892934,17.99493222515855,17.351324688564798,17.561561584472656,1159718000.0
2012-03-16,17.536357031756822,17.67071673809508,17.334817472249433,17.56184959411621,825487600.0
2012-03-19,17.94574487728953,18.04771357767077,17.66622830079092,18.02762031555176,901236000.0
2012-03-20,17.979929231054836,18.20156208984808,17.739101666754934,18.17337226867676,816662000.0
2012-03-21,18.07679907327244,18.284037497359723,18.03691207940871,18.06960105895996,644042000.0
2012-03-22,17.928043533837133,18.12958473366685,17.860564150948907,17.974830627441406,623870800.0
2012-03-23,18.009315886532008,18.04860383841682,17.826669915751282,17.876155853271484,430488800.0
2012-03-26,17.98832996990557,18.20906593698832,17.852472615326754,18.20396614074707,595742000.0
2012-03-27,18.17997209307607,18.482881372469954,18.176373085309503,18.428897857666016,607129600.0
2012-03-28,18.54585958604332,18.6379329901062,18.30383234645508,18.523067474365234,655460400.0
2012-03-29,18.37790318805232,18.491269471388296,18.211453569796088,18.290328979492188,608238400.0
2012-03-30,18.25764714469633,18.31133114046444,17.932844314794306,17.981130599975586,731038000.0
2012-04-02,18.049506419284537,18.55755421116744,18.00601881990557,18.553356170654297,598351600.0
2012-04-03,18.81337610826882,18.960634266356365,18.669720160315592,18.873958587646484,834559600.0
2012-04-04,18.72491068318047,18.770197001250796,18.50447583806673,18.723711013793945,572980800.0
2012-04-05,18.80378769972825,19.03411941631396,18.69641969242944,19.004728317260746,641298000.0
2012-04-09,18.778284779092964,19.18946202405579,18.75339285436752,19.081193923950195,597536800.0
2012-04-10,19.19217278687778,19.31423635218704,18.774397905560477,18.847576141357425,889725200.0
2012-04-11,19.080302580288706,19.100395837712583,18.69461614789237,18.780391693115234,696614800.0
2012-04-12,18.744397277048137,18.93424127634307,18.6094369285656,18.67751693725586,614336800.0
2012-04-13,18.71771080152348,18.73540632363498,18.099895544284127,18.151479721069336,859644800.0
2012-04-16,18.296337781957877,18.302935162367337,17.34232357983922,17.398706436157227,1050786800.0
2012-04-17,17.363016401228066,18.294536345567025,17.152178936041413,18.285539627075195,1025528000.0
2012-04-18,18.40610439677757,18.60194680164173,18.07590223682284,18.244752883911133,954531200.0
2012-04-19,18.001224511783708,18.13648441688541,17.53036474172192,17.617938995361328,834719200.0
2012-04-20,17.736096118329062,17.833267682718983,17.10748412582199,17.184261322021484,1030985200.0
2012-04-23,17.113192663858854,17.294938573397552,16.693617501702633,17.14588165283203,966529200.0
2012-04-24,16.873259690345957,17.025614465278785,16.64502784565048,16.803380966186523,1076149200.0
2012-04-25,18.46368675302784,18.53446563774892,18.174572867837103,18.29453659057617,905777600.0
2012-04-26,18.42259779054118,18.435195118159644,18.058506992712893,18.225557327270508,536068400.0
2012-04-27,18.146677995643262,18.17996760800039,18.00961781913133,18.0845947265625,406722400.0
2012-04-30,17.928644650011872,17.946639686496088,17.484776693567504,17.51416778564453,506144800.0
2012-05-01,17.54176000343668,17.89745307847841,17.43169316764938,17.45868492126465,610999200.0
2012-05-02,17.402003458277054,17.616739450667513,17.360615669667023,17.57415199279785,427389200.0
2012-05-03,17.709719655251657,17.73671142286292,17.4038102861653,17.44939613342285,390549600.0
2012-05-04,17.307234880172768,17.345622699422115,16.95004092303181,16.95244026184082,529992400.0
2012-05-07,16.83996964190542,17.177968799935083,16.83187147512503,17.07929801940918,460118400.0
2012-05-08,17.082306283515223,17.13988883148141,16.756904263338907,17.040319442749023,497252000.0
2012-05-09,16.90595118262499,17.214259756432735,16.820476755300568,17.070301055908203,480704000.0
2012-05-10,17.23225098843059,17.27123943111419,17.048107397992332,17.11048698425293,333200000.0
2012-05-11,16.944934992651163,17.228950588151097,16.925440774151316,16.996219635009766,399546000.0
2012-05-14,16.872061260105284,17.020216403147373,16.723005964733012,16.741600036621094,352626400.0
2012-05-15,16.838471827840976,16.891555187275703,16.547557655770184,16.590145111083984,476336000.0
2012-05-16,16.61652929131158,16.70170415815415,16.226345497507403,16.377500534057617,560896000.0
2012-05-17,16.35441787831851,16.420098573732044,15.89885425567627,15.89885425567627,717220000.0
2012-05-18,16.014014701531337,16.297429695731463,15.660720990161872,15.906646728515623,732292400.0
2012-05-21,16.03020997947185,16.84116695022991,16.016712502831798,16.8333683013916,631106000.0
2012-05-22,17.081400526395893,17.211262735853868,16.572454001243333,16.70411491394043,694870400.0
2012-05-23,16.720005738135033,17.178870394219256,16.59194545669852,17.111690521240234,584897600.0
2012-05-24,17.270943510283004,17.28983870189029,16.83187416342184,16.954538345336914,496230000.0
2012-05-25,16.932635234278017,16.970423994491583,16.749089141086237,16.86365509033203,328507200.0
2012-05-29,17.121884833900523,17.214856782365004,16.95423548948787,17.16297149658203,380508800.0
2012-05-30,17.070900477902992,17.39450360954806,16.991723919005107,17.369911193847656,529429600.0
2012-05-31,17.416994586324876,17.43978829710572,17.13867938947206,17.326723098754883,491674400.0
2012-06-01,17.069707634492904,17.17437680319392,16.810585412080155,16.82468032836914,520987600.0
2012-06-04,16.839972795157042,17.019918387252638,16.450089878102578,16.923646926879883,556995600.0
2012-06-05,16.833066814145248,16.989020552325957,16.744893561260852,16.879852294921875,388214400.0
2012-06-06,17.028019621714495,17.210364585273258,16.959939577126985,17.138687133789062,401455600.0
2012-06-07,17.313532829236564,17.314431380023258,17.109893351481503,17.146482467651367,379766800.0
2012-06-08,17.142882181332713,17.412202337957027,17.064905277164943,17.404403686523438,347516400.0
2012-06-11,17.626336545053256,17.649729294424144,17.113789473712448,17.129985809326172,591264800.0
2012-06-12,17.228650952186822,17.293429866619004,16.99592000065533,17.279634475708008,435380400.0
2012-06-13,17.230446817464486,17.349210810524692,17.10628351462794,17.15966796875,293580000.0
2012-06-14,17.13208610730103,17.199866626845942,17.012723007484272,17.140783309936523,345573200.0
2012-06-15,17.124885516057855,17.233453176757756,17.081397907724455,17.21875762939453,335255200.0
2012-06-18,17.123686080977777,17.631432818348248,17.10599056116279,17.568151473999023,440412000.0
2012-06-19,17.496766320912837,17.694706837245217,17.487769607149996,17.61703109741211,361404400.0
2012-06-20,17.641032340170188,17.672223740898396,17.41879881548917,17.56695556640625,358943200.0
2012-06-21,17.557960786032062,17.64133541378459,17.318031690987592,17.32493019104004,326351200.0
2012-06-22,17.366012370690626,17.46048350771463,17.25744472156211,17.45778465270996,284471600.0
2012-06-25,17.313833236938837,17.388811778099118,17.10599570640181,17.117992401123047,304382400.0
2012-06-26,17.13477434602517,17.22954656721852,17.01481068499865,17.15576934814453,276536400.0
2012-06-27,17.24485155735102,17.29703637404479,17.152480219345843,17.229856491088867,202997200.0
2012-06-28,17.14497804951006,17.21485676922394,16.963232193531013,17.0664005279541,282836400.0
2012-06-29,17.334825212672047,17.514772415161133,17.222359011963746,17.514772415161133,421500800.0
2012-07-02,17.536664603853392,17.79878513354247,17.50277434716425,17.770294189453125,400092000.0
2012-07-03,17.841071686899966,17.994626139188192,17.814680566524945,17.976930618286133,241712800.0
2012-07-05,18.011417367816193,18.4246945344802,17.984126098974848,18.292734146118164,484383200.0
2012-07-06,18.207262416757903,18.24775005074698,18.042012390097536,18.17097282409668,418930400.0
2012-07-09,18.15358040345674,18.411502901306704,18.117891442343083,18.41120338439941,379405600.0
2012-07-10,18.53356943160797,18.59055293280472,18.153882838888173,18.24085807800293,511957600.0
2012-07-11,18.178169292236557,18.224355751384863,17.91125012715998,18.127485275268555,469322000.0
2012-07-12,18.00182561706331,18.098696108656288,17.775092927762405,17.961637496948242,428041600.0
2012-07-13,18.083099684078608,18.2102598065818,17.994625287146572,18.14368057250977,311427200.0
2012-07-16,18.148182150533604,18.343122803908606,18.145182176466182,18.201866149902344,301260400.0
2012-07-17,18.31823290380206,18.33952743645561,18.08910084939913,18.202768325805664,293624800.0
2012-07-18,18.19226610191499,18.244750424224467,18.1013923680725,18.18236923217773,252700000.0
2012-07-19,18.332921912010583,18.45498542911588,18.17456880828095,18.424095153808597,436861600.0
2012-07-20,18.38540375532755,18.427691681228385,18.10558780748737,18.12358283996582,397471200.0
2012-07-23,17.826679104264493,18.17157685402189,17.62603959978139,18.109495162963867,487975600.0
2012-07-24,18.215963529240756,18.28494372179569,17.94994283495344,18.0222225189209,565132400.0
2012-07-25,17.228659121034028,17.418801117750373,17.094898383542972,17.243953704833984,877312800.0
2012-07-26,17.387607746448815,17.40680245495541,17.105693473731357,17.241252899169922,406632800.0
2012-07-27,17.245146440621014,17.569649679913837,17.142577149220056,17.5495548248291,403936400.0
2012-07-30,17.722302624994732,17.97782568229587,17.629329090320656,17.845565795898438,379142400.0
2012-07-31,18.091496884902835,18.34552243384081,18.07620230384375,18.31732940673828,462327600.0
2012-08-01,18.47179085117797,18.48648640392292,18.084605080845588,18.198871612548828,384501600.0
2012-08-02,18.07980156437809,18.315229841431343,18.002124183710063,18.228256225585938,332158400.0
2012-08-03,18.403404845275,18.5338660707204,18.34132316406075,18.465486526489254,344920800.0
2012-08-06,18.5131710356798,18.740504355569087,18.45229062387288,18.67092514038086,302103200.0
2012-08-07,18.67752638531662,18.744406758940457,18.535669070182458,18.62174415588379,290446800.0
2012-08-08,18.57614968878749,18.710810537655803,18.5074706377298,18.590246200561523,244706000.0
2012-08-09,18.60952835316276,18.72639431034981,18.608022729973765,18.696273803710938,221642400.0
2012-08-10,18.635431170710746,18.727295088674897,18.63513036781349,18.725488662719727,194938800.0
2012-08-13,18.77639163987187,18.975482940673828,18.77217396508495,18.975482940673828,278832400.0
2012-08-14,19.031799216934097,19.234807305799784,18.98180000592484,19.026376724243164,340169200.0
2012-08-15,19.014637689860816,19.095960631958125,18.90771272334661,19.00048065185547,257342400.0
2012-08-16,19.011924523402705,19.179088861069367,18.99053856802046,19.166439056396484,254534000.0
2012-08-17,19.27668286345191,19.52336377253159,19.24084066816445,19.52095413208008,442761200.0
2012-08-20,19.57817911316788,20.03419303894043,19.57486545594155,20.03419303894043,613384800.0
2012-08-21,20.20497356417612,20.327260394745803,19.587817722128047,19.760404586791992,812719600.0
2012-08-22,19.711010871683705,20.150157405467866,19.52095489719371,20.146242141723636,565322800.0
2012-08-23,20.06310622094464,20.1772600987554,19.913711760952577,19.958290100097656,420128800.0
2012-08-24,19.864316624535657,20.16461118056153,19.745042658717686,19.97606086730957,437340400.0
2012-08-27,20.48116953065813,20.507675570705203,20.28689753317027,20.351354598999023,427008400.0
2012-08-28,20.33027287638504,20.364007842139344,20.200456314241727,20.324851989746094,267416800.0
2012-08-29,20.338401816031865,20.41129101127644,20.25858450382487,20.284788131713867,202806800.0
2012-08-30,20.199548128506247,20.22695657391411,19.96491388415988,19.995635986328125,302699600.0
2012-08-31,20.097447403077773,20.13810888021074,19.796248773944143,20.03690719604492,338321200.0
2012-09-04,20.052560782666408,20.335083765699665,20.014609766139596,20.32996368408203,367892000.0
2012-09-05,20.34803421994304,20.371527397938152,20.16821851331096,20.18719482421875,336375200.0
2012-09-06,20.275748529058458,20.42996223552002,20.204364971619796,20.36911964416504,391196400.0
2012-09-07,20.42273207753105,20.556164657021466,20.35406056964055,20.49472045898437,329666400.0
2012-09-10,20.495022768863688,20.580561759368056,19.94232414010805,19.96160125732422,487998000.0
2012-09-11,20.03298821751727,20.18328509272132,19.77365593385995,19.896846771240234,503983200.0
2012-09-12,20.085390727485677,20.17725622236067,19.75859181653665,20.17394256591797,712233200.0
2012-09-13,20.402261321237383,20.64713581988127,20.323949610140573,20.57123374938965,598360000.0
2012-09-14,20.78146295168558,20.992903204217143,20.71911312264266,20.82122039794922,600474000.0
2012-09-17,21.064291586509324,21.077845410705358,20.92152442383492,21.07724380493164,398031200.0
2012-09-18,21.080252162613917,21.154045374078304,20.97603764945547,21.141395568847656,373503200.0
2012-09-19,21.091695606364887,21.204041431004747,21.07091286740628,21.14711570739746,326874800.0
2012-09-20,21.05856478407885,21.085674036530783,20.8917012467948,21.04471015930176,336568400.0
2012-09-21,21.15645058121059,21.236568678503676,21.064585089685146,21.086572647094727,571589200.0
2012-09-24,20.68808570765309,20.93687532109105,20.571823030961816,20.806455612182617,639766400.0
2012-09-25,20.730256264779644,20.86639929169645,20.270627973247358,20.28689384460449,518789600.0
2012-09-26,20.1423113827648,20.2612844781964,19.915208566016755,20.035085678100582,576503200.0
2012-09-27,20.008294734900897,20.546836541617783,19.88962234794608,20.5212345123291,594090000.0
2012-09-28,20.44382140054505,20.51490417099203,20.08238344839335,20.092926025390625,535110800.0
2012-10-01,20.215204604121947,20.38357532659158,19.77364868071089,19.860694885253903,543594800.0
2012-10-02,19.93358895476649,20.070333598780625,19.5974522498958,19.918529510498047,627992400.0
2012-10-03,20.025453781845854,20.236292411810844,19.95828628739381,20.22394180297852,424281200.0
2012-10-04,20.217921611006915,20.30828150090127,20.04624039392188,20.08388900756836,370725600.0
2012-10-05,20.035694785140404,20.05978957251383,19.616427147131613,19.6558837890625,594006000.0
2012-10-08,19.483901108302977,19.50438304582481,19.159510198980502,19.2215576171875,637994000.0
2012-10-09,19.236015775302704,19.29143588094739,18.781206728482843,19.15167999267578,838597200.0
2012-10-10,19.268848008042795,19.42667621819717,19.186320247084247,19.304088592529297,510356000.0
2012-10-11,19.4724588968091,19.49354244297468,18.91825294494629,18.91825294494629,546081200.0
2012-10-12,18.962226899626607,19.1375241811159,18.83391759623897,18.966745376586918,460014800.0
2012-10-15,19.046262315015117,19.129994890666445,18.79024369957557,19.11885070800781,432502000.0
2012-10-16,19.137226965800917,19.58691604336197,19.00560237215813,19.57155418395996,549771600.0
2012-10-17,19.54384015577724,19.661909287165024,19.39715615002627,19.415529251098636,389037600.0
2012-10-18,19.264331462446112,19.338726287133845,18.97548188138812,19.05499839782715,476624400.0
2012-10-19,19.00710407858667,19.028789226900614,18.361635931295076,18.368263244628903,744086000.0
2012-10-22,18.4459736908657,19.13752426006517,18.395974466965157,19.09686279296875,546730800.0
2012-10-23,19.005593903863865,19.092942523504085,18.42428370881687,18.47428131103516,707145600.0
2012-10-24,18.717645994755724,18.871557246873486,18.392351196666564,18.578792572021484,558527200.0
2012-10-25,18.674283252030936,18.73452425568273,18.239052054218742,18.359230041503903,656325600.0
2012-10-26,18.355919389176982,18.49356809434117,17.80081252465092,18.19236946105957,1018432800.0
2012-10-31,17.917672349635964,18.13092065791556,17.7014127957269,17.930925369262695,510003200.0
2012-11-01,18.018271267485705,18.16224322292149,17.896286872900976,17.967670440673828,361298000.0
2012-11-02,17.948093041347594,17.98001996507705,17.31136099236046,17.373106002807617,599373600.0
2012-11-05,17.575505123360344,17.703513578864836,17.3971950504432,17.6086368560791,529135600.0
2012-11-06,17.777619400417937,17.79297965179903,17.47220471312352,17.555334091186523,374917200.0
2012-11-07,17.362893933982846,17.384073775708128,16.815537145402605,16.883617401123047,793648800.0
2012-11-08,16.963187069485844,17.011599965268616,16.196466415580343,16.270898818969727,1056146000.0
2012-11-09,16.3516902391191,16.789211377943264,16.148965233039164,16.55259895324707,929913600.0
2012-11-12,16.767127265474258,16.77771799519155,16.298137629133063,16.42461395263672,515802000.0
2012-11-13,16.306008020371955,16.656085500946944,16.2288511330389,16.426734924316406,532949200.0
2012-11-14,16.505396258483948,16.56439827014197,16.223397571427917,16.244577407836914,477170400.0
2012-11-15,16.264251858255392,16.323858249291064,15.81311484335822,15.903885841369627,789910800.0
2012-11-16,15.891178625188132,16.036414164472397,15.30267235270149,15.966217041015623,1266893600.0
2012-11-19,16.36046792619889,17.171062703107985,16.335354937910797,17.117507934570312,823317600.0
2012-11-20,17.304496723611184,17.305707046369633,16.780136103920814,16.971664428710938,642754000.0
2012-11-21,17.072726095407948,17.167128041629624,16.841255496562038,16.995569229125977,373002000.0
2012-11-23,17.16107755421872,17.307221213526503,17.022801801558103,17.292091369628906,272826400.0
2012-11-26,17.42522677647807,17.851855123355914,17.358962805277766,17.837635040283203,630579600.0
2012-11-27,17.83823796672233,17.864562893404646,17.552306053294323,17.693910598754883,533330000.0
2012-11-28,17.466674673449994,17.724770743275215,17.315085387693557,17.638235092163086,520864400.0
2012-11-29,17.85850985418827,17.98044543113481,17.70813088380406,17.832487106323242,514698800.0
2012-11-30,17.75473390403096,17.803449014197227,17.630376009441935,17.70904541015625,391319600.0
2012-12-03,17.96229537262914,17.9907371551638,17.71569650520772,17.736574172973633,364280000.0
2012-12-04,17.60373708588559,17.60373708588559,17.31114929208683,17.4237060546875,557068400.0
2012-12-05,17.213730043943766,17.224016982964052,16.30177173125923,16.302377700805664,1044638000.0
2012-12-06,16.00434136891508,16.741712532130514,15.6923866522819,16.55805206298828,1177212400.0
2012-12-07,16.744430526580775,16.798893428730096,16.036407950885394,16.13474464416504,787040800.0
2012-12-10,15.88512243095288,16.29389964614613,15.781642260234156,16.030963897705078,630484400.0
2012-12-11,16.332027115315913,16.62824760359093,16.259409352774096,16.381044387817383,592345600.0
2012-12-12,16.574087560621344,16.58104732267516,16.226128544467926,16.308731079101562,487144000.0
2012-12-13,16.071201184179888,16.267572365590468,15.909323384585011,16.02702522277832,625259600.0
2012-12-14,15.574986402298968,15.677256265420969,15.297526739837878,15.424909591674805,1009579200.0
2012-12-17,15.398887202287584,15.733836368348136,15.16590571429088,15.698434829711914,757607200.0
2012-12-18,15.885122074524192,16.184669675264832,15.741399079778065,16.1544132232666,625685200.0
2012-12-19,16.080892124666207,16.14836642429854,15.900255041164428,15.924763679504396,449369200.0
2012-12-20,16.03641155625741,16.042463170736557,15.699949870808954,15.78618335723877,481689600.0
2012-12-21,15.505999486578691,15.723852763219968,15.438525196100246,15.713565826416016,596268400.0
2012-12-24,15.744425646092578,15.8624280708081,15.694802414862329,15.738978385925291,175753200.0
2012-12-26,15.703583044240633,15.717502568888484,15.465155839426885,15.522039413452148,302436400.0
2012-12-27,15.538376429074882,15.620374605154476,15.269691171124023,15.584368705749512,455120400.0
2012-12-28,15.440034258100766,15.566812713918129,15.374374665523694,15.418852806091309,354278400.0
2012-12-31,15.447301528896071,16.19980413738974,15.401008691678904,16.10207176208496,659492400.0
2013-01-02,16.75714458982828,16.79284831308343,16.388307919068655,16.612211227416992,560518000.0
2013-01-03,16.577412562543035,16.631573298883104,16.369241877248726,16.402524948120117,352965200.0
2013-01-04,16.247302821671024,16.297530406940872,15.910235213441185,15.945636749267578,594333600.0
2013-01-07,15.79434764382884,16.01522585813321,15.588597653758448,15.851837158203123,484156400.0
2013-01-08,16.01250381168982,16.093593812252752,15.771656071187184,15.89449977874756,458707200.0
2013-01-09,15.809477315043113,15.885423851664411,15.612501741636729,15.646088600158691,407604400.0
2013-01-10,15.99254084183178,15.997684311152142,15.598287373955166,15.840044975280762,601146000.0
2013-01-11,15.764091175891156,15.89480278204098,15.704181016439987,15.742911338806152,350506800.0
2013-01-14,15.209779567536271,15.355621060027968,15.08360703504157,15.181641578674316,734207600.0
2013-01-15,15.077251349699804,15.09812901411336,14.625810638795812,14.702665328979492,876772400.0
2013-01-16,14.966505703932746,15.414315340711878,14.901755873006014,15.312952041625977,690804800.0
2013-01-17,15.440642466041066,15.45395601705358,15.190112106115205,15.20977783203125,453678400.0
2013-01-18,15.083906869784329,15.195859302085786,15.019761378919029,15.12868881225586,472922800.0
2013-01-22,15.266665045303908,15.367118620898877,15.026723766034312,15.273018836975098,461546400.0
2013-01-23,15.39525734551787,15.582248195605722,15.273017963255857,15.55259609222412,861509600.0
2013-01-24,13.91839827318199,14.091773433387807,13.623388056921923,13.630953788757324,1460852400.0
2013-01-25,13.666954284429854,13.804321871602482,13.161958043398052,13.309614181518556,1208026400.0
2013-01-28,13.247590653304147,13.71294854439519,13.187983456337582,13.610678672790527,785517600.0
2013-01-29,13.873005710991691,13.924443615150688,13.679963290014491,13.866045951843262,571158000.0
2013-01-30,13.82762080844698,13.997062762954402,13.751978059849383,13.822477340698242,417155200.0
2013-01-31,13.82701790803804,13.896609050150625,13.766503379617149,13.781933784484863,319334400.0
2013-02-01,13.891465466305634,13.902660548935678,13.565896692060472,13.72535228729248,539484400.0
2013-02-04,13.734127372585691,13.795550049540225,13.3737622026009,13.383444786071776,477117200.0
2013-02-05,13.43578742191285,13.910526400685532,13.380416370421392,13.853036880493164,573347600.0
2013-02-06,13.811583959776964,14.115064705673875,13.693882095360912,13.838211059570312,593706400.0
2013-02-07,14.098420366894182,14.303846570817578,13.820559443419793,14.249675750732422,704580800.0
2013-02-08,14.425581278010895,14.571967142047267,14.250586254159185,14.455406188964844,633158400.0
2013-02-11,14.501666154766523,14.758527737611889,14.40275796446513,14.606053352355955,517490400.0
2013-02-12,14.593273806687538,14.680619370005392,14.235069228933623,14.239938735961914,609053200.0
2013-02-13,14.218938407716506,14.41462723817829,14.09750792895314,14.212851524353027,475207600.0
2013-02-14,14.13707330458323,14.35376149848548,14.121856907285675,14.200071334838867,355275200.0
2013-02-15,14.268851300066093,14.308720798226265,13.99707882606029,14.004383087158203,391745200.0
2013-02-19,14.03299010930036,14.082596995079204,13.81234584583798,13.999207496643066,435783600.0
2013-02-20,13.929211007897644,13.929211007897644,13.658654290801085,13.66017723083496,476302400.0
2013-02-21,13.573441726324964,13.669917630508838,13.476662696906198,13.575267791748049,447182400.0
2013-02-22,13.67234777761322,13.743865804914476,13.591697800937116,13.719823837280272,330654800.0
2013-02-25,13.812344882670264,13.850995374513946,13.469051961769289,13.476052284240724,372579200.0
2013-02-26,13.507095376466475,13.74204423535776,13.319624215301117,13.663829803466797,501499600.0
2013-02-27,13.647388421243896,13.769428366774315,13.41061522617341,13.529914855957031,587350400.0
2013-02-28,13.514093193797708,13.630349412152569,13.433444023132324,13.433444023132324,322515200.0
2013-03-01,13.329970369716516,13.335449377973475,13.085892823157115,13.100805282592772,552448400.0
2013-03-04,13.019544396439631,13.031718162354151,12.751728047663832,12.783683776855469,582755600.0
2013-03-05,12.827205663283811,13.244451393207177,12.804988943546354,13.12119483947754,638433600.0
2013-03-06,13.223753775310522,13.2462752404221,12.916981400539116,12.954415321350098,460250000.0
2013-03-07,12.919114529111852,13.14767253683572,12.814422570012184,13.104151725769045,468473600.0
2013-03-08,13.080413939528388,13.251755245093104,13.04419738804103,13.138846397399902,391482000.0
2013-03-11,13.07889271348719,13.360709758033009,12.93859287962297,13.326014518737791,474236000.0
2013-03-12,13.256928517156346,13.356750963878728,13.012545438415174,13.038718223571776,465911600.0
2013-03-13,13.039328701219825,13.22345164992328,12.945288380174006,13.036284446716309,405549200.0
2013-03-14,13.172624534338691,13.227709600615675,13.100192259694586,13.162582397460938,303875600.0
2013-03-15,13.327841248747925,13.519574043707632,13.30714584182026,13.502226829528809,643960800.0
2013-03-18,13.434966220753935,13.922209468866813,13.427358022593896,13.869256019592283,606197200.0
2013-03-19,13.984295469804549,14.029034475086064,13.649524964906137,13.83182430267334,526775200.0
2013-03-20,13.920992645119789,13.92738346606848,13.682695640396656,13.758475303649902,308660800.0
2013-03-21,13.701870778915929,13.938035360978445,13.69821864876015,13.778258323669434,383255600.0
2013-03-22,13.834555451292376,14.063415671483412,13.789818095739012,14.057634353637695,395105200.0
2013-03-25,14.14225191621082,14.302334585527962,14.053690566195058,14.108470916748049,501135600.0
2013-03-26,14.16507321100156,14.177246980577255,14.015644659134969,14.034209251403809,294294000.0
2013-03-27,13.89177560611326,13.902122494760098,13.717390061548931,13.758475303649902,331237200.0
2013-03-28,13.689698759178349,13.75056597754138,13.44014218868815,13.471793174743652,442839600.0
2013-04-01,13.448663269421104,13.503444417122203,13.017722412535656,13.053329467773438,389732000.0
2013-04-02,13.013458352059004,13.334228957865683,12.976937054242738,13.080107688903809,529519200.0
2013-04-03,13.128192011371029,13.30805574025124,13.095932345352148,13.147061347961426,363216000.0
2013-04-04,13.200931455904469,13.238668508328283,12.941939844910772,13.01711082458496,358447600.0
2013-04-05,12.91911596333412,12.932811859181816,12.772425304104988,12.879552841186523,383695200.0
2013-04-08,12.929768026214434,13.010417213199942,12.857945227981949,12.971158027648926,300829200.0
2013-04-09,12.97572127991772,13.040848493649335,12.865855067304734,12.994589805603027,306614000.0
2013-04-10,13.028674520536692,13.301361184153214,12.965067813613324,13.259666442871094,375928000.0
2013-04-11,13.19971348354401,13.329665604273549,13.123020375397523,13.218278884887695,328364400.0
2013-04-12,13.21279698991487,13.21279698991487,13.058802931577365,13.080410957336426,238613200.0
2013-04-15,12.995198219833425,13.022284443790117,12.76846710255108,12.777597427368164,317520000.0
2013-04-16,12.829943852181207,12.983329255984437,12.799510246765234,12.97206974029541,305771200.0
2013-04-17,12.790380767214431,12.800424532180406,12.115969458564177,12.258703231811523,945056000.0
2013-04-18,12.32535487462829,12.349701599359374,11.861240101307368,11.93154239654541,666299200.0
2013-04-19,11.807370129729104,12.16131466645346,11.720024575060275,11.88528060913086,609274400.0
2013-04-22,11.949495796734697,12.24044313883891,11.907802676504216,12.133010864257812,429920400.0
2013-04-23,12.294918500858564,12.428522746786433,12.137271471900222,12.360047340393066,664238400.0
2013-04-24,11.976886565814205,12.637601910134274,11.94523477221678,12.339655876159668,969651200.0
2013-04-25,12.515258162084852,12.59773339603428,12.386523429459706,12.428522109985352,384837600.0
2013-04-26,12.472042988370506,12.744728867946694,12.42456610971757,12.696948051452637,764097600.0
2013-04-29,12.795858014954067,13.196670764922342,12.782162933259066,13.090152740478516,640326400.0
2013-04-30,13.241715054484803,13.55061755734106,13.149500779364768,13.475445747375488,691538400.0
2013-05-01,13.526572563344953,13.54087633428051,13.220105677085664,13.369230270385742,506909200.0
2013-05-02,13.445006234532205,13.652259293321958,13.41000788050896,13.558829307556152,421828400.0
2013-05-03,13.735041515029655,13.793475594340649,13.669304801140775,13.694565773010254,361300800.0
2013-05-06,13.868951502734406,14.066467233295263,13.826344939689369,14.021121978759766,496641600.0
2013-05-07,14.150769337974909,14.174507374448128,13.807781122651557,13.958732604980469,483753200.0
2013-05-08,13.970295866216658,14.162942086440165,13.87199553465408,14.116377830505373,472598000.0
2013-05-09,14.08635170519824,14.1840772329233,13.95676488389166,13.993220329284668,398487600.0
2013-05-10,14.0299861279457,14.0832917154446,13.800528814482089,13.87681007385254,334852000.0
2013-05-13,13.832085943118347,14.027844671170763,13.831779993413829,13.931036949157717,316948800.0
2013-05-14,13.90376636845545,13.945123549763542,13.545334191597544,13.597721099853516,447118000.0
2013-05-15,13.453737556250871,13.510105906178207,12.939066527844313,13.137887954711914,741613600.0
2013-05-16,12.966025426620178,13.413605149851133,12.83306905624337,13.313427925109863,603204000.0
2013-05-17,13.450369165897564,13.48222964894841,13.204062526046949,13.272991180419922,427904400.0
2013-05-20,13.2316340080819,13.657156786048962,13.17618431681052,13.569233894348145,451578400.0
2013-05-21,13.422797199938977,13.647352775205364,13.301788395210028,13.469056129455566,456022000.0
2013-05-22,13.60354535852,13.73527713135634,13.424941936643693,13.520830154418944,443038400.0
2013-05-23,13.355400979470064,13.66818623519884,13.350499240639428,13.545032501220703,353021200.0
2013-05-24,13.505513267531056,13.652868107825928,13.490502101598612,13.63724422454834,276166800.0
2013-05-28,13.782763699956734,13.819831059515696,13.505515197023165,13.523589134216309,386145200.0
2013-05-29,13.47947395046672,13.709238059585712,13.461092429074526,13.631117820739746,330576400.0
2013-05-30,13.652557737246337,13.923679773617415,13.617633675836686,13.834224700927734,353519600.0
2013-05-31,13.862414105102497,14.00333748270367,13.7705097596641,13.77755641937256,384302800.0
2013-06-03,13.808186351217712,13.85812158082416,13.55544661688626,13.807880401611328,372352400.0
2013-06-04,13.88447188992258,13.921540886559532,13.705869252818111,13.764688491821287,292728800.0
2013-06-05,13.652561303278814,13.80788228668851,13.593129357054607,13.636018753051758,290589600.0
2013-06-06,13.647049714816257,13.69392137156192,13.2971962396123,13.432296752929688,416934000.0
2013-06-07,13.37224982926139,13.578730661985944,13.257980091892923,13.53492259979248,404535600.0
2013-06-10,13.624375392902458,13.75763771697179,13.381439132421104,13.44546604156494,450153200.0
2013-06-11,13.348966477687377,13.564024520341396,13.274828503577668,13.405946731567385,286112400.0
2013-06-12,13.464158071456191,13.517769620039784,13.219076005319211,13.240214347839355,265227200.0
2013-06-13,13.2497112827605,13.391857631311572,13.134828813772454,13.355708122253418,285832400.0
2013-06-14,13.33855222481974,13.365817739193528,13.12716881905356,13.174654006958008,271866000.0
2013-06-17,13.217235944778016,13.34774146762619,13.184150026055278,13.23439121246338,259414400.0
2013-06-18,13.22091424986263,13.323235608255242,13.179557049711551,13.227347373962402,195025600.0
2013-06-19,13.216010118507754,13.223975443790437,12.958675384521484,12.958675384521484,310940000.0
2013-06-20,12.845325864183229,13.049967737538225,12.71880259161478,12.769963264465332,357310800.0
2013-06-21,12.820508051852286,12.866767795355829,12.502209210878,12.667638778686523,481118400.0
2013-06-24,12.480768586865842,12.51936896702073,12.194329322863098,12.331881523132324,480746000.0
2013-06-25,12.428682906257174,12.492709800124974,12.218219074975789,12.334632873535156,314162800.0
2013-06-26,12.373543165562625,12.40080867713026,12.121109357430225,12.194940567016602,367724000.0
2013-06-27,12.231090031881983,12.296648330414962,12.056162919743237,12.063514709472656,337246000.0
2013-06-28,11.98937855152514,12.262337165995689,11.91309647174966,12.147762298583984,578516400.0
2013-07-01,12.336474086103104,12.629959114782231,12.291439775670272,12.536520957946776,391053600.0
2013-07-02,12.559192918113457,12.916704897002056,12.544181752286304,12.820509910583496,469865200.0
2013-07-03,12.893115465223143,12.958062684181469,12.788650023582228,12.891277313232422,240928800.0
2013-07-05,12.878718471621715,12.967560034756476,12.724316968957796,12.787731170654297,274024800.0
2013-07-08,12.87014011825737,12.897404813072608,12.58033054004636,12.71512508392334,298138400.0
2013-07-09,12.670704964698457,12.973992684669051,12.572059927394278,12.938762664794922,352584400.0
2013-07-10,12.854515197321916,13.013818432307634,12.81315800426086,12.889132499694824,281405600.0
2013-07-11,12.957143892800016,13.119510721817091,12.902613683583771,13.090100288391112,326292400.0
2013-07-12,13.10113005230925,13.16668917832063,12.97123723509221,13.066205978393556,279563200.0
2013-07-15,13.0202508992548,13.217846900206997,13.01381695893913,13.094693183898926,241917200.0
2013-07-16,13.066512347512608,13.194873784366598,12.994520095483855,13.179250717163086,216538000.0
2013-07-17,13.163932441015954,13.241133198162458,13.118592170969276,13.182619094848633,198990400.0
2013-07-18,13.276665891394014,13.3223120998426,13.191807414700934,13.22703742980957,218878800.0
2013-07-19,13.26808873751561,13.295047478842866,13.00003107227163,13.018412590026855,268721600.0
2013-07-22,13.156576683224174,13.16546067447102,13.03434245301366,13.060075759887695,207796400.0
2013-07-23,13.050581863408476,13.079991480179602,12.827251691313553,12.835829734802246,369395600.0
2013-07-24,13.446695208313072,13.620090152386524,13.334264422023232,13.495099067687988,591936800.0
2013-07-25,13.50091840755088,13.522362696760185,13.35111187859564,13.433520317077637,229493600.0
2013-07-26,13.335488407986997,13.51133420269761,13.306078792314906,13.50980281829834,200152400.0
2013-07-29,13.503979434270128,13.785516885008796,13.48559873418282,13.718119621276855,248057600.0
2013-07-30,13.784600208782733,14.004867613381878,13.762236432852658,13.887535095214844,309422400.0
2013-07-31,13.938692336809224,14.010683749937249,13.768360214875107,13.86332893371582,322957600.0
2013-08-01,13.96197776033206,13.994143375574378,13.885694860501284,13.990467071533203,206250800.0
2013-08-02,14.03120900804567,14.179483296703122,13.989851824549769,14.1699857711792,274783600.0
2013-08-05,14.23585606967879,14.41905447729663,14.158043416036357,14.38167953491211,318855600.0
2013-08-06,14.337869094673438,14.456427025703578,14.15865297070691,14.253009796142578,334857600.0
2013-08-07,14.208586221183548,14.30661933664721,14.146396652734651,14.244735717773438,298858000.0
2013-08-08,14.304255331710458,14.311656486666225,14.122004772994392,14.216368675231934,255777200.0
2013-08-09,14.143282316752266,14.199406916936526,13.989404502901614,14.014073371887209,266865200.0
2013-08-12,14.088392566442728,14.45196481627323,14.081299381564806,14.412185668945312,364434000.0
2013-08-13,14.522584077969322,15.254048404441184,14.4334622511259,15.097085952758787,881941200.0
2013-08-14,15.353343447930415,15.549777061309518,15.215191864682296,15.372462272644045,756372400.0
2013-08-15,15.308324151099264,15.49273216716715,15.081976251870396,15.354270935058594,490294000.0
2013-08-16,15.423353234599864,15.50939047241958,15.38357406377376,15.49057960510254,362306000.0
2013-08-19,15.552555883723638,15.84242790363671,15.54207173626259,15.657403945922852,510518400.0
2013-08-20,15.71816082952583,15.744680825208803,15.44401492370834,15.4517240524292,358688400.0
2013-08-21,15.529426724442342,15.639207231103464,15.455724790208428,15.491497039794922,335879600.0
2013-08-22,15.572286723545368,15.591097576423303,15.363208260455472,15.509994506835938,244207600.0
2013-08-23,15.519561931944736,15.522028984183104,15.398679666059367,15.450178146362305,222731600.0
2013-08-26,15.44184745348989,15.73326257162409,15.434138328956209,15.51030731201172,330965600.0
2013-08-27,15.357047850534515,15.496126686229832,14.996250516195172,15.06686782836914,424188800.0
2013-08-28,14.987003476638709,15.289210862519797,14.987003476638709,15.138106346130373,307608000.0
2013-08-29,15.16122782209174,15.310789120740289,15.145191986593456,15.162769317626951,239657600.0
2013-08-30,15.172022295823194,15.201317303133171,15.002416588165325,15.024620056152344,272297200.0
2013-09-03,15.20594302455653,15.43722337900255,15.02862819594106,15.066557884216309,331928800.0
2013-09-04,15.405151245457668,15.487795826974049,15.304003776983084,15.378321647644045,345032800.0
2013-09-05,15.42643108398779,15.439691899691343,15.222594626011034,15.272859573364258,236367600.0
2013-09-06,15.370612920164694,15.399598303696866,15.108802443410362,15.3638277053833,359525600.0
2013-09-09,15.572904731865597,15.66295046191283,15.52603240172304,15.60898494720459,340687200.0
2013-09-10,15.609912051710642,15.648459322296636,15.094927367773169,15.25343132019043,743195600.0
2013-09-11,14.40139468736226,14.607388589343316,14.333552404037924,14.422982215881348,898696400.0
2013-09-12,14.44734436671842,14.660121856644926,14.37055777806198,14.576553344726562,404051200.0
2013-09-13,14.4732427583138,14.550027678799545,14.330158709825424,14.33632469177246,298835600.0
2013-09-16,14.216063849470029,14.234873063854502,13.791123166381476,13.8805513381958,543706800.0
2013-09-17,13.813939284033507,14.176279666440667,13.79975456072648,14.040903091430664,399380800.0
2013-09-18,14.283285763807193,14.381040629433471,14.205575281649372,14.32954216003418,456862000.0
2013-09-19,14.515179555140392,14.673375495908688,14.470464667232172,14.564518928527832,404541200.0
2013-09-20,14.74029687284881,14.757256618780012,14.370247337792367,14.413728713989258,699302800.0
2013-09-23,15.29845043348349,15.323428913763369,14.882144624680976,15.130078315734863,762106800.0
2013-09-24,15.260827550366574,15.27902081537312,15.043116075075512,15.082587242126465,364344400.0
2013-09-25,15.08567661257647,15.099243749731388,14.846069573893676,14.84915256500244,316957200.0
2013-09-26,14.986998473847484,15.065940844729765,14.922239181740984,14.993782043457031,237221600.0
2013-09-27,14.91853994025252,14.945985484722309,14.824177662335607,14.886777877807615,228040400.0
2013-09-30,14.7171699597511,14.853162488811382,14.629591265105413,14.701751708984377,260156400.0
2013-10-01,14.754175877645896,15.08382872497561,14.752016795270023,15.047440528869627,353883600.0
2013-10-02,14.975587699596522,15.165853720712311,14.917613628140469,15.09677791595459,289184000.0
2013-10-03,15.12607633151562,15.182818536738525,14.824796203255683,14.90713119506836,322753200.0
2013-10-04,14.921004966083244,14.943824372775538,14.75880042043294,14.895410537719728,258868400.0
2013-10-07,15.00426320590246,15.192062130619336,14.966949467326357,15.040959358215332,312292400.0
2013-10-08,15.108494396218028,15.130081921604749,14.818624061817935,14.83095932006836,290917200.0
2013-10-09,14.94505864491296,15.04219593653574,14.748932949196066,15.005191802978516,301725200.0
2013-10-10,15.15105124661468,15.183737209308214,15.019065635581022,15.0992431640625,278602800.0
2013-10-11,15.01752470639565,15.228760650924064,14.96109213523163,15.196998596191406,267738800.0
2013-10-14,15.10510084274305,15.34409025446138,15.090298535383202,15.296600341796877,261898000.0
2013-10-15,15.341937198900103,15.48039844475913,15.280572157603707,15.37801742553711,320073600.0
2013-10-16,15.443087035691478,15.496744605641291,15.394981157473064,15.45295524597168,251101200.0
2013-10-17,15.418102367185991,15.566122168331072,15.408851747200767,15.557487487792969,253593200.0
2013-10-18,15.603432473524734,15.704270302662335,15.594797794889308,15.69286060333252,290542000.0
2013-10-21,15.781676205580276,16.16806951184083,15.773967081141908,16.077407836914062,398106800.0
2013-10-22,16.23313523074975,16.296043393006045,15.666342537263125,16.031457901000977,534063600.0
2013-10-23,16.004634865125237,16.21032247276975,16.004634865125237,16.188426971435547,313723200.0
2013-10-24,16.189657218573046,16.420013656168006,16.111022822900928,16.40274429321289,384764800.0
2013-10-25,16.38454869589967,16.443448321225066,16.193049156328822,16.219261169433594,337792000.0
2013-10-28,16.314237256379077,16.37468001639691,16.134455412435134,16.34014129638672,550440800.0
2013-10-29,16.537197813007396,16.62909303792545,15.86709998704667,15.933091163635254,635807200.0
2013-10-30,16.023446718785742,16.26737033408524,15.943577137382745,16.18657684326172,354163600.0
2013-10-31,16.18965746337639,16.26644239477007,16.074633227718163,16.118730545043945,275696400.0
2013-11-01,16.159433516991797,16.183486444414267,15.907183278407905,16.036392211914062,274890000.0
2013-11-04,16.06939377834281,16.245784723348034,15.998776465137274,16.24362564086914,244627600.0
2013-11-05,16.176707124420254,16.309616669884083,16.127983670489826,16.203535079956055,265213200.0
2013-11-06,16.257818724076124,16.279842062229875,16.073264972511797,16.15763282775879,223375600.0
2013-11-07,16.116064906929996,16.22803686180141,15.892738876307911,15.89614963531494,262620400.0
2013-11-08,15.960982486353236,16.164147171383085,15.899257501489624,16.146467208862305,279316800.0
2013-11-11,16.12878663884887,16.180895564180865,15.955709204717737,16.09963035583496,227452400.0
2013-11-12,16.056828013339615,16.250688081473626,16.0360470568695,16.129409790039062,204276800.0
2013-11-13,16.067051652887898,16.19887686495793,16.0347927413542,16.14862823486328,197220800.0
2013-11-14,16.21625197264825,16.4169351502449,16.187095695954632,16.3821964263916,282419200.0
2013-11-15,16.333186474000357,16.411039239283983,16.268360521478773,16.28386878967285,317920400.0
2013-11-18,16.28386791854732,16.352106282765533,16.07325895542881,16.08659553527832,244944000.0
2013-11-19,16.09900763594106,16.233933909374976,16.066129171629363,16.115137100219727,208938800.0
2013-11-20,16.105214583846497,16.142126664193647,15.953229511286644,15.974010467529297,193916800.0
2013-11-21,16.054645886928732,16.166619471647426,15.932748138856446,16.164447784423828,262026800.0
2013-11-22,16.11420156403115,16.196087933679458,16.083494796605123,16.122886657714844,223725600.0
2013-11-25,16.160734072146496,16.31116863117819,16.16011453633618,16.245101928710938,229311600.0
2013-11-26,16.256883202431545,16.62971444180468,16.253162675645957,16.54472541809082,401382800.0
2013-11-27,16.63499416040016,16.935553548725615,16.544732419611336,16.93431282043457,363448400.0
2013-11-29,17.043488932381035,17.31799292478545,16.991689787826108,17.247894287109375,318127600.0
2013-12-02,17.307756576081154,17.50409636305118,17.08505173798804,17.097768783569336,472544800.0
2013-12-03,17.31706810289216,17.567690244026775,17.29783764295342,17.565828323364258,450968000.0
2013-12-04,17.54039154302175,17.654846637867603,17.395229670551828,17.524883270263672,377809600.0
2013-12-05,17.76216547140333,17.839398716593333,17.56861687837731,17.614831924438477,447580000.0
2013-12-06,17.549384101575388,17.579161571610566,17.356456708099813,17.370412826538086,344352400.0
2013-12-09,17.397702283100884,17.666933513805215,17.397702283100884,17.569229125976562,320493600.0
2013-12-10,17.48083120431868,17.614206934504157,17.407008741507365,17.541934967041016,278269600.0
2013-12-11,17.586911325749377,17.710051470306833,17.360174567117113,17.411972045898438,359718800.0
2013-12-12,17.436168567875,17.53542347214336,17.370721423231675,17.386539459228516,262290000.0
2013-12-13,17.458190786318706,17.459121746262905,17.173451220894528,17.197023391723633,332822000.0
2013-12-16,17.215327856971783,17.451680742006758,17.215018089101488,17.29224967956543,282592800.0
2013-12-17,17.239833436992676,17.352426619502996,17.164460443062968,17.214399337768555,229902400.0
2013-12-18,17.05031168218283,17.10459228104647,16.712220811001455,17.083499908447266,565863200.0
2013-12-19,17.044109546748434,17.059617817359722,16.86513827296997,16.887781143188477,320308800.0
2013-12-20,16.91786436183826,17.10955263702233,16.898943679842784,17.029216766357422,436413600.0
2013-12-23,17.617928816982342,17.702296642470518,17.455398460900625,17.682756423950195,501306400.0
2013-12-24,17.67655635573521,17.738281327722458,17.556828595541926,17.607698440551758,167554800.0
2013-12-26,17.62103391434053,17.66445938905481,17.474631341185926,17.490760803222656,204008000.0
2013-12-27,17.488277269462653,17.506576760676282,17.354281990719965,17.372581481933594,225884400.0
2013-12-30,17.291010335324156,17.37258530073611,17.131579275397804,17.199817657470703,253629600.0
2013-12-31,17.188958984552002,17.40949212456944,17.183684649364736,17.40142822265625,223084400.0
2014-01-02,17.2357991165468,17.27767244413937,17.122274989377967,17.15670394897461,234684800.0
2014-01-03,17.148328361425026,17.174381989987175,16.762780047147636,16.77984046936035,392467600.0
2014-01-06,16.67034687137878,16.960359115419386,16.55092889570628,16.871339797973633,412610800.0
2014-01-07,16.88343546562028,16.93430364146784,16.684924016191996,16.750680923461914,317209200.0
2014-01-08,16.71253318844471,16.921901481970018,16.708812660976314,16.856765747070312,258529600.0
2014-01-09,16.960357281384244,16.96221920106993,16.60520769692469,16.641498565673828,279148800.0
2014-01-10,16.744168431754773,16.77425566699527,16.473696395439283,16.530458450317383,304976000.0
2014-01-13,16.436476909951583,16.826986479339947,16.435545949927505,16.61699867248535,378492800.0
2014-01-14,16.694228147808815,16.95818672886797,16.676857961666794,16.947641372680664,332561600.0
2014-01-15,17.16879439876727,17.375990919886174,17.111101398787024,17.287900924682617,391638800.0
2014-01-16,17.211603903323034,17.272088144420064,17.111726138343318,17.191442489624023,229278000.0
2014-01-17,17.10551937483155,17.123818863360494,16.746336212233626,16.770219802856445,426739600.0
2014-01-21,16.780149212474637,17.061787793604,16.76246925566749,17.030771255493164,328526800.0
2014-01-22,17.087845836812154,17.28573615267471,16.991691902719655,17.106456756591797,379985200.0
2014-01-23,17.057756059094654,17.261230448870354,16.898636445809267,17.251304626464844,403239200.0
2014-01-24,17.183692408186104,17.23394107521195,16.896781033945626,16.937725067138672,429354800.0
2014-01-27,17.06179006487016,17.208502417815513,16.927794759285128,17.07512664794922,554878800.0
2014-01-28,15.780456304327238,15.974004878162036,15.572948299884128,15.710357666015623,1065523200.0
2014-01-29,15.631261876906173,15.737341618353549,15.465938625775111,15.532005310058594,502810000.0
2014-01-30,15.587525439940649,15.710355825408335,15.406384165749447,15.501916885375977,678501600.0
2014-01-31,15.359236913383832,15.556197884967762,15.308678500807714,15.527351379394531,464797200.0
2014-02-03,15.589697769308964,15.748507608008248,15.487030447071517,15.556198120117188,401464000.0
2014-02-04,15.690196307527534,15.802169936852112,15.594352141909884,15.781387329101562,376681200.0
2014-02-05,15.712219612068724,15.98269168456664,15.702603556134363,15.89925479888916,328344800.0
2014-02-06,15.915475012761416,16.022814613238765,15.845266751886884,15.99192237854004,257765200.0
2014-02-07,16.26870011511132,16.317064860285782,16.1438879770113,16.215654373168945,370280400.0
2014-02-10,16.183822424253645,16.599761108151714,16.163228710915003,16.50615119934082,345559200.0
2014-02-11,16.55670458299209,16.77949435293334,16.52206787524951,16.723642349243164,282256800.0
2014-02-12,16.754529613306932,16.835969604133805,16.638766210005155,16.722389221191406,308100800.0
2014-02-13,16.683073989713687,17.00103508634613,16.668721046770695,16.987930297851562,307398000.0
2014-02-14,16.92677489545701,17.036299225438906,16.887460520298276,16.97420310974121,272924400.0
2014-02-18,17.036919364334608,17.198862831677868,17.024749441078715,17.03660774230957,260251600.0
2014-02-19,16.997912077098967,17.064687499844325,16.67340028681878,16.76763343811035,313768000.0
2014-02-20,16.63096461557164,16.756090014669457,16.506464126905346,16.573551177978516,305858000.0
2014-02-21,16.624725185477416,16.68026722911539,16.36917179333646,16.389453887939453,278784800.0
2014-02-24,16.323924009097933,16.535168693227934,16.3011456113748,16.46121597290039,288909600.0
2014-02-25,16.518324280173832,16.524251764585255,16.256841729157436,16.2899169921875,231952000.0
2014-02-26,16.338282087184183,16.381654209795506,16.088344543950747,16.1429500579834,276217200.0
2014-02-27,16.136396232680525,16.49960085763736,16.10238443938759,16.4649658203125,301882000.0
2014-02-28,16.508962858797492,16.623479795217353,16.291788954474935,16.420347213745117,371968800.0
2014-03-03,16.332353069032294,16.557952432568133,16.313319127798376,16.467775344848633,238781200.0
2014-03-04,16.568873441611206,16.620046111947918,16.468086211096857,16.57636070251465,259140000.0
2014-03-05,16.566380958274014,16.685887201859245,16.510525612421187,16.611312866210938,200062800.0
2014-03-06,16.624727527096447,16.67621349235129,16.47838513660091,16.561073303222656,185488800.0
2014-03-07,16.57167750644338,16.599448522211187,16.414413402030583,16.551395416259766,220729600.0
2014-03-10,16.48649931036912,16.64157878699776,16.48587439978643,16.56637954711914,178584000.0
2014-03-11,16.70772856397573,16.810385536988353,16.618486337529863,16.727697372436523,279224400.0
2014-03-12,16.678393767167044,16.767009395404028,16.600073329543445,16.743919372558594,199326400.0
2014-03-13,16.76982254939367,16.839092632621874,16.511459536891255,16.557952880859375,257742800.0
2014-03-14,16.49991425758162,16.565441542244827,16.319248458111552,16.37198257446289,237199200.0
2014-03-17,16.46589930577408,16.536729143824445,16.40817258782041,16.435943603515625,199544800.0
2014-03-18,16.409737047468123,16.59913992792057,16.387895174884672,16.58135414123535,209647200.0
2014-03-19,16.60819208900346,16.732379320711544,16.506468309966696,16.576988220214844,224756000.0
2014-03-20,16.53423599130008,16.620981895767486,16.45498068025465,16.49710464477539,208398400.0
2014-03-21,16.597893165759746,16.654683372383506,16.423156504004773,16.62722396850586,374046400.0
2014-03-24,16.800398188061486,16.865300550427776,16.69555488489885,16.824424743652344,355700800.0
2014-03-25,16.896507683006103,17.02912036421642,16.836907882261094,17.00540542602539,282293200.0
2014-03-26,17.05314626289096,17.130530181242047,16.814130490789044,16.842836380004883,299768000.0
2014-03-27,16.850328929399478,16.896510659274675,16.69743412493769,16.770448684692383,222031600.0
2014-03-28,16.797279144096986,16.81662470658658,16.670282333711107,16.75172233581543,200564000.0
2014-03-31,16.82567182651073,16.874973088952586,16.722699928291796,16.747976303100586,168669200.0
2014-04-01,16.779803147217827,16.90804976458361,16.74891257501562,16.90118408203125,200760000.0
2014-04-02,16.923967456739373,16.95829088030359,16.857816919194818,16.929271697998047,180420800.0
2014-04-03,16.893073339614922,16.927708378020682,16.7760617686114,16.81194496154785,162344000.0
2014-04-04,16.843768036793485,16.84969551957439,16.55576269688389,16.594453811645508,275251200.0
2014-04-07,16.475888482347465,16.5657539532883,16.284614192658438,16.333913803100586,289850400.0
2014-04-08,16.387575152208044,16.4165943155704,16.185065918873736,16.332969665527344,243888400.0
2014-04-09,16.308012546322406,16.55295743797697,16.288666985819383,16.547653198242188,206169600.0
2014-04-10,16.55888584575635,16.607563871373404,16.324551086922497,16.334224700927734,239652000.0
2014-04-11,16.19443104067256,16.31394056958976,16.136394363172425,16.21346664428711,271717600.0
2014-04-14,16.28492874657613,16.293040920279452,16.138586332796727,16.278064727783203,205674000.0
2014-04-15,16.23407082960601,16.276818060534836,15.955113985577338,16.161991119384766,266490000.0
2014-04-16,16.16478650236069,16.259644553860515,16.042782347195708,16.19474220275879,214765600.0
2014-04-17,16.225636900857925,16.467773874787323,16.200673810835955,16.379779815673828,284334400.0
2014-04-21,16.392259301546765,16.604440540796336,16.349198809881926,16.574174880981445,182548800.0
2014-04-22,16.484933663795175,16.594769586231056,16.428456759374452,16.590713500976562,202563200.0
2014-04-23,16.508339425819614,16.572930176763272,16.364491690726542,16.37385368347168,394940000.0
2014-04-24,17.729946744691198,17.78580042573188,17.496546781491702,17.716217041015625,759911600.0
2014-04-25,17.615113758521552,17.84788875287466,17.597329638968727,17.846330642700195,390275200.0
2014-04-28,17.873168245505827,18.58928080569317,17.865366028278697,18.53748321533203,669485600.0
2014-04-29,18.52655623128381,18.59645121314522,18.39456681616489,18.48255920410156,337377600.0
2014-04-30,18.492236840790397,18.70410651933555,18.40361952314312,18.41266822814941,456640800.0
2014-05-01,18.47226758922357,18.55963675795343,18.29628276340416,18.456043243408203,244048000.0
2014-05-02,18.482876812782333,18.540915174303244,18.400811889402902,18.49036407470703,191514400.0
2014-05-05,18.41422213974525,18.75308850470431,18.40985276684977,18.75183868408203,287067200.0
2014-05-06,18.778054667380136,18.859494666135024,18.54746437072754,18.54746437072754,374564400.0
2014-05-07,18.57367281133649,18.63732702102921,18.339024777077533,18.48255920410156,282864400.0
2014-05-08,18.45777677555707,18.65106285680336,18.39972928410219,18.44961929321289,230297200.0
2014-05-09,18.34136545412967,18.395020837996327,18.20926552703661,18.372743606567383,291597600.0
2014-05-12,18.433921598697708,18.627519267521414,18.431096309425342,18.601476669311523,213208800.0
2014-05-13,18.57544285355233,18.65514085678257,18.534653764052187,18.63066673278809,159737200.0
2014-05-14,18.588930455710333,18.744876076284577,18.567279953160185,18.634113311767575,166404000.0
2014-05-15,18.660156653461407,18.71977261630597,18.451182393778076,18.47565650939941,230846000.0
2014-05-16,18.469698106831103,18.74895779511968,18.36834960820409,18.74833106994629,276256400.0
2014-05-19,18.758999219651272,19.056457404863107,18.74268258021661,18.970483779907227,317755200.0
2014-05-20,18.96797134892882,19.02727395616173,18.849364458727408,18.97424697875977,234836000.0
2014-05-21,18.946634168117697,19.036686523467225,18.89109693889881,19.024450302124023,196859600.0
2014-05-22,19.03354714394999,19.135524020949465,18.955104294730983,19.05456924438477,200760000.0
2014-05-23,19.053948304860786,19.28865187448332,19.029474182096703,19.269824981689453,232209600.0
2014-05-27,19.324732245649173,19.6378786356464,19.3168881272382,19.63066291809082,348866000.0
2014-05-28,19.642898152090574,19.76244680054722,19.572612776749367,19.57983016967773,315481600.0
2014-05-29,19.700318196400342,19.98334321430994,19.69780794466656,19.93659019470215,376474000.0
2014-05-30,20.01817459204046,20.212400739726124,19.733267682042023,19.861915588378903,564020800.0
2014-06-02,19.892044635714665,19.919342378725425,19.532458454853987,19.72542953491211,369350800.0
2014-06-03,19.719462803925765,20.042023520044037,19.712873810602627,20.004369735717773,292709200.0
2014-06-04,20.001230829135075,20.32912538080731,19.959498307799137,20.23279571533203,335482000.0
2014-06-05,20.276092142524018,20.37555876270821,20.163447539943004,20.312175750732425,303805600.0
2014-06-06,20.392193883529888,20.43486816939427,20.221815129859294,20.256328582763672,349938400.0
2014-06-09,20.36080999483442,20.61998758705101,20.15215079315579,20.58045196533203,301660000.0
2014-06-10,20.80668851602928,20.876973892778867,20.55190297797729,20.70125961303711,251108000.0
2014-06-11,20.67489936965117,20.81327489216893,20.52993653146036,20.615596771240234,182724000.0
2014-06-12,20.65513112386138,20.672702883692263,20.18509744066441,20.2707576751709,218996000.0
2014-06-13,20.25098604412826,20.303701315857698,19.96105875255639,20.04891586303711,218100000.0
2014-06-16,20.09944565932777,20.371801348309344,20.08626599604405,20.25099754333496,142244000.0
2014-06-17,20.275152800257555,20.360813047535864,20.163136585038536,20.22463607788086,118904000.0
2014-06-18,20.266366172615204,20.27075995093383,20.06429593907973,20.24659919738769,134056000.0
2014-06-19,20.27076527213237,20.27296216186838,20.0621043163442,20.176319122314453,142112000.0
2014-06-20,20.174119451083808,20.32786987242461,19.965460199800283,19.9676570892334,403592000.0
2014-06-23,20.05771072239408,20.12360400369174,19.899568187868287,19.95008659362793,174776000.0
2014-06-24,19.93250711664151,20.149952179617223,19.809508159925567,19.829275131225582,156144000.0
2014-06-25,19.81390471357245,19.921528824880696,19.69090572922018,19.846851348876957,147476000.0
2014-06-26,19.84904792565368,19.998404551045656,19.72385205405566,19.96545791625977,130516000.0
2014-06-27,19.947891187227885,20.20706887680768,19.936908414283096,20.20267677307129,256116000.0
2014-06-30,20.229022243197555,20.587039676175035,20.226825354602138,20.411325454711918,197929200.0
2014-07-01,20.540916442871094,20.66172019752263,20.45525620802192,20.540916442871094,152892000.0
2014-07-02,20.617793340869788,20.659524177721583,20.44647118822887,20.532133102416992,113860000.0
2014-07-03,20.573873281766964,20.668319443427517,20.470641235796585,20.652944564819336,91567200.0
2014-07-07,20.677091570515024,21.08342881401113,20.66830569205076,21.079036712646484,225872000.0
2014-07-08,21.144935619242336,21.261347292456755,20.628777229574556,20.9428653717041,260888000.0
2014-07-09,20.962637206693763,21.07465344255641,20.813280549807757,20.9516544342041,145744000.0
2014-07-10,20.593637217070643,20.98679665214653,20.540921923302378,20.874778747558597,158744000.0
2014-07-11,20.9450659301744,21.06147594804598,20.83524490565617,20.914316177368164,136072000.0
2014-07-14,21.05488504489579,21.281116066765165,21.008760419870203,21.184473037719727,171240000.0
2014-07-15,21.261344444233536,21.272325537849127,20.8725771992115,20.9362735748291,181911600.0
2014-07-16,21.29868739222231,21.32724025215365,20.808884940071835,20.817670822143555,213585200.0
2014-07-17,20.87257816737203,20.92748866520295,20.332259069804014,20.44647216796875,229192000.0
2014-07-18,20.56289131604658,20.80888936340372,20.431104732692663,20.740800857543945,199952000.0
2014-07-21,20.863796116676586,20.865993006199027,20.58485147381216,20.6331729888916,156316000.0
2014-07-22,20.79570516177664,20.84182978187445,20.67270617484916,20.80449104309082,220788000.0
2014-07-23,20.95823857794484,21.498557679844417,20.90332807967372,21.34700584411621,371672000.0
2014-07-24,21.31405411212205,21.375553587358628,21.17787550571605,21.311857223510746,182916000.0
2014-07-25,21.272330051426565,21.48977518968271,21.226205426689543,21.452436447143555,173876000.0
2014-07-28,21.48538121817765,21.79727246827053,21.42607861316837,21.748950958251957,221272000.0
2014-07-29,21.81704026952524,21.841201023592216,21.579826507268827,21.608379364013672,172572000.0
2014-07-30,21.621555792367214,21.678661497322967,21.452430539172664,21.557859420776367,132040000.0
2014-07-31,21.340414833085894,21.40410953040606,20.93846962159921,20.997772216796875,227372000.0
2014-08-01,20.844024722622866,21.22180920513945,20.82425607258007,21.11418342590332,194044000.0
2014-08-04,21.166899017022647,21.213023633480205,20.903327625605392,20.995576858520508,159832000.0
2014-08-05,20.945066682317,21.01535207350319,20.72542462539315,20.892353057861328,223732000.0
2014-08-06,20.81108552703201,20.97142497079101,20.802299643399294,20.85721015930176,154232000.0
2014-08-07,20.954325576179546,21.17947401899756,20.77111554204035,20.854995727539062,186844000.0
2014-08-08,20.806438119598948,20.930048922547662,20.59011753036781,20.912389755249023,167460000.0
2014-08-11,21.029383358456727,21.20817951906081,20.93446741870212,21.188312530517575,146340000.0
2014-08-12,21.19933882731879,21.38475497487082,21.104422937289907,21.183887481689453,135180000.0
2014-08-13,21.22362970554302,21.464229583740234,21.19934876758737,21.464229583740234,127664000.0
2014-08-14,21.48408961331782,21.537065422577328,21.367100596004047,21.52161407470703,112464000.0
2014-08-15,21.609910032677902,21.67392324612289,21.38034592779372,21.6275691986084,195804000.0
2014-08-18,21.74014331341989,21.93439077695741,21.627569916037896,21.888036727905277,190288000.0
2014-08-19,21.943213887525207,22.22354591597947,21.923346910036937,22.1904354095459,277596000.0
2014-08-20,22.17057727242788,22.314053373167923,22.06241613756087,22.19927215576172,210796000.0
2014-08-21,22.199273048496096,22.28094543613647,22.097735360226693,22.20148086547852,133912000.0
2014-08-22,22.1374642045538,22.39793099365269,22.115391090373357,22.36482048034668,176736000.0
2014-08-25,22.468567114184623,22.552445625971977,22.355992036837087,22.41338348388672,161080000.0
2014-08-26,22.386894113865957,22.40455327924824,22.263283324331347,22.26990509033203,132608000.0
2014-08-27,22.29860744204061,22.64074672865367,22.22797244091633,22.54362297058105,209476000.0
2014-08-28,22.42442279797751,22.687097459249905,22.41780103073048,22.57010841369629,273840000.0
2014-08-29,22.704756398644676,22.713585982908544,22.559070784397274,22.62529182434082,178380000.0
2014-09-02,22.748898571995976,22.89899810952581,22.67384964526641,22.801876068115234,214256000.0
2014-09-03,22.757728442458085,22.77980155741821,21.760009163252207,21.839473724365234,501684000.0
2014-09-04,21.819609241839064,22.093319603658134,21.58563116512848,21.65847396850586,342872000.0
2014-09-05,21.80857157403715,21.938804134420444,21.70041044509729,21.84609603881836,233828000.0
2014-09-08,21.91893581694929,21.92114194934734,21.643017700845046,21.711444854736328,185426800.0
2014-09-09,21.87038137016479,22.75331964089501,21.22142120227532,21.629779815673828,759385200.0
2014-09-10,21.634188070381956,22.318464659967304,21.579004447285225,22.2941837310791,403478400.0
2014-09-11,22.163962013977603,22.39131838272748,21.98958147773465,22.389110565185547,249412400.0
2014-09-12,22.34054689118429,22.556867523010595,22.31185200172692,22.43987846374512,250504400.0
2014-09-15,22.69371338972372,22.746690882216324,22.391308202747087,22.433246612548828,245266000.0
2014-09-16,22.029304734575067,22.351576916544527,21.82843552245901,22.263282775878903,267632400.0
2014-09-17,22.353781853865275,22.470772552332424,22.20368232798065,22.42221069335937,243706000.0
2014-09-18,22.49947723235812,22.592185357655136,22.41780482631762,22.46857452392578,149197600.0
2014-09-19,22.57893189943456,22.59217543035152,22.18381694772981,22.28535461425781,283609600.0
2014-09-22,22.47078079018473,22.545829738604912,22.20148433466066,22.307435989379883,211153600.0
2014-09-23,22.20589412124534,22.7224138143763,22.19265058790663,22.656192779541016,253608800.0
2014-09-24,22.550241655779946,22.70254734483964,22.33833501313261,22.459739685058597,240687200.0
2014-09-25,22.18602178761684,22.230168007464133,21.57017242154616,21.6032829284668,400368000.0
2014-09-26,21.748975069165027,22.23900604248047,21.720280183762863,22.23900604248047,249482000.0
2014-09-29,21.77546599108796,22.17058107935136,21.77105035654248,22.09773826599121,199065200.0
2014-09-30,22.252249576655164,22.413386540088187,22.190444171745284,22.23900604248047,221056400.0
2014-10-01,22.203687072716637,22.225761874472894,21.786498917401317,21.892452239990234,205965200.0
2014-10-02,21.912316324039605,22.12201514058445,21.64081379184993,22.051380157470703,191031200.0
2014-10-03,21.949849765314276,22.11981467098755,21.86155558607678,21.989582061767575,173878400.0
2014-10-06,22.06242320187247,22.21693843655593,21.94543413011313,21.989582061767575,148204800.0
2014-10-07,21.947636411596484,22.09994379026105,21.793122899959226,21.797536849975582,168376800.0
2014-10-08,21.79973582995243,22.31846147625168,21.70040431210558,22.25003433227539,229618800.0
2014-10-09,22.413380213164757,22.5987963755545,22.2080970710501,22.29859733581543,309506000.0
2014-10-10,22.22575713369328,22.521540552541904,22.139670814233124,22.23458671569824,265326400.0
2014-10-13,22.367022901986115,22.466352733874785,22.0315055847168,22.0315055847168,214333600.0
2014-10-14,22.159541377872287,22.18823626315607,21.75780456354444,21.797536849975582,254754400.0
2014-10-15,21.62535717751441,21.88582393010244,21.00950777900362,21.530441284179688,403734400.0
2014-10-16,21.091186314681767,21.570179870118416,21.060283613303334,21.247907638549805,288618000.0
2014-10-17,21.52161669310305,21.85271848838156,21.369309328372275,21.559141159057617,272718800.0
2014-10-20,21.702622790856378,22.06462734986014,21.68054967073588,22.02048110961914,310069200.0
2014-10-21,22.740070583832672,22.740070583832672,22.35378515558144,22.618667602539062,378495600.0
2014-10-22,22.70033941790541,22.980673228423367,22.647363599535677,22.73344993591309,273052400.0
2014-10-23,22.97404607195744,23.18815879622951,22.874714541237456,23.139596939086918,284298800.0
2014-10-24,23.216855537251444,23.28528269558848,23.073377770741292,23.225685119628903,188215600.0
2014-10-27,23.1440169324302,23.28308077494351,23.1109064135427,23.20140838623047,136750800.0
2014-10-28,23.265419544319187,23.561203002929688,23.254382144311595,23.561203002929688,192243600.0
2014-10-29,23.541337889876623,23.70026702044568,23.47732467428238,23.69364356994629,210751600.0
2014-10-30,23.609763977741284,23.695850305526225,23.3757859262305,23.61417961120605,162619200.0
2014-10-31,23.84154039771561,23.848162165092177,23.664952075342253,23.839332580566406,178557200.0
2014-11-03,23.887890584283795,24.347018800832352,23.84153653608477,24.148357391357425,209130400.0
2014-11-04,24.13953188660119,24.16822677345689,23.77752733887373,23.971773147583008,166297600.0
2014-11-05,24.082143004412,24.12629093207056,23.8680301864639,24.02916717529297,149743600.0
2014-11-06,24.07571630193361,24.117838262709345,23.89836397134169,24.097885131835938,139874000.0
2014-11-07,24.108974212493017,24.23533842346907,24.06463654566315,24.166614532470703,134766000.0
2014-11-10,24.168823526720026,24.237549090025507,24.091231785607164,24.1267032623291,108782000.0
2014-11-11,24.09788269671148,24.330659615596737,24.03137621372507,24.3195743560791,109769200.0
2014-11-12,24.24863256090137,24.703101129186592,24.24641686214495,24.663196563720703,187769600.0
2014-11-13,24.785138055355453,25.150928085753996,24.740798691016312,25.01126289367676,238091600.0
2014-11-14,25.084413429495097,25.314972975057053,24.65433103764171,25.3127555847168,176254400.0
2014-11-17,25.332697536059943,25.99998970320859,25.11765811204305,25.2706241607666,186986800.0
2014-11-18,25.259557256375302,25.647517799217923,25.24847199288745,25.598745346069336,176896000.0
2014-11-19,25.592086433838677,25.658592918735657,25.228512237340983,25.42138290405273,167476800.0
2014-11-20,25.474594666139478,25.906892814895507,25.46129201368841,25.784961700439453,173582000.0
2014-11-21,26.050990310382176,26.06429127020822,25.722885873228712,25.820430755615234,228717200.0
2014-11-24,25.904671173933387,26.330318772312243,25.85368303725294,26.29928207397461,189803200.0
2014-11-25,26.396827042769598,26.547577445816213,26.037685928971506,26.070940017700195,275361600.0
2014-11-26,26.146314983016484,26.403476429706124,26.121928765049383,26.38130760192871,163073200.0
2014-11-28,26.441167592230386,26.469988594921787,26.17070514637508,26.36579322814941,99257600.0
2014-12-01,26.339187664361035,26.43673254370724,24.66763221293039,25.51006126403809,335256000.0
2014-12-02,25.16200088380644,25.660807068727717,24.99573215549935,25.412511825561523,237395600.0
2014-12-03,25.6608076406415,25.793822287977136,25.51892512463376,25.70071220397949,172253600.0
2014-12-04,25.66523805571708,25.982257139385528,25.55882702548272,25.60316467285156,168178000.0
2014-12-05,25.714013516568983,25.73396664420016,25.414730133085623,25.494539260864254,153275600.0
2014-12-08,25.29502326363708,25.416954378232496,24.745228781071425,24.918148040771484,230659600.0
2014-12-09,24.42820909667065,25.339362123920097,24.2419871881469,25.299457550048828,240832000.0
2014-12-10,25.363739422627628,25.46128258670384,24.727483855137944,24.81837654113769,178261200.0
2014-12-11,24.88711036440876,25.228515780556084,24.683152717842937,24.745227813720703,165606800.0
2014-12-12,24.48805923664291,24.80064527220147,24.29297119528504,24.32622528076172,224112400.0
2014-12-15,24.54126360001569,24.74078641208349,23.57690531495643,23.99368667602539,268872400.0
2014-12-16,23.581344243363542,24.42155590044733,23.556958023633342,23.665586471557617,243162800.0
2014-12-17,23.747616762430155,24.350616797404705,23.68110857238129,24.255290985107425,213647200.0
2014-12-18,24.80065251203388,24.97357177734375,24.53240574259503,24.97357177734375,236024800.0
2014-12-19,24.887109624435244,25.104366533740716,24.75409494854182,24.780696868896484,353719200.0
2014-12-22,24.864939722662147,25.159788372590835,24.822817762083776,25.03785896301269,180670000.0
2014-12-23,25.10215031474068,25.12431914503488,24.931446769591275,24.949182510375977,104113600.0
2014-12-24,24.95805404634141,24.986873360819217,24.831689834594727,24.831689834594727,57918400.0
2014-12-26,24.85162718616393,25.388120434196512,24.831675754693627,25.2706241607666,134884000.0
2014-12-29,25.22629174970841,25.44354860828529,25.20633862272802,25.25289535522461,110395600.0
2014-12-30,25.193037444612514,25.255110832232702,24.85384951127864,24.94474220275879,119526000.0
2014-12-31,25.01125367593589,25.079977551116556,24.43263829270216,24.470325469970703,165613600.0
2015-01-02,24.69423503534699,24.70532029541843,23.79860048379208,24.237550735473636,212818400.0
2015-01-05,24.00699796602637,24.0868071252046,23.368526383974206,23.554746627807617,257142000.0
2015-01-06,23.619028729260297,23.816334163580667,23.195596863475707,23.55695533752441,263188400.0
2015-01-07,23.76534271205472,23.987034348142444,23.654496894010855,23.88727378845215,160423600.0
2015-01-08,24.215385184821525,24.86272454421829,24.09788716282708,24.805084228515625,237458000.0
2015-01-09,24.97800548912445,25.10658709163821,24.432644065198065,24.831689834594727,214798000.0
2015-01-12,24.962488900263494,24.96913938166108,24.120061326220533,24.21982192993164,198603200.0
2015-01-13,24.70310506385616,25.006823287798543,24.14444274972402,24.434858322143555,268367600.0
2015-01-14,24.173259238412005,24.494711474568152,24.05354553692245,24.341745376586918,195826400.0
2015-01-15,24.38609014670336,24.39939110918017,23.64564058501736,23.68111038208008,240056000.0
2015-01-16,23.72765075130105,23.84958180309121,23.321954733205736,23.49709129333496,314053200.0
2015-01-20,23.907229956551088,24.15774263740076,23.61016391724493,24.102319717407227,199599600.0
2015-01-21,24.15330339614755,24.621072889818013,24.00255301394987,24.286319732666016,194303600.0
2015-01-22,24.44372792622956,24.93366639250422,24.324014202274096,24.918148040771484,215185600.0
2015-01-23,24.89597392403558,25.217426152284684,24.72527039983578,25.046724319458008,185859200.0
2015-01-26,25.215208636250004,25.35265807271684,25.006819628451208,25.073326110839844,222460000.0
2015-01-27,24.922577258846545,24.935879909246182,24.171042629136025,24.1954288482666,382274800.0
2015-01-28,26.07758943182445,26.186219563325192,25.56326484680176,25.56326484680176,585908400.0
2015-01-29,25.787177336812245,26.423433096590607,25.618691178673068,26.3591423034668,337745600.0
2015-01-30,26.248297347546917,26.603003725613743,25.9046745395417,25.9734001159668,334982000.0
2015-02-02,26.17070219145008,26.41899577815114,25.73396933307641,26.29928207397461,250956400.0
2015-02-03,26.27046257118116,26.40125984300976,26.07315712262307,26.3037166595459,207662800.0
2015-02-04,26.270458611746253,26.716059269378015,26.22833666007458,26.505451202392575,280598800.0
2015-02-05,26.7124451524758,26.75918563725112,26.54106960114437,26.69464111328125,168984800.0
2015-02-06,26.712445437657788,26.76363650826612,26.36301590626183,26.4698486328125,174826400.0
2015-02-09,26.385269347401834,26.67237874794815,26.35856074588781,26.645671844482425,155559200.0
2015-02-10,26.74582773960153,27.186510351861603,26.743603296210924,27.157575607299805,248034000.0
2015-02-11,27.32450130228101,27.80301984182764,27.26440906617443,27.794116973876957,294247200.0
2015-02-12,28.05674214886694,28.37278797867428,27.94768500160746,28.14576911926269,297898000.0
2015-02-13,28.328276526199947,28.328276526199947,27.96549358013913,28.283763885498047,217088800.0
2015-02-17,28.375010080839985,28.68437915950236,28.24814721035821,28.45068359375,252609600.0
2015-02-18,28.406172823740263,28.66212473782531,28.36611077024827,28.648771286010746,179566800.0
2015-02-19,28.59535317833285,28.717765476256087,28.56196954985219,28.58867645263672,149449600.0
2015-02-20,28.62651844031598,28.822378158569336,28.499657229063484,28.822378158569336,195793600.0
2015-02-23,28.93810901824031,29.601356506347656,28.85798490989806,29.601356506347656,283896400.0
2015-02-24,29.588005121300903,29.734899896206425,29.19406127808952,29.416627883911133,276912400.0
2015-02-25,29.280864830474275,29.28976939734613,28.52191181926601,28.66435432434082,298846800.0
2015-02-26,28.66435120069195,29.1272901407614,28.179157638062435,29.027135848999023,365150000.0
2015-02-27,28.9336610638984,29.060525669459057,28.54194502901291,28.590909957885746,248059200.0
2015-03-02,28.766728714230968,28.99597200599129,28.55529115531855,28.73111724853516,192386800.0
2015-03-03,28.70218871240452,28.826825458437774,28.508553471298843,28.79121398925781,151265200.0
2015-03-04,28.733351399992724,28.83573014123892,28.55974971170828,28.60871124267578,126665200.0
2015-03-05,28.617610709042623,28.655446619377415,27.98997303353431,28.134641647338867,226068400.0
2015-03-06,28.577550244683295,28.793440119603357,28.10125955185688,28.176931381225582,291368400.0
2015-03-09,28.479623696005756,28.83795777809001,27.83418017642311,28.297119140625,354114000.0
2015-03-10,28.13464406642544,28.31492246485523,27.553745118097947,27.711767196655277,275426400.0
2015-03-11,27.765183710100228,27.76963429501665,27.177608014323543,27.206541061401367,275756000.0
2015-03-12,27.2221214408066,27.79856984189361,27.070776078556776,27.698413848876957,193450800.0
2015-03-13,27.687285794905343,27.90985239824373,27.282214644751413,27.50700569152832,207309200.0
2015-03-16,27.571551892676595,27.8096981048584,27.34676083218295,27.8096981048584,143497200.0
2015-03-17,28.021140270775835,28.337184491538476,27.965498610864863,28.274866104125977,204092400.0
2015-03-18,28.26596260901892,28.74670735507032,28.12574624044493,28.593135833740234,261083600.0
2015-03-19,28.655455159206014,28.76673848021264,28.354990532097872,28.377246856689453,183238000.0
2015-03-20,28.544168444485248,28.577552078379163,27.85643841749427,28.021137237548828,274780400.0
2015-03-23,28.29267009034257,28.45514277631156,28.159128756389,28.312700271606445,150838800.0
2015-03-24,28.31715043665406,28.497427148688423,28.168029517967973,28.196964263916016,131369200.0
2015-03-25,28.16357737452431,28.225895749966423,27.46026611328125,27.46026611328125,206620800.0
2015-03-26,27.32227099534107,27.794111009129256,27.28665953118072,27.651668548583984,190291600.0
2015-03-27,27.725121386932106,27.754054433731586,27.35566171267992,27.43133354187012,158184800.0
2015-03-30,27.6093912572706,28.132422500558253,27.59826224650013,28.12574577331543,188398800.0
2015-03-31,28.06341403888924,28.152440993944783,27.67837487799231,27.69395446777344,168362400.0
2015-04-01,27.780763041005063,27.847533700457387,27.39794821598168,27.65390014648437,162485600.0
2015-04-02,27.82750145758893,27.945461482762077,27.64054633045754,27.892045974731445,128880400.0
2015-04-06,27.70286746453604,28.37947019313724,27.671708273578293,28.34385871887207,148776000.0
2015-04-07,28.408395211975343,28.51522620847483,28.03893561017987,28.04561233520508,140049200.0
2015-04-08,28.010008338067387,28.132420656323127,27.814150326906724,27.95436668395996,149316800.0
2015-04-09,28.010007694885584,28.172482068289785,27.745154582088954,28.16802978515625,129936000.0
2015-04-10,28.03226747767425,28.31270191801622,27.878697651575177,28.288219451904297,160752000.0
2015-04-13,28.57086917622061,28.615385206586744,28.179153240111305,28.232568740844727,145460400.0
2015-04-14,28.26595484256325,28.330499352662446,28.02335809244218,28.11015892028809,102098400.0
2015-04-15,28.1346447764979,28.294891302452985,28.045617796712808,28.21699333190918,115881600.0
2015-04-16,28.105706900693068,28.288211424799588,28.067870990365083,28.08122444152832,113476000.0
2015-04-17,27.94324220759483,28.074555709550506,27.7006436880828,27.76518821716309,207828000.0
2015-04-20,27.947689933899905,28.515233786494267,27.8586629477924,28.39949989318848,188217200.0
2015-04-21,28.51078645653832,28.533041081720025,28.19251441195509,28.24593162536621,129740400.0
2015-04-22,28.263731495340977,28.682156083705696,28.11461228384406,28.626514434814453,150618000.0
2015-04-23,28.555300927111567,29.02714112271059,28.519689449229297,28.86021614074707,183083600.0
2015-04-24,29.042714062822512,29.073873247981275,28.76227800029719,28.995973587036133,178103600.0
2015-04-27,29.44779045592275,29.630296723789787,29.18961234844624,29.523462295532227,387816800.0
2015-04-28,29.926304095966827,29.944106433953536,28.83795364634113,29.058292388916016,475696000.0
2015-04-29,28.9692683564137,29.287536952041226,28.55529436049829,28.63096618652344,253544400.0
2015-04-30,28.630964885927803,28.630964885927803,27.727345109119845,27.85420799255371,332781600.0
2015-05-01,28.065650005792723,28.96259489680037,27.88759773139169,28.69996452331543,234050400.0
2015-05-04,28.822375405226374,29.06052330317985,28.546391591878752,28.64432144165039,203953200.0
2015-05-05,28.52190599939661,28.5886766529222,27.99442428912783,27.998876571655277,197085600.0
2015-05-06,28.168024805670445,28.210312997720948,27.455812454572506,27.823047637939453,288564000.0
2015-05-07,27.885635187565743,28.17841652722197,27.718012947016163,27.99514961242676,175763600.0
2015-05-08,28.31250930678528,28.52259635925293,28.185116493194357,28.52259635925293,222201600.0
2015-05-11,28.471187045728733,28.50918099885428,28.07783316974487,28.232046127319336,168143200.0
2015-05-12,28.07113621203836,28.35721121618964,27.89680936295501,28.131481170654297,192640000.0
2015-05-13,28.194058663301394,28.42649502055542,28.131479971952515,28.162769317626957,138776800.0
2015-05-14,28.47565865289466,28.81984138488769,28.41978458917433,28.81984138488769,180814000.0
2015-05-15,28.846666876510024,28.94053490611256,28.65445993676693,28.779617309570312,152832000.0
2015-05-18,28.692451449243087,29.21543188827345,28.687980569086267,29.09697914123535,203531600.0
2015-05-19,29.20872650076529,29.25119133542624,28.97405474783214,29.07015991210937,178532800.0
2015-05-20,29.05450764300393,29.27353297651081,28.90699932419495,29.067916870117188,145819600.0
2015-05-21,29.070161939434502,29.41881558054949,29.01652160607739,29.365175247192383,158921600.0
2015-05-22,29.412116341293565,29.71830520075325,29.367414350183815,29.62220001220703,182384000.0
2015-05-26,29.63560675853421,29.704890056571298,28.85783728372975,28.96958541870117,282790400.0
2015-05-27,29.13050168154005,29.55961409108794,29.06568926672743,29.51044464111328,183332800.0
2015-05-28,29.470215466781788,29.49032931068124,29.300359545605133,29.452335357666016,122933200.0
2015-05-29,29.329414816235555,29.37858426889238,29.03216436527658,29.117094039916992,203538000.0
2015-06-01,29.1170993245038,29.365180367831247,29.065696127499542,29.175207138061523,128451200.0
2015-06-02,29.023227010852352,29.202024716623274,28.902540520369467,29.045578002929688,134670400.0
2015-06-03,29.20203071535272,29.26460941368517,29.03217132535038,29.08134078979492,123934000.0
2015-06-04,28.960647495537707,29.184143768776664,28.810905401701508,28.91147804260254,153800400.0
2015-06-05,28.942769382577065,28.98523422306932,28.687983749906223,28.752796173095703,142507200.0
2015-06-08,28.80867194987724,28.877958668101687,28.34603637830613,28.562828063964844,210699200.0
2015-06-09,28.316974348291694,28.62540026627402,28.07559969287472,28.47789192199707,224301600.0
2015-06-10,28.589639414451845,28.90700367493058,28.573994745418133,28.804197311401367,156349200.0
2015-06-11,28.871243758372724,29.094740006981706,28.71479706640286,28.739381790161133,141563600.0
2015-06-12,28.649987106463826,28.68127644753528,28.40861072807724,28.422019958496094,147544800.0
2015-06-15,28.182877320017703,28.437662913452517,28.095713917271123,28.36614418029785,175955600.0
2015-06-16,28.390736517876093,28.5740034273007,28.243229837188757,28.518129348754883,125976400.0
2015-06-17,28.54494644753539,28.58070496728181,28.325919332951088,28.451078414916992,131672400.0
2015-06-18,28.435432517145383,28.67680720416839,28.43319707690091,28.58070373535156,141628800.0
2015-06-19,28.542714917795315,28.567299649488653,28.24993528326398,28.294633865356445,218867600.0
2015-06-22,28.49354077871593,28.620933592430493,28.401908188920487,28.520360946655277,136157200.0
2015-06-23,28.49130807342398,28.520361977552454,28.35720893402144,28.39073371887207,121075600.0
2015-06-24,28.430961694475176,29.009817948797807,28.41084784765789,28.63210868835449,221123600.0
2015-06-25,28.799728367205564,28.87571627757896,28.495773315429688,28.495773315429688,127752400.0
2015-06-26,28.53376977946825,28.60528852116613,28.274514980241403,28.32815361022949,176267200.0
2015-06-29,28.039842802194052,28.265574520163497,27.82081740487586,27.83199119567871,196645600.0
2015-06-30,28.06442952719678,28.187353170768603,27.90574736331223,28.03314018249512,177482800.0
2015-07-01,28.361683443636743,28.37062350108356,28.158300973290338,28.294633865356445,120955200.0
2015-07-02,28.25663182378577,28.314741328010467,28.10912347578641,28.258867263793945,108844000.0
2015-07-06,27.923628371790983,28.211938804483257,27.903512818042405,28.160533905029297,112241600.0
2015-07-07,28.135946131868533,28.19405564123876,27.66213341150601,28.09124755859375,187787200.0
2015-07-08,27.820818700782866,27.856577220215424,27.38723535610156,27.393939971923828,243046400.0
2015-07-09,27.6800170231992,27.72695104261523,26.64522974527482,26.83520126342773,314380000.0
2015-07-10,27.253130090450934,27.680006991464904,27.08997709672735,27.552614212036133,245418000.0
2015-07-13,27.943743276708435,28.10689633274658,27.78506110173518,28.08454704284668,165762000.0
2015-07-14,28.169473455696263,28.243227642880512,27.945977158877167,28.0733699798584,127072400.0
2015-07-15,28.097954011692185,28.417553776418547,28.06666466732524,28.343799591064453,134596800.0
2015-07-16,28.549414731017865,28.7349187604003,28.462251317004103,28.72150611877441,144889600.0
2015-07-17,28.84889893345631,28.96958541870117,28.67680585072124,28.96958541870117,184658800.0
2015-07-20,29.271311209770232,29.718303817801807,29.21096625280674,29.51715850830078,235600800.0
2015-07-21,29.691480984672705,29.707123950305423,29.12603569151852,29.222137451171875,307025600.0
2015-07-22,27.264308562448523,28.048780920616032,27.264308562448523,27.986202239990234,461802400.0
2015-07-23,28.2052320425101,28.40414361073321,27.95044639995148,27.972797393798828,203998000.0
2015-07-24,28.008557586485367,28.102425627737915,27.691193234550635,27.82529067993164,168649200.0
2015-07-27,27.510157431504226,27.62637645681954,27.293367463201697,27.43863868713379,177822000.0
2015-07-28,27.574966430664062,27.693420874277678,27.38946584095813,27.574966430664062,134472400.0
2015-07-29,27.52356654257417,27.601789897612026,27.326888729746123,27.48780632019043,148046800.0
2015-07-30,27.33806576030624,27.39393983206169,27.2017328888116,27.349241256713867,134513200.0
2015-07-31,27.400640081528277,27.4095801362015,27.02293257614557,27.110095977783203,171540000.0
2015-08-03,27.154791773704076,27.393932670089903,26.26527603365325,26.47089385986328,279904000.0
2015-08-04,26.24293191369713,26.3055105971888,25.310952866393624,25.621612548828125,496554400.0
2015-08-05,25.24390269629094,26.24740216364537,25.053931210213424,25.79146957397461,397250400.0
2015-08-06,26.03618082978332,26.15516973995049,25.62084156704266,25.84759330749512,211612000.0
2015-08-07,25.72411957461088,26.09904741455517,25.706158528744663,25.935155868530277,154681600.0
2015-08-10,26.161912766331312,26.9387101160936,26.161912766331312,26.878093719482425,219806400.0
2015-08-11,26.4492806167252,26.532349173520984,25.443485976075305,25.479406356811523,388331200.0
2015-08-12,25.263879047707533,25.91270687868641,24.612805657653865,25.872295379638672,404870000.0
2015-08-13,26.051900852342207,26.132723845565803,25.71513895153043,25.852088928222656,194143200.0
2015-08-14,25.665750254086756,26.112520620724425,25.5961533336924,26.03394317626953,171718000.0
2015-08-17,26.05190094514377,26.41335885699809,25.93066645487652,26.3033504486084,163538800.0
2015-08-18,26.139460674741493,26.366214183735757,26.0451677468721,26.155176162719727,138242800.0
2015-08-19,26.065366702875668,26.1596596092665,25.74656589772991,25.820653915405277,193146000.0
2015-08-20,25.61185978830955,25.67247616326168,25.06181444542749,25.29081344604492,274006400.0
2015-08-21,24.792413052407607,25.122440013835654,23.7192653226346,23.74396133422852,513102000.0
2015-08-24,21.29906979204897,24.4264655980314,20.65473136016224,23.15126037597656,648825200.0
2015-08-25,24.945077073193595,24.945077073193595,23.23657153175285,23.29045295715332,414406400.0
2015-08-26,24.042552150961185,24.67117500740738,23.584557504900065,24.62627410888672,387098400.0
2015-08-27,25.19652350705073,25.423275263018773,24.700359518356937,25.35143280029297,338464400.0
2015-08-28,25.183050280478746,25.438989144862,25.041610922643567,25.434499740600582,212657600.0
2015-08-31,25.151620180114747,25.712889939424134,25.144885217060533,25.31551170349121,224917200.0
2015-09-01,24.72954082560341,25.11793845955393,24.10316369815694,24.18398666381836,307383600.0
2015-09-02,24.747511731864307,25.221221923828125,24.500551620072176,25.221221923828125,247555200.0
2015-09-03,25.254895903691757,25.320003407227208,24.70485217476261,24.778940200805664,212935600.0
2015-09-04,24.464631066021123,24.7969018657635,24.36135761675743,24.531982421875,199985200.0
2015-09-08,25.088757479605587,25.270608327987077,24.767711118511023,25.21448135375977,219374400.0
2015-09-09,25.54001728158424,25.59838809797852,24.644229594036617,24.72954368591309,340043200.0
2015-09-10,24.75648687238155,25.432256171737155,24.67342004060185,25.272855758666992,251571200.0
2015-09-11,25.097737828351757,25.64104652404785,25.091002865548305,25.64104652404785,199662000.0
2015-09-14,26.17314185322263,26.24273878192216,25.78698783683809,25.888015747070312,233453600.0
2015-09-15,26.02720602467148,26.161910448542177,25.688198549523484,26.10578346252441,173364800.0
2015-09-16,26.0990495240165,26.164157035899155,25.91719863028686,26.134971618652344,148694000.0
2015-09-17,25.966588024907814,26.152928305170427,25.53104209227515,25.575942993164062,256450400.0
2015-09-18,25.192031518078707,25.661253924694364,25.115699653449383,25.470420837402344,297141200.0
2015-09-21,25.519816203657086,25.901480715538085,25.51757235759737,25.865558624267575,200888000.0
2015-09-22,25.45471069455325,25.63431773927507,25.26163372097819,25.45920181274414,201384800.0
2015-09-23,25.51083377198561,25.75554829009125,25.436747461787984,25.66574478149414,143026800.0
2015-09-24,25.425527647267216,25.93067058065663,25.227961249948915,25.818416595458984,200878000.0
2015-09-25,26.141701050447217,26.19782802679197,25.598390617656875,25.7533016204834,224607600.0
2015-09-28,25.56023056060069,25.721876563690177,25.243675231933597,25.243675231933597,208436000.0
2015-09-29,25.331232512509576,25.48389798764426,24.2154277224184,24.48483657836914,293461600.0
2015-09-30,24.73403271276273,25.041609124796167,24.410742530512856,24.763219833374023,265892000.0
2015-10-01,24.48707064854985,24.610550648760675,24.091936360734135,24.60157012939453,255716400.0
2015-10-02,24.249104308937568,24.92262816309932,24.1458308568426,24.78118705749512,232079200.0
2015-10-05,24.668929469245697,25.003447501084377,24.48707860336766,24.87098693847656,208258800.0
2015-10-06,24.83730952789524,25.08651344563828,24.64423258779054,24.989974975585938,192787200.0
2015-10-07,25.086514334702997,25.09324929820077,24.563412186347986,24.87098693847656,187062400.0
2015-10-08,24.738533021535588,24.738533021535588,24.2940065005901,24.58362197875977,247918400.0
2015-10-09,24.69587180494445,25.20774960102577,24.58137228333904,25.17182922363281,211064400.0
2015-10-12,25.308781208085787,25.31327061329463,25.019165755614463,25.055086135864254,121868800.0
2015-10-13,24.879969111229823,25.245916426047607,24.848538137582143,25.09774208068848,132197200.0
2015-10-14,24.98548615682397,25.0371220182606,24.59708670880229,24.743017196655277,177849600.0
2015-10-15,24.904666177981536,25.16734006012587,24.80588213497628,25.11345863342285,150694000.0
2015-10-16,25.09549097574026,25.14488298423105,24.81485612100554,24.92935562133789,156930400.0
2015-10-19,24.875481827606944,25.088763697384888,24.72057079223281,25.084274291992188,119036800.0
2015-10-20,24.996708765455946,25.63206653358358,24.87996541110645,25.54226303100586,195871200.0
2015-10-21,25.59391096397492,25.948634000702384,25.526557881557284,25.54002952575684,167180800.0
2015-10-22,25.66799399030679,25.930667877197266,25.61635640884112,25.930667877197266,166616400.0
2015-10-23,26.200073662689697,26.76808014090915,26.11700682825398,26.73440361022949,237467600.0
2015-10-26,26.50989223622432,26.5211166030824,25.800446476997013,25.88126945495605,265335200.0
2015-10-27,25.90821381682157,26.16415270371521,25.591656833481853,25.717382431030277,279537600.0
2015-10-28,26.25171370081057,26.78379813945785,26.056391174832783,26.777061462402344,342205600.0
2015-10-29,26.64908478287565,27.09585669921228,26.55254632555549,27.059934616088867,204909200.0
2015-10-30,27.163221259844963,27.21485885125916,26.817478749328234,26.82870483398437,197461200.0
2015-11-02,27.12056108488437,27.246284988953487,26.85339607587777,27.205873489379883,128813200.0
2015-11-03,27.11830910887912,27.72447974618764,27.098102507443866,27.517932891845703,182076000.0
2015-11-04,27.643658379389816,27.798569385616204,27.30465266808603,27.389965057373047,179544400.0
2015-11-05,27.47338664265119,27.66278142364076,27.09685397164177,27.26370048522949,158210800.0
2015-11-06,27.306546963671188,27.464374553839395,27.19606765055344,27.29527282714844,132169200.0
2015-11-09,27.272726232418982,27.46437451166946,27.067550365515352,27.18479347229004,135485600.0
2015-11-10,26.357318806814234,26.62111704753071,26.167924007192934,26.32800674438477,236511600.0
2015-11-11,26.23782162582861,26.47456298485306,25.97627682516367,26.17919921875,180872000.0
2015-11-12,26.213018152747317,26.33928020245648,26.0754819685178,26.091264724731445,130102400.0
2015-11-13,25.974015198776524,26.057439306570803,25.313391288402222,25.329174041748047,183249600.0
2015-11-16,25.11273335835102,25.75757475270898,25.02705576868221,25.744047164916992,152426800.0
2015-11-17,25.91089175251961,25.94020381743021,25.550141770552145,25.63356590270996,110467600.0
2015-11-18,26.100282388722487,26.49034265294842,26.041659988480127,26.44524955749512,186698800.0
2015-11-19,26.52416406599485,26.99990363296767,26.32575203226156,26.781198501586918,173183200.0
2015-11-20,26.87589495357598,27.03823285348772,26.796981174505373,26.8984432220459,137148400.0
2015-11-23,26.89168132115932,26.99539855351517,26.45652617219215,26.548969268798828,129930000.0
2015-11-24,26.4542713495114,26.909717854981725,26.406923078164844,26.803747177124023,171212800.0
2015-11-25,26.878148258829597,26.88265860028706,26.58729316170808,26.61209487915039,85553200.0
2015-11-27,26.670722037112466,26.697778930112783,26.51514791269584,26.56249618530273,52185600.0
2015-11-30,26.60308280569692,26.92325004463035,26.548970735532947,26.6729793548584,156721200.0
2015-12-01,26.774435917960403,26.787963503541896,26.348299770228813,26.456523895263672,139409600.0
2015-12-02,26.45652775875216,26.63013982662762,26.172438098906,26.217531204223636,133546400.0
2015-12-03,26.27840443541406,26.332516496869523,25.75306141655099,25.97402000427246,166278000.0
2015-12-04,25.99430936708057,26.887165993654456,25.953724896773068,26.83756256103516,231108000.0
2015-12-07,26.82628818723068,27.02470018301237,26.562488289420656,26.668458938598636,128336800.0
2015-12-08,26.497107776880156,26.74061463302481,26.34829917825269,26.65719223022461,137238000.0
2015-12-09,26.524164432155672,26.535438566581163,25.94696452955152,26.06871795654297,185445600.0
2015-12-10,26.163413887345484,26.36633626096692,26.043915634043792,26.192724227905277,116850800.0
2015-12-11,25.971768736620955,26.01686183825899,25.444170502459794,25.51857566833496,187544800.0
2015-12-14,25.29309930879164,25.405833750046693,24.754228817207764,25.360740661621094,257274800.0
2015-12-15,25.238998470313724,25.432901933023523,24.880501893371907,24.91206741333008,213292400.0
2015-12-16,25.042838124981422,25.250269162016448,24.53102432618106,25.10371398925781,224954000.0
2015-12-17,25.257031702415023,25.30889031919613,24.57160758972168,24.57160758972168,179091200.0
2015-12-18,24.555824854816795,24.693359335575057,23.856869714176423,23.90647315979004,385813200.0
2015-12-21,24.18830510498164,24.208598201981307,23.80275346390121,24.1995792388916,190362400.0
2015-12-22,24.21536368371368,24.287513673273768,24.001167165819563,24.17703437805176,131157600.0
2015-12-23,24.186050905552488,24.542292221042683,24.170268149559448,24.48818016052246,130629600.0
2015-12-24,24.576111739027382,24.576111739027382,24.33936869016207,24.357406616210938,54281600.0
2015-12-28,24.258199309104636,24.28074757635794,23.94028903909008,24.0845890045166,106816800.0
2015-12-29,24.11615785240755,24.673066414898024,24.093611302224808,24.517492294311523,123724800.0
2015-12-30,24.481419936987034,24.50847511109567,24.16576305091705,24.197328567504883,100855200.0
2015-12-31,24.12742732307484,24.131935944163136,23.63364988463391,23.73285675048828,163649200.0
2016-01-04,23.135368423920035,23.75766318946608,22.99783223080675,23.75315284729004,270597600.0
2016-01-05,23.84334091401202,23.86588746445505,23.09027546402736,23.157915115356445,223164000.0
2016-01-06,22.673161651077343,23.0812617029159,22.517589213816382,22.70472717285156,273829600.0
2016-01-07,22.24927163523591,22.576200859718405,21.741966598506444,21.74647521972656,324377600.0
2016-01-08,22.21996385653677,22.346225907540124,21.816374263289404,21.861467361450195,283192000.0
2016-01-11,22.314657152634663,22.334948527801405,21.94714174727492,22.215450286865234,198957600.0
2016-01-12,22.670901786095747,22.70246729894013,22.28534839885525,22.53787422180176,196616800.0
2016-01-13,22.61904189419429,22.815200473070544,21.938126515429893,21.95841789245605,249758400.0
2016-01-14,22.086938192270384,22.655120911036093,21.58639684675493,22.438669204711918,252680400.0
2016-01-15,21.690115035537957,22.030573674599744,21.50072191936061,21.89980125427246,319335600.0
2016-01-19,22.18839961644163,22.24251168137656,21.53228416336344,21.7938289642334,212350800.0
2016-01-20,21.442098000740145,22.13879798972315,21.06331007473765,21.82314109802246,289337600.0
2016-01-21,21.8840169158604,22.06890139601609,21.40602381702413,21.712661743164062,208646000.0
2016-01-22,22.238001152410096,22.876078671753596,22.179380465969416,22.8670597076416,263202000.0
2016-01-25,22.88960937983708,22.891864551220547,22.36877660271937,22.420635223388672,207178000.0
2016-01-26,22.531112001008523,22.74530681313795,22.111739620884507,22.544639587402344,300308000.0
2016-01-27,21.654036018190727,21.78706185981396,21.045268881413524,21.06330680847168,533478800.0
2016-01-28,21.146734883413128,21.311326268055467,20.83107798166302,21.214374542236328,222715200.0
2016-01-29,21.37220627799168,21.94715118408203,21.27299936956539,21.94715118408203,257666000.0
2016-02-01,21.75098330190465,21.80509535188173,21.50973166719264,21.74196434020996,163774000.0
2016-02-02,21.514244845612307,21.6540362012074,21.257210403531094,21.302305221557617,149428800.0
2016-02-03,21.41954953789307,21.834411566408757,21.212118523635223,21.72393226623535,183857200.0
2016-02-04,21.730725723410607,22.063963707311988,21.578842285565464,21.89847755432129,185886800.0
2016-02-05,21.880342806026064,21.971020083414807,21.23880483021804,21.31361198425293,185672400.0
2016-02-08,21.111866794099107,21.694466308951053,21.091465304208224,21.538049697875977,216085600.0
2016-02-09,21.37482622276702,21.748869022008886,21.293216821858767,21.533510208129883,177324800.0
2016-02-10,21.74433548482184,21.84181329000121,21.33175536907968,21.37029266357422,169374400.0
2016-02-11,21.261474911132503,21.47229885785204,20.989443063690185,21.241071701049805,200298800.0
2016-02-12,21.35215943715558,21.42243353339356,21.084662314330053,21.306819915771484,161405600.0
2016-02-16,21.54030666911073,21.95515409111207,21.447363703526644,21.907548904418945,196231600.0
2016-02-17,21.91435225778724,22.263458735281954,21.796472979574062,22.24305725097656,179452800.0
2016-02-18,22.40626838251104,22.41760369047483,21.782864494056174,21.82140350341797,156084000.0
2016-02-19,21.762471783990584,21.934758503214415,21.717133992917617,21.77153968811035,141496800.0
2016-02-22,21.83274713176513,21.966496563298843,21.744337223431817,21.96196174621582,137123200.0
2016-02-23,21.853141659788445,21.875810547611483,21.433761181723742,21.46549797058105,127770400.0
2016-02-24,21.304552307396584,21.848612678525644,21.154934494668076,21.785139083862305,145022800.0
2016-02-25,21.773809622002336,21.93476104736328,21.592454977623937,21.93476104736328,110330800.0
2016-02-26,22.034500718497902,22.220388418416174,21.89395253656321,21.9687614440918,115964400.0
2016-02-29,21.957427294571414,22.26799652347789,21.909822095312908,21.91888999938965,140865200.0
2016-03-01,22.13651325835009,22.84379244112926,22.084373245235227,22.789386749267575,201628400.0
2016-03-02,22.78485440767674,22.870996900069787,22.58763139012787,22.83926010131836,132678400.0
2016-03-03,22.80072076222286,23.056882537607784,22.771249644935427,23.00927734375,147822800.0
2016-03-04,23.20649669920512,23.519331522367477,22.979804347182306,23.35157966613769,184220400.0
2016-03-07,23.21103802583504,23.3107832495856,22.886867778171705,23.093158721923828,143315600.0
2016-03-08,22.846063554493053,23.068222904039708,22.759921050947963,22.90273666381836,126247600.0
2016-03-09,22.96620231484046,23.02741022024607,22.730442054163262,22.923131942749023,108806800.0
2016-03-10,22.98887473129285,23.177028089350504,22.703241852632512,22.934467315673828,134054400.0
2016-03-11,23.1770257007604,23.186093602429043,23.009273843703955,23.181560516357425,109632800.0
2016-03-14,23.10222823093701,23.32892067918316,23.072757105768293,23.240509033203125,100304400.0
2016-03-15,23.566939118417665,23.84350409288773,23.54200281878344,23.707489013671875,160270800.0
2016-03-16,23.71428887677972,24.0996652125511,23.709754060862117,24.02259063720703,153214000.0
2016-03-17,23.9205754414425,24.13593420652988,23.793628281913325,23.984050750732425,137682800.0
2016-03-18,24.10646947382068,24.1427410887273,23.845774592163977,24.01125907897949,176820800.0
2016-03-21,24.013520512730413,24.403431628337746,23.83443335011889,24.00898742675781,142010800.0
2016-03-22,23.85937361041647,24.32182628508781,23.850305707439503,24.192611694335938,129777600.0
2016-03-23,24.138212147056176,24.27195985856076,24.00673011472801,24.058868408203125,102814000.0
2016-03-24,23.9092406248936,24.0860603678109,23.777758656740904,23.954578399658203,104532000.0
2016-03-28,24.02939975038194,24.07247186942061,23.816308293486795,23.845779418945312,77645600.0
2016-03-29,23.77776438988481,24.435172659633167,23.775496981742304,24.410236358642575,124760400.0
2016-03-30,24.63012897251382,25.031373749204025,24.618793660995017,24.83641815185547,182404400.0
2016-03-31,24.8726852755449,24.913489968311293,24.682262799459924,24.707199096679688,103553600.0
2016-04-01,24.659597530915683,24.936162519216552,24.52811553163729,24.933895111083984,103496000.0
2016-04-04,25.03137015631035,25.432616604933106,24.99736595616047,25.19005584716797,149424800.0
2016-04-05,24.825084521379363,25.10164951845118,24.80468130659051,24.893091201782227,106314800.0
2016-04-06,24.988301240461844,25.15832052159768,24.75480664156716,25.153785705566406,105616400.0
2016-04-07,24.924831418809514,25.031377135206167,24.50998559580099,24.605195999145508,127207600.0
2016-04-08,24.689067885533632,24.8840217407718,24.52131427941791,24.63239479064941,94326800.0
2016-04-11,24.702665214973337,25.07444052397048,24.670928424902264,24.713998794555664,117630000.0
2016-04-12,24.786544736323343,25.04950873511771,24.632395573682636,25.035907745361328,108929200.0
2016-04-13,25.1175186980733,25.46662347328959,25.1175186980733,25.398616790771484,133029200.0
2016-04-14,25.303412406239644,25.47796483529812,25.237671386859496,25.41222381591797,101895600.0
2016-04-15,25.41448207711589,25.457554181436983,24.874954851968493,24.902156829833984,187756000.0
2016-04-18,24.68452825302193,24.69812923969216,24.242478890986884,24.364892959594727,243286000.0
2016-04-19,24.45557552402066,24.48277923468848,24.081534447111306,24.235685348510746,129539600.0
2016-04-20,24.174474201468847,24.50317744619985,24.04299221176624,24.285552978515625,122444000.0
2016-04-21,24.240215104062983,24.240215104062983,23.920578033367185,24.02259063720703,126210000.0
2016-04-22,23.804974158055398,24.13821232927027,23.716564242777093,23.95685768127441,134732400.0
2016-04-25,23.802701214386417,23.95005161542824,23.69162242631981,23.820837020874023,112126400.0
2016-04-26,23.55561195729547,23.87071430634269,23.55561195729547,23.65535545349121,224064800.0
2016-04-27,21.762466888529023,22.376802985860067,21.689925401414943,22.175046920776367,458408400.0
2016-04-28,22.127446606289567,22.188652796905,21.36575995904279,21.497241973876957,328970800.0
2016-04-29,21.30681614570532,21.472302342805527,20.97131239445713,21.25014305114746,274126000.0
2016-05-02,21.302285026807677,21.32722132907853,20.94637802929049,21.22747611999512,192640400.0
2016-05-03,21.354420761938123,21.70352722254671,21.23654148942672,21.576580047607425,227325200.0
2016-05-04,21.581115670263795,21.73980138711214,21.268280782602496,21.35215759277344,164102000.0
2016-05-05,21.438823325426007,21.45478833702356,21.137767578118,21.26548767089844,143562000.0
2016-05-06,21.29513624976754,21.31338073272175,20.9484649728036,21.14688873291016,174799600.0
2016-05-09,21.2107559168507,21.386371087311733,21.11724529747417,21.162860870361328,131745600.0
2016-05-10,21.28601193349123,21.34074885936699,21.00776313853493,21.306537628173828,134747200.0
2016-05-11,21.3202258933742,21.340751590683794,21.08759088353109,21.098995208740234,114876400.0
2016-05-12,21.14689612137689,21.1605799233874,20.40566001816674,20.604082107543945,305258800.0
2016-05-13,20.526531279465186,20.9074120533708,20.526531279465186,20.64512825012207,177571200.0
2016-05-16,21.071627466161107,21.52777266813893,20.90285422864495,21.411455154418945,245039200.0
2016-05-17,21.56426407955481,21.598473576008654,21.21303208216388,21.32250595092773,187667600.0
2016-05-18,21.47531783431868,21.714793031247805,21.41373725506838,21.566545486450195,168249600.0
2016-05-19,21.584792358265755,21.584792358265755,21.340754727399972,21.48443984985352,121768400.0
2016-05-20,21.58478712231889,21.764964655054165,21.557417788466694,21.71706962585449,128104000.0
2016-05-23,21.86531430150234,22.16636997458406,21.81969875100188,21.99303436279297,152074400.0
2016-05-24,22.17322245455697,22.37164453875325,22.08655373727017,22.328311920166016,140560800.0
2016-05-25,22.50392626821119,22.74796391578572,22.376206150618863,22.72059631347656,152675200.0
2016-05-26,22.73427642676213,22.973753348456786,22.49708071824189,22.90077018737793,225324800.0
2016-05-27,22.67953413052578,22.914448570348203,22.636199790733347,22.8870792388916,145364800.0
2016-05-31,22.7160264228664,22.89848516524104,22.538130106081663,22.775325775146484,169228800.0
2016-06-01,22.58374616558983,22.70234488193408,22.426377268212292,22.456026077270508,116693200.0
2016-06-02,22.259886900594328,22.31462384103916,22.03865618539083,22.287256240844727,160766400.0
2016-06-03,22.303219764467705,22.41269363804458,22.22567417563289,22.332868576049805,114019600.0
2016-06-06,22.34883044863029,23.238313811742945,22.248479701959216,22.494796752929688,93170000.0
2016-06-07,22.63620339100898,22.77760901594213,22.570062134510685,22.586027145385746,89638000.0
2016-06-08,22.583748560036888,22.70690797542668,22.506204709637323,22.56550407409668,83392400.0
2016-06-09,22.46514467330076,22.8049722628692,22.456021563103945,22.727428436279297,106405600.0
2016-06-10,22.471994237737064,22.659013710439098,22.460591651142323,22.540416717529297,126851600.0
2016-06-13,22.508485724761755,22.606557013557584,22.145849381519177,22.200586318969727,152082000.0
2016-06-14,22.196022935848493,22.460587958152097,22.06602163766294,22.22795295715332,127727600.0
2016-06-15,22.31005959227909,22.444623318622156,22.129882046190804,22.154970169067383,117780800.0
2016-06-16,21.99759862473094,22.294093661001803,21.9109316747706,22.24847984313965,125307200.0
2016-06-17,22.036376585256463,22.043218485265697,21.73532080445854,21.742162704467773,244032800.0
2016-06-20,21.894964816136,22.02496610012959,21.673734164064086,21.689699172973636,137647600.0
2016-06-21,21.65321047429848,21.97479189497669,21.59391111854967,21.874441146850582,142185600.0
2016-06-22,21.951979854766037,22.09794612706344,21.746714240580555,21.792329788208008,116876400.0
2016-06-23,21.881293013982496,21.961118102285656,21.7239223112874,21.917783737182617,128960800.0
2016-06-24,21.1902258866374,21.589352932595517,21.130926524022275,21.30198097229004,301245600.0
2016-06-27,21.2107555562408,21.222159884282743,20.86864659565627,20.99180603027344,181958400.0
2016-06-28,21.187948900015844,21.36128459605314,21.01461320397855,21.34531784057617,161779600.0
2016-06-29,21.43198090475795,21.564263420522675,21.35443532170232,21.530052185058597,146124000.0
2016-06-30,21.539178128823707,21.84251338167521,21.50724810220776,21.803741455078125,143345600.0
2016-07-01,21.778651291589384,22.00216319705296,21.74216058175079,21.86988067626953,104106000.0
2016-07-05,21.75584501845912,21.75812623165836,21.543737432381075,21.66461563110352,110820800.0
2016-07-06,21.57566745362745,21.817425591090963,21.523211730443737,21.78777503967285,123796400.0
2016-07-07,21.82654603962435,22.00900480658205,21.808301554973188,21.88128471374512,100558400.0
2016-07-08,22.006718304571876,22.097947666125435,21.906367572912767,22.050052642822266,115648400.0
2016-07-11,22.06602512354497,22.271290821542625,22.061464436947663,22.11848258972168,95179600.0
2016-07-12,22.16181196420033,22.28269015200899,22.150409379345284,22.218830108642575,96670000.0
2016-07-13,22.21655465624445,22.275852284355423,22.08655159293596,22.093395233154297,103568800.0
2016-07-14,22.21199185966212,22.576907696045488,22.196026846197096,22.531293869018555,155676000.0
2016-07-15,22.560938886914567,22.6476075797629,22.4651488222402,22.529008865356445,120548000.0
2016-07-18,22.51076289454818,22.836906752747325,22.48795598461548,22.76848602294922,145975600.0
2016-07-19,22.706903287985973,22.80725577019259,22.656727046882665,22.777606964111328,95119600.0
2016-07-20,22.80726268602469,22.91217588557368,22.74796331582533,22.798139572143555,105104000.0
2016-07-21,22.768488836249336,23.03533336955051,22.608836966882272,22.67725944519043,130808000.0
2016-07-22,22.63848735005761,22.6476104631008,22.42181733040751,22.501644134521484,113254800.0
2016-07-25,22.408133222722523,22.54269522313343,22.104796243417297,22.200586318969727,161531600.0
2016-07-26,22.08198650260001,22.3442703102066,21.99075712516437,22.047775268554688,224959200.0
2016-07-27,23.7811335606712,23.799379789602447,23.43446391125832,23.480077743530277,369379200.0
2016-07-28,23.45270409079332,23.82218056103933,23.450422877751294,23.79709243774414,159479200.0
2016-07-29,23.76288392437889,23.844990196727817,23.646566415208607,23.767444610595703,110934800.0
2016-08-01,23.813060539248017,24.20990636833348,23.813060539248017,24.18709945678711,152671600.0
2016-08-02,24.18709142571656,24.191652110489176,23.71954206400965,23.82901763916016,135266400.0
2016-08-03,23.90428807949513,24.139202573487715,23.895164966905853,24.12779998779297,120810400.0
2016-08-04,24.210353990453196,24.306662989971677,24.141560848235837,24.276853561401367,109634800.0
2016-08-05,24.36856802687848,24.685014285714743,24.34793114016224,24.646032333374023,162213600.0
2016-08-08,24.655205358693667,24.85011863708496,24.572656054840465,24.85011863708496,112148800.0
2016-08-09,24.818016197928277,24.98082473744984,24.76756813648853,24.95101356506348,105260800.0
2016-08-10,24.92808642374439,24.971655527966504,24.71024440159817,24.765277862548828,96034000.0
2016-08-11,24.88452040390049,24.978537587931488,24.73088435873424,24.749229431152344,109938000.0
2016-08-12,24.71482738730841,24.866171577035363,24.71482738730841,24.806550979614254,74641600.0
2016-08-15,24.79738051469057,25.11841223980901,24.78362258701534,25.10465431213379,103472800.0
2016-08-16,25.139039732635226,25.27662595587699,25.04273077595119,25.08171272277832,135177600.0
2016-08-17,25.01751870822189,25.079432888167485,24.843244025111375,25.04503631591797,101424000.0
2016-08-18,25.04732266401467,25.132165535016163,24.99916642706343,25.01292610168457,87938800.0
2016-08-19,24.941842391231983,25.15280718234541,24.8478269757258,25.07713508605957,101472400.0
2016-08-22,24.962482530161843,25.01751599009233,24.73088083495956,24.882225036621094,103280800.0
2016-08-23,24.90056540957308,25.06796109012888,24.886807483589457,24.960186004638672,85030800.0
2016-08-24,24.895986189412493,24.937261727077985,24.69190207247821,24.772159576416016,94700400.0
2016-08-25,24.625396225777187,24.73775670267158,24.4625876879762,24.666671752929688,100344800.0
2016-08-26,24.629978508933373,24.753803316483506,24.377738254156775,24.52220344543457,111065200.0
2016-08-29,24.44882902350309,24.63686158607705,24.37315693442919,24.49468994140625,99881200.0
2016-08-30,24.260796872456613,24.421311837322307,24.192003744953084,24.30665779113769,99455600.0
2016-08-31,24.22869546614797,24.437364934138508,24.22410832429032,24.32958984375,118649600.0
2016-09-01,24.338759750715155,24.49010392500426,24.21952031751797,24.47405242919922,106806000.0
2016-09-02,24.69648079890837,24.76527392627412,24.494690307841104,24.70336151123047,107210000.0
2016-09-06,24.74234437446517,24.834067964489712,24.65291435529878,24.696481704711918,107521600.0
2016-09-07,24.72629299022121,24.939549594471305,24.55201834332775,24.84782600402832,169457200.0
2016-09-08,24.59329033700856,24.59787572860481,24.1323806296489,24.19658660888672,212008000.0
2016-09-09,23.99480197626819,24.24245517027927,23.64854621887207,23.64854621887207,186228000.0
2016-09-12,23.53847762093643,24.242453442063752,23.510960018180626,24.178247451782227,181171200.0
2016-09-13,24.65292029844949,24.946434457700768,24.591006116727257,24.753814697265625,248704800.0
2016-09-14,24.932669499908865,25.918693241349946,24.902858328415583,25.62976455688477,443554800.0
2016-09-15,26.109020142677068,26.53782691516652,26.02417551671913,26.50113677978516,359934400.0
2016-09-16,26.39794587025156,26.629545763272738,26.150292732692883,26.35208320617676,319547600.0
2016-09-19,26.414003187971904,26.64101773936924,25.96914487053204,26.044816970825195,188092000.0
2016-09-20,25.923282980942165,26.16864259288088,25.799456389475605,26.04252243041992,138057200.0
2016-09-21,26.106722811970585,26.13882580106485,25.78339935052643,26.037931442260746,144012800.0
2016-09-22,26.22138051190567,26.35667319871073,26.14112302794433,26.28329467773437,124296000.0
2016-09-23,26.23743644977777,26.322281089744948,25.579323220417336,25.845319747924805,209924800.0
2016-09-26,25.5999605363513,26.00124978020245,25.57932364356187,25.884302139282227,119477600.0
2016-09-27,25.91181626549997,25.95309179501721,25.76047207410939,25.932453155517575,98429600.0
2016-09-28,26.070038897961247,26.28788089692138,26.01041830107917,26.129657745361328,118564400.0
2016-09-29,25.948513903542484,26.09527099547524,25.63665464581474,25.723791122436523,143548000.0
2016-09-30,25.7879861334126,25.996657323265666,25.636643712300064,25.92327880859375,145516400.0
2016-10-03,25.84531737734946,25.92328304601615,25.746714818127572,25.80174827575684,86807200.0
2016-10-04,25.925569752935917,26.21220483953562,25.826967213166345,25.91181182861328,118947200.0
2016-10-05,26.003536285659624,26.06315687554361,25.840727760902624,25.92327880859375,85812400.0
2016-10-06,26.072325227219988,26.21908224287525,25.94161970548072,26.115894317626957,115117200.0
2016-10-07,26.21221136998116,26.269538401583414,26.028765918543243,26.154884338378903,97433600.0
2016-10-10,26.375021019856916,26.7717248647122,26.3062296287804,26.61120986938477,144944000.0
2016-10-11,26.989559412159316,27.21657566338203,26.645597303680734,26.668529510498047,256164000.0
2016-10-12,26.909310325443467,27.05377557570834,26.771725789057832,26.90701675415039,150347200.0
2016-10-13,26.780891886593427,26.929942494130238,26.53553230168768,26.824460983276367,140769600.0
2016-10-14,27.03083585486916,27.09733540804211,26.858854794778285,26.973508834838867,142608800.0
2016-10-17,26.90472351618445,27.021669403741424,26.778603343938062,26.955171585083008,94499600.0
2016-10-18,27.099627595174397,27.106506557309743,26.93223193546004,26.93681907653809,98214000.0
2016-10-19,26.88637871777449,27.003326355996805,26.09526635508276,26.856569290161133,80138400.0
2016-10-20,26.79694303772596,26.916182472530696,26.67541003220906,26.842803955078125,96503200.0
2016-10-21,26.78548016220353,26.808412373125577,26.663947142037795,26.73732566833496,92770800.0
2016-10-24,26.85198155958697,26.998738622207984,26.82905109658035,26.97810173034668,94154800.0
2016-10-25,27.04689327772115,27.1409104509256,26.900136214240906,27.115686416625977,192516000.0
2016-10-26,26.212206075943968,26.530944167318918,25.982897995847928,26.505720138549805,264536800.0
2016-10-27,26.45985770942397,26.567632780823928,26.1640500930757,26.25118827819824,138248000.0
2016-10-28,26.11131803325265,26.418590095236567,26.01500728668432,26.07692146301269,151446800.0
2016-10-31,26.06086665557682,26.193865777232485,25.95767695795487,26.035642623901367,105677600.0
2016-11-01,26.01729856178367,26.088383517719134,25.345425713722733,25.565561294555664,175303200.0
2016-11-02,25.544927896284744,25.762769935891,25.505945931215383,25.5884952545166,113326800.0
2016-11-03,25.579273297456805,25.689905316964364,25.249679068630783,25.3142147064209,107730400.0
2016-11-04,25.014581046318856,25.41101622939243,24.91777759700017,25.086030960083008,123348000.0
2016-11-07,25.37183634410256,25.47094514851172,25.22893474565132,25.44789695739746,130240000.0
2016-11-08,25.424845594318786,25.749830873894304,25.28424935033473,25.59770965576172,97016800.0
2016-11-09,25.3257393841809,25.65763897878618,24.903952367578423,25.556224822998047,236705600.0
2016-11-10,25.60462355477469,25.60462355477469,24.39227155470733,24.84402275085449,228538000.0
2016-11-11,24.689596068272586,25.0929455082618,24.5582194638718,24.991531372070312,136575600.0
2016-11-14,24.82558923152891,24.848637426342865,23.98892762637693,24.3646183013916,204702000.0
2016-11-15,24.562841154525756,24.81868021572091,24.46834300819565,24.68730354309082,129058000.0
2016-11-16,24.592801527360585,25.40641679898397,24.569753329633908,25.351099014282227,235362000.0
2016-11-17,25.309605348348004,25.43406769570805,25.08373060416685,25.341873168945312,110528000.0
2016-11-18,25.288861445503144,25.477859426154385,25.275032882529526,25.367225646972656,113715600.0
2016-11-21,25.381058330811054,25.81206499593885,25.35570479069008,25.752140045166016,117058400.0
2016-11-22,25.80283425892819,25.911162654907542,25.67606837135992,25.76826286315918,103862000.0
2016-11-23,25.6668547882664,25.70142795063754,25.42945510296281,25.636892318725582,109705600.0
2016-11-25,25.61384518763281,25.784405671825745,25.572357739918893,25.765966415405277,45903600.0
2016-11-28,25.682999352052672,25.922704483224447,25.673779721030893,25.715267181396484,108776000.0
2016-11-29,25.5331806949905,25.82128753937063,25.369536218398338,25.689910888671875,114115200.0
2016-11-30,25.722176052588267,25.86046697188614,25.41562997986062,25.47325134277344,144649200.0
2016-12-01,25.43867576277433,25.570052378346286,25.1298243937763,25.23584747314453,148347600.0
2016-12-02,25.16209383181276,25.3741400042078,25.08833856495952,25.33034896850586,106112000.0
2016-12-05,25.353401579972008,25.360315862684946,24.950052009381544,25.148269653320312,137298000.0
2016-12-06,25.23815542537744,25.43637304245481,25.16670550240688,25.341873168945312,104782000.0
2016-12-07,25.18283710341803,25.62767402767681,25.15978891345697,25.590795516967773,119994800.0
2016-12-08,25.551609865310557,25.913471848622315,25.491683172973083,25.842021942138672,108273200.0
2016-12-09,25.885820828842085,26.43668092434876,25.885820828842085,26.263816833496094,137610400.0
2016-12-12,26.111696880909687,26.505826789988568,25.92730781724573,26.114002227783203,105497600.0
2016-12-13,26.23844971396487,26.71785963319128,26.21770687786028,26.549606323242188,174935200.0
2016-12-14,26.51503317127098,26.782395245690303,26.50120461386792,26.549606323242188,136127200.0
2016-12-15,26.59340625984937,26.904562973479848,26.558834854747445,26.69482040405273,186098000.0
2016-12-16,26.84463570919112,26.85154999006606,26.65563774526484,26.729393005371094,177404400.0
2016-12-19,26.69021456256297,27.05438022006357,26.67868958721731,26.88382148742676,111117600.0
2016-12-20,26.906863325380527,27.08203271017368,26.89303476500294,26.955265045166016,85700000.0
2016-12-21,26.92069830092802,27.05898920401707,26.91608760769532,26.980623245239254,95132800.0
2016-12-22,26.816980648070743,26.853859162610323,26.653336196346185,26.803152084350582,104343600.0
2016-12-23,26.64180770848088,26.85615921020508,26.64180770848088,26.85615921020508,56998000.0
2016-12-27,26.85616336574068,27.151186213418192,26.84924908372231,27.026723861694336,73187600.0
2016-12-28,27.08664185560197,27.20188454888536,26.7824012156724,26.911474227905277,83623600.0
2016-12-29,26.84002841174374,26.992149644093317,26.82850519498244,26.904565811157227,60158000.0
2016-12-30,26.886123718449397,27.01288964023945,26.604931233859443,26.69482040405273,122345200.0
2017-01-03,26.690212108223545,26.81236909841128,26.450507062483908,26.77088165283203,115127600.0
2017-01-04,26.701742725315224,26.85386398742596,26.678694528819115,26.74092483520508,84472400.0
2017-01-05,26.717869935968483,26.934526797301263,26.69251639864383,26.87690544128418,88774400.0
2017-01-06,26.916079355261207,27.23415026915656,26.84462945823889,27.176528930664062,127007600.0
2017-01-09,27.18575953863893,27.52687879611233,27.18345595011346,27.425464630126957,134247600.0
2017-01-10,27.374753318580197,27.51534956935505,27.266426645287005,27.4531192779541,97848400.0
2017-01-11,27.367839033525733,27.642117253601786,27.33557121451258,27.600629806518555,110354400.0
2017-01-12,27.404718252510857,27.496912777124887,27.245682741513264,27.485387802124023,108344800.0
2017-01-13,27.453118925170525,27.57066698348872,27.38397259475647,27.43698501586914,104447600.0
2017-01-17,27.275647923726257,27.71357064028986,27.247990794520103,27.65825462341309,137759200.0
2017-01-18,27.65824444824674,27.77348713344777,27.59140347981449,27.65593910217285,94852000.0
2017-01-19,27.519960116795648,27.67899386440613,27.51304583539488,27.6075439453125,102389200.0
2017-01-20,27.761972374865096,27.761972374865096,27.59602432423477,27.65825462341309,130391600.0
2017-01-23,27.658253704811816,27.844946354610684,27.60524127815325,27.676692962646484,88200800.0
2017-01-24,27.554535114294996,27.681301051487395,27.54301013888461,27.651338577270508,92844000.0
2017-01-25,27.755065076960445,28.14228080946734,27.72279724579028,28.09157371520996,129510400.0
2017-01-26,28.043156602154472,28.22063133480768,28.027022695409997,28.105388641357425,105350400.0
2017-01-27,28.151495057089637,28.19989679458814,28.027032692751515,28.107702255249023,82251600.0
2017-01-30,27.872600280396256,28.033939361572266,27.81036999436097,28.033939361572266,121510000.0
2017-01-31,27.92330784185336,27.97862384801942,27.801150855607247,27.96940422058105,196804000.0
2017-02-01,29.27856213257431,30.07604321991252,29.273953197975487,29.674997329711918,447940000.0
2017-02-02,29.49752644079325,29.82250998639,29.45142829919011,29.624292373657227,134841600.0
2017-02-03,29.57358571546973,29.77641402446415,29.539014306858704,29.751060485839844,98029200.0
2017-02-06,29.76258683577543,30.07835077210367,29.70957265088489,30.02994728088379,107383600.0
2017-02-07,30.08756637376908,30.44481949233701,30.06682352920845,30.31574821472168,152735200.0
2017-02-08,30.27426420290891,30.47478541196175,30.244299970042167,30.43329620361328,92016400.0
2017-02-09,30.474965442589134,30.6601539460953,30.3522788096039,30.653209686279297,113399600.0
2017-02-10,30.66246297062399,30.773574630564617,30.567553401923718,30.583755493164062,80262000.0
2017-02-13,30.80598918233789,30.977289159070857,30.729598795369544,30.85459899902344,92141600.0
2017-02-14,30.89625449083309,31.271258468931265,30.845327588600597,31.255056381225582,132904800.0
2017-02-15,31.37080160422517,31.54441509641387,31.162463294293417,31.368484497070312,142492400.0
2017-02-16,31.405522761633943,31.458763243345395,31.213390073868105,31.331449508666992,90338400.0
2017-02-17,31.27357583982792,31.44255863565733,31.27357583982792,31.41709518432617,88792800.0
2017-02-21,31.535157147916,31.65553017121433,31.47728597758471,31.64395523071289,98028800.0
2017-02-22,31.581455376037606,31.741180381406583,31.50738211005811,31.738866806030277,83347600.0
2017-02-23,31.80136812217017,31.8245144720681,31.55136423091041,31.604604721069336,83152800.0
2017-02-24,31.461083451854563,31.63469696044922,31.315246974338777,31.63469696044922,87106400.0
2017-02-27,31.745821761233163,31.81526789986023,31.54674471433015,31.697208404541016,81029600.0
2017-02-28,31.73192286301284,31.815257495677876,31.643957547373027,31.711090087890625,93931600.0
2017-03-01,31.919425774445003,32.44257993523194,31.85229676427185,32.35924530029297,145658400.0
2017-03-02,32.40785678261157,32.472672213602706,32.12081449381077,32.1671142578125,104844000.0
2017-03-03,32.125441300977805,32.36850090395948,32.08145864978795,32.35692596435547,84432400.0
2017-03-06,32.262029251547595,32.35462527307624,32.08378853293693,32.25508499145508,87000000.0
2017-03-07,32.19026458966033,32.40323010814363,32.1277627262672,32.296749114990234,69785200.0
2017-03-08,32.164801400243604,32.36156482672111,32.13471078827789,32.17637634277344,74828800.0
2017-03-09,32.11618697021985,32.127758378909846,31.724977281310007,32.102294921875,88623600.0
2017-03-10,32.23423801983818,32.25970147302597,32.09303223982871,32.20877456665039,78451200.0
2017-03-13,32.14165778323444,32.2759158250435,32.13471352356076,32.22267532348633,69686800.0
2017-03-14,32.24581669262619,32.32683421147691,32.139332185463424,32.17405700683594,61236400.0
2017-03-15,32.2712911870714,32.581479917246654,32.18332584811714,32.51435089111328,102767200.0
2017-03-16,32.574529250303875,32.64397537096826,32.46804472766163,32.56758499145508,76928000.0
2017-03-17,32.63934639760594,32.63934639760594,32.38239821021006,32.405548095703125,175540000.0
2017-03-20,32.50044618976005,32.75508073911819,32.46109421980029,32.74582290649414,86168000.0
2017-03-21,32.89628258831062,33.05600755630468,32.34534801051669,32.370811462402344,158119600.0
2017-03-22,32.37313927978638,32.778237536969804,32.352302970677094,32.736568450927734,103440800.0
2017-03-23,32.69952303143862,32.77359982087255,32.549059409642595,32.620819091796875,81385200.0
2017-03-24,32.75508436437389,32.810641962794406,32.488878377816576,32.556007385253906,89582400.0
2017-03-27,32.26665494689288,32.690272407925804,32.08841072366366,32.611568450927734,94300400.0
2017-03-28,32.61850413642617,33.343048716972746,32.551371607320455,33.28749465942383,133499200.0
2017-03-29,33.2597184372642,33.447224002478976,33.146293200188246,33.361572265625,116760000.0
2017-03-30,33.37778090605331,33.449540601018,33.21805589097636,33.31759262084961,84829200.0
2017-03-31,33.26898495389625,33.396302259059844,33.1046292450166,33.255096435546875,78646800.0
2017-04-03,33.266671813683494,33.36157786770539,33.11389104548733,33.26435470581055,79942800.0
2017-04-04,33.16018901999621,33.53982385248082,33.141669816926616,33.512046813964844,79565600.0
2017-04-05,33.384713272303834,33.67175548208729,33.28980372727361,33.338417053222656,110871600.0
2017-04-06,33.40092941039191,33.45417344029997,33.20648308914748,33.255096435546875,84596000.0
2017-04-07,33.27129007846736,33.37545747180516,33.16480911005119,33.18101119995117,66688800.0
2017-04-10,33.24120667710491,33.30602211510173,33.07916454993642,33.14166641235352,75733600.0
2017-04-11,33.08841582958201,33.18332538206427,32.42173891950718,32.78517150878906,121517600.0
2017-04-12,32.77823151174578,32.90554525771684,32.64165286854683,32.82452774047852,81400000.0
2017-04-13,32.8499940329233,32.958792122537375,32.650917053222656,32.650917053222656,71291600.0
2017-04-17,32.7504608596611,32.84305687732368,32.60925502338047,32.83148193359375,66328400.0
2017-04-18,32.734259408881314,32.88009239978457,32.66481327731086,32.685646057128906,58790000.0
2017-04-19,32.8430462719314,32.8708233021722,32.51202135546686,32.56526184082031,69313600.0
2017-04-20,32.690275103601536,33.08379845321876,32.67638658441855,32.972686767578125,93278400.0
2017-04-21,32.9726863318099,33.028240407807615,32.83611118541318,32.93333435058594,69283600.0
2017-04-24,33.21806148418813,33.32222891481116,33.14398466905719,33.25046920776367,68537200.0
2017-04-25,33.31296635455001,33.54213396298466,33.30370498788361,33.456485748291016,75486000.0
2017-04-26,33.4425909031442,33.4726850408515,33.19027345795837,33.25971603393555,80164800.0
2017-04-27,33.31528091186604,33.37083851697221,33.174075089542335,33.285186767578125,56985200.0
2017-04-28,33.354627110533805,33.40324044809905,33.16481150729188,33.25277328491211,83441600.0
2017-05-01,33.588441433328384,34.07455732948006,33.55603370691827,33.93103790283203,134411600.0
2017-05-02,34.15324171135421,34.280558967850475,33.99120317225681,34.146297454833984,181408800.0
2017-05-03,33.70185437712131,34.14167739708767,33.39629643023585,34.042137145996094,182788000.0
2017-05-04,33.91713909182939,34.06065847493561,33.75278340135599,33.91945266723633,93487600.0
2017-05-05,33.97270243800428,34.486598892800345,33.97270243800428,34.481971740722656,109310800.0
2017-05-08,34.49815993257278,35.579192912756085,34.49815993257278,35.41946792602539,195009600.0
2017-05-09,35.618539784838845,35.85234152761911,35.52131666165135,35.64632034301758,156521600.0
2017-05-10,35.56300007932574,35.63475978023358,35.21114230191216,35.47734832763672,103222800.0
2017-05-11,35.43550416429331,35.81205966165817,35.40296268148456,35.78416442871094,109020400.0
2017-05-12,35.95849428633321,36.3582916702196,35.95152136483856,36.283912658691406,130108000.0
2017-05-15,36.26300057857565,36.41176219035875,36.0398599342793,36.19094467163086,104038800.0
2017-05-16,36.24672887780986,36.27462056955836,35.963151522512334,36.137481689453125,80194000.0
2017-05-17,35.70280923900162,35.92827647316972,34.79861717761034,34.92413330078125,203070800.0
2017-05-18,35.161224445133115,35.642373738162306,35.128682964187924,35.4564208984375,134272800.0
2017-05-19,35.651675956065326,35.79113793606161,35.477345821003205,35.577293395996094,107843200.0
2017-05-22,35.795787785616746,35.93060351587456,35.542428840173685,35.79346466064453,91865600.0
2017-05-23,36.00497630723643,36.00497630723643,35.6353973354477,35.74929428100586,79675600.0
2017-05-24,35.75858838045589,35.83529404817811,35.4866338567616,35.64236831665039,76712000.0
2017-05-25,35.733022486424275,35.87713778807206,35.570315094326915,35.76556396484375,76942400.0
2017-05-26,35.79579069602269,35.8515776206928,35.63540639100761,35.70513916015625,87710400.0
2017-05-30,35.66098706788154,35.89575047211027,35.6400682940582,35.71909713745117,80507600.0
2017-05-31,35.78882259905108,35.835309935832555,35.41924348351713,35.507568359375,97804800.0
2017-06-01,35.602863337343535,35.64005461881937,35.38204586705896,35.605186462402344,65616400.0
2017-06-02,35.698165727231675,36.13282775878906,35.53778142451099,36.13282775878906,111082800.0
2017-06-05,35.874823285105,35.90039185158972,35.67027829998363,35.77952194213867,101326800.0
2017-06-06,35.7725439958314,36.21650561210647,35.74465230785796,35.900386810302734,106499600.0
2017-06-07,36.03288297744737,36.2560235967663,35.90736327566881,36.114234924316406,84278400.0
2017-06-08,36.08633878049801,36.15374487368615,35.88876320422132,36.02590560913086,85003200.0
2017-06-09,36.07240773011959,36.07240773011959,33.940930781663866,34.62895202636719,259530800.0
2017-06-12,33.875835201353475,33.95718714132232,33.12505081993979,33.80145263671875,289229200.0
2017-06-13,34.20590265827269,34.27330875959209,33.738695559372296,34.07341003417969,136661600.0
2017-06-14,34.28492554192561,34.28492554192561,33.43419365691819,33.74101638793945,126124800.0
2017-06-15,33.313331736349795,33.5829596774279,33.055322968065674,33.538795471191406,128661600.0
2017-06-16,33.42024683259305,33.587604036098135,33.05299094416554,33.06926345825195,201444400.0
2017-06-19,33.39235892227018,34.10827514113461,33.39235892227018,34.01529693603516,130165600.0
2017-06-20,34.1384850786203,34.1384850786203,33.68987727338797,33.706146240234375,99600400.0
2017-06-21,33.82469208079515,33.95253487438368,33.61317069019916,33.906044006347656,85063200.0
2017-06-22,33.88282226063501,34.098990029130725,33.731733943214444,33.85028076171875,76425200.0
2017-06-23,33.734056959567944,34.20591041608749,33.729407161153226,34.00136184692383,141757600.0
2017-06-26,34.20823576357425,34.46624461761411,33.79216922073884,33.89444351196289,102769600.0
2017-06-27,33.70615355598304,33.97346192538377,33.38306180613813,33.40863037109375,99047600.0
2017-06-28,33.585289977449605,33.961842013606656,33.276144047154624,33.896759033203125,88329600.0
2017-06-29,33.636419820909026,33.73404427035426,33.07158834234401,33.397003173828125,125997600.0
2017-06-30,33.57597599562158,33.694522731585124,33.42024153447321,33.47602844238281,92096400.0
2017-07-03,33.67593983865184,33.77356430436874,33.26219653533707,33.35517120361328,57111200.0
2017-07-05,33.39933109934542,33.65501317746531,33.17386383379753,33.492305755615234,86278400.0
2017-07-06,33.24359906815151,33.35516937331201,33.10181040141911,33.17618942260742,96515200.0
2017-07-07,33.215702390068536,33.64571816878647,33.215702390068536,33.51322555541992,76806800.0
2017-07-10,33.49695217635092,33.92464122689524,33.324945178156696,33.717769622802734,84362400.0
2017-07-11,33.641058299042584,33.901393650842714,33.55970638334335,33.82701110839844,79127200.0
2017-07-12,33.906046414266775,33.978102299382456,33.66198707352154,33.875831604003906,99538000.0
2017-07-13,33.82005031620915,34.51504781603423,33.8061044711886,34.34769058227539,100797600.0
2017-07-14,34.394170362066625,34.710289117889154,34.2454088032534,34.642879486083984,80528400.0
2017-07-17,34.59175991164333,35.0752325133514,34.533649848800295,34.763763427734375,95174000.0
2017-07-18,34.68007976937292,34.89625101613398,34.55688673773994,34.88462829589844,71475200.0
2017-07-19,34.97759920623651,35.1960935548669,34.85440618783953,35.103118896484375,83692000.0
2017-07-20,35.21468838383295,35.270475305629525,34.91019230588272,34.9450569152832,68974800.0
2017-07-21,34.863704264059535,34.96830163687555,34.60569551951031,34.92878723144531,105010400.0
2017-07-24,35.00084987687023,35.43318884182019,34.842788677882595,35.35183334350586,85972800.0
2017-07-25,35.2844163004483,35.75859265691047,35.2844163004483,35.50291061401367,75415600.0
2017-07-26,35.644704264586665,35.7795164525424,35.577294623853,35.67027282714844,63124000.0
2017-07-27,35.73769325587052,35.79348020022448,34.23845415058545,34.99620819091797,129905200.0
2017-07-28,34.840468448907586,34.91949728159327,34.67776098550861,34.74981689453125,68854800.0
2017-07-31,34.84277053898148,34.94272162906972,34.43135410421848,34.57081604003906,79383600.0
2017-08-01,34.65683374347769,34.91716562128409,34.49644944491631,34.87765121459961,141474400.0
2017-08-02,37.02308347151407,37.13233067492419,36.297871012073976,36.52566146850586,279747200.0
2017-08-03,36.50472359957364,36.54191487207745,36.03287041329078,36.16071319580078,108389200.0
2017-08-04,36.27694696242737,36.58608933494351,36.18861854356201,36.35132598876953,82239600.0
2017-08-07,36.50705565646402,36.93939455152754,36.4164041242776,36.91382598876953,87481200.0
2017-08-08,36.86501584582624,37.615796672404265,36.78831015690562,37.20902633666992,144823600.0
2017-08-09,37.01842033755663,37.48562735094947,36.9835557306268,37.43681335449219,104526000.0
2017-08-10,37.31314215481408,37.33647887838671,36.08337444544976,36.244388580322266,163217200.0
2017-08-11,36.54308013212896,37.0027858132447,36.41940333067996,36.74842834472656,105028400.0
2017-08-14,37.177798729536015,37.38548274068739,37.04478582092473,37.30147552490234,88490800.0
2017-08-15,37.49049410528858,37.84985616118254,37.36914954742076,37.70984649658203,117862000.0
2017-08-16,37.78917959090758,37.92218892894133,37.37147579102165,37.55815887451172,110686400.0
2017-08-17,37.45782075421376,37.50215838942201,36.83243292614835,36.837100982666016,111762400.0
2017-08-18,36.837112403518354,37.21981126088944,36.57109007047608,36.75310516357422,109712400.0
2017-08-21,36.753087961028506,36.84409546498087,36.19537457820594,36.68541717529297,105474000.0
2017-08-22,36.923443139395175,37.33647893460074,36.87444100477661,37.28514099121094,86418400.0
2017-08-23,37.119461484744576,37.44615424344615,37.07512384734565,37.331809997558594,77596400.0
2017-08-24,37.43681297371242,37.50915538095337,36.99811183826252,37.1661262512207,79275600.0
2017-08-25,37.25480442371975,37.467156504852525,37.16613270641787,37.303810119628906,101920400.0
2017-08-28,37.36914073351239,37.80317735670186,37.32013504801597,37.679500579833984,103864000.0
2017-08-29,37.35981966475965,38.06454321653382,37.3364829386492,38.01554107666016,118067600.0
2017-08-30,38.22322561575013,38.2442265331109,37.945534950587,38.11821746826172,109078400.0
2017-08-31,38.18589783916974,38.39124968882988,38.14856049183418,38.26990509033203,107140400.0
2017-09-01,38.45656606993318,38.48923533982436,38.18354355141044,38.281551361083984,66364400.0
2017-09-05,38.21155270980482,38.32822920662865,37.46715609035932,37.82185363769531,117874000.0
2017-09-06,37.96886004348513,38.03419858459997,37.457816513514224,37.78217697143555,86606800.0
2017-09-07,37.82418419681812,37.85918928071265,37.42048453282566,37.63050079345703,87714000.0
2017-09-08,37.53715695242767,37.60482774352189,36.99344413320669,37.01678085327149,114446000.0
2017-09-11,37.45314381366175,37.81484155328231,37.31079838945042,37.68649673461914,126323200.0
2017-09-12,37.94553052051732,38.26055848688814,37.04945587756065,37.53716278076172,286856000.0
2017-09-13,37.306159745282585,37.32716423084724,36.84878965360944,37.25482177734375,179629600.0
2017-09-14,37.10078269829304,37.19645469109048,36.89076293011516,36.93510055541992,95042800.0
2017-09-15,36.9794431577368,37.56282554672024,36.86976698375322,37.3084716796875,196458400.0
2017-09-18,37.362151963485545,37.453159498343865,36.86977695164069,37.026123046875,113077600.0
2017-09-19,37.22214571913743,37.28281979422856,36.97245979380792,37.040130615234375,83242400.0
2017-09-20,36.84643205759684,36.93043926812725,35.89668733365387,36.41939926147461,211805600.0
2017-09-21,36.35639164690989,36.35639164690989,35.644664411338915,35.79401016235352,150046800.0
2017-09-22,35.36231001578385,35.53266025966119,35.133625085951856,35.44398498535156,186581600.0
2017-09-25,35.00062094298071,35.429989647563616,34.80693750803978,35.13129806518555,177549200.0
2017-09-26,35.41832317287811,35.91769852260745,35.39732225440781,35.73568344116211,146640000.0
2017-09-27,35.88969211516487,36.10437644790088,35.829018056321864,35.99003219604492,102016800.0
2017-09-28,35.91069034092824,36.00169786169218,35.63299972199408,35.76834487915039,88022000.0
2017-09-29,35.75200319846631,35.966687462139404,35.46964459257487,35.964351654052734,105199200.0
2017-10-02,35.997033133613364,36.04137077410554,35.63767107397056,35.892024993896484,74795200.0
2017-10-03,35.938686560539594,36.19070817391197,35.915353401941296,36.0483627319336,64921200.0
2017-10-04,35.85001515000581,35.9036853319667,35.57699262348722,35.81501007080078,80655200.0
2017-10-05,35.97837198273125,36.27239910818883,35.94803850712365,36.2607307434082,85135200.0
2017-10-06,36.16271247830708,36.284057027861,36.06703689960718,36.23971939086914,69630400.0
2017-10-09,36.35873379453532,36.57341814753112,36.28406267903809,36.3657341003418,65051600.0
2017-10-10,36.41706373948242,36.86976906864224,36.193046883428,36.37972640991211,62468000.0
2017-10-11,36.39606505980196,36.63175029089218,36.34472711866406,36.53141021728516,67622400.0
2017-10-12,36.484747341227305,36.72276486602361,36.34006604264477,36.40307235717773,64500400.0
2017-10-13,36.57339732008087,36.70174212125195,36.49872624710656,36.634071350097656,65576800.0
2017-10-16,36.84643026392048,37.33647289493997,36.78809202502214,37.3084716796875,96486000.0
2017-10-17,37.28513761287271,37.539491498003954,37.156792766027294,37.44615173339844,75989200.0
2017-10-18,37.43447413587837,37.50214847510027,37.243126597446,37.280460357666016,65496800.0
2017-10-19,36.57808599063519,36.65509291473972,36.17438626186099,36.39840316772461,170336800.0
2017-10-20,36.5454024607867,36.81142465820312,36.39372448076308,36.46139526367188,95896400.0
2017-10-23,36.61075585646932,36.79743898813021,36.28639529497379,36.44274139404297,87937200.0
2017-10-24,36.4707367962146,36.73442681112196,36.44973588193455,36.65975570678711,71028800.0
2017-10-25,36.6154176421194,36.764763409729866,36.23271889007482,36.49874114990234,84828400.0
2017-10-26,36.690076991646286,36.83009016172609,36.58506889442785,36.73208236694336,68002000.0
2017-10-27,37.17080424778157,38.17655884312885,37.03312680847597,38.04821395874024,177816800.0
2017-10-30,38.244224059767326,39.2196414776492,38.20455447597877,38.90461349487305,178803200.0
2017-10-31,39.17995406941914,39.588321681771504,38.95593725891119,39.44597625732422,144187200.0
2017-11-01,39.63966571812375,39.65600213426327,38.64558340184696,38.94427490234375,134551200.0
2017-11-02,38.87660407591348,39.319973270116144,38.56857646342304,39.228965759277344,165573600.0
2017-11-03,40.60341305940048,40.66408354419493,39.93135542796412,40.25338363647461,237594400.0
2017-11-06,40.223049889605925,40.8344370860408,40.07137188492503,40.6617546081543,140105200.0
2017-11-07,40.58241463533435,40.895106751078096,40.51007578653969,40.79243087768555,97446000.0
2017-11-08,40.7574310266021,41.12612915039063,40.68042411840414,41.12612915039063,97638000.0
2017-11-09,40.862439101633605,41.0934598259423,40.40273346157568,41.04212188720703,117930400.0
2017-11-10,41.00933312803533,41.072565925229945,40.81261284063416,40.906288146972656,100582000.0
2017-11-13,40.63228489422871,40.86647673799948,40.60886428045805,40.74235534667969,67928400.0
2017-11-14,40.52454823460366,40.62759320022976,40.08895133576452,40.12642288208008,99130000.0
2017-11-15,39.80559862253724,39.887567219183246,39.43323434894289,39.59716796875,116632400.0
2017-11-16,40.088953147786754,40.25054607177867,39.88286678070278,40.070220947265625,94550000.0
2017-11-17,40.056170768140326,40.13813934158887,39.72830362131391,39.84774017333984,87598000.0
2017-11-20,39.88052507336638,39.94375786790705,39.70956603840621,39.80792617797852,65049600.0
2017-11-21,39.99528076658117,40.67912048692099,39.99528076658117,40.5479736328125,100525200.0
2017-11-22,40.59950421138276,40.98357874929391,40.52690530078438,40.974212646484375,102355600.0
2017-11-24,41.00700477704861,41.1006801114414,40.90161555900056,40.976558685302734,56106800.0
2017-11-27,40.99528780501954,41.00231327528309,40.594818132575305,40.77046203613281,82867200.0
2017-11-28,40.81964067182727,40.95312816975762,40.24821197904056,40.531585693359375,105715200.0
2017-11-29,40.42853275152802,40.49644680316754,39.14750328244924,39.690826416015625,166665600.0
2017-11-30,39.91331691229435,40.31378656450264,39.447277398767646,40.245872497558594,166108800.0
2017-12-01,39.80091635701964,40.20372674800791,39.46133878543253,40.05852890014648,159037200.0
2017-12-04,40.39340616744277,40.426192880970966,39.72596159058653,39.76577377319336,130169600.0
2017-12-05,39.59248171634482,40.16859535793597,39.43791420598076,39.72831344604492,109400800.0
2017-12-06,39.227136350163626,39.85945365424555,38.98357838933744,39.58076477050781,114240000.0
2017-12-07,39.58545987513872,39.91567133933631,39.55735798830832,39.65337753295898,102693200.0
2017-12-08,39.92737070272112,40.04680726248829,39.53627073312778,39.66507339477539,93420800.0
2017-12-11,39.625258391774615,40.48942684830083,39.529238880275294,40.43790435791016,141095200.0
2017-12-12,40.31612092676802,40.37232825077936,40.15453157051721,40.21073532104492,77636800.0
2017-12-13,40.39809759610526,40.64165556869939,40.28100166104409,40.344234466552734,95273600.0
2017-12-14,40.37466852907948,40.5456311313942,40.19902466325085,40.332515716552734,81906000.0
2017-12-15,40.66273097743377,40.78919300073705,40.38872694904004,40.74235534667969,160677200.0
2017-12-18,40.95547010132362,41.49879331162822,40.95078526395058,41.31612396240234,117684400.0
2017-12-19,40.99060981480351,41.074919045534976,40.77046884714441,40.8758544921875,109745600.0
2017-12-20,40.95312560214396,41.08193182784955,40.57373596777827,40.83134841918945,93902400.0
2017-12-21,40.78918824012919,41.22244452993228,40.77279667119,40.98590850830078,83799600.0
2017-12-22,40.90862478005833,41.081928010676265,40.86647196837164,40.98590850830078,65397600.0
2017-12-26,39.99997290231888,40.15688102950606,39.73767557275851,39.94610977172852,132742000.0
2017-12-27,39.83603289621748,39.99528163007775,39.7446982227426,39.95312881469727,85992800.0
2017-12-28,40.046812163577286,40.24587669436901,39.925031383322896,40.065547943115234,65920800.0
2017-12-29,39.9343840303633,39.95077559704119,39.62993399629814,39.63227462768555,103999600.0
2018-01-02,39.85009520330083,40.35126573443127,39.63932034581606,40.341896057128906,102223600.0
2018-01-03,40.40512384715967,40.87819243452449,40.27163633682215,40.33486557006836,118071600.0
2018-01-04,40.40745389251491,40.62525413708489,40.299727659552815,40.52220916748047,89738400.0
2018-01-05,40.61823519787352,41.070223754905165,40.526900518948345,40.98357391357422,94640000.0
2018-01-08,40.83134841918945,41.12642884886456,40.73298470248056,40.83134841918945,82271200.0
2018-01-09,40.8781826422092,40.99761918321448,40.61120411200408,40.82666015625,86336000.0
2018-01-10,40.55266450966543,40.81964309485793,40.515192953344034,40.81729888916016,95839600.0
2018-01-11,40.8875632052513,41.09833806058912,40.86414615920365,41.04915618896485,74670800.0
2018-01-12,41.2599184636559,41.536266705175215,41.13579706889646,41.4730339050293,101672400.0
2018-01-16,41.66271877470158,42.01166583464682,41.25054250320608,41.26225280761719,118263600.0
2018-01-17,41.25289488419888,41.97889108266515,40.99997081899453,41.94376373291016,137547200.0
2018-01-18,42.006992937085954,42.17795556841482,41.7446991964493,41.981231689453125,124773600.0
2018-01-19,41.82901544768551,42.05618187681274,41.547985882075125,41.793888092041016,129700400.0
2018-01-22,41.52220833043589,41.63461939785577,41.358274779306186,41.45195007324219,108434400.0
2018-01-23,41.5222149513268,42.02338535811327,41.4098038659825,41.46132278442383,130756400.0
2018-01-24,41.51050044023823,41.52221074603233,40.56202284665312,40.800899505615234,204420400.0
2018-01-25,40.86881394406632,40.97185891844492,39.93673148456798,40.07256317138672,166116000.0
2018-01-26,40.28099597876492,40.28099597876492,39.82666324306097,40.16624069213867,156572000.0
2018-01-29,39.85007920746292,39.85007920746292,39.12642737292119,39.33485794067383,202561600.0
2018-01-30,38.76577904303612,39.19669121606022,38.571399366691885,39.1030158996582,184192800.0
2018-01-31,39.07960367930311,39.44728670081327,38.992953814342,39.210750579833984,129915600.0
2018-02-01,39.14985597618095,39.48943348596959,39.05383644817289,39.2927131652832,188923200.0
2018-02-02,38.87583871051159,39.06319286477697,37.49410852308551,37.58778381347656,346375200.0
2018-02-05,37.25993798778018,38.37937514218473,36.53394156573365,36.64869689941406,290954000.0
2018-02-06,36.25992535441477,38.34189080334102,36.06554568586119,38.1802978515625,272975200.0
2018-02-07,38.19435027749091,38.266949183640655,37.25290155624781,37.36296844482422,206434400.0
2018-02-08,37.53860370274349,37.70488146039845,36.30675606695096,36.33485794067383,217562000.0
2018-02-09,36.93448689935861,37.12730529106897,35.32843481182689,36.77928924560547,282690400.0
2018-02-12,37.270739013104965,38.5381791426468,37.03794256921059,38.26070785522461,243278000.0
2018-02-13,38.08200063663708,38.740411998223614,38.01145592145759,38.64400100708008,130196800.0
2018-02-14,38.33831316239398,39.39647322333067,38.30069242048141,39.35649871826172,162579600.0
2018-02-15,39.925552067246045,40.70153680648208,39.73978777414594,40.67802429199219,204588800.0
2018-02-16,40.52989016661168,41.108352696021626,40.39115445827603,40.546348571777344,160704400.0
2018-02-20,40.45698650354088,40.97665865050468,40.30884294882415,40.40995788574219,135722000.0
2018-02-21,40.64040799082476,40.94374568045291,40.212439238762585,40.2265510559082,149886400.0
2018-02-22,40.39819560728738,40.90375947481818,40.37703326970029,40.56279754638672,123967600.0
2018-02-23,40.83792303213014,41.30351244871162,40.80735281589202,41.26824188232422,135249600.0
2018-02-26,41.4681073797458,42.182951517313136,41.43518699685887,42.08419036865234,152648800.0
2018-02-27,42.114766828451785,42.43926676848997,41.89372840137815,41.94781112670898,155712400.0
2018-02-28,42.15238633749347,42.47218591856832,41.86786090603936,41.88431930541992,151128400.0
2018-03-01,41.9830867683372,42.274669943930185,40.60042672652418,41.15066909790039,195208000.0
2018-03-02,40.63334118343101,41.45635444518084,40.55103842203479,41.4351921081543,153816000.0
2018-03-05,41.200046104901126,41.79496684206314,41.037794342392736,41.57863235473633,113605600.0
2018-03-06,41.83495635006942,41.91490537857853,41.41639545016359,41.54337310791016,95154000.0
2018-03-07,41.13656394614241,41.35054830257984,40.97901608895721,41.1577262878418,126814000.0
2018-03-08,41.26354910857402,41.64918962031567,41.1671416716795,41.60686492919922,95096400.0
2018-03-09,41.846699766789705,42.32639735810484,41.71266445289019,42.32169342041016,128740800.0
2018-03-12,42.39458485429398,42.88839421845948,42.37577628115405,42.7308464050293,128828400.0
2018-03-13,42.93542665160748,43.14941096767531,42.14768751429382,42.31934356689453,126774000.0
2018-03-14,42.401664140119,42.448692773015885,41.81144349489082,41.95958709716797,117473600.0
2018-03-15,41.97368633907431,42.38284289256637,41.87257497940292,42.00895690917969,90975200.0
2018-03-16,42.00895693816516,42.119476175310176,41.76675612179728,41.860816955566406,157618800.0
2018-03-19,41.696203881980296,41.731474442720966,40.83556631937817,41.22120666503906,133787200.0
2018-03-20,41.20710754394531,41.573935808897474,41.13656281882672,41.20710754394531,78597600.0
2018-03-21,41.16007137335858,41.17182942442222,40.27121725135952,40.2735710144043,148219600.0
2018-03-22,39.9749384452248,40.60512987021308,39.64573450501506,39.70452117919922,165963200.0
2018-03-23,39.596354463690304,39.95612864394828,38.785099029541016,38.785099029541016,164115200.0
2018-03-26,39.52110078560363,40.70388819587947,39.137810582430205,40.62628936767578,150164800.0
2018-03-27,40.8402733112041,41.18593921489509,39.2506830596845,39.584590911865234,163690400.0
2018-03-28,39.32827690592115,39.979634125998444,38.84387538478574,39.14721298217773,166674000.0
2018-03-29,39.45996167523232,40.3864401187108,39.24597734680386,39.45290756225586,153594000.0
2018-04-02,39.1848553520406,39.725693609496695,38.67458732110111,39.19425964355469,150347200.0
2018-04-03,39.41999919860735,39.68101222252659,38.77099549040075,39.59635925292969,121112000.0
2018-04-04,38.77097971927465,40.44757284715652,38.74511344497365,40.353515625,138422000.0
2018-04-05,40.58161400156364,40.969604583911725,40.46404066290621,40.63334655761719,107732800.0
2018-04-06,40.20301923062458,40.55808934680302,39.55166206714827,39.59399032592773,140021200.0
2018-04-09,39.946723641103546,40.70154255952048,39.93966952695415,39.986698150634766,116070800.0
2018-04-10,40.68038339325876,40.91553011807529,40.33471742073413,40.73917007446289,113634400.0
2018-04-11,40.49931603844929,40.89671454438979,40.37468857171758,40.54869842529297,89726400.0
2018-04-12,40.77678828777325,41.15067066294944,40.68978157278076,40.94844436645508,91557200.0
2018-04-13,41.09893532790292,41.3481902278494,40.880250643703896,41.08717727661133,100497200.0
2018-04-16,41.15773410854029,41.43050519134326,41.11070547758743,41.34350204467773,86313600.0
2018-04-17,41.50103757309891,42.07714620383334,41.482225408708985,41.91254425048828,106421600.0
2018-04-18,41.81143114656128,42.04893159283888,41.59274645355115,41.818485260009766,83018000.0
2018-04-19,40.85908535852946,41.24237559072981,40.60042616631525,40.63334655761719,139235200.0
2018-04-20,40.11601095898135,40.26180070121921,38.90029989271545,38.9684944152832,261964400.0
2018-04-23,39.22952278796063,39.25068512896264,38.58521956459875,38.85564041137695,146062000.0
2018-04-24,38.956753566929045,39.1119512508926,37.91035146393951,38.31480407714844,134768000.0
2018-04-25,38.239561081204,38.89797265997753,38.1901822759273,38.48176193237305,113528400.0
2018-04-26,38.592271403229525,38.97085769595813,38.41591139583521,38.61578750610352,111852000.0
2018-04-27,38.56405100150369,38.641649827377975,37.77160793093029,38.16900634765625,142623200.0
2018-04-30,38.12433342955642,39.33063349139752,38.05613888116291,38.8603401184082,169709600.0
2018-05-01,39.1307567565656,39.78681436265634,38.86268970628452,39.763301849365234,214277600.0
2018-05-02,41.20475618707623,41.7973268894039,40.868498120583496,41.51985549926758,266157600.0
2018-05-03,41.357588351393225,41.73852472464696,41.018976647144285,41.59508514404297,136272800.0
2018-05-04,41.91489748833844,43.32577762819836,41.89608532257385,43.22701644897461,224805200.0
2018-05-07,43.54445712474156,44.12997360452288,43.4433457823986,43.53975677490234,169805600.0
2018-05-08,43.49979138596113,43.78902083601134,43.18939600498701,43.7490463256836,113611200.0
2018-05-09,43.86661109054945,44.06648360304576,43.5538655954105,44.05707931518555,92844800.0
2018-05-10,44.14644042182307,44.76487377033595,44.12527449301821,44.68727493286133,111957200.0
2018-05-11,44.72976515621455,44.86431373655376,44.24821414832079,44.51731491088867,104848800.0
2018-05-14,44.61645824567123,44.739207039830816,44.3449982374365,44.4134521484375,83115200.0
2018-05-15,44.0900572551773,44.15851476365606,43.69348924068128,44.00979995727539,94780800.0
2018-05-16,43.92246672462898,44.48663432032754,43.9059412543896,44.420536041259766,76732400.0
2018-05-17,44.378045851766245,44.59285534241712,43.99091836181578,44.13963317871094,69176000.0
2018-05-18,44.18683504071553,44.33318699120385,43.93661902140753,43.97910690307617,73190800.0
2018-05-21,44.37804142960773,44.67783027119842,44.12074407513416,44.29070281982422,73603200.0
2018-05-22,44.46774160693422,44.58576830948845,44.09005471800505,44.17975616455078,60962800.0
2018-05-23,43.9885504946515,44.49606384040454,43.84927625766243,44.463016510009766,80233600.0
2018-05-24,44.55980772674339,44.57632959413416,43.95551151224936,44.4134521484375,92936000.0
2018-05-25,44.43233728455796,44.76753273171379,44.29542585934396,44.51495742797852,69844000.0
2018-05-29,44.2836256330916,44.55508564127601,44.11130403301255,44.35443878173828,90056400.0
2018-05-30,44.311949436914176,44.37804410807291,44.0900586400715,44.26001739501953,74762000.0
2018-05-31,44.19392155983616,44.43233421724424,43.93898343412893,44.11130142211914,109931200.0
2018-06-01,44.375690484564544,44.91152923625673,44.31903635845127,44.90681076049805,93770000.0
2018-06-04,45.23727665487343,45.657451448657845,45.16882274882759,45.28212738037109,105064800.0
2018-06-05,45.5748306611135,45.7801959619768,45.40723116598109,45.6314811706543,86264000.0
2018-06-06,45.707025796438366,45.81324911722004,45.30337285520071,45.789642333984375,83734400.0
2018-06-07,45.82740376266648,45.8415663893848,45.40250695167301,45.66688919067383,85388800.0
2018-06-08,45.12633012126618,45.32225488450402,44.79585678682235,45.25143814086914,106627200.0
2018-06-11,45.16883179466369,45.31518378979561,44.899730989674985,45.1405029296875,73234000.0
2018-06-12,45.17826024305868,45.46624568023694,45.12160613017656,45.38834762573242,67644400.0
2018-06-13,45.42140837570327,45.52999455699916,44.95402351249516,45.01539611816406,86553600.0
2018-06-14,45.21604156210974,45.22076363989936,44.90209002406459,45.03900146484375,86440400.0
2018-06-15,44.857240109412814,44.88792821277112,44.439424463701634,44.57633590698242,246876800.0
2018-06-18,44.34972444416655,44.66603521059808,44.18920622118241,44.552730560302734,73939600.0
2018-06-19,43.70293736342273,43.98384155663083,43.30400644042231,43.832767486572266,134314000.0
2018-06-20,43.98855354346587,44.18919677695168,43.84219798281191,44.02396011352539,82514800.0
2018-06-21,44.20099927334401,44.46065945482421,43.65571649412463,43.778465270996094,102847600.0
2018-06-22,43.93426821899007,43.94134953454159,43.599072742622056,43.651004791259766,108801600.0
2018-06-25,43.29219481975623,43.65099701866678,42.66193263466796,43.00185012817383,126652400.0
2018-06-26,43.19541024763177,44.03103764627722,43.08918334279743,43.53532409667969,98276800.0
2018-06-27,43.7241710335686,44.20808123235867,43.44090766902219,43.47159576416016,101141200.0
2018-06-28,43.45743332033904,43.95550614918332,43.38661657843012,43.78790664672852,69460800.0
2018-06-29,43.97438401151009,44.186834221581655,43.17652601033752,43.69584274291992,90950800.0
2018-07-02,43.39135019489264,44.21281525459119,43.296926646605975,44.18448638916016,70925200.0
2018-07-03,44.32846536440079,44.36623477197079,43.32523843786457,43.41493988037109,55819200.0
2018-07-05,43.73126921359343,44.00273289414268,43.49993779688219,43.76431655883789,66416800.0
2018-07-06,43.7690233133453,44.47954278828729,43.71709127444438,44.3709602355957,69940800.0
2018-07-09,44.73213001099853,45.01067136078783,44.68492004007203,44.98706817626953,79026400.0
2018-07-10,45.0177567941828,45.15230539295992,44.89264514705327,44.93277740478516,63756400.0
2018-07-11,44.49607580388834,44.79822393498903,44.28598837520287,44.34972381591797,75326000.0
2018-07-12,44.7391969068772,45.18297841471113,44.68726487502903,45.09327697753906,72164400.0
2018-07-13,45.1050911025137,45.284490417668366,45.06259961093862,45.16410446166992,50055600.0
2018-07-16,45.20896469451428,45.47570268468771,44.94930441888667,45.064971923828125,60172400.0
2018-07-17,44.791130915391065,45.29156295140653,44.66130083004114,45.192420959472656,62138000.0
2018-07-18,45.27032349831428,45.27504557512844,44.83362324118064,44.9445686340332,65573600.0
2018-07-19,44.7769800450885,45.45209306427996,44.7769800450885,45.29393768310547,81147200.0
2018-07-20,45.270328411060994,45.42376170622383,44.89028222878679,45.19007110595703,82704800.0
2018-07-23,45.01067013959894,45.31282186948864,44.74629142807148,45.230201721191406,63957600.0
2018-07-24,45.42847755320166,45.71410376110917,45.3340576309569,45.55830764770508,74791600.0
2018-07-25,45.57247018160259,45.99500779721355,45.42375538257996,45.9879264831543,66839600.0
2018-07-26,45.93836067127651,46.25703425997813,45.70230722835374,45.84394073486328,76304000.0
2018-07-27,46.02805068001251,46.07526063647288,44.87374977539584,45.08147430419922,96096000.0
2018-07-30,45.298647170976594,45.36946391315494,44.63061920165413,44.82890319824219,84118000.0
2018-07-31,44.92096482906494,45.35530224080693,44.69435196969696,44.918601989746094,157492000.0
2018-08-01,47.00531668637743,47.62613470539903,46.57569775126629,47.56476211547852,271742800.0
2018-08-02,47.34760051436628,49.18881810901228,47.29330923044903,48.95512390136719,249616000.0
2018-08-03,48.87013550142241,49.27378840345483,48.5042520081429,49.09674835205078,133789600.0
2018-08-06,49.09911709658689,49.39418390606156,48.87958911924481,49.3516960144043,101701600.0
2018-08-07,49.4107217351021,49.45320963738661,48.80642173256067,48.889041900634766,102349600.0
2018-08-08,48.638809968654485,49.054262708746734,48.27764850892958,48.92207336425781,90102000.0
2018-08-09,49.46027226984365,49.519285624205786,48.91026737496181,49.30683898925781,93970400.0
2018-08-10,49.11971519424824,49.531890030325954,48.95626649003601,49.15998458862305,98444800.0
2018-08-13,49.58163391858709,49.970119181177054,49.200254807210406,49.4774055480957,103563600.0
2018-08-14,49.78298189435421,49.87773298190438,49.33290519218512,49.68585968017578,82992000.0
2018-08-15,49.56030951805078,49.92037013258283,49.34948529013519,49.80192947387695,115230400.0
2018-08-16,50.15961167949677,50.64758654419464,50.09328520941288,50.531517028808594,114001600.0
2018-08-17,50.55994945107156,51.62828290160567,50.493622970722605,51.5406379699707,141708000.0
2018-08-20,51.66381484377017,51.91964347624076,50.955538429933824,51.03844833374024,121150800.0
2018-08-21,51.35586295698155,51.44824651291401,50.699700789987496,50.93894958496094,104639200.0
2018-08-22,50.716297216765234,51.251647753194135,50.65470575400589,50.94133377075195,76072400.0
2018-08-23,50.84657586588272,51.41509322466389,50.834734691040765,51.04555892944336,75532800.0
2018-08-24,51.30848630582317,51.37954779766864,50.955531900064415,51.20425796508789,73905600.0
2018-08-27,51.43877726016409,51.81542130649859,51.2445364570589,51.62591552734375,82100400.0
2018-08-28,51.87938271249188,52.241810885687926,51.85806425866212,52.04283142089844,91107200.0
2018-08-29,52.14942292375327,52.940609306467366,51.97413305429266,52.81979751586914,109019200.0
2018-08-30,52.883744837114136,54.07051872797575,52.68239430681936,53.30539321899414,195175200.0
2018-08-31,53.65597804212751,54.21501801386973,53.53516988918056,53.92128753662109,173360400.0
2018-09-04,54.10605636578428,54.288452356795226,53.68440795836104,54.09421157836914,109560400.0
2018-09-05,54.24345520356903,54.40453276749177,53.32198700595109,53.74126434326172,133332000.0
2018-09-06,53.58966072346746,53.8549702632671,52.42183753532365,52.84822463989258,137160000.0
2018-09-07,52.55211082943275,53.38593029157221,52.28206632809369,52.42182540893555,150479200.0
2018-09-10,52.3389123356153,52.552107632875895,51.27768533002034,51.7182846069336,158066000.0
2018-09-11,51.64249312268517,53.13247858760648,51.29901594588463,53.02588272094727,142996000.0
2018-09-12,53.28408490192167,53.29829720285223,52.07598871951485,52.36735534667969,197114800.0
2018-09-13,52.94771445011172,54.09185167656089,52.72267791565151,53.632301330566406,166825600.0
2018-09-14,53.47594644082468,53.7341461563761,52.71082095453466,53.02350234985352,127997200.0
2018-09-17,52.6231825758975,52.81268835042182,51.46720421889096,51.61170196533203,148780400.0
2018-09-18,51.59038384609482,52.55212509282721,51.43167378696617,51.69698333740234,126286800.0
2018-09-19,51.75855985278835,52.023865730627165,51.00054047716211,51.72776412963867,108495200.0
2018-09-20,52.17074123356856,52.6539775175976,51.91253785755325,52.12099456787109,106435200.0
2018-09-21,52.29864634544323,52.436037915375984,51.47192941438146,51.55957794189453,384986800.0
2018-09-24,51.360609869503946,52.412359900906736,51.31560184008936,52.301025390625,110773600.0
2018-09-25,52.05466892569171,52.78189629707581,52.04282413704768,52.632659912109375,98217600.0
2018-09-26,52.350770502397125,53.00219411724596,52.057036371201,52.21337890625,95938800.0
2018-09-27,53.01876842153656,53.63939620206603,52.95243833953208,53.28644180297852,120724800.0
2018-09-28,53.24855450228685,53.49728063066893,53.066158474059385,53.473594665527344,91717600.0
2018-10-01,53.99708972184782,54.34530550981975,53.61808182382863,53.833641052246094,94403200.0
2018-10-02,53.831272693023216,54.482696234962994,53.6844074511237,54.31214141845703,99152800.0
2018-10-03,54.49455545272132,55.30468923839166,54.43059647596449,54.97305679321289,114619200.0
2018-10-04,54.66746614555223,55.03937152166361,53.708096157284366,54.006568908691406,128168000.0
2018-10-05,53.99945772125052,54.106053573442246,52.25127273302901,53.13010025024414,134322000.0
2018-10-08,52.63739704276325,53.25091876301774,52.16126330037392,53.00693130493164,118655600.0
2018-10-09,52.97613868558442,53.8360190407358,52.64687379272152,53.74126434326172,107564000.0
2018-10-10,53.40727360968791,53.61809787785061,51.17821911982335,51.251651763916016,167962400.0
2018-10-11,50.81578157793993,51.99544953481861,50.29464339890083,50.799198150634766,212497600.0
2018-10-12,52.21337092805712,52.79610046305243,51.365335518018185,52.61370086669922,161351600.0
2018-10-15,52.38866351212896,52.54737353222936,51.46719549932301,51.4885139465332,123164000.0
2018-10-16,51.860422299164966,52.8221634323742,51.3463903017466,52.6231803894043,116736000.0
2018-10-17,52.65870555877931,52.73924432082276,51.95753542896491,52.39576721191406,91541600.0
2018-10-18,51.60696135100703,52.05229936190943,50.45571806191486,51.17110061645508,130325200.0
2018-10-19,51.65433402303884,52.41235343553008,51.5050976522359,51.95043563842773,132314800.0
2018-10-22,52.06413473861343,52.909802639899496,51.862787820108274,52.267852783203125,115168400.0
2018-10-23,51.12609840770045,52.8837574604368,50.85842134543051,52.76057815551758,155071200.0
2018-10-24,52.72977891393509,53.115892975705584,50.82051259654587,50.95079803466797,163702000.0
2018-10-25,51.57143954414882,52.44079365218324,51.34403186108698,52.06652069091797,119423200.0
2018-10-26,51.142668259894265,52.15889100212485,50.37754271730806,51.237422943115234,189033600.0
2018-10-29,51.92201247556305,52.04045312499331,48.8188660146814,50.27568817138672,183742000.0
2018-10-30,50.01748601594503,50.9721173842347,49.57215162121228,50.52678298950195,146640000.0
2018-10-31,51.3748100296124,52.22047426808277,51.31321858727521,51.84383392333984,153435600.0
2018-11-01,51.88884958968762,52.67292611590215,51.35823417541894,52.63976287841797,233292800.0
2018-11-02,49.63848221504018,50.60969347566478,48.66252870134263,49.148136138916016,365314800.0
2018-11-05,48.394860664718415,48.41617911879327,46.94277682846611,47.75291061401367,264654800.0
2018-11-06,47.83107052774979,48.49433887492205,47.77658884210814,48.26930236816406,127531600.0
2018-11-07,48.7904402414107,49.75928386295156,48.35457952948075,49.73322677612305,133697600.0
2018-11-08,49.9138938350352,49.947172789288295,49.146098487324096,49.55971145629883,101450400.0
2018-11-09,48.86085089825329,48.97019448165077,48.07641424205378,48.6041259765625,137463200.0
2018-11-12,47.3038566025874,47.50590970224583,46.06539725338494,46.15572738647461,204542000.0
2018-11-13,45.55194613263645,46.87122149943877,45.50915684322424,45.6945686340332,187531600.0
2018-11-14,46.09154728762127,46.22941826577733,44.19701557173812,44.40382385253906,243204000.0
2018-11-15,44.78177425949028,45.63276865604136,44.42758831620002,45.49965286254883,185915200.0
2018-11-16,45.28333905087855,46.34589328098323,45.03612451761562,46.00359344482422,147713200.0
2018-11-19,45.164468744809845,45.33086343054851,43.97355432209584,44.18035888671875,167701200.0
2018-11-20,42.39994422370587,43.136839943167296,41.72009968887252,42.06953048706055,271300800.0
2018-11-21,42.723221376680144,42.85158561836727,41.96731232258113,42.0219841003418,124496800.0
2018-11-23,41.584597716942426,41.97919348425752,40.909508523043925,40.95466995239258,94496000.0
2018-11-26,41.4182184024633,41.58698895011725,40.47213851794213,41.508544921875,179994000.0
2018-11-27,40.76925664959664,41.5441862692793,40.61950322710807,41.4182014465332,165549600.0
2018-11-28,42.0101013122745,43.094048373052914,41.58222651798475,43.0108528137207,184250000.0
2018-11-29,43.41970268505423,43.45298162818766,42.24067053508028,42.6804313659668,167080000.0
2018-11-30,42.85633792843457,42.865848271687376,42.081411801458295,42.44985961914063,158126000.0
2018-12-03,43.84758772569843,43.9616864680013,43.07503728158199,43.93316268920898,163210000.0
2018-12-04,43.0132251886326,43.3555249970272,41.90075443848327,42.00059127807617,165377200.0
2018-12-06,40.828701244786494,41.5465800066735,40.51017357886562,41.532318115234375,172393600.0
2018-12-07,41.23992676487869,41.47763456048138,40.00622272535943,40.051387786865234,169126400.0
2018-12-10,39.221789190120006,40.43172108916988,38.82481757720935,40.31524658203125,248104000.0
2018-12-11,40.804913778326735,40.83581331978774,39.69719477807932,40.084659576416016,189126800.0
2018-12-12,40.505409310138816,40.86672619637411,40.17737499929975,40.19639205932617,142510800.0
2018-12-13,40.52680679610269,41.02123948791272,40.30336086904943,40.63615036010742,127594400.0
2018-12-14,40.17261653107448,40.191633589540416,39.28834326163995,39.33588409423828,162814800.0
2018-12-17,39.32876714436096,40.018122157283344,38.68220143499515,38.96982955932617,177151600.0
2018-12-18,39.31212769156932,39.82319814808901,39.07679560054539,39.47614669799805,135366000.0
2018-12-19,39.45949914866977,39.804174771228425,37.81693719913778,38.24481201171875,196189200.0
2018-12-20,38.12833539369746,38.53481738866487,36.91602760796268,37.27972030639648,259092000.0
2018-12-21,37.28685460935689,37.595875549010096,35.568227818141445,35.82970428466797,382978400.0
2018-12-24,35.216417596506616,36.02462648734003,34.845593919582576,34.902645111083984,148676800.0
2018-12-26,35.252071232061816,37.37480037184857,34.876492432675754,37.360538482666016,234330000.0
2018-12-27,37.04438367014031,37.265453816149545,35.672812239071256,37.118072509765625,212468400.0
2018-12-28,37.43897869883537,37.68144167172036,36.73774141053779,37.137088775634766,169165600.0
2018-12-31,37.683812628511376,37.88111051360333,37.19651097276692,37.49602508544922,140014000.0
2019-01-02,36.81856395762742,37.759888517261295,36.66167592649953,37.538818359375,148158800.0
2019-01-03,34.225166520409374,34.63877937995314,33.75450611274441,33.7996711730957,365248800.0
2019-01-04,34.35590843708306,35.31149481961843,34.18238275669409,35.242557525634766,234428400.0
2019-01-07,35.347155776449505,35.37805895693896,34.68157308595714,35.164119720458984,219111200.0
2019-01-08,35.55157691426575,36.088798847410885,35.304362405668385,35.834449768066406,164101200.0
2019-01-09,35.96280719075942,36.732981676968095,35.56821504629023,36.44297790527344,180396400.0
2019-01-10,36.25044260904652,36.59987339518637,35.860601928696866,36.55946350097656,143122800.0
2019-01-11,36.34077375101084,36.5356922830337,36.015111561582835,36.20052337646485,108092800.0
2019-01-14,35.858219135281004,35.95805596503972,35.47075430323214,35.65616607666016,129756800.0
2019-01-15,35.720361623969346,36.46200899658063,35.668065603886845,36.38594436645508,114843600.0
2019-01-16,36.38830394727877,37.05388639359412,36.36928689142604,36.83044052124024,122278800.0
2019-01-17,36.65454885295936,37.477019589891874,36.4311028990532,37.04914474487305,119284800.0
2019-01-18,37.43897184013087,37.52930194874502,37.07765503280678,37.2773323059082,135004000.0
2019-01-22,37.17988043233495,37.2559450474709,36.27896577701576,36.44060897827149,121576000.0
2019-01-23,36.64265013280645,36.87798212341248,36.060266840198814,36.58797836303711,92522400.0
2019-01-24,36.63314628936311,36.72109700768508,36.06978000885468,36.297977447509766,101766000.0
2019-01-25,36.9588197863806,37.58874783817731,36.68308140504096,37.50079345703125,134142000.0
2019-01-28,37.03250659699571,37.16087087496011,36.526191312301485,37.15373992919922,104768400.0
2019-01-29,37.14184157601951,37.58873337454473,36.63314705887967,36.76863861083984,166348800.0
2019-01-30,38.80579627840674,39.49514741075342,38.0879177451324,39.281211853027344,244439200.0
2019-01-31,39.48564290460484,40.17261830328575,39.1171950882309,39.5640869140625,162958400.0
2019-02-01,39.68770283999932,40.1678700686223,39.44286042612328,39.58311080932617,130672400.0
2019-02-04,39.79466519430484,40.8049233830398,39.76376201843734,40.707462310791016,125982000.0
2019-02-05,41.09017727556035,41.61788896935048,40.96894758319973,41.40394973754883,144406400.0
2019-02-06,41.51565887160272,41.73435320288196,41.087787804912445,41.4182014465332,112958400.0
2019-02-07,40.98083671850578,41.34690888184032,40.49115907014147,40.633785247802734,126966800.0
2019-02-08,40.3425224555041,40.74119655717488,40.20644616383237,40.68151473999024,95280000.0
2019-02-11,40.83430385989045,40.87250110070133,40.40459400749151,40.44756317138672,83973600.0
2019-02-12,40.607511484133255,40.822364577465294,40.51201838722743,40.79610443115234,89134000.0
2019-02-13,40.91546759362625,41.17567944962109,40.56453820729998,40.62660598754883,89960800.0
2019-02-14,40.5144157765188,40.88444021472851,40.4356353224416,40.77462768554688,87342800.0
2019-02-15,40.882046820585664,40.989473368364685,40.52395589952944,40.68390274047852,98507200.0
2019-02-19,40.51441247272279,40.92740968979166,40.46189217428749,40.80565643310547,75891200.0
2019-02-20,40.867726324078575,41.37621662946032,40.81998159348772,41.06825637817383,104457600.0
2019-02-21,41.01333700492209,41.14940962572732,40.65524617596646,40.83667755126953,68998800.0
2019-02-22,40.96082518714831,41.29981747146773,40.91308046196188,41.29265594482422,75652800.0
2019-02-25,41.5767434384209,41.98496504220319,41.52660910746543,41.59345245361328,87493600.0
2019-02-26,41.46932269171113,41.8488982409956,41.34040790419096,41.617332458496094,68280800.0
2019-02-27,41.34996174511865,41.77728205593581,41.23537000588564,41.74624633789063,111341600.0
2019-02-28,41.614938801907854,41.75578701475242,41.280718443538696,41.33562469482422,112861600.0
2019-03-01,41.60539628273946,41.81308788170758,41.27356545967224,41.770118713378906,103544800.0
2019-03-04,41.94200447479764,42.43378218337515,41.53139318278945,41.980201721191406,109744800.0
2019-03-05,42.00169149842213,42.0160145569179,41.66747101519607,41.90381240844727,78949600.0
2019-03-06,41.69849684673069,41.89425498024918,41.52422693854948,41.662689208984375,83241600.0
2019-03-07,41.5075094498127,41.64358574279544,41.065866184004825,41.18045425415039,99185600.0
2019-03-08,40.6600402947807,41.316540447448006,40.46428213713055,41.2783432006836,95997600.0
2019-03-11,41.894259396650405,42.76083710566935,41.86083771700078,42.70831680297852,128044000.0
2019-03-12,42.97092480017489,43.60832641425464,42.82052539771335,43.18816757202149,129870400.0
2019-03-13,43.50805008474166,43.75871447631922,43.19054234110201,43.3791389465332,124130000.0
2019-03-14,43.9019532945051,43.94970167331341,43.58205955555263,43.86137008666992,94318000.0
2019-03-15,44.12875323714528,44.720796060386846,43.863765726136734,44.43193435668945,156171600.0
2019-03-18,44.355534575545406,44.97383742930715,44.353144971142925,44.8855094909668,104879200.0
2019-03-19,44.96428197260884,45.117067277020425,44.38417282248943,44.5297966003418,126585600.0
2019-03-20,44.45819201742965,45.23644548606472,44.10010100332841,44.91893768310547,124140800.0
2019-03-21,45.36295783215886,46.86932635513335,45.31282350160718,46.57330322265625,204136800.0
2019-03-22,46.63298312227623,47.19399365272044,45.54438737550608,45.60884475708008,169630800.0
2019-03-25,45.71866799234534,45.83087012477533,44.54651961316686,45.057395935058594,175381200.0
2019-03-26,45.75446983136156,46.04571739465231,44.06428030827215,44.59186553955078,199202000.0
2019-03-27,45.05977471386228,45.300887958578926,44.53457541924519,44.9929313659668,119393600.0
2019-03-28,45.10753001684638,45.25315383947743,44.76853763227856,45.0526237487793,83121600.0
2019-03-29,45.31761014175297,45.37729197510996,45.00964984172448,45.34625625610352,94256000.0
2019-04-01,45.74970242041629,45.759249910216006,44.97145268625358,45.65421295166016,111448000.0
2019-04-02,45.61838694943481,46.42290021701095,45.60883946271572,46.3178596496582,91062800.0
2019-04-03,46.13405100118274,46.909914730827474,46.11017681396402,46.635379791259766,93087200.0
2019-04-04,46.50168835311438,46.87887791765802,46.107789772060734,46.71654510498047,76457200.0
2019-04-05,46.89797705880911,47.05315198843795,46.77383784364394,47.02927780151367,74106400.0
2019-04-08,46.8908220405598,47.800372591218704,46.87172341690704,47.76934051513672,103526800.0
2019-04-09,47.82185294630968,48.42583270446762,47.56163742923543,47.626094818115234,143072800.0
2019-04-10,47.430335431813845,47.9221167008103,47.31097178881932,47.89346694946289,86781200.0
2019-04-11,47.948376968364045,47.984184604276585,47.373043333440464,47.49479293823242,83603200.0
2019-04-12,47.55447700914382,47.77888125198127,46.8406847198041,47.4756965637207,111042800.0
2019-04-15,47.40646659401936,47.70965127808389,47.27039028762013,47.56163787841797,70146400.0
2019-04-16,47.61654439577956,48.07251072757956,47.401687660312966,47.56641006469727,102785600.0
2019-04-17,47.63563454365202,48.55234996520922,47.41361994646667,48.49266815185547,115627200.0
2019-04-18,48.49028310095317,48.73617190364306,48.34704892106858,48.66694259643555,96783200.0
2019-04-22,48.421049618013726,48.924764272283525,48.30407195157679,48.82688522338867,77758000.0
2019-04-23,48.80302413607264,49.5956005846408,48.676498948258654,49.53114318847656,93292000.0
2019-04-24,49.50249861253667,49.769872052792415,49.42849372408659,49.45475387573242,70162400.0
2019-04-25,49.37596752439472,49.59798216323231,48.96774224168466,49.00593948364258,74172800.0
2019-04-26,48.91522210882772,48.93909629580391,48.25156050901197,48.77198791503906,74596400.0
2019-04-29,48.79585870616437,49.17066231598747,48.66694756683353,48.84599304199219,88818800.0
2019-04-30,48.4759727746256,48.55713919547273,47.5330005160566,47.90541458129883,186139600.0
2019-05-01,50.10408494939952,51.400372389710334,49.948910024794905,50.25687026977539,259309200.0
2019-05-02,50.09453963227768,50.76536281433166,49.68631795761022,49.92981719970703,127985200.0
2019-05-03,50.3452085631805,50.57199880753566,50.18764764460908,50.550514221191406,83569600.0
2019-05-06,48.76960644035786,49.85581656042896,48.581013445490704,49.76987457275391,129772400.0
2019-05-07,49.14917628692948,49.51681471565359,47.943602727798975,48.428218841552734,155054800.0
2019-05-08,48.19904352807667,49.02026607598343,48.1632358878382,48.43777084350586,105358000.0
2019-05-09,47.84094103921428,48.14651163799503,46.94810342574412,47.91733551025391,139634400.0
2019-05-10,47.31104129279952,47.65373790443453,46.1966858308996,47.25352478027344,164834800.0
2019-05-13,44.98407744370745,45.40824941119822,43.819394496538976,44.50717926025391,229722400.0
2019-05-14,44.67253738454349,45.46097333316388,44.43289071050813,45.21174240112305,146118800.0
2019-05-15,44.63898240319493,45.95224501789583,44.57907074085087,45.75333786010742,106178800.0
2019-05-16,45.51130060444244,46.12479550302131,45.254876908784375,45.552040100097656,132125600.0
2019-05-17,44.79715015909945,45.74854772922672,44.75641066410453,45.29322052001953,131516400.0
2019-05-20,43.979957316854446,44.17886448911291,43.20350079997155,43.87690734863281,154449200.0
2019-05-21,44.38734982951576,45.05356717931072,44.26273255598997,44.71806335449219,113459200.0
2019-05-22,44.25314915534253,44.50477885718109,43.74749460169806,43.8026123046875,118994400.0
2019-05-23,43.08846676529334,43.265802939260645,42.61156863348258,43.05491638183594,146118800.0
2019-05-24,43.184317369517565,43.64923236699889,42.80567529586491,42.88955307006836,94858800.0
2019-05-28,42.87757983293096,43.27778931506044,42.63553802351406,42.71222305297852,111792800.0
2019-05-29,42.27845585703999,42.98062234841405,42.17780471640916,42.50851821899414,113924800.0
2019-05-30,42.64512610530578,42.95187356410809,42.338378646503465,42.72900390625,84873600.0
2019-05-31,42.23291661104111,42.65469694054403,41.93575718621863,41.95492935180664,108174400.0
2019-06-03,42.08194969920505,42.63792797942455,40.804632722240406,41.53076171875,161584400.0
2019-06-04,42.043609898576285,43.095658571768766,41.8231354139418,43.05012512207031,123872000.0
2019-06-05,44.16208845470289,44.33223920089857,43.40959805036203,43.74510192871094,119093600.0
2019-06-06,43.87450454381739,44.44725983129885,43.65163128107434,44.38734817504883,90105200.0
2019-06-07,44.69649209879013,45.99298125786859,44.519155931088335,45.56880569458008,122737600.0
2019-06-10,45.96662081555493,46.8197622574143,45.92108736949208,46.15114974975586,104883600.0
2019-06-11,46.69754519733289,46.97074222523136,46.39559174230331,46.68556213378906,107731600.0
2019-06-12,46.47945554769659,46.963542684924334,46.34525404194238,46.53697204589844,73012800.0
2019-06-13,46.65919972341008,47.16006031960597,46.395590615436326,46.52739334106445,86698400.0
2019-06-14,45.90430362423517,46.39318104373977,45.60474539601217,46.189483642578125,75046000.0
2019-06-17,46.22784398590215,46.72151922770664,46.05290293006593,46.46509552001953,58676400.0
2019-06-18,46.98271855700016,47.99881784169886,46.78141628249008,47.55786895751953,106204000.0
2019-06-19,47.85263645530765,47.90056870581225,47.28467512265792,47.41887664794922,84496800.0
2019-06-20,48.0179947858048,48.07551129426495,47.457222541008775,47.79991912841797,86056000.0
2019-06-21,47.64174540247343,48.13302166991247,47.48597291651048,47.6369514465332,191202400.0
2019-06-24,47.57943949198852,47.96766951247152,47.490771410564825,47.58902740478516,72881600.0
2019-06-25,47.5530846009983,47.75199176598326,46.80059424100011,46.8676986694336,84281200.0
2019-06-26,47.3949186584968,48.1665811585655,47.29426750501623,47.88140106201172,104270000.0
2019-06-27,47.99882237571496,48.30557342924731,47.8262801646343,47.86701965332031,83598800.0
2019-06-28,47.612992556266285,47.80950455578012,47.22237102064913,47.43086242675781,124442400.0
2019-07-01,48.689015329189374,49.00535070066526,48.0851046742833,48.30078887939453,109012000.0
2019-07-02,48.26722928914985,48.67942179095116,48.25524622614172,48.58356094360352,67740800.0
2019-07-03,48.71536225541835,48.99335319873109,48.57397163409649,48.98616409301758,45448000.0
2019-07-05,48.73215235502716,49.14674007490686,48.6243084269404,48.94303894042969,69062000.0
2019-07-08,48.12343557807911,48.26482620156885,47.548285171877104,47.93411636352539,101354400.0
2019-07-09,47.73760883883773,48.29119197920028,47.64414679769493,48.22649002075195,82312000.0
2019-07-10,48.37267453109264,48.823207716402926,48.30317495947734,48.70338439941406,71588400.0
2019-07-11,48.72255343160577,48.98137221844201,48.33912103596176,48.34870529174805,80767200.0
2019-07-12,48.51644894009736,48.88790186699875,48.45653729565251,48.72014999389648,70380800.0
2019-07-15,48.90947645459903,49.33604713394336,48.88790913700364,49.17788314819336,67789600.0
2019-07-16,49.02929970892977,49.39356358481479,48.76808577819675,49.00773239135742,67467200.0
2019-07-17,48.89989148299427,49.14912234834269,48.71296741980369,48.73213958740234,56430000.0
2019-07-18,48.8879255095698,49.33846246382747,48.81603077012382,49.28573989868164,74162400.0
2019-07-19,49.3168675533847,49.487018232291206,48.494881548140086,48.54999923706055,83717200.0
2019-07-22,48.80403991560377,49.6619753808488,48.79445565834239,49.65958023071289,89111600.0
2019-07-23,49.95674254519547,50.064582806950405,49.67635274522786,50.04780578613281,73420800.0
2019-07-24,49.76741058224146,50.12208653775661,49.64758727839149,50.007057189941406,59966400.0
2019-07-25,50.05977890902051,50.14365668301637,49.54214136732961,49.61164093017578,55638400.0
2019-07-26,49.72188828871622,50.26109327692397,49.64040930144378,49.78419876098633,70475600.0
2019-07-29,49.956741814672895,50.47916975170816,49.95194785783544,50.24910736083984,86693600.0
2019-07-30,50.02863423517171,50.36414174522184,49.6811473177808,50.03342819213867,135742800.0
2019-07-31,51.86432814544622,53.05057834512591,50.63733845360822,51.0543212890625,277125600.0
2019-08-01,51.260410296588674,52.2501520023427,49.54454328515418,49.94954299926758,216071600.0
2019-08-02,49.25457292956728,49.470253439827765,48.31995250948189,48.89270782470703,163448400.0
2019-08-05,47.447641588131205,47.60580559815315,46.15115233297481,46.333282470703125,209572000.0
2019-08-06,47.0450352178922,47.46681567959767,46.50103627606136,47.210391998291016,143299200.0
2019-08-07,46.82934598449226,47.82387797553629,46.448308743686994,47.69926071166992,133457600.0
2019-08-08,47.97724715546842,48.77527074843569,47.78313400034172,48.75130462646485,108038000.0
2019-08-09,48.42416626271269,48.775377727645775,47.94064392985273,48.34959411621094,98478800.0
2019-08-12,48.02001129319344,48.60456700562151,47.90694915273637,48.22689056396485,89927600.0
2019-08-13,48.35679753640936,51.03179177110684,48.22689462466071,50.26922607421875,188874000.0
2019-08-14,48.87160143948995,49.66062875871768,48.73448207413917,48.7729721069336,146189600.0
2019-08-15,48.94376889570016,49.34790322459332,48.03205506391868,48.53001022338867,108909600.0
2019-08-16,49.14100414255778,49.83380976583263,49.03515843115634,49.67504119873047,110481600.0
2019-08-19,50.66615171375127,51.17372750673664,50.52422385951554,50.60120391845703,97654400.0
2019-08-20,50.72869411163165,51.32287057919213,50.59398269188871,50.60360336303711,107537200.0
2019-08-21,51.2362731993296,51.395038142607625,50.901898878290325,51.152076721191406,86141600.0
2019-08-22,51.28437796466057,51.58507439376936,50.697417947742494,51.10877227783203,89014800.0
2019-08-23,50.37989522358438,51.01015761599512,48.35199968524606,48.74651336669922,187272000.0
2019-08-26,49.521097197863455,49.841038661740455,49.32865073537815,49.67264938354492,104174400.0
2019-08-27,50.00221288345861,50.16819791599971,48.96059990979167,49.112152099609375,103493200.0
2019-08-28,49.09772403475613,49.48742550865508,48.910089719870605,49.44171905517578,63755200.0
2019-08-29,50.15616772556869,50.35342635813325,49.71354343330167,50.27885055541992,83962000.0
2019-08-30,50.55549223711403,50.62525219652797,49.84344144801472,50.21390151977539,84573600.0
2019-09-03,49.65821067205432,49.790517838568434,49.126581426530514,49.48260498046875,80092000.0
2019-09-04,50.1297009283662,50.391907323066086,49.87230670410968,50.322147369384766,76752400.0
2019-09-05,50.99812119719681,51.4720191264989,50.88024685980213,51.306034088134766,95654800.0
2019-09-06,51.491262157017566,51.5802671339122,51.12080206554331,51.30121994018555,77449200.0
2019-09-09,51.681299198955934,52.06619212190076,50.774401351657886,51.52012634277344,109237600.0
2019-09-10,51.44556068094827,52.14798723364633,50.92836419189196,52.12874221801758,127111600.0
2019-09-11,52.45830932866019,53.8150517630095,52.37651709261264,53.78618240356445,177158400.0
2019-09-12,54.077244051108906,54.46694543066619,53.61056262735679,53.66588973999024,128906800.0
2019-09-13,52.922572195870536,53.11261072641425,52.205712927533845,52.62187576293945,159053200.0
2019-09-16,52.376501461826535,52.95384076048192,52.33560719131263,52.89850997924805,84632400.0
2019-09-17,52.91295151722097,53.11983080987123,52.71088072465714,53.09096145629883,73274800.0
2019-09-18,53.17756622666892,53.60816560690575,52.78786479455756,53.58892059326172,101360000.0
2019-09-19,53.40610079147599,53.82707587682155,53.01158714403376,53.15351867675781,88242400.0
2019-09-20,53.25455035526527,53.538406069355176,52.313970888644974,52.37651443481445,221652400.0
2019-09-23,52.66998928927248,52.884085014203336,52.357264248092,52.61466217041016,76662000.0
2019-09-24,53.170350865473765,53.52156594791052,52.24661221580906,52.36448287963867,124763200.0
2019-09-25,52.573768388250606,53.28341128066549,52.2345819095354,53.17034912109375,87613600.0
2019-09-26,52.922564334264976,53.14868860553629,52.64111295532416,52.89610290527344,75334000.0
2019-09-27,53.05246104092589,53.15349825272372,52.26824621897676,52.63870620727539,101408000.0
2019-09-30,53.139074136101655,54.0243263762996,53.11261270219493,53.877586364746094,103909600.0
2019-10-01,54.14220348174279,54.89995709155197,53.93291624988388,54.0267333984375,139223200.0
2019-10-02,53.658679771743714,53.78377052329629,52.42462036061147,52.67239761352539,138449200.0
2019-10-03,52.544895978759946,53.15350893903849,51.75106032831382,53.11983108520508,114426000.0
2019-10-04,54.279309374301256,54.72434152245183,53.858334406822216,54.60887145996094,138478800.0
2019-10-07,54.43087209456384,55.311308550510645,54.32743060234528,54.62091064453125,122306000.0
2019-10-08,54.32262009604962,54.86146578985083,53.96418860317499,53.98102569580078,111820000.0
2019-10-09,54.61369323730469,54.7965153624932,54.27931892256888,54.61369323730469,74770400.0
2019-10-10,54.830199504216615,55.43400041076301,54.67865096790825,55.34980392456055,113013600.0
2019-10-11,56.03778756451031,57.16600118945812,55.88383113476842,56.82200622558594,166795600.0
2019-10-14,56.50688216419218,57.28388452662698,56.45155503855571,56.7402229309082,96427600.0
2019-10-15,56.8653082294218,57.16840893665815,56.502068230785376,56.60791397094727,87360000.0
2019-10-16,56.13881452049243,56.58865883572083,56.097920250128105,56.379371643066406,73903200.0
2019-10-17,56.55257922947988,56.8075692199058,56.17490641458794,56.59828567504883,67585200.0
2019-10-18,56.4323014089496,57.15156861487775,56.3601335292246,56.8701171875,97433600.0
2019-10-21,57.13713976525744,57.97187343470237,57.0890290656162,57.85640335083008,87247200.0
2019-10-22,58.01277373337686,58.26295159984093,57.64231359941039,57.72410583496094,82293600.0
2019-10-23,58.23888544666587,58.5131204412516,58.02719398747313,58.49868392944336,75828800.0
2019-10-24,58.818629879608615,58.88839351156194,58.16912628162669,58.594913482666016,69275200.0
2019-10-25,58.4938842476848,59.352671463902205,58.426528531534856,59.31658935546875,73477200.0
2019-10-28,59.51865722233358,59.95887730359158,59.35026792992619,59.9107666015625,96572800.0
2019-10-29,59.89152859854977,60.07916292785871,58.35196392970418,58.52516174316406,142839600.0
2019-10-30,58.87876862858786,59.00867154935717,58.024793654786826,58.5179328918457,124522000.0
2019-10-31,59.47535535189402,59.93962892278996,57.07459217991583,59.84099960327149,139162000.0
2019-11-01,60.02864219164735,61.56580255586288,59.93723295148244,61.539344787597656,151125200.0
2019-11-04,61.90256442866668,62.027658837469005,61.43348241932148,61.94346237182617,103272000.0
2019-11-05,61.83521298667724,62.1094516637506,61.65961096409468,61.85446166992188,79897600.0
2019-11-06,61.76785444555144,61.94105588070297,61.4310759164294,61.88091659545898,75864400.0
2019-11-07,62.42862467031127,62.81708830253441,62.27661748219188,62.59510803222656,94940400.0
2019-11-08,62.4165566339612,62.83879550318141,61.97260350648676,62.766414642333984,69986400.0
2019-11-11,62.32247778334506,63.32861631020604,62.317654845213625,63.26347351074219,81821200.0
2019-11-12,63.10661428120815,63.40580569755852,62.95461446805824,63.20553970336914,87388800.0
2019-11-13,63.00529252279373,63.88596088282233,62.99081634748193,63.81116485595703,102734400.0
2019-11-14,63.63743402929962,63.91008089634329,63.23932454025214,63.3696174621582,89182800.0
2019-11-15,63.6205710850339,64.12725946222905,63.45891795796573,64.1224365234375,100206400.0
2019-11-18,64.132064464607,64.52535108245131,63.75326138561724,64.44573211669922,86703200.0
2019-11-19,64.63873851951571,64.66286792796207,64.03313233810385,64.25028228759766,76167200.0
2019-11-20,64.06933118896113,64.1996167578222,62.82915159180207,63.502323150634766,106234400.0
2019-11-21,63.62295313638931,63.70016429647717,63.01733960454627,63.21760559082031,121395200.0
2019-11-22,63.35754889035371,63.49990283507496,62.935309992816094,63.16211318969727,65325200.0
2019-11-25,63.38653137558215,64.2865065044557,63.3406876844194,64.26961517333984,84020400.0
2019-11-26,64.40710805154323,64.46018980123868,63.3358271855159,63.76771926879883,105207600.0
2019-11-27,64.0789738287976,64.65805022533677,64.01383104765496,64.624267578125,65235600.0
2019-11-29,64.32509581165056,64.66288553207583,64.15619726980609,64.48192596435547,46617600.0
2019-12-02,64.48675323965114,64.72320974148552,63.56507137548035,63.73637771606445,94487200.0
2019-12-03,62.32486781837209,62.61922891758323,61.83748618598635,62.59992980957031,114430400.0
2019-12-04,62.990812750806576,63.531276233622215,62.89671025338991,63.1524658203125,67181600.0
2019-12-05,63.64708709192012,64.15377524171508,63.391331548709125,64.07897186279297,74424400.0
2019-12-06,64.53741422211255,65.38671502853519,64.49397833560806,65.31674194335938,106075600.0
2019-12-09,65.14541981961794,65.33844034044579,63.91730889994311,64.40228271484375,128042400.0
2019-12-10,64.80763886909658,65.16231982994417,64.14652840241263,64.7786865234375,90420400.0
2019-12-11,64.85830180873923,65.41083358471516,64.78350579892616,65.33120727539062,78756800.0
2019-12-12,64.60978960566402,65.76310470333209,64.49880315683109,65.49769592285156,137310400.0
2019-12-13,65.49769430196437,66.42420617913521,65.36981653316047,66.38801574707031,133587600.0
2019-12-16,66.83436642490469,67.74881703806291,66.8295434896548,67.52442169189453,128186000.0
2019-12-17,67.45447647762181,67.98528668341874,67.26868664682006,67.65715026855469,114158400.0
2019-12-18,67.50999009458272,68.01667843422555,67.34592182864574,67.49551391601562,116028400.0
2019-12-19,67.43758668961861,67.84293428071314,67.30488597596364,67.56304931640625,98369200.0
2019-12-20,68.09628249807736,68.19761571489019,67.21078392805164,67.42311096191406,275978000.0
2019-12-23,67.68610617936537,68.58366579405019,67.64750059383174,68.52334594726562,98572000.0
2019-12-24,68.68983393642199,68.73809276240259,68.26277204321963,68.58849334716797,48478800.0
2019-12-26,68.72119157007391,69.96619399633411,68.69223922394772,69.94930267333984,93121200.0
2019-12-27,70.24125821645885,70.92890598367917,69.51742001165071,69.92276763916016,146266000.0
2019-12-30,69.84071842512762,70.62005337456992,68.81769633977586,70.33775329589844,144114400.0
2019-12-31,69.9541250315122,70.8589226567842,69.85519960755771,70.8516845703125,100805600.0
2020-01-02,71.47659213409148,72.52857392672578,71.22325176244068,72.46825408935547,135480400.0
2020-01-03,71.69619021453627,72.52377699686326,71.53936003786507,71.76374816894531,146322800.0
2020-01-06,70.88548689932232,72.3741768820521,70.63455422652187,72.3355712890625,118387200.0
2020-01-07,72.34519669570282,72.6009522080095,71.77578098551396,71.99534606933594,108872000.0
2020-01-08,71.69858889981313,73.4551026743299,71.69858889981313,73.15350341796875,132079200.0
2020-01-09,74.13067516689924,74.90035698659045,73.87974991049977,74.70733642578125,170108400.0
2020-01-10,74.94137084294664,75.44082088635776,74.3743628731269,74.876220703125,140644800.0
2020-01-13,75.1923057311866,76.50245093143005,75.07407383392189,76.47590637207031,121532000.0
2020-01-14,76.41320061231343,76.62311254429632,75.32020505767588,75.44325256347656,161954400.0
2020-01-15,75.24296601736016,76.12363416339696,74.68801909995545,75.11991119384766,121923600.0
2020-01-16,75.66278079388621,76.17188398608877,75.30086181523187,76.0608901977539,108829200.0
2020-01-17,76.30941686178534,76.90537714681764,76.00299474011516,76.90296936035156,137816400.0
2020-01-21,76.53141272712692,76.97295078497612,76.2442896548719,76.38182067871094,110843200.0
2020-01-22,76.86676144697746,77.20696616699412,76.56033936565174,76.6544418334961,101832400.0
2020-01-23,76.70753000449464,77.1032242879984,76.15982119740589,77.02360534667969,104472000.0
2020-01-24,77.26971830945405,78.01285552986269,76.61102297800898,76.8016357421875,146537600.0
2020-01-27,74.81107521306389,75.223660842835,73.56124993820636,74.54325866699219,161940000.0
2020-01-28,75.42394256005781,76.8233601467646,75.32501712161712,76.65205383300781,162234000.0
2020-01-29,78.28309821074268,79.103446634538,77.54236874294361,78.25655364990234,216229200.0
2020-01-30,77.33968569636842,78.196224452265,76.90779359376785,78.14314270019531,126743200.0
2020-01-31,77.43378925544725,77.85602816826189,74.38402173692818,74.67838287353516,199588400.0
2020-02-03,73.42131515382538,75.63867332859459,72.91945726436026,74.47329711914062,173788400.0
2020-02-04,76.07779194419663,77.1225356625265,75.67244439973094,76.93192291259766,136616400.0
2020-02-05,78.0587078925949,78.35789935199301,76.95606664401838,77.55926513671875,118826800.0
2020-02-06,77.82948747921107,78.4688763315637,77.27213272836197,78.46646118164062,105425600.0
2020-02-07,77.96581213428415,78.21491934817361,76.90892029107607,77.3998794555664,117684000.0
2020-02-10,75.98504645076437,77.76749420166016,75.90523855208762,77.76749420166016,109348800.0
2020-02-11,78.26328831523205,78.33584094406189,77.0806288001579,77.29829406738281,94323200.0
2020-02-12,77.74815764169257,79.13880655058661,77.74815764169257,79.13397216796875,113730400.0
2020-02-13,78.40599987113015,78.8969591321478,78.20284507837152,78.5704574584961,94747600.0
2020-02-14,78.53902662089303,78.8389281598991,78.08193011775062,78.5898208618164,80113600.0
2020-02-18,76.27045008047632,77.33218399932765,76.08906106405882,77.15079498291016,152531200.0
2020-02-19,77.39264718918032,78.49791270322793,77.39264718918032,78.26815032958984,93984000.0
2020-02-20,78.02872938009521,78.51726787221662,76.95974005365503,77.4652099609375,100566000.0
2020-02-21,77.05890987230417,77.50150331952075,75.09507212989016,75.7117919921875,129554000.0
2020-02-24,71.89294062243466,73.56655262581305,69.95086901349747,72.11544036865234,222195200.0
2020-02-25,72.7853633450679,73.16748626275555,69.20111488480276,69.67272186279297,230673600.0
2020-02-26,69.29786653540023,72.04288873722294,69.29061126924033,70.77799987792969,198054800.0
2020-02-27,67.98460193931137,69.16967532004576,66.01592302206369,66.15135955810547,320605600.0
2020-02-28,62.21885173263986,67.3340203730767,62.00359989656375,66.11266326904297,426510000.0
2020-03-02,68.2699714851257,72.90385595913628,67.16712712972084,72.26778411865234,341397200.0
2020-03-03,73.44319556548463,73.52300347304629,69.12129439177312,69.97261810302734,319475600.0
2020-03-04,71.69461969933852,73.37790783984885,70.89409003325196,73.2182846069336,219178400.0
2020-03-05,71.47210923904862,72.44677262458974,70.4781009386349,70.84329986572266,187572800.0
2020-03-06,68.20229164279979,70.33542891875014,68.01606818438773,69.90251159667969,226176800.0
2020-03-09,63.788478823723246,67.25663636962582,63.60708978441408,64.37376403808594,286744800.0
2020-03-10,67.02684373594583,69.27606360892686,65.14764961954587,69.01002502441406,285290000.0
2020-03-11,67.08733944027128,68.0136294855381,65.74989060302927,66.6133041381836,255598800.0
2020-03-12,61.8996041788163,65.30004285714023,59.9792986243362,60.0349235534668,418474000.0
2020-03-13,64.06416467440111,67.69919907964612,61.17644819639121,67.22758483886719,370732000.0
2020-03-16,58.51608798383502,62.65901004477626,58.04447734349285,58.57897186279297,322423600.0
2020-03-17,59.86079146440188,62.30349462454375,57.65751943951495,61.15470123291016,324056000.0
2020-03-18,57.98886476183712,60.46301010190362,57.34795464053538,59.65764236450195,300233600.0
2020-03-19,59.8317648600508,61.14985749394757,58.67571261986398,59.200531005859375,271857200.0
2020-03-20,59.78098394677199,60.90559811822868,55.14226370959631,55.442161560058594,401693200.0
2020-03-23,55.16160435739665,55.26318175410043,51.42015363881515,54.26433181762695,336752800.0
2020-03-24,57.16413586035,59.90431931903992,56.66592135701882,59.70841979980469,287531200.0
2020-03-25,60.644390107262105,62.45828014038061,59.08444541685393,59.3795051574707,303602000.0
2020-03-26,59.62134059189626,62.56225734357124,59.582643396255975,62.50421524047852,252087200.0
2020-03-27,61.12809725879501,61.88267437044843,59.74954150082475,59.91641998291016,204216800.0
2020-03-30,60.64198021312565,61.79803263811768,60.31789568352941,61.62631607055664,167976400.0
2020-03-31,61.8173747321562,63.48373122959482,60.94670602705082,61.50054550170898,197002000.0
2020-04-01,59.61651236600977,60.15342405049904,57.83406447537594,58.26456069946289,176218400.0
2020-04-02,58.12671646543589,59.29002414850145,57.29474488517958,59.23681640625,165934000.0
2020-04-03,58.72166453956951,59.42303384194079,57.79537096509543,58.38549041748047,129880000.0
2020-04-06,60.68066028625878,63.63367089449897,60.31304793384269,63.47888946533203,201820400.0
2020-04-07,65.49353184513188,65.71120459358438,62.63968062235487,62.7436752319336,202887200.0
2020-04-08,63.54418476916798,64.66396058058191,63.17899331030437,64.34955596923828,168895200.0
2020-04-09,64.98563931197687,65.31697539124775,64.0182312530311,64.81391906738281,161834800.0
2020-04-13,64.89131008954301,66.19489592354667,64.29151446730144,66.0860595703125,131022800.0
2020-04-14,67.71856083326759,69.71383985781922,67.24694647516952,69.42361450195312,194994800.0
2020-04-15,68.2990035025,69.24948009360917,67.87092811844572,68.78996276855469,131154400.0
2020-04-16,69.50341866796147,69.70173905002567,68.28690358299804,69.33654022216797,157125200.0
2020-04-17,68.85285583806908,69.39944379426973,66.95915028721262,68.395751953125,215250000.0
2020-04-20,67.22276033093017,68.12486348645393,66.95672167861267,66.97606658935547,130015200.0
2020-04-21,66.81887303902265,67.05346978399236,64.19477725392538,64.90582275390625,180991600.0
2020-04-22,66.17312073347611,67.21066785744529,65.832115915965,66.77533721923828,116862400.0
2020-04-23,66.71970292934046,68.14179371829223,66.47785095518503,66.51654815673828,124814400.0
2020-04-24,67.04136830681426,68.44652764676574,66.99299496104605,68.43685150146484,126161200.0
2020-04-27,68.1538860746012,68.81656552903699,67.7064658092128,68.4852294921875,117087600.0
2020-04-28,68.9471521499239,69.12854111634766,67.28321689774812,67.37511444091797,112004800.0
2020-04-29,68.86251023157146,70.05725948714488,68.65935547379901,69.58806610107422,137280800.0
2020-04-30,70.1274034083595,71.23266881272234,69.73802523358442,71.05611419677734,183064000.0
2020-05-01,69.23013833651491,72.31375148512824,69.13339900800005,69.91216278076172,240616800.0
2020-05-04,69.93634950460861,71.02951794095532,69.24706979478302,70.90133666992188,133568000.0
2020-05-05,71.36086215007607,72.79746385447393,71.21574945029819,71.96549224853516,147751200.0
2020-05-06,72.66683632686777,73.33918446648443,72.28229260413691,72.70795440673828,142333600.0
2020-05-07,73.3343531605904,73.80596744487967,73.0320382041835,73.46011352539062,115215200.0
2020-05-08,74.119757726088,75.26196230929314,73.79237217273885,75.20861053466797,133838400.0
2020-05-11,74.71632920982042,76.8867601253796,74.50776956187678,76.39205169677734,145946400.0
2020-05-12,77.07588574980144,77.52695196972876,75.39774386669593,75.51899719238281,162301200.0
2020-05-13,75.6984577813938,76.61998759486177,73.53044749592581,74.607177734375,200622400.0
2020-05-14,73.84572792328466,75.1261631825109,73.12305519185568,75.06553649902344,158929200.0
2020-05-15,72.83689630557373,74.66781911832467,72.80294181174233,74.62174224853516,166348400.0
2020-05-18,75.94581646414036,76.75336041216173,75.25467098028571,76.37989807128906,135178400.0
2020-05-19,76.39689435415646,77.24324046806854,75.90703342703199,75.93856048583984,101729600.0
2020-05-20,76.79701640617802,77.48573451404336,76.75821444789756,77.41541290283203,111504800.0
2020-05-21,77.27719341349972,77.81798607126746,76.60059758260323,76.8382568359375,102688800.0
2020-05-22,76.57632739090906,77.41540578523484,76.47447873541405,77.33295440673828,81803200.0
2020-05-26,78.45090282570622,78.63035538202438,76.75335624215153,76.80913543701172,125522000.0
2020-05-27,76.66607534046294,77.28931196459057,75.92642542981746,77.14380645751953,112945200.0
2020-05-28,76.81883708906608,78.43635987423401,76.54238332681012,77.17774963378906,133560800.0
2020-05-29,77.42027570132166,77.8810370209666,76.74610726923865,77.10259246826172,153532400.0
2020-06-01,77.05651738496836,78.17204987996918,76.92556167189265,78.05079650878906,80791200.0
2020-06-02,77.78401795906733,78.43636152325215,77.34265402331467,78.412109375,87642800.0
2020-06-03,78.73222188437157,79.1056842545279,78.15990225471617,78.8437728881836,104491200.0
2020-06-04,78.66676274766802,78.96504129309206,77.79130959230261,78.1647720336914,87560400.0
2020-06-05,78.41454770677157,80.45160263084539,78.38544808511186,80.39097595214844,137250400.0
2020-06-08,80.08783519139197,80.90023409134206,79.37729235859877,80.86627960205078,95654400.0
2020-06-09,80.5461703012507,83.81272809723069,80.51464324949785,83.41986846923828,147712400.0
2020-06-10,84.36807171758845,86.0340914097843,83.92913522287401,85.56605529785156,166651600.0
2020-06-11,84.71000802945393,85.13439472060976,81.35614389223483,81.45799255371094,201662400.0
2020-06-12,83.59691311681682,84.34383052506377,81.05059266944424,82.16127014160156,200146000.0
2020-06-15,80.81536275804567,83.82971944873768,80.65288000271148,83.17737579345703,138808800.0
2020-06-16,85.2314142826488,85.65338103043176,83.59692127094438,85.38176727294922,165428800.0
2020-06-17,86.12626281116486,86.18688949305373,85.14168608934729,85.262939453125,114406400.0
2020-06-18,85.2192710882484,85.71398677476938,84.68818088081773,85.296875,96820400.0
2020-06-19,86.00258453034328,86.4681932764156,83.70119078400126,84.8094482421875,264476000.0
2020-06-22,85.20230612758097,87.17145941767127,85.15622926088085,87.02838134765625,135445200.0
2020-06-23,88.27242947914962,90.30463659467983,87.85289026819137,88.88597106933594,212155600.0
2020-06-24,88.51493917080266,89.43404157028371,86.94349320290961,87.31695556640625,192623200.0
2020-06-25,87.47215391548303,88.51492957761795,86.71310689690837,88.47612762451172,137522400.0
2020-06-26,88.3718508333902,88.59253277701855,85.60969648694928,85.75762939453125,205256800.0
2020-06-29,85.66551040750811,87.82867389831827,85.18777180856983,87.73409271240234,130646000.0
2020-06-30,87.32179888035039,88.75259416052774,87.30240160297599,88.4664306640625,140223200.0
2020-07-01,88.5440368956825,89.087249484998,88.25060588813794,88.29910278320312,110737200.0
2020-07-02,89.20608278944812,89.84144910031887,88.18513174947753,88.29910278320312,114041600.0
2020-07-06,89.72748052152446,91.12916897526443,89.6959534658751,90.6611328125,118655600.0
2020-07-07,91.03943260618246,91.81787696805416,90.26826314860052,90.37981414794922,112424400.0
2020-07-08,91.35712467862729,92.51630641314864,91.26981841791164,92.48477935791016,117092000.0
2020-07-09,93.37720039708492,93.43055216626936,91.83486136183558,92.88249206542967,125642800.0
2020-07-10,92.47751045180962,93.10318192525366,91.86639619002682,93.04497528076172,90257200.0
2020-07-13,94.34964385590663,96.95901797723327,92.40231560385234,92.61572265625,191649200.0
2020-07-14,91.99734332779671,94.33995906948404,91.063698400921,94.14838409423828,170989200.0
2020-07-15,96.0229512346548,96.27273284060122,93.5978842251878,94.79586791992188,153198000.0
2020-07-16,93.66819648454631,94.4854427364264,93.0304027910354,93.62939453125,110577600.0
2020-07-17,94.0804677579499,94.23566818195911,92.9673556043315,93.44024658203124,92186800.0
2020-07-20,93.527561622358,95.54763916358736,93.18319885433614,95.40940856933594,90318000.0
2020-07-21,96.19998954005356,96.27516602978264,93.84282396994556,94.09260559082033,103433200.0
2020-07-22,93.79431625820118,95.03837684731693,93.70701739615949,94.35693359375,89001600.0
2020-07-23,94.09016627142198,94.16777018673336,89.25216234988122,90.0621337890625,197004400.0
2020-07-24,88.2603063707244,90.18338250647658,86.47302597872792,89.83901977539062,185438800.0
2020-07-27,90.90121836821324,92.06040019801183,90.6781163294016,91.96824645996094,121214000.0
2020-07-28,91.53900580557185,91.71603836365466,90.45257310797918,90.45742797851562,103625600.0
2020-07-29,90.9400022661806,92.3756450249379,90.9036277454174,92.19133758544922,90329200.0
2020-07-30,91.36438869547273,93.41114559964625,90.9569792625978,93.30686950683594,158130000.0
2020-07-31,99.80120988768464,103.22540332463862,97.80294963723614,103.0750503540039,374336800.0
2020-08-03,104.95689689079155,108.2913640186851,104.6586183859917,105.67229461669922,308151200.0
2020-08-04,105.86144267124747,107.46926317333124,105.138770087299,106.37798309326172,173071600.0
2020-08-05,106.09909155161408,107.08366800256049,105.63347550648942,106.76355743408205,121776800.0
2020-08-06,107.09582786841136,110.98321070655226,106.50653825244208,110.48849487304688,202428800.0
2020-08-07,110.00986453782278,110.46660028081872,107.17956943228634,107.97642517089844,198045600.0
2020-08-10,109.4219488794754,110.56378836086954,106.89533339122228,109.5458526611328,212403600.0
2020-08-11,108.80973072656776,109.30776282738468,106.02801970691873,106.28797149658205,187902400.0
2020-08-12,107.37877518954043,110.07788585431382,107.18442302937044,109.82036590576172,165598000.0
2020-08-13,111.20029196815734,112.7672832263659,110.71197231378294,111.76392364501952,210082000.0
2020-08-14,111.58901749702606,111.75421760454508,109.85439412589318,111.6643295288086,165565200.0
2020-08-17,112.78671524478968,112.81101111968458,110.74598779263944,111.3727798461914,119561600.0
2020-08-18,111.12497934318772,112.7259788863913,110.78971554731912,112.3008270263672,105633600.0
2020-08-19,112.7089894111577,113.85568519716752,112.3470052838106,112.4417495727539,145538000.0
2020-08-20,112.48304002227763,115.05095915162076,112.46603216773778,114.93677520751952,126907200.0
2020-08-21,115.89639140480683,121.343197228119,115.88424717471018,120.8597412109375,338054800.0
2020-08-24,125.06510696520752,125.15014624205315,120.4394596328143,122.30526733398438,345937600.0
2020-08-25,121.1780216499416,121.64690172019864,119.57944621797552,121.30191802978516,211495600.0
2020-08-26,122.61866031262532,123.4082280829776,121.5521329040774,122.95149230957033,163022400.0
2020-08-27,123.55400095827326,123.88683296878132,120.33741816118452,121.481689453125,155552400.0
2020-08-28,122.45588091995438,122.87374476236184,121.0613851801568,121.28489685058594,187630000.0
2020-08-31,123.97914969468256,127.30262091946506,122.44374225841678,125.39793395996094,225702700.0
2020-09-01,129.01293310588505,130.99536378403553,126.84587750534726,130.39285278320312,151948100.0
2020-09-02,133.70662433115996,134.0856162874723,123.41552250903742,127.69132995605467,200119000.0
2020-09-03,123.3280682941128,125.20358843955071,117.09898196053354,117.46825408935548,257599600.0
2020-09-04,116.68111019411374,120.20865338231155,107.76020880398583,117.54598999023438,332607200.0
2020-09-08,110.73384613966655,115.6315969151868,109.49969417268504,109.6357421875,231366600.0
2020-09-09,113.95042385620658,115.77735955442188,112.00687240165654,114.00872802734376,176940500.0
2020-09-10,116.96293720757076,117.09898522798876,109.32477873982351,110.28683471679688,182274400.0
2020-09-11,111.33634579157452,111.97772133616776,106.89533097403393,108.83888244628906,180860300.0
2020-09-14,111.48210621661045,112.6579538893948,109.61629870677376,112.10404205322266,140150100.0
2020-09-15,114.99022398928534,115.4761118546192,110.40344135428404,112.27896881103516,184642000.0
2020-09-16,111.97772849620064,112.72599259867744,108.8777613272375,108.96521759033205,154679000.0
2020-09-17,106.6232270995851,109.03322659577088,105.64173160246284,107.22572326660156,178011000.0
2020-09-18,107.2840271982426,107.75047533208858,103.0956693411613,103.82450103759766,287104900.0
2020-09-21,101.58943734580028,107.07997179185172,100.19007789948417,106.97307586669922,195713800.0
2020-09-22,109.49970641236058,109.674626367255,106.07905857827852,108.65425872802734,183055400.0
2020-09-23,108.469601478443,108.94576947432668,103.75648361182957,104.09661102294922,150718700.0
2020-09-24,102.2016466950428,107.13826893890364,102.03644660847966,105.16556549072266,167743300.0
2020-09-25,105.36964948370712,109.26647248780472,104.6310978054254,109.1109848022461,149981400.0
2020-09-28,111.76393141391246,112.06517952480382,109.596868222818,111.71533966064452,137672400.0
2020-09-29,111.31691166111466,112.05545586998878,110.36456819358912,110.86988830566406,99382200.0
2020-09-30,110.5783749906428,113.95043838034034,110.41317487532416,112.5413589477539,142675200.0
2020-10-01,114.31968302381053,114.39742685256728,112.560771529031,113.4936752319336,116120400.0
2020-10-02,109.7037347212861,112.11374120412684,109.05264692088645,109.83006286621094,144712000.0
2020-10-05,110.69498771842362,113.35765140139708,110.34514782850756,113.21188354492188,106243800.0
2020-10-06,112.4344444777198,112.84259590260606,109.08182130955358,109.96614074707033,161498200.0
2020-10-07,111.3849238034784,112.288675423152,110.9087484133937,111.83193969726562,96849000.0
2020-10-08,112.96894671554467,113.1147145812158,111.35579518649142,111.7250747680664,83477200.0
2020-10-09,112.02631376339768,113.69776933647424,111.67647388000672,113.66861724853516,100506900.0
2020-10-12,116.67139028698064,121.64688463034302,115.91340641347357,120.88890075683594,240226800.0
2020-10-13,121.7343481891843,121.85096395135838,116.2729730734288,117.68204498291016,262330500.0
2020-10-14,117.58486859235376,119.5575722262898,116.2438206939987,117.7695083618164,150712000.0
2020-10-15,115.36920805471462,117.7792075503629,114.81529622261272,117.30303955078124,112559200.0
2020-10-16,117.8569511570842,118.11933473782236,115.45666408455465,115.66073608398438,115393800.0
2020-10-19,116.57422168009768,117.02123764921416,112.39559027449886,112.70655822753906,120639300.0
2020-10-20,112.92034331318092,115.62188622477068,112.36643141199016,114.19337463378906,124423700.0
2020-10-21,113.377089656178,115.35951333260172,113.16329777724089,113.57144927978516,89946000.0
2020-10-22,114.13506335968486,114.70841493004065,111.35578401227828,112.48304748535156,101988000.0
2020-10-23,113.10498668978074,113.26047437917072,111.05453912383231,111.7930908203125,82572600.0
2020-10-26,110.79215536953424,113.2604666650257,109.69404402667767,111.80280303955078,111850700.0
2020-10-27,112.23037983284463,113.96985932342136,111.3071958315164,113.30905151367188,92276800.0
2020-10-28,111.80280503922792,112.17207716189112,107.96428630838616,108.06146240234376,143937800.0
2020-10-29,109.19844245324492,113.62973745029149,109.0332349429399,112.06517791748048,146129200.0
2020-10-30,107.92540973464747,108.8291614562022,104.67968236923052,105.78750610351562,190272600.0
2020-11-02,106.03045798084732,107.55614568812253,104.2909784116254,105.7000503540039,122866900.0
2020-11-03,106.56493023946784,108.34327419283328,105.6611785129121,107.32291412353516,107624400.0
2020-11-04,110.9184838247905,112.32755570064144,109.17900433769591,111.70561981201172,138235500.0
2020-11-05,114.62095155797914,116.24382276328365,113.57143933861292,115.67047119140624,126387100.0
2020-11-06,115.17886724342364,116.03550252982856,113.04700448892656,115.53904724121094,114457900.0
2020-11-09,117.30100266982896,118.75144452373826,112.96914288637264,113.23197174072266,154515300.0
2020-11-10,112.48241768033424,114.46825386220856,111.10010975217423,112.89126586914062,138023400.0
2020-11-11,114.07888176862647,116.45410042104282,113.34879251575484,116.31781768798828,112295000.0
2020-11-12,116.44436129860394,117.33019898779234,115.42223346115064,116.04524230957033,103162300.0
2020-11-13,116.26915483122532,116.49304471994895,114.74083488923566,116.09393310546876,81581900.0
2020-11-16,115.76295421656155,117.77800032814828,115.01339915844956,117.1063232421875,91183000.0
2020-11-17,116.37624546164425,117.46650747207036,115.8019046438494,116.22048950195312,74271000.0
2020-11-18,115.46118772161483,116.63906421361688,114.86738117394036,114.8965835571289,76322100.0
2020-11-19,114.46825901798518,115.89923517011198,113.70896736833063,115.49038696289062,74113000.0
2020-11-20,115.49038264932382,115.61692877725572,114.17622350270928,114.22489166259766,73604300.0
2020-11-23,114.06914317462709,114.4974645720946,110.73020141936895,110.82754516601562,127959300.0
2020-11-24,110.88595846342132,112.77445093316165,109.6009942581799,112.1125030517578,113874200.0
2020-11-25,112.4824235383736,113.65056340347142,112.11250688717266,112.94967651367188,76499200.0
2020-11-27,113.47534623148913,114.37092065910096,113.13463937607727,113.49481201171876,46691300.0
2020-11-30,113.86472833539251,117.75853793262588,113.70897238661402,115.88951110839844,169410200.0
2020-12-01,117.79746411967524,120.19215587053868,116.82401182614448,119.46206665039062,127728200.0
2020-12-02,118.78065073270164,120.0948173273605,117.68065226704212,119.81251525878906,89004200.0
2020-12-03,120.24083575457,120.49393545508784,118.9656155022822,119.67623901367188,78967600.0
2020-12-04,119.34526159986808,119.5983613009378,118.29393123559596,119.00455474853516,78260400.0
2020-12-07,119.06294045566084,121.2629445857138,119.0045356981682,120.46471405029295,86712000.0
2020-12-08,121.06826612455384,121.66207262611567,119.82224093273688,121.07799530029295,82225500.0
2020-12-09,121.22402938804676,122.60633005014088,117.787743513511,118.54703521728516,115089200.0
2020-12-10,117.3009969843338,120.58153376453308,116.96029017970808,119.96825408935548,81312200.0
2020-12-11,119.17975172566112,119.5009927302848,117.3496642850928,119.16028594970705,86939800.0
2020-12-14,119.34526590931088,120.0753552286095,118.31340871462832,118.54703521728516,79184500.0
2020-12-15,121.03906972258224,124.50456537042436,120.83464560664378,124.48509216308594,157243700.0
2020-12-16,124.0275637947843,124.9620697049553,123.20012338037756,124.41693878173828,98208600.0
2020-12-17,125.47801271123195,126.13996808980455,124.64084302444346,125.2833251953125,94359800.0
2020-12-18,125.53640555307187,125.6726882705122,122.77179737031577,123.2974624633789,192541500.0
2020-12-21,121.70100925990955,124.90366837554562,120.1726893708652,124.82579040527344,121251600.0
2020-12-22,128.11605471749206,130.84172406271304,126.20808171972652,128.37889099121094,168904800.0
2020-12-23,128.65144655619818,128.91426795602175,127.30807776451476,127.48330688476562,88223700.0
2020-12-24,127.83378405985889,129.91697172820207,127.61962333055864,128.46652221679688,54930100.0
2020-12-28,130.43286969291617,133.693925752392,129.96560192767902,133.06118774414062,124486200.0
2020-12-29,134.38507537843176,135.1054204796811,130.77356128298763,131.28948974609375,121047300.0
2020-12-30,131.98065036313264,132.37976932791838,129.85851685438772,130.17002868652344,96452100.0
2020-12-31,130.52044077189774,131.16292263133363,128.22309354875884,129.16734313964844,99116600.0
2021-01-04,129.97535392263828,130.0629610638514,123.394814362578,125.9744644165039,143301900.0
2021-01-05,125.46825325569432,128.24259796257226,125.02045870880843,127.53196716308594,97664900.0
2021-01-06,124.32932099883892,127.570918733124,123.02489113823766,123.23905181884766,155088000.0
2021-01-07,124.95233855838184,128.1355317571745,124.46561240551398,127.44437408447266,109578200.0
2021-01-08,128.9142743130051,129.1089766459298,126.77268233415624,128.54437255859375,105158200.0
2021-01-11,125.76028628554909,126.71426523844696,125.08860192198284,125.55585479736328,100384500.0
2021-01-12,125.08862234580894,126.24703297603196,123.4921611450378,125.3806610107422,91951100.0
2021-01-13,125.34171064567089,127.96029966424209,125.07888922385592,127.41516876220705,88636800.0
2021-01-14,127.32757155716696,127.5222590582708,125.34172042627678,125.4877471923828,90221800.0
2021-01-15,125.36119363586094,126.76296740977295,123.62844962469308,123.76473236083984,111598500.0
2021-01-19,124.38772578454656,125.29304408982054,123.57002946950722,124.4364013671875,90757300.0
2021-01-20,125.24437293876636,128.97269692470792,125.13729259464834,128.52490234375,104319500.0
2021-01-21,130.24794357484075,135.96210482573608,130.0435120203248,133.23643493652344,120150900.0
2021-01-22,132.66206599733243,136.13729751698824,131.435521560002,135.3780059814453,114459400.0
2021-01-25,139.27182020640586,141.23818305206848,132.91516336360118,139.12579345703125,157611700.0
2021-01-26,139.78775742744395,140.4691710725819,137.61694808504978,139.35943603515625,98390600.0
2021-01-27,139.6222601892596,140.46917381461645,136.6824448551771,138.28863525390625,140843800.0
2021-01-28,135.816042617107,138.2204705183577,133.07090053569834,133.45054626464844,142621100.0
2021-01-29,132.22404319902353,133.10988846080656,126.7532453845792,128.456787109375,177523800.0
2021-02-01,130.19925735971532,131.78598951100426,127.45411448597896,130.5789031982422,106239800.0
2021-02-02,132.12668680443446,132.6912909648265,131.03642489675576,131.40634155273438,83305400.0
2021-02-03,132.15587647941985,132.16562050861145,130.0629600142458,130.3842010498047,89880900.0
2021-02-04,132.68155527349182,133.75234392204015,131.01694525702797,133.74261474609375,84183100.0
2021-02-05,133.90346870595903,133.97170445351236,132.45085206919504,133.32826232910156,75693800.0
2021-02-08,132.6165797613071,133.52325088194496,131.53443254526087,133.47450256347656,71297200.0
2021-02-09,133.19180084894626,134.42019329345555,132.44113310608114,132.59710693359375,76774200.0
2021-02-10,133.05529021983176,133.5525022619222,131.0274820724659,131.99264526367188,73046600.0
2021-02-11,132.4898338171174,132.9675435248031,130.41329236021338,131.73916625976562,64280000.0
2021-02-12,130.9787653308469,132.12914848493614,130.33532312132203,131.97315979003906,60145100.0
2021-02-16,132.09017454240117,132.5971155475775,129.45791334796667,129.84788513183594,80576300.0
2021-02-17,127.95651619642835,128.9021769728661,126.22118330017902,127.55680084228516,97918500.0
2021-02-18,125.95798047907508,126.73790904839908,124.21290350757396,126.45519256591795,96856700.0
2021-02-19,126.97187831271118,127.43008573965324,125.56801001534814,126.61115264892578,87668800.0
2021-02-22,124.797821900289,126.46491917771368,122.44830023340782,122.83826446533205,103916400.0
2021-02-23,120.65447173544518,123.53044391763328,115.41921936454152,122.70177459716795,158273000.0
2021-02-24,121.80487424070276,122.40931177714582,119.16287735238498,122.20458221435548,111039900.0
2021-02-25,121.55140392768224,123.28673718148006,117.51528958023444,117.95399475097656,148199500.0
2021-02-26,119.51384476967972,121.7171366577398,118.1587246436744,118.21722412109376,164560400.0
2021-03-01,120.64472644599832,124.71983750347,119.7088167333954,124.5833511352539,116307900.0
2021-03-02,125.18779891061432,125.49001767022229,121.87311395477931,121.98035430908205,102260900.0
2021-03-03,121.67814086921052,122.55555866097826,118.78266587535208,118.99714660644533,112966300.0
2021-03-04,118.69492201638305,120.49849839926787,115.64346591859298,117.11557006835938,178155000.0
2021-03-05,117.94423026145166,118.8801399153452,114.61979443770964,118.37318420410156,153766600.0
2021-03-08,117.89548670485604,117.96372988743823,113.29392514231552,113.4401626586914,154376600.0
2021-03-09,116.04316214765258,118.99712873808402,115.80918658429786,118.0514678955078,129525800.0
2021-03-10,118.63644290778188,119.10439413289248,116.4526457307637,116.96935272216795,111943300.0
2021-03-11,119.46508305774302,120.11826884445412,118.21720351359382,118.8996353149414,103026500.0
2021-03-12,117.37879987716552,118.12947496626138,116.16991732521446,117.99298858642578,88105100.0
2021-03-15,118.36346113570012,120.88846666765528,117.39829786101336,120.87871551513672,92403800.0
2021-03-16,122.54580261068884,124.02766536377308,121.5903979495752,122.4190673828125,115227900.0
2021-03-17,120.93721148152662,122.70179070070944,119.2701140328994,121.62939453125,111932600.0
2021-03-18,119.79656111339465,120.08903616814248,117.3008017478915,117.50553131103516,121229700.0
2021-03-19,116.89134214689705,118.3829485565644,116.6768614326796,116.97908020019533,185549500.0
2021-03-22,117.310556903171,120.76172845240195,117.24231371312756,120.29376983642578,111912300.0
2021-03-23,120.2352652049879,121.12242658262932,119.07512365781542,119.465087890625,95467100.0
2021-03-24,119.73808337691132,119.8160777258849,117.05708899403656,117.07658386230467,88530500.0
2021-03-25,116.54038560410484,118.6071911560223,116.01393492282536,117.56403350830078,98844700.0
2021-03-26,117.33005928068576,118.4317089821302,115.93594193373995,118.1684799194336,94071200.0
2021-03-29,118.59744153314396,119.50410536738508,117.70052885181629,118.34396362304688,80819200.0
2021-03-30,117.09607936818357,117.37880328833072,115.87744562855794,116.89134979248048,85671900.0
2021-03-31,118.59743876993916,120.42051011090868,118.10998526692909,119.08489227294922,118323800.0
2021-04-01,120.5570011392304,121.06394949790784,119.41635431579364,119.91355895996094,75089100.0
2021-04-05,120.76171631176526,122.99425393009696,119.9817878428641,122.74077606201172,88651200.0
2021-04-06,123.32573080877204,123.93991951774667,122.49706137788412,123.04300689697266,80171300.0
2021-04-07,122.67254799737614,124.71010003062226,121.99985979599344,124.69060516357422,83466700.0
2021-04-08,125.71422976091594,127.11809794284298,125.2950269744252,127.08885192871094,88844600.0
2021-04-09,126.54292881700624,129.70161790758218,126.22120772891054,129.66262817382812,106686700.0
2021-04-12,129.1946414847547,129.51636248443688,127.35206839631736,127.94676208496094,91420000.0
2021-04-13,129.11670696279845,131.28100205330475,128.61949478941824,131.0567626953125,91266500.0
2021-04-14,131.55394754511985,131.61243958256816,128.35625390681537,128.7169647216797,87222800.0
2021-04-15,130.46205515581354,131.61243821608534,130.286564169391,131.12498474121094,89347100.0
2021-04-16,130.92998916765907,131.29069993150603,129.93558004398386,130.7935028076172,84922400.0
2021-04-19,130.15982336917756,132.07064756343885,129.99409097045535,131.45645141601562,94264200.0
2021-04-20,131.63191186465178,132.12910894546226,128.5024546918313,129.76983642578125,94812300.0
2021-04-21,129.0386769276597,130.39379691363274,128.00527800142257,130.1500701904297,68847100.0
2021-04-22,129.70163080104982,130.7837782500738,128.11254238332913,128.62924194335938,84566500.0
2021-04-23,128.8437210981472,131.72943767595572,128.8437210981472,130.94952392578125,78657500.0
2021-04-26,131.4466873659373,131.67091176764876,130.2085515483263,131.33944702148438,66905100.0
2021-04-27,131.62221418593927,132.01218598694598,130.74480366650468,131.0177764892578,66015800.0
2021-04-28,130.93976637575503,131.63195694182536,129.74063484322053,130.22808837890625,107760100.0
2021-04-29,133.04556205861587,133.63051222031285,129.12643167740748,130.13058471679688,151101000.0
2021-04-30,128.4732479162047,130.2085812488916,127.78107225167612,128.16128540039062,109839500.0
2021-05-03,128.7267036427075,130.70577838338053,128.5219815192614,129.2141571044922,75135100.0
2021-05-04,127.89804644623833,128.19052150938094,123.52070884107248,124.64185333251952,137564700.0
2021-05-05,125.95797834787253,127.17661206810328,124.7588469324174,124.88558959960938,84000900.0
2021-05-06,124.6808672259151,126.49419500952705,123.9399357544084,126.48445129394533,78128300.0
2021-05-07,127.78326383187957,128.18364330353234,126.44536250089044,127.15826416015624,78973300.0
2021-05-10,126.3770049216638,126.50394796231056,123.83793549239248,123.8769989013672,88071200.0
2021-05-11,120.60551762571262,123.3105935686965,119.89262343355486,122.95903778076172,126142800.0
2021-05-12,120.50787096501224,121.71880695136792,119.38482206893003,119.89263153076172,112172300.0
2021-05-13,121.66021008886268,123.19341357180042,121.34771025318692,122.04106903076172,105861300.0
2021-05-14,123.29105636497444,124.8926187981441,122.90042974578068,124.46292877197266,81918000.0
2021-05-17,123.84769755764366,123.95512006477786,122.23636740121376,123.31058502197266,74244600.0
2021-05-18,123.5938109974595,124.01373338582825,121.8555300481234,121.92388916015624,63342900.0
2021-05-19,120.2734914717984,121.99223682754791,119.9805196188087,121.76763153076172,92612000.0
2021-05-20,122.29497252696002,124.72661200774762,122.16801458440844,124.3262176513672,76857100.0
2021-05-21,124.8242725716539,125.00005419589024,122.27544274551911,122.49028778076172,79295400.0
2021-05-24,123.0566820083278,124.94144853323613,122.9883229095211,124.12113189697266,63092900.0
2021-05-25,124.82427074399982,125.31255964913692,123.35942638033973,123.92583465576172,72009500.0
2021-05-26,123.98442141340176,124.40434374665044,123.45707656811848,123.8769989013672,56575900.0
2021-05-27,123.4766122875404,124.64848475719648,122.148486181619,122.3437957763672,94625600.0
2021-05-28,122.62699835536804,122.85161109201668,121.63090751379944,121.6894989013672,71311100.0
2021-06-01,122.14850191595166,122.41217064788404,121.03522069119808,121.36724853515624,67637100.0
2021-06-02,121.36722658627286,122.30472600333286,121.14262130905784,122.12894439697266,59278900.0
2021-06-03,121.75786579428136,121.92387970340114,120.2441902802076,120.64458465576172,76229200.0
2021-06-04,121.16215477898147,123.20317504815016,120.94730975584967,122.9394989013672,75169300.0
2021-06-07,123.21294086384106,123.35942679081124,121.90435013756394,122.94927215576172,71057600.0
2021-06-08,123.63285881954378,125.44927381859075,123.25199989330952,123.7695770263672,74403800.0
2021-06-09,124.2285784883924,124.75592340310972,123.5547476333784,124.15045166015624,56877900.0
2021-06-10,124.04302634697638,125.18561069515118,122.98834399182276,123.15435791015624,71186400.0
2021-06-11,123.56450647531338,124.45318231886102,123.14458411693292,124.36528778076172,53522400.0
2021-06-14,124.82424496082358,127.4804892664408,124.09182293027956,127.4218978881836,96906500.0
2021-06-15,126.89457246686104,127.53910749038236,126.35745994725994,126.60160064697266,62746300.0
2021-06-16,127.3144925386233,127.8223093871763,125.44926884121656,127.09964752197266,91815000.0
2021-06-17,126.75789707967088,129.4434456834725,126.61140366967015,128.7012481689453,96721700.0
2021-06-18,127.64652258250932,128.4277608552948,127.1875369016072,127.40238189697266,108953300.0
2021-06-21,127.24613887941126,129.3066870329964,126.18168897810015,129.1992645263672,79663300.0
2021-06-22,129.03328724856672,130.93758231447188,128.53523053051975,130.8399200439453,74783600.0
2021-06-23,130.63481857945425,131.171931135257,130.10746628787817,130.5664520263672,60214200.0
2021-06-24,131.29889842930257,131.4844477920528,129.8145184284701,130.2832794189453,68711000.0
2021-06-25,130.33209840454234,130.7520133222248,129.69732354370646,129.99029541015625,70783700.0
2021-06-28,130.28323808863115,132.08010994524813,130.22464670870133,131.62112426757812,62111300.0
2021-06-29,131.64068656233414,133.29108030597018,131.20123622200433,133.13482666015625,64556100.0
2021-06-30,132.9785831720377,134.18952666784298,132.6856112890496,133.7500762939453,63261400.0
2021-07-01,133.3985304143806,134.11141733174057,132.57820605478142,134.05282592773438,52485800.0
2021-07-02,134.66798639792978,136.71877396791402,134.5215079577154,136.67971801757812,78852600.0
2021-07-06,136.78717260963688,139.79497322979873,136.78717260963688,138.69146728515625,108181800.0
2021-07-07,140.17584334226723,141.49420932337944,139.31647805419703,141.1817169189453,104911600.0
2021-07-08,138.2617755637112,140.68364735524526,137.37309975875638,139.88287353515625,105575500.0
2021-07-09,139.40437134178396,142.2363981441266,139.3067090791504,141.7090606689453,99890800.0
2021-07-12,142.78330231767637,142.89072485841734,140.6250912359429,141.11337280273438,76299700.0
2021-07-13,140.65437172290618,144.00399065736747,140.26375247219565,142.2266387939453,100827100.0
2021-07-14,144.62900903718884,146.064558065358,144.2188393995652,145.65438842773438,127050800.0
2021-07-15,145.74227374256316,146.48445629001154,143.64265426170465,145.0000762939453,106820300.0
2021-07-16,144.98053780920102,146.25005768557594,142.46100368486307,142.95904541015625,93251400.0
2021-07-19,140.3808931785124,140.69340040632105,138.3496409012505,139.11135864257812,121434600.0
2021-07-20,140.09768363521007,143.65237106764857,139.609402312616,142.72462463378906,96350000.0
2021-07-21,142.1192217608621,142.7051655607568,141.24032096218994,141.9922637939453,74993500.0
2021-07-22,142.51956101020923,144.72658731973024,142.3926030924508,143.35940551757812,77338200.0
2021-07-23,144.09187799846512,145.23445495496276,143.47663852143975,145.0782012939453,71447400.0
2021-07-26,144.79499663408214,146.31843249256286,144.23834858516193,145.4981231689453,72434100.0
2021-07-27,145.6250840111189,145.71298601459037,142.13876150930636,143.33016967773438,104818600.0
2021-07-28,141.41604789004137,143.5254269831522,139.19924629956387,141.58206176757812,118931200.0
2021-07-29,141.29890689763087,143.1153147256564,141.1914843685101,142.2266387939453,56699500.0
2021-07-30,140.99612813629884,142.90042243108647,140.7324520335854,142.44143676757812,70440600.0
2021-08-02,142.92972994024274,143.50589840764349,141.8457446518481,142.1094207763672,62880000.0
2021-08-03,142.39266574077612,144.5703973198966,141.77742620853948,143.90634155273438,64786600.0
2021-08-04,143.81842770211748,144.32622969980267,142.8516250314263,143.50592041015625,56368300.0
2021-08-05,143.53520021202812,144.37504483971543,142.7441867059485,143.6133270263672,46397700.0
2021-08-06,143.13410295218878,143.8773972975789,142.42992307824375,142.9287109375,54126800.0
2021-08-09,142.98742050984688,143.47643358609363,142.3223698894288,142.8798370361328,48908700.0
2021-08-10,143.2221579263746,144.46425536863836,142.10720866457348,142.40061950683594,69023100.0
2021-08-11,142.84070404163072,143.4959796880464,142.33212632967644,142.65487670898438,48493500.0
2021-08-12,142.97763397957073,145.77478914489808,142.63531888467134,145.61830139160156,72282600.0
2021-08-13,145.6965517804986,146.15622524916978,145.01193648359285,145.82369995117188,59375000.0
2021-08-16,145.27599198977236,147.8677701385214,143.25148569982673,147.79930114746094,103296000.0
2021-08-17,146.92883920441727,148.3469738946529,145.81389018106398,146.8897247314453,92229700.0
2021-08-18,146.50831793002382,147.40810018292743,142.93851358506976,143.14390563964844,86326000.0
2021-08-19,141.8431535530235,144.74789286728046,141.32480080622992,143.47645568847656,86960300.0
2021-08-20,144.2001657522503,145.23687099584217,143.55466496618592,144.93368530273438,60549600.0
2021-08-23,145.05102753102452,146.8897211086949,144.6402584192349,146.42027282714844,60131800.0
2021-08-24,146.16599748585364,147.54501786684636,145.87258667150505,146.33226013183594,48606400.0
2021-08-25,146.51809526108525,147.01689814902136,144.55226807046895,145.09996032714844,58991300.0
2021-08-26,145.09017201862116,145.84324134015625,144.26861878609316,144.29795837402344,48597200.0
2021-08-27,144.2392565978135,145.48135367838458,143.60354572760687,145.33465576171875,55802400.0
2021-08-30,145.72586326960624,150.11720505871097,145.34443375463215,149.7553253173828,90956700.0
2021-08-31,149.3054768809692,149.4423999461669,147.96557089636175,148.49371337890625,86453100.0
2021-09-01,149.4717126602179,151.57446255268852,148.99247455645138,149.1587371826172,80313700.0
2021-09-02,150.48887910534057,151.32020730323478,149.05117946923792,150.27371215820312,71115500.0
2021-09-03,150.38129660470707,151.23218950970838,149.7260208700016,150.90943908691406,57808700.0
2021-09-07,151.56472666714657,153.80440017652478,150.9974696606434,153.24693298339844,82278300.0
2021-09-08,153.53051823549217,153.58919740809037,150.59644021764143,151.7016143798828,74420200.0
2021-09-09,152.0732585427631,152.6796298490877,150.56709024038778,150.68446350097656,57305700.0
2021-09-10,151.59404461667015,152.06349296335642,145.43247723787448,145.69654846191406,140893200.0
2021-09-13,147.32004846636258,148.09268237347644,145.48135496921765,146.26377868652344,102404300.0
2021-09-14,147.04625901044298,147.75043913474877,143.68184617731472,144.86524963378906,109296300.0
2021-09-15,145.29551465513066,146.15618215949596,143.15363570353327,145.75518798828125,83281300.0
2021-09-16,145.1781923829195,145.69654500672686,143.98499938228915,145.52049255371094,68034100.0
2021-09-17,145.54987160597395,145.54987160597395,142.5570987880531,142.8505096435547,129868800.0
2021-09-20,140.64014472255653,141.6572852174671,138.16574008474765,139.79904174804688,123478900.0
2021-09-21,140.7672722677942,141.42256280767091,139.642548359155,140.27825927734375,75834000.0
2021-09-22,141.27586560496235,143.21235308306478,140.54234603803783,142.64511108398438,76404300.0
2021-09-23,143.42750895866175,143.8480679048245,142.43970805715156,143.6035614013672,64838200.0
2021-09-24,142.45926674371992,144.22949136628228,142.36145817706782,143.6915740966797,53477900.0
2021-09-27,142.27346776582567,142.75270596031078,140.65973055901063,142.1756591796875,74150700.0
2021-09-28,140.10223840010562,141.56927754565646,138.5765200764918,138.79168701171875,108972300.0
2021-09-29,139.33937729818666,141.2758647647725,138.90904343372455,139.69146728515625,74602000.0
2021-09-30,140.5032258841864,141.2074058338631,138.17551911033874,138.39068603515625,89056700.0
2021-10-01,138.7818918325454,139.77948259151805,136.0532056936857,139.51541137695312,94639600.0
2021-10-04,138.6449736382081,139.08509731906585,135.23167212302508,136.08255004882812,98322000.0
2021-10-05,136.42487967911666,139.11445172258436,136.2977314979069,138.00927734375,80861100.0
2021-10-06,136.40525002282075,139.02635182105465,135.3294157483287,138.87965393066406,83221100.0
2021-10-07,139.9164308251386,141.0509448396517,139.5839054867973,140.14137268066406,61732700.0
2021-10-08,140.86509243785557,141.01179037767685,139.42739293363346,139.75991821289062,58773200.0
2021-10-11,139.14374758559657,141.6279267805162,138.6938491097419,139.671875,64452200.0
2021-10-12,140.08268843547052,140.1022531380476,137.94080866989395,138.40048217773438,73035900.0
2021-10-13,138.13639477336537,138.29286758829517,136.1412134172162,137.8136444091797,78762700.0
2021-10-14,138.9872611601966,140.7183711807061,138.40043965116223,140.6009979248047,69907100.0
2021-10-15,140.6108377905611,141.7159973023287,140.35654141515744,141.65731811523438,67940300.0
2021-10-18,140.29781043764254,143.61331759603044,140.01418949688554,143.32969665527344,85589200.0
2021-10-19,143.77957415536835,145.8921135630049,143.32969062365265,145.49111938476562,76378900.0
2021-10-20,145.43247137126255,146.45940171355207,144.86521446863128,145.98016357421875,58418800.0
2021-10-21,145.54005210514717,146.35181550626882,144.62070524306984,146.19532775878906,61421000.0
2021-10-22,146.40074040762428,146.8799636819581,145.37380993998815,145.42271423339844,58883400.0
2021-10-25,145.41292429505054,146.08776474244283,144.3762189390256,145.37380981445312,50720600.0
2021-10-26,146.04863902426567,147.52545305998103,145.73566350958762,146.0388641357422,60893400.0
2021-10-27,146.07795043904167,146.4398152500375,145.22707267329858,145.57916259765625,56094900.0
2021-10-28,146.5278661763529,149.804244404835,146.43005760449074,149.21743774414062,100077900.0
2021-10-29,143.98499185882136,146.6452238271108,143.19279317037723,146.50830078125,124953200.0
2021-11-01,145.71610716586716,146.4104973070888,144.55225377378474,145.686767578125,74588300.0
2021-11-02,145.39333388599684,148.23939283683745,145.38354407596196,146.72344970703125,69122000.0
2021-11-03,147.0853590623447,148.6306422432943,146.52789189067994,148.16119384765625,54511500.0
2021-11-04,148.24917833275668,149.08049145321388,147.32983153314007,147.64280700683594,60394600.0
2021-11-05,148.76920495768735,149.07283317887465,146.97680309732056,148.17173767089844,65463900.0
2021-11-08,148.29903947767883,148.45575560494797,147.07472275577462,147.34896850585938,55020900.0
2021-11-09,147.11388237768483,148.31860574960734,146.97675951376905,147.7113494873047,56787900.0
2021-11-10,146.93759531163658,147.0453357776248,144.8121833419343,144.8807373046875,65187100.0
2021-11-11,145.89938743250096,146.35971678839883,144.64567331029048,144.83177185058594,41000000.0
2021-11-12,145.38027365145768,147.3097982131486,144.449795829464,146.90823364257812,63804000.0
2021-11-15,147.28040751304476,148.7593917575851,146.3597188974358,146.9180145263672,59222800.0
2021-11-16,146.8592578937047,148.37741378411212,146.27157982474884,147.89747619628906,59256200.0
2021-11-17,147.89745943010328,151.81527292494047,147.88767027666427,150.3363037109375,88807000.0
2021-11-18,150.5517823821893,155.4098626732955,149.9053395784081,154.6262969970703,137827700.0
2021-11-19,154.41081232255357,157.71158022509883,153.3138293695712,157.25123596191406,117305600.0
2021-11-22,158.35800620438556,162.2954127503928,157.69198511799027,157.71157836914062,117467900.0
2021-11-23,157.80951705712113,158.47555309859132,155.79184557181551,158.09356689453125,96041900.0
2021-11-24,157.44714936539495,158.8085891260157,156.35995538782916,158.61270141601562,69463600.0
2021-11-26,156.2913744764638,157.15328324096114,153.14732272261747,153.58807373046875,76959800.0
2021-11-29,156.09548196515397,157.8780943084946,155.52739720558188,156.94761657714844,88748200.0
2021-11-30,156.70279018771515,162.11916751565707,156.63422126051972,161.9036865234375,174048100.0
2021-12-01,164.03887803890356,166.8009442517478,161.14949302605055,161.3845672607422,152052500.0
2021-12-02,155.47843376037946,160.82624080588923,154.55774519881157,160.39527893066406,136739200.0
2021-12-03,160.64995624545222,161.57064486360198,156.43830349501886,158.51473999023438,118023100.0
2021-12-06,160.91439750803002,164.43064668165096,160.9046083540242,161.92324829101562,107497000.0
2021-12-07,165.60599842826275,168.05463216133035,164.881197462976,167.662841796875,120405400.0
2021-12-08,168.59332710400926,172.3446356103418,167.19270089919112,171.4827117919922,116998900.0
2021-12-09,171.31620335113058,173.11839407886248,170.3465390733042,170.973388671875,108923700.0
2021-12-10,171.6100212029294,175.93920304428585,171.1007012965135,175.7628936767578,115402700.0
2021-12-13,177.3986153833375,178.38787299583686,171.92347383588933,172.12916564941406,153237000.0
2021-12-14,171.64921855709608,174.08806304841983,168.67168661995763,170.7481231689453,139380400.0
2021-12-15,171.5120851840939,175.81188500506997,168.76961267963995,175.61599731445312,131063300.0
2021-12-16,175.5963934569458,177.4181772656769,167.2416576691539,168.7206268310547,150185800.0
2021-12-17,166.43852716670187,169.90580094866743,166.20346789014454,167.62367248535156,195432700.0
2021-12-20,164.822439656907,167.0751857762259,164.0192955298341,166.26223754882812,107499100.0
2021-12-21,168.03505777993055,169.64136109142663,165.64518859679046,169.43568420410156,91185900.0
2021-12-22,169.48460422982922,172.24666990143447,168.61289133008395,172.03118896484375,92135300.0
2021-12-23,172.23687751170715,173.21633086134378,171.6687927754853,172.6580352783203,68356600.0
2021-12-27,173.45138279506557,176.71296410542078,173.4318044894933,176.62481689453125,74919600.0
2021-12-28,176.45833582983963,177.6042945644057,174.86182193569553,175.606201171875,79144300.0
2021-12-29,175.6453755384828,176.91866791508298,174.4798236309474,175.69435119628906,62348900.0
2021-12-30,175.78251482342475,176.85991961465393,174.4308642572052,174.53860473632812,59773000.0
2021-12-31,174.43084429030958,175.54742051646397,173.61789621276182,173.92153930664062,64062300.0
2022-01-03,174.17617155893032,179.12241341271906,174.05864195255185,178.27027893066406,104487900.0
2022-01-04,178.8776193777369,179.18124760864967,175.43972760704736,176.0078125,99310400.0
2022-01-05,175.91969032762188,176.46818204165373,171.05180394767157,171.3260498046875,94537600.0
2022-01-06,169.15160256379613,171.69818743268368,168.1133843303379,168.4659881591797,96904000.0
2022-01-07,169.3376997173353,170.5620164817169,167.5159157741246,168.6324920654297,86709100.0
2022-01-10,165.60599864366586,168.95572780142643,164.7146923768041,168.652099609375,106765600.0
2022-01-11,168.77942565072323,171.58064816981238,167.31024547595837,171.4827117919922,76138300.0
2022-01-12,172.50135116951776,173.53956952156884,171.22807353490404,171.92347717285156,74805200.0
2022-01-13,172.16833406776786,172.9910714162829,168.26030924441002,168.652099609375,84505800.0
2022-01-14,167.81952731493655,170.20939579349408,167.57466398631828,169.5139923095703,80440800.0
2022-01-18,167.98601383804848,168.99484944374984,165.9291710743578,166.3111572265625,90956700.0
2022-01-19,166.5070728064469,167.56488423888524,162.53049451772475,162.8145294189453,94815000.0
2022-01-20,163.54911855874855,166.19363965286126,160.8066461501134,161.12986755371094,91420500.0
2022-01-21,161.04169360164727,162.91245280342872,158.96525759689624,159.072998046875,122848900.0
2022-01-24,156.73213888196668,158.9652914615593,151.5214395660685,158.29925537109375,162294600.0
2022-01-25,155.71348938472497,159.41582185177984,153.79376918824497,156.49705505371094,115798400.0
2022-01-26,160.14063545703362,161.01234841002858,154.57734716045317,156.40892028808594,108275300.0
2022-01-27,159.11220830674253,160.47364799025604,155.02788925620197,155.94857788085938,121954600.0
2022-01-28,162.3052517203285,166.849915520985,159.45503834907882,166.830322265625,179935700.0
2022-01-31,166.66380312140188,171.4043542462614,166.02714940989443,171.18887329101562,115541600.0
2022-02-01,170.43469133018758,171.2476394960686,168.76962343591478,171.02236938476562,86213900.0
2022-02-02,171.15948068570833,172.26626780396012,169.7686586589768,172.22708129882812,84914300.0
2022-02-03,170.89502658265624,172.618874147118,168.58351594007854,169.3474884033203,89418100.0
2022-02-04,168.3668057872498,170.7401162961765,167.38610440694853,169.0631103515625,82465400.0
2022-02-07,169.52403712153145,170.59299800892276,167.65089393875687,168.34719848632812,77251200.0
2022-02-08,168.41582891603926,171.9659777736799,168.12161553517308,171.4560089111328,74829200.0
2022-02-09,172.65246413479986,173.2408759269309,171.5246486789991,172.87802124023438,71285000.0
2022-02-10,170.7793456546729,172.09348197353535,168.2393325538158,168.79832458496094,90865900.0
2022-02-11,169.0042733328554,169.7397993797007,164.79705596488338,165.38548278808594,98670700.0
2022-02-14,164.13996586391173,166.30732224292808,163.34560023389338,165.62083435058594,86185500.0
2022-02-15,167.67048439097334,169.61226856573026,166.96437833391397,169.45535278320312,62527400.0
2022-02-16,168.53352854543166,169.99476394129306,166.7682631690513,169.2200164794922,61177400.0
2022-02-17,167.72933608370406,168.5923579851135,165.2187432406735,165.62083435058594,69589300.0
2022-02-18,166.54270637048876,167.24879755806597,162.98275576839345,164.0713348388672,82772700.0
2022-02-22,161.79610099125685,163.4731068473456,159.02071443579257,161.1488494873047,91162800.0
2022-02-23,162.34528786351217,162.94351625967545,156.6670338772365,156.98086547851562,90009200.0
2022-02-24,149.6353916256984,159.70719718910948,149.06658313119078,159.5993194580078,141147500.0
2022-02-25,160.6780917637284,161.9333881865455,157.76540780776472,161.66860961914062,91974200.0
2022-02-28,159.91315308309024,162.22760877136363,159.2953064697166,161.9333953857422,95056600.0
2022-03-01,161.52149747345592,163.3848388800103,158.84418717486,160.05044555664062,83474400.0
2022-03-02,161.21747641613547,164.13016029917193,159.8052642347465,163.34559631347656,79724800.0
2022-03-03,165.21874895199736,165.65025991761863,162.35510295615475,163.02197265625,76678400.0
2022-03-04,161.31557487047283,162.35511593567728,158.97169917829748,160.0210418701172,83737200.0
2022-03-07,160.2074151744996,161.83538343412934,155.97077704789484,156.22576904296875,96418800.0
2022-03-08,155.754968485403,159.73661287922712,152.79324673379338,154.40159606933594,131148300.0
2022-03-09,158.36365040568722,160.2564117997747,156.33360638496927,159.80528259277344,91454900.0
2022-03-10,157.10835602606574,157.29469168011647,152.96979505950804,155.46078491210938,105342000.0
2022-03-11,155.86286998599314,156.20612146979485,151.51836986465503,151.74392700195312,96970100.0
2022-03-14,148.527210200246,151.1456808985897,147.2032724121744,147.71322631835938,108732100.0
2022-03-15,147.98782853142856,152.56771702935066,147.4778746009712,152.0969696044922,92964300.0
2022-03-16,154.01912684826212,156.9121924028267,151.47911432517645,156.51010131835938,102300200.0
2022-03-17,155.54901392146604,157.8928891304827,154.58793096024448,157.5202178955078,75615400.0
2022-03-18,157.41236437319773,161.30574983268542,156.67683837905244,160.81539916992188,123511700.0
2022-03-21,160.35449358427547,163.1396971599505,159.86414284434693,162.18841552734375,95811400.0
2022-03-22,162.3158776286816,166.15042355950408,161.7274657879275,165.56201171875,81532000.0
2022-03-23,164.74801286692667,169.30826781804822,164.41456305995604,166.9251708984375,98062700.0
2022-03-24,167.75875768604743,170.77931940838403,166.9251705809909,170.71067810058594,90131400.0
2022-03-25,170.52437415747076,171.89735021175125,169.4161767223122,171.34815979003906,80546200.0
2022-03-28,168.84733794398963,172.33863211398676,168.68062052174977,172.21115112304688,90371900.0
2022-03-29,173.28012092274494,175.55534023387025,172.93686947046768,175.50631713867188,100589400.0
2022-03-30,175.1042096873483,176.14375060919454,173.2899064045924,174.33926391601562,92633200.0
2022-03-31,174.40794163317304,174.5942773022763,171.03432626332767,171.2402801513672,103049300.0
2022-04-01,170.6714345147771,171.5050365492017,168.62177252764585,170.94602966308594,78751300.0
2022-04-04,171.2010287452735,175.04537594723365,171.07353279095375,174.996337890625,76468400.0
2022-04-05,174.07449332905188,174.85905741860927,171.0539313110609,171.68157958984375,73401800.0
2022-04-06,169.0336712319797,170.27916603294383,166.8467115933005,168.51390075683594,89058800.0
2022-04-07,167.8568338106809,170.01437362269277,166.5721175347958,168.8179168701172,77594700.0
2022-04-08,168.46488285345913,168.46488285345913,165.9346714824091,166.8074951171875,76575500.0
2022-04-11,165.45413695115786,165.76795361235142,162.3060789266503,162.55125427246094,72246700.0
2022-04-12,164.7774152033108,166.5917033939569,163.4240427965999,164.4243621826172,79265200.0
2022-04-13,164.15957544885293,167.73912889065093,163.55154548536066,167.11148071289062,70618900.0
2022-04-14,167.32725269207126,167.9647175220397,161.85493758758528,162.10011291503906,75329400.0
2022-04-18,160.75656858845937,163.38485607115766,160.41333208367593,161.88438415527344,69023900.0
2022-04-19,161.83529886968466,164.58126492825463,160.74672005577804,164.1693572998047,67723800.0
2022-04-20,165.50314204406817,165.62083637298807,162.89448802131358,164.00267028808594,67929800.0
2022-04-21,165.65024919174274,168.21968163880754,162.70814548680565,163.2082977294922,87227800.0
2022-04-22,163.2475677102336,164.6303453628702,158.38328200071132,158.6676788330078,84882400.0
2022-04-25,158.01061961513787,160.02106066676262,155.4019650190896,159.73666381835938,96046400.0
2022-04-26,159.1187908139756,159.207050342252,153.69551365548884,153.7739715576172,95623200.0
2022-04-27,152.9011344667558,156.70624511583344,152.38136400484169,153.54840087890625,88063200.0
2022-04-28,156.17670074562366,161.34500140614668,155.86286910913438,160.4819793701172,130216800.0
2022-04-29,158.71671584912357,162.9925746827483,154.21529987659397,154.60757446289062,131747600.0
2022-05-02,153.68571389859628,155.17636916422146,150.31209888761785,154.91159057617188,123055300.0
2022-05-03,155.09790243206862,157.60851029484962,153.30323224685807,156.40223693847656,88966500.0
2022-05-04,156.58856589280018,163.267138972668,156.18647479117334,162.81602478027344,108256500.0
2022-05-05,160.68791986588977,160.91347698312873,151.9596689981739,153.7445526123047,130525300.0
2022-05-06,153.22400390708842,156.59275954886184,151.42668182783396,154.47132873535156,116124600.0
2022-05-09,152.16327128379606,153.04720818256274,148.78471498335946,149.3445281982422,131577900.0
2022-05-10,152.74278207802044,153.94099694086412,150.19902200842762,151.7508087158203,115366700.0
2022-05-11,150.7588463480562,152.67402087769284,143.20616949802272,143.88385009765625,142689800.0
2022-05-12,140.22043185006495,143.58917206052791,136.32132651313492,140.01417541503906,182602000.0
2022-05-13,142.00793811597927,145.45526685384394,140.55437184575726,144.48294067382812,113990900.0
2022-05-16,142.95079475797485,144.88561601712348,141.60524980458257,142.9409637451172,86643800.0
2022-05-17,146.2016865687997,147.0954395557584,144.06060880808,146.5749053955078,78336300.0
2022-05-18,144.22759932213285,144.72848648816108,137.40169851030006,138.30528259277344,109742900.0
2022-05-19,137.38208160836896,139.13029385475133,134.1606557844978,134.8972625732422,136095600.0
2022-05-20,136.60616321771064,138.18741285426975,130.24188557508393,135.13294982910156,137426100.0
2022-05-23,135.32937819993117,140.7016976717336,135.19187888015,140.55438232421875,117726300.0
2022-05-24,138.2954308094958,139.43471927603565,134.87758039617586,137.8534698486328,104132700.0
2022-05-25,135.9579616828589,139.257960660006,135.86957246588344,138.01065063476562,92482700.0
2022-05-26,134.93651437290322,141.76239957025606,134.69097882633443,141.21240234375,90601500.0
2022-05-27,142.79366865497497,147.00705253559786,142.66598536012808,146.9677734375,90978500.0
2022-05-31,146.40794084331958,147.9695433008326,144.2177530085784,146.18203735351562,103718400.0
2022-06-01,147.22308826530934,149.0302410387393,145.04273170111645,146.05435180664062,74286600.0
2022-06-02,145.19010444930467,148.56867650901708,144.237425177131,148.50975036621094,72348100.0
2022-06-03,144.27667399411106,145.32757327458623,141.8802597672709,142.78382873535156,88570300.0
2022-06-06,144.4043487713543,145.9168559663355,142.31238134609404,143.53024291992188,71598400.0
2022-06-07,141.77221184112562,146.3391664090359,141.5266763270165,146.05435180664062,67808200.0
2022-06-08,145.92670296402,147.1936599216941,144.8267083969664,145.31777954101562,53950200.0
2022-06-09,144.45347180040457,145.30793069054988,139.98472194082933,140.09275817871094,69473000.0
2022-06-10,137.7749096051149,138.2463336751748,134.61241045362357,134.68116760253906,91437900.0
2022-06-13,130.49721341200205,132.78560625742455,129.0927574306163,129.52490234375,122207100.0
2022-06-14,130.75259347181498,131.49901613498997,129.1320498799016,130.38919067382812,84784300.0
2022-06-15,131.8918636674431,134.88740024350506,129.79991106375064,133.01150512695312,91533000.0
2022-06-16,129.7213584251009,130.02582014414816,126.7356374029616,127.7374267578125,108123900.0
2022-06-17,127.747234873443,130.70347730890373,127.49186832675026,129.2106170654297,134520300.0
2022-06-21,131.03743398602646,134.61243163462674,130.93922874022462,133.4436798095703,81000500.0
2022-06-22,132.38294065988546,135.29990419534238,131.51866571381353,132.93295288085938,73409200.0
2022-06-23,134.3767387138988,136.11512007981293,133.20798678744393,135.80084228515625,72433800.0
2022-06-24,137.40169953003104,139.375815112003,137.27403122380292,139.13027954101562,89116800.0
2022-06-27,140.15170092235036,140.92760171899965,138.45259896728206,139.13027954101562,70207900.0
2022-06-28,139.59187553155968,140.85883237422544,134.86777395244602,134.98562622070312,67083400.0
2022-06-29,135.00530159449806,138.15797032243336,134.22940070216495,136.74368286132812,66242400.0
2022-06-30,134.7990223471169,135.89901685954254,131.3811715504363,134.2784881591797,98964500.0
2022-07-01,133.61062978312276,136.5570566364842,133.23742590571564,136.4490203857422,71051600.0
2022-07-05,135.3097312194843,139.08115356288656,134.4847204054961,139.03204345703125,73353800.0
2022-07-06,138.82579671678738,141.54631963942614,138.56061414428805,140.3677520751953,74064300.0
2022-07-07,140.73117350935885,143.93296722465507,140.72135748073458,143.73654174804688,66253700.0
2022-07-08,142.66598770215515,144.91510200246088,142.41063609457171,144.41419982910156,64547800.0
2022-07-11,143.0686758701149,144.02135515880028,141.21242740803473,142.282958984375,63141600.0
2022-07-12,143.1570440660671,145.79900902596674,142.4597314847581,143.25526428222656,77588800.0
2022-07-13,140.43652068379964,143.83472435454556,139.58204676627264,142.89187622070312,71185600.0
2022-07-14,141.50703095418416,146.29005802967413,140.6918512393976,145.81863403320312,78140700.0
2022-07-15,147.1052616395071,148.1659770435882,145.55347512166446,147.48829650878906,76259900.0
2022-07-18,148.0481247263253,148.86330457327466,144.08026173602485,144.44366455078125,81420900.0
2022-07-19,145.27846713272842,148.52935529848105,144.28650894193655,148.303466796875,82982400.0
2022-07-20,148.42132610705224,150.97490184976564,147.6847194489196,150.30703735351562,64823400.0
2022-07-21,151.74096357554814,152.79186287917176,149.22668204614965,152.57579040527344,65086600.0
2022-07-22,152.61507520531072,153.48918116011728,150.67043785379852,151.33828735351562,66675400.0
2022-07-25,151.2597268643066,152.27133221190695,149.56062491925485,150.21865844726562,53623900.0
2022-07-26,149.54097900815464,150.3561589035467,148.10705966352916,148.8927764892578,55138700.0
2022-07-27,149.85524147444016,154.52041638898598,149.44274359614147,153.99005126953125,78620700.0
2022-07-28,154.17668202554245,154.82489948966665,151.65258430440582,154.5400848388672,81378700.0
2022-07-29,158.36060045687617,160.7079195187844,156.6516677769687,159.60791015625,101786900.0
2022-08-01,158.13473753103025,160.66866664290342,158.01688524229766,158.6258087158203,67829400.0
2022-08-02,157.24097682201486,159.50972297268584,156.77936877558471,157.15257263183594,59907000.0
2022-08-03,157.96775857743674,163.61507661089456,157.87936937014717,163.16329956054688,82507500.0
2022-08-04,163.0454244700845,164.20436008201335,161.49363796486168,162.8489990234375,55474100.0
2022-08-05,160.51809946404907,163.1145559751719,160.31155649978248,162.622802734375,56697000.0
2022-08-08,163.62600159758355,165.04225361834065,161.4917939022086,162.15074157714844,60276900.0
2022-08-09,161.31472511427808,163.0850396486981,160.5574209787257,162.1998748779297,63135500.0
2022-08-10,164.91437134851807,166.54699582568117,164.14723743893427,166.4486541748047,70170500.0
2022-08-11,167.25511117853088,168.1697800173322,165.41595884571527,165.7110137939453,57149200.0
2022-08-12,167.0190809905204,169.33031226065586,166.60599505436244,169.261474609375,68039400.0
2022-08-15,168.6910420110852,170.53019439574174,168.52384770403629,170.33349609375,54091700.0
2022-08-16,169.93024033504878,170.84490912166515,168.82871793209483,170.17611694335938,56377100.0
2022-08-17,169.92039567056804,173.24463691658173,169.72369740271,171.67103576660156,79542000.0
2022-08-18,170.8842371095866,172.01526346746522,170.26462327491188,171.2776336669922,62290100.0
2022-08-19,170.17609867368276,170.8743947694491,168.48446658954583,168.69100952148438,70346300.0
2022-08-22,166.89121173091766,167.05840602639253,164.38326728455968,164.80618286132812,69026800.0
2022-08-23,164.32428177313432,165.92740230652828,163.90136613852434,164.4718017578125,54147100.0
2022-08-24,164.56030249873976,165.33726597260625,163.50794341888323,164.76683044433594,53841500.0
2022-08-25,165.9962181286182,167.33378750652878,165.57331755675585,167.22560119628906,51218200.0
2022-08-26,167.75672364191396,168.22880259575382,160.86233294904275,160.9213409423828,78961000.0
2022-08-29,158.49205968709833,160.21319598841637,157.18400930436007,158.71827697753906,73314000.0
2022-08-30,159.45590875707995,159.87880933569366,155.118641623387,156.2890167236328,77906200.0
2022-08-31,157.66590799399623,157.9314589229971,154.54819451849457,154.6268768310547,87991100.0
2022-09-01,154.05645479166745,155.8070951296429,152.11894582091065,155.3546905517578,74229900.0
2022-09-02,157.11516076913463,157.71510032446895,152.41400097767612,153.24014282226562,76957800.0
2022-09-06,153.88926726791752,154.49903651153815,151.15512032719968,151.98126220703125,73714800.0
2022-09-07,152.2664529516032,154.085930606901,151.07640372248554,153.3876495361328,87449600.0
2022-09-08,152.08942323375317,153.78105537712216,150.1617441609201,151.9123992919922,84923800.0
2022-09-09,152.90574262919617,155.21698869351633,152.19761681404773,154.77439880371094,68028800.0
2022-09-12,156.95780504262976,161.5507787814024,156.672594749297,160.73446655273438,104956000.0
2022-09-13,157.26267420589616,157.89211772902357,150.8403783347764,151.30262756347656,122656600.0
2022-09-14,152.23695501832623,154.50886749732993,151.07642462426648,152.74838256835938,87965400.0
2022-09-15,152.09925057054045,152.67953072071606,148.8831956207659,149.8568572998047,90481100.0
2022-09-16,148.71602969989698,148.85372001445614,145.92285973622464,148.2144317626953,162278800.0
2022-09-19,146.84732672200167,152.01073491901784,146.64079879810572,151.9320526123047,81474200.0
2022-09-20,150.86989154639073,155.4727097837978,150.5551772691551,154.31216430664062,107689800.0
2022-09-21,154.74492033364538,156.12183853779936,151.06661536137307,151.18463134765625,101696800.0
2022-09-22,149.86676216786128,151.92228765720114,148.42100605636222,150.2208251953125,86652500.0
2022-09-23,148.69635763891162,148.97173827223702,146.10973061112034,147.94888305664062,96029900.0
2022-09-26,147.19158660210013,151.2337989231627,147.1719122700789,148.2832794189453,93339400.0
2022-09-27,150.22077457787657,152.16811306913462,147.47678328794686,149.25692749023438,84442700.0
2022-09-28,145.2049253939754,148.15544542907958,142.45110369312064,147.36863708496094,146691400.0
2022-09-29,143.69030869298015,144.30007793360352,138.35969014393336,140.1300048828125,128138200.0
2022-09-30,138.9498106360333,140.7397998435746,135.72391020279727,135.9206085205078,124925300.0
2022-10-03,135.93046614388282,140.71030925460863,135.41903846340554,140.10052490234375,114311700.0
2022-10-04,142.6379484443843,143.80832359652302,141.88064422703837,143.6903076171875,87830100.0
2022-10-05,141.6937945288243,144.94919877755754,140.65126498965273,143.9853515625,79471000.0
2022-10-06,143.40506352233135,145.1065253655181,142.8247983571862,143.0313262939453,68402200.0
2022-10-07,140.18899129011243,140.73976746295003,137.14996021039673,137.77940368652344,85925600.0
2022-10-10,138.10397338867188,139.5497290653031,136.28449546728626,138.10397338867188,74899000.0
2022-10-11,137.5925530590874,139.0186494867963,135.9402693459634,136.68772888183594,77033700.0
2022-10-12,136.8352517842159,138.04496046792565,135.88124936484056,136.0582733154297,70433700.0
2022-10-13,132.76352584164425,141.2216713360496,132.15374170783133,140.63157653808594,113224000.0
2022-10-14,141.9297957953737,142.13633872738868,135.9107418701706,136.0976104736328,88598000.0
2022-10-17,138.7432621845146,140.5430657827838,137.95645402263972,140.0611572265625,85250900.0
2022-10-18,143.0903655439518,144.2804000004446,138.2908490399077,141.37905883789062,99136600.0
2022-10-19,139.35302135031444,142.5592467457927,139.1661527370201,141.4872283935547,61758300.0
2022-10-20,140.6611165197279,143.48377562705596,140.29720887706276,141.02500915527344,64522000.0
2022-10-21,140.5135362986956,145.41140833908693,140.29716371825512,144.84097290039062,86548600.0
2022-10-24,144.76231202642796,147.75216493318766,143.5919369881937,146.9850311279297,75981900.0
2022-10-25,147.61450271725704,149.97492757312142,146.89654709772452,149.827392578125,74732300.0
2022-10-26,148.4701495749658,149.48316008121265,145.598297355203,146.88670349121094,88194300.0
2022-10-27,145.62781359762897,146.5916457586151,141.75279561471663,142.4117431640625,109180200.0
2022-10-28,145.75567739955667,154.9022919241191,145.38195509054958,153.17132568359375,164762400.0
2022-10-31,150.63384336153183,151.6960320711127,149.41429002672783,150.8108673095703,97943200.0
2022-11-01,152.52219441549877,152.88608702918296,146.6703335656384,148.16525268554688,80379300.0
2022-11-02,146.49329861316923,149.66019092618583,142.60845071578376,142.63795471191406,93604600.0
2022-11-03,139.7169294177421,140.44472962212055,136.4615253404881,136.58938598632812,97918500.0
2022-11-04,139.97823249599168,140.5496142487395,132.3828281448323,136.32337951660156,140814800.0
2022-11-07,135.07226465763827,137.08193945756335,133.6536636073325,136.85536193847656,83374600.0
2022-11-08,138.32323704462326,139.32806703138522,135.44663574586633,137.4267578125,89908500.0
2022-11-09,136.44159482466026,136.4908547245009,132.5897021500865,132.86553955078125,74917800.0
2022-11-10,139.14089348616804,144.6872100830078,137.42674799216064,144.6872100830078,118854000.0
2022-11-11,143.65286311949495,147.78057965347278,142.2244006682819,147.47518920898438,93979700.0
2022-11-14,146.75601106211803,148.04653945457946,145.23889010351994,146.07626342773438,73374100.0
2022-11-15,149.9576976256643,151.3073317859871,146.35208917690562,147.81008911132812,89868300.0
2022-11-16,146.91361736230309,147.642609775535,145.100952232511,146.5786590576172,64218300.0
2022-11-17,144.25377507617625,149.22872584309494,143.97793759102575,148.4800262451172,80389400.0
2022-11-18,150.04634875723008,150.43055193083845,147.74112971557977,149.04150390625,74829600.0
2022-11-21,147.92831248822412,148.13518303183807,145.52457357758468,145.8102569580078,58724100.0
2022-11-22,145.92850754073268,148.1844671134609,144.7463298277078,147.94802856445312,51804100.0
2022-11-23,147.22887996484198,149.5735133563615,147.1205141770319,148.82481384277344,58301400.0
2022-11-25,146.1058228227629,146.66735873059727,144.93350612985708,145.90879821777344,35195900.0
2022-11-28,142.9829242489195,144.46063120272478,141.24908683464577,142.07659912109375,69246000.0
2022-11-29,142.14555568748492,142.65783165746328,138.2641245866872,139.07192993164062,83763800.0
2022-11-30,139.2984872397453,146.50970358247017,138.46112907886217,145.8299560546875,111380900.0
2022-12-01,146.00729966926298,146.9136247638141,144.43107296360157,146.10580444335938,71250400.0
2022-12-02,143.7907393167646,145.80041408602733,143.48533393064037,145.6132354736328,65447400.0
2022-12-05,145.57384712908555,148.6770258303521,143.60357112015112,144.45079040527344,68826400.0
2022-12-06,144.8842493657544,145.11082689130228,139.81077976944414,140.78607177734375,64727200.0
2022-12-07,140.07675927915528,141.23921477643742,137.91930489039092,138.8453369140625,69721100.0
2022-12-08,140.24422386630843,141.38698737134578,139.00295559622268,140.5299072265625,62128300.0
2022-12-09,140.22454358218158,143.4065502421236,138.80594241386282,140.04722595214844,76097000.0
2022-12-12,140.57920002207968,142.35245156002603,138.96357418350942,142.3426055908203,70462700.0
2022-12-13,147.27811851695523,147.7411345402718,142.0962984876822,143.30801391601562,93886200.0
2022-12-14,143.1898139764628,144.48034234830936,139.06208336103646,141.0816192626953,82291200.0
2022-12-15,139.01283101163355,139.69257867211073,134.00832790749715,134.47134399414062,98931900.0
2022-12-16,134.6585187405124,135.60424282446493,131.74250357896327,132.5109100341797,160156900.0
2022-12-19,133.1020090197244,133.19066784085936,129.3683422424563,130.40272521972656,79592600.0
2022-12-20,129.43732180077788,131.26967965655157,127.95961433747712,130.33380126953125,77432800.0
2022-12-21,131.00365840968308,134.7767390812449,130.77708085896677,133.43695068359375,85928000.0
2022-12-22,132.35330392731453,132.56017450128888,128.3634917913713,130.26480102539062,77852100.0
2022-12-23,128.9742366343513,130.45194330756618,127.71326147576876,129.9002685546875,63814900.0
2022-12-27,129.42741525184118,129.4569681847138,126.80694496905856,128.09747314453125,69007800.0
2022-12-28,127.7428420402377,129.08263031505834,123.99932216789122,124.1667938232422,85438400.0
2022-12-29,126.08781241864538,128.5408039711882,125.8316819463041,127.6837387084961,75703700.0
2022-12-30,126.50154097040236,128.01864647794903,125.53610267686815,127.99893951416016,77034200.0
2023-01-03,128.34377240566317,128.9545531314731,122.32457886036784,123.2112045288086,112117500.0
2023-01-04,125.00415469022626,126.74785308207224,123.22105739420844,124.4820327758789,89113600.0
2023-01-05,125.2405986921706,125.87108644843492,122.90582630338176,123.16195678710938,80962700.0
2023-01-06,124.13724683818648,128.35362894146016,123.03388952483932,127.69358825683594,87754700.0
2023-01-09,128.53093430540028,131.4272419402479,127.95955255827974,128.21568298339844,70790800.0
2023-01-10,128.32406282244906,129.30920076375085,126.21586822934368,128.78707885742188,63896200.0
2023-01-11,129.29934353146365,131.52574967331964,128.52109123972087,131.5060577392578,69458900.0
2023-01-12,131.89027740511193,132.26461961526783,129.48653833184324,131.42726135253906,71379600.0
2023-01-13,130.0677644513709,132.914812571895,129.70326821418658,132.75718688964844,57809700.0
2023-01-17,132.82615869144374,135.24958975985854,132.1365650960417,133.91966247558594,63646600.0
2023-01-18,134.7865730896908,136.54996329562516,133.0231678517452,133.20050048828125,69672800.0
2023-01-19,132.0873116107182,134.22505937639417,131.78192122019502,133.25962829589844,58280400.0
2023-01-20,133.26946486486585,135.9687483442848,132.22522101014553,135.8209686279297,80223600.0
2023-01-23,136.06726442233395,141.18999437445396,135.85053284595898,139.01283264160156,81760300.0
2023-01-24,138.22472018745663,141.03236969957698,138.21487421828232,140.41172790527344,66435100.0
2023-01-25,138.79606308722262,140.31316867471608,136.7469746734582,139.75164794921875,65799300.0
2023-01-26,141.04218251884544,142.10613318815084,139.79105325512376,141.82044982910156,54105100.0
2023-01-27,141.03234821855804,145.04185173584784,140.95353538112576,143.76116943359375,70555800.0
2023-01-30,142.80558684927905,143.38681456291806,140.7269454208997,140.8747100830078,64015300.0
2023-01-31,140.57918779657314,142.19481349464007,140.16543164570373,142.1455535888672,65874500.0
2023-02-01,141.83030751885846,144.43107102589934,139.2196980441436,143.2686004638672,77663600.0
2023-02-02,146.68702845858084,148.9331416858034,145.96788199485025,148.57850646972656,118339000.0
2023-02-03,145.8299825944814,155.0410292646019,145.632957993241,152.20382690429688,154357300.0
2023-02-06,150.30250288074524,150.82462478693864,148.53909754834626,149.4749755859375,69858300.0
2023-02-07,148.40116513275666,152.92294425687993,148.40116513275666,152.3515625,83322600.0
2023-02-08,151.5930321421785,152.28262569889247,148.9233016908853,149.6621551513672,64120100.0
2023-02-09,151.49451696275133,152.0363458567265,148.18445275739066,148.6277618408203,56007100.0
2023-02-10,147.46354505272012,149.31842209117474,147.226745512614,148.99282836914062,57450700.0
2023-02-13,148.9336352385894,152.1994184714387,148.90403717735236,151.79490661621094,62199000.0
2023-02-14,150.08800434565288,151.7159729836762,148.84484061249728,151.15357971191406,61707600.0
2023-02-15,151.06476513520522,153.4228390365263,150.83784167870803,153.25511169433594,65573800.0
2023-02-16,151.45944356730615,154.24178188706213,151.3015922520093,151.6567840576172,68167900.0
2023-02-17,150.314927401964,150.95623873407766,148.83496427712012,150.5122528076172,59144100.0
2023-02-21,148.19363813923312,149.27895045459564,146.42755543146694,146.49661254882812,58867200.0
2023-02-22,146.88137855335566,147.94695363892336,145.19422929242756,146.9208526611328,51011300.0
2023-02-23,148.08508220881998,148.33174268890195,145.2731617688621,147.404296875,48394200.0
2023-02-24,145.1449254913303,145.22385866894857,143.77349352201168,144.75027465820312,55469600.0
2023-02-27,145.73689015780175,147.17737898488724,145.4803536136917,145.94407653808594,44998500.0
2023-02-28,145.08572620470352,147.08860849628215,144.86866373473268,145.44091796875,50547000.0
2023-03-01,144.8686422706239,145.26329303666353,143.0729466587316,143.3689422607422,55479000.0
2023-03-02,142.45142174425123,144.75030013651786,141.97782259518067,143.9609832763672,52238100.0
2023-03-03,146.0624926286878,149.0914911594904,145.36198515518814,149.01255798339844,70732300.0
2023-03-06,151.7356723720831,154.21215352218627,151.41009374796985,151.775146484375,87558000.0
2023-03-07,151.64690605769945,151.97249979658332,149.11124338331118,149.57496643066406,56182000.0
2023-03-08,150.76876104233762,151.41994837307152,149.80185610137525,150.8279571533203,47204800.0
2023-03-09,151.50875841619168,152.47566345847628,148.2232384177023,148.57843017578125,53833600.0
2023-03-10,148.2035375357173,148.92378215572674,145.63826168901898,146.51637268066406,68572400.0
2023-03-13,145.83555065664373,151.09435428881787,145.72701943515565,148.46002197265625,84457100.0
2023-03-14,149.25919818665145,151.35087437586574,148.09496787151124,150.55169677734375,73695900.0
2023-03-15,149.1704519790422,151.20293271142558,147.91741204069223,150.9464111328125,77167900.0
2023-03-16,150.1274764543104,154.37004080347904,149.6144183096525,153.7681884765625,76161100.0
2023-03-17,153.9951409825034,154.6463285517188,152.21918172781025,152.9295654296875,98944600.0
2023-03-20,152.99860710640667,155.7118730486912,152.09088307007352,155.29747009277344,73641400.0
2023-03-21,155.21853377224946,157.2707359778321,154.44893912645242,157.15234375,73938300.0
2023-03-22,157.17209056471103,159.97415053377057,155.7019884063488,155.7217254638672,75701800.0
2023-03-23,156.70836691747317,159.39203464017027,155.57371946683134,156.80702209472656,67622100.0
2023-03-24,156.73797352277555,158.1981996984371,155.74147036488569,158.10940551757812,59196500.0
2023-03-27,157.8035399490982,158.62245469903792,155.76118357485748,156.16571044921875,52390300.0
2023-03-28,155.85986113132142,156.37291926303735,153.89643783944095,155.54412841796875,45992200.0
2023-03-29,157.241143834068,158.8987103608656,157.22142183199622,158.62245178222656,51305700.0
2023-03-30,159.37230833774987,160.29975438530866,159.1157867936236,160.19122314453125,49501700.0
2023-03-31,160.27014967971024,162.79595111857384,159.74723055627194,162.69728088378906,68749800.0
2023-04-03,162.07571848273926,164.06872488806627,162.0263833617239,163.95033264160156,56976200.0
2023-04-04,164.37460092662135,164.61138542575975,162.9044985896194,163.4175567626953,46278300.0
2023-04-05,162.53944524256352,162.84530192290984,159.6387146980463,161.57252502441406,51511700.0
2023-04-06,160.26030233353526,162.7565212151125,159.83605336887848,162.4605255126953,45390100.0
2023-04-10,159.26377877195932,159.86563110351562,157.94168186492254,159.86563110351562,47716900.0
2023-04-11,160.18136751588224,160.1912285181147,158.3659344224378,158.65206909179688,47644200.0
2023-04-12,159.06644488688698,159.89522066020655,157.64567781550258,157.96141052246094,50133100.0
2023-04-13,159.47096870837692,163.58526449148977,159.26376724154565,163.3484649658203,68445600.0
2023-04-14,162.39143019016473,164.0983319737809,161.63172656331614,163.00315856933594,49386500.0
2023-04-17,162.8847588763579,163.18075455042484,161.83892054229136,163.02288818359375,41516200.0
2023-04-18,163.88125462301093,165.1737533320214,163.4372536454433,164.24630737304688,49923000.0
2023-04-19,163.58526647837795,165.91374248336922,163.32872989204589,165.3908233642578,47720200.0
2023-04-20,163.8713720291843,165.62759364761484,163.34845295487423,164.42388916015625,52456400.0
2023-04-21,162.84527188495923,164.22656472043278,162.2927547507698,162.815673828125,58337300.0
2023-04-24,162.79594256316088,163.38793383083043,161.7007692564465,163.1215362548828,41949600.0
2023-04-25,162.98339679746925,164.08843103621228,161.5428928319972,161.58236694335938,48714100.0
2023-04-26,160.8818784792827,163.07222541881754,160.62535692108122,161.57252502441406,45498800.0
2023-04-27,162.98342657757053,166.30840595665688,162.98342657757053,166.16041564941406,64902300.0
2023-04-28,166.23933019675923,167.5811640335514,165.63747792316207,167.41342163085938,55275900.0
2023-05-01,167.0187740939811,168.17314354860417,166.387323749872,167.3246307373047,52472900.0
2023-05-02,167.81799495399892,168.07453160209764,165.30205393167998,166.2886962890625,48425700.0
2023-05-03,167.23581486172367,168.6368446604595,164.92707625204469,165.21319580078125,65136000.0
2023-05-04,162.68742177323023,164.8086963510818,162.11516752574818,163.5753936767578,81235400.0
2023-05-05,168.6960805994559,171.97173995816638,168.47901810918157,171.25149536132812,113453200.0
2023-05-08,170.17603958076435,171.52774960942492,169.81098679048802,171.1824188232422,55962800.0
2023-05-09,170.73842563937583,171.22187065365208,169.3077975448434,169.47552490234375,45326900.0
2023-05-10,170.70881232248743,171.70531537679722,169.60376298512443,171.24159240722656,53724500.0
2023-05-11,171.5277321199156,172.25783762602444,169.87016559220018,171.42906188964844,49514700.0
2023-05-12,171.53776144545145,171.97248691459123,168.94918806657878,170.5003662109375,45533100.0
2023-05-15,171.0832715155854,171.13267487374878,169.4135375098661,170.00634765625,37266700.0
2023-05-16,169.92730529834623,171.0635071571624,169.73958158279842,170.00634765625,42110300.0
2023-05-17,169.65066921503973,170.85602374756016,168.37613188825594,170.61891174316406,57951600.0
2023-05-18,170.92516002115397,173.13830046836398,170.51019901401196,172.95057678222656,65496700.0
2023-05-19,174.27452457823847,174.27452457823847,172.84191768629904,173.0592803955078,55809500.0
2023-05-22,171.89341610998645,172.61467191708667,171.36977372037438,172.11077880859375,43570900.0
2023-05-23,171.05361929309908,171.300620989034,169.22580071286586,169.50244140625,50747300.0
2023-05-24,169.03806296692736,170.35211368921475,168.47490698639612,169.77906799316406,45143500.0
2023-05-25,170.34225271987503,171.81437317497037,169.630886631536,170.91529846191406,56058300.0
2023-05-26,171.24135456411133,173.6619683326656,171.03386649216068,173.32603454589844,54835000.0
2023-05-30,174.8376957969301,176.84334846181008,174.45237373510062,175.17361450195312,55964400.0
2023-05-31,175.20326416230037,177.19904230758075,174.64009299685546,175.1242218017578,99625300.0
2023-06-01,175.5687945017499,177.95976900098933,174.8080250915144,177.9301300048828,68901800.0
2023-06-02,178.8588427561831,179.5998477441502,177.11006676336092,178.77980041503906,61996900.0
2023-06-05,180.43969339813148,182.73186141970515,175.90473056039738,177.42626953125,121946500.0
2023-06-06,177.81159450251565,177.95978950011877,175.30204865399,177.0607147216797,64848400.0
2023-06-07,176.29993732672585,179.03672040758232,175.19337452542106,175.6873779296875,61944600.0
2023-06-08,175.76642717021195,178.6711699623807,175.33171678380066,178.4044189453125,50214900.0
2023-06-09,179.32325097528164,180.0444917855316,178.4636898031236,178.78973388671875,48900000.0
2023-06-12,179.09600328256303,181.68457636718009,178.7995982167716,181.5857696533203,54274900.0
2023-06-13,180.6076484418825,181.94144859403625,180.2519653861507,181.1115264892578,54929100.0
2023-06-14,181.1708049458857,182.1785761189824,179.8370047903456,181.7438507080078,57462900.0
2023-06-15,181.7537423543279,184.2830374169013,181.57589328622848,183.77914428710935,65433200.0
2023-06-16,184.4904838999545,184.74737528632215,182.0599958995193,182.7021942138672,101256200.0
2023-06-20,182.1983426443928,183.86807659469076,182.1983426443928,182.7911376953125,49799100.0
2023-06-21,182.68246747271863,183.18636063386023,180.40017397466636,181.75375366210935,49515700.0
2023-06-22,181.53636658960147,184.8066665365007,181.4671988803744,184.75726318359372,51245300.0
2023-06-23,183.32467881492,185.3105672079408,182.7911466595608,184.4411163330078,53117000.0
2023-06-26,184.58933834045672,185.7947080128704,183.00852120673045,183.0480499267578,48088700.0
2023-06-27,183.66059237854205,186.1306094986342,183.4432296659109,185.8045654296875,50730800.0
2023-06-28,185.6761245932701,187.62249934110088,185.350095591546,186.9803009033203,51216800.0
2023-06-29,186.8123450566035,187.7904773075337,186.67402469467496,187.31622314453125,46347300.0
2023-06-30,189.33174450555188,192.14755478947328,188.9661717445866,191.6436767578125,85213200.0
2023-07-03,191.4559709272632,191.5547776450248,189.46019281962836,190.1518096923828,31458200.0
2023-07-05,189.2724969662243,190.6655752957469,188.33387831143204,189.03536987304688,46920300.0
2023-07-06,187.56322301313529,189.71708585705596,186.93089921117289,189.5095977783203,45094300.0
2023-07-07,189.11439856972888,190.3592817984136,187.9584323411384,188.3931427001953,46815000.0
2023-07-10,186.9901751208951,187.7114309918433,184.796798659538,186.3479766845703,59922200.0
2023-07-11,186.8913900886379,187.02971045254367,184.36209481962464,185.8243408203125,46638100.0
2023-07-12,187.4051170053163,189.4008949030878,186.2096372553674,187.4940490722656,60750200.0
2023-07-13,188.2153081360164,188.897035286273,187.5039419858172,188.25482177734372,41342300.0
2023-07-14,187.94854060692288,188.88714410801785,187.35574553686783,188.4030303955078,41616200.0
2023-07-17,189.598506397075,191.9894962144421,189.5095893997432,191.6634521484375,50520200.0
2023-07-18,191.03112283932904,191.99936529239264,190.1122686661601,191.40655517578125,48288200.0
2023-07-19,190.78413334726972,195.8525983579603,190.3395181934612,192.76014709472656,80507300.0
2023-07-20,192.7502360363635,194.1136901954007,190.19130213491889,190.81375122070312,59581200.0
2023-07-21,191.77212935032983,192.63169045749677,188.93653953192955,189.63803100585935,71951700.0
2023-07-24,191.0904427483272,192.5724532891224,189.94435097858909,190.4383544921875,45377800.0
2023-07-25,191.01135149008,192.1080396126164,190.6062650944163,191.29786682128903,37283200.0
2023-07-26,191.34728040522955,193.29365506077997,191.00148706119936,192.16732788085935,47471900.0
2023-07-27,193.6691015614277,194.8349423755621,190.24071668140024,190.90267944335935,47460200.0
2023-07-28,192.3352927070371,194.2717927767204,191.8116502798051,193.48138427734372,48291400.0
2023-07-31,193.70862628447964,194.13347708185935,192.91821776612247,194.0939483642578,38824100.0
2023-08-01,193.8864413584275,194.37055499572892,192.9379482875873,193.2639923095703,35175100.0
2023-08-02,192.70082810591987,192.8391484466102,189.5490992662055,190.2703399658203,50389300.0
2023-08-03,189.27245477585868,190.06284809201932,188.40300403713852,188.8772430419922,61235200.0
2023-08-04,183.295020485719,185.13271368389903,179.73819007769723,179.80735778808594,115956800.0
2023-08-07,179.94567809387448,180.9336848652445,175.2230069327887,176.70501708984375,97576100.0
2023-08-08,177.5349496271552,178.10799539743132,175.45025461361834,177.6436309814453,67823000.0
2023-08-09,178.70079919463467,178.76007719518685,174.88709204262926,176.05294799804688,60378500.0
2023-08-10,177.32747151707323,178.58224448237493,175.4700288246158,175.83558654785156,54686900.0
2023-08-11,175.42996682009905,176.71609814181758,174.66816996475507,175.8949432373047,52036700.0
2023-08-14,176.0730260741773,177.77469387045335,175.42005736478495,177.54714965820312,43675600.0
2023-08-15,176.97331337741676,177.56690888775307,175.1628176334086,175.5585479736328,43622600.0
2023-08-16,175.24197103328896,176.6369303294026,174.61868139075943,174.6879425048828,46964900.0
2023-08-17,175.25187020963352,175.6179215615527,171.6308784010705,172.1453399658203,66062900.0
2023-08-18,170.46346761685473,173.23362560342792,170.12709527960956,172.630126953125,61172200.0
2023-08-21,173.20394701107267,174.25264612165492,171.88812158676677,173.96572875976562,46311900.0
2023-08-22,175.17272569654477,175.78611232307705,174.3713618531986,175.34091186523438,42038900.0
2023-08-23,176.61716031274474,179.61486234805133,176.42918310654636,179.18943786621094,52722800.0
2023-08-24,178.74423570753817,179.16966018527063,174.13390304899033,174.49996948242188,54945800.0
2023-08-25,175.4893068451812,177.2404295003986,173.9459373407173,176.70619201660156,51449600.0
2023-08-28,178.17043851174256,178.66510907128173,176.64685983066678,178.26937866210938,43820700.0
2023-08-29,177.78458503986462,182.9291555203976,177.58671984756458,182.157470703125,53003900.0
2023-08-30,182.96875056526045,185.8477368698333,182.7708853589575,185.6498565673828,60813900.0
2023-08-31,185.8377983965077,187.10415359099383,185.48163505454943,185.8674774169922,60794500.0
2023-09-01,187.47023078000296,187.89564016216335,186.27312153245367,187.4405517578125,45766500.0
2023-09-05,186.27311615331163,187.95499277883357,185.61025951662367,187.677978515625,45280000.0
2023-09-06,186.39182984634903,186.83704535292617,179.5357042757167,180.9603576660156,81755800.0
2023-09-07,173.31273740579792,176.31045432139675,171.6902188794394,175.66737365722656,112488800.0
2023-09-08,176.4489782367689,178.3188321743013,175.89493458078306,176.28077697753906,65551300.0
2023-09-11,178.15063513987275,178.37817933531872,175.44972343125323,177.4481964111328,58953100.0
2023-09-12,177.5768378987377,178.21001559327632,172.95661681425068,174.42083740234375,90370200.0
2023-09-13,174.62857587906927,175.4101637291933,172.12554433664133,172.3531036376953,84267900.0
2023-09-14,172.1453169089935,174.22293884118037,171.72979554178494,173.8667755126953,60895800.0
2023-09-15,174.59889423512476,174.61868528190746,171.967258666553,173.14456176757812,109259500.0
2023-09-18,174.59890495957814,177.46800307348116,174.2922116482627,176.07302856445312,67257600.0
2023-09-19,175.627864465384,177.71537512501612,175.2420219783501,177.16134643554688,51826900.0
2023-09-20,177.3492658362857,177.78457830053213,173.5304088946865,173.6194610595703,58436200.0
2023-09-21,172.6894667209782,174.42081339229338,172.00681904661934,172.07606506347656,63149100.0
2023-09-22,172.80820955696336,175.19252525078977,172.19482290064929,172.9269256591797,56725400.0
2023-09-25,172.3432048049037,175.08368369125543,172.29373473406022,174.2031707763672,46172700.0
2023-09-26,172.95662192119033,173.33256128157663,169.8303003575296,170.12710571289062,64588900.0
2023-09-27,170.7800319235512,171.19555331579562,167.24809254140138,168.61337280273438,66921800.0
2023-09-28,167.53500431517824,170.19633406818943,165.83333655703308,168.87062072753906,56294400.0
2023-09-29,170.18644988639232,171.2252609973693,168.5243490895999,169.3850860595703,51861100.0
2023-10-02,169.39496352748424,172.4421355524603,169.10804618991,171.8979949951172,52164500.0
2023-10-03,170.42387079713225,171.77927819729268,168.99923247491208,170.5623779296875,49594600.0
2023-10-04,169.26634637027362,172.3531005247124,169.14763028223018,171.8089599609375,53020300.0
2023-10-05,171.93756684563112,173.57987653919332,170.83939772477277,173.04563903808594,48527900.0
2023-10-06,171.9474438386589,176.09278444180603,171.334042242395,175.59811401367188,57266700.0
2023-10-09,174.9253820623563,177.1415113656987,173.92615307401468,177.0821533203125,42390800.0
2023-10-10,176.20163840129018,177.80436599291428,176.05322819338144,176.48854064941406,43698000.0
2023-10-11,176.300562769531,177.9329844734106,175.70696722860302,177.88351440429688,47551100.0
2023-10-12,178.1506510638416,180.3964443900188,177.13161588848607,178.78382873535156,56743100.0
2023-10-13,179.4862324115919,179.99079085887703,176.24119532002288,176.94363403320312,51427100.0
2023-10-16,174.86602989056055,177.17119633941073,174.6285826048942,176.81503295898438,52517000.0
2023-10-17,174.7670787756051,176.51821654411026,172.93680701299223,175.26174926757812,57549400.0
2023-10-18,173.7085055181981,175.68718764266174,173.24351401125745,173.96572875976562,54764400.0
2023-10-19,174.16358722416024,175.9444040866048,173.32265641144056,173.58978271484375,59302900.0
2023-10-20,173.44136860989997,173.55019672394363,170.7998299466356,171.0372772216797,64244000.0
2023-10-23,169.08827156264798,172.15521956196545,168.11870652701532,171.15599060058594,55980100.0
2023-10-24,171.20546620053886,171.81885280099095,169.62251453312876,171.59130859375,43816600.0
2023-10-25,170.04794519039626,171.21536038795298,168.83104482476435,169.27626037597656,57157000.0
2023-10-26,168.55403244057868,169.55327657792432,163.90413245355498,165.1111297607422,70625300.0
2023-10-27,165.13090664912622,167.1590586780216,165.05175755916278,166.42694091796875,58499100.0
2023-10-30,167.21840145454993,169.34547832959018,167.0699912633637,168.474853515625,51131000.0
2023-10-31,167.54490564738762,169.07837213199355,166.1103491096919,168.94976806640625,44846000.0
2023-11-01,169.1772875334019,172.37285429322375,168.30666274339976,172.11563110351562,56934900.0
2023-11-02,173.64912468069178,175.88502975328987,173.5897666401313,175.67727661132812,77334800.0
2023-11-03,172.3827893945109,174.93529110628108,171.5022764668811,174.76708984375,79829200.0
2023-11-06,174.4999673355032,177.51744525540883,174.3317811800047,177.319580078125,63841300.0
2023-11-07,177.2701137835187,180.495375116872,177.06236062659886,179.88198852539062,70530000.0
2023-11-08,180.4063447558776,181.4946108426327,179.65443590363796,180.94058227539065,49340300.0
2023-11-09,181.00980821029188,182.1574321210165,179.87205717729333,180.46566772460935,53763500.0
2023-11-10,182.24883894138773,184.82452025063435,181.8129530168045,184.65609741210935,66133400.0
2023-11-13,184.0815368898242,184.2895637344097,182.48659891185952,183.07107543945312,43627500.0
2023-11-14,185.94394820695572,186.35011603301567,184.55705211313364,185.68638610839844,60108400.0
2023-11-15,186.09256123667052,187.72711849110289,186.0232088712412,186.2510528564453,53790500.0
2023-11-16,187.7964452917508,189.1734402500684,186.88503924293585,187.9351348876953,54412900.0
2023-11-17,188.47010270019996,188.5988913131576,186.80582731444397,187.91534423828125,50922700.0
2023-11-20,188.11347160798348,190.1145776039652,188.10357060538217,189.65887451171875,46505100.0
2023-11-21,189.6192457228965,189.728217210096,187.9648714107105,188.8564453125,38134500.0
2023-11-22,189.698480693038,191.12499577436776,189.04465183324163,189.5201568603516,39617700.0
2023-11-24,189.0843077535022,189.1140258787283,187.47946852715137,188.19273376464844,24048300.0
2023-11-27,188.14317764380084,188.88616092409407,187.13271615011263,188.01438903808597,40552600.0
2023-11-28,188.0044881862593,189.29232889633607,187.62803848681267,188.61868286132807,38415400.0
2023-11-29,189.1140277612682,190.29289712708973,187.202091144525,187.5983428955078,43014200.0
2023-11-30,188.0639106022525,188.53943075060016,186.42935355090071,188.17288208007807,48794400.0
2023-12-01,188.54934617033047,189.76783452208105,187.4596313087432,189.45083618164065,45704800.0
2023-12-04,188.20263336404665,188.2719857330804,185.69630404843608,187.65777587890625,43389500.0
2023-12-05,188.43046796633192,192.58125508438908,188.40073472916,191.6104278564453,66628400.0
2023-12-06,192.6308143978356,192.93791176533597,190.3127099631217,190.520751953125,41089700.0
2023-12-07,191.8184723448333,193.17565028147504,191.77883810543796,192.45248413085935,47477700.0
2023-12-08,192.38316069569592,194.1564228324412,191.8581203150147,193.8790435791016,53406400.0
2023-12-11,191.30337392193297,191.67982369646083,189.6291821765264,191.37271118164065,60943700.0
2023-12-12,191.27361158280868,192.898267700878,189.92633467152928,192.88836669921875,52696900.0
2023-12-13,193.26482653488247,196.14760557804456,193.02708153571692,196.1079864501953,70404200.0
2023-12-14,196.16740691178524,197.75242887078264,194.32480773637585,196.25656127929688,66831600.0
2023-12-15,195.6819844119138,196.54384019084355,195.15694409646997,195.72161865234372,128538400.0
2023-12-18,194.2554683979516,194.7904248709577,192.57137584033416,194.05734252929688,55751900.0
2023-12-19,194.32480226669028,195.10740466398732,194.05732405565035,195.09750366210935,40714100.0
2023-12-20,195.0578893685013,195.8305908429342,193.00726318359372,193.00726318359372,52242800.0
2023-12-21,194.26537091395173,195.23619818360496,191.6896894536902,192.858642578125,46482500.0
2023-12-22,193.35397752019375,193.58183662844652,191.16466173906852,191.7887725830078,37149600.0
2023-12-26,191.7986702097743,192.0760494430794,191.02596875756228,191.2439117431641,28919300.0
2023-12-27,190.68914273833013,191.68968812345565,189.30223153241624,191.34295654296875,48087700.0
2023-12-28,192.32369457775744,192.83883387512188,191.3627683436117,191.76893615722656,34049900.0
2023-12-29,192.0859530857412,192.58127531145587,189.9362564400636,190.7287750244141,42672100.0
2024-01-02,185.39909638597567,186.67703614744315,182.16960103197144,183.9032287597656,82488700.0
2024-01-03,182.4964964795135,184.14096966630487,181.7138790075681,182.52621459960935,58414500.0
2024-01-04,180.4458748691036,181.37708304150152,179.18776734055538,180.2081298828125,71983600.0
2024-01-05,180.28738953880887,181.05017488447825,178.48440937769652,179.48495483398438,62379700.0
2024-01-08,180.3864372916263,183.86360885082055,179.80196071659407,183.823974609375,59144500.0
2024-01-09,182.19931060924736,183.41779895114087,181.0204413910758,183.40789794921875,42841800.0
2024-01-10,182.6253074687535,184.6561164657865,182.1993225017619,184.44808959960935,46792900.0
2024-01-11,184.7948079290432,185.3000462697353,181.90212796654464,183.85369873046875,49128400.0
2024-01-12,184.3193079074704,184.99295400827785,183.45745205458948,184.1806182861328,40477800.0
2024-01-16,180.45578462721195,182.5361287641061,179.23728115128063,181.9120330810547,65603000.0
2024-01-17,179.57411959355028,181.2185778549055,178.613193289656,180.97091674804688,47317400.0
2024-01-18,184.34900450558877,187.37047281337263,184.09144241490492,186.86524963378903,78005800.0
2024-01-19,187.5587198414397,190.15420352293785,187.0534966021051,189.76785278320312,68903000.0
2024-01-22,190.50092877344645,193.50258021639056,190.46129453087997,192.0760498046875,60133900.0
2024-01-23,193.1954970136862,193.91866327514697,192.0166276255296,193.3539886474609,42355600.0
2024-01-24,193.59171936806808,194.542744606446,192.5218216434054,192.68032836914065,53631300.0
2024-01-25,193.3936190715828,194.4337988121109,191.30335858737243,192.3534393310547,54822100.0
2024-01-26,192.45251037482265,192.9379165033589,190.14430688636483,190.61981201171875,44594000.0
2024-01-29,190.2136280052267,190.4018528619721,187.8063693410428,189.93624877929688,47145600.0
2024-01-30,189.15363947733223,190.0055942449072,185.71610228505008,186.28076171875,55859400.0
2024-01-31,185.2901205380725,185.349571899096,182.62529981948688,182.67481994628903,55467800.0
2024-02-01,182.2686717659614,185.20097077595156,182.1002640289582,185.11181640625,64885400.0
2024-02-02,178.1773017145222,185.5774165638072,177.57300802816712,184.11126708984372,102551700.0
2024-02-05,186.3897373769733,187.47945226083425,184.10135123689923,185.92413330078125,69668800.0
2024-02-06,185.1118018341305,187.53887744205016,185.02264747144727,187.5289764404297,43490800.0
2024-02-07,188.85644306077413,189.2626108824053,186.84543618864265,187.6379547119141,53439000.0
2024-02-08,187.6181328392653,187.76672344535,185.59722501634783,186.5581512451172,40962000.0
2024-02-09,187.12352087688575,188.45268968737696,186.4787864459619,187.3219146728516,45155200.0
2024-02-12,186.89539390047275,187.1433710203601,185.278578235504,185.6356658935547,41781900.0
2024-02-13,184.266843961474,184.7032861176272,182.02512109310905,183.5427398681641,56529500.0
2024-02-14,183.8204888809099,184.02878118831163,180.96378758253468,182.65994262695312,54630500.0
2024-02-15,182.0648252110501,182.99722170980877,179.8826293342481,182.372314453125,65434500.0
2024-02-16,181.93587327545112,183.3543104413224,180.2000332285072,180.83485412597656,49752500.0
2024-02-20,180.31903131312703,180.95385211869663,178.543521838827,180.0908966064453,53665600.0
2024-02-21,180.46782702325083,181.41013702999717,179.19818540957374,180.84475708007807,41371400.0
2024-02-22,181.99537582737872,183.463411373256,180.98364000764028,182.878173828125,52292200.0
2024-02-23,183.512994445696,183.5427504912176,180.75548990166288,181.04315185546875,45119700.0
2024-02-26,180.76540051034647,181.28118200444277,179.1882545795608,179.6941375732422,40867400.0
2024-02-27,179.63464855081253,182.43182285515783,178.10710087323727,181.1522674560547,54318900.0
2024-02-28,181.03321827875988,181.6382830805114,178.67248629654023,179.95204162597656,48953900.0
2024-02-29,179.80325698202418,181.09274105155225,178.07733075339527,179.28746032714844,136682600.0
2024-03-01,178.09715778019478,179.06922378267282,175.94471834990426,178.20626831054688,73563100.0
2024-03-04,174.7246735635979,175.46860492728393,172.38376893378626,173.6831817626953,81510100.0
2024-03-05,169.37827475690668,170.64791631173568,168.2474997741583,168.7434539794922,95132400.0
2024-03-06,169.67587669286206,169.85442810491517,167.31512946505867,167.75157165527344,68587700.0
2024-03-07,167.78131806385875,169.34853532264208,167.12666995146384,167.63253784179688,71765100.0
2024-03-08,167.6325286145872,172.29449531822434,167.57301652903823,169.34852600097656,76267000.0
2024-03-11,171.54065314121274,172.9690037589795,170.65785520874886,171.35218811035156,60139500.0
2024-03-12,171.7489536078961,172.62183794587216,169.62626998762764,171.82830810546875,59825400.0
2024-03-13,171.37204497358655,171.78864474969012,169.37829909505535,169.7453155517578,52488700.0
2024-03-14,171.5108905650266,172.89955631533712,170.65784870831544,171.60015869140625,72913500.0
2024-03-15,169.78497182252738,171.22323608398438,168.91208752136302,171.22323608398438,121752700.0
2024-03-18,174.1493830977455,176.27206668827822,172.11596763998543,172.31434631347656,75604200.0
2024-03-19,172.92933186407737,175.18096849600929,171.62993409357304,174.65525817871094,55215200.0
2024-03-20,174.29816190798687,177.2242889404297,173.67325471299228,177.2242889404297,53423100.0
2024-03-21,175.61743226962642,176.05387450413767,169.4576727967747,169.98338317871094,106181300.0
2024-03-22,170.3702201223851,171.64979072547655,168.6839784855534,170.88601684570312,71160100.0
2024-03-25,169.1898419011277,170.54875171721093,168.078894077347,169.4675750732422,54288300.0
2024-03-26,168.6244540719099,170.0329624014482,168.20785429573576,168.33680725097656,57388400.0
2024-03-27,169.03114031499092,172.19533102381604,168.73356472173438,171.9076690673828,60273300.0
2024-03-28,170.36028779920613,170.8363996494882,169.13031578937776,170.09246826171875,65672700.0
2024-04-01,169.80483820681948,169.86435030206175,168.1086678157934,168.6542205810547,46240500.0
2024-04-02,167.71190995116913,167.9698007416,166.8687815767491,167.47384643554688,49329500.0
2024-04-03,167.42424073989756,169.29894733031932,167.2159484161416,168.27728271484375,47691700.0
2024-04-04,168.91207088207483,170.52888638010077,167.4539794921875,167.4539794921875,53704400.0
2024-04-05,168.217753601793,169.01128340394683,167.58293278713433,168.2078399658203,42104800.0
2024-04-08,167.66228381393842,167.83090643391947,166.87868279928273,167.08697509765625,37425500.0
2024-04-09,167.3349666518587,168.70380527202582,166.98780774616682,168.297119140625,42373800.0
2024-04-10,167.43415997850798,167.72180678766216,165.75783217031642,166.4224090576172,49709300.0
2024-04-11,166.97788797659143,174.04028741115994,166.79935169580833,173.62367248535156,91070300.0
2024-04-12,172.8499808741194,176.9168120397123,172.80039755418966,175.1214599609375,101670900.0
2024-04-15,173.94107267383276,175.20080068867838,171.10421379905583,171.2926788330078,73531800.0
2024-04-16,170.360294137519,172.35402488220237,166.9084566077323,168.0094757080078,73711200.0
2024-04-17,168.23761366668208,169.2691919230274,166.64064025878906,166.64064025878906,50901200.0
2024-04-18,166.67037984876308,167.27544462394533,165.20235954360626,165.68838500976562,43122900.0
2024-04-19,164.86511767231858,165.05356757276493,162.7523477339115,163.66490173339844,68149400.0
2024-04-22,164.18070504913473,165.9066162144586,163.43677364744048,164.49810791015625,48116400.0
2024-04-23,164.01206877643943,165.69831011966792,163.58554027123327,165.5495147705078,49537800.0
2024-04-24,165.19244539313124,167.93012271313196,164.86512888648411,167.6523895263672,48251800.0
2024-04-25,168.15826264272923,169.22952573993217,166.7894239404159,168.51535034179688,50558300.0
2024-04-26,168.50542350147623,169.95360145871248,167.81107543218243,167.93011474609375,44838400.0
2024-04-29,171.96716217122307,174.60564226594082,171.69935778865286,172.0961151123047,68169400.0
2024-04-30,171.92750782528833,173.57407962239418,168.6244505944639,168.9517822265625,65934800.0
2024-05-01,168.20784791968214,171.31252641733016,167.74164970644674,167.93011474609375,50383100.0
2024-05-02,171.1141167118999,172.01675700988142,169.50722990892024,171.62991333007812,94214900.0
2024-05-03,185.13970898312533,185.4868830000885,181.1820038934194,181.89617919921875,163224100.0
2024-05-06,180.8745364649345,182.70955826534143,178.9601450261929,180.23971557617188,78569700.0
2024-05-07,181.965609726272,183.40387401178495,179.8528549315395,180.92410278320312,77305800.0
2024-05-08,181.3704783401059,181.58869942461465,179.9817973354757,181.2613677978516,45057100.0
2024-05-09,181.0828076359048,183.165821474438,180.6364518520254,183.07655334472656,48983000.0
2024-05-10,183.6526350835399,183.84135574437508,180.9013327671207,181.81512451171875,50759500.0
2024-05-13,184.18900107058352,185.8378061410755,183.37452561798457,185.02333068847656,72044800.0
2024-05-14,186.24503525163803,187.029714327999,185.0332642686859,186.1655731201172,52393600.0
2024-05-15,186.6423525539196,189.3638586651008,186.1059869360216,188.4401397705078,70400000.0
2024-05-16,189.1850657006259,189.81082048816583,188.3805324914181,188.55931091308597,52845200.0
2024-05-17,188.23153932133224,189.5227724100756,187.90376371878455,188.589111328125,41282900.0
2024-05-20,188.05276500067424,190.6252889956646,187.73491647398643,189.751220703125,44361300.0
2024-05-21,189.80088903544183,191.42982486744876,189.63203768676544,191.05239868164065,42309400.0
2024-05-22,190.9729201671483,191.5192128106237,188.9864124860383,189.61215209960935,34648500.0
2024-05-23,189.6916250990905,189.7114944206788,185.370979738518,185.61929321289065,51005900.0
2024-05-24,187.54620129756856,189.2943226367172,186.771449342652,188.6983642578125,36327000.0
2024-05-28,190.21803261577213,191.69798625592665,187.8243024405564,188.7082977294922,52280100.0
2024-05-29,188.33088121296123,190.9530710228537,188.23154975607,189.00628662109372,53068000.0
2024-05-30,189.47310363654157,190.88352231957748,189.34399093884025,189.99952697753903,49889100.0
2024-05-31,190.1485307236603,191.2709124904654,188.62885345568,190.95306396484372,75158300.0
2024-06-03,191.5986723140291,193.67458449503025,191.22124613590765,192.72105407714844,50080500.0
2024-06-04,193.3269468870457,194.00236744942592,191.727807432352,193.03890991210935,47471400.0
2024-06-05,194.0818144537235,195.571695368637,193.5553910762556,194.54864501953125,54156800.0
2024-06-06,194.36984306207057,195.17437623382352,192.8600930073616,193.16799926757807,41181800.0
2024-06-07,193.33687329712623,195.61143330627965,192.83031924399432,195.561767578125,53103900.0
2024-06-10,195.5716829020276,195.96899354752293,190.8537269722117,191.8171844482422,97010200.0
2024-06-11,192.34360572370616,205.762475197422,192.32375155853347,205.7525329589844,172373300.0
2024-06-12,205.97106967477507,218.71451985221407,205.50423909920423,211.63262939453125,198134300.0
2024-06-13,213.29133517221976,215.2877699355853,210.1725187191793,212.79470825195312,97862700.0
2024-06-14,212.40734441299963,213.71843162956225,209.874544034183,211.0565185546875,70122700.0
2024-06-17,211.93058723086708,217.4729460060793,211.28497823555003,215.2083282470703,93728300.0
2024-06-18,216.1220855863189,217.15507800113136,211.5630543896915,212.84434509277344,79943300.0
2024-06-20,212.48680152632815,212.79472296910444,207.4410850045998,208.26547241210935,86172500.0
2024-06-21,208.9706859649803,210.4605668046439,205.71281440805072,206.0902557373047,241805100.0
2024-06-24,206.3187207615107,211.26512140596267,205.1963388988781,206.7358856201172,80727000.0
2024-06-25,207.73905391104032,209.95402109263304,207.20270345608853,207.65960693359372,55549700.0
2024-06-26,210.07319184959564,213.41052543273105,209.2189929218928,211.81138610839844,66213200.0
2024-06-27,213.24168634094727,214.28460598729217,210.91747580739147,212.6556701660156,49772700.0
2024-06-28,214.31439376890185,214.6123729638464,208.8812938369491,209.1991271972656,82542700.0
2024-07-01,210.6591990639401,216.0426329500864,210.49034773322808,215.2877655029297,60402900.0
2024-07-02,214.6918109818244,218.89328562800327,213.6489065767971,218.78402709960935,58046200.0
2024-07-03,218.5158580863075,220.05540466308597,217.55240059045883,220.05540466308597,37369800.0
2024-07-05,220.15473164881905,224.9223536333555,220.15473164881905,224.81309509277344,60412400.0
2024-07-08,225.55802531049065,226.31290797690275,221.7439339584199,226.2831115722656,59085900.0
2024-07-09,226.3923429370984,227.85242731023644,224.84286935479295,227.1372833251953,48076100.0
2024-07-10,227.75312751683796,231.50762613234983,227.70346178953025,231.4082946777344,62627700.0
2024-07-11,229.82901193417425,230.82226580227743,224.2469300453064,226.0347900390625,64710600.0
2024-07-12,227.37565963499716,231.0705650087781,227.13727326525796,228.98472595214844,53046500.0
2024-07-15,234.8846802776345,235.6296207097681,231.5175501306247,232.81871032714844,62631300.0
2024-07-16,233.41467931591345,234.67611608181264,230.7626930760052,233.23590087890625,43234300.0
2024-07-17,227.902099588984,229.8985495862513,225.1110586129064,227.33595275878903,57345900.0
2024-07-18,228.7265030667722,228.88542732552744,220.7705449165008,222.6676483154297,66034600.0
2024-07-19,223.30335264411235,225.2699911539264,221.7737331263721,222.7967834472656,49151500.0
2024-07-22,225.47857008869343,226.24337986146955,221.58501648633228,222.44915771484372,48201800.0
2024-07-23,222.8563682936816,225.40903804109772,221.17776681088287,223.49205017089844,39960300.0
2024-07-24,222.4888774009256,223.2834835656707,215.6652278412252,217.06570434570312,61777600.0
2024-07-25,217.4530695190144,219.36013034825797,213.1721476257605,216.02279663085935,51391200.0
2024-07-26,217.22462220056255,218.0093012590926,214.55276681781487,216.4896240234375,41601300.0
2024-07-29,215.49638213713573,217.82059272630025,214.294538197557,216.7677459716797,36311800.0
2024-07-30,217.7113430566852,218.84365199158069,214.66204605269343,217.323974609375,41643800.0
2024-07-31,219.94615098169663,222.31010016667176,219.14161772956027,220.5818328857422,50036300.0
2024-08-01,222.8563831356547,222.9656416760084,215.55597572208575,216.88693237304688,62501000.0
2024-08-02,217.6715836076827,224.0780833133434,216.24131073912352,218.37680053710935,105568600.0
2024-08-05,197.74691336614487,212.0597055615941,194.6777624827749,207.85824584960935,119548600.0
2024-08-06,203.91502798694503,208.5733911865651,199.7135682482994,205.83200073242188,69660500.0
2024-08-07,205.50421123787663,212.1987475040528,204.9976572409954,208.40452575683597,63516400.0
2024-08-08,211.6723391896897,212.7549823030523,207.42121371107248,211.87098693847656,47161100.0
2024-08-09,210.66916408754707,215.31758519349225,210.5400362270979,214.7812347412109,42201600.0
2024-08-12,214.8607709437837,218.28150622882865,214.3934000861836,216.3125915527344,38028100.0
2024-08-13,217.7843155173404,220.648202590176,217.7843155173404,220.03167724609372,44155300.0
2024-08-14,219.335583300448,221.78180736898403,218.4704419532304,220.4791412353516,41960600.0
2024-08-15,223.3430482530648,224.08885093177264,221.51333414952188,223.46237182617188,46414000.0
2024-08-16,222.6668580486994,225.56057624113717,222.39836482120643,224.78494262695312,44340200.0
2024-08-19,224.4567619395897,224.7252551363764,221.79175263729985,224.6258087158203,40687800.0
2024-08-20,224.50649118022676,225.89865006504533,224.18827476461456,225.24234008789065,30299000.0
2024-08-21,225.25231910261837,226.7041399348782,223.79054452288287,225.1329803466797,34765500.0
2024-08-22,226.51518775043243,227.06211276120644,222.6469583809866,223.2734375,43695300.0
2024-08-23,224.39712188969804,226.9427926991927,223.07456326985687,225.5705108642578,38677300.0
2024-08-26,225.49095216733545,226.00804628168004,222.6370187250734,225.9085998535156,30602200.0
2024-08-27,224.73520717839608,227.5692634267734,223.63141860700009,226.75384521484372,35934600.0
2024-08-28,226.64446298605537,228.57360836626123,224.41699349604747,225.22247314453125,38052200.0
2024-08-29,228.81226038667728,231.61647047641185,227.59908685526068,228.5039825439453,51906300.0
2024-08-30,228.90175696593343,229.11057321557684,226.2069166530855,227.71841430664065,52990800.0
2024-09-03,227.27093626472063,227.71841483123856,219.9322331496077,221.52328491210935,50190600.0
2024-09-04,220.4195086889333,220.5388322671096,216.26289369284987,219.61404418945312,43840200.0
2024-09-05,220.38966486266608,224.2181094473344,220.28027986462445,221.13546752929688,36615400.0
2024-09-06,222.69667077468375,223.97945984429649,218.54007124155592,219.58419799804688,48423000.0
2024-09-09,219.58419811845144,220.0316766790804,215.49719894103853,219.67369079589844,67180000.0
2024-09-10,217.69483113354613,220.2405018848782,215.517084853391,218.878173828125,51591000.0
2024-09-11,220.22062862304543,221.84149617822104,216.6706004766808,221.41390991210935,44587100.0
2024-09-12,221.25479170284095,222.2989184736456,218.5897974500539,221.52328491210935,37455600.0
2024-09-13,222.32874892129448,222.78616606005667,220.66809680320824,221.2547912597656,36766600.0
2024-09-16,215.32814508742544,216.00434741371936,212.72281255665072,215.10939025878903,59357400.0
2024-09-17,214.54254826078727,215.68610617984223,213.2995439255568,215.57672119140625,45519300.0
2024-09-18,216.3325139866577,221.46364038861367,216.32256023932743,219.45494079589844,59894900.0
2024-09-19,223.7308662842885,228.53383738270648,223.37288038958053,227.58914184570312,66781300.0
2024-09-20,228.6829959505254,231.7855303113645,226.34614143297367,226.9228973388672,318679900.0
2024-09-23,226.06770192621624,228.16589404695569,224.54626569168985,225.20257568359372,54146000.0
2024-09-24,227.37035418692216,228.06644877557943,224.46669778796843,226.09751892089844,43556100.0
2024-09-25,223.6711754067507,226.0179683097268,222.76627973963284,225.1031188964844,42308700.0
2024-09-26,226.02794934670587,227.2212306744308,224.14852708285537,226.2467193603516,36636700.0
2024-09-27,227.1814462394898,228.23551159576573,226.0279344568732,226.5151824951172,34026000.0
2024-09-30,228.75258844686655,231.69602966308597,228.3647716650959,231.69602966308597,54541900.0
2024-10-01,228.23551952322455,228.364781673884,222.48786790384585,224.9440460205078,63285000.0
2024-10-02,224.62581519597003,226.09752818761768,221.771881889721,225.5108337402344,32880600.0
2024-10-03,223.8800260213992,225.5406782135141,222.07021935855937,224.4070587158203,34044200.0
2024-10-04,226.6245506840192,226.72399710298305,222.87566042869452,225.5307159423828,37245100.0
2024-10-07,223.24359711098245,224.4269397639463,220.09133967636964,220.44932556152344,39505400.0
2024-10-08,223.0447257693685,224.71531649859696,222.00059897690352,224.50650024414065,31855700.0
2024-10-09,223.9695094391901,228.46421777631028,223.57175408478048,228.25538635253903,33591100.0
2024-10-10,226.50525089558744,228.2156263022252,225.89866409237996,227.75819396972656,28183500.0
2024-10-11,228.0167412789572,228.12612627842185,226.0677036085129,226.2765350341797,31759200.0
2024-10-14,227.4200987868959,230.433140461172,227.32066753158787,230.00555419921875,39882100.0
2024-10-15,232.30259746810796,236.16088782430572,231.06953169102596,232.541259765625,64751400.0
2024-10-16,230.30386376880503,230.8209426799016,228.55370384388215,230.48284912109372,34082200.0
2024-10-17,232.123619666284,232.5412825211578,229.22991678936268,230.8507843017578,32993800.0
2024-10-18,234.8582339303053,234.8582339303053,232.70037994861724,233.68484497070312,46431500.0
2024-10-21,233.13790198735876,235.52447953691797,233.13790198735876,235.1565399169922,36254500.0
2024-10-22,232.5810475805218,234.89800969153725,231.29827366695756,234.5400238037109,38846600.0
2024-10-23,232.76997861721128,233.8240439244486,226.48534106504323,229.4685516357422,52287000.0
2024-10-24,228.69293816499177,229.5282487298504,227.1317323861892,229.27964782714844,31109500.0
2024-10-25,228.4542922398222,231.91481257552053,228.2852454458818,230.1149444580078,38802300.0
2024-10-28,232.0142568404043,233.4163543943246,231.24856181455635,232.0937957763672,36087100.0
2024-10-29,231.7954872619061,233.01859945208068,231.0198536609764,232.3622894287109,35417200.0
2024-10-30,231.3082186556225,232.1634063461827,228.2653461113998,228.8122711181641,47070900.0
2024-10-31,228.05651850818117,228.54378173572667,224.10873499320772,224.64572143554688,64370100.0
2024-11-01,219.7333456007168,224.0888378455061,219.03726617591772,221.66249084472656,65276700.0
2024-11-04,219.75323643771603,221.54315061130296,218.4804011628397,220.76751708984372,44944500.0
2024-11-05,220.558703156551,222.69666464924055,219.902393193564,222.199462890625,28111300.0
2024-11-06,221.36417152277411,224.80481443000403,219.95212032394844,221.4735565185547,54561100.0
2024-11-07,223.3728983782084,226.6047102641935,223.3132365865181,226.2069396972656,42137700.0
2024-11-08,226.1471868576639,227.63048374280507,225.39061415381417,225.93814086914065,38328800.0
2024-11-11,223.986965892186,224.68381119249955,220.5027242005297,223.22042846679688,42005600.0
2024-11-12,223.53899499841924,224.5743058460154,222.354350392842,223.22042846679688,40398300.0
2024-11-13,223.0014118515957,225.62952490733252,221.75703985190805,224.10641479492188,48566200.0
2024-11-14,224.00686988588797,227.8395264579333,223.98695568104733,227.1924591064453,44923900.0
2024-11-15,225.3806442603365,225.89830725108277,223.26024476090137,223.9869537353516,47923700.0
2024-11-18,224.2358298771528,228.70561947942852,224.1561882479486,226.9933624267578,44633700.0
2024-11-19,225.95804731142948,229.123737666772,225.63949596937007,227.252197265625,36211800.0
2024-11-20,227.0331781982001,228.89475383274825,224.8729502483013,227.9689483642578,35169600.0
2024-11-21,227.8495144168353,229.12375023514656,224.6937885863231,227.4911346435547,42108300.0
2024-11-22,227.03318893672343,229.6812162999479,227.03318893672343,228.8350372314453,38168300.0
2024-11-25,230.41787789282503,232.19981188776785,228.70562083004268,231.82151794433597,90152800.0
2024-11-26,232.27945661483372,234.509376705192,232.27945661483372,234.0016632080078,45986200.0
2024-11-27,233.41431778082384,234.6288260383393,232.75728573526555,233.8722381591797,33498400.0
2024-11-29,233.75278591990275,236.7392786802237,232.91657159263397,236.26144409179688,28481400.0
2024-12-02,236.20171450499868,239.70585504150455,236.0922091638524,238.51126098632807,48137100.0
2024-12-03,238.73027039850209,241.66698519896207,237.82436396202863,241.55747985839844,38861000.0
2024-12-04,241.7765092325954,243.01093178619985,240.16380790150487,241.91587829589844,44383900.0
2024-12-05,242.89144401931327,243.438955500192,241.0398180348311,241.9457092285156,40033900.0
2024-12-06,241.81631992920728,243.5285769758241,240.99005511798387,241.7466278076172,36870600.0
2024-12-09,240.74117665680967,246.1268220997756,240.6615350292325,245.63902282714844,44649200.0
2024-12-10,245.77840669680955,247.0924708459312,244.23538234840328,246.65444946289065,36914800.0
2024-12-11,246.8436012503984,249.6708108995408,245.15124311202536,245.38021850585935,45205800.0
2024-12-12,245.77840766369863,247.62008434324932,244.57384885559844,246.84359741210935,32777500.0
2024-12-13,246.70421556592945,248.16758302178013,245.131327579476,247.0128173828125,33155300.0
2024-12-16,246.8734732550572,250.24820975700104,246.5349925019624,249.90972900390625,51694800.0
2024-12-17,248.9540440613884,252.68716009783537,248.655391740455,252.33872985839844,51356400.0
2024-12-18,251.02467749046983,253.13512753347692,246.62457993830327,246.9331817626953,56774100.0
2024-12-19,246.3856613682502,250.86540066585476,245.97750369773613,248.66534423828125,60882300.0
2024-12-20,246.92322076153133,253.8518908180873,244.5838104896136,253.3441925048828,147495300.0
2024-12-23,253.6229329525933,254.49896052911285,252.30886880268173,254.1206817626953,40858800.0
2024-12-24,254.3396705835317,257.0474099027653,254.1405589245421,257.0374755859375,23234700.0
2024-12-26,257.0275101814573,258.9289141129315,256.47003399402934,257.853759765625,27237100.0
2024-12-27,256.6691291131229,257.53523753189216,251.9206165669488,254.4392242431641,42355300.0
2024-12-30,251.0943473544148,252.35863351915535,249.6210152068174,251.06448364257807,35557500.0
2024-12-31,251.30342042234355,252.1396347735265,248.30696287880588,249.29251098632807,39480700.0
2025-01-02,247.80920478270548,247.9784527382305,240.731231586112,242.7520904541016,55740700.0
2025-01-03,242.2642974853516,243.08059762167903,240.800914792456,242.2642974853516,40244100.0
2025-01-06,243.2100158477468,246.2164228483008,242.10501290586,243.89691162109372,45045600.0
2025-01-07,241.8860138278822,244.4444500699373,240.2633629937866,241.11949157714844,40856000.0
2025-01-08,240.83079756862327,242.6127469270518,238.9692217628596,241.60728454589844,37628900.0
2025-01-10,238.9293760168756,239.0787097724967,231.95094323601768,235.7836151123047,61710900.0
2025-01-13,232.47855694506205,233.61342361918983,228.68571346021636,233.3446350097656,49630700.0
2025-01-14,233.69307331230715,235.05690023183172,231.4233398857589,232.2296905517578,39435300.0
2025-01-15,233.5835582088168,237.88411516800545,233.3744970274307,236.79901123046875,39832000.0
2025-01-16,236.28136958651152,236.9383864807084,227.0033243432251,227.23228454589844,71759100.0
2025-01-17,231.0748831620974,231.2441159203825,227.45127273918456,228.94451904296875,68488300.0
2025-01-21,222.99146586562136,223.4095730413088,218.39227174297116,221.63758850097656,98070400.0
2025-01-22,218.80040121474653,223.1109074563204,218.80040121474653,222.8222198486328,64126500.0
2025-01-23,223.72813912330528,226.00782197454976,221.29912251598503,222.6529998779297,60234800.0
2025-01-24,223.76795755359672,224.61413662079448,220.4131353788753,221.77696228027344,54697900.0
2025-01-27,223.01138591977585,231.10477141655377,222.9715575076631,228.82508850097656,94863400.0
2025-01-28,229.81063008981928,239.1085741517517,229.7708016788408,237.187255859375,75707600.0
2025-01-29,233.0658900359753,238.78005164957875,232.9563846938824,238.2823028564453,45486100.0
2025-01-30,237.59540286874545,239.70585285329432,236.14198492507637,236.520263671875,55658300.0
2025-01-31,246.07705979363328,246.07705979363328,232.3889674810629,234.93743896484372,100959800.0
2025-02-03,228.9545099800506,230.78622201033428,224.68381655532255,226.98341369628903,73063300.0
2025-02-04,226.2268315478868,232.0803623471157,225.62952690670863,231.75184631347656,45067300.0
2025-02-05,227.50107667347064,231.62243633567465,227.24225275297744,231.42333984375,39620300.0
2025-02-06,230.24863411824003,232.74734282564023,229.392505571298,232.16995239257807,29925300.0
2025-02-07,231.55275755143825,232.946448173879,226.236788599926,226.60513305664065,39707200.0
2025-02-10,228.7876615470872,229.8041745661949,226.4257278690688,226.8741912841797,33115600.0
2025-02-11,227.42233485023965,234.42837673351207,227.3525813044295,231.8272705078125,53718400.0
2025-02-12,230.41209906543347,236.15247950770552,229.89386689621963,236.06277465820312,45243300.0
2025-02-13,236.10265815205585,241.5141464162941,234.7672282740452,240.7069091796875,53614100.0
2025-02-14,240.4278440984732,244.7131931693581,240.1687356269457,243.7664337158203,40896200.0
2025-02-18,243.31796980618805,244.34445851455,241.0158443494388,243.6368865966797,48822500.0
2025-02-19,243.8262313730556,245.1716216090192,242.33134319523683,244.03550720214844,32204200.0
2025-02-20,244.10528213544583,245.9390080304084,243.45748811790236,244.99224853515625,32316900.0
2025-02-21,245.11182656230832,247.84249441981407,244.38431857946645,244.71319580078125,53197400.0
2025-02-24,244.0953010258401,248.0119159709633,243.5870445183064,246.25791931152344,51326400.0
2025-02-25,247.15485528022737,249.14803959700345,244.0753891604379,246.1981201171875,48013300.0
2025-02-26,243.4973501582224,244.14512894194456,238.3150742680788,239.54087829589844,44433600.0
2025-02-27,238.5941277716784,241.6337368385667,236.25213016109493,236.49131774902344,41153600.0
2025-02-28,236.1425036842072,241.2649866571528,229.41550676334808,241.01583862304688,56833400.0
2025-03-03,240.96599177281345,243.1983635012748,235.3053560708129,237.21881103515625,47184000.0
2025-03-04,236.8999245639949,239.25188262538288,233.88023638606123,235.1259765625,53798100.0
2025-03-05,234.6177134735288,235.7438674276595,228.44880585950324,234.93663024902344,47227600.0
2025-03-06,233.64106399817908,237.04940729600816,232.3654272740836,234.5280303955078,45170400.0
2025-03-07,234.3087831583753,240.54744460053885,233.95996981993864,238.2552947998047,46273600.0
2025-03-10,234.73730306532093,235.35520052510583,223.45588808739055,226.70477294921875,72071200.0
2025-03-11,223.0472976504486,225.0703785981053,216.7089706558168,220.08741760253903,76137400.0
2025-03-12,219.3897895710681,220.99430349899413,214.177617020402,216.2405548095703,62547500.0
2025-03-13,215.2140760046737,216.1010424274323,207.7097381833997,208.96543884277344,61368300.0
2025-03-14,210.53009451028825,213.2208903100085,208.86578742228792,212.7624664306641,60107600.0
2025-03-17,212.5830704146544,214.48656508270392,209.25445626243933,213.27072143554688,48073400.0
2025-03-18,213.43017106944268,214.41678753127792,210.76927194631705,211.96517944335935,42432400.0
2025-03-19,213.4899568048476,218.0144781615262,213.0215573102422,214.5064849853516,54385400.0
2025-03-20,213.2607660976187,216.7488387280272,211.49679368091097,213.37039184570312,48862900.0
2025-03-21,210.83902892918795,218.09421843072647,210.55998434888176,217.5261688232422,94127800.0
2025-03-24,220.2468673442068,220.7252273230714,217.8351161419945,219.977783203125,44299500.0
2025-03-25,220.01766257627696,223.33631640181736,219.3300115304276,222.9875030517578,34493600.0
2025-03-26,222.74828771017505,224.2531514656449,219.71865451354495,220.7750396728516,34466100.0
2025-03-27,220.6355197392567,224.22325730600969,219.8083464889556,223.08714294433597,37094800.0
2025-03-28,220.91458161653455,223.04728822423488,216.93817343567548,217.1574249267578,39818600.0
2025-03-31,216.2704542730732,224.8511131847691,215.49311362240712,221.37301635742188,65299300.0
2025-04-01,219.0609113529448,222.91771798921508,218.15400887457568,222.4293975830078,36412700.0
2025-04-02,220.56578026164416,224.4225869866718,220.2667995775576,223.12701416015625,35905900.0
2025-04-03,204.83954098981803,206.78290782089877,200.56416741637668,202.49755859375,103419000.0
2025-04-04,193.2292544699453,199.19884701911505,186.70157274086588,187.738037109375,125910900.0
2025-04-07,176.59612158290105,193.48835506739644,174.02491207450518,180.84161376953125,160466300.0
2025-04-08,186.06374707733983,189.6913418115003,168.63336050772435,171.83241271972656,120859500.0
2025-04-09,171.3640110222038,199.926344669284,171.30421792842867,198.1723480224609,184395900.0
2025-04-10,188.42569728108137,194.11623030966024,182.3763752402466,189.7710876464844,121880000.0
2025-04-11,185.46579368960585,198.85997858079665,185.42592149027783,197.47471618652344,87435900.0
2025-04-14,210.7194495182335,212.2143377637297,200.47448329230923,201.8298492431641,101352900.0
2025-04-15,201.1720967653651,202.81646776904176,199.11911932089467,201.45114135742188,51343900.0
2025-04-16,197.68401406478424,200.01603598224625,191.71442177543543,193.6079559326172,59732400.0
2025-04-17,196.5279673080365,198.15241736523092,193.75744237056688,196.3087158203125,52164700.0
2025-04-21,192.61134997705832,193.13954254760668,189.1631347892109,192.5017242431641,46742500.0
2025-04-22,195.45165216386687,200.9030125684292,195.3021694205859,199.059326171875,52976400.0
2025-04-23,205.29799399880645,207.29117840656184,202.10890198775584,203.90277099609372,52929200.0
2025-04-24,204.1917605029567,208.11833592046503,202.248408894664,207.65989685058597,47311000.0
2025-04-25,205.66671618569228,209.0352025034097,205.49729734578435,208.5668029785156,38222300.0
2025-04-28,209.2843516085664,210.7792398343419,206.7530142372406,209.4238739013672,38743100.0
2025-04-29,207.97880282615472,211.51670773820763,207.65988606249564,210.4902191162109,36827600.0
2025-04-30,208.5867412723437,212.8521544830753,205.96569903614,211.7758331298828,52286500.0
2025-05-01,208.3674918385056,213.82881264887996,208.18809734114117,212.59304809570312,57365700.0
2025-05-02,205.38767599056175,206.28461806468732,201.4710760745947,204.65020751953125,101010600.0
2025-05-05,202.4078790317576,203.4044712176219,197.5345438511527,198.21221923828125,69018500.0
2025-05-06,197.5345306234426,199.96620262041336,196.34858356859348,197.83349609375,51216500.0
2025-05-07,198.49125449640596,198.7603386318323,192.591430858442,195.58120727539065,68536700.0
2025-05-08,197.04619801698016,199.3682595147921,194.0165494128041,196.8169860839844,50478900.0
2025-05-09,198.32183886048443,199.85658408831688,196.86680762308345,197.8534393310547,36453900.0
2025-05-12,210.5267672009768,210.826139966164,206.31563192374185,210.34713745117188,63775800.0
2025-05-13,209.98788789546765,212.95164926547025,208.5608995756232,212.48263549804688,51909300.0
2025-05-14,211.98367663769176,213.49051386836732,210.13757262915965,211.88389587402344,49325800.0
2025-05-15,210.506803034962,212.51258988469863,209.0997617101353,211.00575256347656,45029500.0
2025-05-16,211.9138418912236,212.12340739052024,209.3292870180407,210.81614685058597,54737900.0
2025-05-19,207.47318710280223,209.0398806327114,203.83084657536088,208.3413543701172,46140500.0
2025-05-20,207.23369558110693,208.03201787298204,204.5992426766309,206.42539978027344,42496600.0
2025-05-21,204.73893602091724,206.60500227852876,200.28831500749223,201.6654052734375,59211800.0
2025-05-22,200.2883071907537,202.32401437172413,199.28041949489236,200.9369354248047,46742400.0
2025-05-23,193.2631118604188,197.28464391104225,193.05356158182016,194.85975646972656,78432900.0
2025-05-27,197.8833769105113,200.31825293342968,197.01519441683536,199.78936767578125,56288500.0
2025-05-28,200.1685576295096,202.30406088976383,199.4800048802265,199.99891662597656,45339700.0
2025-05-29,203.15228556391767,203.38179807643976,198.09293019267844,199.5299072265625,51396800.0
2025-05-30,198.95112277889336,201.53569281345096,196.3665679710664,200.4280242919922,70819900.0
2025-06-02,199.85921507319503,201.70533435611304,199.69954757512767,201.27622985839844,35423300.0
2025-06-03,200.92696184786132,203.34187550579085,200.5377818622184,202.84292602539065,46381600.0
2025-06-04,202.483697639946,205.80670326672896,201.67540185470463,202.39389038085935,43604000.0
2025-06-05,203.07246156364135,204.3198354061699,199.7294935749724,200.20849609375,55126100.0
2025-06-06,202.5734966384944,205.26782088834017,201.62549563553227,203.49156188964844,46607700.0
2025-06-09,203.96058960802063,205.56720771427428,199.59977555964565,201.0267639160156,72862600.0
2025-06-10,200.1785434107301,203.92066462184744,200.1486076591796,202.2441864013672,54672600.0
2025-06-11,203.0724503091444,204.07034932786252,197.99314795828437,198.36236572265625,60989900.0
2025-06-12,198.66173587371063,199.26046614106752,196.94534836583952,198.78147888183597,43904600.0
2025-06-13,199.3103695725812,199.9490243445518,195.2888376882346,196.03726196289065,51447300.0
2025-06-16,196.8854859861783,198.27256505925683,196.1470352061455,198.0031280517578,43020700.0
2025-06-17,196.78567812068,197.97318035709665,194.79986887227625,195.2289581298828,38856200.0
2025-06-18,195.52832221137376,197.15490236836845,194.6601549995936,196.1669769287109,45394700.0
2025-06-20,197.8235020126397,201.27622400422055,196.4463965286413,200.57769775390625,96813500.0
2025-06-23,201.20639190632411,201.87498244787412,198.54200324907936,201.07666015625,55814300.0
2025-06-24,202.16436301176623,203.0125832870988,199.77938491343545,199.87918090820312,54064000.0
2025-06-25,201.0267661369261,203.2421033073339,200.19850807531137,201.13653564453125,39525700.0
2025-06-26,201.00678701240997,202.2142514946699,199.0409400032148,200.57769775390625,50799100.0
2025-06-27,201.4658274879402,202.7930349784745,199.57979899649257,200.65753173828125,73188600.0
2025-06-30,201.58557286233471,206.95427439094752,198.84135059390303,204.7389373779297,91912800.0
2025-07-01,206.23578409144605,209.74839282792448,205.70689884063933,207.3833770751953,78788900.0
2025-07-02,208.47108532398715,212.8917706186518,207.7026988246806,211.99366760253903,67941800.0
2025-07-03,211.7042810466308,214.19902871499423,211.3649990181489,213.10134887695312,34955800.0
2025-07-07,212.23315593085263,215.77570049162512,208.36131809352125,209.50889587402344,50229000.0
2025-07-08,209.658593847986,210.985786168202,208.01205130024096,209.5687713623047,42848900.0
2025-07-09,209.0897778625777,210.8859991217609,206.7846335910969,210.69639587402344,48749400.0
2025-07-10,210.0677126258132,213.03147386855412,209.58872537016995,211.96372985839844,44443600.0
2025-07-11,210.12759762046792,211.68431760849728,209.41908263784933,210.7163543701172,39765800.0
2025-07-14,209.4889316669829,210.46688365912564,207.10395364435493,208.1816864013672,38840100.0
2025-07-15,208.7804390594974,211.44482767792792,208.48106630115817,208.6706695556641,42296300.0
2025-07-16,209.8581806046168,211.95375954691573,208.2016644692293,209.71847534179688,47490500.0
2025-07-17,210.12759810142077,211.3550095983717,209.1496461257956,209.5787506103516,48068100.0
2025-07-18,210.42696659875529,211.34503189230253,209.25942654413325,210.7363128662109,48974600.0
2025-07-21,211.65437808070223,215.3266389893317,211.18536434566,212.0335693359375,51377400.0
2025-07-22,212.69220709721728,214.498401977016,211.7841152894156,213.94955444335935,46404100.0
2025-07-23,214.54829351655,214.69797228179937,211.9637386583707,213.7000732421875,46989300.0
2025-07-24,213.45058781785585,215.2368355364858,213.08137006420023,213.31088256835935,46022600.0
2025-07-25,214.24891808809048,214.7877920897316,212.95164630742312,213.4306488037109,40268800.0
2025-07-28,213.5803337758995,214.39861831079745,212.6123704732672,213.6002960205078,37858000.0
2025-07-29,213.73000061776605,214.3586818606333,210.3770745937549,210.8261260986328,51411700.0
2025-07-30,211.454797150492,211.9437731540036,207.28358653790625,208.6107940673828,45512500.0
2025-07-31,208.0519764228089,209.39913099136336,206.72476887181696,207.1339111328125,80698400.0
2025-08-01,210.4269720875647,213.1312852679161,201.07666267114303,201.95481872558597,104434500.0
2025-08-04,204.0803265791815,207.44325668811337,201.2562704772093,202.9227752685547,75109300.0
2025-08-05,202.97265486934364,204.908581407206,201.73526982787087,202.49366760253903,44155100.0
2025-08-06,205.19798558201,214.9275012748427,205.15806109322384,212.80197143554688,108483100.0
2025-08-07,218.42014073215765,220.38600300495352,216.12496995802368,219.56771850585935,90224800.0
2025-08-08,220.36604479784603,230.5146761138317,218.78936250198092,228.8681488037109,113854000.0
2025-08-11,227.6992650180531,229.3376761213044,224.54232171734583,226.95997619628903,61806100.0
2025-08-12,227.78917070894937,230.57647717809445,226.8500938879156,229.42758178710935,55626200.0
2025-08-13,230.8462285986664,234.77241529044048,230.2068337695816,233.10403442382807,69878500.0
2025-08-14,233.83332460758467,234.89229562265464,230.6264418350812,232.5545654296875,51916300.0
2025-08-15,233.77337703316005,234.0531046408583,229.11788646444975,231.3657073974609,56038700.0
2025-08-18,231.4756102221476,232.8942332130852,229.88715369469057,230.66639709472656,37476200.0
2025-08-19,231.05601964615852,232.64447617946885,229.1278960385577,230.3367156982422,39402600.0
2025-08-20,229.75726351111015,230.2467944412184,225.55134937034356,225.7911071777344,42263900.0
2025-08-21,226.05087353353892,226.30063142153253,223.56327948127884,224.68218994140625,30621200.0
2025-08-22,225.95095699429652,228.8681272027074,225.1916985271248,227.53941345214844,42477800.0
2025-08-25,226.26065308481304,229.0779292721956,226.01089520624416,226.94000244140625,30983100.0
2025-08-26,226.65028173376103,229.26775474756235,224.4724002828088,229.08792114257807,54575100.0
2025-08-27,228.38860049855515,230.676376013076,228.03893336267103,230.26678466796875,31259500.0
2025-08-28,230.59647266873003,233.1839607581121,229.11789497993007,232.33477783203125,38074700.0
2025-08-29,232.284813175836,233.15398096397084,231.145917853049,231.9151763916016,39418400.0
2025-09-02,229.02798202980685,230.6264386017744,226.75019132336067,229.49752807617188,44075600.0
2025-09-03,236.9802851593088,238.6186963224971,234.133039090421,238.2390594482422,66427800.0
2025-09-04,238.2190615253141,239.66765417218173,236.51072617258424,239.5477752685547,47549400.0
2025-09-05,239.7675678194568,241.0862967595893,238.25903569310344,239.45787048339844,54870400.0
2025-09-08,239.06825064349684,239.9174183063481,236.11111057683257,237.64962768554688,48999500.0
2025-09-09,236.7704743513664,238.5487492683241,233.13400016518185,234.123046875,66313900.0
2025-09-10,231.96513778704136,232.19491077497392,225.73117543382176,226.5703582763672,83440800.0
2025-09-11,226.6602772530751,230.22681187017156,226.43048902665416,229.8072204589844,50208600.0
2025-09-12,228.9980136278554,234.28288383192944,228.7982103662064,233.84332275390625,55824200.0
2025-09-15,236.7704766731017,237.95932665324483,234.8023833057073,236.47076416015625,42699500.0
2025-09-16,236.9502954777413,240.98639147239973,236.09114297984144,237.9193572998047,63421100.0
2025-09-17,238.73857528095925,239.86748583209587,237.4997706474641,238.7585601806641,46508000.0
2025-09-18,239.737599946219,240.9664044724694,236.4208079152849,237.64962768554688,44249600.0
2025-09-19,240.9963687007352,246.0614658116388,239.9773675285625,245.26223754882807,163741300.0
2025-09-22,248.05953649140056,256.3914711896616,247.8797028858207,255.8319854736328,105517400.0
2025-09-23,255.63220171436936,257.0907792625319,253.33442606621003,254.18359375,60275200.0
2025-09-24,254.9728287261993,255.4923293909784,250.79686899703333,252.06564331054688,42303700.0
2025-09-25,252.9647721258288,256.9209435623003,251.466224879955,256.6212158203125,55202100.0
2025-09-26,253.8539172209246,257.3505275669758,253.5342198150173,255.2126007080078,46076300.0
2025-09-29,254.3134727315257,254.75304905914027,252.76497075706976,254.18359375,40127700.0
2025-09-30,254.61318058017173,255.67215158054225,252.8648753735947,254.38340759277344,37704300.0
2025-10-01,254.7929996074261,258.53938316103813,254.6831055272507,255.20260620117188,48713900.0
2025-10-02,256.33149581258533,257.9299523535748,253.9038565188199,256.8809814453125,42630200.0
2025-10-03,254.42336451804397,258.9889308017334,253.70406057825727,257.7701110839844,49155600.0
2025-10-06,257.7401350456914,258.819106172963,254.8029951481629,256.44140625,44664100.0
2025-10-07,256.56129542181253,257.15072039039774,255.18262697514496,256.23162841796875,31955800.0
2025-10-08,256.2715719294531,258.2696351050741,255.8619653198879,257.8100891113281,36496900.0
2025-10-09,257.5603136690899,257.75013209688524,252.8948383011137,253.79396057128903,38322000.0
2025-10-10,254.69310389004832,256.1317117503244,243.76369637579657,245.032470703125,61999100.0
2025-10-13,249.1384861966953,249.44818352992385,245.32217845998096,247.42015075683597,38142900.0
2025-10-14,246.36117950382103,248.60900042906025,244.46301046499008,247.5300445556641,35478000.0
2025-10-15,249.24838988167792,251.5761352503302,247.2303418581919,249.09852600097656,33893600.0
2025-10-16,248.0095859666744,248.79881419551728,244.8926123625184,247.2103576660156,39777000.0
2025-10-17,247.77980070207627,253.13461023404025,247.03052706557392,252.045654296875,49147000.0
2025-10-20,255.64218177653177,264.1239650925819,255.3824390623343,261.98602294921875,90483000.0
2025-10-21,261.6263807259345,265.0330818858,261.5764108568555,262.5155029296875,46695900.0
2025-10-22,262.3956210979312,262.5954395959732,255.18261234613632,258.19970703125,45015300.0
2025-10-23,259.6882499566228,260.36758405794774,257.76012648314656,259.3285827636719,32754900.0
2025-10-24,260.93706434715574,263.87421967110856,258.9290010880386,262.56549072265625,38253700.0
2025-10-27,264.6234656652487,268.8593494221352,264.3936774471076,268.5496520996094,44888200.0
2025-10-28,268.7294713644567,269.6286240979669,267.8902885694659,268.7394714355469,41534800.0
2025-10-29,269.01920560410514,271.1471476128123,266.85129379808274,269.4388122558594,51086700.0
2025-10-30,271.7265709290392,273.87451306817263,268.2199910571769,271.1371459960937,69886500.0
2025-10-31,276.721738255342,277.05143573891627,268.89933466249033,270.108154296875,86167100.0
2025-11-03,270.15812755648943,270.5877038096653,265.9921525413924,268.7894287109375,50194600.0
2025-11-04,268.0701070960229,271.2270502723956,267.36080327265466,269.7784729003906,49274800.0
2025-11-05,268.3498399683747,271.43687417180433,266.67147434431234,269.8783874511719,43683100.0
2025-11-06,267.6305743388968,273.1352174017799,267.6305743388968,269.5087280273437,51204000.0
2025-11-07,269.5386899523433,272.02629915101613,266.51162568814635,268.2099914550781,48227400.0
2025-11-10,268.9599914550781,273.7300109863281,267.4599914550781,269.42999267578125,41312400.0
2025-11-11,269.8099975585937,275.9100036621094,269.79998779296875,275.25,46208300.0
2025-11-12,275.0,275.7300109863281,271.70001220703125,273.4700012207031,48398000.0
2025-11-13,274.1099853515625,276.70001220703125,272.0899963378906,272.95001220703125,49602800.0
2025-11-14,271.04998779296875,275.9599914550781,269.6000061035156,272.4100036621094,47431300.0
2025-11-17,268.82000732421875,270.489990234375,265.7300109863281,267.4599914550781,45018300.0
2025-11-18,269.989990234375,270.7099914550781,265.32000732421875,267.44000244140625,45677300.0
2025-11-19,265.5299987792969,272.2099914550781,265.5,268.5599975585937,40424500.0
2025-11-20,270.8299865722656,275.42999267578125,265.9200134277344,266.25,45823600.0
2025-11-21,265.95001220703125,273.3299865722656,265.6700134277344,271.489990234375,59030800.0
2025-11-24,270.8999938964844,277.0,270.8999938964844,275.9200134277344,65585800.0
2025-11-25,275.2699890136719,280.3800048828125,275.25,276.9700012207031,46914200.0
2025-11-26,276.9599914550781,279.5299987792969,276.6300048828125,277.54998779296875,33431400.0
2025-11-28,277.260009765625,279.0,275.989990234375,278.8500061035156,20135600.0
2025-12-01,278.010009765625,283.4200134277344,276.1400146484375,283.1000061035156,46587700.0
2025-12-02,283.0,287.3999938964844,282.6300048828125,286.19000244140625,53669500.0
2025-12-03,286.20001220703125,288.6199951171875,283.29998779296875,284.1499938964844,43538700.0
2025-12-04,284.1000061035156,284.7300109863281,278.5899963378906,280.70001220703125,43989100.0
2025-12-05,280.5400085449219,281.1400146484375,278.04998779296875,278.7799987792969,47265800.0
2025-12-08,278.1300048828125,279.6700134277344,276.1499938964844,277.8900146484375,38211800.0
2025-12-09,278.1600036621094,280.0299987792969,276.9200134277344,277.17999267578125,32193300.0
2025-12-10,277.75,279.75,276.44000244140625,278.7799987792969,33038300.0
2025-12-11,279.1000061035156,279.5899963378906,273.8099975585937,278.0299987792969,33248000.0
2025-12-12,277.8999938964844,279.2200012207031,276.82000732421875,278.2799987792969,39532900.0
2025-12-15,280.1499938964844,280.1499938964844,272.8399963378906,274.1099853515625,50409100.0
2025-12-16,272.82000732421875,275.5,271.7900085449219,274.6099853515625,37648600.0
2025-12-17,275.010009765625,276.1600036621094,271.6400146484375,271.8399963378906,50138700.0
2025-12-18,273.6099853515625,273.6300048828125,266.95001220703125,272.19000244140625,51630700.0
2025-12-19,272.1499938964844,274.6000061035156,269.8999938964844,273.6700134277344,144632000.0
2025-12-22,272.8599853515625,273.8800048828125,270.510009765625,270.9700012207031,36571800.0
2025-12-23,270.8399963378906,272.5,269.5599975585937,272.3599853515625,29642000.0
2025-12-24,272.3399963378906,275.42999267578125,272.20001220703125,273.8099975585937,17910600.0
2025-12-26,274.1600036621094,275.3699951171875,272.8599853515625,273.3999938964844,21521800.0
2025-12-29,272.69000244140625,274.3599853515625,272.3500061035156,273.760009765625,23715200.0
2025-12-30,272.8099975585937,274.0799865722656,272.2799987792969,273.0799865722656,22139600.0
2025-12-31,272.80472532736104,273.42414083736213,271.4959524300237,271.6058349609375,27293600.0
