Date,open,high,low,close,volume
2005-01-03,43.416820417781466,43.67119598774212,43.11665910833022,43.24384689331055,2176500.0
2005-01-04,43.386279487210444,43.50329391110535,42.46035293284175,42.69437789916992,3127400.0
2005-01-05,42.66386163590907,42.92332574771197,42.56211298261422,42.6078987121582,2130700.0
2005-01-06,42.66385954919718,42.97928656932323,42.526494604359165,42.562110900878906,1773600.0
2005-01-07,42.7605428814269,43.18280345683187,42.404414687822936,42.48072814941406,2396900.0
2005-01-10,42.45525364435894,42.83173203931904,42.378944127843326,42.54174423217773,2170200.0
2005-01-11,42.53157879774016,42.58245311663206,42.328077640710816,42.37895584106445,1897000.0
2005-01-12,40.38465443523103,40.38465443523103,38.919452899856935,39.265403747558594,22627900.0
2005-01-13,39.138221982966726,39.41803663844071,38.56333464163079,38.71595764160156,9028300.0
2005-01-14,38.74138187305269,38.99575732345821,38.58366645440756,38.63962936401367,5439000.0
2005-01-18,38.63456035933608,38.67017278161521,38.10545874157266,38.3089599609375,6923300.0
2005-01-19,38.34456330581982,38.76173896010047,38.23263746759248,38.4463119506836,4839700.0
2005-01-20,38.44633457392329,38.665097782424525,38.21230944785801,38.26827239990234,4441100.0
2005-01-21,38.283517666286265,38.71595529552655,38.02914213361992,38.15124130249024,5409300.0
2005-01-24,38.45648135794779,38.680333011673945,38.064744845388624,38.35982131958008,5181300.0
2005-01-25,38.55315723855621,38.86858431380504,38.37509513215074,38.71086883544922,4594400.0
2005-01-26,38.71595543037656,38.77191835827509,38.15633003285389,38.41070556640625,4253900.0
2005-01-27,38.35982390753146,38.35982390753146,36.63006983354396,37.65266036987305,15411900.0
2005-01-28,37.62212714119825,37.69844055175781,37.3219659761816,37.69844055175781,7152900.0
2005-01-31,37.74931288992678,38.1207027317728,37.72387767537857,37.99351501464844,4107700.0
2005-02-01,38.08001805024922,38.33439359351269,37.91212926014427,38.273345947265625,3326100.0
2005-02-02,38.33948156442429,38.40053309113606,38.16141946334332,38.258079528808594,2229900.0
2005-02-03,38.27841365715396,38.410689967692846,37.95281341695132,38.06473922729492,2292400.0
2005-02-04,38.09526562891401,38.15631713365392,37.64756623853854,37.69844055175781,3524200.0
2005-02-07,37.67302148337524,37.98844468940896,37.47460885975307,37.71880722045898,2192200.0
2005-02-08,37.64757718324985,37.69336291401941,37.06760130472759,37.68827819824219,5812100.0
2005-02-09,37.68828710702685,37.97827511483556,37.54583740234375,37.54583740234375,2807500.0
2005-02-10,37.82564522892438,38.15633423525588,37.749331784161264,37.90704727172852,2584900.0
2005-02-11,38.04440500751143,38.43614551135225,37.90195532664665,38.258079528808594,3065900.0
2005-02-14,38.319126464207656,38.415790399553565,38.14615298144364,38.15632629394531,1861600.0
2005-02-15,38.23265860803704,39.19419819508473,38.0444192413454,39.18402099609375,5191000.0
2005-02-16,39.311186070925416,40.18623836763529,39.224699336857135,40.12519073486328,6306600.0
2005-02-17,40.1303250878796,40.17630321844555,39.52747602345246,39.68074035644531,4064500.0
2005-02-18,39.696041445897016,39.74713342254977,39.4508171081543,39.4508171081543,1969200.0
2005-02-22,39.348647949264105,39.40995599956284,38.81221712579392,38.94504928588867,3311800.0
2005-02-23,39.00634261396269,39.43038107420325,39.00634261396269,39.159610748291016,2079500.0
2005-02-24,39.10850839791344,39.57341481291951,38.9807862985052,39.542762756347656,2313300.0
2005-02-25,39.338434800949805,39.56833318548294,39.226038649303575,39.43550491333008,2079300.0
2005-02-28,39.3588620427078,39.839098620738014,39.13917976741431,39.58876037597656,2508300.0
2005-03-01,39.65006385397756,39.82887408124928,39.46614364942074,39.55299377441406,2085300.0
2005-03-02,39.49169238899518,39.49679846886533,39.08297992867196,39.29244613647461,2334400.0
2005-03-03,39.49170200251236,39.67051228576771,39.10853543934868,39.466156005859375,2171600.0
2005-03-04,39.66540258012112,39.97704503212943,39.48148231671385,39.8033447265625,1935200.0
2005-03-07,39.87487810950521,40.22228269916717,39.675631760793344,40.0434684753418,1726800.0
2005-03-08,40.04344459555202,40.25802075662605,39.879960409543976,40.13029861450195,1846400.0
2005-03-09,40.00257764972774,40.00768372916826,39.33842093202686,39.39461898803711,2357600.0
2005-03-10,39.59387352474165,39.61941951838229,39.18005493260861,39.3179931640625,2293300.0
2005-03-11,39.29755702827489,39.4406052375728,38.72536419108324,38.858192443847656,2442600.0
2005-03-14,38.955265872036094,39.10853405096918,38.64362343323807,39.103424072265625,2910400.0
2005-03-15,39.23624897781127,39.49169329694344,38.51078414916992,38.51078414916992,5342600.0
2005-03-16,38.51078314890445,38.51078314890445,37.84152029744805,38.01522445678711,3516500.0
2005-03-17,38.01522250456789,38.60785125228728,37.82619231982971,38.0765266418457,2636700.0
2005-03-18,37.9692521094484,37.97436208837368,37.04965079149079,37.550323486328125,7292800.0
2005-03-21,37.58606292821472,37.6933490344618,37.12626254589184,37.54008483886719,2869900.0
2005-03-22,37.611620810119696,37.92326317353362,37.274432457139085,37.29486846923828,2467500.0
2005-03-23,37.29487709294948,37.3817272411254,36.81975042064898,36.91682052612305,3327600.0
2005-03-24,36.93725379134057,37.28465825593632,36.88616180419922,36.88616180419922,1921100.0
2005-03-28,37.01386500012372,37.37148923790836,36.8401648057647,36.99853897094727,2610400.0
2005-03-29,37.00368132546969,37.141619606525616,36.57453264416935,36.71247482299805,2592800.0
2005-03-30,36.72266965654172,37.55031055774659,36.69201758908727,37.47878646850586,2352400.0
2005-03-31,37.5503248995692,37.5758708973852,37.09052422328538,37.16204833984375,2149500.0
2005-04-01,37.29487938182169,37.422601571485465,36.65626843350282,36.73290252685547,2429400.0
2005-04-04,36.71246468434119,37.03943316180992,36.55919650525261,36.962799072265625,2065600.0
2005-04-05,37.02409813002275,37.29486846923828,36.86061393099993,37.29486846923828,1739600.0
2005-04-06,37.53498221919154,37.79042649301452,37.26421191258243,37.31529998779297,2007700.0
2005-04-07,37.33574950024549,37.41748967059037,37.13139322772574,37.254005432128906,2348500.0
2005-04-08,37.28466292413293,37.28466292413293,36.53876191441014,36.63072204589844,3540100.0
2005-04-11,36.73801845723453,36.82486862481002,36.405939930758905,36.78399658203125,2179100.0
2005-04-12,36.6051735010616,37.294872416888175,36.12493691032448,37.11606216430664,2862400.0
2005-04-13,36.91170255210395,37.0598607186615,35.96144941333539,36.28841781616211,2726800.0
2005-04-14,36.36506885756295,36.416156963512286,35.40970529544249,35.72134780883789,4016400.0
2005-04-15,35.685569075182165,36.17602167918263,35.08272035193291,35.123592376708984,4670200.0
2005-04-18,35.14914014211931,35.73155288239984,34.53607143282279,35.18490219116211,3454900.0
2005-04-19,34.74042419748101,35.06739258398859,34.71998818610296,34.827274322509766,4291300.0
2005-04-20,34.86814817778735,34.898800247580056,34.28062548754519,34.36236953735352,4665000.0
2005-04-21,36.08916990499329,36.14536796205631,35.58339128919683,36.04829788208008,8920800.0
2005-04-22,35.83885386359955,36.04321018461692,34.05074287579973,34.689353942871094,7900500.0
2005-04-25,34.99586796415025,35.5067565475685,34.7864017740189,35.251312255859375,3958400.0
2005-04-26,35.246228170766614,35.30242626804777,34.85795536853573,34.99078369140625,6063500.0
2005-04-27,34.9754525235878,35.78776787581969,34.8426203223992,35.716243743896484,3453900.0
2005-04-28,35.67024508807397,36.09428359948441,35.516976935250355,35.64469909667969,3501400.0
2005-04-29,35.82350285782137,36.49787551879739,35.598710671572725,36.43145751953125,5046200.0
2005-05-02,36.42638003048089,36.83508881071048,36.40083402644087,36.77378463745117,3367300.0
2005-05-03,36.732897189415766,36.84529332363178,36.35994673476914,36.60517501831055,3087300.0
2005-05-04,36.61028186150335,36.732894043888805,36.29352950108899,36.58473587036133,2417500.0
2005-05-05,36.52854093609315,36.75843928497401,36.46723289076496,36.60517501831055,2251500.0
2005-05-06,36.68179411274595,36.88614638480112,36.38547786138831,36.53874206542969,2303900.0
2005-05-09,36.40080803884333,36.88104450797558,36.33439393263639,36.81973648071289,2271700.0
2005-05-10,36.712450077161535,36.75332209502586,36.40591773871941,36.59494400024414,2419600.0
2005-05-11,37.48899631645581,37.79553253131646,37.30507614664736,37.7291145324707,5247100.0
2005-05-12,37.73426434545502,37.79584758273071,37.03633665073247,37.22621536254883,3693400.0
2005-05-13,37.328833502368255,37.65214045956986,36.84644539594582,37.02605819702149,2513900.0
2005-05-16,37.02609145910593,37.652174284090655,36.96450819401484,37.55466842651367,2544700.0
2005-05-17,37.55978945151662,37.9498049277959,37.24674813814266,37.93441009521485,3136800.0
2005-05-18,37.9754524999916,38.6836419614415,37.9754524999916,38.43731689453125,2698200.0
2005-05-19,38.66824925866677,38.67851508759075,38.23204549579491,38.57074737548828,2125100.0
2005-05-20,38.57074149110654,38.68363818518083,38.34494027242602,38.483497619628906,1940800.0
2005-05-23,38.53995643215979,38.94023765162744,38.483506115028014,38.64772415161133,1948300.0
2005-05-24,38.45783960806821,38.70929755628324,38.26796096089681,38.69903564453125,1699200.0
2005-05-25,38.601534910893534,38.601534910893534,38.18072599926104,38.43731689453125,1565600.0
2005-05-26,38.66825188754021,38.79654735094629,38.36547647322993,38.46297836303711,1952100.0
2005-05-27,38.51429746668365,38.52455938044884,38.201256240746105,38.329551696777344,1200900.0
2005-05-31,38.252580437849744,38.252580437849744,37.71887077608396,37.79584884643555,2600800.0
2005-06-01,37.8009817618636,38.1807352829262,37.62136495928746,37.79584884643555,2416000.0
2005-06-02,37.8471493037504,37.8779389519939,37.53924107551876,37.79069900512695,2131700.0
2005-06-03,37.5905680876318,37.71886354185581,37.221076553024034,37.36989974975586,2294000.0
2005-06-06,37.45200986185495,37.48793243160411,37.1030460777489,37.39042663574219,1758000.0
2005-06-07,37.49819101907785,37.90873799288309,37.47253036499024,37.47253036499024,2200800.0
2005-06-08,37.53926049403062,37.53926049403062,37.00041787944067,37.13384628295898,2144400.0
2005-06-09,36.43591270815015,36.69250364271458,36.17932177358571,36.53854751586914,6074900.0
2005-06-10,36.41024184233216,36.55393601423317,36.03048846190125,36.415374755859375,2554100.0
2005-06-13,36.33327101127759,36.338400010004165,35.943251768416474,36.00996398925781,2872100.0
2005-06-14,36.0099800729036,36.1690691556064,35.82010523829245,35.943267822265625,2791000.0
2005-06-15,36.03049083314962,36.14852436044848,35.73284447323609,35.84574508666992,2593400.0
2005-06-16,36.08183284376562,36.22552320789383,35.87143021494038,36.1742057800293,2460100.0
2005-06-17,36.51289153019338,36.53341927521706,36.17418961020304,36.42565155029297,3466300.0
2005-06-20,36.34867950958975,36.37433625867136,36.17932852152687,36.28196334838867,2306200.0
2005-06-21,36.281943388934856,36.41537172266763,36.092068672167805,36.21009826660156,1848400.0
2005-06-22,36.46156896555214,36.538543104414494,35.9483871583819,36.0407600402832,2903000.0
2005-06-23,35.15295872354955,35.79956898758596,34.742411654102014,35.363365173339844,8818600.0
2005-06-24,35.435203559892,35.56349900519898,35.19913649509285,35.20426940917969,3297100.0
2005-06-27,35.20428124799388,35.29665415628954,35.09651350752686,35.101646423339844,2110800.0
2005-06-28,35.28124090649271,35.84573997794349,35.158078398148035,35.830345153808594,2945100.0
2005-06-29,36.17418535544646,36.1947130980557,35.58915839451596,35.60455322265625,3182300.0
2005-06-30,35.87139914862417,35.97403391546672,35.409534867301936,35.49164581298828,3061100.0
2005-07-01,35.64046980117573,35.91758840690876,35.41980149931051,35.51730728149414,1607400.0
2005-07-05,35.43520445077495,35.65587277886145,35.158085812112844,35.36848831176758,2077600.0
2005-07-06,35.28124906688932,35.3633600349547,34.742406605942975,34.74753952026367,3266000.0
2005-07-07,34.511491415098384,35.404427048373805,33.92133129929586,35.2556037902832,4042600.0
2005-07-08,35.306927049769534,36.05103946551262,35.02467535261547,35.8970832824707,3207200.0
2005-07-11,35.93812685080109,36.07668815257321,35.77904171902362,35.814964294433594,2487200.0
2005-07-12,35.763646888886065,35.974049426211074,35.57376818156641,35.814964294433594,2009800.0
2005-07-13,35.62508771606072,35.93812899845514,35.57377030744647,35.90220642089844,1770900.0
2005-07-14,36.35892866399213,36.44616862772974,35.938119757136626,36.26655578613281,2616600.0
2005-07-15,36.26655525503998,36.44103909522634,35.95351405772686,35.99970245361328,2305700.0
2005-07-18,35.95351785952725,36.27682491912064,35.90733337402344,35.90733337402344,1789600.0
2005-07-19,35.98430762673989,36.29734882405302,35.95351405772686,35.99970245361328,2365000.0
2005-07-20,35.88167169770416,37.518722946487685,35.80982655656004,37.36989974975586,4937200.0
2005-07-21,37.82148538967465,37.97544144813805,36.85157240104477,37.1235580444336,6498900.0
2005-07-22,37.51359175997709,37.693204621110624,37.19028860993674,37.42121887207031,2382400.0
2005-07-25,37.59056683307912,37.67780679937591,37.23647013835326,37.30831527709961,2155400.0
2005-07-26,37.539268494170834,37.81125435968814,37.333994886996216,37.677825927734375,2746100.0
2005-07-27,37.7547665840223,37.96003998765769,37.559759003964174,37.56488800048828,2280900.0
2005-07-28,37.78044848806305,37.96519426377127,37.6008317117652,37.83689880371094,1460600.0
2005-07-29,37.84715770293855,37.84715770293855,37.43661069734247,37.446876525878906,1799700.0
2005-08-01,37.45200820754592,37.744521666944486,37.41608563938351,37.477664947509766,1705700.0
2005-08-02,37.47768523743793,37.71888143222298,37.34938972236234,37.677825927734375,2570700.0
2005-08-03,37.47254303397997,38.05244112418099,37.46741403364128,38.04217529296875,2064000.0
2005-08-04,37.82150005967965,38.0883568091545,37.68807560020894,37.83689880371094,1453600.0
2005-08-05,37.693197388321686,37.85228639074166,37.64701291086381,37.68806838989258,1551100.0
2005-08-08,37.770185612290206,37.93440365739841,37.43661660699532,37.487937927246094,1685500.0
2005-08-09,37.7855838487748,37.877956752180125,37.47254256030493,37.54439163208008,1463100.0
2005-08-10,37.621348860208826,38.02676286965799,37.35962901438384,37.4930534362793,1840500.0
2005-08-11,37.35964459130662,37.72400327735218,37.257005860208906,37.57518005371094,1500500.0
2005-08-12,37.57516438692169,37.744515286172415,37.33910127672324,37.4930534362793,1411600.0
2005-08-15,37.39556041732351,37.6213577544406,37.20568173552213,37.46227264404297,1728900.0
2005-08-16,37.48793624277334,37.6572832800836,37.02093887329101,37.020938873291016,2059600.0
2005-08-17,37.0517268700647,37.21594490042875,36.69250115216417,37.108177185058594,2469000.0
2005-08-18,37.0669238320066,37.28860377945352,36.86070928711396,37.00505828857422,1629700.0
2005-08-19,37.18549706536815,37.27314090781905,36.85040283203125,36.85040283203125,1430600.0
2005-08-22,37.22159633093383,37.32470561026621,36.89681095077473,37.298927307128906,1920200.0
2005-08-23,37.30408124189061,37.37625576595375,37.0463139607461,37.17519760131836,3814900.0
2005-08-24,37.17519982518845,37.78868724964132,37.08240344109656,37.09271240234375,2382900.0
2005-08-25,37.08754792302093,37.21127508415391,36.87617692008719,37.07208251953125,1556800.0
2005-08-26,37.0720860437035,37.0720860437035,36.633878592689165,36.773075103759766,2358900.0
2005-08-29,36.52047713518435,36.78340093978564,36.34519722092863,36.70606994628906,1797300.0
2005-08-30,36.57718017141989,36.60295847602786,35.994627459520125,36.30394744873047,2988900.0
2005-08-31,36.30396264329158,36.5462646484375,35.95855524299444,36.5462646484375,3143700.0
2005-09-01,36.35549110361456,36.45344391695873,35.85026949768543,35.906978607177734,2655700.0
2005-09-02,36.03586384443763,36.24723095300917,35.56157302856445,35.56157302856445,2315900.0
2005-09-06,35.93276467623356,36.24208862265986,35.8709030335222,36.11320495605469,2026500.0
2005-09-07,36.08741187163493,36.138964530522685,35.834801089833896,35.948219299316406,1997200.0
2005-09-08,36.164762437071225,36.164762437071225,35.417234711593515,35.484256744384766,2111700.0
2005-09-09,35.56673594922198,35.56673594922198,35.211019699837344,35.31412506103516,2862000.0
2005-09-12,35.2213220742764,35.47908936227117,35.02026390429782,35.31927490234375,2525500.0
2005-09-13,35.41722299726586,35.582193900527834,35.26256498789209,35.27803039550781,2825600.0
2005-09-14,35.442995104676854,35.504860657544555,35.11820980185717,35.21100616455078,2226400.0
2005-09-15,35.30380425611632,35.49454950367163,35.18522959061711,35.29349136352539,1745900.0
2005-09-16,35.314114727595346,35.57188198838072,34.93262028293356,35.56157302856445,4465500.0
2005-09-19,35.31413154727315,35.44301523905152,34.59238208667066,34.67486953735352,2711000.0
2005-09-20,34.78310420673132,34.99447125093245,34.4119188349278,34.4686279296875,3184600.0
2005-09-21,35.23678237937587,35.88120050604045,34.674851660868086,35.01510238647461,3985000.0
2005-09-22,34.901676076112985,35.468767042690146,34.66968717757884,35.365657806396484,2511100.0
2005-09-23,35.36566009889111,35.46876934186859,34.891369380841084,35.24708938598633,2078200.0
2005-09-26,35.41721858391395,35.62343317059909,35.04088060143845,35.2006950378418,2049300.0
2005-09-27,35.34505588275101,35.52033971664818,35.009961492249424,35.31412506103516,2074500.0
2005-09-28,35.52034035998174,35.638911134184994,35.15431120791747,35.54096221923828,2282300.0
2005-09-29,35.43785506927655,36.3142664412814,35.20070957328965,36.27817916870117,2697700.0
2005-09-30,36.0822723551703,36.08742880344315,35.546115798104466,35.638912200927734,2310300.0
2005-10-03,35.72654940651997,35.9585384035789,35.30381119121876,35.73685836791992,2633800.0
2005-10-04,35.8554335934824,35.90182982030201,35.13368435495873,35.23678970336914,2605500.0
2005-10-05,35.07181812250498,35.24710193134703,34.48926544189453,34.48926544189453,4191800.0
2005-10-06,34.61814073252028,35.85542425736309,34.61814073252028,35.21100616455078,4047600.0
2005-10-07,35.33988934293482,35.68529649240816,34.99447826024563,35.283180236816406,1926000.0
2005-10-10,35.40176929886258,35.67500207902351,35.28835102787853,35.484256744384766,1822800.0
2005-10-11,35.484247061806315,36.082265145789535,35.473934167321175,35.80903244018555,2737400.0
2005-10-12,35.59765569549072,36.08741185451571,35.17491759966646,35.427528381347656,2479900.0
2005-10-13,35.18524051406869,35.40176412710619,34.95325149055956,35.123374938964844,2403600.0
2005-10-14,35.551258463074426,36.21629843660078,35.417218392471206,36.09257125854492,3023600.0
2005-10-17,36.293643951416016,36.5823421270516,35.8863710632343,36.293643951416016,2221800.0
2005-10-18,36.386434680959816,36.52562729872894,35.77294722019073,35.8193473815918,2230700.0
2005-10-19,35.75231934955051,36.73183575636348,35.58219200839121,36.51531219482422,2931700.0
2005-10-20,37.11848520925436,37.47935779772451,36.61325965217993,37.34532165527344,4549700.0
2005-10-21,37.63401172998117,37.86600063996202,36.93288462145031,36.95350646972656,5054900.0
2005-10-24,37.25768229742415,38.10831513950218,37.08240242849071,38.09284973144531,3291800.0
2005-10-25,37.99489598870038,38.144401485014406,37.58762714227875,37.902099609375,2413700.0
2005-10-26,37.90727156514828,38.14441709084267,37.53093338012695,37.53093338012695,1969100.0
2005-10-27,37.55153222563656,37.577310524701176,37.0978632678993,37.10301971435547,2043200.0
2005-10-28,37.417498243771846,37.56700373390252,37.21128363899794,37.54122543334961,2057000.0
2005-10-31,37.89178260159207,37.91240445186455,37.56184086366404,37.60308456420898,2378100.0
2005-11-01,37.623729797417646,37.84025346002319,37.43298051375949,37.53093338012695,2133000.0
2005-11-02,37.53091040170848,38.19079388366292,37.37109204392379,38.087684631347656,2572300.0
2005-11-03,38.14955595712786,38.6135378297362,38.12377765684324,38.28359603881836,3571900.0
2005-11-04,38.2835906130964,38.2835906130964,37.89178331695399,38.20110321044922,1721000.0
2005-11-07,38.30421888162063,38.6032259332756,38.18564420375211,38.567138671875,2185900.0
2005-11-08,38.30421757207221,38.63931187367154,38.30421757207221,38.50527572631836,1346000.0
2005-11-09,38.51556675309407,38.66507217080694,38.30419973716522,38.51041030883789,2436100.0
2005-11-10,38.63415450573316,39.02080535888672,38.41247452592981,39.02080535888672,2500300.0
2005-11-11,39.041434059858574,39.3713758644501,38.93832478766337,39.31466674804688,2705700.0
2005-11-14,39.56213061261322,39.89722894439672,39.46418169708327,39.78896713256836,2922600.0
2005-11-15,39.7889561318031,39.82504339243523,38.928014390139225,38.95378875732422,3682600.0
2005-11-16,39.08269023572822,39.17548665303564,38.63417749642421,38.89194488525391,2507900.0
2005-11-17,39.08266075899341,39.60335159301758,38.99502085686303,39.60335159301758,3645200.0
2005-11-18,40.18592650178119,40.3199666191118,39.6961701318826,40.28903579711914,4662600.0
2005-11-21,40.33025700991357,40.44367127167103,40.09310772958052,40.30963516235352,3068500.0
2005-11-22,40.67567596129312,41.2272977613393,40.57772314013936,41.12934494018555,5292000.0
2005-11-23,41.25877431360328,41.28465969260533,40.96369916092984,41.010292053222656,2192400.0
2005-11-25,41.23287467220278,41.33640824337307,41.15522251904879,41.17593002319336,1254800.0
2005-11-28,41.30537170788327,41.320901357155385,40.59615411120343,40.777339935302734,1992300.0
2005-11-29,41.10346069952624,41.11381247807293,40.544369868731934,40.63237380981445,2584700.0
2005-11-30,40.74109609709144,40.958522999950816,40.326957702636726,40.32695770263672,2253400.0
2005-12-01,40.50812166006322,40.71519272044039,40.3476434643081,40.41493988037109,1943700.0
2005-12-02,40.223393971744734,40.27516469322839,39.92314511471783,40.09397506713867,2798300.0
2005-12-05,39.84032399003207,39.91279827678301,39.08451789280621,39.36406326293945,3440100.0
2005-12-06,39.60217989470724,40.3994007220893,39.59700203329116,39.94384765625,3174200.0
2005-12-07,39.99045827808117,40.22341082415162,39.70573498883666,39.96457290649414,2245800.0
2005-12-08,39.783392157180494,39.83515895731151,38.56685458110992,38.83604431152344,4403000.0
2005-12-09,39.01725332332491,39.30197283956495,38.98619006824816,39.234676361083984,2191800.0
2005-12-12,39.384782805133256,39.41584209479127,38.836043674002056,39.13111877441406,1977900.0
2005-12-13,39.55043261464419,39.55043261464419,38.67555923319823,39.03275680541992,2714400.0
2005-12-14,39.08451787045181,39.48312644735402,39.08451787045181,39.41065216064453,1984100.0
2005-12-15,39.39513888943453,39.65915472903458,39.100063756782966,39.4831428527832,2150400.0
2005-12-16,39.66432264003728,39.767856223928405,39.281239690623416,39.35371398925781,2998100.0
2005-12-19,39.44689546603697,39.545255134601454,38.81533429027638,38.86192321777344,1774400.0
2005-12-20,39.03277096990191,39.23984215864564,38.75322545753104,38.944766998291016,2220300.0
2005-12-21,39.44171735031813,40.30623492013636,39.3330059148517,39.6643180847168,5418800.0
2005-12-22,39.86105118446256,40.00599982956828,39.72128040512616,39.77822113037109,2769700.0
2005-12-23,39.85069898178648,40.05776621572048,39.73680963339019,39.93352508544922,1575700.0
2005-12-27,40.04222954559838,40.13023349954179,39.61773547119374,39.65397262573242,1635900.0
2005-12-28,39.70054908932445,39.70054908932445,39.327821968488365,39.55042266845703,1469300.0
2005-12-29,39.52453013961067,39.85584219817039,39.26569234701394,39.27087020874024,1485300.0
2005-12-30,38.72216122939125,39.16218498095285,38.72216122939125,38.90334701538086,1872600.0
2006-01-03,39.415831768693295,39.415831768693295,38.15270165946525,39.11040496826172,3555000.0
2006-01-04,39.16219329833984,39.395145937008266,39.00688890619106,39.16219329833984,2958500.0
2006-01-05,39.16218184205543,39.37442690304472,39.069000023936,39.177711486816406,2298600.0
2006-01-06,39.30713861642672,39.34337577824029,38.6030989444307,38.944766998291016,2995700.0
2006-01-09,38.93441143400019,39.51938389137851,38.87746675811197,39.42102813720703,2999100.0
2006-01-10,39.42101592701663,39.42101592701663,39.08970370604394,39.20876693725586,2118700.0
2006-01-11,39.32264897435279,39.32264897435279,38.88780324590718,39.006866455078125,1837800.0
2006-01-12,38.78946595628539,38.84123277053606,38.4529757393239,38.65486907958984,2774200.0
2006-01-13,38.81534256589921,38.944761547054505,38.43743740312205,38.566856384277344,1747000.0
2006-01-17,38.82567861592271,39.079338610338766,38.66520040816695,38.78426361083984,2863100.0
2006-01-18,38.78945473951503,39.29677885139979,38.65485790174093,39.13111877441406,2377200.0
2006-01-19,39.23465512131158,39.8558645927745,39.08452864330479,39.64361953735352,2527000.0
2006-01-20,39.700548941134855,39.85067536144191,38.825675782968666,38.94991683959961,4267100.0
2006-01-23,39.17771076137992,39.19324040585333,38.63414950748916,38.93440246582031,2405500.0
2006-01-24,39.07936008187769,39.60221394705391,38.96029681378736,39.42102813720703,3234300.0
2006-01-25,39.628093492256056,39.82998678629632,39.23983654993958,39.7368049621582,3627600.0
2006-01-26,39.70572892836429,39.70572892836429,38.44260276868883,39.11040496826172,6852000.0
2006-01-27,39.23982791902022,39.26053147578256,38.82050782785254,39.03275680541992,4092600.0
2006-01-30,39.110423602471,39.19324970917421,38.77393341064453,38.77393341064453,2288500.0
2006-01-31,38.77909469604492,39.05863614250683,38.62896824543225,38.77909469604492,2570800.0
2006-02-01,38.78946194738129,38.80499159509603,38.447793899439816,38.70145797729492,2350500.0
2006-02-02,38.69109586775703,38.87745950872142,38.1527124549214,38.15789031982422,2363600.0
2006-02-03,37.79034039882541,37.94564474740917,37.66092142485683,37.8213996887207,2547200.0
2006-02-06,37.8213789734884,38.19928390829711,37.764434340167206,38.04397964477539,1779700.0
2006-02-07,38.11130498337998,38.23036824051253,37.65574761820061,37.68163299560547,2514800.0
2006-02-08,37.686797119372,38.30800645503805,37.686797119372,38.24588394165039,2091200.0
2006-02-09,38.25626144425182,38.25626144425182,38.0077751988146,38.188961029052734,2206000.0
2006-02-10,38.256250062985934,38.96028960779167,38.19412753271941,38.7118034362793,2860700.0
2006-02-13,38.515082688711686,38.970635999008906,38.49437518148638,38.841217041015625,1659300.0
2006-02-14,38.9551066849054,39.48831216441147,38.83603950474281,39.30194854736328,3490900.0
2006-02-15,39.30714237039052,39.524565362036576,38.970652150240326,39.49868392944336,2140500.0
2006-02-16,39.48826767209562,39.63914558444444,39.28016006991373,39.59231948852539,2119300.0
2006-02-17,39.69637168690593,39.70677527987978,39.4414380118434,39.67035675048828,2228700.0
2006-02-21,39.62353410912628,39.63393770196387,38.94718546434646,39.150089263916016,2432200.0
2006-02-22,39.39981157678526,39.602715337330295,39.30616338197054,39.47264862060547,1987000.0
2006-02-23,39.20211425238281,39.488262665266646,39.12927719625272,39.160491943359375,1841900.0
2006-02-24,39.21771529138116,39.44143020459477,39.02521908955352,39.186500549316406,2007400.0
2006-02-27,39.18650027046223,39.54028189885642,39.18650027046223,39.51426696777344,1466700.0
2006-02-28,39.43622201361196,39.49345167478354,38.82750688745244,38.8691291809082,2858600.0
2006-03-01,39.07204120265067,39.2801487448319,38.95758185598493,39.186500549316406,2283600.0
2006-03-02,39.05644439563076,39.10847030291776,38.77029595156879,38.99401092529297,2122500.0
2006-03-03,38.72346541128197,39.54028428309408,38.71826163088735,39.28535461425781,3008700.0
2006-03-06,39.22813416169885,39.71198264980976,39.098067406500455,39.59231948852539,2521300.0
2006-03-07,39.62872926066741,40.04494437302045,39.50907009515792,40.00852584838867,2742100.0
2006-03-08,39.93049917592631,40.06056594848633,39.54550264055906,40.06056594848633,2975600.0
2006-03-09,40.00851664579695,40.18020563785051,39.758786841962646,39.90446090698242,2462100.0
2006-03-10,39.90448179101969,40.32590080745748,39.76401143175553,40.247859954833984,2747300.0
2006-03-13,40.41954542799581,40.42474524020318,39.90447822826068,40.00333023071289,1810100.0
2006-03-14,40.003313050414,40.674457683900734,39.97209831328644,40.6328353881836,3244400.0
2006-03-15,40.54960733773106,40.78372587741312,40.40393322687806,40.70048522949219,2676000.0
2006-03-16,40.580833435058594,40.66927788862571,40.3519146429339,40.580833435058594,3310100.0
2006-03-17,40.73692355173524,40.74732714928489,40.523612093391606,40.65367889404297,3406800.0
2006-03-20,40.632829474446446,40.78891107600919,40.481951651421134,40.69526290893555,1974300.0
2006-03-21,40.82538062175522,40.83578422251531,40.56004315513589,40.60166549682617,2429200.0
2006-03-22,40.60163721514866,41.0542709347605,40.502785214822325,41.02305221557617,2283200.0
2006-03-23,41.02823257446289,41.08025845097288,40.76809922259301,41.02823257446289,2461900.0
2006-03-24,40.622438469667,41.04905714752279,40.622438469667,41.0074348449707,1854900.0
2006-03-27,41.0074428596396,41.137509603544736,40.87217233456808,41.04386138916016,1779300.0
2006-03-28,40.61723598021774,41.17912517456245,40.61723598021774,41.033451080322266,1996300.0
2006-03-29,41.16353542207892,41.55893557016698,41.05427980463435,41.41326141357422,3219100.0
2006-03-30,41.33520165572374,41.71499822120207,41.23635364855313,41.371620178222656,3355100.0
2006-03-31,41.44967170182594,41.61095717393965,41.2883901990345,41.29879379272461,3190300.0
2006-04-03,41.51730666092135,41.63696584370042,41.23115823371563,41.40284729003906,2992900.0
2006-04-04,41.51730376765433,42.08439283200543,41.44966652448902,41.95952987670898,3416000.0
2006-04-05,41.95433615429643,42.19886231197941,41.90231024122664,42.09481048583984,2824800.0
2006-04-06,42.05837795642483,42.3861486723582,41.69939646327551,42.32371520996094,2663300.0
2006-04-07,42.32372655607814,42.57345650329282,42.1572412477093,42.52663040161133,3766300.0
2006-04-10,42.5578536489332,42.64109432730309,42.152041945413885,42.43819046020508,2064300.0
2006-04-11,42.505800324379855,42.53181525477176,42.02195199206648,42.28208541870117,2730900.0
2006-04-12,42.453787992911,42.50581390099111,42.27689911157416,42.380950927734375,2121000.0
2006-04-13,42.38614404667435,42.46938468479803,42.25607732453251,42.45377731323242,1609600.0
2006-04-17,42.39135234984416,42.53182267824319,42.09480035049349,42.16243362426758,2488100.0
2006-04-18,42.57863157574936,42.95842807348631,42.261272490190144,42.8699836730957,3651000.0
2006-04-19,43.10413847642965,43.11454604367355,42.75556039091292,42.93244934082031,2328400.0
2006-04-20,42.40175595088103,42.95844142238352,42.40175595088103,42.68790435791016,3574900.0
2006-04-21,42.90121281413707,42.99486102520538,42.43817553977758,42.67749786376953,2716900.0
2006-04-24,42.6775036623169,42.880407485646266,42.54223312365652,42.65669250488281,2210200.0
2006-04-25,42.661907961588966,42.667111744702176,41.97515545561438,42.08961486816406,3041500.0
2006-04-26,42.10518396047036,42.34970994322987,41.88146912191589,42.13119888305664,1786000.0
2006-04-27,42.09479940080964,42.49019941147554,41.891891645421545,42.37574005126953,3009900.0
2006-04-28,42.34454395717557,42.34454395717557,42.03758823716411,42.17805862426758,2682700.0
2006-05-01,42.30810419225552,42.360130088444144,41.93351138878312,42.07918548583984,2336400.0
2006-05-02,42.36013908783405,42.63587996860406,41.98034639258103,42.46939468383789,2220000.0
2006-05-03,42.46938980143606,42.73993083890535,42.31331209765469,42.47979736328125,2148400.0
2006-05-04,42.66187616622561,43.10930591673411,42.65667238699072,42.8699836730957,2551600.0
2006-05-05,43.18215754155366,43.65560237891026,43.046887020977216,43.36425018310547,3585500.0
2006-05-08,43.69202505255316,43.69722486471805,43.202972795138685,43.2393913269043,2061600.0
2006-05-09,43.24458419609028,43.411069437768376,42.92722108393495,43.23417663574219,2107300.0
2006-05-10,43.05208863312281,43.18215536615339,42.90641452722002,43.1041145324707,2226200.0
2006-05-11,43.10412765274962,43.145941755904616,42.529197691011696,42.769622802734375,2348200.0
2006-05-12,42.7696154098324,42.774839181114565,42.20513707764943,42.26263046264648,2332700.0
2006-05-15,42.07446728165291,42.6859834267322,41.969936038730594,42.5030517578125,2408800.0
2006-05-16,42.50305215371071,42.544866246313646,42.21036148071289,42.21036148071289,1805900.0
2006-05-17,41.94900831637069,42.084898067668725,41.48906150394862,41.6719970703125,3031400.0
2006-05-18,41.8131318482213,41.96993268769653,41.5413482457567,41.55179977416992,3292100.0
2006-05-19,41.604068530900165,41.93334952112348,41.45249543799934,41.781776428222656,2810000.0
2006-05-22,41.96993637084961,42.30444113598162,41.56225494995935,41.96993637084961,3239600.0
2006-05-23,42.10059769243372,42.54486140990572,42.02742503250238,42.074462890625,3188300.0
2006-05-24,41.91769124743805,42.21560985252472,41.60409334539108,41.81315994262695,3691100.0
2006-05-25,42.12672819559669,42.42464659100637,42.00651767843027,42.1005973815918,1986300.0
2006-05-26,42.27310480427379,42.37241233878653,42.07449372286212,42.351505279541016,1389000.0
2006-05-30,42.22081156549468,42.22603932379401,41.65633329750248,41.70860290527344,1807600.0
2006-05-31,41.83926531587766,42.1005973815918,41.69291600948461,42.1005973815918,2632100.0
2006-06-01,42.26785364001685,42.41419897228784,41.98038674619083,42.34102630615234,1871700.0
2006-06-02,42.34102380270666,42.46646208186355,42.16331591859099,42.36193084716797,2190200.0
2006-06-05,42.34625317973617,42.39329503290519,41.5465775643665,41.60929870605469,2053400.0
2006-06-06,41.682453300699656,41.90719897643353,41.24341746211803,41.83402633666992,2042900.0
2006-06-07,41.86541915021657,42.27309675888058,41.59363540697824,41.61976623535156,2332300.0
2006-06-08,41.6354343956392,41.73473788757198,40.89847591870544,41.59362030029297,3121200.0
2006-06-09,41.59363331195824,41.97517608541803,41.26957995306931,41.28525924682617,2006700.0
2006-06-12,41.39498989099433,41.57269773608257,41.112754821777344,41.112754821777344,1624400.0
2006-06-13,41.18593716697958,41.60406610001634,41.03958785342509,41.14412307739258,2440600.0
2006-06-14,41.013462731047696,41.26433932817067,40.532612596885656,40.87234115600586,2917000.0
2006-06-15,40.86188152740237,41.65110547413966,40.76780182522434,41.58315658569336,3273700.0
2006-06-16,41.58315485094204,41.78699353255563,41.40545096958072,41.43680953979492,3510700.0
2006-06-19,41.7347454940809,41.78701112898373,41.31661642724588,41.44205474853516,2440400.0
2006-06-20,41.49953164383172,41.912436774342304,41.48907612844066,41.66155624389648,2393200.0
2006-06-21,41.949029324577445,42.26262704343728,41.87062889795965,41.96993637084961,3397700.0
2006-06-22,41.94379685680318,42.17377035236507,41.729502647282175,42.074462890625,1927800.0
2006-06-23,41.83404590889997,42.33057533782915,41.73996618695835,42.0222053527832,1579100.0
2006-06-26,41.875865479125146,42.168556213378906,41.82882361819883,42.168556213378906,1166700.0
2006-06-27,42.10059769243372,42.36715353035039,42.03787656065933,42.074462890625,1890500.0
2006-06-28,42.11106107240224,42.50305928419237,42.07447473213965,42.440338134765625,2652600.0
2006-06-29,42.780067516763005,43.2975040011009,42.59713582912958,43.26091766357422,3161500.0
2006-06-30,43.36022952460576,43.44908149791311,43.03095245361328,43.03095245361328,2656700.0
2006-07-03,43.37067826279424,43.38112979253254,43.1407047324367,43.34454345703125,757600.0
2006-07-05,43.34975965634275,43.34975965634275,42.780053741037854,43.10410690307617,1970100.0
2006-07-06,43.10409558292919,43.16681270338725,42.5500730849663,42.8375358581543,1955500.0
2006-07-07,42.785281327997005,42.7905090852571,42.273068781989735,42.38282775878906,1586300.0
2006-07-10,42.40898169585063,42.65463455899779,42.32012972038401,42.53442001342773,966100.0
2006-07-11,42.45601148971218,42.71734356982522,42.04310632462026,42.67552947998047,1620400.0
2006-07-12,42.78005923585464,42.78528699380701,41.95947669221428,42.173770904541016,1865600.0
2006-07-13,41.99606352222492,41.99606352222492,41.30614700591024,41.46294784545898,3462000.0
2006-07-14,41.46295315401954,41.47863244245965,40.360131340800926,41.06572723388672,3273600.0
2006-07-17,41.07618858555387,41.37933485992114,40.90371238385953,41.07096481323242,1709900.0
2006-07-18,40.9559586721958,41.36363602697399,40.75734775227095,41.274784088134766,2092400.0
2006-07-19,41.57272496432835,42.27309331443054,41.51000380363944,42.04834747314453,3679400.0
2006-07-20,41.9542450168949,42.25216339058747,41.24864928842413,41.274784088134766,2612400.0
2006-07-21,41.52567174042125,41.52567174042125,40.72599610149434,41.149356842041016,3569400.0
2006-07-24,41.185964138533016,41.97518466136825,41.185964138533016,41.81315994262695,2378500.0
2006-07-25,37.55342116110688,37.56910044875029,35.14916669057494,37.52729034423828,46443200.0
2006-07-26,37.161414595160586,37.21368020466056,35.4261700415327,35.45230484008789,19921900.0
2006-07-27,35.32687560255988,35.880902432609254,34.9139743441169,35.7763671875,12591300.0
2006-07-28,35.80249654791976,36.664893247691175,35.61956488132855,36.59172058105469,7975900.0
2006-07-31,36.377427887405325,36.40356269271206,35.93316411047088,36.01679229736328,4932700.0
2006-08-01,35.886134486125705,36.07428997461448,35.55162564935856,35.96453094482422,3991900.0
2006-08-02,35.93839532666203,36.04292658272298,35.48890374789869,35.58820724487305,6407200.0
2006-08-03,35.45753335326862,36.006332295463466,35.27460170174065,35.854759216308594,5710700.0
2006-08-04,36.57605599353217,37.056906278286505,35.279846543745634,35.4052848815918,7276400.0
2006-08-07,35.82862930262766,35.82862930262766,34.75716619335209,34.762393951416016,4752300.0
2006-08-08,34.89306462665658,34.95055801016691,34.3651726451579,34.59514617919922,5283500.0
2006-08-09,34.84079195685972,34.90873685653684,34.23972742472569,34.45401763916016,5758100.0
2006-08-10,34.23449914943961,34.809428871984395,34.23449914943961,34.74671173095703,4155300.0
2006-08-11,34.872152945092225,34.90873927631763,34.55855525064434,34.762393951416016,3543200.0
2006-08-14,35.11780341138158,35.53593231377384,35.04463075377266,35.175296783447266,5040800.0
2006-08-15,35.64046704559587,36.116089313588375,35.546387346004614,36.06382369995117,4489300.0
2006-08-16,36.440138330983,37.72589141994961,36.35128639919988,37.69975662231445,10158300.0
2006-08-17,37.568408780927136,37.89942968088892,37.42128838094412,37.64722442626953,4311500.0
2006-08-18,37.64723651482527,37.699778959014864,37.14807327319521,37.34774017333984,3609400.0
2006-08-21,37.24264484997655,37.247900296108135,36.75399258674073,36.76450347900391,3191200.0
2006-08-22,36.89585801151649,37.38976567323237,36.643648735034,37.274169921875,3276000.0
2006-08-23,37.40552472452056,37.62094987148966,36.8222945819326,37.05348205566406,3185400.0
2006-08-24,37.35824061191524,37.4370562689645,36.65941459946584,36.78026580810547,2733700.0
2006-08-25,36.78026522011241,37.15332171486872,36.74348511524153,37.07976150512695,2055400.0
2006-08-28,37.26366465212653,37.57892328874091,36.92738823857371,37.05874633789063,3185200.0
2006-08-29,37.2952000077145,37.2952000077145,36.78552984960064,36.95891952514648,4225600.0
2006-08-30,37.09552001690721,37.158573336795726,36.87483941039294,37.063995361328125,2156800.0
2006-08-31,37.25314273984509,37.36873846200882,36.51228143437541,36.80652618408203,4597300.0
2006-09-01,37.25316217030594,37.40553806456786,37.04824383185442,37.34774017333984,2704700.0
2006-09-05,37.55264073946013,37.64196325318243,37.04297085369342,37.33721160888672,2328800.0
2006-09-06,37.321467817298185,37.321467817298185,36.80129079284584,36.93790435791016,3697100.0
2006-09-07,36.83279572366244,37.09551181870815,36.606859721573954,36.63313293457031,2387700.0
2006-09-08,36.66992346759379,36.88009720521351,36.45449428413266,36.549072265625,2202500.0
2006-09-11,36.36516417247682,37.31094379036468,36.2548238851782,37.279415130615234,3029100.0
2006-09-12,37.43705118423853,38.12536621093749,37.20060825393545,38.1253662109375,4427800.0
2006-09-13,38.08333550935783,38.65605480181478,37.77858380812899,38.35130310058594,3367700.0
2006-09-14,38.24621427731097,38.32502991721384,37.689257370462585,37.69976425170898,2676800.0
2006-09-15,37.6997722992486,38.177917676990845,37.6997722992486,38.09910202026367,4449200.0
2006-09-18,38.11485532767228,38.35129823315443,38.03078424473559,38.15689086914063,2479000.0
2006-09-19,38.31977797694321,38.31977797694321,37.78383879230072,37.93621063232422,2748300.0
2006-09-20,38.24620835309897,38.46163345948622,38.05179700594955,38.15163040161133,2666900.0
2006-09-21,38.24621232722669,38.30926563768005,37.24263484834205,37.310943603515625,3703200.0
2006-09-22,37.31621050595527,37.557912958506655,37.13756539872237,37.24790573120117,2340500.0
2006-09-25,37.82585922754543,37.85213243844783,37.14805127530072,37.73128128051758,3374200.0
2006-09-26,37.86264987780082,38.27248642631882,37.736547249502266,38.20418167114258,2796900.0
2006-09-27,38.03079464938454,38.34080184161449,37.84163866975666,38.04130554199219,2587600.0
2006-09-28,38.04129912632973,38.25672428368334,37.88366783364735,38.10960388183594,2256900.0
2006-09-29,38.17791056871624,38.18316200511769,37.50010246103171,37.799598693847656,3164500.0
2006-10-02,38.0623233184765,38.22520607531624,37.78909623291136,38.04130554199219,2554400.0
2006-10-03,38.088581261749205,38.95554524371201,37.86790068706188,38.67706680297852,3340600.0
2006-10-04,38.619269465736494,39.23927966648799,38.146379650124366,39.13944625854492,3515000.0
2006-10-05,39.0343579945952,39.78572618892437,38.987067012812375,39.63335037231445,4414600.0
2006-10-06,39.38114740936575,39.3864028545604,38.8662260247336,39.02385330200195,2669500.0
2006-10-09,38.81368377247536,39.002839713027015,38.62977926841169,38.88198852539063,2012400.0
2006-10-10,38.881981069228495,39.00283223368999,38.72960525696372,38.81892776489258,2135700.0
2006-10-11,38.56675811858034,38.94507027589207,38.524722543605016,38.72964096069336,2625200.0
2006-10-12,38.95556181119249,38.9870864756322,38.67708325202435,38.76115036010742,2120200.0
2006-10-13,38.7453870489796,38.855727380462326,38.51945093916312,38.566741943359375,2180200.0
2006-10-16,38.39859537075397,39.19725074294376,38.36706670523704,38.945045471191406,2855900.0
2006-10-17,38.68757750556586,39.13419815253918,38.41435448259024,38.72435760498047,3075500.0
2006-10-18,38.88198999380882,39.002841186009285,37.87841238194024,38.04655456542969,4499300.0
2006-10-19,38.87149046199625,39.97489769304437,38.69809680903312,39.53878784179688,10637100.0
2006-10-20,39.49675267432368,40.0642206302642,39.09217148884991,39.98540496826172,5014600.0
2006-10-23,39.93286755070663,40.43202679159783,39.72269376185133,39.95914077758789,3199600.0
2006-10-24,39.82776504731607,40.10098804588641,39.80149183205381,39.96437454223633,2595500.0
2006-10-25,39.9013382797421,40.14829215248706,39.475735304035005,39.76472473144531,2574500.0
2006-10-26,39.72795005759817,39.8435458443744,39.549300930199,39.64387893676758,1577000.0
2006-10-27,39.60709039318087,39.61234583929708,39.27606944501481,39.3391227722168,2379300.0
2006-10-30,39.344366898790746,39.9328524838001,39.344366898790746,39.88031005859375,2796100.0
2006-10-31,39.93284026619348,40.16403167684362,39.41266360095951,39.59130859375,3017100.0
2006-11-01,39.8750615941028,39.97489502558306,38.855721529984464,38.98707962036133,3311100.0
2006-11-02,38.950293278305885,39.14470466407569,38.77164822819051,38.88198852539063,1929600.0
2006-11-03,39.076402064021416,39.14470682069984,38.46164321899414,38.46164321899414,2163200.0
2006-11-06,38.74539333208961,39.36015243394437,38.740141893118405,39.197265625,3422100.0
2006-11-07,39.19726353697728,39.64913580581661,39.0501430789797,39.57032012939453,3622200.0
2006-11-08,39.50725331245387,39.50725331245387,39.09741678689849,39.37063980102539,1992000.0
2006-11-09,39.29182469869532,39.349622569372464,38.96080381014174,39.08690643310547,3089100.0
2006-11-10,39.27083227786584,39.79626488959063,39.19727203292298,39.70168685913086,2191000.0
2006-11-13,39.701671985643145,40.13252640549663,39.63862266144534,40.06947708129883,3737600.0
2006-11-14,40.13778418365823,40.86287951517145,40.12202185169316,40.77881240844727,5348400.0
2006-11-15,40.72099513113236,41.01523587767355,40.621161731243234,40.93642425537109,3493800.0
2006-11-16,40.94170289196206,41.45137310135762,40.93119600491765,41.28849029541016,3287200.0
2006-11-17,41.5091526705244,41.7666133810996,41.33575904537501,41.57745742797852,5244800.0
2006-11-20,41.57745343247149,41.887460551468486,41.34626596321936,41.65626907348633,2749900.0
2006-11-21,41.65626890113214,41.86644260672541,41.39880821636363,41.782371520996094,3900700.0
2006-11-22,41.81404912341547,41.89324320691761,41.581751580581866,41.719017028808594,2108100.0
2006-11-24,41.77182378387769,41.85629453530184,41.581759558199394,41.62399291992188,1024800.0
2006-11-27,41.58176007619223,41.97244586585151,41.28610237257672,41.32305908203125,3739600.0
2006-11-28,41.25970686931931,41.34417762147768,40.88485909541202,41.2491455078125,2901100.0
2006-11-29,41.3072103761044,41.55534994449261,41.159383576548414,41.48671722412109,2849000.0
2006-11-30,41.24387244554612,41.53952614580752,40.86374395779313,41.13827896118164,4187900.0
2006-12-01,41.13828004606903,41.23331217051344,40.473059202937854,40.81622695922852,2973700.0
2006-12-04,40.88485462818956,41.39697184987509,40.87957394801314,41.19634628295898,2980000.0
2006-12-05,41.312506415560485,41.44449525394886,40.99573400902433,41.28083038330078,2757800.0
2006-12-06,41.28082373454571,41.33889913632125,41.016846100285626,41.20162963867188,1888800.0
2006-12-07,41.43923031411101,41.58705722478428,41.11190044847196,41.185813903808594,2830400.0
2006-12-08,41.08018683359091,41.381121092595805,40.84260863942101,41.23857498168945,2136800.0
2006-12-11,41.206909070762,41.38641192319059,40.847899337925895,41.059078216552734,1523900.0
2006-12-12,40.94293370154551,41.05380382733017,40.388579044643066,40.59976196289063,3439500.0
2006-12-13,40.81094502055069,40.83734036793484,40.23547166705973,40.39385986328125,2430200.0
2006-12-14,40.256585441676826,40.6103144716298,40.0454025485182,40.56807708740234,2146100.0
2006-12-15,40.56808777838022,40.7898320900217,40.335790159868736,40.47833633422852,3352200.0
2006-12-18,40.610310479705085,40.72118058141982,40.372732265741824,40.49415969848633,1785600.0
2006-12-19,40.31465627129264,40.36745098160723,39.887013881372766,39.99260330200195,2881600.0
2006-12-20,39.543860321263615,39.7075252065404,39.30627797414113,39.475223541259766,3888700.0
2006-12-21,39.58608309438685,39.78142394258311,38.98421045416849,39.35906219482422,2968700.0
2006-12-22,39.27988055303998,39.27988055303998,38.878633341764,39.00006484985352,2950800.0
2006-12-26,38.86805744501621,39.24290509744276,38.86805744501621,39.18482971191406,1374600.0
2006-12-27,39.4646549547543,39.83950269906072,39.4171409156634,39.65999984741211,2750800.0
2006-12-28,39.64944825155395,39.74976106275596,39.332675828996926,39.57553482055664,1925600.0
2006-12-29,39.475208322462656,39.81310335441198,39.332662191528726,39.586082458496094,2752600.0
2007-01-03,39.834207646397815,40.11402721156251,39.27985725045441,39.58079147338867,3955300.0
2007-01-04,39.72862835946368,39.86061715800011,39.3432192954268,39.6441535949707,2306000.0
2007-01-05,39.61776037998867,39.61776037998867,38.86806493074918,39.14788055419922,3602400.0
2007-01-08,39.153163226200974,39.38018011656739,38.93141896020449,39.269309997558594,2354800.0
2007-01-09,39.58608427193419,39.59664160405132,39.02117234616888,39.11092376708984,3322200.0
2007-01-10,38.93670432370021,38.98949904939071,38.67272666726834,38.873348236083984,2895100.0
2007-01-11,38.87334214314761,39.005330950675855,38.83110878600242,38.88390350341797,3060900.0
2007-01-12,38.883902143097,39.31682525552505,38.725513968412685,39.30098724365234,3027600.0
2007-01-16,39.491072743378,39.78144584962031,39.39075991010442,39.53330612182617,3693000.0
2007-01-17,39.570257416924775,39.71280763707124,39.42771122475853,39.596656799316406,2737600.0
2007-01-18,39.660010616360765,39.80783748208845,39.39603291956705,39.496341705322266,2895700.0
2007-01-19,39.75503913221413,39.75503913221413,39.464662080961695,39.607208251953125,4242100.0
2007-01-22,39.62303852367766,39.68639056841634,38.92085715598206,39.21651077270508,3972600.0
2007-01-23,39.22179776168871,39.22179776168871,38.76247522355394,38.86806869506836,2702800.0
2007-01-24,39.0158786676433,39.501596342783735,38.8680518993812,39.306251525878906,3481600.0
2007-01-25,39.30096986447074,39.3062465141092,38.76773420867815,38.86276626586914,2706500.0
2007-01-26,38.96309312740748,38.96309312740748,38.12364231320046,38.27146911621094,4726200.0
2007-01-29,38.27675418319227,38.973654925822274,38.26091617076548,38.88390350341797,3937400.0
2007-01-30,37.5745799103274,38.38235092163086,37.1574947158154,38.38235092163086,12995800.0
2007-01-31,38.17116011387088,38.33482492638161,37.74879436986984,38.16059875488281,6078800.0
2007-02-01,38.46154260880896,38.93142250124213,38.403467203858405,38.87862777709961,4495700.0
2007-02-02,38.84165594265382,39.3220970096217,38.80469924734689,39.15842819213867,5510000.0
2007-02-05,39.16371974566507,39.2429138370209,38.88390411378944,38.89974212646485,2751500.0
2007-02-06,38.91030678125564,39.068694993773576,38.88919211236751,39.03173828125,2259700.0
2007-02-07,39.15317092514257,39.15317092514257,38.78359976112986,39.026458740234375,2461100.0
2007-02-08,39.02644599947469,39.03172667911683,38.65159830445013,38.7149543762207,2348500.0
2007-02-09,39.13204147514682,39.195393522213664,38.688557005786,38.83638381958008,3573800.0
2007-02-12,39.0422982184248,39.11621164839934,38.89975204003956,39.00006484985352,2636700.0
2007-02-13,39.01590397043583,39.30627701698564,38.84167772571798,39.274600982666016,3617300.0
2007-02-14,39.33795392586046,39.76559646681439,39.33795392586046,39.607208251953125,4576900.0
2007-02-15,39.81956810540365,39.9204456408139,39.49570196076056,39.543487548828125,3738800.0
2007-02-16,39.39482943409315,39.60720130112124,39.19838879888374,39.30988311767578,3249700.0
2007-02-20,39.28863423620006,39.41605569953939,39.12935436903443,39.23554229736328,2550200.0
2007-02-21,39.16652955343205,39.34173664380549,38.99663287355196,39.18246078491211,2891300.0
2007-02-22,39.166533423883976,39.38421571840298,38.89576322181071,38.9700927734375,2760600.0
2007-02-23,38.97008701792458,38.97008701792458,38.62498326453632,38.93822860717773,3844700.0
2007-02-26,39.012570209173774,39.15060849834839,38.593136829011655,38.6462287902832,3836400.0
2007-02-27,38.545340256812935,38.545340256812935,37.16492940338964,37.28704452514648,6281200.0
2007-02-28,37.3773062372078,37.65869723507366,37.12776960116632,37.265811920166016,7900600.0
2007-03-01,36.84637302338121,37.324208631666906,36.4534877679711,37.228641510009766,4972800.0
2007-03-02,37.13838024635741,37.21802018843984,36.81451411903635,36.88353729248047,3676800.0
2007-03-05,36.77734296992503,37.22332413779096,36.501262476030895,37.00564193725586,7667000.0
2007-03-06,37.16493853050295,37.29236004270933,36.85699949623543,37.11715698242188,4800800.0
2007-03-07,37.11715833055454,37.35076376964155,37.048135135499095,37.16493988037109,4024800.0
2007-03-08,37.21273273653853,37.43041510914882,37.03221920373234,37.09593200683594,3170600.0
2007-03-09,37.66932069169332,37.690558286898,37.36138568786805,37.49942398071289,3071500.0
2007-03-12,37.63215992506096,37.90293422946913,37.49412161749858,37.7755126953125,3238800.0
2007-03-13,37.430402377149406,37.68524945221901,37.037517018296576,37.11715698242188,4159900.0
2007-03-14,37.22864216917441,37.33482606149318,36.50126994975768,37.28704452514648,5049200.0
2007-03-15,37.32421364707192,37.50472709520518,36.80921320286442,36.851688385009766,4343700.0
2007-03-16,37.00564283718569,37.069355591474526,36.53311771551172,36.77203750610352,6065400.0
2007-03-19,36.97911935705911,37.08530328897687,36.67118028357733,36.88886260986328,3494000.0
2007-03-20,36.78267173602799,37.36669141698415,36.77205496393368,37.29767227172852,2839400.0
2007-03-21,37.00567632766052,37.86578106101442,36.81454194247076,37.84454345703125,5350600.0
2007-03-22,37.54188987117743,37.89761038875778,37.4675603317026,37.7436408996582,3341600.0
2007-03-23,37.76488272858143,38.03034655669065,37.58436926978231,37.94540023803711,3123600.0
2007-03-26,37.82859256924122,37.88168452061066,37.43039685798605,37.86044692993164,2782100.0
2007-03-27,37.71178799184516,37.78081117448329,37.50472654524328,37.64276885986328,2160000.0
2007-03-28,37.48348032646229,37.6427601951802,37.18616222555455,37.37729644775391,3141600.0
2007-03-29,37.956020136231984,37.956020136231984,36.96318792971999,37.2498893737793,3389300.0
2007-03-30,37.249872165154365,37.55250065229976,36.94723962735396,37.21801376342773,3216900.0
2007-04-02,37.21272161026605,37.239269616286144,36.91540338599454,37.09061050415039,3251700.0
2007-04-03,37.16494105594704,37.38262336930443,37.032209123604375,37.14370346069336,3802800.0
2007-04-04,37.05875185813531,37.15431899785236,36.93663671546376,37.10122299194336,3278500.0
2007-04-05,37.03221184892931,37.37200529668051,36.979119882216445,37.30298614501953,3813900.0
2007-04-09,37.29236274822339,37.69055854708167,37.16494122677274,37.21272277832031,2729500.0
2007-04-10,37.202082215387534,37.64275292314122,37.16491745995376,37.5843505859375,3257200.0
2007-04-11,37.49410298147322,37.56843251034138,37.265803985476566,37.41446304321289,3452100.0
2007-04-12,37.318910038725086,37.48349633621692,37.06406295005854,37.36669158935547,2920400.0
2007-04-13,37.59498884178517,37.59498884178517,37.01096918656144,37.32952499389648,2679100.0
2007-04-16,37.3826216945718,37.78612383434359,37.26581695123794,37.73834228515625,2963900.0
2007-04-17,37.82860210673101,38.16308513028023,37.621540608725695,38.03566360473633,2762800.0
2007-04-18,37.77550553624197,38.00380460244572,37.74364712074735,37.90823745727539,2788500.0
2007-04-19,38.094056016332566,38.25333591959016,37.695860308844765,38.22147750854492,3236000.0
2007-04-20,38.22146910106736,38.863890881757065,38.22146910106736,38.662139892578125,5555800.0
2007-04-23,38.57189682702335,38.75772070520462,38.17370106635343,38.19493865966797,2575200.0
2007-04-24,38.12591582054269,38.30643334005364,37.92947516921984,38.18962860107422,3482200.0
2007-04-25,37.95070891428861,38.78426513442856,37.75426423222972,38.75771713256836,4411100.0
2007-04-26,38.43917341501528,38.62499733432725,38.04097756620778,38.17901992797852,5186400.0
2007-04-27,38.15777512035012,38.17370230318788,37.74364811328396,37.96133041381836,3895900.0
2007-04-30,37.90293977355551,37.97195893743217,37.36139513618462,37.39324951171875,4423100.0
2007-05-01,37.48347810420422,37.525953273431504,37.010952985852114,37.1330680847168,5320900.0
2007-05-02,37.16493028012303,37.63214508826558,37.16493028012303,37.55781555175781,4514300.0
2007-05-03,37.67993398318901,37.90823302268583,37.515347716571405,37.63745880126953,3284000.0
2007-05-04,37.69054895012706,37.8763727988141,37.60560264100845,37.7436408996582,2524900.0
2007-05-07,37.87636626333602,37.95069984064085,37.56312097969275,37.57904815673828,2178900.0
2007-05-08,37.49410403827252,37.63745269065708,37.29765939178085,37.61090469360352,2739200.0
2007-05-09,37.61091044839328,37.74895276301328,37.47287218442953,37.64276885986328,2854400.0
2007-05-10,37.43040089664776,37.72771909692164,37.0322051424281,37.07468032836914,4801800.0
2007-05-11,37.15963502867664,37.91886193327889,37.12247024526216,37.8392219543457,4383200.0
2007-05-14,37.722407499300274,37.924158528524096,37.3985413401146,37.52596282958984,2577400.0
2007-05-15,37.58968124091466,37.84452425811064,37.37730935948019,37.41978454589844,3706300.0
2007-05-16,37.48348044833623,37.88698647991966,37.313583811457214,37.87636566162109,2932600.0
2007-05-17,37.87637097371269,37.87637097371269,37.43309040301953,37.46513748168945,2761000.0
2007-05-18,37.518536800363854,37.57728501314019,37.38501887580741,37.41172409057617,3364000.0
2007-05-21,37.395712988454726,37.65206929565202,37.33162696763935,37.550594329833984,3340400.0
2007-05-22,37.65207182144561,37.65207182144561,37.336971332244936,37.43844223022461,2839600.0
2007-05-23,37.438441339752245,37.62536569963255,37.30492335774554,37.37435531616211,3491300.0
2007-05-24,37.5185557615858,37.871045216385816,37.44378601201836,37.73218536376953,4341300.0
2007-05-25,37.77490959234336,38.04728334427293,37.74820436585043,37.96183395385742,2920700.0
2007-05-29,37.97249760657574,38.1861271046072,37.87102675285972,38.10067367553711,2906300.0
2007-05-30,38.00989390734149,38.21818161010742,37.865696295674695,38.21818161010742,3048700.0
2007-05-31,38.21819282047245,38.55999859063812,38.10603818413493,38.43716430664063,3332100.0
2007-06-01,38.50657932692548,38.70418737704985,38.43715145373602,38.64543914794922,3521200.0
2007-06-04,38.64546546833598,38.64546546833598,38.34104447141105,38.59739685058594,2285600.0
2007-06-05,38.72021390068852,38.72021390068852,38.25556986700793,38.30363845825195,3407300.0
2007-06-06,38.25557429726268,38.25557429726268,37.91911041817112,38.25023651123047,3409800.0
2007-06-07,38.25022031966793,38.613389273772114,37.88170950714695,38.0526123046875,5872900.0
2007-06-08,38.05261635644296,38.688163112457865,38.05261635644296,38.62407302856445,4188800.0
2007-06-11,38.49055466702178,38.9231515234284,38.31965185310175,38.70952606201172,3589700.0
2007-06-12,38.47987133586093,38.66679563400777,38.02590708724762,38.0526123046875,3650700.0
2007-06-13,38.26624859374294,38.59203274588447,37.89773771599223,38.5279426574707,3435500.0
2007-06-14,38.52795601862068,39.542693693194025,38.52795601862068,39.494625091552734,6573000.0
2007-06-15,39.660174001027976,39.77767045191035,39.52131418865385,39.54801940917969,5461300.0
2007-06-18,39.52133415759653,39.59610392327431,39.12078009518846,39.158164978027344,3545500.0
2007-06-19,38.98725128173828,39.09406403895333,38.69885194768303,38.98725128173828,3702300.0
2007-06-20,38.58135102925444,39.56938318103068,38.58135102925444,38.93918228149414,4110000.0
2007-06-21,39.03530146103102,39.30233733062235,38.805654524840726,39.184844970703125,2782400.0
2007-06-22,38.987242782838734,39.04064914980411,38.63475342650694,38.90713119506836,3625300.0
2007-06-25,38.81634003985991,39.47325017129126,38.81634003985991,39.14212417602539,3951900.0
2007-06-26,39.21691089083217,39.38781378426618,38.8964684749742,39.0673713684082,2990400.0
2007-06-27,38.76293165807998,39.3397301716047,38.7095252937857,39.286319732666016,3532700.0
2007-06-28,39.430536894671945,39.46792177183473,39.046004401199866,39.3183822631836,2633700.0
2007-06-29,39.297013982165645,39.37712558739969,38.75760018654496,38.98725128173828,4397400.0
2007-07-02,39.24359806647801,39.44120202676819,38.92849358237375,39.16348648071289,3063500.0
2007-07-03,39.17418587542461,39.24361785292911,39.008624836107565,39.09407424926758,1444700.0
2007-07-05,39.04065457850979,39.41450734854187,38.82702500629792,39.38780212402344,2994900.0
2007-07-06,39.39315396502962,39.43587663058063,39.1902039864159,39.361106872558594,2325900.0
2007-07-09,39.41450111953952,39.825734619474446,39.29700466965967,39.73494338989258,3806300.0
2007-07-10,39.37178360659424,39.78835906296116,39.32371501374279,39.54268646240234,4503400.0
2007-07-11,39.42518916464827,39.78301637488719,39.29701304412075,39.697566986083984,2224600.0
2007-07-12,39.39314745066089,39.95392054309223,39.28099283217463,39.92721939086914,2926700.0
2007-07-13,39.83109241582597,40.27971095889425,39.70291219668118,40.13551330566406,4441100.0
2007-07-16,40.57878235638263,40.58946200090749,39.927214024951176,40.33844757080078,3712200.0
2007-07-17,40.19423983346933,40.53604541718748,39.95390510843241,40.33309555053711,3057000.0
2007-07-18,40.35980514287281,40.52536609444268,39.86311821351878,40.16219711303711,4200500.0
2007-07-19,40.19426579660247,40.578798345331805,40.10881230815303,40.504024505615234,3588200.0
2007-07-20,40.386510284106336,40.386510284106336,39.92186635927358,40.06072616577149,5094400.0
2007-07-23,40.04471202068476,40.34913283435766,39.67620111347463,39.80971908569336,4390100.0
2007-07-24,39.54802334308613,40.66957344777603,39.54802334308613,39.88448715209961,7001100.0
2007-07-25,40.31175177534978,41.87124086035109,40.00733093290333,40.701622009277344,5703200.0
2007-07-26,40.37584623434936,40.87253340468745,40.17290032187383,40.42925262451172,8206100.0
2007-07-27,40.42924095686465,41.06478781792681,40.327770067234,40.4132194519043,7603500.0
2007-07-30,40.41320998864982,41.12352642296104,40.32241876537089,41.02739334106445,6635200.0
2007-07-31,41.12354142745043,41.20365303736811,40.397203226916005,40.4399299621582,7073500.0
2007-08-01,40.32775877577416,41.1609093975986,40.14083447916535,41.08613967895508,6828700.0
2007-08-02,41.10217299777143,41.33716593801655,40.60014410711877,40.899227142333984,5554100.0
2007-08-03,40.82447211295192,41.07548664872926,40.12483490001693,40.14619827270508,5924300.0
2007-08-06,40.28505591402783,41.56682968139648,40.242329171031365,41.56682968139648,7055700.0
2007-08-07,41.128886581426805,41.92465273446674,41.128886581426805,41.51875686645508,7464400.0
2007-08-08,41.42261596288228,41.983393097254414,41.17694337367167,41.85521697998047,5706300.0
2007-08-09,41.390563904093135,42.18632973373591,41.33715753979093,41.71100616455078,7435200.0
2007-08-10,41.038089089139575,41.662956404020015,40.760373451695045,40.99002456665039,10144000.0
2007-08-13,41.016723221999655,41.46534165858401,40.86184188328024,40.96865463256836,4634200.0
2007-08-14,41.02741348432934,41.07014022495968,40.41322983036842,40.4345932006836,5010800.0
2007-08-15,40.43458150955741,40.45594487369565,39.55870395311501,39.64415740966797,6679200.0
2007-08-16,38.98724090318082,40.32776224499885,38.91781303693756,39.959251403808594,8968000.0
2007-08-17,40.62684656635613,41.00603710116412,40.07141133836212,40.7603645324707,7609000.0
2007-08-20,40.65888970706193,40.97399422693631,40.35446890631277,40.55741882324219,3671800.0
2007-08-21,40.37582226716287,40.77103420934123,40.14617125860436,40.33309555053711,3257700.0
2007-08-22,40.46128131596316,40.71763350200845,40.311741861662654,40.61082077026367,3334000.0
2007-08-23,40.73900436796287,40.93127058023714,40.42390389901881,40.81377410888672,3655800.0
2007-08-24,40.74435616265994,41.19831657885727,40.73367244012564,41.13956832885742,3733300.0
2007-08-27,40.9259287202725,41.18228502818663,40.64821312179037,40.81377410888672,2788600.0
2007-08-28,40.64822199240005,40.990027761113865,40.21562495770048,40.23698425292969,3936400.0
2007-08-29,40.35980152992149,40.66956411934706,40.19957837686853,40.63217926025391,3459400.0
2007-08-30,40.32775474472261,40.65353880395236,40.07139853882371,40.31173324584961,3425700.0
2007-08-31,40.54141852448983,40.68561621094345,40.18892895259658,40.51471328735352,3196800.0
2007-09-04,40.34382083580618,40.76039656552175,40.11951145436674,40.66960525512695,3009200.0
2007-09-05,40.471974662673006,40.5681077836508,40.08210439261842,40.24766540527344,3993400.0
2007-09-06,40.44100382996707,40.489337722368326,39.83411764216319,40.328216552734375,2779400.0
2007-09-07,39.95765103999553,40.09728913698585,39.53874084650681,39.81264114379883,5186900.0
2007-09-10,39.952281341916965,40.05969274680009,39.39373302206335,39.63004302978516,3354000.0
2007-09-11,39.640767650474864,39.97374943658593,39.37223514158942,39.82337188720703,4538000.0
2007-09-12,39.791151697571024,40.16709972988982,39.68374031546941,39.8341178894043,3060800.0
2007-09-13,39.97912610534245,40.32821513144379,39.79652184636074,39.9468994140625,3138500.0
2007-09-14,39.79652184636074,40.11876007679042,39.5065062097296,39.9468994140625,2980000.0
2007-09-17,39.893200491696255,40.2208105758202,39.8019003954603,39.9200553894043,1984300.0
2007-09-18,40.18857754504535,40.77397646629665,39.80189006431958,40.69878768920898,4172600.0
2007-09-19,41.03177663962863,41.042516139307374,40.45174531741439,40.80083847045898,3911700.0
2007-09-20,40.478598399272464,40.66657036634193,40.30673772974016,40.42488861083984,4061500.0
2007-09-21,40.457111881252864,40.97806564412348,40.42488519142293,40.68267822265625,4322900.0
2007-09-24,40.63433959106036,40.935094677825695,40.44636356435128,40.52692413330078,2816300.0
2007-09-25,40.376561645434585,40.671949142565886,40.04357974843951,40.49471664428711,3649600.0
2007-09-26,40.52692480200954,40.6719346480075,40.0274541832581,40.19394302368164,3963400.0
2007-09-27,40.3604409224778,40.43562970465158,39.99523651014172,40.18320846557617,3848600.0
2007-09-28,40.3604387228776,40.457110594329855,40.18320627563496,40.33358383178711,3267700.0
2007-10-01,40.56988566579408,41.10157880394248,40.56988566579408,40.76322937011719,4193500.0
2007-10-02,40.69878807996781,40.97269239769189,40.47859354423436,40.62897109985352,2958000.0
2007-10-03,40.66120527971379,40.91899837530546,40.40341628160437,40.59675598144531,2277000.0
2007-10-04,40.61286685775452,40.71490644680021,40.53230626825817,40.60212326049805,1820900.0
2007-10-05,40.81694885739813,41.28419698388543,40.661199481902365,41.037147521972656,2971400.0
2007-10-08,41.010282756119565,41.18751518531568,40.8760165093008,41.0586166381836,1351500.0
2007-10-09,41.053252581560606,41.3540076899298,40.89213143208794,41.28955841064453,2803000.0
2007-10-10,41.19826969581152,41.28956979352487,40.82232570670823,40.99418640136719,3245600.0
2007-10-11,41.0317733428873,41.762182186809,40.86528038013067,41.090850830078125,3293700.0
2007-10-12,41.090836321510345,41.28954771055252,40.90286442749209,41.1499137878418,2613600.0
2007-10-15,41.1230868576475,41.27883627498535,40.90825993382003,41.10697555541992,2674900.0
2007-10-16,41.08548872206178,41.1123436216574,40.61824051248193,40.71491241455078,3063800.0
2007-10-17,40.940463235197775,41.00490840727281,40.55914351217852,40.81693649291992,2782900.0
2007-10-18,40.79546752731805,41.042516999927074,40.62360684648214,40.82769012451172,3049200.0
2007-10-19,40.55378301676994,40.7900888521563,40.27450689656632,40.295989990234375,5153900.0
2007-10-22,40.10265019323208,40.602120902119474,39.93616132276347,40.328216552734375,5263300.0
2007-10-23,41.03177059091497,41.06936498047121,40.09190675452776,40.62360000610352,4293300.0
2007-10-24,40.4678466559032,40.76323404289111,39.7428097303192,40.52692413330078,4424800.0
2007-10-25,40.61822804287805,40.7363830088539,39.92541364032242,40.26376724243164,2980800.0
2007-10-26,40.37655041064101,40.451739189447245,39.95764032944019,40.26376724243164,2802500.0
2007-10-29,40.05431181285898,40.51618807674407,39.95763994140673,40.33358383178711,2115600.0
2007-10-30,40.279884721124446,40.42489050322852,39.90930847049594,40.1456184387207,2216100.0
2007-10-31,40.301361240463386,40.607488150482006,40.1133892952732,40.33358383178711,3741800.0
2007-11-01,40.134879175842194,40.333590652583936,39.41520976722107,39.52262115478516,3984300.0
2007-11-02,39.58169013779194,40.04893817795701,39.452795680928816,39.7589225769043,3720200.0
2007-11-05,39.280937242593886,40.24228416922466,39.280937242593886,40.000606536865234,3292300.0
2007-11-06,39.96838785978446,40.17247524111417,39.415211405619736,39.86634826660156,4689700.0
2007-11-07,39.4742844808345,39.7213339328263,38.469971278133535,38.496826171875,5568900.0
2007-11-08,38.534404602814085,38.910348374581325,38.158460831046845,38.70089340209961,6771400.0
2007-11-09,38.265899211715535,38.62573194722284,37.93291728032333,37.97588348388672,5231500.0
2007-11-12,38.20682579793608,39.565600375654896,38.07793127092469,39.01779556274414,5669700.0
2007-11-13,39.264836857195256,39.78579075357364,38.958709858986,39.74282455444336,4405900.0
2007-11-14,39.90393022565556,39.99523029017045,39.302415964330166,39.38297653198242,3292100.0
2007-11-15,39.4315959013347,39.793501340409854,39.183123325801695,39.48561096191406,3390300.0
2007-11-16,38.35127379947757,39.053481869591934,38.29185600334091,38.89683532714844,6782100.0
2007-11-19,38.57276889799565,39.02109788392876,38.27567970151513,38.86985397338867,5405300.0
2007-11-20,38.85363643642177,39.36138720734898,38.42691033846385,38.702392578125,5461200.0
2007-11-21,38.351286304616686,38.713191820120784,37.81112734257983,37.886749267578125,6158200.0
2007-11-23,38.0595985179515,38.318876623111,38.01638481357731,38.30807113647461,1726900.0
2007-11-26,38.34047321031303,38.880632007115445,37.84892672710223,38.00557327270508,4704700.0
2007-11-27,38.12441415151698,38.6429661737898,38.08120045272296,38.58895111083984,4511400.0
2007-11-28,38.79960771850365,39.825910266038704,38.56193652698816,39.73948287963867,5644900.0
2007-11-29,39.53422919751128,39.788104526963046,39.31816482429158,39.59364700317383,3295300.0
2007-11-30,39.92315042151449,40.14461345054003,39.60445449446652,39.79891204833984,4507900.0
2007-12-03,39.43159761297287,39.798905810375466,39.25334419634694,39.37758255004883,3981400.0
2007-12-04,39.22093767957142,39.56123629969132,38.97786782535511,39.23173904418945,2525700.0
2007-12-05,39.674678900561496,39.7232953559758,39.350584308449314,39.61526107788086,2321800.0
2007-12-06,39.97175460362594,39.97175460362594,39.431595757630994,39.87992858886719,2361400.0
2007-12-07,39.87451719905007,40.409273186710536,39.87451719905007,40.06357192993164,3431400.0
2007-12-10,40.25804619581094,40.74959282223774,40.05819002025849,40.58754348754883,4582400.0
2007-12-11,40.73337881384394,40.93863768295963,39.91233509521165,39.98795700073242,5334200.0
2007-12-12,40.95484844309608,40.95484844309608,39.561237464474985,39.99336624145508,5685800.0
2007-12-13,39.71788904818882,39.97176442757556,39.37218763147504,39.92855072021485,4957000.0
2007-12-14,39.48559715177146,39.62603955702583,39.21011508175653,39.22092056274414,3901800.0
2007-12-17,38.97245640195392,39.37757548280358,38.70777975636911,38.9022331237793,5147300.0
2007-12-18,39.18851819178757,39.23713050021304,38.77799639594123,39.15070724487305,3780600.0
2007-12-19,39.080500627079786,39.18853489365336,38.44311287809633,38.51333618164063,4293600.0
2007-12-20,38.200027234387946,38.69697229240089,37.94615196400972,38.67536544799805,4802400.0
2007-12-21,38.86984214288806,39.59365736442628,38.86984214288806,39.107513427734375,7099700.0
2007-12-24,39.1615357879988,39.755709989530345,38.94547131805451,39.68008804321289,1554000.0
2007-12-26,39.52344966063608,39.70170319465275,39.15614122133864,39.53965377807617,2556600.0
2007-12-27,39.52883572083476,39.53423846473013,38.81042326293741,38.837432861328125,2768500.0
2007-12-28,39.0264698605855,39.1777136518828,38.49171384961739,38.65375900268555,2860000.0
2007-12-31,38.45391809793477,38.52954002346754,38.1406249086785,38.200042724609375,3319200.0
2008-01-02,38.10819633036186,38.10819633036186,37.1899241063399,37.35737609863281,6506100.0
2008-01-03,37.40598492249657,37.751686114115294,37.2277315865135,37.39518356323242,3842500.0
2008-01-04,37.00629701903276,37.31958613050108,36.62278459480322,36.7362174987793,5501300.0
2008-01-07,36.88746032549607,37.1575398380965,36.36350541167744,36.64438629150391,6548000.0
2008-01-08,36.67139237300933,36.82803896981954,35.89896487623402,36.01239776611328,5459700.0
2008-01-09,35.96918365176359,36.27707821934458,35.51004935380924,36.03400421142578,5093900.0
2008-01-10,37.15211814253784,38.0757891099337,36.89824287082214,37.62746047973633,12525400.0
2008-01-11,37.568042662324245,38.10820141162533,37.40599338910023,37.58964538574219,7260800.0
2008-01-14,37.81651117010283,37.84351663204491,37.42759625259968,37.76789474487305,5293900.0
2008-01-15,37.37359749741196,37.70309477274103,37.02249337046133,37.249359130859375,6674600.0
2008-01-16,37.11970712499374,37.54103025844895,36.81181682584693,37.07109069824219,6663600.0
2008-01-17,37.10892482859784,37.34659612769331,36.23926843445644,36.2824821472168,9622500.0
2008-01-18,36.30947348482578,36.82802541386653,36.0663995636263,36.27706527709961,7247800.0
2008-01-22,34.57557741435537,36.71460647757208,34.57557741435537,36.48233795166016,8553400.0
2008-01-23,36.314875047947694,38.88062914380796,35.65047796353207,38.69157028198242,10772500.0
2008-01-24,38.264848857684726,38.77800220969773,38.03258452116216,38.47011184692383,6769800.0
2008-01-25,38.7617990522602,38.83201821703624,37.64367043157409,37.79491424560547,5934900.0
2008-01-28,37.77331637740813,38.41070411740995,37.36819715590915,38.3782958984375,6135700.0
2008-01-29,38.32967798866171,38.86983693008211,38.01098619134479,38.30807113647461,6929800.0
2008-01-30,37.438403339506,39.64765487003668,37.438403339506,38.9022331237793,8812400.0
2008-01-31,38.610561995053175,39.71248258185576,37.97317429503215,39.41539764404297,8450400.0
2008-02-01,39.44780515805525,39.94475037400685,38.78341199611868,39.85292434692383,4694100.0
2008-02-04,39.85293223846575,39.94475828373185,39.23715127913752,39.280364990234375,3495000.0
2008-02-05,39.13992494368927,39.41540721784596,38.63757685367959,38.75641250610352,5139100.0
2008-02-06,39.08589717955286,39.22633964330976,38.71318623081101,38.76180267333984,3559900.0
2008-02-07,38.712860766659766,39.44667573532141,38.34867169921059,38.995513916015625,5950800.0
2008-02-08,38.85963830345119,38.97922381356873,38.25084537498483,38.364994049072266,4583200.0
2008-02-11,38.310636574072745,39.02270862273661,38.011672810921176,38.81615447998047,5447800.0
2008-02-12,38.979225333581454,39.5988919582722,38.837896620923104,39.392337799072266,5182300.0
2008-02-13,39.44126136830618,40.08267126380041,39.39777911469834,39.9576530456543,6273400.0
2008-02-14,39.89242967006352,40.055501624588445,39.32168197631836,39.32168197631836,3570900.0
2008-02-15,39.24556876220479,39.50648296645512,39.06619465306645,39.36515426635742,3398600.0
2008-02-19,39.7347993006287,39.7347993006287,38.92488456313103,39.26189804077149,4156700.0
2008-02-20,38.89768734027613,39.609763555409934,38.89768734027613,39.4847412109375,3046100.0
2008-02-21,39.40864779118422,39.680431569054456,39.05532805053465,39.0825080871582,3115700.0
2008-02-22,39.1640411218773,39.29993300065261,38.4247889695724,39.07706832885742,4738100.0
2008-02-25,39.26188947241747,39.49562370570402,38.83247057186352,39.39778137207031,4584600.0
2008-02-26,39.28362853852427,39.60977241546074,38.98466884745473,39.42495727539063,3655200.0
2008-02-27,39.158612709578335,39.680437138682585,39.15317587207223,39.30537414550781,2618600.0
2008-02-28,39.13686081092117,39.17491037082593,38.8161579698798,39.00096893310547,3109100.0
2008-02-29,38.59329590831345,38.81616059359907,38.12039064859675,38.18018341064453,6565100.0
2008-03-03,38.05516598841292,38.48458485791804,37.72902628224576,38.38130569458008,4747600.0
2008-03-04,38.10407658514826,38.71287360883285,38.04972067075099,38.62046813964844,5142500.0
2008-03-05,38.53351713448016,39.32168870636754,38.53351713448016,39.299949645996094,7372100.0
2008-03-06,39.18577955528492,39.49018017896466,38.89768944035753,39.15860366821289,5347200.0
2008-03-07,38.778110345976565,39.43039395006975,38.778110345976565,39.1151237487793,5511100.0
2008-03-10,39.07163780548995,39.321678405185686,38.53894387699215,38.69657897949219,5227000.0
2008-03-11,38.86509275337498,39.60434519905274,38.756380866048765,39.5662956237793,6412000.0
2008-03-12,38.60960715442037,39.54998095612319,38.60960715442037,39.10425567626953,5195200.0
2008-03-13,38.49545610974878,38.95748772645145,38.05516769404397,38.446537017822266,8300800.0
2008-03-14,38.37043578988114,38.59330050169215,37.462678871974354,37.83774185180664,8540100.0
2008-03-17,37.26156150941413,38.20193115701355,37.15828233593178,37.83774185180664,6428300.0
2008-03-18,38.267156753547496,39.0825080871582,37.98993613893428,39.0825080871582,8871300.0
2008-03-19,39.08250207200286,39.41951125055469,38.37586269946199,38.397605895996094,6768700.0
2008-03-20,38.05516577287006,39.04445855932559,38.05516577287006,38.95205307006836,9024500.0
2008-03-24,39.02814988124785,40.0717985320049,38.67483016123677,39.87611389160156,6906800.0
2008-03-25,39.95221862575186,40.08267368865028,39.424957389877335,39.8652458190918,5154600.0
2008-03-26,39.69674012021908,39.78371292453521,39.40321312628947,39.53367233276367,4439700.0
2008-03-27,39.54452631025393,39.92502181179154,39.3651480822048,39.5880126953125,4169300.0
2008-03-28,39.70217261978501,39.84893402717029,39.25101057764071,39.27819061279297,3279700.0
2008-03-31,39.24014908050937,39.89242858671107,39.13686990230885,39.69130706787109,4543200.0
2008-04-01,39.77283939099264,40.63167717473722,39.77283939099264,40.62080764770508,7955900.0
2008-04-02,40.58275666784447,40.811054051385824,40.27835600936455,40.501220703125,6149300.0
2008-04-03,40.33815080485991,40.62080827717471,40.033754278143945,40.53927230834961,3954100.0
2008-04-04,40.57187947466901,40.71320819145035,40.31640207601888,40.44686126708984,3793200.0
2008-04-07,40.46859748275856,40.561007106731175,39.957646868353166,40.10440826416016,5374200.0
2008-04-08,40.1152929287527,40.14790565962631,39.73479309782897,39.84894180297852,6779900.0
2008-04-09,38.62047616944768,38.92487267103352,38.28346279476956,38.359561920166016,14156500.0
2008-04-10,38.43566118464921,38.995535100845466,38.29976929636503,38.77267456054688,4672700.0
2008-04-11,38.38673546740335,39.12598754379327,38.326942715115145,38.53349685668945,5579300.0
2008-04-14,38.27803631173116,38.65853618872451,38.06060840303387,38.18563079833984,5526500.0
2008-04-15,38.36499634333673,38.84877110167643,38.158438032748286,38.60960006713867,3495800.0
2008-04-16,38.85965591488087,39.65870114271585,38.69115124539743,39.5662956237793,4895000.0
2008-04-17,39.370574349702096,39.47385344972269,38.94659257690636,39.24555206298828,3794800.0
2008-04-18,39.6804275129363,39.86523847239291,39.45756284726,39.78370666503906,5709200.0
2008-04-21,39.49562843472655,39.702182653977694,39.332556476781,39.419525146484375,4238000.0
2008-04-22,39.13686401331398,39.29993593887266,38.82159383568259,39.0825080871582,4410400.0
2008-04-23,38.79441362397775,39.626071228069215,38.566112124212914,38.957481384277344,4960600.0
2008-04-24,38.74003100673645,39.756503124001775,38.74003100673645,39.55538177490234,4795600.0
2008-04-25,39.66956895415877,39.77284398772062,38.870523844470654,39.52824020385742,3254200.0
2008-04-28,39.66955804793495,39.74565716630812,39.31080150666918,39.54997253417969,2809300.0
2008-04-29,39.41951328813124,39.92503122917968,39.41951328813124,39.78370666503906,3222800.0
2008-04-30,39.93589845283293,40.028303917639896,39.29992557562228,39.35971832275391,5178100.0
2008-05-01,39.229272351028335,40.22400204556525,39.229272351028335,39.995704650878906,4325300.0
2008-05-02,40.30009087219037,40.30009087219037,39.4358206074082,39.83262252807617,4061100.0
2008-05-05,39.49018537025491,39.61520359082094,39.22927110810036,39.53910446166992,3412100.0
2008-05-06,39.27274464418182,39.89784798350724,39.180339181497146,39.85979843139648,3316500.0
2008-05-07,39.95220245202211,39.95220245202211,38.83788766357189,38.90855407714844,4912200.0
2008-05-08,39.13142883340284,39.29993760283919,38.408487105447946,38.63134765625,4633000.0
2008-05-09,38.32696778494627,38.48460294889856,38.07692708777503,38.20738220214844,4179600.0
2008-05-12,37.94100978551754,38.419347650036,37.83229380692889,38.278018951416016,4075500.0
2008-05-13,38.3976196205209,38.66396661585577,38.207371766710274,38.48459243774414,3876600.0
2008-05-14,38.582413040569065,39.158593115145855,38.48457074987773,38.9194221496582,3553400.0
2008-05-15,39.10542241521571,39.10542241521571,38.43807503085032,39.0343132019043,4504400.0
2008-05-16,39.01790429467757,39.01790429467757,38.31773790485748,38.71157836914063,4228900.0
2008-05-19,38.80455206071706,39.30232464615918,38.61856811378578,38.79360961914063,3536000.0
2008-05-20,38.563887405999225,38.7826904387116,38.27944638479766,38.399784088134766,3336000.0
2008-05-21,38.54199974002569,38.73345079415375,37.82542400600923,37.95123291015625,6819800.0
2008-05-22,38.077052307150566,38.1700422384003,37.79807834008069,37.93482971191406,4198100.0
2008-05-23,37.8309045132559,38.00594611617876,36.539971126704486,36.66030883789063,11591500.0
2008-05-27,36.60558776847044,37.50814720251567,36.60558776847044,37.415157318115234,6319700.0
2008-05-28,38.43805682625517,38.82643422369941,38.01686462280951,38.585750579833984,9399900.0
2008-05-29,38.77720746644463,39.329684017655886,38.49276653142347,39.16558074951172,6796400.0
2008-05-30,39.20387433675487,39.23122627491101,38.76080131720027,38.84832000732422,4534500.0
2008-06-02,38.84832630530805,39.045248606661225,38.57482357268647,38.83191680908203,4275100.0
2008-06-03,38.89207435413219,39.24215739749352,38.51464355091645,38.744384765625,4314300.0
2008-06-04,38.56388739125497,38.91944179761154,38.43260724100604,38.69516754150391,3499700.0
2008-06-05,38.68422566624403,38.95772838823578,38.52559358669038,38.86473846435547,3028100.0
2008-06-06,38.5529364448155,38.5529364448155,37.49174479805085,37.51909255981445,5946200.0
2008-06-09,37.85824282208127,38.115336025020575,37.61209206408234,38.000465393066406,3328100.0
2008-06-10,37.79259128357176,38.410709896224695,37.49174089557121,38.28489685058594,5522400.0
2008-06-11,37.84183069818797,37.96217254424921,37.158074003130594,37.22918319702149,5124200.0
2008-06-12,37.46988548199641,38.055181336461146,37.021341034400265,37.35501480102539,4015600.0
2008-06-13,37.62301795353206,37.81994016444981,36.92285194729944,37.36592483520508,6231100.0
2008-06-16,37.19091014738135,37.44253222645214,37.136210421204495,37.240142822265625,3431900.0
2008-06-17,37.35498457809007,37.37139406590634,36.77516041755064,36.8353271484375,3534600.0
2008-06-18,35.82885477459779,36.34304120148193,35.56082328908845,35.992958068847656,8196400.0
2008-06-19,35.89996400381351,36.69312436220149,35.708512942588875,36.56184005737305,5741400.0
2008-06-20,36.020299615984214,36.69311799824775,36.020299615984214,36.30474472045898,8470500.0
2008-06-23,36.58373539703259,36.59467784680196,36.19536189665605,36.24459457397461,4323500.0
2008-06-24,34.83329768361135,35.402183696616724,34.0127897333127,34.056549072265625,14626600.0
2008-06-25,34.149562452798826,34.21520254568104,33.465805399181455,33.58614730834961,9857600.0
2008-06-26,33.4493737762929,33.59706336593993,32.72732697212263,32.754676818847656,10591600.0
2008-06-27,32.727330271144105,33.06100177347984,32.43741602398782,33.017242431640625,9467000.0
2008-06-30,33.0008493649326,33.98545904297594,32.78751542480617,33.62443542480469,9080500.0
2008-07-01,33.05006105123253,33.3673251443658,32.54681714901254,33.09382247924805,9432700.0
2008-07-02,33.236040700776705,33.345442176762035,32.021690368652344,32.021690368652344,8839400.0
2008-07-03,31.92871108210155,32.831271009613154,31.86854014204605,32.530418395996094,5184400.0
2008-07-07,32.72734217249693,33.09383487948258,31.518458353847222,31.67162132263184,8549200.0
2008-07-08,32.24048670394364,33.0664657492503,32.14749681875059,33.03911590576172,10272100.0
2008-07-09,33.01177398522042,33.36732831835872,32.39365940565254,32.43194961547852,6207200.0
2008-07-10,32.49758699761407,32.765620530956106,32.07092350235508,32.43741607666016,5098300.0
2008-07-11,32.00528524237329,32.23502859691884,31.261359646367755,31.720844268798828,7010000.0
2008-07-14,32.04358646959455,32.14751677402869,31.17931668958442,31.283246994018555,5187000.0
2008-07-15,31.20665370343675,31.53485815389817,30.68699822186764,30.87298011779785,6206400.0
2008-07-16,30.96597628617892,32.388189503378804,30.85657478793431,32.34989929199219,6108600.0
2008-07-17,32.54681211744928,32.8421954509101,31.956045450527625,32.69450378417969,7337600.0
2008-07-18,32.66168631362968,33.37826401553727,32.27878218217785,33.26339340209961,9593800.0
2008-07-21,33.65177630957439,33.65177630957439,32.30614337237592,32.52494430541992,5252500.0
2008-07-22,32.289725086800125,34.02373312835762,32.289725086800125,33.97450256347656,7114100.0
2008-07-23,34.423040683348894,34.77312371084531,33.6462921402642,34.68013381958008,7172800.0
2008-07-24,34.75125559370299,34.81689775014165,34.160490792376415,34.19330978393555,7029700.0
2008-07-25,34.37381530587117,34.67466782253544,33.985442019147115,34.21518325805664,4292000.0
2008-07-28,34.18237305346105,34.31912442222137,33.690067291259766,33.690067291259766,4613100.0
2008-07-29,33.96903411470326,34.882534207261514,33.75570234502211,34.795013427734375,5923700.0
2008-07-30,35.008350574928954,35.47330439633811,34.02374113234114,34.428524017333984,6184700.0
2008-07-31,34.22065720324862,34.74578186539731,34.17689577140627,34.50510025024414,5922700.0
2008-08-01,34.28082116188087,34.57073538991494,33.57518591048535,34.056549072265625,4805900.0
2008-08-04,33.974494281988775,34.59807989403957,33.90338301968109,34.22611618041992,3443500.0
2008-08-05,34.4449215816027,35.79055400835921,34.4449215816027,35.69209289550781,7080400.0
2008-08-06,35.62645849311978,35.62645849311978,34.866123444064954,35.172447204589844,4251300.0
2008-08-07,34.63638629555889,35.12869205467408,34.46681384816137,34.60356521606445,4446000.0
2008-08-08,34.784068213846595,36.11328921528376,34.784068213846595,35.93824768066406,6374000.0
2008-08-11,35.801493099744924,36.28286040621964,35.30372047629012,35.83431625366211,5256800.0
2008-08-12,35.49519004731615,35.90544421260952,35.32561966112434,35.51707077026367,3594200.0
2008-08-13,35.33108044316334,35.56082590668854,34.734846498586144,35.336551666259766,3971200.0
2008-08-14,35.15603157453374,36.14611408367684,34.87159063230341,35.87807846069336,4744300.0
2008-08-15,36.10235558423468,36.5727805514706,35.905433310818715,36.17893600463867,5080800.0
2008-08-18,36.24458042321378,36.32663207116189,35.511590987749585,35.71945571899414,4029000.0
2008-08-19,35.5061350952401,35.62100576913463,34.95365827699561,35.008358001708984,5559700.0
2008-08-20,35.05210658990149,35.42953747326631,34.10031628781901,34.499629974365234,5139200.0
2008-08-21,34.21865583118641,34.36189835241974,33.601607729353454,34.26272964477539,3702700.0
2008-08-22,34.383939857393315,35.11668626151149,34.383939857393315,34.995479583740234,3655700.0
2008-08-25,34.74203119371792,34.9954612951102,34.416978810921925,34.637351989746094,3795400.0
2008-08-26,34.37841601980409,34.68143047685344,34.19660608458173,34.59878921508789,3934300.0
2008-08-27,34.57676675234256,35.259928797523,34.24069732138181,34.995479583740234,3561900.0
2008-08-28,35.16075405238516,35.854934958516886,35.039547395391175,35.64557647705078,3203100.0
2008-08-29,35.53539648636174,35.89901651450914,35.281966256127646,35.32604217529297,3243700.0
2008-09-02,35.805358464339854,36.90723135682384,35.728227698130894,35.81637954711914,5300500.0
2008-09-03,35.83841104789631,36.257119645165055,35.562942874440715,36.16897201538086,5342000.0
2008-09-04,36.08632850867701,36.33424816825213,35.0670971700864,35.34807586669922,5090000.0
2008-09-05,35.133221398363304,35.29850193057796,34.516173097322444,35.19933319091797,4067500.0
2008-09-08,35.74476797191045,36.50506323122688,35.678658264709384,36.35630798339844,5804300.0
2008-09-09,35.948591951762,36.87967560177877,35.899009704589844,35.899009704589844,5907500.0
2008-09-10,36.73642519117272,37.17166528417517,36.38933690585612,36.74193572998047,6493000.0
2008-09-11,36.46095989485404,37.60139772361366,36.27363939080282,37.52977752685547,7220200.0
2008-09-12,37.38652838669082,38.04214376623268,37.06147386454568,37.794219970703125,7063000.0
2008-09-15,36.8411100709587,38.16335376287374,36.8411100709587,37.27083969116211,6421200.0
2008-09-16,36.39484677267428,38.03663862199208,36.240585297565886,37.91543197631836,7931000.0
2008-09-17,37.05596731595942,37.17166340521673,35.57945823833243,36.1193733215332,9927500.0
2008-09-18,36.229568820491785,37.01189728331938,35.662105157971624,36.626243591308594,10911800.0
2008-09-19,36.91823488185773,38.565532895764434,35.33153598117105,37.298377990722656,9194700.0
2008-09-22,36.901714276858286,37.24329208397752,36.0367444761788,36.29568099975586,5135600.0
2008-09-23,36.328741318599626,37.000884283633376,35.56844652712387,35.69516372680664,4756400.0
2008-09-24,35.44723106252291,36.06979162302522,34.54920662108915,34.92384338378906,6116800.0
2008-09-25,35.199336285671954,35.557445888335664,34.94039543138724,35.13322448730469,5241300.0
2008-09-26,34.56024562426695,35.70068608742986,34.56024562426695,35.47480010986328,4972900.0
2008-09-29,34.97345641020647,35.91004908520204,33.926678092457884,35.01753234863281,8223700.0
2008-09-30,35.01750480300145,35.83289010757885,34.48309602907146,34.64837646484375,7289400.0
2008-10-01,34.43351027430125,35.502327778274555,33.965215375232624,35.14972686767578,6013000.0
2008-10-02,34.9458912334222,34.9458912334222,33.31512021719425,33.65119171142578,7295900.0
2008-10-03,34.009288967219305,34.9183344735549,33.276544965930604,33.47488021850586,7101600.0
2008-10-06,33.07271409683356,34.02032545407613,31.579676836363795,33.05618667602539,9678900.0
2008-10-07,33.54099639397192,33.9541985433499,32.38953965363908,32.60991287231445,7611400.0
2008-10-08,31.899213790893555,33.155347928839305,31.25461720318357,31.899213790893555,11890900.0
2008-10-09,31.932260319842342,32.45014167136764,29.017807438629703,29.199617385864254,9971600.0
2008-10-10,27.81677553588929,29.420000132323743,23.866561054990843,28.483407974243164,18956000.0
2008-10-13,29.342867368345168,31.1113745461658,28.51646289144674,30.65960693359375,8526100.0
2008-10-14,31.35928822626925,32.29037177103422,29.23818464748294,30.24639892578125,8139100.0
2008-10-15,29.63486328051384,29.954405233017503,28.18590026220867,28.26303100585937,7453800.0
2008-10-16,28.676227836115995,28.85252724612123,26.665312033976637,28.45034408569336,11270300.0
2008-10-17,27.585364454347765,29.001269760147416,27.04544744411304,27.84430503845215,8691800.0
2008-10-20,28.141829127026345,29.155549970391533,27.84432300039247,28.74234771728516,5513100.0
2008-10-21,28.373220870742635,28.94068461562779,27.772700189606336,27.932472229003903,4953500.0
2008-10-22,27.67903562457665,27.67903562457665,24.66541393675707,25.55792999267578,9101300.0
2008-10-23,26.26864545130653,26.80305438567935,25.508352696509537,26.51656723022461,11372700.0
2008-10-24,24.87477983815979,26.66532317685009,24.792138535711835,25.646089553833008,6456400.0
2008-10-27,25.337552716414763,25.772790647651217,24.582768729759504,24.61582565307617,5727900.0
2008-10-28,25.34307603567546,26.940792539456417,24.70949829412129,26.91875457763672,7761500.0
2008-10-29,26.88570000725879,27.74516167916312,26.11439019041164,26.27967071533203,6438400.0
2008-10-30,27.06749816688049,28.31812368883294,26.880179760472306,28.16937065124512,9270500.0
2008-10-31,27.99858770578451,29.557738728022414,27.81677978647712,29.07842254638672,7466200.0
2008-11-03,28.935177499278,29.623847940230952,28.65419878244217,29.21064567565918,4174400.0
2008-11-04,29.728526053237317,30.45576189429831,29.403473510516456,30.40066909790039,6101800.0
2008-11-05,30.037046503803804,30.75326325381553,28.6927627252948,28.891098022460938,5750400.0
2008-11-06,28.72030825982973,29.061888157770436,27.425606768111365,27.475191116333008,7734100.0
2008-11-07,27.56333570391648,28.902110755014345,27.491715515550023,28.604604721069336,5418900.0
2008-11-10,29.739547850637017,30.307011693592955,29.08944270359856,29.53019142150879,6979900.0
2008-11-11,29.17208232169396,30.141729445056143,28.82499180692524,29.408985137939453,5379300.0
2008-11-12,28.89110484770826,29.38144002247792,27.860854340061064,28.20794486999512,6524700.0
2008-11-13,28.669268923394423,30.6924584867572,27.413111367928277,30.620201110839844,11316600.0
2008-11-14,30.03659426126563,30.575739672536464,28.59145709426829,29.536354064941406,8083600.0
2008-11-17,29.20285581127035,30.3311725340693,28.62480106725609,29.61416244506836,7915400.0
2008-11-18,29.491884021911424,30.65355082384495,29.13615654758617,30.18666076660156,7778000.0
2008-11-19,30.14774973570988,30.764709628174455,28.20793236985985,28.54698371887207,8231100.0
2008-11-20,28.21905282268506,29.430743648183523,26.879523329212592,27.351970672607425,10811900.0
2008-11-21,27.43535158928365,29.119490179178165,26.851739395583746,29.07502555847168,10213300.0
2008-11-24,29.54192116781623,30.82586780590988,29.13061221914812,30.35342025756836,10863800.0
2008-11-25,30.848085732464455,31.426140460464985,30.63687302025461,31.364999771118164,9228400.0
2008-11-26,30.681352981852992,32.06534758921656,30.34785874709357,31.898601531982425,6360600.0
2008-11-28,31.681820198743083,32.09312897284752,31.192696766905737,32.01531219482422,3165900.0
2008-12-01,31.214937939851243,31.598454043302517,29.786476736194896,29.85873413085937,6513500.0
2008-12-02,30.397868669468217,30.820294080069097,29.564136649918776,30.675779342651367,5380400.0
2008-12-03,30.097735168066325,31.68182559994739,29.803148330339276,31.531753540039062,6825600.0
2008-12-04,31.18157651069316,32.59336323153027,30.992597169161492,31.58732795715332,8714100.0
2008-12-05,31.220492245095,32.23208931305567,30.147758714237263,32.143157958984375,6155400.0
2008-12-08,32.73789544754759,33.0602708962299,31.79855551886272,32.5822639465332,8454400.0
2008-12-09,30.286714110303517,31.092653579554405,29.79203120010048,30.297828674316406,10479700.0
2008-12-10,30.253353024050025,30.720242993074717,29.56969309088708,30.103281021118164,5862800.0
2008-12-11,29.853164436705967,29.94765516950725,28.49140169433364,28.8082218170166,6600800.0
2008-12-12,28.35245345420132,29.286233733026247,28.08565939172145,28.91939163208008,5783600.0
2008-12-15,29.108374850673744,29.414076288261437,28.402481206620127,28.8193473815918,4521400.0
2008-12-16,28.157917501348784,29.469656599050477,27.82442544477311,29.25844383239746,7827700.0
2008-12-17,28.82489428324352,29.51411153958636,28.59700762457192,29.15838623046875,5613200.0
2008-12-18,29.4585470036051,30.23113874615116,28.93607542382716,29.336265563964844,7177900.0
2008-12-19,30.014355650229536,30.15331100046208,29.49188429665971,29.641956329345703,6949300.0
2008-12-22,29.608614691662343,29.75868676697302,29.197305805222992,29.56414794921875,4197800.0
2008-12-23,29.37515943834981,29.94765690843597,29.07501750095889,29.269554138183597,3815700.0
2008-12-24,29.364053873259508,29.458542520207292,29.191748427289397,29.397401809692383,1204600.0
2008-12-26,29.458540641487705,29.614169989025136,29.24732786962202,29.54747200012207,1281300.0
2008-12-29,29.44186608272853,29.54191412421818,28.836020551614904,29.52523803710937,3167600.0
2008-12-30,29.6363979183249,30.192219337828803,29.080576498821,30.114404678344727,3410000.0
2008-12-31,30.119959791646806,30.93146061713329,30.119959791646806,30.659107208251957,3977400.0
2009-01-02,30.74804949282598,31.337221128187814,30.22001857022607,31.18714904785156,4233200.0
2009-01-05,31.092652343419925,31.142676360652093,30.38120153859853,30.670228958129883,3593500.0
2009-01-06,30.814745606813148,31.24272844972192,30.20890003961644,30.80362892150879,4578400.0
2009-01-07,30.497923082518327,30.57018046639299,29.569702257005524,29.686424255371094,5222100.0
2009-01-08,29.608611244299524,29.847614656378983,28.73041226590696,29.019439697265625,5726800.0
2009-01-09,29.01388072390696,29.31402482208549,28.302427811155194,28.30798721313477,4417500.0
2009-01-12,28.44693022562579,28.62479284650517,27.996714273861905,28.152345657348636,4044500.0
2009-01-13,28.15791928549798,28.230176679774388,27.45758507419799,27.646564483642575,4530700.0
2009-01-14,27.4520214514286,27.4520214514286,26.55159128380416,26.76280403137207,5578500.0
2009-01-15,26.762798496193252,26.99624244236244,26.15139374711605,26.84617042541504,6495800.0
2009-01-16,27.18523068933209,27.279721451086044,26.25700976078628,26.79059791564941,5857200.0
2009-01-20,26.67943138171108,26.712781434242878,25.48441433628899,25.528881072998047,5306200.0
2009-01-21,25.951309833783228,26.623855583616933,25.69563240573598,26.52380752563477,5867900.0
2009-01-22,26.101381917205448,26.846182948587387,25.95686923363484,26.473783493041992,5012900.0
2009-01-23,26.16807699883713,26.557150349052463,25.895723533395657,26.07914352416992,5856900.0
2009-01-26,26.240337219743942,26.629412763692656,25.8457043927249,26.10694122314453,4972200.0
2009-01-27,26.307032920543904,26.45710286144393,25.806792716574563,26.18475151062012,3864500.0
2009-01-28,26.36816641505541,26.496005082438074,25.59557500940473,26.040231704711918,6525700.0
2009-01-29,25.77899431755144,25.995764300692024,24.81186425397405,24.92302894592285,6384100.0
2009-01-30,25.03975523107999,25.462180709184185,23.47789835519271,23.616853713989254,11081500.0
2009-02-02,23.45009943770013,23.87252480502846,23.01100223047168,23.577938079833984,7534900.0
2009-02-03,23.73355962137769,25.3287654655494,23.566813727889937,25.011947631835938,12611900.0
2009-02-04,25.345460754832537,25.467742169129316,24.77296526115374,25.028642654418945,7367900.0
2009-02-05,24.884125152825227,25.70674059751072,24.68958638423737,25.51776123046875,6893900.0
2009-02-06,25.50108143754701,26.345930054725404,25.46773139676591,26.162508010864254,5884300.0
2009-02-09,26.47377142286941,26.47377142286941,25.81234266116537,26.268115997314453,4769900.0
2009-02-10,26.090254800079855,26.26811747196245,24.62844609806295,24.856332778930664,7184700.0
2009-02-11,25.045309286845608,25.256519860524065,24.62288389890858,25.1787052154541,5426700.0
2009-02-12,24.645121991147462,24.984173398568608,24.061509920806536,24.956382751464844,6390000.0
2009-02-13,24.92302894592285,25.501083647824508,24.82853821566482,24.92302894592285,4030900.0
2009-02-17,24.4005548984673,24.4005548984673,23.45009890376449,23.87252426147461,6473700.0
2009-02-18,24.000371862015992,24.083745932778378,23.48345771198687,23.75025177001953,5958900.0
2009-02-19,24.13783979123915,24.48049970715579,23.75585845639993,24.11536979675293,6161500.0
2009-02-20,23.997420524261937,24.43557497604896,23.452534603449287,24.0423583984375,7247800.0
2009-02-23,24.250198941000168,24.441189714452594,22.930117103482782,22.986289978027344,5575100.0
2009-02-24,23.143573692853224,24.37939599476014,23.059312253437387,24.250194549560547,6988000.0
2009-02-25,23.92438729174752,24.08729159306662,23.357033665971425,23.609813690185547,7472600.0
2009-02-26,23.901925535181256,24.025508446795392,23.0649380234076,23.137962341308597,5721200.0
2009-02-27,22.72227155368486,23.458145959113875,22.166150748927382,23.132339477539062,8382200.0
2009-03-02,22.74474345225004,22.958202076188496,21.62688532011898,21.86281394958496,9002400.0
2009-03-03,22.126821741414524,22.227934580402568,21.475206858411987,21.62125968933105,6553700.0
2009-03-04,21.913366131488445,23.121101908135145,21.750463980219912,22.862703323364254,8823800.0
2009-03-05,22.50881149410043,22.50881149410043,21.890901374650444,22.452638626098636,13430600.0
2009-03-06,22.62115583091623,23.17727442277205,21.593175793156654,22.1212100982666,9498700.0
2009-03-09,21.924603832759736,22.12682958239764,21.34039873063165,21.514535903930664,7429700.0
2009-03-10,21.907756189952305,23.250308085402374,21.78979186321537,23.15481376647949,10005100.0
2009-03-11,23.306474826783514,24.222104819978444,23.08177911416777,23.991792678833008,9720700.0
2009-03-12,23.901914545909253,24.345687394621272,23.452525268732504,24.306365966796875,6623100.0
2009-03-13,24.508601829131283,24.542304699594165,23.91877802459292,24.205263137817383,5570900.0
2009-03-16,24.46926968251539,25.643300347296968,24.46365111132373,25.126501083374023,9306900.0
2009-03-17,25.09841871877641,25.997197397796317,24.82316654296929,25.974729537963867,6448300.0
2009-03-18,25.65454105974871,26.592643450310064,25.025395893624083,26.13201904296875,8582500.0
2009-03-19,26.36793612191839,26.51398895362398,25.733174803900063,25.834287643432617,7202100.0
2009-03-20,25.86800446935988,26.05899525356055,25.042252024224023,25.11527633666992,8956500.0
2009-03-23,25.48039750467108,26.761157522857488,25.295023216324537,26.704984664916992,6403800.0
2009-03-24,26.6207278072416,27.22178649043645,26.32862418149664,26.53646850585937,5976100.0
2009-03-25,26.79486626026359,27.63185353173555,26.362328336655224,27.002708435058597,9207600.0
2009-03-26,27.10943826337116,28.39020062789514,27.10943826337116,28.345260620117188,9107300.0
2009-03-27,28.283478348455727,28.642992098637027,27.89026386723248,28.148662567138672,8372700.0
2009-03-30,27.626241352737,27.76667568163751,26.969007579196557,27.30605125427246,6402500.0
2009-03-31,27.502649765562087,28.04191690382241,26.851034771116577,27.64870262145996,7949200.0
2009-04-01,27.35099015352288,28.277857616255893,27.35099015352288,28.12618827819824,6245700.0
2009-04-02,28.6654542906955,30.12035401170085,28.37335063187251,29.418182373046875,10843900.0
2009-04-03,29.171009481025497,29.670955186416798,29.069896625681512,29.63163375854492,6790900.0
2009-04-06,29.30583750758856,29.620411205608388,28.963179512552717,29.536151885986328,5649400.0
2009-04-07,29.092378289612142,29.176637607610413,28.659840266742187,28.805891036987305,5166500.0
2009-04-08,28.98002517209856,29.35638810568776,28.603660095651783,29.32268524169922,4206900.0
2009-04-09,29.83947892383389,30.496712550222217,29.603550332676296,30.04732322692871,6553100.0
2009-04-13,29.73836630111572,30.305722067479067,29.63163700560474,30.01361846923828,3567200.0
2009-04-14,29.74398487306002,30.32257349759729,29.508054137118204,30.01361846923828,4690100.0
2009-04-15,29.8114117538564,30.507967262143914,29.783325304789845,30.474262237548828,4834300.0
2009-04-16,30.6539884292979,31.530298935326496,30.221450674948592,31.41233253479004,5854300.0
2009-04-17,31.39550494152783,31.530322868966827,30.232708620942223,30.698951721191406,8297600.0
2009-04-20,30.249553619439293,30.249553619439293,29.59793841837857,29.861955642700195,5956900.0
2009-04-21,29.64849273625862,31.24382668552737,29.631641303696085,31.0921573638916,6243600.0
2009-04-22,30.755104064941406,32.159446716308594,30.592199803097174,30.755104064941406,7635100.0
2009-04-23,29.71588663153398,30.17651077645709,28.42950845329084,29.957433700561523,12637600.0
2009-04-24,29.777692021904222,30.35628287262797,29.508058386893108,29.92936134338379,6055600.0
2009-04-27,29.53613909856547,29.53613909856547,28.59242055593892,28.766557693481445,5839300.0
2009-04-28,28.63175056706573,29.01934852858049,28.43514122840872,28.671072006225582,4366500.0
2009-04-29,28.8227392695532,29.44626582139299,28.783417833208095,29.09237289428711,4456600.0
2009-04-30,29.423800954605223,29.727137474018928,29.21595660664636,29.401330947875977,4972300.0
2009-05-01,29.266515626432533,29.54738430669717,28.766569718418744,29.01935195922852,3775900.0
2009-05-04,29.10360495308972,30.49109437277944,28.86767421602263,30.401216506958008,4982000.0
2009-05-05,30.339437778580383,30.985436682930757,30.339437778580383,30.979820251464844,4698900.0
2009-05-06,31.18203561619424,31.361793518066403,30.66523834474201,31.361793518066406,4875100.0
2009-05-07,31.55840070984548,31.974085098994845,31.03036843559763,31.361793518066406,7717400.0
2009-05-08,31.75500072609446,32.518963600705725,31.68197643871044,32.36729431152344,7036100.0
2009-05-11,31.805564342775973,31.94038223346568,31.2269756273767,31.361793518066406,4451100.0
2009-05-12,31.46289866099792,31.592100098736744,30.25516500387551,30.69331932067871,6669500.0
2009-05-13,30.238305283541774,30.238305283541774,29.17100407186734,29.440637588500977,6810200.0
2009-05-14,29.63896378372049,30.012921173534224,29.389657416234005,29.610631942749023,4387400.0
2009-05-15,29.49165161773672,30.313225450068597,29.350001031521447,29.45765686035156,5344800.0
2009-05-18,29.491641932545985,30.12623574519029,29.491641932545985,29.916593551635746,5103700.0
2009-05-19,29.967576779593823,30.256544984388974,29.327315971113,29.361312866210938,5819900.0
2009-05-20,29.75227172840416,30.10923161350975,29.33865250470444,29.383981704711918,5133300.0
2009-05-21,29.1573502484814,29.1573502484814,27.956154125607352,28.04114532470703,7131700.0
2009-05-22,28.211127484384544,28.483096314058784,27.531204329490883,28.13180351257324,6093900.0
2009-05-26,27.88817006734683,29.1233634389398,27.84850807333008,28.976045608520508,4902400.0
2009-05-27,29.027024499127226,29.174342251335386,28.08646512630012,28.188453674316406,4487400.0
2009-05-28,28.27344655439793,28.59640958876332,27.678512601331157,27.76916885375977,5929800.0
2009-05-29,27.859838218977806,28.976045608520508,27.842840839089646,28.976045608520508,5962100.0
2009-06-01,29.576645275485543,30.029926756508008,29.18568824195269,29.780622482299805,6763300.0
2009-06-02,29.67296664458306,30.664520829939452,29.4066649902792,29.780622482299805,5131700.0
2009-06-03,29.30465905755235,29.474639242240865,28.68706272943235,28.908037185668945,6510600.0
2009-06-04,28.953376436518734,29.14035623152021,28.47743042182507,28.896717071533203,4668500.0
2009-06-05,29.406646967507108,29.61628911872872,29.0156901735842,29.19133758544922,4023000.0
2009-06-08,29.072351073679908,29.315990120635128,28.443422471605505,29.140342712402344,4225600.0
2009-06-09,29.100687507495486,29.565301109359652,28.925040058433385,29.395320892333984,3064600.0
2009-06-10,29.56531322697686,29.650304451032,28.78340131448608,29.2650146484375,4698300.0
2009-06-11,29.2480030269436,29.64462497302949,29.20834104847658,29.338659286499023,3692600.0
2009-06-12,29.236675385775563,29.316001516772964,28.37544186339302,28.63041114807129,5606500.0
2009-06-15,28.284775000865626,28.33010420507314,27.593521928024323,27.76350212097168,6316900.0
2009-06-16,27.92215293339233,28.10346544635599,27.41221230121288,27.44620704650879,4237500.0
2009-06-17,27.179907362371186,27.536865180814157,26.93060101898344,27.264896392822266,6353900.0
2009-06-18,27.344223437687493,27.587862576351824,27.00426295469431,27.36688804626465,3756800.0
2009-06-19,27.610525246485583,27.61619247894001,27.021258433346222,27.27622985839844,6419200.0
2009-06-22,27.151575378016204,27.179907216096552,26.296007038817976,26.53964614868164,7168200.0
2009-06-23,26.743627548217773,27.06092343577847,26.596309747779337,26.743627548217773,5780900.0
2009-06-24,27.004269395003945,27.474550408766145,26.845621419959613,26.99293708801269,4696600.0
2009-06-25,26.839942183229176,28.01847564629289,26.839942183229176,27.973146438598636,5046500.0
2009-06-26,27.82582290885,28.386757645054917,27.76349634673501,28.25077438354492,5543700.0
2009-06-29,28.296109879496584,28.817384968290487,27.99014636888636,28.51141929626465,4090000.0
2009-06-30,28.47175559779524,28.74372434712074,28.046804021708745,28.324440002441406,4541400.0
2009-07-01,28.3017792309228,29.032696559477305,28.3017792309228,28.81171989440918,3703300.0
2009-07-02,28.403764109499804,28.483088058319293,27.53686141967773,27.53686141967773,4427300.0
2009-07-06,27.338560684195546,27.86550099050369,27.27623408603192,27.842836380004883,4400800.0
2009-07-07,27.837164648446045,27.85982709210697,26.964596805737123,27.03825569152832,4574500.0
2009-07-08,27.202574434061724,27.327227626958777,26.5056538910227,27.1289176940918,7529600.0
2009-07-09,27.321561392168825,27.531203621049283,27.08358732144241,27.208240509033203,3978200.0
2009-07-10,26.98726168710016,27.638852879106263,26.930600173828505,27.51986694335937,3783300.0
2009-07-13,27.52553444749793,28.01281049795679,27.1459098697801,28.00147819519043,3829400.0
2009-07-14,27.82584212014552,28.143138057010404,27.5935352400481,28.092145919799805,3559800.0
2009-07-15,28.409436615261555,28.69273774171836,28.165797473595426,28.63041114807129,4497200.0
2009-07-16,28.590745377451725,30.26222223450232,28.494424044690465,29.990253448486328,7806700.0
2009-07-17,29.79195182415426,29.99026177692008,29.412327135610063,29.559642791748047,5167500.0
2009-07-20,29.65028615807728,29.98457929086088,29.559627755595283,29.88825798034668,3884700.0
2009-07-21,29.973255999889936,30.182898199987843,29.298998026583178,29.627628326416016,3768000.0
2009-07-22,29.40665357999258,30.33588079588666,29.40665357999258,29.63329315185547,5073200.0
2009-07-23,29.01002684858127,30.596512235939496,28.78338515263778,30.31887626647949,7732600.0
2009-07-24,30.21122063447386,30.426530015116622,29.808933704352967,30.25654983520508,3424100.0
2009-07-27,30.27921811548036,30.738166635053474,30.06957592519344,30.709836959838867,3574800.0
2009-07-28,30.483188543384426,30.539850042790547,29.92225374846261,30.301876068115234,3442000.0
2009-07-29,30.16022766951826,30.35853968917624,29.79760269363725,29.995912551879883,3920200.0
2009-07-30,30.39821558870067,30.624855221760534,30.058252896986364,30.381216049194336,4325600.0
2009-07-31,30.398205896132826,30.59651578200549,30.24522305785292,30.443532943725582,3444100.0
2009-08-03,30.721164739696214,30.947804269464804,30.13189807175024,30.81182098388672,3473100.0
2009-08-04,30.69283591179832,30.92514485678133,30.4378666860263,30.641843795776367,2698900.0
2009-08-05,30.74949073079902,30.766488099108283,29.99590903500025,30.41519546508789,3264100.0
2009-08-06,30.47186472032886,30.53985853853109,30.04124801212708,30.16590118408203,2817300.0
2009-08-07,30.42654097495015,30.879822338460865,30.341549773672376,30.65884780883789,3875400.0
2009-08-10,30.47187432077361,30.636189524407644,30.273564358743894,30.43787956237793,2315400.0
2009-08-11,30.40953660677926,30.568186679865807,30.08657355149748,30.403871536254883,2886900.0
2009-08-12,30.432204516590726,31.18578650169632,30.165902944711306,30.896818161010746,3987200.0
2009-08-13,31.049817781035557,31.146141333736388,30.443553255258205,30.664527893066406,3602000.0
2009-08-14,30.687173519970933,30.8118266893458,30.035580158222363,30.33021354675293,3386200.0
2009-08-17,30.0809026020192,30.143229172684816,29.42364431744449,29.525632858276367,4219500.0
2009-08-18,29.565306302186624,29.89393449130081,29.406658359953298,29.7976131439209,3419000.0
2009-08-19,29.525647107598108,30.23956507654868,29.525647107598108,29.90526962280273,3439800.0
2009-08-20,30.10527878284028,30.23671766474685,29.853830771367136,30.15671157836914,3194800.0
2009-08-21,30.40816489230647,30.69961817779337,30.28815574181315,30.64246940612793,5157700.0
2009-08-24,30.625324474740555,30.831055683393835,30.42530923299578,30.5853214263916,2565000.0
2009-08-25,30.728199074055716,31.15680515754728,30.65962271109798,31.071083068847656,4165900.0
2009-08-26,31.0367757152536,31.122495567988413,30.65388673036552,30.865331649780277,3316800.0
2009-08-27,30.751040983790045,31.05963553043497,30.373867933444448,30.83104705810547,2900500.0
2009-08-28,30.97393035693531,31.14537233747124,30.49389150343288,30.693906784057617,3064200.0
2009-08-31,30.54531541896992,30.67675430509803,30.21957509682582,30.551029205322266,3474100.0
2009-09-01,30.511030728720183,30.991069514274244,29.962415596659188,30.04813766479492,4098800.0
2009-09-02,29.968113471854863,30.293853669809685,29.75095479321937,30.14527130126953,3802000.0
2009-09-03,30.21957709309255,30.37958928155742,29.813828475195457,30.19100379943848,4018900.0
2009-09-04,30.24242918862924,30.77961660841357,30.145279571009976,30.75104331970215,2914900.0
2009-09-08,30.80247967434113,31.031068190475768,30.5053126413639,30.916772842407227,3716100.0
2009-09-09,31.516812443368288,31.85398240957301,31.29393560740105,31.67682456970215,6638300.0
2009-09-10,31.81398548710756,32.322599641191154,31.73969536909728,32.174015045166016,5785900.0
2009-09-11,33.05408054500528,33.671271785097744,32.84263561997379,33.60269546508789,12311500.0
2009-09-14,33.45411587142488,33.871291971358694,33.27695800158912,33.8255729675293,4696400.0
2009-09-15,33.87700879597039,34.00273388777803,33.63699054434011,33.88272476196289,4690600.0
2009-09-16,34.077025410765344,34.077025410765344,33.53412419394406,33.83129119873047,4489000.0
2009-09-17,33.54556228793882,34.05417437607578,33.31125776935879,33.62556838989258,4127900.0
2009-09-18,33.72843231458573,33.871300969503494,33.436979037752,33.58556365966797,5066100.0
2009-09-21,33.505558175792146,33.63699707912514,33.09409574448701,33.44269561767578,2943100.0
2009-09-22,33.68842588476093,33.68842588476093,33.316966547251994,33.50555419921875,3619400.0
2009-09-23,33.51126519466593,33.9570146185506,33.231243903252015,33.282676696777344,3128800.0
2009-09-24,33.25981720304415,33.48840570100185,32.888357896359764,33.174095153808594,3565800.0
2009-09-25,33.14552717187779,33.20838972738349,32.18544965870595,32.46547317504883,4016900.0
2009-09-28,32.60833412751142,33.09980034178338,32.40831675449177,32.93407440185547,2729300.0
2009-09-29,33.05408218152939,33.076941682665094,32.391171908608065,32.44831848144531,3178400.0
2009-09-30,32.51119370005577,32.63120285782291,31.882572433654,32.271175384521484,5314500.0
2009-10-01,32.214011268649536,32.35687986843244,31.482524735361636,31.545387268066406,5132900.0
2009-10-02,31.305368986775864,31.69968774382853,31.196789628458077,31.396804809570312,4673900.0
2009-10-05,31.453957126337848,31.83684399643573,31.18536341268564,31.77969741821289,3542500.0
2009-10-06,31.916843335804565,32.28258877117785,31.625392360430933,31.768260955810547,4088500.0
2009-10-07,31.71683966635011,31.88828160692447,31.51682443234712,31.7911319732666,2349600.0
2009-10-08,31.85970582745948,32.391177327770656,31.84256228874053,32.191162109375,7005400.0
2009-10-09,32.174015222864604,32.265451059384205,31.79684212472099,31.985429763793945,3299800.0
2009-10-12,32.031154168433815,32.24831514903416,31.75684659399261,31.96257781982422,2179200.0
2009-10-13,31.96830058586817,31.96830058586817,31.505407377741044,31.848291397094727,3435600.0
2009-10-14,32.06544757522015,32.734071965548495,32.02544451836306,32.694068908691406,4870400.0
2009-10-15,32.61406152705656,33.03123780377867,32.40261649474602,32.97980499267578,4223900.0
2009-10-16,32.66547958794959,32.7797749143459,32.4026018632395,32.64262008666992,4499400.0
2009-10-19,32.74547693973952,33.008354594424695,32.6426113913842,32.928348541259766,2738900.0
2009-10-20,33.025503998817165,33.09408031205528,32.631185292694205,32.991214752197266,3331000.0
2009-10-21,32.854068127403416,33.29981751488186,32.39688680896163,32.63119125366211,4453400.0
2009-10-22,32.55118517693542,32.79691937259715,31.893990846679017,32.63119125366211,5528400.0
2009-10-23,32.62548020999088,32.62548020999088,31.608256268975957,31.831130981445312,6065400.0
2009-10-26,31.8139880371416,32.21973663573107,31.00820898642549,31.15679359436035,8866100.0
2009-10-27,31.202513258477538,31.31109483105637,30.859629359814004,31.14536666870117,5855800.0
2009-10-28,31.088228794589547,31.47683181802216,30.99679291731148,31.071083068847656,4765700.0
2009-10-29,31.208219378807627,31.52824366858721,31.036777483568283,31.396804809570312,3260600.0
2009-10-30,31.20821580137985,31.368227927927297,30.63102546490217,30.67674446105957,5477300.0
2009-11-02,30.728179013403835,30.962483432215283,30.385293062459034,30.865331649780277,4203400.0
2009-11-03,30.893905222412545,31.17964240737011,30.779609912429176,30.97391128540039,4269200.0
2009-11-04,31.225361632457915,31.44252252018052,30.55673761447244,30.573881149291992,4113800.0
2009-11-05,30.659621567035487,31.17394754003135,30.65390559866706,31.122514724731445,2954300.0
2009-11-06,31.0825014545932,31.448244829899657,30.88820001396133,31.35109519958496,3276200.0
2009-11-09,31.48825503282089,32.1854548629787,31.431108434940374,32.116878509521484,5100600.0
2009-11-10,32.07687060256199,32.619771920311194,32.00829207947604,32.48833084106445,5075400.0
2009-11-11,32.699786570043386,33.41984381075944,32.5797752132547,33.18553924560547,6085800.0
2009-11-12,33.39863277988384,33.39863277988384,32.58656059915659,32.73054504394531,5330900.0
2009-11-13,32.83997048356818,32.85148950211157,32.569279040368976,32.64990997314453,4447300.0
2009-11-16,32.86300092009055,33.536846871320265,32.82844387245275,33.254638671875,4234200.0
2009-11-17,33.093370630393515,33.19128115497106,32.77084701302599,32.86875534057617,3745900.0
2009-11-18,32.83419656813715,33.099129493201865,32.59230386784919,33.041534423828125,4308600.0
2009-11-19,32.81693572558949,32.98395821561546,32.540485844009446,32.92060470581055,3981200.0
2009-11-20,32.730537728301826,33.19704581904937,32.730537728301826,33.12217330932617,4227500.0
2009-11-23,33.39860508001884,33.865112888127726,33.30069459631202,33.49651336669922,4056800.0
2009-11-24,33.519570917125264,33.646275703302734,33.22008308220334,33.358306884765625,3624300.0
2009-11-25,33.41590045123859,33.663553799711345,33.369824387788945,33.519569396972656,3004700.0
2009-11-27,32.90332992457029,33.24889175511721,32.546246876372805,33.07611083984375,2082700.0
2009-11-30,32.97243697087422,33.387112863775286,32.82845252995337,33.099143981933594,4321400.0
2009-12-01,33.34678894397595,33.49653175788728,33.225840374516714,33.33526992797852,3998700.0
2009-12-02,33.358310949178275,33.54837144714325,33.2143265223665,33.34679412841797,4060600.0
2009-12-03,33.34103819765803,33.485022644666074,33.12218122303788,33.15673828125,5309200.0
2009-12-04,33.571404680000306,33.69235105393291,33.0242634969839,33.32950973510742,4978700.0
2009-12-07,33.38710481580939,33.38710481580939,33.17400631275364,33.32950973510742,4357500.0
2009-12-08,33.78450022015536,33.78450022015536,33.093374646592935,33.254638671875,6394000.0
2009-12-09,33.41590408307607,33.50805402296312,33.05882334064221,33.26615905761719,4119700.0
2009-12-10,33.45621494581888,33.65203381579155,32.972427278652745,33.1912841796875,4972000.0
2009-12-11,33.323759274487024,33.82482451246426,33.208571282634225,33.41014862060547,4969800.0
2009-12-14,33.67508331332624,33.98032963923984,33.536857276914844,33.974571228027344,3614900.0
2009-12-15,33.90544122270651,34.36043239126909,33.819051912832485,34.124298095703125,4683300.0
2009-12-16,34.18766938787254,34.41228478641833,33.90545888904036,33.98033142089844,4451300.0
2009-12-17,33.53108393754257,33.68082672971293,33.09913078697798,33.536842346191406,4150800.0
2009-12-18,33.709633341946706,33.8248213229378,33.22008716901954,33.39286804199219,5633600.0
2009-12-21,33.46197911569779,33.79602403252276,33.46197911569779,33.76146697998047,3192700.0
2009-12-22,33.87666149537463,34.02064594654403,33.657804514429195,33.73843765258789,3125400.0
2009-12-23,33.62898843010872,33.82480725725603,33.317981669869965,33.40437316894531,2667100.0
2009-12-24,33.513803304408995,33.60595321919597,33.427413995124056,33.473487854003906,684800.0
2009-12-28,33.611727449815355,33.611727449815355,33.24888605205797,33.381351470947266,1788400.0
2009-12-29,33.39861064927315,33.80752567423077,33.39861064927315,33.721134185791016,2576800.0
2009-12-30,33.54261369466771,33.71539457082516,33.31799613893217,33.508056640625,2596900.0
2009-12-31,33.398617262863574,33.41589468516207,33.00697957923113,33.041534423828125,2357500.0
2010-01-04,33.508056640625,33.876656428968374,33.39286865751069,33.508056640625,3897200.0
2010-01-05,33.54837351071021,33.98032681771507,33.47350098899483,33.565650939941406,5966300.0
2010-01-06,33.52531572200552,33.559872757136475,33.29494207887964,33.31797790527344,5770200.0
2010-01-07,33.38135196728671,33.38135196728671,32.937879629440054,33.0645866394043,5747000.0
2010-01-08,34.42379343464397,35.20706898631165,34.27980902285294,34.65416717529297,13779300.0
2010-01-11,34.87302587374719,36.50293055286595,34.84422942932687,36.18040466308594,13744900.0
2010-01-12,36.00761515480276,36.24950786629308,35.765720246285085,35.93850326538086,5662500.0
2010-01-13,36.35893043862701,36.41076489501928,35.66780508573911,35.748435974121094,5822600.0
2010-01-14,35.62750720096053,35.91547605684023,35.61022977265671,35.823326110839844,4698000.0
2010-01-15,35.82332341090505,35.93851138398103,35.546873593739384,35.66781997680664,6066300.0
2010-01-19,35.71389724027125,36.157369550670985,35.708138829732995,35.85212326049805,3525000.0
2010-01-20,35.800283803935926,35.829080246682736,34.942135749103315,35.22434616088867,5261100.0
2010-01-21,35.1725179838259,35.31650242037243,34.28557332741247,34.38348388671875,6344200.0
2010-01-22,34.26252902208609,34.297083872221805,33.74994270912114,33.836334228515625,5623300.0
2010-01-25,34.04367211744031,34.27980644715395,33.554123835917565,33.836334228515625,3520500.0
2010-01-26,33.686598026409,34.09551327809986,33.34103407807028,33.772987365722656,3285800.0
2010-01-27,33.77874364870945,34.26828976656355,33.47349520386875,34.17613983154297,5247300.0
2010-01-28,34.27406368647463,34.35469683850614,33.438955483635645,33.957298278808594,5711600.0
2010-01-29,34.055206541795734,34.43532544447056,33.23737363178106,33.27193069458008,6565200.0
2010-02-01,33.3755898228789,33.70963254310624,33.087620975739355,33.62900161743164,6331100.0
2010-02-02,34.406518778602205,34.5274651669583,33.57716709381081,33.76146697998047,7843800.0
2010-02-03,33.824814188298994,34.15309843681071,33.54836441044847,33.90544509887695,4745400.0
2010-02-04,33.65202892082734,33.76721686235521,32.96666407412875,32.995460510253906,7259900.0
2010-02-05,32.93211501655497,33.24888028478208,32.38497380942025,32.943634033203125,5799400.0
2010-02-08,32.926361589743365,33.0588292115696,32.53472592344359,32.609596252441406,3485100.0
2010-02-09,33.03002958295182,33.508058977250954,32.77085934915687,33.0645866394043,5253000.0
2010-02-10,33.08761222166654,33.08761222166654,32.58078656962525,32.86875534057617,4704000.0
2010-02-11,32.99071094453843,33.18815587472637,32.72938644645565,32.938446044921875,6647300.0
2010-02-12,32.67130684477811,32.764221957929074,32.386755279934334,32.60742950439453,6148400.0
2010-02-16,33.06619238227916,33.385590119526974,32.79325551854569,33.29267501831055,5065200.0
2010-02-17,33.39720916748047,33.4494740606957,33.18234336882728,33.39720916748047,4489000.0
2010-02-18,33.28107839179239,33.45529402408765,33.06040407607336,33.19977569580078,4332500.0
2010-02-19,33.07200304359415,33.774673682195214,32.973279495830774,33.5714225769043,4886100.0
2010-02-22,33.722411001058965,33.80951988917775,33.490122109589564,33.65272521972656,2916300.0
2010-02-23,33.65273416674092,33.983744485162006,33.3914096481791,33.914058685302734,5622400.0
2010-02-24,33.93148662573007,34.23346144150666,33.83276302476845,34.12312316894531,4748300.0
2010-02-25,33.67015076536333,33.92566680908203,33.36236982460315,33.92566680908203,4441400.0
2010-02-26,33.92565593383063,34.23343899119884,33.6236835313598,34.11148834228516,3895100.0
2010-03-01,34.1463527646037,34.57608675588239,34.10570252134016,34.17538833618164,3944600.0
2010-03-02,34.36702238493717,34.60511758367276,34.26829879677901,34.35540771484375,6304900.0
2010-03-03,34.808366005431395,34.84321001294212,34.33798408803052,34.36701965332031,6077200.0
2010-03-04,34.454141120067945,34.65739236643593,34.210237409153926,34.37864685058594,4370400.0
2010-03-05,34.587689260946775,34.674795945039804,34.390244342289364,34.54703903198242,5400400.0
2010-03-08,34.651579409782414,34.779338585304075,34.529628677842005,34.727073669433594,4076700.0
2010-03-09,34.65739123816317,35.09293150786334,34.51221114826312,35.01163101196289,5471000.0
2010-03-10,34.976786885302005,35.441362728498696,34.889680160793326,35.267147064208984,6309500.0
2010-03-11,35.18584080585944,36.28921019110626,35.104540323524375,36.27759552001953,10353600.0
2010-03-12,36.29500525622682,36.31242614986299,36.00464521417701,36.19047546386719,5878800.0
2010-03-15,36.138220293511495,36.469230653310895,36.01626957469528,36.41115951538086,4937900.0
2010-03-16,36.44599478918374,36.55633303288392,36.1788640580797,36.28339385986328,5827100.0
2010-03-17,36.29500795183581,36.71312715232783,36.29500795183581,36.51568222045898,5771400.0
2010-03-18,36.56214875955422,37.45065009030447,36.295017959040976,37.40999984741211,7749200.0
2010-03-19,37.35771942138672,37.71195898301825,37.1776932049651,37.35771942138672,7976500.0
2010-03-22,37.17190201011193,37.543562591342834,37.0789846495324,37.14286422729492,3829600.0
2010-03-23,37.21255267065683,37.57840481337359,36.99187836731604,37.52614212036133,4073400.0
2010-03-24,37.47967888874082,37.51452067985181,36.89895874066094,37.03252410888672,4127800.0
2010-03-25,37.18931003971235,37.45063227247087,36.89895003418418,36.96282958984375,4120000.0
2010-03-26,37.00349457146013,37.322888046599225,36.84669984010812,36.974456787109375,2906000.0
2010-03-29,37.04995205911468,37.49710692411143,37.00349559036373,37.2415885925293,3226100.0
2010-03-30,37.34033278248604,37.71779759196318,37.259032260702085,37.47389602661133,3493100.0
2010-03-31,37.37514846963604,37.51452006232896,37.084788400375686,37.4041862487793,3177900.0
2010-04-01,37.578410110881926,37.71197772942643,36.997689810425314,37.25320816040039,3573900.0
2010-04-05,37.40999003055818,37.52613671587527,37.17189707910845,37.2706184387207,3827300.0
2010-04-06,37.142850062886,37.42740161769589,37.032514062182095,37.29383850097656,3543000.0
2010-04-07,37.17770798593313,37.2241666686768,36.73055534852087,36.974456787109375,4836600.0
2010-04-08,36.95702015969026,37.39256015632131,36.60278060798698,37.322872161865234,4319600.0
2010-04-09,37.32869062031365,37.51452089152602,37.16028346002663,37.421607971191406,2790700.0
2010-04-12,37.63645902924839,37.74098879882407,37.54935458005337,37.60742568969727,3687800.0
2010-04-13,37.392557229672576,37.84551808182972,37.30544835105583,37.67710876464844,4793600.0
2010-04-14,37.6887432855645,38.04878698757683,37.613246821173256,38.00813674926758,6098900.0
2010-04-15,39.77932549241103,40.499417151283765,39.70963748779395,40.00580596923828,15257900.0
2010-04-16,40.01161055750981,40.38327101859179,39.48896164956885,39.61091232299805,8515500.0
2010-04-19,39.552845542646125,39.80836379910439,39.332173504232046,39.65737533569336,5006500.0
2010-04-20,39.95354743424602,40.10453148076849,39.26248904935285,39.52381134033203,5222600.0
2010-04-21,39.634139159165045,39.994187146521774,39.53541782458949,39.55864715576172,3890900.0
2010-04-22,39.44833390621957,39.69804383617902,38.98956429394317,39.63997268676758,4666300.0
2010-04-23,39.74449804725702,40.01162884886995,39.34379962956553,39.988399505615234,4269300.0
2010-04-26,40.04646143220476,40.33101306813608,39.76190979627343,39.79094314575195,6395400.0
2010-04-27,39.72707038381776,39.76191217749583,38.1707400950746,38.45529174804688,8133600.0
2010-04-28,38.86758768295126,39.70962986536339,38.68756591042466,39.66897964477539,7691300.0
2010-04-29,39.89546856738841,40.62136868273786,39.80836409798064,40.47618865966797,5838400.0
2010-04-30,40.50522147037877,40.83042326441047,40.04645212205996,40.15098190307617,7025900.0
2010-05-03,40.35422939378879,41.16723823626607,40.15678673104495,41.05690002441406,5424700.0
2010-05-04,40.63880447207515,40.63880447207515,39.55285602487404,40.034854888916016,6279200.0
2010-05-05,39.44831934143621,39.65737894656591,38.71080671206532,39.01277923583984,8384200.0
2010-05-06,38.81533781803177,39.16377349841552,35.56911387810341,37.7468147277832,11149400.0
2010-05-07,37.54355789945307,37.82230108526939,36.56213944606364,37.12543869018555,8678000.0
2010-05-10,38.327543639218746,39.43091320585066,38.17075109195253,39.18701171875,7940600.0
2010-05-11,38.83856335901109,39.512200882601405,38.623699731745056,38.902442932128906,4941200.0
2010-05-12,39.076661137568586,39.88967026930461,38.8676015199638,39.62253952026367,4184400.0
2010-05-13,39.61083731141786,39.75702434478284,39.00269871726664,39.05532836914063,3586500.0
2010-05-14,38.75711666074663,38.9910168733068,38.11389442216277,38.44720077514648,4656400.0
2010-05-17,38.54075951445627,38.87406584036932,37.71041360424337,38.33024978637695,4882700.0
2010-05-18,38.68108343543135,38.96760872363164,37.93260666389472,38.178199768066406,4282200.0
2010-05-19,37.844896112141264,38.289305898114,37.50574115807592,38.08464050292969,5304000.0
2010-05-20,37.49406154449714,37.96185749453715,36.96778719708621,37.09058380126953,7218400.0
2010-05-21,36.56430008454902,37.10226952745624,35.96201022067333,36.47658920288086,13071700.0
2010-05-24,36.28361482313088,36.839125897877,36.03802172118399,36.04971694946289,6607100.0
2010-05-25,35.231075590099245,36.28362180060549,34.81005621364189,36.23684310913086,7427100.0
2010-05-26,36.54675971753508,36.82159206441485,35.99709725441274,36.230995178222656,5863000.0
2010-05-27,36.885925587826215,37.201687989549136,36.3362607320935,37.17245101928711,4861100.0
2010-05-28,36.98533060133088,37.07889024168976,36.27193694944579,36.69880294799805,4276800.0
2010-06-01,36.31871539944429,36.55261336901561,35.72811839770361,35.76905059814453,5406500.0
2010-06-02,36.002955977884625,36.63448527092059,35.62286865552358,36.59939956665039,4652600.0
2010-06-03,36.69294480167418,37.04379278401703,36.40641723927243,36.84497833251953,3619700.0
2010-06-04,36.14914309007297,36.27778844184339,35.13752870465107,35.41236114501953,5186400.0
2010-06-07,35.412350666304015,35.424045897607726,34.10836248954353,34.17853164672852,7057100.0
2010-06-08,34.160984100556455,34.55276650089761,33.62886340056851,34.48259735107422,7424300.0
2010-06-09,34.62292881055677,35.0731850416912,34.13758912676031,34.27792739868164,5420700.0
2010-06-10,34.967930414804826,35.66962847018162,34.79250645861978,35.57606887817383,6315700.0
2010-06-11,35.33632665744241,35.8742938204066,35.16674917886752,35.786582946777344,4411200.0
2010-06-14,36.07895089978148,36.55259533712484,35.687168592298654,35.716407775878906,3873300.0
2010-06-15,36.02047846774308,36.69878610672536,35.903530643940805,36.64031219482422,4834900.0
2010-06-16,36.44150176217924,37.12565820565569,36.3713326140863,36.4941291809082,8791700.0
2010-06-17,36.79235892975272,36.79235892975272,35.89769481837076,36.371341705322266,5598500.0
2010-06-18,36.40642381710349,36.56430610687472,36.25439025878906,36.5467643737793,5100000.0
2010-06-21,36.85667016598556,37.0964167856402,36.160820765192064,36.35378646850586,5075400.0
2010-06-22,36.312856620342856,36.42396018848828,35.14920913439379,35.31878662109375,6483100.0
2010-06-23,35.31878598890631,35.60531130758668,34.87437618555333,35.307090759277344,3502600.0
2010-06-24,35.184287073711765,35.68132422600027,34.956235704233,35.137508392333984,4603500.0
2010-06-25,35.166750400822764,35.31878615608204,34.79251197347221,35.289546966552734,4359700.0
2010-06-28,35.28956283701786,35.424056923553984,34.798374122563025,34.86854553222656,2573100.0
2010-06-29,34.50014764217371,34.50014764217371,33.348192846080146,33.64641571044922,6077500.0
2010-06-30,33.529448678048965,34.067415739567345,33.15521033427332,33.26631164550781,4703900.0
2010-07-01,33.59963684084028,33.99726586397998,33.254635254017245,33.915401458740234,6305900.0
2010-07-02,33.909542088036844,34.06157560712058,33.020724740140274,33.19029998779297,4630300.0
2010-07-06,33.52947336690474,34.044052583816125,33.10260730230532,33.447608947753906,4749400.0
2010-07-07,33.4943675384735,34.862678062586,33.4943675384735,34.77496719360352,6372400.0
2010-07-08,34.98547727866241,35.3070882634957,34.65216883439004,35.061492919921875,4122500.0
2010-07-09,35.084882728548855,35.25446019708967,34.82174566195739,35.11996841430664,2700000.0
2010-07-12,35.312940511541015,35.3772631651068,34.757429321498684,35.09658432006836,3555100.0
2010-07-13,35.48836173970478,36.0497216165843,35.47082001033376,35.84505844116211,5123400.0
2010-07-14,35.81583875195159,36.4532145838649,35.81583875195159,36.11405944824219,4290000.0
2010-07-15,36.1432901858763,36.16667842062434,35.33048824350855,35.86845779418945,3607000.0
2010-07-16,35.66379470939719,35.83921872823732,34.76328192054377,34.89777374267578,6274700.0
2010-07-19,34.99718501448886,35.459136708844895,34.63464169149548,35.3538818359375,4435000.0
2010-07-20,35.00302484659378,35.64040042351997,34.65802334659452,35.59946823120117,3071100.0
2010-07-21,35.92693034889788,35.92693034889788,34.71650169459351,35.09074020385742,4417600.0
2010-07-22,36.8391286325552,37.605147181275335,36.6052285108874,36.92684173583984,11500700.0
2010-07-23,37.04965215597491,37.423890706134216,36.78066847687762,37.23092269897461,4716200.0
2010-07-26,37.844888691168535,38.00861740619155,37.52327552860699,37.93844604492188,4998000.0
2010-07-27,38.04371780172176,38.15482139123524,37.745499421356456,37.80982208251953,4474000.0
2010-07-28,37.77472556217502,38.17820317017827,37.58760635261642,37.89167785644531,4010300.0
2010-07-29,38.06709854320086,38.19574383266979,37.51158966006546,37.65192794799805,3781200.0
2010-07-30,37.394647501533306,38.213293635825934,37.21337475812582,38.00863265991211,5191500.0
2010-08-02,38.43550857825361,38.9734759555327,38.13728568945246,38.94423675537109,5489500.0
2010-08-03,38.87406981302418,39.03779862686776,38.48228505272636,38.94423675537109,5170600.0
2010-08-04,38.991015210668735,39.587456489052265,38.92669254342562,39.40033721923828,4940100.0
2010-08-05,39.10212005767452,39.599155215724096,38.9559329840555,39.42372894287109,4357700.0
2010-08-06,38.98515526154328,39.46464853130658,38.59337510017155,39.0026969909668,4663600.0
2010-08-09,39.22491666416144,39.599155215724096,39.14889653066327,39.42372894287109,2623300.0
2010-08-10,39.17228088996595,39.49389418629131,38.991010374550605,39.300926208496094,4724800.0
2010-08-11,38.78050247241557,38.95592872609413,37.88583839345982,38.13143157958984,5524900.0
2010-08-12,37.683791656403535,38.12553888517464,37.43641554499613,37.97829055786133,3950500.0
2010-08-13,37.82516314315401,38.16678045031623,37.76626469211384,37.95474243164063,3299900.0
2010-08-16,37.71324503661016,38.24923116416949,37.53654747369035,38.07842254638672,2895800.0
2010-08-17,38.34937128225355,39.19752345173856,38.3081419125516,38.885353088378906,4400400.0
2010-08-18,38.83232528131993,39.22694968165276,38.50837719527842,38.97368240356445,3845400.0
2010-08-19,38.76754251605849,38.979580483732754,38.18444035178561,38.53194427490234,5560200.0
2010-08-20,38.23155822357487,38.38469324999777,37.91938799203039,38.34346389770508,4976900.0
2010-08-23,38.69096248606462,38.9795678789822,38.39646590326592,38.41413497924805,3380500.0
2010-08-24,37.954743464657525,38.16678148910418,37.52477622240072,37.607234954833984,6716100.0
2010-08-25,37.30684375086993,37.48943252207394,36.87687881883946,37.3127326965332,4544700.0
2010-08-26,37.43052659469021,37.84871357688908,37.29505839507105,37.35984802246094,3493900.0
2010-08-27,37.64844497234219,38.10197226130726,37.29504994443977,37.97239303588867,3802800.0
2010-08-30,37.81336599024998,38.20799489480645,37.63077951522818,37.66022872924805,3007100.0
2010-08-31,37.4658661238821,37.84871268755491,37.271497246279566,37.57777404785156,3966400.0
2010-09-01,38.19031775660286,39.16804864669599,37.93116379869054,38.9854621887207,6207400.0
2010-09-02,39.17983783279004,39.72760185834687,39.17983783279004,39.53323745727539,4991400.0
2010-09-03,39.7570455440117,40.25179773160164,39.64513538524931,39.83950424194336,4317900.0
2010-09-07,39.5921404251612,39.745279980376026,39.30353489290755,39.50968170166016,3024600.0
2010-09-08,39.521448728064136,40.24591244955209,39.521448728064136,39.79238510131836,3622200.0
2010-09-09,40.29893624894999,40.428515544551765,39.73939419284854,39.84541320800781,3312000.0
2010-09-10,39.96319400695796,40.10455113896637,39.78649871536298,39.910186767578125,3600200.0
2010-09-13,40.28123455005484,40.93501719861914,39.621560712733455,39.77470016479492,4532000.0
2010-09-14,39.78060419686973,39.94552158602918,39.69814550229,39.72759246826172,3912000.0
2010-09-15,39.64514039196848,39.91607678991175,39.44488481274795,39.85129165649414,4227300.0
2010-09-16,39.38599548927521,39.45667183068636,39.00314882986488,39.297645568847656,5561000.0
2010-09-17,39.37420233984709,39.4861125080409,38.93245735212929,39.27407455444336,5438000.0
2010-09-20,39.49790407659712,39.63926575706195,39.20929850955999,39.40366744995117,3417500.0
2010-09-21,39.72758993037635,39.72758993037635,39.33885675128531,39.4566535949707,3937400.0
2010-09-22,39.444878129457166,40.03976256200794,39.444878129457166,39.768821716308594,6831000.0
2010-09-23,39.3918654637252,39.60390338525939,38.89711330925321,39.1032600402832,4042800.0
2010-09-24,39.421315056113855,39.78060126761012,39.421315056113855,39.6215705871582,4637500.0
2010-09-27,39.70993731768744,39.86307687290226,39.50968170166016,39.50968170166016,3187800.0
2010-09-28,39.66280959630702,39.77471976954962,39.09737652575838,39.56857299804688,3699700.0
2010-09-29,39.36242946659513,39.50378662245222,39.01492102860372,39.309417724609375,4560200.0
2010-09-30,39.5273290373208,40.0515325598614,39.256392738655165,39.27995300292969,4538900.0
2010-10-01,39.55680460479528,39.71583086851411,38.973697819277646,39.13272857666016,3910900.0
2010-10-04,39.020819551788094,39.24463546508315,38.54373625259903,38.94425201416016,3936300.0
2010-10-05,39.39187215063946,40.216463708398585,39.17394749526926,39.980865478515625,7262300.0
2010-10-06,40.0515387502599,40.139888631529566,39.87483898772058,39.93962860107422,3600600.0
2010-10-07,40.16346687541229,40.21647413170157,39.47434108800613,39.68049240112305,3442600.0
2010-10-08,39.79236923740579,39.90427935548844,39.415414042839394,39.77470016479492,4287200.0
2010-10-11,39.72759960806543,39.81594950918237,39.4389941251685,39.668701171875,2811700.0
2010-10-12,39.52144222216673,39.727588940309474,39.026690098624144,39.60390090942383,3010600.0
2010-10-13,39.99853595264029,40.9055816528392,39.89251698209388,40.44028091430664,8406100.0
2010-10-14,40.3755008989227,40.87614440917969,40.3637185140245,40.87614440917969,5099000.0
2010-10-15,41.05872598586891,41.17652735234368,40.64054124562447,40.82312774658203,5733000.0
2010-10-18,40.8996975443681,41.08228403544254,40.48151282675936,40.935035705566406,3982700.0
2010-10-19,40.540407971394,40.69354298660614,39.86895600111908,40.487396240234375,4388600.0
2010-10-20,40.48739427137679,41.16473739965589,40.48739427137679,41.023380279541016,4773000.0
2010-10-21,41.20007886812007,41.229530330106456,40.4108300159016,40.988040924072266,6172200.0
2010-10-22,40.99981911630919,41.20007465763223,40.71121369171821,41.12939834594727,2969600.0
2010-10-25,41.19420666956668,41.22365364825518,40.787799718157046,40.82902908325195,4036000.0
2010-10-26,40.66411209501414,41.01161610575405,40.44618288060286,40.8879280090332,2869300.0
2010-10-27,40.60521287757443,40.69944949982398,39.72760933687098,40.03977966308594,5400400.0
2010-10-28,40.198795571140096,40.28714547112786,39.44488481274795,39.85129165649414,5237100.0
2010-10-29,39.73348827974287,39.7806088231717,39.46255189552057,39.66280746459961,4329100.0
2010-11-01,39.686367736314025,40.06921428776423,39.42132254343592,39.66280746459961,2841000.0
2010-11-02,40.03976710245748,40.36960191735606,39.99853775059516,40.22824478149414,3069000.0
2010-11-03,40.234133547844735,40.46384059055446,39.8748472515731,40.422611236572266,2704500.0
2010-11-04,40.69354520231156,41.01749331686431,40.45206028445957,40.85846710205078,4203400.0
2010-11-05,40.8408004916299,41.20597801996476,40.8054623253489,41.10585021972656,3685200.0
2010-11-08,40.99983489618362,40.99983489618362,40.61109705765332,40.92326736450195,3304700.0
2010-11-09,41.12941567199974,41.1588626497193,40.487410443887846,40.63465881347656,4615200.0
2010-11-10,40.48045655913051,40.62871489231347,40.09498398795777,40.36777877807617,4962500.0
2010-11-11,40.18987649089155,40.5279053896605,40.01790076519912,40.49232482910156,2770800.0
2010-11-12,40.37963943319734,40.53976097459517,40.18394186241237,40.39743423461914,2802100.0
2010-11-15,40.4626662830662,40.75918294943211,40.29068607363573,40.36777877807617,2456100.0
2010-11-16,40.14835976337298,40.27290076014008,39.67393575341848,40.03568649291992,4070300.0
2010-11-17,39.97045209101048,40.10092016301344,39.71544754786445,39.87556457519531,2560500.0
2010-11-18,40.284770530825895,40.699892219410174,40.17802430740607,40.42709732055664,2885300.0
2010-11-19,40.45082312200579,40.98455429077149,40.24919386074291,40.98455429077149,4166400.0
2010-11-22,40.7829022714726,40.96674569015118,40.41522448308641,40.79476547241211,3441300.0
2010-11-23,40.33220953655531,40.48046791131527,39.98824902123544,40.421165466308594,3775400.0
2010-11-24,40.65244099335366,41.43524489293292,40.65244099335366,41.26919174194336,4635100.0
2010-11-26,40.97268701929299,41.20397427321649,40.88966268177669,40.97861862182617,1842200.0
2010-11-29,40.895580131197605,41.50047669460233,40.67615615827856,41.44116973876953,5209100.0
2010-11-30,41.07349558734655,41.89781167218932,40.95488618966197,41.58943176269531,7606600.0
2010-12-01,42.08757989116462,42.6391011180161,42.02827745779594,42.36630630493164,5762100.0
2010-12-02,42.37222968138622,42.81700467954417,42.36037100554219,42.61537551879883,4513800.0
2010-12-03,42.36631865424494,42.627250342022975,42.02828970857754,42.579811096191406,3859200.0
2010-12-06,42.50269749920029,42.71025825894363,42.23583431159959,42.51456069946289,3498500.0
2010-12-07,42.787355487194894,42.94747249485827,42.46118534725162,42.51456069946289,4994600.0
2010-12-08,42.54422031613984,42.79922489188774,42.33665950436512,42.70434188842773,2932200.0
2010-12-09,42.88223493042112,43.64131680315917,42.87630785526384,43.31515121459961,6291600.0
2010-12-10,43.49901025428282,43.6294783600006,42.9059767006471,43.22621536254883,3404000.0
2010-12-13,43.4337710165178,43.4337710165178,43.11946399452918,43.15504455566406,2979200.0
2010-12-14,43.3151544018724,43.3388762777016,42.781423506928256,43.05421829223633,3857900.0
2010-12-15,42.79330121276249,43.17284230571273,42.71027235697333,42.84667205810547,3520800.0
2010-12-16,42.84666382340021,43.84889173298719,42.443400924082894,43.74214553833008,7250500.0
2010-12-17,43.73028933100594,43.81331365963151,43.22028015545654,43.3270263671875,6813000.0
2010-12-20,43.54644734469373,43.61168138754612,42.89411144065614,43.13725280761719,3515200.0
2010-12-21,43.29144152118073,43.39818772234938,43.20841720077023,43.22027587890625,2127400.0
2010-12-22,43.327028511412,43.39819416425009,43.095745795296665,43.20842361450195,1531600.0
2010-12-23,43.22027998845696,43.27365535635949,42.99492888655637,43.13132858276367,1540500.0
2010-12-27,42.99494061415738,43.38041340042325,42.91784786669932,43.17877960205078,1612800.0
2010-12-28,43.26180395300186,43.36855019343721,43.10168685459273,43.17877960205078,1632900.0
2010-12-29,43.166899529461176,43.279577317555365,43.01864118701536,43.10166549682617,1484700.0
2010-12-30,43.09573389627239,43.35073842625861,43.00677798590779,43.10166549682617,1443000.0
2010-12-31,43.08386673046615,43.32700801143658,42.99491083762929,43.04235458374024,2054500.0
2011-01-03,43.39820240271786,43.8192557485117,43.20843181694475,43.26180267333984,4232600.0
2011-01-04,43.22619924842742,43.374457581567725,42.900029105724656,43.16689682006836,3834900.0
2011-01-05,42.79328477153224,43.41596701706532,42.78142157191162,43.23212814331055,3391300.0
2011-01-06,43.22027728771196,43.28551133080173,42.822945952155166,42.98899459838867,3354100.0
2011-01-07,43.17874159225942,43.243975599794425,42.10535305379331,42.7873420715332,7145200.0
2011-01-10,42.5442226119855,43.01271962640821,42.38410555554344,42.781436920166016,2783300.0
2011-01-11,42.87632588988644,42.89411617181092,42.27142915753356,42.55015563964844,3020900.0
2011-01-12,42.84073864977713,42.93562618125743,42.5560851043093,42.668758392333984,2498300.0
2011-01-13,42.6094577438899,42.977140157148376,42.43747747919577,42.84667205810547,2397900.0
2011-01-14,42.73399286317096,43.21435307820533,42.71620258196349,42.98307037353516,2422900.0
2011-01-18,43.11353603005006,43.4100527964864,43.0838870680985,43.30330657958984,4370800.0
2011-01-19,43.23213383118848,43.34480709549844,42.57386642467293,42.80514907836914,3354500.0
2011-01-20,42.92969926608445,43.202494162141726,42.686557857973696,43.089820861816406,4188200.0
2011-01-21,43.30330809570616,43.34482026348119,42.965279151113286,43.22621536254883,4601400.0
2011-01-24,43.15503373378085,43.4396917249362,42.959336172127145,43.41596984863281,3255700.0
2011-01-25,43.398192691246095,43.52866078811092,42.97120783768363,43.19063186645508,3820100.0
2011-01-26,43.309230835788185,43.46935239621706,42.98306516272356,43.21434783935547,2825700.0
2011-01-27,43.380398204211005,43.52865656818678,42.96527207038709,43.23807144165039,3096100.0
2011-01-28,43.24991911125054,43.26770938648154,41.89187229996843,41.94524765014648,5646400.0
2011-01-31,41.99269662799543,42.49677867385823,41.719901787303165,42.47305679321289,5369500.0
2011-02-01,43.88447598668666,44.59018725106492,43.75400790172736,44.2343635559082,12457000.0
2011-02-02,44.347023553611095,44.38260409904503,43.82515594781429,43.908180236816406,4992300.0
2011-02-03,43.89633214630408,44.21657073887793,43.82517103094498,44.056453704833984,4063600.0
2011-02-04,44.15726334914922,44.24028765741456,43.64725429867043,44.08609771728516,2959000.0
2011-02-07,44.0327262878418,44.14540407230594,43.61760475216136,44.0327262878418,4781300.0
2011-02-08,43.949696592298274,44.22842295686164,43.78957507353492,44.16318893432617,2959400.0
2011-02-09,43.997149039481776,44.22843170166016,43.56423267019475,44.22843170166016,3056400.0
2011-02-10,44.00746199141778,44.78978884524715,43.92982344141747,44.65243148803711,5216900.0
2011-02-11,44.58079006130381,45.16604100433625,44.42551745026759,44.98091125488281,4248300.0
2011-02-14,44.84952085424808,44.98090500253518,44.54494892469656,44.67036437988281,3273900.0
2011-02-15,44.65841788117256,44.90327098593566,44.30607362554287,44.67036437988281,3874900.0
2011-02-16,44.706185094660114,45.2675519500209,44.706185094660114,45.18394470214844,4256300.0
2011-02-17,44.98687479848796,45.6199024939088,44.89132104115821,45.58407211303711,3835700.0
2011-02-18,45.66768646240234,45.98420035925099,45.44074853163944,45.66768646240234,5038700.0
2011-02-22,45.13618225281324,45.30937005196128,44.37773897529409,44.55690002441406,5887000.0
2011-02-23,44.640491255843806,44.96895154243487,43.49387371106736,43.87607955932617,7181200.0
2011-02-24,43.73277357593848,44.29413611030703,43.60735809531621,44.00151062011719,5193800.0
2011-02-25,44.1806508387553,44.22245446048437,43.77455656070736,43.8701057434082,3729300.0
2011-02-28,44.06120414049664,44.41952151227266,43.87010123846592,44.073150634765625,3680100.0
2011-03-01,44.04926455250569,44.16272891659899,42.97430782357616,43.20721435546875,6660100.0
2011-03-02,43.08780499837722,43.53570316976107,42.562268227949794,43.15946578979492,6457400.0
2011-03-03,43.44609627836967,44.02537829108175,43.31471216543459,43.8701057434082,3913700.0
2011-03-04,43.929825212356086,43.98357533038873,42.77723441735733,43.26096725463867,4913300.0
2011-03-07,43.39830836291053,43.55955411729077,42.56820483110669,42.87874984741211,3597400.0
2011-03-08,43.09973203222589,43.762621461012735,42.92057555941452,43.487911224365234,3889800.0
2011-03-09,43.27889955166803,43.91790063532447,43.01613121796653,43.74471282958984,4058300.0
2011-03-10,43.213192918061,44.05523866241511,43.1475008567546,43.66109085083008,4873500.0
2011-03-11,43.59541392942774,44.50315205032939,43.59541392942774,44.24635696411133,4736900.0
2011-03-14,43.7984497026778,43.95969553220314,43.17736849312943,43.7088737487793,4789700.0
2011-03-15,42.93847759277725,43.165410877964064,42.65779419284053,42.884727478027344,5519100.0
2011-03-16,42.85487391266293,42.86681585234766,41.92921639635989,42.030738830566406,7607300.0
2011-03-17,43.3624787350976,43.47594763409001,42.496544823713705,42.765281677246094,8259800.0
2011-03-18,43.344582309526295,43.35652425110028,42.56822397585314,42.75932693481445,5949600.0
2011-03-21,43.33860235172708,43.834277141014006,43.20124498549274,43.49984359741211,3825300.0
2011-03-22,43.47000484324847,43.54763887490957,42.90863775756845,43.028079986572266,3932800.0
2011-03-23,42.79515918985783,42.94445850957195,42.604051686620245,42.771270751953125,4445500.0
2011-03-24,42.88473840715208,43.08181461770499,42.759327515778594,43.05792617797852,3982600.0
2011-03-25,43.08181354626649,43.35055051306137,42.99223303858357,43.0220947265625,3459600.0
2011-03-28,43.153475734556366,44.22842808004378,43.153475734556366,43.90594100952149,4499600.0
2011-03-29,43.76860204151277,44.13289285371142,43.64915981671116,44.10303115844727,2472600.0
2011-03-30,44.28816978462609,44.73009466882928,44.16275429729632,44.49121475219727,3960700.0
2011-03-31,44.40760121248008,44.75994550880628,44.3359358807039,44.38371276855469,3307900.0
2011-04-01,44.78381916950946,44.87339966559528,44.359809681373406,44.479251861572266,3620300.0
2011-04-04,44.544948599114505,44.70022118743293,44.4314841997221,44.63452911376953,2306900.0
2011-04-05,44.449395301433846,44.7181322644171,44.23440390854571,44.28218078613281,2842400.0
2011-04-06,44.37177083492819,44.55690058007406,44.16274808959663,44.47329330444336,2703900.0
2011-04-07,44.33593398079432,44.43746100219023,44.007478142468685,44.19260787963867,2652000.0
2011-04-08,44.25830299659463,44.27024494073792,43.49985969023073,43.74471282958984,4208900.0
2011-04-11,43.67303306322939,43.77456005804259,43.32666212248112,43.72080993652344,3487800.0
2011-04-12,43.45207412578656,44.10301695536731,43.45207412578656,43.732757568359375,3184300.0
2011-04-13,43.87010448692679,43.90593485988176,43.18930006326487,43.36248779296875,3639300.0
2011-04-14,43.17138051196759,43.57747473732667,43.069858094690936,43.243045806884766,3412500.0
2011-04-15,43.35652625043284,43.571517658710114,43.20722691447663,43.42221832275391,3606700.0
2011-04-18,42.88473594262413,43.02209332409412,42.68766429965066,42.9504280090332,3448700.0
2011-04-19,42.90863232645178,43.087793369152784,42.81308311159793,42.986270904541016,2705300.0
2011-04-20,43.4461067632574,43.846227890119046,43.23111535498012,43.42221832275391,3003300.0
2011-04-21,43.583473140573815,43.894013818619975,43.46403091343676,43.69693756103516,2613600.0
2011-04-25,43.64318627664488,44.24635235896287,43.48791367977133,43.97761535644531,3831100.0
2011-04-26,44.74202457946188,44.78980146118816,44.216492549235454,44.37176513671875,4294800.0
2011-04-27,44.57481217499104,44.58078542455518,44.0015032357031,44.35384750366211,3410700.0
2011-04-28,44.18663271349317,44.78383009137186,44.18663271349317,44.67633438110352,2885200.0
2011-04-29,44.70021959778661,44.992845016082605,44.56286676228718,44.77188491821289,4400000.0
2011-05-02,44.992833235031895,45.13616383835436,44.491189792161926,44.71215438842773,2452700.0
2011-05-03,44.58675732884236,44.93312833678649,44.49120356371688,44.84354782104492,3481700.0
2011-05-04,44.77187495681329,44.933116196579874,44.03732039370247,44.34189224243164,4214700.0
2011-05-05,44.04329792342444,44.74799087244937,43.941775482728914,44.16870880126953,5406300.0
2011-05-06,44.73008285774522,44.75993999178072,44.19260432630952,44.252323150634766,3976200.0
2011-05-09,44.198584931910624,44.22844207091546,43.94178984394297,44.013450622558594,3403200.0
2011-05-10,44.1089871015416,44.61660382807169,44.1089871015416,44.41355895996094,2871700.0
2011-05-11,44.49119571466167,44.75993265822199,44.323981211446046,44.58077621459961,4816300.0
2011-05-12,44.67099148747424,44.76120038617864,44.31617563097615,44.70707321166992,3793500.0
2011-05-13,44.76119844663219,44.92958593653592,44.37631144450511,44.586795806884766,3773000.0
2011-05-16,44.5025843797561,44.683002097662,44.28006980610058,44.38230895996094,3810400.0
2011-05-17,44.256012639126986,44.346221495704505,43.91322265470283,44.15377807617188,4723300.0
2011-05-18,44.14778030845926,44.53867781986537,43.85911280141533,44.4063720703125,3114300.0
2011-05-19,44.50259615039045,44.89349825043541,44.47854014242613,44.683013916015625,3354900.0
2011-05-20,44.54469096200565,44.73713442862656,44.472522941442506,44.53266525268555,4704800.0
2011-05-23,44.12373332564045,44.2921208274356,43.72080084552741,44.20191192626953,4397400.0
2011-05-24,44.2319671210712,44.25000797714837,43.72680020984239,43.84708023071289,3790300.0
2011-05-25,43.7087843997373,43.92528397314896,43.65465721227624,43.78095245361328,4145200.0
2011-05-26,43.660671619171694,44.08164504394399,43.47424321844203,43.88318634033203,4098800.0
2011-05-27,44.105695843868254,44.15380787827843,43.74486476222423,43.87717056274414,2702200.0
2011-05-31,44.063571357557215,44.400350799239625,43.985392791777095,44.19587707519531,4642000.0
2011-06-01,44.20792464062908,44.31015924848356,43.45619148602548,43.480247497558594,6098900.0
2011-06-02,43.66065125000934,43.89519157641481,43.22164175215872,43.49226379394531,4694800.0
2011-06-03,43.15550818798885,43.15550818798885,42.60222897141527,42.78866195678711,5370200.0
2011-06-06,42.66235042172404,42.80066671698884,42.16921378340504,42.31354522705078,3988800.0
2011-06-07,42.30752812163765,42.4217929945208,41.91061552291849,41.94669723510742,4596400.0
2011-06-08,41.77231406289871,41.98279846219651,41.507702481943866,41.65203857421875,4896600.0
2011-06-09,41.83244298247963,41.92265187406748,41.64601463788894,41.67007064819336,4299600.0
2011-06-10,41.52572969344604,41.67006113410402,40.97245075919854,41.19496536254883,4866900.0
2011-06-13,41.14686531387881,41.42350256731117,41.05665641666465,41.1709213256836,4534800.0
2011-06-14,41.63999291471133,41.85047723637807,41.37538601956489,41.621952056884766,4270600.0
2011-06-15,41.36938888036124,41.67609736157556,41.182960484042766,41.56183242797852,5497300.0
2011-06-16,41.50167794047741,41.84446801479253,41.2671376047994,41.52573394775391,4450200.0
2011-06-17,41.88054508006823,41.994809954887,41.59789276123047,41.59789276123047,5584200.0
2011-06-20,41.46560127493055,41.958738068202194,41.375396961941775,41.67609024047852,3058400.0
2011-06-21,41.96473779255636,42.62025128467666,41.91662578450441,42.48794555664063,4478600.0
2011-06-22,42.806695722301626,43.14948587955836,42.74655798366657,42.76459884643555,5037100.0
2011-06-23,42.21132306988825,43.01717883799976,42.16321104510735,42.89088821411133,5557400.0
2011-06-24,42.84877793989406,42.99310938088648,42.40375332037608,42.770599365234375,4743900.0
2011-06-27,42.788648215572906,43.06528544091193,42.61424558886066,42.96305084228516,2932700.0
2011-06-28,43.0713062495767,43.474234135846245,42.9810973496707,43.32990264892578,3440200.0
2011-06-29,43.51632504049461,43.58849306816138,43.03521403247866,43.28779983520508,3857200.0
2011-06-30,43.48024377486144,44.00946221863426,43.39605003581155,43.85911560058594,4070000.0
2011-07-01,43.95532691278272,44.574758718566265,43.84106662420506,44.47853469848633,3674300.0
2011-07-05,44.5025945939462,44.5025945939462,44.11770765640705,44.37028884887695,2834400.0
2011-07-06,44.352266580466456,45.09197419784391,44.3402408659716,44.80330657958984,4803500.0
2011-07-07,45.05588085811991,45.5851039777622,44.86343733867237,45.326507568359375,4707200.0
2011-07-08,44.97767695181537,45.07389636329991,44.58075983538293,44.84537124633789,4053100.0
2011-07-11,44.59281551041768,44.59883066087563,44.02751066097217,44.34624481201172,3704100.0
2011-07-12,44.20191755066959,44.54470774814615,44.00345886049477,44.051570892333984,3836900.0
2011-07-13,44.29209893468582,44.59279206446887,44.02748751224856,44.15377807617188,2704700.0
2011-07-14,44.14779272304969,44.51463432967538,43.87716599880416,44.11772155761719,3552200.0
2011-07-15,44.29211567550991,44.29211567550991,43.49828569637205,43.94932556152344,4210000.0
2011-07-18,43.84711202285637,43.90123463033044,43.38404163612124,43.55242919921875,3337600.0
2011-07-19,43.804986068242805,44.21392903079387,43.726807482833934,44.14176559448242,3096000.0
2011-07-20,44.18386546625068,44.34623779720722,43.99142197597658,44.21393203735352,2692300.0
2011-07-21,44.40638065973989,45.09797611003997,44.36428378475894,44.743160247802734,4600800.0
2011-07-22,44.64692715989531,44.90552350763693,44.47853969405693,44.598819732666016,2886800.0
2011-07-25,44.23798260987998,44.73713442862656,44.0395285827061,44.53266525268555,3452300.0
2011-07-26,43.50429300525889,43.53436416264004,41.868525737370106,43.053253173828125,12590500.0
2011-07-27,42.78261316188846,42.80666916005841,42.042910718065606,42.22332382202149,7097100.0
2011-07-28,42.22334016091878,42.45788049856876,41.47762228193461,41.579856872558594,7355600.0
2011-07-29,41.27916261717575,41.90460503115892,41.110775157298384,41.627967834472656,6237100.0
2011-08-01,42.01286068246189,42.01286068246189,40.29289494892807,40.66575622558594,8837400.0
2011-08-02,40.40113093049554,40.53343664770482,39.81778549818913,39.85988235473633,7928900.0
2011-08-03,39.93206414474517,40.587573221280685,39.72157978935371,40.449256896972656,6849000.0
2011-08-04,39.98017237781692,40.1786264151192,39.210393883832296,39.22843933105469,8060900.0
2011-08-05,39.79374028861171,40.2748512838163,38.72928829110575,39.50507736206055,10325100.0
2011-08-08,38.596983123640406,39.54115968077832,37.25589159531145,37.52651596069336,13977300.0
2011-08-09,37.36414774862548,38.615030604958,36.52822079429654,38.54887771606445,13460000.0
2011-08-10,38.14593709352047,38.47068627931653,37.09952381510215,37.27994155883789,10562000.0
2011-08-11,37.59268272496401,39.66145220857533,37.30401737567696,38.92174911499024,11682900.0
2011-08-12,39.11417255880392,39.53514120946156,38.72928562442717,39.210391998291016,5740100.0
2011-08-15,39.601290503352885,39.66744336936685,39.06004186697215,39.61933135986328,4226200.0
2011-08-16,39.16228457265456,39.4569626281149,38.78942334763338,39.210391998291016,5874000.0
2011-08-17,39.34269471623716,39.7275816210104,38.80746122090518,39.13822555541992,5166600.0
2011-08-18,38.344059806344696,38.38043445054918,37.12553813280285,37.75601577758789,8434100.0
2011-08-19,37.30741455693768,38.24100980748871,37.301350958672266,37.40441131591797,6606800.0
2011-08-22,38.17432886293541,38.289511805906514,37.35591643892352,37.58628463745117,4648300.0
2011-08-23,37.707537865701454,38.75631636162377,37.50748068905171,38.70175552368164,5478800.0
2011-08-24,38.62293657591991,39.44741025464615,38.54412829235442,39.29585266113281,4596900.0
2011-08-25,39.38072756318739,39.5201625949866,38.41682110202709,38.59262847900391,5316800.0
2011-08-26,38.34408531161067,39.36861650196816,37.71360493486547,39.22311782836914,4754900.0
2011-08-29,39.62926954506007,40.58710973882534,39.62926954506007,40.45374298095703,4593200.0
2011-08-30,40.30826400621089,41.04180234447535,40.174892558313424,40.75687789916992,4477700.0
2011-08-31,41.06603862460769,41.55102470756211,40.6174295042354,40.85385894775391,5617100.0
2011-09-01,40.81749173436508,41.47828061454327,40.3143194195389,40.41737747192383,6335100.0
2011-09-02,40.011205942020325,40.13245017056417,39.57471931898913,39.77477645874024,5252000.0
2011-09-06,38.96848172890421,39.223097336924255,38.392564811929816,39.01091766357422,7391900.0
2011-09-07,39.56865428634042,39.65353079345084,39.02910962607891,39.39891052246094,7151300.0
2011-09-08,39.223107673590455,39.87177406030408,39.12611320814184,39.344356536865234,4822100.0
2011-09-09,38.95029600137524,39.27159731396638,38.56230898709499,38.93210983276367,6722200.0
2011-09-12,38.27131584251977,38.76236085871047,37.822704445696886,38.71992492675781,6720300.0
2011-09-13,38.75630871763603,39.56259624013435,38.738122546104165,39.20491790771485,6061100.0
2011-09-14,39.61109053955847,40.89023700266734,39.265539410316826,40.10820388793945,8365100.0
2011-09-15,40.63562962457067,40.91449509920418,39.82328297566065,40.12033462524414,7860700.0
2011-09-16,40.20520104816186,40.47800288559233,39.526221316436406,40.36888122558594,8253100.0
2011-09-19,39.7383922455881,40.01119399091291,39.22915646243382,39.889949798583984,6386200.0
2011-09-20,40.10214693858054,40.79931291146938,39.605038132943285,40.138519287109375,5804200.0
2011-09-21,40.07183843149716,40.07183843149716,38.98668519193503,39.0048713684082,6587200.0
2011-09-22,37.943956626429,38.4107542602441,37.20435488030829,37.68933868408203,12778100.0
2011-09-23,37.51959892372589,37.9075860080343,37.0528012402344,37.58628463745117,9247700.0
2011-09-26,37.86513255745774,38.386490828155374,37.489270532395125,38.31980514526367,5466600.0
2011-09-27,39.2594900934501,39.52016940420301,38.60476001641883,38.80481719970703,5103800.0
2011-09-28,38.96241064581262,39.10184561875234,38.22887501421296,38.2834358215332,4261600.0
2011-09-29,38.90180271506171,39.21098150661573,38.501690753263,39.20491790771485,5197500.0
2011-09-30,38.81085310465466,39.2170308300865,38.26524734403675,38.2834358215332,6157000.0
2011-10-03,38.25920260782223,38.8957464060716,37.71359429863292,37.71965789794922,6140400.0
2011-10-04,37.36197594857887,38.90179923181697,37.14373265939633,38.83511352539063,8300000.0
2011-10-05,38.86543061515843,39.93239739502072,38.76843384540599,39.750526428222656,6314100.0
2011-10-06,39.5807781993335,40.39312460910901,39.32009897638743,40.326438903808594,4255600.0
2011-10-07,40.58712673654417,40.61744010908215,39.71415803454006,40.16883087158203,5511000.0
2011-10-10,40.920562021940185,41.1388053894043,40.684132478049406,41.1388053894043,3491000.0
2011-10-11,40.87811777413603,41.31460442049846,40.77505971184798,41.193355560302734,2737400.0
2011-10-12,41.37521098793096,42.02387711438332,41.36914739090729,41.56314086914063,4852400.0
2011-10-13,41.229737649535146,41.46616717480519,41.072116424297896,41.27823257446289,3312000.0
2011-10-14,41.79353004409459,42.005709783368594,41.40554291365885,41.8056526184082,3865700.0
2011-10-17,41.55103389876047,41.95114357430863,41.09636107985465,41.22973251342773,3773300.0
2011-10-18,41.19943018748412,42.39370518535063,40.98725040681116,41.9814682006836,4269500.0
2011-10-19,42.0117605463528,42.26031255779365,41.53283806680045,41.72076797485352,3320800.0
2011-10-20,41.80563595370682,42.290621986010464,41.314590949247325,41.95112991333008,3581700.0
2011-10-21,42.35124801128264,42.86654282766116,42.139068336911485,42.47249221801758,7502600.0
2011-10-24,42.64223699474635,43.43033823320332,42.5634287209687,42.96354293823242,6009000.0
2011-10-25,42.01177117875765,42.43613063503957,41.35704119606167,42.04207992553711,6197000.0
2011-10-26,42.13301008107194,42.557369483618814,41.37522212997352,42.06026077270508,5992600.0
2011-10-27,42.90291469672519,43.64857997300548,42.64223549243516,43.37577819824219,5827200.0
2011-10-28,43.1454039436943,43.67282590377781,43.11509520758784,43.33939743041992,3817900.0
2011-10-31,42.87866394578822,43.16965185077528,42.56948524971629,42.58160781860352,3634400.0
2011-11-01,41.95113194360188,42.25424707216886,41.42977355245309,41.58739471435547,5585000.0
2011-11-02,42.11482924311595,42.43613063503957,41.66622001430775,42.04207992553711,3443700.0
2011-11-03,42.36337127783508,42.92110666342034,41.93901192212139,42.77560806274414,3802200.0
2011-11-04,42.47248582472668,42.55129870989387,41.84200586923573,42.43004989624024,4583400.0
2011-11-07,42.36338913849653,42.88474778113566,42.04815128779875,42.71500396728516,3150800.0
2011-11-08,42.83017002354563,43.44852287142175,42.66042628590002,43.37577819824219,4106500.0
2011-11-09,42.72848508251551,42.85672493661997,41.89186737636896,42.130027770996094,5680200.0
2011-11-10,42.70404297516924,42.94831127599465,42.39260077514107,42.67350769042969,4910100.0
2011-11-11,43.18648301890549,43.54067191589952,43.143736404373904,43.223121643066406,3051700.0
2011-11-14,43.009391822785496,43.22312491160596,42.67963020330597,42.89947128295898,3116100.0
2011-11-15,42.78954487706802,43.38800210275408,42.78954487706802,43.09487915039063,4446400.0
2011-11-16,42.783444762109305,42.881153983892624,42.22163071395158,42.325443267822266,4903900.0
2011-11-17,42.142238391753686,42.63077044157151,41.82468813329232,42.0933837890625,4913400.0
2011-11-18,42.31932402268889,42.42313653752366,42.01398980797693,42.22161483764648,3691500.0
2011-11-21,41.59873938041645,41.75750983394158,41.28729714475724,41.65980529785156,4399200.0
2011-11-22,41.64758550859631,41.98345501230693,41.427744498718525,41.54988098144531,3331300.0
2011-11-23,41.24454906714934,41.2628683758241,40.85372161865234,40.85372161865234,5294900.0
2011-11-25,40.62166440451044,41.00638852078082,40.58502578735352,40.58502578735352,1690700.0
2011-11-28,41.641489326846376,42.001781529919135,41.36668568781156,41.672019958496094,4618600.0
2011-11-29,41.89185314814097,42.20940333914509,41.73307805263891,41.77582931518555,3121300.0
2011-11-30,42.75899059454649,43.84598403836873,42.716244001628645,43.81544876098633,6995600.0
2011-12-01,43.70553563462894,43.80324481146016,43.357454845470166,43.43684005737305,3766300.0
2011-12-02,43.82157795375067,44.023095041290375,43.35746853532264,43.40021514892578,4107400.0
2011-12-05,43.93148059461848,44.23681475575088,43.66889302968344,43.93758392333984,4760000.0
2011-12-06,44.08416101642234,44.12079963595676,43.65669026605332,43.84600067138672,3468500.0
2011-12-07,43.79713644730749,44.98183458155476,43.66278865983244,44.768096923828125,7583000.0
2011-12-08,44.511622270965645,44.76199856799326,43.84599590692135,43.98033905029297,5756800.0
2011-12-09,44.20017713491397,44.358952223514855,43.82156570852055,44.242923736572266,3741900.0
2011-12-12,43.86432284701133,43.90096146893952,43.37578614582295,43.87042617797852,4156600.0
2011-12-13,43.99866127542823,44.2490329035145,43.14983254915795,43.38799285888672,5511200.0
2011-12-14,43.22310840673978,43.60172449024034,42.978840116062976,43.13761520385742,4714700.0
2011-12-15,43.79714137432022,44.1146869139594,43.589511681493065,43.69332885742188,6363900.0
2011-12-16,44.02309223950939,44.21240265258763,43.5773068201667,43.82157516479492,6937500.0
2011-12-19,43.962032607374006,44.15744637922649,43.082672963553705,43.2353401184082,3735400.0
2011-12-20,43.85211432607745,44.44446366283937,43.73609045055926,44.31011581420898,3615300.0
2011-12-21,44.42613245763565,44.52994498232459,43.91317316456269,44.25514602661133,3105800.0
2011-12-22,44.41391415631738,44.84138016668364,44.35895157839596,44.57879257202149,3819000.0
2011-12-23,44.670396682626965,44.87191838312879,44.523837563639454,44.86581039428711,1870500.0
2011-12-27,44.823055698277805,45.07342728722077,44.658172642532605,44.87801361083984,1337000.0
2011-12-28,44.87192272399536,44.90856134252902,44.27346555343738,44.41392135620117,2098500.0
2011-12-29,44.47498073005485,44.96351265507491,44.46887274152093,44.90244674682617,1926900.0
2011-12-30,44.91464989408324,45.03678167569393,44.64595438370513,44.69480895996094,1774600.0
2012-01-03,45.195573026080346,45.75127888965137,45.085652519358646,45.28717422485352,5152300.0
2012-01-04,45.14672513375934,45.41542078097091,44.89634879721561,45.09176254272461,3698900.0
2012-01-05,44.859717078203786,44.88414438252981,44.05974266241218,44.65209197998047,5064700.0
2012-01-06,44.65818004956091,45.152824639808976,44.60933011663557,44.871917724609375,3177500.0
2012-01-09,44.731463907405214,44.88413101971718,44.47498427688845,44.85359573364258,3959000.0
2012-01-10,45.17115981435667,45.64137261476874,44.76201294582473,45.30550765991211,3803700.0
2012-01-11,45.17725790679419,45.6535785937407,45.05512141076243,45.56197738647461,4047500.0
2012-01-12,45.43984797536292,45.77571287456139,45.43984797536292,45.64136505126953,2777700.0
2012-01-13,44.694825086354925,45.35434346765464,44.57879659064021,45.28717422485352,5020600.0
2012-01-17,45.58029919310119,45.64747310484084,45.12840578060541,45.31160354614258,4093200.0
2012-01-18,45.35434563832402,45.885628889411336,45.24442512634149,45.75738906860352,4578400.0
2012-01-19,45.7818120773299,46.15432018531243,45.7818120773299,45.98943710327149,4714100.0
2012-01-20,45.989451446507736,46.17265389279497,45.80014566863421,46.05662536621094,5051000.0
2012-01-23,46.0749418019435,46.09936910385859,45.604729052414655,45.8795280456543,3198600.0
2012-01-24,45.59859965545358,45.85507921660785,45.47035987487645,45.80012130737305,3577700.0
2012-01-25,45.65356631101309,46.25812666186761,45.55585714047557,46.178741455078125,4219800.0
2012-01-26,46.22150616268728,46.64897230370221,46.142116265762,46.31310272216797,4011600.0
2012-01-27,46.34362905432548,46.72224517675728,46.17875062010732,46.43523025512695,4284000.0
2012-01-30,46.13600690682739,46.66118218804973,46.10547161830225,46.50240707397461,4318400.0
2012-01-31,46.74056178600724,46.97872209891978,45.70242266859047,46.19706726074219,6997700.0
2012-02-01,46.63675525903232,47.131395255653786,46.25813910985891,46.88712692260742,7305600.0
2012-02-02,47.00925756667607,47.11917806991188,46.57567888350178,46.642852783203125,3043100.0
2012-02-03,47.07034444093535,47.22911494818497,46.80164872246301,46.838287353515625,4149200.0
2012-02-06,46.734450179158095,47.045892356175024,46.734450179158095,46.97261047363281,3922300.0
2012-02-07,46.75277262661917,47.35733771539911,46.61842482911251,47.19856262207031,5027900.0
2012-02-08,47.13138555629261,47.204667438834825,46.86879796763717,46.97261047363281,3262300.0
2012-02-09,46.929874684252205,47.03979520387162,46.563474505197846,46.758888244628906,3848700.0
2012-02-10,46.47185660136791,46.87489991486226,46.39247139978389,46.8321533203125,3620600.0
2012-02-13,46.99706511817412,47.18026760163097,46.72836938484611,47.11920166015625,3115800.0
2012-02-14,47.03979133945656,47.15581983925371,46.80773899889296,47.088645935058594,2918600.0
2012-02-15,47.22299423848818,47.22299423848818,46.63064507293837,46.85659408569336,3424300.0
2012-02-16,46.88120912876526,47.287269114963394,46.795076045735534,47.22574615478516,3692400.0
2012-02-17,47.42877145398324,47.55182206824069,46.42593359076514,47.22574615478516,7105100.0
2012-02-21,47.34879335830149,47.42877273931055,46.79507731388961,47.0042610168457,3652400.0
2012-02-22,46.93657517527713,47.10884131232968,46.641258444686905,46.69663238525391,3284900.0
2012-02-23,46.75814878872411,47.24418800387484,46.62894920402321,47.15190124511719,3018200.0
2012-02-24,47.12114225484102,47.23803914083606,46.9242660064757,47.06577301025391,3575300.0
2012-02-27,46.96731973193874,47.45951256558951,46.65970038438169,47.23187255859375,3439000.0
2012-02-28,47.16420464683132,47.428752802171545,47.03500037919657,47.28725051879883,3209000.0
2012-02-29,47.28726534798865,47.43492137943412,46.96118946050881,47.36724472045898,4314300.0
2012-03-01,47.46567706497644,47.53335371234691,47.12114012548141,47.30571365356445,3659700.0
2012-03-02,46.813521326531486,47.37339092692158,46.813521326531486,47.09038162231445,1992900.0
2012-03-05,47.09038948245218,47.10884589980508,46.71509334994114,46.95503616333008,2102500.0
2012-03-06,46.5674316009123,46.89350745118831,46.37670435924326,46.518211364746094,3290300.0
2012-03-07,46.50590562379588,46.85659629861077,46.4936029112639,46.75815582275391,2552500.0
2012-03-08,46.93040432685932,47.30570028571557,46.78274836245802,47.20111083984375,3405400.0
2012-03-09,47.32416776784268,47.63178717043224,47.028855769940456,47.47182846069336,2954900.0
2012-03-12,47.61333904640988,47.85943555010491,47.447226605408446,47.79791259765625,3243400.0
2012-03-13,47.84711202455094,48.25317182293948,47.71791245976335,48.21625900268555,4442600.0
2012-03-14,48.19166926629492,48.265494938015735,47.994792985204754,48.13629531860352,3453000.0
2012-03-15,48.142427920393736,48.59155423340104,47.92709531575959,48.56694412231445,3956700.0
2012-03-16,48.56080118608669,48.68384707489782,48.2347253562274,48.24087905883789,4612000.0
2012-03-19,48.991464010372525,50.32038207296812,48.83765431019616,49.90201950073242,11886200.0
2012-03-20,49.434454359553854,49.66209448694863,49.18835781256784,49.45906448364258,5137500.0
2012-03-21,49.465190801341656,49.6743696994304,49.194484280145744,49.53286743164063,3846800.0
2012-03-22,49.04683664871323,49.4898093245532,48.89918065473305,49.3913688659668,3711800.0
2012-03-23,49.33601962135814,49.37293246133689,48.78845725680059,49.04070281982422,4198300.0
2012-03-26,49.379086360783205,49.73592143442198,49.379086360783205,49.56980895996094,3218600.0
2012-03-27,49.797447822486,49.83436066166847,49.42830065505637,49.45906448364258,3059400.0
2012-03-28,49.34830666960575,49.47750626241436,48.88072383808422,49.24371719360352,3656600.0
2012-03-29,49.05913915437754,49.24371266650716,48.511577013998895,49.12681579589844,3231500.0
2012-03-30,49.36062452116096,49.71131054554292,49.22527119703093,49.66209030151367,3470100.0
2012-04-02,49.40982318076066,49.81588301434098,49.292931008526295,49.631309509277344,2979300.0
2012-04-03,49.70514910669507,49.70514910669507,49.18219700349077,49.53903198242188,2947100.0
2012-04-04,49.33601414653242,49.44675734808078,48.99147713399262,49.13298416137695,2629600.0
2012-04-05,48.911505565566216,49.37293486335457,48.80076234634095,49.32986831665039,2389200.0
2012-04-09,48.81922286597032,48.95457622237642,48.57312628104122,48.72078704833984,2386200.0
2012-04-10,48.56081959376783,48.634649971380846,48.0071034964241,48.19167709350586,4226800.0
2012-04-11,48.56080347516416,48.90533573519584,48.431603877652286,48.47467041015625,3998400.0
2012-04-12,48.56695074034756,48.97915959594574,48.443900168147024,48.86226272583008,4016100.0
2012-04-13,48.78229377895629,49.034539291444176,48.37008483543927,48.94840621948242,3945000.0
2012-04-16,49.083759530822434,49.14528248309506,48.66539688390804,48.94840621948242,3212400.0
2012-04-17,49.11453486081035,49.61903069788336,49.07761732567717,49.4036979675293,3541700.0
2012-04-18,49.28061091043156,49.815870182117656,49.18217517528007,49.52055358886719,3696500.0
2012-04-19,49.575956967570406,49.61286980345293,48.85612850445644,49.13298416137695,3471400.0
2012-04-20,49.21294964857351,49.545179159459245,48.78228437181394,49.385215759277344,4216000.0
2012-04-23,49.256036623686434,49.256036623686434,48.27780879157402,48.62234115600586,4307900.0
2012-04-24,48.78845080511954,49.30524927208692,48.70231772729164,48.88688659667969,2874800.0
2012-04-25,49.182196384462905,49.27447845911973,48.86842324892957,49.00377655029297,3318200.0
2012-04-26,47.730243232331055,48.16706236350884,47.10269681735935,48.14245223999024,8120500.0
2012-04-27,48.240862897671306,48.59769773324029,47.970156400296446,48.25931930541992,3788600.0
2012-04-30,48.14244472203872,48.45006417713162,47.92711204225377,48.07476806640625,2405100.0
2012-05-01,48.07476393482847,48.5485004835425,47.96402075275636,48.277793884277344,3313400.0
2012-05-02,48.15474920153103,48.37008658311623,48.02554958892024,48.24703598022461,4227400.0
2012-05-03,48.283961837386606,48.38239764278026,48.025557873687866,48.03171157836914,3025300.0
2012-05-04,47.92709540281162,48.14242800783688,47.5210356099936,47.82250595092773,3991500.0
2012-05-07,47.58872502298947,48.21627129062978,47.51489936366709,47.86558532714844,2953900.0
2012-05-08,47.6994692197552,47.95171941153509,47.6256435588636,47.77945327758789,6463400.0
2012-05-09,47.496453564155615,47.72409370620673,47.19498773898637,47.46569442749024,3984600.0
2012-05-10,48.01733145595914,48.17228605354318,47.40990735274049,47.48428726196289,2984900.0
2012-05-11,47.33551216307678,47.77558246673187,47.285925577889344,47.37269973754883,2529800.0
2012-05-14,47.06900215663618,47.63303433795503,46.89545379315346,47.2363510131836,2629700.0
2012-05-15,47.11239369726774,47.58965174192221,47.01941999980971,47.15578079223633,3022100.0
2012-05-16,47.31071106507235,47.6949952147824,47.04418912470751,47.056583404541016,3047700.0
2012-05-17,47.06901203345109,47.18677431690338,46.35002040090799,46.368614196777344,3099300.0
2012-05-18,46.58553316770499,46.69709589201309,45.77976770289685,45.885135650634766,4986700.0
2012-05-21,46.04629394916512,46.3747968335836,45.88513989552751,46.26322937011719,3667900.0
2012-05-22,46.232231847144114,46.67230687891968,46.04628924624958,46.33760452270508,3662500.0
2012-05-23,46.03388933776878,46.61032037409023,45.59381904341281,46.486358642578125,4455500.0
2012-05-24,46.62273183628913,46.96362905341084,46.21984900801965,46.597938537597656,3607100.0
2012-05-25,46.90164912372892,46.90164912372892,46.312823636571,46.44918441772461,1998600.0
2012-05-29,46.72809508702794,47.14957166451448,46.55454674256366,46.80247497558594,2342900.0
2012-05-30,46.59794425396322,46.77769214489813,46.18886186862746,46.24464797973633,3140700.0
2012-05-31,46.2632370381809,46.647526082446696,45.62482495263288,46.44918441772461,4673900.0
2012-06-01,45.86654746410383,45.996708720527934,45.32730391991457,45.40168380737305,4813300.0
2012-06-04,45.46987787420576,45.59383966177563,44.97402126624812,45.24054336547852,3605000.0
2012-06-05,45.060786606356494,45.27772678522154,44.71988939312513,45.12277221679688,2762400.0
2012-06-06,45.27772296411925,46.47397232055664,45.27772296411925,46.47397232055664,4085800.0
2012-06-07,46.77769088745117,47.16817473936139,46.635130588528526,46.77769088745117,3997000.0
2012-06-08,46.746705288296205,47.50908404494095,46.746705288296205,47.49668502807617,3562900.0
2012-06-11,47.732194279435895,47.800374650277455,46.92642883976491,47.00080871582031,2316800.0
2012-06-12,47.199167575383925,47.29833605086896,46.76529189972575,47.22396087646485,3416900.0
2012-06-13,47.1619844287817,47.60825447732677,46.93885413334874,47.27355194091797,2298500.0
2012-06-14,47.38508985841489,48.24044182685764,47.316909491978535,47.955326080322266,3693200.0
2012-06-15,48.33963554901672,48.37682786851737,47.837584159729474,48.05451965332031,4579600.0
2012-06-18,47.98013466911178,48.42020507443872,47.76939399779518,48.21566390991211,3083500.0
2012-06-19,48.12887967422386,48.65572414918004,48.12887967422386,48.44498825073242,2814500.0
2012-06-20,48.53794983813266,48.63092349112385,48.03589873235123,48.45117568969727,2577100.0
2012-06-21,48.64953375585241,48.71771414255278,47.73840015980027,47.78798675537109,3709400.0
2012-06-22,47.89334752495601,48.30862928938851,47.59583745392918,48.16606903076172,3830200.0
2012-06-25,47.75079623623223,47.80657760619008,47.1681655962045,47.37890625,2557400.0
2012-06-26,47.37269081311122,47.55243860392558,46.87063973697066,47.32930374145508,2309900.0
2012-06-27,47.29213085820665,47.68261462435726,47.29213085820665,47.59584045410156,1942600.0
2012-06-28,47.45327613439756,47.89954595979796,47.03179960250132,47.7941780090332,2512300.0
2012-06-29,47.98632798432459,48.81688690185547,47.899553807262286,48.81688690185547,4822400.0
2012-07-02,48.4883599594892,48.82925699222924,48.104071130879845,48.773475646972656,3584100.0
2012-07-03,48.66194058134607,49.41811973426484,48.45739938840795,49.25696563720703,2817400.0
2012-07-05,49.151585050499484,49.71561715234452,48.9594381932849,49.5296745300293,3660800.0
2012-07-06,49.22596488221689,49.51108071324391,48.92225526007651,49.19497680664063,3014400.0
2012-07-09,49.13918620035755,49.318934046041086,48.91605126977368,49.089599609375,2357600.0
2012-07-10,49.36231267386052,49.38090646008396,48.44498454203413,48.70530700683594,3230600.0
2012-07-11,48.76109698433837,49.033818507385575,48.54416155865883,48.891258239746094,3768800.0
2012-07-12,48.71772447134914,49.02763366611452,48.27145447427276,48.711524963378906,3637000.0
2012-07-13,48.65572694374762,49.42430015993107,48.65572694374762,49.23835754394531,3462400.0
2012-07-16,49.3499354807391,49.3499354807391,48.93465361965913,49.07101440429688,2634100.0
2012-07-17,49.238350197996326,49.27553776987792,48.56894553110737,49.170169830322266,2981500.0
2012-07-18,48.97183817192943,49.91395977189824,48.965638665745296,49.71561813354492,3722000.0
2012-07-19,49.64741957572964,49.83336686247561,49.380897653439575,49.56684494018555,3199200.0
2012-07-20,49.46151067559977,49.46151067559977,48.55657164173091,48.62475204467773,4664000.0
2012-07-23,48.23425991810627,48.43880109203281,47.34791955992959,48.31483459472656,4214400.0
2012-07-24,46.63512312927524,47.57104999727008,45.562840220482734,46.07728576660156,12643000.0
2012-07-25,46.03391647338867,46.45539322934949,45.72400723308923,46.03391647338867,4243700.0
2012-07-26,46.622727669442384,46.92643727580234,46.19505158070444,46.405792236328125,4626400.0
2012-07-27,46.628927952286745,47.3913017340467,46.54834855518971,47.10618591308594,3446900.0
2012-07-30,47.06279380748502,47.329315809569934,46.85205317082289,47.24874114990234,2770100.0
2012-07-31,47.16196627537836,47.25493995451144,46.82106909034074,46.86445617675781,2815200.0
2012-08-01,46.988419469647,47.106186448997626,46.3500074362286,46.57934188842773,3493000.0
2012-08-02,46.449171068891886,46.67230596868321,45.90992760625668,46.486358642578125,3111800.0
2012-08-03,47.00081506319807,47.41609212070677,46.91404089383319,46.957427978515625,2844400.0
2012-08-06,47.09998477261051,47.35411251027259,46.85205654116493,46.87065505981445,2104600.0
2012-08-07,47.12475396771544,47.2611146617137,46.97599899646064,47.16194152832031,2156600.0
2012-08-08,47.10619799215435,47.17437839387117,46.83967589330834,46.9698371887207,2261400.0
2012-08-09,46.90783572095931,47.19295148997655,46.68470081845243,47.12477111816406,2868400.0
2012-08-10,47.0814040650115,47.32313285740823,46.86446857553226,47.29214477539063,2222600.0
2012-08-13,47.1061802302404,47.21154818267656,46.8830453140007,47.19915390014648,1624000.0
2012-08-14,47.385103210434615,47.434689805240055,47.09998738356023,47.21775436401367,2197300.0
2012-08-15,47.19297660977373,47.60825383815688,47.100002896101806,47.4656982421875,2349200.0
2012-08-16,47.56559080545436,47.89031590766723,47.48441191205072,47.69048690795898,2153200.0
2012-08-17,47.890318931435424,47.890318931435424,47.66551069703198,47.76542282104492,1746300.0
2012-08-20,47.70922411603632,47.90905313243053,47.59681999654587,47.73420333862305,2186100.0
2012-08-21,47.72795425538564,48.00896215378953,47.35327546941403,47.39698791503906,2732700.0
2012-08-22,47.453181236787735,47.74668108853823,47.27833147769347,47.546852111816406,2142500.0
2012-08-23,47.44694335630499,47.62803435937082,47.00356816747804,47.25960159301758,2312100.0
2012-08-24,47.1659377413875,47.37825875571264,47.009821170145365,47.28458786010742,2253000.0
2012-08-27,47.322046213533206,47.42820432037715,46.91614224491356,46.9973258972168,1893300.0
2012-08-28,46.87869111965049,46.95362880066019,46.52274547238014,46.57894515991211,2954300.0
2012-08-29,46.610150972483176,46.66010940568288,46.35412233985689,46.39783477783203,2829800.0
2012-08-30,46.19175817864937,46.31040826222317,46.04812887936013,46.098087310791016,2587000.0
2012-08-31,46.25420517607314,46.42905492684954,45.94197211703004,46.09184265136719,2717800.0
2012-09-04,45.94198774866945,46.160550011505165,45.77338393571046,46.02316665649414,4513400.0
2012-09-05,45.27379850826995,45.44240228228509,44.83042808769793,44.92409896850586,10182200.0
2012-09-06,45.04899030005049,45.62349804803405,44.72426997945511,44.92409896850586,8389000.0
2012-09-07,44.967817492284176,45.34249630188737,44.88663382793213,45.33625030517578,4799000.0
2012-09-10,45.11144286593323,45.779621596927306,45.11144286593323,45.61726379394531,4762600.0
2012-09-11,45.54231971685234,46.0668690329242,45.32999873346686,45.92324447631836,3914900.0
2012-09-12,46.10434882345987,46.16679450161715,45.536082194339066,45.98569869995117,3917800.0
2012-09-13,45.81711453819707,46.991109989565096,45.648505894145714,46.66638946533203,4915600.0
2012-09-14,46.585200641567205,46.61017987365572,45.92951366537391,46.01069259643555,6255200.0
2012-09-17,45.90452090417608,46.52274123218365,45.86080845197958,46.3541374206543,4361200.0
2012-09-18,46.12933403883999,46.37911678391073,45.785875617917,45.90452575683594,3774600.0
2012-09-19,46.28544991256364,46.75379969869507,45.83583335558941,46.37911605834961,4477700.0
2012-09-20,46.07937696302195,46.27296002553485,45.1863898062002,45.342506408691406,8127000.0
2012-09-21,45.16763599760224,45.54856071527375,44.44949900046914,44.88662338256836,29326400.0
2012-09-24,44.82416154013524,45.16761969085717,44.64931185042107,44.98027801513672,5919700.0
2012-09-25,45.11768364932987,45.91699963543152,44.98030032091256,45.005279541015625,7047400.0
2012-09-26,45.02401724884776,45.12393413921049,44.76798855481752,44.82418823242188,3928100.0
2012-09-27,44.91161057312375,45.11143957817606,44.69929433963662,44.97405624389648,2651100.0
2012-09-28,44.88039216969536,44.89287939870052,44.49322137034245,44.69305038452149,3350900.0
2012-10-01,45.01776143976897,45.52982824481527,44.78046602332925,44.96780776977539,3788900.0
2012-10-02,45.130172802977945,45.27380213362458,44.76798600677641,44.97405624389648,2791300.0
2012-10-03,45.130170717448685,45.87328702891176,44.98030016166001,45.82957458496094,5109300.0
2012-10-04,45.63599055156974,45.98569009525567,45.47362800730172,45.56729888916016,3868100.0
2012-10-05,45.77961296972965,46.13555849272685,45.57354275642508,45.648475646972656,3964000.0
2012-10-08,45.62974757188783,46.1355636973407,45.42991856738677,46.06063079833984,2949500.0
2012-10-09,46.135559667576274,46.21049732433089,45.53607270643595,45.59851837158203,2328800.0
2012-10-10,46.10433979446488,46.13556024527942,45.111436078303406,45.12392807006836,4014900.0
2012-10-11,45.52983915237102,45.63599727745009,45.12393511402789,45.1489143371582,3006700.0
2012-10-12,45.31750054263713,45.49235027236131,44.94906786418943,45.03024673461914,2335800.0
2012-10-15,45.08646037990785,45.47363116177428,45.05523992665527,45.33000183105469,2407000.0
2012-10-16,45.22384469855338,45.82957772356878,45.148911797676845,45.654727935791016,2755500.0
2012-10-17,45.78586884679705,45.86080651781627,45.53608137436607,45.76713562011719,2913500.0
2012-10-18,45.77961152851928,46.13555704031077,45.65472020533926,45.96695327758789,3003900.0
2012-10-19,45.60477205746229,45.873292750738536,44.905372867012254,45.1489143371582,5469900.0
2012-10-22,44.986547797200565,45.04274747105728,44.34958957436242,44.68680191040039,6481900.0
2012-10-23,45.71717550317442,46.29792933053985,45.43616758463937,46.041900634765625,8209600.0
2012-10-24,46.19178337567912,46.2479830684714,45.57980416756948,45.66098785400391,3894200.0
2012-10-25,45.84207963350243,45.86081286277408,45.51110844726833,45.7109375,3080100.0
2012-10-26,45.82957257335128,45.941976676333766,45.42991459925773,45.59851837158203,3044500.0
2012-10-31,45.86704068786207,46.27294467252349,45.58603280233442,45.742149353027344,3002000.0
2012-11-01,45.82333091787807,46.28543936518692,45.61726067980716,46.14805603027344,3674900.0
2012-11-02,46.35413771074636,46.52274152333087,45.82958351680569,45.88578796386719,3158800.0
2012-11-05,45.92950443541767,45.9732168917128,45.729675383168434,45.8670539855957,3312700.0
2012-11-06,46.004424122152976,46.32290322031374,45.71092424387729,45.94197845458984,3832500.0
2012-11-07,46.09811425160007,46.09811425160007,45.14892732117752,45.58605194091797,3866200.0
2012-11-08,45.31126860624328,45.83582272245907,45.27380215662048,45.33000183105469,3695100.0
2012-11-09,45.12394085238812,45.50486571604272,44.92411180623326,45.11769485473633,3607300.0
2012-11-12,45.111443120312906,45.35498459045885,44.880393643881945,45.1489143371582,1835300.0
2012-11-13,44.899132363393456,45.39246136089977,44.84917391102061,44.87415313720703,2194100.0
2012-11-14,44.85540732619295,45.0552363153298,43.75634550379082,43.89997482299805,4037100.0
2012-11-15,44.06997704781384,44.31550939282052,43.79296422647447,44.27773666381836,4172200.0
2012-11-16,44.59879796828145,44.59879796828145,43.89368167043956,44.082550048828125,4610300.0
2012-11-19,44.51064620984286,44.97653198242188,44.27770812679657,44.97653198242188,4126100.0
2012-11-20,44.86953113582543,45.00174529648813,44.642889954002094,44.91360092163086,3226400.0
2012-11-21,44.98913914421447,45.13394257496304,44.84434051671101,44.95136642456055,2157100.0
2012-11-23,45.02691381685944,45.37947682748686,44.93877426501392,45.31652069091797,1594600.0
2012-11-26,45.222077666732055,45.71314218682329,45.222077666732055,45.69425582885742,3433900.0
2012-11-27,45.750906275159885,45.86422920482959,45.39834818429578,45.42982864379883,2355900.0
2012-11-28,45.34169091649979,45.79498270114704,45.17800595234508,45.77609634399414,2523200.0
2012-11-29,45.958675356183626,46.481220352053214,45.93978899784408,46.31123352050781,4449100.0
2012-11-30,46.24197919222015,46.2734596575027,45.7635087819889,46.02792739868164,3520000.0
2012-12-03,46.27345487334856,46.27345487334856,45.45501089306652,45.49908065795898,2703800.0
2012-12-04,45.49908394904551,46.19161573779746,45.30391851943968,45.98385620117188,3832800.0
2012-12-05,46.05311153746023,46.386783340447714,45.763509504617424,46.2734603881836,3216100.0
2012-12-06,46.43084054052895,46.48120735084285,45.73201665796456,45.91459274291992,4269300.0
2012-12-07,46.01533370739616,46.260870771682285,45.80128191192194,46.06570053100586,4098100.0
2012-12-10,46.034236793836655,46.55677711360601,46.01534562765577,46.38679504394531,3018600.0
2012-12-11,46.41825506384417,46.75192680398814,46.17271804414562,46.43714141845703,3021900.0
2012-12-12,46.50640191059864,46.61972485936383,46.16643306430307,46.22938919067383,2749500.0
2012-12-13,46.27344886916976,46.4875006128036,45.97125280394396,46.179012298583984,2753300.0
2012-12-14,46.109763333560096,46.31122579431278,45.78238863605347,45.86423110961914,2874800.0
2012-12-17,46.05310869090195,46.21050140358224,45.93348869222672,46.18531799316406,2950300.0
2012-12-18,46.15382636334677,47.255575085563024,45.958660983877735,47.24928283691406,6385800.0
2012-12-19,47.41929529418678,47.97331613575574,47.28708593892304,47.60187149047852,6184000.0
2012-12-20,47.46963890407754,47.57036773359158,46.9911637549649,47.299652099609375,3631700.0
2012-12-21,46.96598122506069,47.24929097005766,46.76451875902119,47.1170768737793,5567400.0
2012-12-24,47.054128921484455,47.1737489325744,46.83378006151212,46.991172790527344,1451400.0
2012-12-26,46.99746630603105,47.11708150486994,46.61972474548466,46.75193405151367,1917000.0
2012-12-27,46.68897458456491,46.78340636551123,46.08458236704325,46.53158187866211,3355100.0
2012-12-28,46.304949763708045,46.556774325421046,45.83906375739861,45.85165786743164,2599500.0
2012-12-31,45.832765145486384,46.481222428078645,45.69425877381717,46.41826629638672,4700000.0
2013-01-02,47.27447194206103,48.04254913330077,47.23040217551011,48.04254913330078,4810800.0
2013-01-03,48.004781656769325,48.17476368822459,47.83479962531407,48.08662414550781,4528900.0
2013-01-04,48.16846126886541,48.45176619589857,48.10550515210736,48.20623397827149,2632000.0
2013-01-07,48.13069752881592,48.2880902673709,47.98589889916265,48.06774139404297,2955900.0
2013-01-08,47.9481142778949,48.11809627991569,47.72776065601506,47.93552017211914,2653300.0
2013-01-09,48.03626530048175,48.539919177425176,48.00478483175303,48.47696304321289,3123900.0
2013-01-10,48.577698987356406,49.24504268726328,48.47696532527857,49.23244857788086,4761000.0
2013-01-11,49.33318803192498,49.37725781344671,48.96173861345962,49.0561752319336,2323800.0
2013-01-14,49.52203297718707,50.252332482794415,49.44648276492016,49.88718032836914,7255400.0
2013-01-15,49.572417355830346,49.987936505971405,49.47168849725532,49.94386672973633,3562200.0
2013-01-16,49.76758790474297,50.18310225397597,49.73610743443568,50.15162658691406,3018700.0
2013-01-17,50.24604877642288,50.39714924108932,50.1138394722731,50.23345947265625,3076500.0
2013-01-18,50.334205674098925,50.5608516460302,49.93128056916469,50.52307891845703,5850000.0
2013-01-22,50.33418106161607,50.800066889024215,50.30270540511149,50.79376983642578,3310000.0
2013-01-23,50.59230220327282,50.91967685622068,50.50416268889289,50.579708099365234,3029500.0
2013-01-24,50.9700691098728,51.93331200019713,50.86934024454422,51.71296310424805,6434300.0
2013-01-25,51.87034648439435,52.1032894484381,51.52408056530834,51.90811920166016,4211300.0
2013-01-28,52.01514551195134,52.09698799352847,51.53667031960989,51.945892333984375,3083800.0
2013-01-29,51.88921687185895,51.93958368154066,51.64998173073582,51.75700759887695,4021600.0
2013-01-30,51.58703991853599,51.7318385324503,51.121154004716445,51.140045166015625,3877000.0
2013-01-31,50.20827649054398,50.88821417761467,49.89349105800139,49.91867446899414,9502800.0
2013-02-01,49.86202554185022,50.36568430621071,49.73611325238308,50.346797943115234,5220500.0
2013-02-04,50.12012117186192,50.52304601438386,50.05716506582593,50.30899429321289,4074200.0
2013-02-05,50.516768384676624,50.970060207598856,50.390856124195935,50.86933135986328,3394100.0
2013-02-06,50.63009776060526,50.97006667090702,50.54195820644319,50.93859100341797,3733500.0
2013-02-07,50.90711449873229,51.50520506332004,50.787494464516406,51.4989128112793,4602400.0
2013-02-08,51.46742764508145,51.91442246475326,51.41076856240612,51.86405563354492,3805400.0
2013-02-11,51.694059508974526,52.084395139705215,51.694059508974526,52.05921173095703,3063900.0
2013-02-12,52.29845586298278,52.30475291705893,51.76961859846335,51.81998062133789,3941800.0
2013-02-13,51.90181774353665,52.059210441882406,51.87033728256991,51.93959045410156,2926400.0
2013-02-14,51.74442632647089,52.14735125995363,51.555553162481566,52.05921173095703,3761400.0
2013-02-15,52.34252679043077,52.95321136168572,52.12217792535039,52.556583404541016,4983000.0
2013-02-19,52.56918868736162,53.43170285367629,52.55659937834999,53.362449645996094,5442400.0
2013-02-20,53.28688448497834,53.31836495357626,52.76433944702149,52.76433944702149,4456000.0
2013-02-21,52.56134824475144,52.73259703334536,52.18078677847152,52.39643859863281,5027400.0
2013-02-22,52.63747653785421,52.76433202084986,52.43451260410306,52.60576629638672,2394500.0
2013-02-25,52.82142581634309,53.06878801772025,51.97151565551757,51.97151565551758,3996800.0
2013-02-26,52.218877856894736,52.3330453989952,51.69878235155775,51.97151565551758,3806400.0
2013-02-27,51.90807928663353,52.70090800134171,51.87002505682112,52.53600311279297,4015400.0
2013-02-28,52.63748394590669,52.77067859251615,52.421836853027344,52.421836853027344,3744700.0
2013-03-01,52.35840690519089,52.63747930436498,52.18715320390651,52.561370849609375,2722800.0
2013-03-04,52.548687883532914,52.61211321488111,52.26327147294472,52.59943008422852,2737600.0
2013-03-05,52.78970076037946,53.56984138004127,52.71993145760754,53.32247924804688,3581100.0
2013-03-06,53.60790073795749,53.7474393568655,53.41128077806465,53.550819396972656,3221500.0
2013-03-07,53.55717641909735,53.69037108619551,53.26541598082852,53.468379974365234,2404600.0
2013-03-08,53.72206811584813,53.753783197894414,53.43030774938237,53.55716323852539,2225800.0
2013-03-11,53.487397660227714,53.8806376063959,53.487397660227714,53.70938873291016,2793400.0
2013-03-12,53.7855000747053,53.88063564593449,53.354201075311295,53.6142463684082,2503500.0
2013-03-13,53.61423652186658,54.11530474083298,53.582526283628034,54.02650833129883,2885700.0
2013-03-14,54.05188253511063,54.35632600273162,54.026511439635264,54.31192779541016,3410800.0
2013-03-15,54.00748529037133,54.33096071464544,53.89966176196054,54.21044921875,5015600.0
2013-03-18,53.79183294222828,54.30558916211852,53.652294335320846,54.18507766723633,3374300.0
2013-03-19,54.26753630928229,54.45147314497853,53.79818308246151,53.96309280395508,3640300.0
2013-03-20,53.38591175249023,53.88698006754563,53.17026467056484,53.29711532592773,5285400.0
2013-03-21,53.14488614666106,53.3732211656468,52.43450999436745,52.64381790161133,5824100.0
2013-03-22,52.83411220970917,53.82356098567624,52.81508025405814,53.760135650634766,4667000.0
2013-03-25,53.899680002997336,53.93139025435702,53.34786936767009,53.665000915527344,4080300.0
2013-03-26,53.81722116330264,53.96310380032087,53.607913186336894,53.9377326965332,3184600.0
2013-03-27,53.81086005425352,54.254846970690046,53.69035339841305,54.18507766723633,2611500.0
2013-03-28,54.01383539887394,54.502215743493146,53.91869498811785,54.48318862915039,3498300.0
2013-04-01,54.426100959515246,54.51489738338268,53.48739452461889,53.57619094848633,2959800.0
2013-04-02,53.17660993872946,53.500085437904666,53.05610325397233,53.227352142333984,4133000.0
2013-04-03,53.284417782712254,53.32881598398391,52.71358030990461,52.853118896484375,4010900.0
2013-04-04,52.93558435507647,53.18929049870931,52.81507284806637,53.06877899169922,2730700.0
2013-04-05,52.52331025483001,53.04974963376751,52.218866766582245,52.986324310302734,3031000.0
2013-04-08,52.99267496258722,53.08781054023459,52.54868796438154,52.78971099853516,3057900.0
2013-04-09,52.96093400861615,53.16389787353067,52.6247755610115,52.99264907836914,3164600.0
2013-04-10,53.106835724644434,53.79817997564198,53.06877665939472,53.63327026367188,3446100.0
2013-04-11,53.69672347099399,53.77283195607277,53.38593102677543,53.48107147216797,3788200.0
2013-04-12,53.37324538417822,53.51912319975354,53.20199162271034,53.36690139770508,2491500.0
2013-04-15,53.25904445176451,53.3351528855787,52.24422500890185,52.26959609985352,3678000.0
2013-04-16,52.56138367410576,52.789718772168506,52.32670459025146,52.78337478637695,2365500.0
2013-04-17,52.57404973519013,52.64381903911229,52.06663749558199,52.33937072753906,3113900.0
2013-04-18,52.67553879739146,52.76433522135356,51.97784569620043,52.244239807128906,4188900.0
2013-04-19,52.44086172036915,52.91655894031479,52.26961285036736,52.637481689453125,3115200.0
2013-04-22,52.65017676181857,52.9165660795579,52.16179150692012,52.80874252319336,3410400.0
2013-04-23,52.884843203297656,53.271743991196594,52.65016900801104,53.11317825317383,3729400.0
2013-04-24,53.151237394996016,53.24003382128926,52.71993839341072,52.96095657348633,4387400.0
2013-04-25,53.626928219336925,54.47049416860013,53.39224921264587,54.1787338256836,4825000.0
2013-04-26,54.14068365722557,54.53392841272336,53.994801055318334,54.362674713134766,3266300.0
2013-04-29,54.40074108636816,54.8383841507618,54.29291752642988,54.717872619628906,3000300.0
2013-04-30,54.79397211408096,54.79397211408096,54.2992478211794,54.445125579833984,4296400.0
2013-05-01,54.43245797271931,54.48320018108694,53.69037132175519,53.79819488525391,3372200.0
2013-05-02,53.80452305995822,54.19776296164079,53.785495947172535,54.12165451049805,3566400.0
2013-05-03,54.50223439834823,54.85108107750861,54.419781928293936,54.60371398925781,3471700.0
2013-05-06,54.62906006463011,55.529717031115176,54.59100584035671,55.206241607666016,3259000.0
2013-05-07,55.45361520164546,56.41769284842785,55.37750189832998,56.23376083374024,4853800.0
2013-05-08,56.06249787798847,57.05829044691379,55.71365134404822,56.46842575073242,6309100.0
2013-05-09,56.52589670459111,56.84525205320463,56.22570189721827,56.35344696044922,4937000.0
2013-05-10,56.30875421701408,56.736689342398,56.27681672342773,56.4237174987793,2604900.0
2013-05-13,56.2960021003738,56.44929141664808,56.07884264173353,56.23213195800781,1858700.0
2013-05-14,56.37260558398888,56.6664119099614,56.308735491034106,56.4620246887207,3233400.0
2013-05-15,56.423727932935975,56.6472806834262,56.27043865592465,56.58979415893555,3534400.0
2013-05-16,56.45564506520078,56.621711231289474,56.01493307068621,56.11074066162109,3115400.0
2013-05-17,56.18101129490709,56.67920502712403,56.123529651794776,56.653656005859375,3440500.0
2013-05-20,56.60256708575308,56.74946787783151,56.43011239751397,56.55785751342773,2640000.0
2013-05-21,56.55786070475949,57.11353615316067,56.53231168013512,56.70476150512695,2907300.0
2013-05-22,56.67282435272907,57.19017865936267,56.059657556672775,56.29598236083984,4191600.0
2013-05-23,55.95106916795046,56.08519786093219,55.567843634720205,55.76584243774414,5157400.0
2013-05-24,55.38901950582863,55.50398768242105,55.17185522871928,55.45927810668945,3587400.0
2013-05-28,55.71475215897304,55.88720195231589,55.15907193957533,55.40816879272461,4191300.0
2013-05-29,55.15269355862572,55.31875978210579,54.96746678493222,55.14630508422852,3306300.0
2013-05-30,55.19100655277641,55.4209379742429,55.12713156978218,55.1590690612793,2882600.0
2013-05-31,55.133522289368045,55.42732870580137,54.84610434608988,54.865264892578125,4082000.0
2013-06-03,54.84610539992826,55.19739346257614,54.68642767882177,55.08881378173828,4186800.0
2013-06-04,55.08882939383146,55.46566658340876,54.78863441340008,54.903602600097656,3454900.0
2013-06-05,54.78225084278908,54.87167488309634,54.08605805816604,54.264896392822266,4156200.0
2013-06-06,54.10521230918904,54.322376599529605,53.779468310167466,54.137149810791016,3918000.0
2013-06-07,54.42454797982221,55.248485516208426,54.35428940031027,55.16545486450195,4231900.0
2013-06-10,55.274051353320615,55.29321190393132,54.89082572217167,55.15269470214844,2101600.0
2013-06-11,54.76304802389255,55.088791809459856,54.609758837203685,54.70556640625,2478600.0
2013-06-12,55.06966465716653,55.19740491135606,54.37985558939507,54.61618041992188,2771200.0
2013-06-13,54.61618668350621,55.23573722063225,54.360701272848814,55.13354110717773,2282000.0
2013-06-14,55.07604562783846,55.44649426370701,54.667266149574495,54.87165832519531,2505600.0
2013-06-17,55.21017772924706,55.440114067965006,54.903594319963815,55.2740478515625,3198600.0
2013-06-18,55.4401088462317,56.09159182925272,55.42094342566202,55.84249496459961,2916200.0
2013-06-19,55.89996840361924,55.98939240088818,55.12712890196475,55.16545486450195,3027000.0
2013-06-20,54.814178124946,54.82695020090546,53.89443272056144,54.220176696777344,4213900.0
2013-06-21,54.66727424995853,54.839728955447846,54.23295543134164,54.55231094360352,4676900.0
2013-06-24,54.27765349660302,55.11436320192155,54.09881035436466,54.46287536621094,3472300.0
2013-06-25,54.81418293653606,54.9547001493159,54.47566685464575,54.75031280517578,2661300.0
2013-06-26,55.127121495845,55.51673543062193,55.06325139749944,55.19738006591797,2291800.0
2013-06-27,55.58061849739342,55.759461636656425,55.32513804440083,55.62532806396485,3002700.0
2013-06-28,55.54868856930203,55.861655550469294,55.22933311460716,55.235721588134766,3271100.0
2013-07-01,55.51675312577736,55.98301425096857,55.48482050291459,55.59978866577149,2556200.0
2013-07-02,55.491202090358,55.87443253462834,55.101588045533326,55.31875228881836,2127800.0
2013-07-03,55.14630867620042,55.23573270465141,54.82695315723337,55.03134536743164,1223300.0
2013-07-05,55.36348116845221,56.0277413311109,55.33154366263066,55.91277313232422,1994800.0
2013-07-08,56.20655547640712,56.704749165726206,56.11074787315873,56.43010330200195,2852500.0
2013-07-09,56.615341190292376,58.14824852536084,56.615341190292376,57.31153869628906,5645300.0
2013-07-10,57.24765783125004,58.1418540911265,57.11352912321521,57.63727188110352,3625400.0
2013-07-11,58.28237024147264,58.62088624237684,58.16101360983623,58.41011047363281,3446700.0
2013-07-12,55.30598844527852,55.88721784994775,54.60340725261777,55.00579833984375,15335100.0
2013-07-15,54.69278755600865,55.12711096394869,54.57781945176055,54.59698486328125,6194200.0
2013-07-16,54.60976422704999,54.96744065561758,54.450086553871486,54.91634750366211,4152400.0
2013-07-17,55.19740127747375,55.43372609244227,55.08882158126309,55.34430694580078,3185700.0
2013-07-18,55.388999239467765,56.40454703363864,55.32512913650334,56.11074066162109,4752400.0
2013-07-19,56.149087838139074,56.264051143128896,55.81695538046292,56.25766754150391,3172000.0
2013-07-22,56.0915910149665,56.28958983451447,55.829722080046025,55.957462310791016,2946200.0
2013-07-23,56.02132541984727,56.20655214234631,55.3442935102125,55.893585205078125,3141600.0
2013-07-24,56.11074811429368,56.24487681022699,55.50397474607481,55.55507278442383,3720300.0
2013-07-25,55.51037615694793,55.68921445987429,55.12076205143908,55.45927810668945,3190500.0
2013-07-26,55.21016294310847,55.63809800829,55.088806332125735,55.56145095825195,2820600.0
2013-07-29,55.408173959164586,55.59978919005884,55.33152689221133,55.44649505615234,2786000.0
2013-07-30,55.52314087287832,55.70836762577792,55.12075474463429,55.19101333618164,3191400.0
2013-07-31,55.171846965738986,55.976624081356,55.171846965738986,55.44010925292969,3386300.0
2013-08-01,55.80419664387821,56.519550035144526,55.79780816774776,56.23213195800781,2942300.0
2013-08-02,55.98300675825279,56.2001661073749,55.81694057346837,56.15545654296875,2253200.0
2013-08-05,55.97025128702166,56.37902599642366,55.9510907339214,56.11715698242188,2086500.0
2013-08-06,56.09159091948609,56.64727115553355,56.03410927764192,56.17462158203125,2700700.0
2013-08-07,56.00217690257135,56.193792138855294,55.79778959125816,56.12991714477539,2039900.0
2013-08-08,56.32153948668936,56.51315474714784,56.08521464852103,56.28321838378906,2029200.0
2013-08-09,56.2831972951115,56.3853884888819,55.9255159344734,56.0851936340332,1828100.0
2013-08-12,55.87443616288376,56.161854141772736,55.82333811726595,56.05965805053711,2160900.0
2013-08-13,56.11715085922741,56.20657001259099,55.80418382245488,56.02134323120117,2384900.0
2013-08-14,55.87443962346652,56.0724384712763,55.78501560160795,55.85527420043945,2435400.0
2013-08-15,55.50791606409829,55.527213430022144,54.92897054751461,55.29563522338867,4775800.0
2013-08-16,55.21842809389543,55.63012640550187,55.21199891192201,55.35351943969727,2822900.0
2013-08-19,55.19911290703362,55.482153871182,55.15408410889828,55.37279891967773,2682500.0
2013-08-20,55.38567838020029,55.80380586100146,55.26346012539799,55.51433563232422,2205300.0
2013-08-21,55.48862476335442,55.70733481142899,55.25704653140831,55.37926483154297,4179700.0
2013-08-22,55.38568600305439,56.15761489872321,55.31492573159042,55.93889999389648,2872900.0
2013-08-23,55.913160540620574,56.2476644865526,55.88099990859362,56.073978424072266,1805000.0
2013-08-26,56.06111253231815,56.569297609203794,56.06111253231815,56.0932731628418,2208100.0
2013-08-27,55.623689955395776,55.688016126807845,55.06404195778901,55.21842575073242,3425100.0
2013-08-28,55.19913007095693,55.37281613760795,55.05760954487757,55.08977508544922,1964400.0
2013-08-29,54.98685786879483,55.68802154866543,54.89679533072259,55.13480758666992,1571600.0
2013-08-30,55.166978516839045,55.276333520343016,54.793879779006765,55.05118942260742,2471100.0
2013-09-03,55.469321332250594,55.64300253333888,55.12838320575924,55.29563522338867,2006800.0
2013-09-04,55.3663755434671,55.96461821030189,55.2441523929806,55.67514801025391,2187600.0
2013-09-05,55.66872224741425,56.13187856298034,55.610825254082194,55.842403411865234,1429700.0
2013-09-06,56.00321256601744,56.20905923995331,55.35994109649637,55.81023406982422,1861500.0
2013-09-09,55.91318088218989,56.138325019376666,55.86171796289746,56.04826736450195,2099100.0
2013-09-10,56.337714320772925,56.73653947562692,56.260519980589095,56.65291595458984,2828000.0
2013-09-11,56.66579709091211,57.19328455349535,56.5628761793208,57.09035873413086,2763900.0
2013-09-12,57.16110135331059,57.42484009537108,56.92952323903853,56.9874153137207,2187900.0
2013-09-13,57.10321843540075,57.24473897428709,56.89094253484412,57.03246307373047,1553100.0
2013-09-16,57.84298378816454,58.15819042044168,57.585674154625806,57.63070297241211,3454700.0
2013-09-17,57.65000732015566,58.023101149062406,57.41199504169983,57.82368850708008,2355900.0
2013-09-18,57.88800149324159,58.60203325804731,57.733617705864496,58.51840972900391,4019200.0
2013-09-19,58.505545301615726,59.21314793032072,58.415487677557344,58.98799896240234,3140800.0
2013-09-20,59.0008420603413,59.25815155159924,58.81429280187355,58.89148712158203,5317500.0
2013-09-23,58.87219665312291,58.917225455029694,58.12600437755748,58.724246978759766,3229200.0
2013-09-24,58.66635642898678,59.17454148206146,58.56343554525255,58.7049560546875,2931200.0
2013-09-25,58.65992379635521,58.88506781731272,58.318990720652174,58.53770065307617,2544100.0
2013-09-26,58.653492313018994,59.05232238769531,58.58273205932204,59.05232238769531,2734300.0
2013-09-27,58.85935382581737,58.988006188010495,58.37690010593362,58.69853591918945,2390500.0
2013-09-30,58.33830901812733,59.09736978107423,58.18392028453678,58.77573394775391,2436600.0
2013-10-01,58.814310179099024,59.08448301624824,58.77571546172679,59.05232238769531,1800900.0
2013-10-02,58.70493306066965,58.82072207687492,58.42189215266347,58.7177963256836,2558900.0
2013-10-03,58.59560441146603,58.63420404259297,57.76578841271136,57.95876693725586,3168000.0
2013-10-04,57.99735500277813,58.58916354580119,57.66285110783704,58.53770065307617,2253700.0
2013-10-07,58.02953497346961,58.24181579589335,57.59211005503881,57.91374588012695,1707200.0
2013-10-08,57.81725618094508,57.99737637184776,57.18685268999256,57.20615005493164,2149200.0
2013-10-09,57.36696192186498,57.41199073789752,56.89737149086324,57.05818939208984,2455300.0
2013-10-10,57.49560906984939,58.10028589415676,57.19327556546813,58.074554443359375,2540900.0
2013-10-11,58.0295361323102,58.40906896553548,58.0295361323102,58.389766693115234,1825800.0
2013-10-14,58.11316178618222,58.33187671157234,57.99094350306788,58.12602996826172,2283200.0
2013-10-15,58.13888061646661,58.89794123778583,58.010228270252135,58.074554443359375,3144200.0
2013-10-16,58.25468943695156,58.84006909852201,58.216094701559776,58.7500114440918,2607500.0
2013-10-17,58.67278684344908,59.18740595320725,58.55699778914207,59.12950897216797,1954900.0
2013-10-18,59.38039793660464,59.830690986944376,59.14239059315033,59.824256896972656,3168500.0
2013-10-21,59.888582973351824,60.428933651302536,59.77922798287855,60.32600784301758,3778800.0
2013-10-22,60.44181090619013,61.00788825939697,60.242398241221295,60.31958770751953,3000900.0
2013-10-23,60.1587302095328,60.48679994885147,59.9657517629346,60.43533706665039,2654400.0
2013-10-24,60.583328890158405,61.36812114924476,60.583328890158405,60.78274154663086,4802700.0
2013-10-25,62.18505145585984,62.397332217558,60.57044360939295,61.5031852722168,5203400.0
2013-10-28,61.40025723888803,63.542352320814494,61.40025723888803,62.89264678955078,5926700.0
2013-10-29,62.92482288104439,63.304355647925966,62.17863043441777,63.24002456665039,6452700.0
2013-10-30,63.17570101378355,63.54879970645986,63.04704866144059,63.22072982788086,3975200.0
2013-10-31,62.9441279666319,63.67745723165884,62.61605806140205,63.19500350952149,4213200.0
2013-11-01,63.22069690742036,63.568063967191584,62.879763934247705,63.18210220336914,2944500.0
2013-11-04,63.535922481898346,64.26282240169886,63.45229895555692,64.24995422363281,3009600.0
2013-11-05,63.91547986011909,64.75816426087161,63.69033573485397,64.52015686035156,3912700.0
2013-11-06,64.52657663177008,64.70669190570923,63.54237180790747,63.74821853637695,4088400.0
2013-11-07,64.01837819566634,64.28212186917816,63.38797486737097,63.42013549804688,2961400.0
2013-11-08,63.34938112963228,64.24352814530249,63.34294704028849,64.08271026611328,3886000.0
2013-11-11,64.01195685187882,64.19850620061995,63.74177905604216,63.8640022277832,4214600.0
2013-11-12,63.64531024568715,64.37863966800082,63.52952113122846,64.21138763427734,3549900.0
2013-11-13,63.838271582814265,65.0090256870044,63.78037949511383,64.99616241455078,3862700.0
2013-11-14,65.22269835405875,65.73402110020689,64.89907673786936,65.3521499633789,6082800.0
2013-11-15,65.43628186171242,65.6110402785599,64.95084949636133,65.33272552490234,4083600.0
2013-11-18,65.50748095616815,65.85699286220716,65.35214397728643,65.55278778076172,2448900.0
2013-11-19,65.48805409595258,65.6045580462104,65.04792861032004,65.19032287597656,2447200.0
2013-11-20,65.26798310911195,65.33271136091786,64.79549847459158,64.80844116210938,2128400.0
2013-11-21,64.95731349618694,65.54630210935807,64.85375223695051,65.4556884765625,2262600.0
2013-11-22,65.65636265537034,66.01881732717885,65.28096035209752,66.00587463378906,2014300.0
2013-11-25,66.14827281080467,66.16769426058414,65.494560539077,65.51397705078125,2219000.0
2013-11-26,65.57866303918561,66.24532256427177,65.57866303918561,66.20648956298828,3997300.0
2013-11-27,66.21297205742266,66.5495363015106,66.03173983883511,66.3683090209961,1879700.0
2013-11-29,66.47187286990794,66.6919381197641,66.2582863726112,66.26475524902344,1281700.0
2013-12-02,66.10942119650555,66.60132741967513,66.10294738173293,66.2323989868164,2336900.0
2013-12-03,66.31009780062702,66.52368935107555,65.68874460320278,65.95411682128906,2600100.0
2013-12-04,65.93466528555986,66.17414210455767,65.20975113788383,65.83757781982422,2249300.0
2013-12-05,65.66928961247596,66.07058214444147,65.66928961247596,65.7793197631836,2230900.0
2013-12-06,66.2647473807178,66.61425925034798,65.97996377211295,66.29711151123047,3723900.0
2013-12-09,66.67899430016202,66.6919419298734,65.9993918825311,66.2388687133789,2373400.0
2013-12-10,66.11587316132434,66.28415772328131,65.72752835056163,65.84403228759766,2199300.0
2013-12-11,65.98644878167022,66.07059356634764,65.15797819394128,65.28742980957031,3010000.0
2013-12-12,65.21619956342542,65.68868414101871,65.21619956342542,65.33917236328125,2303200.0
2013-12-13,65.40392905528378,65.86994002355745,65.14503078086028,65.61751556396484,2712600.0
2013-12-16,65.78580324138073,66.27770949184631,65.77932942624886,66.10295104980469,3116600.0
2013-12-17,66.16768546057136,66.40716232384146,65.81817348215266,66.00587463378906,3190600.0
2013-12-18,66.10294602080425,66.69193970114176,65.52689996974544,66.65310668945312,4224900.0
2013-12-19,66.49128196486096,66.8213723712317,66.277690569158,66.78253936767578,2508600.0
2013-12-20,66.81493058580487,67.67576045477414,66.66606244836149,66.87965393066406,8363500.0
2013-12-23,67.18383533504327,67.35858879819821,66.95729630100173,67.28739166259766,2155500.0
2013-12-24,67.39741630106684,67.63689800472268,67.26149585458299,67.61100769042969,904500.0
2013-12-26,67.53981539231019,67.8958010667148,67.33917161477643,67.74693298339844,2108300.0
2013-12-27,67.96053944889427,68.01878896957496,67.68869847623645,67.77931213378906,3433500.0
2013-12-30,67.92817657805622,67.99937373004224,67.69516861484276,67.90876007080078,1479800.0
2013-12-31,67.92173067046681,68.2000455574202,67.74697216992068,68.01234436035156,1778400.0
2014-01-02,67.72106370504994,67.90229597436641,66.54955492946783,66.87317657470703,2799700.0
2014-01-03,66.97673360947074,67.27446491157609,66.69841881475229,66.72430419921875,3719600.0
2014-01-06,67.00911000641223,67.09972368952239,65.5204531138343,65.85701751708984,3884800.0
2014-01-07,65.9152452345148,66.59485257094843,65.88935985197382,66.07058715820312,3385700.0
2014-01-08,66.09647741929375,66.20003376358562,65.63693533946221,66.01880645751953,3024400.0
2014-01-09,66.1935638586019,66.36832229839746,65.71460524455586,66.09648132324219,2352000.0
2014-01-10,66.19355877061051,66.4330405282627,65.58515353080075,66.3553695678711,3499500.0
2014-01-13,65.78577901993047,66.36182490272145,64.74371738070806,64.8731689453125,3510100.0
2014-01-14,64.9573122024957,65.36507354195473,64.48482260826673,65.32624053955078,3620300.0
2014-01-15,65.51396082852496,65.65635512986412,65.1838653970636,65.4039306640625,2027700.0
2014-01-16,65.22917452541121,65.41687566215053,64.78904891397137,65.04147338867188,2603900.0
2014-01-17,63.1126769518907,64.92495469455241,62.782581583584594,64.66606140136719,10135500.0
2014-01-21,65.02204477636086,65.10618460623921,63.13209600651859,63.79875564575195,5783200.0
2014-01-22,64.24536849496766,64.3100918344859,63.753462226095365,64.07061004638672,3234100.0
2014-01-23,63.682233303725766,63.77932073360881,63.1773845940201,63.39097595214844,4255100.0
2014-01-24,63.15796106622848,63.22915817768041,62.31654335165361,62.348907470703125,5251600.0
2014-01-27,62.22594820959345,62.5366270552207,61.4945653199058,61.598121643066406,4973700.0
2014-01-28,61.68874565982458,62.01236724853515,61.59813201003151,62.01236724853516,3881700.0
2014-01-29,61.8246788036368,62.13535776521569,61.45575031442882,61.70170593261719,4554500.0
2014-01-30,62.60136445556588,62.78259176541547,61.90881441402704,61.99295425415039,4010000.0
2014-01-31,61.145075670798015,62.11594062603311,60.85381322138278,61.63698196411133,4082600.0
2014-02-03,61.55283070584425,62.08356996140895,60.53018520865954,60.594913482666016,5448600.0
2014-02-04,60.9314679176545,60.98972236720467,60.3165889188338,60.769657135009766,3537300.0
2014-02-05,60.743777323065096,61.05445625222819,60.51724317579725,60.68552780151367,4591300.0
2014-02-06,60.93797202563076,61.44282112836554,60.84735833734891,61.31984329223633,4195600.0
2014-02-07,61.68227801306748,61.87644800732037,61.20978831137886,61.72758483886719,2889700.0
2014-02-10,61.64991113402695,61.78583160537568,61.13858844386358,61.31334686279297,4233800.0
2014-02-11,61.30040503913958,62.439554493934224,61.30040503913958,62.23891067504883,3264600.0
2014-02-12,62.23243322797616,62.62725196588862,62.05120592626034,62.154762268066406,2471300.0
2014-02-13,61.934696741775525,62.61429906600101,61.77288595913995,62.49779510498047,2376400.0
2014-02-14,62.42661209406767,63.02207966186941,62.32305573754193,62.93793487548828,3304300.0
2014-02-18,62.87966309809849,63.37156919721757,62.251836551474,62.45248031616211,3037500.0
2014-02-19,62.15477389508333,62.37483918695748,61.50753058897925,61.604618072509766,4445200.0
2014-02-20,61.82621992983027,62.732265363138126,61.35038569551576,62.360721588134766,4908700.0
2014-02-21,62.54325321048036,63.05168614300978,62.438962718505095,62.64754867553711,3422600.0
2014-02-24,62.71271720078351,63.22766475795298,62.52368544133544,62.54323959350586,2762600.0
2014-02-25,62.56930528618757,62.699674572105735,62.08695136098972,62.217315673828125,3291400.0
2014-02-26,62.249918536977,62.47805860506186,61.86534027550259,62.05436706542969,2915700.0
2014-02-27,61.96963509766498,62.341178941226815,61.85882491011235,62.28251647949219,2681600.0
2014-02-28,62.19777468213422,62.79745860498153,61.95660015505476,62.4259147644043,4097100.0
2014-03-03,62.093483815223166,62.44547349983971,61.80015659150232,62.43243408203125,3013500.0
2014-03-04,62.86915899885373,63.35803272348893,62.85612455435231,63.21463394165039,3310100.0
2014-03-05,63.22766795002071,63.47536217848495,63.09730361358282,63.279815673828125,2444900.0
2014-03-06,63.46887660548064,63.873009217977206,63.3319924974012,63.788272857666016,3229100.0
2014-03-07,64.04899256933469,64.40098232990982,63.87951491281735,64.02291870117188,2741400.0
2014-03-10,64.00985728421065,64.36836663189887,63.879492961276846,64.36184692382812,2630100.0
2014-03-11,64.53133895528124,64.57696697582132,63.95772884376578,64.08157348632812,2583500.0
2014-03-12,63.87950218121547,64.26408047053377,63.54706664474855,64.21845245361328,2625300.0
2014-03-13,64.41401334431298,64.48571523466866,62.95391161658912,63.29286193847656,4769500.0
2014-03-14,63.27981038179686,63.3775861124887,62.627978807958186,62.75182342529297,4129300.0
2014-03-17,63.09730481453112,63.45580923309914,63.06471124326096,63.22114944458008,2130500.0
2014-03-18,63.12991250053742,63.76219017893889,63.12991250053742,63.49494171142578,2023100.0
2014-03-19,63.57965156946828,63.872973785051805,62.82352456553177,63.195068359375,2511300.0
2014-03-20,63.0907923808309,63.19508286937608,62.72576821130077,63.16901397705078,1941700.0
2014-03-21,63.69698533856801,63.91209096210272,62.99300601049836,63.13640975952149,4303700.0
2014-03-24,63.27327604497231,63.52748990214936,62.79092218431317,63.44926834106445,3500000.0
2014-03-25,63.61877361291528,63.88602699988248,63.43626153063585,63.6513671875,2308300.0
2014-03-26,63.87950209191296,64.0359402964101,63.04515837048703,63.06471252441406,3253100.0
2014-03-27,63.12988841925935,63.28632660820448,62.73879046035631,63.26025772094727,2846100.0
2014-03-28,63.32542375236224,63.73607575862999,63.279795751665816,63.44926834106445,1937100.0
2014-03-31,63.612260204418845,63.72307538513481,63.2798295815162,63.47537612915039,2397600.0
2014-04-01,63.71000190493502,63.74911517201701,63.28631048528024,63.44926834106445,2552200.0
2014-04-02,63.52749649304906,64.04244396752185,63.48838819498873,63.85993194580078,3117400.0
2014-04-03,63.92513019813597,64.41400393931873,63.866467736272845,64.21845245361328,2182600.0
2014-04-04,64.45966143215193,64.79861683262708,63.71005369161056,63.9447135925293,2958400.0
2014-04-07,64.10763409879624,64.1597818180851,63.44928281874509,63.46232223510742,2899300.0
2014-04-08,63.299375723340965,63.75565591645684,63.11034393674121,63.501441955566406,3315400.0
2014-04-09,63.56010646018181,63.95120446095719,63.331966374152906,63.7817268371582,2984800.0
2014-04-10,63.84692522525167,63.96425515259361,62.856143040094736,62.98650741577149,3962800.0
2014-04-11,62.84959915598482,63.162480499582685,62.69968067892686,62.75182342529297,2899400.0
2014-04-14,63.129892024737714,63.286330222617366,62.40635852155845,62.634498596191406,3179700.0
2014-04-15,62.83657149172004,62.95390138659223,62.21732844591879,62.43243408203125,6511200.0
2014-04-16,62.83656113215356,63.46883851844191,62.51064536380533,63.4557991027832,3636500.0
2014-04-17,63.26025571253231,63.95771529190824,63.09729782040635,63.879493713378906,3261200.0
2014-04-21,64.03592954061253,64.51828846417065,63.82734364529118,64.46614074707031,2660400.0
2014-04-22,64.62910966632471,64.78554787125198,64.40096958141393,64.53133392333984,2156400.0
2014-04-23,64.52481673788202,65.0853923816331,64.38793268158201,64.68777465820312,3132800.0
2014-04-24,64.59651861232456,65.04628406373864,64.20542059822064,64.29667663574219,3568400.0
2014-04-25,64.10114094347075,64.3618746748395,63.358053041573314,63.48842239379883,2708900.0
2014-04-28,63.74913874414643,64.19238447469893,63.51447894720211,64.04898071289062,3387400.0
2014-04-29,64.08808305138405,64.34229697887955,63.84038883238548,63.886016845703125,2803100.0
2014-04-30,63.99030819273823,64.40096529130233,63.82735028964595,64.20541381835938,2546500.0
2014-05-01,64.20542016337527,64.2706023364376,63.78172857884846,63.95120620727539,2383600.0
2014-05-02,63.931630521378224,64.64864412974586,63.8925172522488,64.2445068359375,2280300.0
2014-05-05,64.05548684553412,64.06852626199132,63.61876088274315,63.846900939941406,2390200.0
2014-05-06,63.683962097142576,63.83388559276903,63.44930226151615,63.47537612915039,1876200.0
2014-05-07,63.75565351444136,64.45311319654496,63.61876946166375,64.42052459716797,1922900.0
2014-05-08,64.40097377943191,64.82466040484985,64.30319803007346,64.52481842041016,2246500.0
2014-05-09,64.57696034626338,65.176644261249,64.44659600755546,65.02672576904297,2340500.0
2014-05-12,65.18315243929798,66.16741943359375,65.14404413921997,66.16741943359375,2861300.0
2014-05-13,66.32385108249801,66.95612839465285,66.2651886381518,66.81924438476562,3687500.0
2014-05-14,66.74104138609796,66.74104138609796,66.11528360692678,66.51290130615234,3410500.0
2014-05-15,66.49322629754988,66.6638241020394,65.7452270856472,65.91582489013672,4405800.0
2014-05-16,66.02081262011622,66.53260105031111,65.92895341500181,66.4866714477539,2278100.0
2014-05-19,66.30949649695528,66.67037544327331,66.30293870225869,66.5260238647461,1455500.0
2014-05-20,66.48663709071319,66.65067201593101,65.75175882359585,65.96172332763672,2090000.0
2014-05-21,66.06671723297674,66.77534440354272,66.06671723297674,66.75566101074219,2017500.0
2014-05-22,66.68349000560278,66.7819119825987,66.48665105756064,66.70317840576172,2316600.0
2014-05-23,66.69005549321066,67.54303932028358,66.63756310257081,67.4052505493164,1867600.0
2014-05-27,67.55616568503751,67.89736124738864,67.53648228835387,67.69395446777344,1982500.0
2014-05-28,67.89079196050481,68.08763091448651,67.73987759043064,67.85142517089844,1866200.0
2014-05-29,68.19261957027845,68.35665454422737,67.86454962238064,68.27791595458984,1890700.0
2014-05-30,68.23854388139509,68.33696585933704,68.05482552574328,68.15980529785156,2627800.0
2014-06-02,68.32382723682304,68.43537479373654,67.97607398619843,68.29102325439453,2914100.0
2014-06-03,68.17948940850611,68.34352435943877,67.62832937027868,67.86454010009766,2319200.0
2014-06-04,67.83830644892268,67.9104822411526,67.31995530743076,67.56272888183594,2822100.0
2014-06-05,67.79893848982411,68.00234026118434,67.56272772039597,67.98921966552734,2514900.0
2014-06-06,68.06796546294186,68.14014126687955,67.86456365509079,67.96954345703125,2103700.0
2014-06-09,67.84484997286549,68.25821620604452,67.80547818450395,67.90390014648438,3199000.0
2014-06-10,67.6808333843397,67.81205936525218,67.31995442790499,67.52336120605469,2578100.0
2014-06-11,67.3068335199899,67.60209447864851,67.1231151451845,67.25434112548828,2106000.0
2014-06-12,67.21496334301197,67.27401352270896,66.16513564842644,66.19794464111328,3116800.0
2014-06-13,66.26357923793115,66.6047748517657,66.13891603814064,66.28982543945312,1942300.0
2014-06-16,66.20449579886711,66.48007326755864,65.96172231114446,66.38821411132812,1918400.0
2014-06-17,66.27670426059059,66.72943746650981,65.9551920492286,66.6703872680664,2057800.0
2014-06-18,67.33308326476221,67.56929404651424,66.72943070809002,67.44462585449219,4459900.0
2014-06-19,67.39212200679049,67.56271976594789,67.0181225002202,67.16903686523438,2159300.0
2014-06-20,67.20184873098665,67.47086849834474,67.14935633648504,67.25434112548828,3193900.0
2014-06-23,67.40525659110237,67.5036735749362,66.69006147089101,67.22809600830078,1768300.0
2014-06-24,67.00502447096056,67.44463710803701,66.73600464454128,66.74913024902344,1685000.0
2014-06-25,66.71630528184221,67.30026939280037,66.60476270018732,67.1952896118164,1575500.0
2014-06-26,67.11657388162892,67.41839773794099,66.68351899695166,67.34622192382812,1557900.0
2014-06-27,67.29372886007454,67.51681910315655,67.12313603378152,67.39215087890625,2370200.0
2014-06-30,67.29371122430706,67.5102386078008,67.0115708474381,67.35932922363281,2069400.0
2014-07-01,67.84487250875776,67.91048550322293,67.3527675413431,67.48399353027344,1496700.0
2014-07-02,67.38554507345164,67.94982561497149,67.38554507345164,67.94326782226562,2175100.0
2014-07-03,68.05482552574328,68.21229768688058,67.94328295351895,68.15980529785156,1269200.0
2014-07-07,68.19919204804576,68.20574984365014,67.54960985475134,67.7398910522461,1700200.0
2014-07-08,67.66114386687849,67.66114386687849,66.9721950145376,67.51679229736328,2299300.0
2014-07-09,67.7661138274004,67.79236001859778,67.26744620654848,67.56927490234375,1188800.0
2014-07-10,67.03125564435871,67.22153181312441,66.88690406312935,66.98532104492188,1597300.0
2014-07-11,66.99844739936253,67.51679853507922,66.95908060620314,67.2740249633789,1559100.0
2014-07-14,67.51680393742669,68.05483851277383,67.47743213516667,67.87767791748047,2054900.0
2014-07-15,67.89079847246876,68.48132540295586,67.73332629298898,68.4288330078125,2201800.0
2014-07-16,68.53378996449267,68.95371897386644,68.40256402629412,68.57971954345703,2309200.0
2014-07-17,68.22541983670875,68.38945478966627,67.27401410598546,67.35275268554688,2842600.0
2014-07-18,67.57584035637234,68.12043762207031,67.47741837971192,68.12043762207031,1943700.0
2014-07-21,67.94328821201816,68.54693571472211,67.84486622645879,68.27791595458984,1766800.0
2014-07-22,68.41572637569166,68.92095705861894,68.37635957139406,68.55352020263672,1471600.0
2014-07-23,68.58629995236484,68.75689772058456,68.40914438971546,68.46163177490234,1138300.0
2014-07-24,68.36976794450392,68.60597868260827,68.14012000633291,68.29759216308594,1274500.0
2014-07-25,68.08108910272426,68.40259630720215,67.87112449894978,67.9564208984375,1192100.0
2014-07-28,67.85143418287285,67.87111758029037,66.92627445664533,67.35932922363281,2521000.0
2014-07-29,65.33840352009702,65.44994608643549,64.8594192558943,64.86598205566406,8905800.0
2014-07-30,65.12187938752587,65.45651210896649,64.42637275617258,65.18749237060547,3948900.0
2014-07-31,64.57729536192589,64.8659985538309,63.65869839255147,63.704627990722656,3853400.0
2014-08-01,63.429026722644096,63.90144813087152,63.06815287343346,63.66523742675781,3345700.0
2014-08-04,63.80962055224475,64.04583137327415,63.2519025049064,63.76369094848633,2882900.0
2014-08-05,63.55370265124612,63.97363173084958,63.07471838541274,63.32405471801758,2973200.0
2014-08-06,62.93039942464351,62.98944963081559,62.484223956187165,62.812294006347656,4037300.0
2014-08-07,62.86475919230433,63.25188431777156,62.28079510987827,62.36609649658203,3779000.0
2014-08-08,62.562936665131424,63.02223758549667,62.24799232551814,62.9500617980957,3450800.0
2014-08-11,63.25843327972279,63.363413032612165,62.98285079074691,63.035343170166016,2971100.0
2014-08-12,63.03535558624723,63.47496808708788,62.98286319648869,63.258445739746094,2356800.0
2014-08-13,63.35028776907389,63.6783576073271,63.25186581640824,63.396217346191406,2930400.0
2014-08-14,63.61425289738863,63.63407373200641,63.2442505421127,63.47550201416016,2277700.0
2014-08-15,63.93141654087785,64.10980913566318,63.46890844615492,63.99087905883789,4873500.0
2014-08-18,64.28821832227412,64.61197051811637,64.20232128191364,64.49964904785156,2913200.0
2014-08-19,64.76393488044779,65.12072518167525,64.61858034964213,64.92911529541016,2640100.0
2014-08-20,64.84320303730647,65.46428281662934,64.84320303730647,65.27928161621094,2629700.0
2014-08-21,65.31894443804909,65.51716295461829,64.94894191741994,65.02162170410156,2411400.0
2014-08-22,64.95554518634493,65.07447528752242,64.44018309487795,64.5987548828125,2569600.0
2014-08-25,64.93573432145452,64.95555516787887,64.56573174578124,64.68466186523438,1785500.0
2014-08-26,64.69786112182017,64.73089921984702,64.34107083493551,64.36750030517578,2053200.0
2014-08-27,64.34768071043425,64.55250280763538,64.08339104381291,64.34107208251953,2690800.0
2014-08-28,64.08340185982114,64.44019221384316,64.05036879648446,64.38072967529297,1946200.0
2014-08-29,64.59213964074733,64.70446109356283,64.16266962838213,64.30802917480469,2339100.0
2014-09-02,64.50622835060061,64.9423068934459,64.4203363834815,64.71765899658203,3278100.0
2014-09-03,64.80355286152594,65.06784241641029,64.58551360067857,64.73087310791016,1967100.0
2014-09-04,64.72430975268942,65.45771138602464,64.70448890436808,65.061279296875,3352700.0
2014-09-05,65.04804092742015,65.35197730606983,64.79035990105244,65.31893920898438,2155100.0
2014-09-08,65.19340153664062,65.37840278511754,64.84321988189417,65.0282211303711,2159300.0
2014-09-09,64.92909204457395,64.97534234256513,64.42033876667101,64.55908966064453,2617400.0
2014-09-10,64.46000232118283,64.6185791460455,64.25518022353452,64.49964904785156,1772500.0
2014-09-11,64.0239162148711,64.94231872323232,64.0239162148711,64.71106719970703,2088800.0
2014-09-12,64.81678549561101,65.02161261166509,64.61196342046252,64.78375244140625,2650900.0
2014-09-15,64.77054230207291,64.77054230207291,64.18910906696148,64.49964904785156,2296200.0
2014-09-16,64.81016565680112,65.02160136348179,64.35427127675884,64.72427368164062,2789700.0
2014-09-17,65.25287556766457,65.99288063487201,65.18019577843434,65.66912841796875,3795600.0
2014-09-18,65.7946570695915,66.0589467134817,65.72858591884535,65.82769012451172,2337700.0
2014-09-19,66.09858033453466,66.32983185439612,65.7021484375,65.7021484375,3901600.0
2014-09-22,65.51718561668335,65.57664816767814,64.75074579780814,64.84324645996094,2944800.0
2014-09-23,64.77054919268274,65.03483888799751,64.2551870593176,64.30143737792969,3636700.0
2014-09-24,64.19571096618994,64.88946559884998,64.18249371171703,64.80357360839844,2925200.0
2014-09-25,64.72430082296484,64.72430082296484,63.76625631962139,63.77946853637695,3310000.0
2014-09-26,64.03712753636759,64.52606508319623,63.77944655075213,64.40713500976562,2418400.0
2014-09-29,63.91821945505849,64.3476895924856,63.786077123960986,64.31465148925781,2541800.0
2014-09-30,64.30802213915021,65.38499632478216,64.25516321152409,64.94231414794922,4283200.0
2014-10-01,65.04143185537419,65.06786132263241,63.92481080801524,64.0371322631836,3485900.0
2014-10-02,64.10981533871173,64.3410668879957,63.54820299304902,64.1824951171875,3549800.0
2014-10-03,64.53929595732512,65.46430734693521,64.47322479540436,65.27269744873047,3285200.0
2014-10-06,65.58981627656509,66.01928622824823,65.02160046587132,65.1207046508789,2497900.0
2014-10-07,64.73090619485338,64.73090619485338,63.70018194894826,63.71339416503906,2962900.0
2014-10-08,63.91163120801974,64.88288816062413,63.46234011717414,64.84324645996094,3253600.0
2014-10-09,64.9093021029837,64.9093021029837,63.67375567961196,63.77946853637695,3100200.0
2014-10-10,63.72661795949187,64.23537658728765,63.17161404652281,63.283935546875,3595900.0
2014-10-13,63.33677842052604,63.80589019191867,62.51748497759427,62.55051803588867,3094700.0
2014-10-14,63.06586259231148,63.799263830739726,62.80818162106964,63.297119140625,3283400.0
2014-10-15,62.77513108624693,63.97764363072304,62.14083925364557,63.72656631469727,4864000.0
2014-10-16,62.99980557633033,63.87856654238688,62.78176623150621,63.18480682373047,5222600.0
2014-10-17,63.6935664070971,64.44678866518109,63.5680276837811,64.26178741455078,3617900.0
2014-10-20,64.00410110357747,64.80357360839844,64.00410110357747,64.80357360839844,3014700.0
2014-10-21,65.33874565291752,66.67340584293414,65.20660337550616,66.56768798828125,3629800.0
2014-10-22,66.55449698740408,66.56770920299397,65.41805489223226,65.45108795166016,3564900.0
2014-10-23,66.09196979052288,66.89144218793813,66.09196979052288,66.38929748535156,4168000.0
2014-10-24,68.0212782839171,68.21288812910818,66.33644143701082,66.46197509765625,4249700.0
2014-10-27,66.42235001249006,67.65129274664297,66.21752790376671,67.55879211425781,4172900.0
2014-10-28,67.72397629504893,68.06094578367816,67.59843755516796,67.98826599121094,3530500.0
2014-10-29,68.00806760661393,68.35164058584276,67.06984423938788,67.8032455444336,2727200.0
2014-10-30,67.40021824018872,68.57630199354126,67.33414708208359,68.24594116210938,3020000.0
2014-10-31,69.11145711880032,69.93075023963641,69.08502765801151,69.3162841796875,5470400.0
2014-11-03,69.31630581329983,69.85148869881706,69.15112541249518,69.79862976074219,3592400.0
2014-11-04,69.85810306451381,71.35793900901947,69.85149443648517,70.75007629394531,4777300.0
2014-11-05,71.3182675270704,71.40415949193375,70.57825776511815,71.0539779663086,3124900.0
2014-11-06,71.21257584829706,71.61561644232341,70.91525313377542,71.54954528808594,2990400.0
2014-11-07,71.68828733371224,71.7543584797558,71.20595838987417,71.57596588134766,3172300.0
2014-11-10,71.5759612324906,72.21686189338777,71.31167162457666,72.05168151855469,3635600.0
2014-11-11,72.17721276106566,72.28293061705665,71.60899188737615,71.86006927490234,2746900.0
2014-11-12,71.64866327529926,71.84687676217789,71.19937231443852,71.76759338378906,3569500.0
2014-11-13,72.20637097422019,72.36592695145045,70.59085212220882,71.66121673583984,5920600.0
2014-11-14,71.75429879351728,71.78754195025103,70.79030811456174,71.02299499511719,4476100.0
2014-11-17,70.96977980164577,71.12269116085155,70.63071901188798,70.78363037109375,2918400.0
2014-11-18,71.0163220115666,71.07615865958478,70.45122403815358,70.4911117553711,3360700.0
2014-11-19,70.35815992751078,70.59084676669188,70.05898678668424,70.23184204101562,3621400.0
2014-11-20,70.03240568783895,71.36205080123351,69.91274249693926,70.9432144165039,6990400.0
2014-11-21,71.54153810369101,72.16647277610062,71.24901462772186,71.36868286132812,3807100.0
2014-11-24,71.56812582652205,71.78751841577554,71.29554623280858,71.30884552001953,2689100.0
2014-11-25,71.28889012859747,71.58805810395096,71.1093852856325,71.21575927734375,2735900.0
2014-11-26,71.22241521575857,71.39527044378389,70.94984069482625,71.12269592285156,1783900.0
2014-11-28,72.5985900313057,73.8551037188797,72.33266518041347,73.07726287841797,3988800.0
2014-12-01,73.32992086710226,74.0080375584107,72.50553734785771,72.99085998535156,4819000.0
2014-12-02,73.3498586434957,73.90166246812473,73.15705953348582,73.40304565429688,3354000.0
2014-12-03,73.6490250276052,73.94154850816506,73.3365576864967,73.72880554199219,3428900.0
2014-12-04,73.64900757235462,73.64900757235462,72.93099832962146,73.41632080078125,2402200.0
2014-12-05,73.54929816024104,73.96148986231687,73.37644799321538,73.78199005126953,1912400.0
2014-12-08,73.86176444173131,73.86176444173131,73.13711049162005,73.27007293701172,3085400.0
2014-12-09,72.64514702992501,73.19030123716438,72.21301649428582,73.1504135131836,2961300.0
2014-12-10,73.25677927622594,73.95483972810783,72.69832584252822,73.17034912109375,4480700.0
2014-12-11,73.42298833907232,74.1742358338821,73.21688994356757,73.54930114746094,3574800.0
2014-12-12,73.36315712140905,73.94155448503496,73.0972271241491,73.1304702758789,4212900.0
2014-12-15,73.24349869077639,74.12771389446732,73.17036780492565,73.62909698486328,4275700.0
2014-12-16,73.30995918432556,74.06121169506264,73.01744079589844,73.01744079589844,4884300.0
2014-12-17,72.34595790776646,72.465626117086,70.78362661601066,72.16645812988281,6501500.0
2014-12-18,72.95096393093871,73.86176736957901,72.67173466904022,73.74874877929688,3766100.0
2014-12-19,73.66234592658921,74.45348136953957,73.37647200640889,73.76871490478516,5581100.0
2014-12-22,74.04129238575842,74.46012878417969,73.80195585174806,74.46012878417969,2349800.0
2014-12-23,74.51995608233665,75.1914282680264,74.51995608233665,74.75929260253906,2664400.0
2014-12-24,75.00525579481666,75.17146137892786,74.73268127441406,74.73268127441406,1283300.0
2014-12-26,74.75262741149096,74.8457021356549,74.3271415089724,74.41356658935547,1289600.0
2014-12-29,74.31386271801534,74.89890979948501,74.11441899930897,74.75929260253906,1760600.0
2014-12-30,74.65955088904632,75.06509292264627,74.28724692916599,74.55317687988281,2346100.0
2014-12-31,74.75929728839564,74.92550293383199,73.8418439515767,73.9083251953125,1393800.0
2015-01-02,73.97479400955208,74.22742979437064,72.73157923678133,73.38310241699219,2662900.0
2015-01-05,73.123833386358,73.123833386358,71.77424437467651,71.91385650634766,3519600.0
2015-01-06,71.91383387756244,72.3792125755548,70.81687596281371,71.44181060791016,3808900.0
2015-01-07,71.97368121313004,72.31273701703873,71.52824630837196,72.10664367675781,1949500.0
2015-01-08,72.65844271965797,73.54930232571132,72.65844271965797,73.40304565429688,2876100.0
2015-01-09,73.41635932977037,73.56262111214376,72.54544335388466,72.86455535888672,2060200.0
2015-01-12,73.07728565194563,73.52936514041473,72.53213142222052,72.8911361694336,2198200.0
2015-01-13,73.45624403080002,74.37370241975353,72.75153373265957,73.20361328125,3233600.0
2015-01-14,72.4789398641527,72.917725107311,72.0933467054837,72.71163177490234,2981000.0
2015-01-15,73.03073088316705,73.36979168679248,72.49222642673215,72.65843200683594,2847300.0
2015-01-16,72.66509546094387,73.35650634205608,72.10664196811604,73.32991790771484,4495200.0
2015-01-20,73.70886250875945,74.20747931684168,73.02409116501818,74.00138092041016,4124800.0
2015-01-21,73.87507651897775,74.6728614738261,73.65568388112689,74.24737548828125,2144300.0
2015-01-22,74.7659378783167,76.05569515378149,74.3936389007364,75.95597076416016,3008100.0
2015-01-23,68.94207915550044,69.79305606721235,68.27725677185167,68.43016815185547,19275400.0
2015-01-26,67.61243535287583,68.14429529626017,66.21630934173238,68.04457092285156,10903700.0
2015-01-27,66.8545336741397,67.77199176034051,66.8545336741397,67.04733276367188,4766300.0
2015-01-28,67.25344647538891,67.75206334994954,65.9503899130072,66.01687622070312,5481400.0
2015-01-29,65.990290683828,66.94763174954184,65.34541196994267,66.76148223876953,4648300.0
2015-01-30,66.17642304001012,67.32656296436265,65.6911004508526,65.71104431152344,5916300.0
2015-02-02,65.81741707081073,66.65509470828945,65.37863185568634,66.56866455078125,3811800.0
2015-02-03,67.07392611443859,67.57254287417851,65.97696822857237,66.8611831665039,5581600.0
2015-02-04,66.52875424930014,67.3198942535154,66.37584291866544,66.8345718383789,4278600.0
2015-02-05,67.14040592223263,67.97143383765057,66.94760683719264,67.45287322998047,4026400.0
2015-02-06,67.23349105139816,67.51936490144573,66.69498650194286,66.92767333984375,2965400.0
2015-02-09,66.69497307410592,67.13375822768549,66.39580506735012,66.78804779052734,2626200.0
2015-02-10,67.04068769192408,67.35315502826155,66.58196368973226,67.20024871826172,2750900.0
2015-02-11,67.21353202338673,67.65896173717198,66.82793388062122,67.08721923828125,2826100.0
2015-02-12,67.06065766199116,67.59916234628636,66.85455920636454,67.41966247558594,2981600.0
2015-02-13,67.26010276924379,67.79196289033506,67.21356538906285,67.67229461669922,2106000.0
2015-02-17,67.74542065755038,68.35705620245808,67.58586466152961,68.15096282958984,3814800.0
2015-02-18,68.15093682767368,68.34373590739476,67.84511917189974,68.22406768798828,2348400.0
2015-02-19,68.33789108142591,68.6057262897525,68.05666641152226,68.09683990478516,2435200.0
2015-02-20,67.95622906502564,68.33120040834577,67.59465229210899,68.27093505859375,3411700.0
2015-02-23,68.35801267655033,68.35801267655033,67.92947816817622,68.14374542236328,1728100.0
2015-02-24,68.13032984828376,68.57895094163011,68.05667502895439,68.51199340820312,2715800.0
2015-02-25,68.59903051403353,68.68607989606068,68.13032272054814,68.27093505859375,2215100.0
2015-02-26,68.0834691295764,68.41826195473983,67.96294350817625,68.20399475097656,2125500.0
2015-02-27,68.17051395872986,68.59235619119941,68.09685912793464,68.11695098876953,2130900.0
2015-03-02,68.11693942721652,68.54547376536237,67.94954304173667,68.2508544921875,2315600.0
2015-03-03,67.88257667228403,68.23746128117648,67.75535890010869,67.96292877197266,2767400.0
2015-03-04,67.6281604588881,67.86251444867254,67.15945247931924,67.23979949951172,4511700.0
2015-03-05,67.40716962224225,67.59465274088114,67.17281572394364,67.4406509399414,2589300.0
2015-03-06,67.21299117414117,67.77544565495614,67.07237883107041,67.37369537353516,3008500.0
2015-03-09,67.48083746299736,67.93615588554313,67.29335430816076,67.32683563232422,3602000.0
2015-03-10,66.95856303841803,67.23978777713148,66.59698618498662,66.60368347167969,3579600.0
2015-03-11,66.63047478361644,66.9116995530297,66.0881068899954,66.10150146484375,3079300.0
2015-03-12,66.46305957070891,66.79115504228201,66.33583668827906,66.73758697509766,1951700.0
2015-03-13,66.59698084289347,66.77777180937346,65.51894765576701,65.9742660522461,3449500.0
2015-03-16,66.09480760389305,67.22640913616807,66.03454733955198,67.1326675415039,2714200.0
2015-03-17,66.80456320651483,67.09248526256846,66.66395082219097,66.69073486328125,1987000.0
2015-03-18,66.22872781665167,67.34023748561258,65.88723765978438,67.1326675415039,3016000.0
2015-03-19,67.01880538919022,67.35359811494347,66.87819305739765,66.89828491210938,2128400.0
2015-03-20,67.15273771025275,67.4205729610837,66.93177324517727,67.1259536743164,4137400.0
2015-03-23,67.07239242398575,67.2732701596722,66.87821197509766,66.87821197509766,2670900.0
2015-03-24,66.78447965127205,67.01214145717586,66.3559451903712,66.46308135986328,2656000.0
2015-03-25,66.52334444042778,66.64387008194261,65.21095695978518,65.25782775878906,3483600.0
2015-03-26,65.0636273918555,65.07702196378274,64.5480487603694,64.70874786376953,3278700.0
2015-03-27,64.77569365890015,64.86943521127304,64.49446900178147,64.67525482177734,2506900.0
2015-03-30,65.00338216407536,65.4319166111852,64.92303003954218,65.13059997558594,2488000.0
2015-03-31,65.01003301034402,65.29126271314043,64.802463206271,64.90959930419922,2718100.0
2015-04-01,64.60829572417269,64.95648300323577,64.05923588429444,64.64177703857422,3394700.0
2015-04-02,64.94981215572032,64.94981215572032,64.43423342038322,64.59493255615234,3010600.0
2015-04-06,64.28020205133345,65.0234422962345,64.15967646814593,64.8426513671875,2513600.0
2015-04-07,65.15069492706186,65.55244535170854,64.65519779841496,64.73554992675781,2518300.0
2015-04-08,64.71545422369262,64.78910905402263,64.29361199388738,64.72884368896484,2992000.0
2015-04-09,64.56141828636248,64.9229949887525,64.2266256110233,64.7489013671875,3378400.0
2015-04-10,64.8159013893224,65.0301686208353,64.56145553978388,64.8092041015625,3173700.0
2015-04-13,64.60162550040305,65.04354937119167,64.36726643701743,64.38066101074219,3192000.0
2015-04-14,64.34716673061793,64.81587965449498,64.1462941419838,64.64848327636719,3221200.0
2015-04-15,64.72214231163794,64.89623087809922,64.41412846029053,64.69535827636719,2705000.0
2015-04-16,64.47441655168167,64.77572811479408,64.33380414832693,64.37397766113281,2520800.0
2015-04-17,63.95210827759067,64.18646216528148,63.53026617121559,63.86505889892578,3699300.0
2015-04-20,64.1530102296588,65.63949143883036,64.1530102296588,65.25782775878906,5021400.0
2015-04-21,65.37165057475079,65.60600965845191,65.05694958440202,65.35826110839844,3277600.0
2015-04-22,65.35827036766561,65.80019433936968,65.03686693580735,65.71315002441406,2904900.0
2015-04-23,65.32477935923754,66.02114910134856,65.28460585190555,65.76670837402344,2420200.0
2015-04-24,65.94749360292138,65.96088817758645,65.45200161951594,65.68635559082031,2253000.0
2015-04-27,65.64620263184202,65.86046991675013,65.11053186530424,65.23775482177734,3906300.0
2015-04-28,66.4228796903685,68.14371422449314,66.09478422509665,67.47412872314453,8282700.0
2015-04-29,67.90267600066454,68.28433957625306,67.49422838889913,67.79553985595703,5454500.0
2015-04-30,67.58795563797277,67.8290068039484,67.01211175353447,67.31342315673828,4045700.0
2015-05-01,67.5946692141854,67.90937528653902,67.15274534234113,67.8825912475586,2846100.0
2015-05-04,67.84241420454083,68.27094858880811,67.71519130315332,67.91606903076172,2993000.0
2015-05-05,67.63483163577975,67.85579096453975,66.90498079674862,67.0322036743164,2845200.0
2015-05-06,67.2263981728252,67.40049186675317,66.00775253239523,66.43628692626953,3403200.0
2015-05-07,66.48986497158492,67.11257990425656,66.47647039621829,66.71752166748047,3151700.0
2015-05-08,67.23978134837263,67.86249612943382,67.13934249171132,67.1996078491211,2964400.0
2015-05-11,67.19959485850853,67.54108486172926,67.11255059077956,67.31342315673828,4080400.0
2015-05-12,67.11257025750596,67.2063118374631,66.74429611586507,66.9384765625,2438400.0
2015-05-13,66.71081938932114,67.0523095161521,66.39611841121938,66.576904296875,3205100.0
2015-05-14,67.05580205913654,68.34416652131671,67.04905524048115,67.90571594238281,5966400.0
2015-05-15,68.82311119422698,69.18736233113735,68.58702392391004,68.89056396484375,5347800.0
2015-05-18,68.63423607012305,68.96475822300575,68.35093136765218,68.7421646118164,2769300.0
2015-05-19,68.90406713100018,69.36949491501105,68.60052190179249,68.85684967041016,3198300.0
2015-05-20,68.93777419742976,69.1401376343983,68.56003460449222,68.77588653564453,2627600.0
2015-05-21,68.74892326774712,69.10642764436103,68.5465649215613,68.83661651611328,2159500.0
2015-05-22,68.98498242154679,68.98498242154679,68.24973864842565,68.41837310791016,2200500.0
2015-05-26,68.39813914423029,68.41162763687616,67.58194896179691,67.8045425415039,2364900.0
2015-05-27,67.80457031639837,68.22278580815029,67.44032425628372,68.07438659667969,2068600.0
2015-05-28,67.85852929744532,68.08112809725142,67.29191978483026,67.36611938476562,2722100.0
2015-05-29,67.28517772136856,67.29192454356264,66.63087491911337,66.92767333984375,4231800.0
2015-06-01,67.29866174570157,67.53475418994309,66.7050700900178,67.1030502319336,2857600.0
2015-06-02,66.73878328093565,67.45379182748592,66.48920239850023,67.06930541992188,2324900.0
2015-06-03,67.35261701722794,68.39815295629595,67.11652975088509,67.8585205078125,3611600.0
2015-06-04,67.48753167959426,67.91248878405439,67.38634994625134,67.52125549316406,3125800.0
2015-06-05,67.55497933243768,67.92597213148508,67.29865160788951,67.79781341552734,2692100.0
2015-06-08,67.80457561842964,67.84505140874325,66.9209322490707,66.9614028930664,2819900.0
2015-06-09,66.88717718879892,67.58195036659986,66.79273715305312,67.19746398925781,2348300.0
2015-06-10,67.41332638221314,68.00691794325896,67.18398079628243,67.76408386230469,2682400.0
2015-06-11,68.00019303115435,68.23628551382018,67.76410569480647,68.12835693359375,1899000.0
2015-06-12,67.78432953141534,68.10811007091421,67.24470216067333,67.49427795410156,2420400.0
2015-06-15,67.19746318764817,67.56845592132282,66.77924786350619,67.42680358886719,2152500.0
2015-06-16,67.40656807762404,67.77081913699874,66.65783064662865,67.68987274169922,3061900.0
2015-06-17,67.39311082176819,67.925991445623,67.11654770271039,67.73712158203125,2846600.0
2015-06-18,67.784315592422,68.58701738124468,67.784315592422,68.39814758300781,2948900.0
2015-06-19,68.18229380621581,68.3711635993457,67.76407844548825,68.02040100097656,3600600.0
2015-06-22,68.23625473764183,68.58701217254185,68.14856151918009,68.39139556884766,3236200.0
2015-06-23,68.32395266512843,68.58702206582862,67.85177299096978,67.95970153808594,1493300.0
2015-06-24,67.92596323759234,67.99342114341958,66.78599770679465,67.04232025146484,2565500.0
2015-06-25,67.02883630730857,67.29190568967903,66.68482052024102,66.73878479003906,2227900.0
2015-06-26,67.0693069822372,67.25817678034315,66.79949077937896,67.01534271240234,2782500.0
2015-06-29,66.58363632768608,66.77925293870078,65.5920647788221,65.6392822265625,3507600.0
2015-06-30,66.28009380143415,66.28009380143415,65.30201078363586,65.36946868896484,3059400.0
2015-07-01,65.7809298911494,66.0642397037573,65.10639203065382,65.38970184326172,2893300.0
2015-07-02,65.57859526754734,65.67303019036345,65.29529049909904,65.56510162353516,1836000.0
2015-07-06,65.14691002967854,65.71351972953697,64.85685835580279,65.20087432861328,2721000.0
2015-07-07,65.4031821498701,65.78766847637553,64.82307925074755,65.7674331665039,3755900.0
2015-07-08,65.30874997881007,65.36946105725518,64.26996114307028,64.41161346435547,2782300.0
2015-07-09,65.14688871306058,65.30877641057498,64.56678555512377,64.58702087402344,2042100.0
2015-07-10,65.43693483114477,65.64603997074704,65.18060708962798,65.40320587158203,1951700.0
2015-07-13,65.84840566178343,66.06425762985941,65.47066085791283,65.94284057617188,2489900.0
2015-07-14,66.03725649127252,66.17890882210101,65.61229435247168,66.01702117919922,2419200.0
2015-07-15,66.04402793206071,66.07775174931672,65.42344896800611,65.5516128540039,2092900.0
2015-07-16,66.01702137673803,66.09122095210574,65.67975245099947,65.75395202636719,1548400.0
2015-07-17,65.54486358271998,66.18567784244546,65.47066398268527,65.83491516113281,2653400.0
2015-07-20,65.83491759834295,66.01704576746766,65.63255925592553,65.82817077636719,1777000.0
2015-07-21,65.85512954215282,66.53641422299388,65.81465891729816,66.07772827148438,2178900.0
2015-07-22,66.39476290642436,66.52966842221608,65.315503341144,65.58531951904297,2691000.0
2015-07-23,65.86862290389843,65.86862290389843,64.63421738787557,64.829833984375,1940400.0
2015-07-24,64.80286554128207,64.80286554128207,63.75732958134962,63.9124755859375,2959700.0
2015-07-27,63.74382540012412,64.23624028399585,63.507738187164485,64.16204071044922,3628300.0
2015-07-28,66.03052510500788,67.77083439848651,65.99005447140215,67.413330078125,7592900.0
2015-07-29,67.69660351092266,68.76911597620156,67.59542182736645,68.05410766601562,5563700.0
2015-07-30,67.72360964855274,68.49258248212624,67.63591642343133,68.39814758300781,2871000.0
2015-07-31,68.7421676716662,69.31552392256404,68.51282208351725,69.04570770263672,4222900.0
2015-08-03,69.13338032101424,69.5785777562461,68.73540547404805,69.30876159667969,2756900.0
2015-08-04,69.42345081320252,69.55836150310736,68.95802308540146,69.23458099365234,2431500.0
2015-08-05,69.51113500802325,70.1991614249493,69.43693542480469,69.43693542480469,3196700.0
2015-08-06,69.55835888196958,69.62581165122191,68.9377800244255,69.09292602539062,2043100.0
2015-08-07,69.0254645680841,69.07268201524924,68.4655968757577,68.89730072021484,2982900.0
2015-08-10,69.32227372644049,69.80120027479151,69.32227372644049,69.76747131347656,2690800.0
2015-08-11,69.22782329128955,69.79443780719575,69.16037053009772,69.47065734863281,3465200.0
2015-08-12,69.18062147184682,69.55836628322275,68.49934173969645,69.35600280761719,3762500.0
2015-08-13,69.26088738952863,69.55980804139317,68.95517685602408,69.1861572265625,1829900.0
2015-08-14,69.11818511901895,69.81113622582501,68.87361474992422,69.79075622558594,2278800.0
2015-08-17,69.45789956070863,69.91986546333985,68.98234871231568,69.90628051757812,2181600.0
2015-08-18,69.96061751742724,69.96061751742724,69.52582158804141,69.8111572265625,2080900.0
2015-08-19,69.53944805571899,69.97423902921228,69.09106694880057,69.50547790527344,2119900.0
2015-08-20,68.87364512347648,69.26767591224413,68.64945983886719,68.64945983886719,3779400.0
2015-08-21,68.0448498207401,68.53398574327623,67.06656760943407,67.35189819335938,6566500.0
2015-08-24,64.34911470681628,66.20376848591835,63.85997365378653,64.88581085205078,7929500.0
2015-08-25,66.27169928077957,66.51626977225827,64.13850513641647,64.17247009277344,6023000.0
2015-08-26,64.95372892189096,65.74178526932782,63.61538644256364,65.64667510986328,5886900.0
2015-08-27,66.230930863803,67.41981312404899,66.16979083545714,67.35867309570312,4739800.0
2015-08-28,67.00541196608395,67.31791758321296,66.50268598923434,67.01220703125,2778400.0
2015-08-31,66.76764122529846,66.781231356589,66.23774013352886,66.33964538574219,2892700.0
2015-09-01,65.08961227319064,65.73500869519049,64.40346101003254,64.67520141601562,5168600.0
2015-09-02,65.41568883462614,65.71460941329305,64.6615975079815,65.70101928710938,3578900.0
2015-09-03,66.02711113185767,66.20374129715557,65.50400014932184,65.74177551269531,3320200.0
2015-09-04,64.66841100834375,65.1575520281226,64.30155524350964,64.7431411743164,3334000.0
2015-09-08,65.78253477943271,66.56380105994482,65.44964411758579,66.52983093261719,2857800.0
2015-09-09,67.0189914794801,67.16165672666999,65.8233141723596,65.93201446533203,2773200.0
2015-09-10,65.93201985347069,66.26490545745136,65.54478409856216,65.77576446533203,2928200.0
2015-09-11,65.53800157543743,66.02714266116006,65.34778119390455,66.02034759521484,2129000.0
2015-09-14,66.07467888030556,66.16299397989688,65.57194780631286,65.90483856201172,1788100.0
2015-09-15,66.50945254522325,68.4796007664726,66.34640733293983,68.28937530517578,5206700.0
2015-09-16,67.90215061206769,68.14672106140134,67.22278940461082,67.99047088623047,3237200.0
2015-09-17,68.18750523193142,69.15219717100372,67.84102946844745,68.35734558105469,3879700.0
2015-09-18,67.87500242387783,67.90217231972113,66.63176977283506,66.79481506347656,5127500.0
2015-09-21,66.91027238694899,67.74588880926962,66.74043211423547,67.69833374023438,3044700.0
2015-09-22,66.91026851900294,67.44696437172604,66.6113531808242,66.92385864257812,3606800.0
2015-09-23,66.81520234808475,66.9103125432357,66.2853012084961,66.2853012084961,3395600.0
2015-09-24,66.027101152161,66.53662193228419,65.59910037966493,66.23770141601562,3826000.0
2015-09-25,66.63176119520492,67.61683306087916,66.36001562370717,67.0937271118164,3294200.0
2015-09-28,66.52304484467196,66.90349062623253,66.02711409071387,66.08145904541016,2499000.0
2015-09-29,66.06108211866264,66.78799840064111,65.85048180372293,66.6725082397461,2616000.0
2015-09-30,67.22278036586613,67.46056090299592,66.56380443705491,67.04615020751953,2985000.0
2015-10-01,67.25676603763246,67.33149619232348,66.45511952804112,66.971435546875,3053300.0
2015-10-02,65.9388125624166,67.51493072509766,65.87087746240161,67.51493072509766,3554600.0
2015-10-05,67.76628557891874,69.28805334766433,67.76628557891874,68.97554779052734,3088100.0
2015-10-06,69.22690096684279,69.25407603432394,68.48639463154552,68.90760040283203,2339000.0
2015-10-07,69.2880987219926,69.96067054062613,68.9144528947591,69.45793914794922,2901800.0
2015-10-08,69.43753963105353,70.3410916874126,69.34242943387015,70.23239135742188,2689600.0
2015-10-09,70.23237725788262,70.77586843249333,70.17123722187479,70.43618774414062,2418200.0
2015-10-12,70.36825011053591,70.93212127685547,70.21199471894627,70.93212127685547,1792500.0
2015-10-13,70.4157997101277,71.05439580696084,70.16443416346138,70.17802429199219,3060800.0
2015-10-14,70.21199020418526,70.4090056056447,69.66850426719776,69.87910461425781,2227500.0
2015-10-15,70.21199211764926,70.63999307090702,69.91986653967793,70.51770782470703,2847400.0
2015-10-16,70.6943285392596,70.78264881710777,70.2051876201817,70.61959838867188,2083200.0
2015-10-19,70.34785436506806,70.87096020873426,70.34785436506806,70.8302001953125,2296800.0
2015-10-20,70.64676095349928,71.1766617943205,70.55165081197312,71.03399658203125,2248700.0
2015-10-21,71.21066944200079,72.29764676293252,71.21066944200079,71.50959014892578,3286500.0
2015-10-22,71.88322220108519,72.43350841463462,71.77452708118818,72.30442810058594,3570200.0
2015-10-23,72.86150429439175,72.86150429439175,71.65224192887426,72.55579376220703,4060200.0
2015-10-26,72.65089855506874,72.9090539812798,71.98512220531393,72.13458251953125,3486800.0
2015-10-27,69.83154444367005,71.03401159168588,69.26767335467906,70.04214477539062,5144600.0
2015-10-28,70.10330050094069,70.24596576477832,69.13860342914226,69.72285461425781,3542700.0
2015-10-29,69.81795444490241,70.39541566268622,69.55979903189342,70.29351043701172,2762500.0
2015-10-30,70.29350097522844,70.49730621602936,69.92664532204951,69.98778533935547,3232500.0
2015-11-02,69.98102271252819,71.14952520738704,69.97422764692094,71.04082489013672,2648200.0
2015-11-03,70.84379229990918,71.35331325164398,70.4701467118394,70.97966766357422,2785900.0
2015-11-04,71.08837055703043,71.16989578415814,70.46335936506512,70.65357971191406,2817500.0
2015-11-05,70.73509955518053,71.09516021047013,70.45655893769819,70.80982971191406,2540900.0
2015-11-06,70.49730466155394,71.35330116676327,70.22556434647795,71.32612609863281,2877700.0
2015-11-09,70.99324779159437,71.1766730412031,70.31388656870831,70.66036224365234,3416800.0
2015-11-10,70.64001712696152,71.2786134673735,70.37506135070271,70.88458251953125,2148900.0
2015-11-11,71.0543815964897,71.58428765779041,70.61959086653606,71.19705200195312,2581000.0
2015-11-12,70.80027866374397,70.90974145337002,70.08878618959383,70.19140625,3296100.0
2015-11-13,70.56082962879425,70.56082962879425,69.3909735615178,69.63041687011719,3114400.0
2015-11-16,69.58251270143313,70.58817959290312,69.53462405038557,70.5608139038086,2226500.0
2015-11-17,70.70447985695124,71.31335208575783,70.34189361052388,70.5608139038086,2098200.0
2015-11-18,70.61555443900737,71.0533950823534,70.19139403224682,70.93025207519531,2141600.0
2015-11-19,71.14917870409491,71.6212278099591,70.902892667946,71.21759033203125,1552700.0
2015-11-20,71.54597345338733,71.83330542240351,71.10813277122764,71.21759033203125,2646800.0
2015-11-23,71.23812724667366,71.55282497237575,70.64977773617339,70.86869812011719,2290400.0
2015-11-24,70.51296062121651,70.97132439964874,70.23930881248226,70.73872375488281,1557700.0
2015-11-25,70.71133548938167,70.9097328569222,70.49241515614254,70.8002700805664,1354700.0
2015-11-27,71.00549179625342,71.42965211562672,70.9507604222431,71.27230072021484,954100.0
2015-11-30,71.18338570975087,71.42282901249438,70.46505058204777,70.47189331054688,3998700.0
2015-12-01,70.7797386805053,71.49123098361667,70.56766110092843,71.40913391113281,3424200.0
2015-12-02,70.96447808923138,71.10130136689588,70.49242890818392,70.67030334472656,3577100.0
2015-12-03,70.76607112986743,70.96446850932959,69.71251533176118,69.97932434082031,3927900.0
2015-12-04,70.08192264918122,70.73184075789807,69.92457125240738,70.64290618896484,3560900.0
2015-12-07,70.46506273380614,70.64293716914986,69.72620451266154,70.08879089355469,2521500.0
2015-12-08,69.58253491188847,69.77408957722211,68.95998224955414,69.20626831054688,3738100.0
2015-12-09,69.17888968703843,69.73987333904459,68.47423484340302,68.72736358642578,3118900.0
2015-12-10,68.78895213420368,69.37730160238229,68.66580910087622,68.72053527832031,3232400.0
2015-12-11,67.59171255406409,67.72853579110584,66.53815692653248,66.67498016357422,5746600.0
2015-12-14,66.67500322343979,66.98286344246651,65.55303558934948,66.95549774169922,4132600.0
2015-12-15,67.41385492773767,68.11850469065772,67.12652292684326,67.66014099121094,3434200.0
2015-12-16,68.13218084119792,69.00102474060753,67.85169158653095,68.76158142089844,3483100.0
2015-12-17,70.05457135639445,70.09561728595583,68.39898608410441,68.41266632080078,4792100.0
2015-12-18,67.67382136359217,67.79012166616288,66.29188753314,67.04442596435547,7053500.0
2015-12-21,67.39331353290399,67.59171087531736,65.90875482856558,66.28502655029297,3311100.0
2015-12-22,66.73657099414517,67.24966609081116,66.09349013609237,67.04442596435547,2458600.0
2015-12-23,66.6886921990992,66.83235822109563,66.27821188542481,66.52449798583984,4812200.0
2015-12-24,66.35345218860243,66.84602428496193,66.14821729476792,66.5928955078125,1497600.0
2015-12-28,66.46289529482301,66.54498714026059,65.88138877193099,66.36027526855469,2274600.0
2015-12-29,66.57236505505351,66.94863681398525,66.4697502294106,66.85285949707031,1688900.0
2015-12-30,66.70236185915519,66.84602785836121,66.38082143353894,66.42186737060547,1727300.0
2015-12-31,66.29186728347983,66.40132482320735,65.68299503898152,65.83350372314453,2178600.0
2016-01-04,65.22464702033356,65.26569817783574,64.34896554589537,64.88258361816406,3730800.0
2016-01-05,64.88257685453587,65.74457799959698,64.6636565087475,65.5256576538086,2839600.0
2016-01-06,64.9167857633637,65.36146918704117,64.37632501390623,64.59524536132812,2443000.0
2016-01-07,63.64429901632551,64.2873797133259,63.1243613204641,63.35012435913086,3790800.0
2016-01-08,63.5143243723448,63.62378715667098,62.39919965925423,62.522342681884766,3941100.0
2016-01-11,62.78914981920106,62.89861260025825,62.0571344341674,62.70705795288086,3484000.0
2016-01-12,62.70705583875233,63.69219473769021,62.70705583875233,63.623783111572266,4436200.0
2016-01-13,63.842698719198985,64.15055362366893,61.63981007280946,61.98871612548828,4274500.0
2016-01-14,62.12555608872029,62.8644143216788,61.29776324640464,62.35816192626953,4001900.0
2016-01-15,61.277222160361625,61.64665116762196,60.490475490426014,61.59876251220703,5459500.0
2016-01-19,62.14606886812571,62.56338658574757,61.28407295716127,61.810848236083984,3772000.0
2016-01-20,60.928319557566425,61.16092533948284,59.72426037643394,60.68203353881836,4836900.0
2016-01-21,60.75728339339825,61.70138146855014,60.14841111974296,60.935157775878906,3467600.0
2016-01-22,61.75612958010218,62.043466829146624,61.09936841845184,61.50300598144531,2866000.0
2016-01-25,61.550881922271095,61.7492792976939,60.99674094850329,61.17461013793945,2069800.0
2016-01-26,61.5166608498933,62.474439106238606,61.48929516034382,62.2076301574707,2307700.0
2016-01-27,62.26237277996731,63.03543407632168,61.82453210705319,62.166595458984375,3333900.0
2016-01-28,62.23501597149912,62.67285670692889,61.74928656874025,62.25553894042969,2286100.0
2016-01-29,62.68651492203089,63.79480183015428,62.68651492203089,63.76059341430664,5220900.0
2016-02-01,62.96702130403906,64.64997233857967,62.96702130403906,64.36264038085938,5521800.0
2016-02-02,65.06730026459934,65.67617269809675,64.31476182966163,64.77996826171875,7634600.0
2016-02-03,65.14937708158314,65.49144037458437,64.28737612176796,65.21778869628906,4857500.0
2016-02-04,65.21780314048293,66.36029353946834,65.10834035713273,65.84719848632812,5545600.0
2016-02-05,65.5872416406265,66.14138270750678,65.04678081389667,65.24517822265625,4273300.0
2016-02-08,64.57472510224072,66.64762837057867,64.52683643734248,66.56553649902344,4545100.0
2016-02-09,65.91561530918433,67.66698344445498,65.88824961119084,66.72288513183594,5427500.0
2016-02-10,66.72970584612972,67.04440344002182,65.60089596880648,65.75824737548828,3634400.0
2016-02-11,64.71836833082114,65.47090646570267,64.45840212989005,65.0535888671875,3897000.0
2016-02-12,65.84718444353511,66.57919968779086,65.61458390773032,66.53131103515625,3266700.0
2016-02-16,66.98285018544117,67.74222604867698,66.70919845140223,67.42752838134766,3205700.0
2016-02-17,67.59854219816546,68.07059118414564,67.23595596466181,67.24964141845703,3004300.0
2016-02-18,67.45652308554678,67.61513305084169,67.05655470455864,67.20826721191406,2654700.0
2016-02-19,67.04276888666033,67.22895817193077,66.539359652646,67.14620971679688,2313000.0
2016-02-22,67.14621702693823,68.20819949360005,67.14621702693823,67.59445190429688,2574300.0
2016-02-23,66.96689704807095,67.04275328844103,66.20833990558803,66.87035369873047,3699700.0
2016-02-24,66.3324796820377,66.91173988166247,65.73942456648727,66.80140686035156,2366700.0
2016-02-25,67.0014224827953,67.47724208106652,66.53249508450126,67.3875961303711,2146400.0
2016-02-26,67.55997493755847,67.93925100663728,67.1738014094143,67.19448852539062,2372900.0
2016-02-29,67.1944687694109,67.38065801967576,66.55314205660366,66.58072662353516,3124000.0
2016-03-01,67.18759910829762,67.89098744178317,66.91175858608392,67.82892608642578,2666900.0
2016-03-02,67.64273647446272,68.24958672022353,67.62894681488667,68.11166381835938,2605000.0
2016-03-03,67.88407329880444,68.80123524144277,67.82200670229042,68.69779968261719,2541400.0
2016-03-04,68.64953717496732,69.801165481011,68.62195260185486,69.2356948852539,3789700.0
2016-03-07,68.93226613626236,69.90460255662879,68.80124073632726,69.85633087158203,3349700.0
2016-03-08,69.33224387421049,70.09080128195411,69.21501337490517,69.38741302490234,2985100.0
2016-03-09,68.6150664989569,69.06330667908358,68.19441089650789,68.65644073486328,3442800.0
2016-03-10,69.00123653036283,69.00123653036283,68.16682282792065,68.8702163696289,2455200.0
2016-03-11,69.07705155334686,69.71837810021279,69.07705155334686,69.5252914428711,2315100.0
2016-03-14,69.34603224473135,70.06321540676043,69.29086835628273,69.84944152832031,2097100.0
2016-03-15,69.62876965669334,70.02184063793011,69.36671882838904,69.9390869140625,1796300.0
2016-03-16,69.78736856462831,70.42869540276757,69.44256930242912,70.11148071289062,2252200.0
2016-03-17,71.11828447997301,71.9802825209651,70.75279815238733,71.54583740234375,4641200.0
2016-03-18,71.64929525511755,72.69059060935955,71.60102356379346,72.40095520019531,4963700.0
2016-03-21,72.14582028136616,72.73197814356693,72.014794840429,72.51130676269531,2789700.0
2016-03-22,72.03545412087306,72.62850921424719,71.93201330017409,72.31129455566406,2482600.0
2016-03-23,72.22856798988573,72.55268022797303,72.10444001064423,72.32511138916016,2210400.0
2016-03-24,71.94583395831368,72.7457657180883,71.93203903796793,72.70439147949219,1996700.0
2016-03-28,72.66989006571484,72.80091546796463,72.3250908060842,72.44921875,1930900.0
2016-03-29,72.3526857734269,73.30433523391537,72.14580934465718,73.16641235351562,1988400.0
2016-03-30,73.34570773747444,73.5181073879929,72.86988301845312,72.91126251220703,2277700.0
2016-03-31,72.85610735277706,73.0285070364035,72.58716426721747,72.73197937011719,3303900.0
2016-04-01,72.35266493998299,72.62850536013622,72.00097353397555,72.37335205078125,2764400.0
2016-04-04,72.43544970902846,72.9181667054006,72.1665066308753,72.32511138916016,2796200.0
2016-04-05,71.99408791898098,72.22854889488586,71.53895036167957,71.66307830810547,2178700.0
2016-04-06,71.73204246050608,72.29062089170311,71.35276639567958,72.18028259277344,2411100.0
2016-04-07,71.6423906867161,72.02856417898757,71.3113863394032,71.71134948730469,2107700.0
2016-04-08,72.04926548699785,72.6285257972223,71.74584041332606,71.9320297241211,1735100.0
2016-04-11,72.13888763264833,72.62160439871097,71.58031462317325,71.62168884277344,1922500.0
2016-04-12,71.76653788174728,72.84231019089066,71.71826618226574,72.56647491455078,2555700.0
2016-04-13,72.80093003784482,73.20779598147031,72.73197122436159,72.78024291992188,2000900.0
2016-04-14,72.83541185927136,73.08366779605123,72.26994117243282,72.46302795410156,2092000.0
2016-04-15,72.60094579588927,73.0836680127124,72.4975049450543,72.78024291992188,2668400.0
2016-04-18,72.7595279563301,73.2767267513485,72.46300043673749,73.2215576171875,1333400.0
2016-04-19,73.27673366995849,73.79393251380954,73.21466707286262,73.67669677734375,2032000.0
2016-04-20,73.75256192400511,73.93185901797315,73.19398878886618,73.21467590332031,1952800.0
2016-04-21,72.95953364119653,73.14572294738376,72.35958096798032,72.40095520019531,2187300.0
2016-04-22,72.68369288109129,73.09745098536828,72.53887780765533,72.76644134521484,2166400.0
2016-04-25,72.46989774716607,72.62161024620684,72.00786805370086,72.45610809326172,1732100.0
2016-04-26,72.63540285014939,73.33879092369905,72.62160793546539,73.25604248046875,2216300.0
2016-04-27,73.29053726558323,73.66981859437539,72.71816917348588,73.41466522216797,2871900.0
2016-04-28,72.47679955316259,73.46982305284955,71.75961649907966,72.34577941894531,4210000.0
2016-04-29,72.15268309518017,72.71126141085017,71.97339128833069,72.45610809326172,2516700.0
2016-05-02,72.62852123316722,72.82160799110824,72.11821976414883,72.24234771728516,2905300.0
2016-05-03,71.84239851558004,72.11823906985968,71.13901010032689,71.98031616210938,2171900.0
2016-05-04,71.47000150735397,71.7182574347565,71.02865880557616,71.1045150756836,2524800.0
2016-05-05,71.23553717871353,71.32518310228961,70.33215943896177,70.43560028076172,3945400.0
2016-05-06,70.6010986590043,70.79419067517463,69.40119863808152,70.41490936279297,3658500.0
2016-05-09,70.53214242588285,70.945900524603,70.33905566389475,70.81488037109375,2476200.0
2016-05-10,70.81485391292964,71.49065732739125,70.81485391292964,71.47686767578125,2346300.0
2016-05-11,71.6010099059143,71.76651206442453,70.64936065673828,70.64936065673828,2646500.0
2016-05-12,70.96209519135292,71.1358175113754,69.98924913891014,70.73278045654297,3391700.0
2016-05-13,70.64936676047341,70.98291582923515,69.57923701274034,69.9475326538086,2838500.0
2016-05-16,70.05873865842148,70.84396165486638,69.96145458104192,70.635498046875,2113900.0
2016-05-17,70.58682204039387,71.12188420849881,69.98921710887912,70.24632263183594,2465100.0
2016-05-18,70.07259649087929,70.76054034218399,69.52363890678537,70.39225006103516,3444600.0
2016-05-19,70.0100742052576,70.78140150152156,69.80855573760834,70.38531494140625,2475700.0
2016-05-20,70.62158368491464,71.15665130899168,70.42006519157505,70.53820037841797,2917000.0
2016-05-23,70.7257977121769,70.73969846030444,70.19073554407196,70.24632263183594,2562500.0
2016-05-24,70.53123518008117,71.12188978383432,70.5173397324464,70.86478424072266,2444600.0
2016-05-25,70.9829237761185,71.3442637812801,70.9829237761185,71.087158203125,1650500.0
2016-05-26,71.26087651033743,71.4345987784742,71.01766109367964,71.1913833618164,1835500.0
2016-05-27,71.44154195562336,71.79593685765808,71.30256626543625,71.55967712402344,1987700.0
2016-05-31,71.83761920483514,72.00439637336923,71.4623785280065,71.63610076904297,3200100.0
2016-06-01,71.62917724586013,71.64307269662733,71.10801036595996,71.49714660644531,1765400.0
2016-06-02,71.39287249691665,71.71252070276925,71.35813123851266,71.60829162597656,2229400.0
2016-06-03,71.3095301993661,71.74730847812006,70.84395041538916,71.65697479248047,2001900.0
2016-06-06,71.57357093694233,72.21286757972742,71.44154032317357,71.65000915527344,2172300.0
2016-06-07,71.74729037877331,72.59505582036407,71.65000634136936,72.1781234741211,1921000.0
2016-06-08,72.19896190605175,72.92859211189784,72.13641914464674,72.7479248046875,1908400.0
2016-06-09,72.39354189369028,73.03283855130752,72.34489987194947,72.9425048828125,1610900.0
2016-06-10,72.49777357888848,72.6436996386093,72.14337869009073,72.62979888916016,2640800.0
2016-06-13,72.58116905768702,72.78268754588002,71.99746472078321,72.018310546875,2593700.0
2016-06-14,72.018298295234,72.28930459149095,71.63610720995753,72.08084106445312,1916700.0
2016-06-15,72.3657235532049,72.73401379106663,72.17115552577464,72.19200134277344,2829300.0
2016-06-16,71.88625822995043,72.50470895818752,71.51102287031281,72.41437530517578,2653000.0
2016-06-17,72.4422247517123,73.00508350651313,72.33799027448622,72.97728729248047,3417200.0
2016-06-20,73.18570202050182,74.14464683696977,73.17875164674705,73.72771453857422,3223800.0
2016-06-21,73.88753488441547,74.31836259118204,73.60957827585491,74.12379455566406,3688100.0
2016-06-22,74.02654162526049,74.19331353979995,73.28996080959297,73.62350463867188,3590700.0
2016-06-23,74.19330108195928,74.75616481409246,74.10296741458164,74.5060043334961,3040500.0
2016-06-24,72.69930896724685,73.3594515771213,72.12254966715979,72.55338287353516,3627400.0
2016-06-27,71.8515141868529,72.18505789398979,71.24695892799254,72.1086196899414,3609400.0
2016-06-28,72.58114764199536,72.99808524714383,72.05998093714163,72.7479248046875,3198400.0
2016-06-29,73.31774683685465,74.13076577168093,73.1787658427073,73.89450073242188,2728600.0
2016-06-30,74.17244582018235,74.86733477750505,73.74856313208895,74.85343933105469,2673000.0
2016-07-01,74.77004730001862,75.43714003209946,74.58937469500243,75.29816436767578,2793400.0
2016-07-05,75.18700311716245,75.40242235646946,74.72837903981812,75.36072540283203,2823100.0
2016-07-06,75.26342127111572,75.38850149549708,74.13075417924924,74.85343933105469,3267500.0
2016-07-07,74.83259950644214,75.19393946050569,74.7214147196026,74.94377899169922,2343800.0
2016-07-08,75.36070184986399,76.33354740588062,75.35375677774786,76.10423278808594,2445700.0
2016-07-11,75.80546108363988,76.65322676484452,75.79156563219006,76.44476318359375,2239500.0
2016-07-12,76.78525409397707,76.9520260120907,76.34747582083493,76.63932800292969,2370400.0
2016-07-13,76.66711465493282,77.06320122459753,76.42390453348658,76.98676300048828,1792800.0
2016-07-14,77.38980700456769,77.70945537927969,77.125745732983,77.48014068603516,2514500.0
2016-07-15,77.68859381533295,77.68859381533295,76.93116203393743,77.15352630615234,2280500.0
2016-07-18,77.15353557832135,77.39674570191269,76.8686338054238,77.06320190429688,1964400.0
2016-07-19,76.8547416386271,76.98677227828759,76.63237731485265,76.88253784179688,1431900.0
2016-07-20,76.9242165407603,77.09793880512659,76.66711098251116,76.8477783203125,1329300.0
2016-07-21,76.69491538794468,76.78524906651174,76.15289741179222,76.36136627197266,1198600.0
2016-07-22,76.27797045782441,76.76439598507423,76.13899476522894,76.68795776367188,2012400.0
2016-07-25,76.57678919158558,76.7296656667781,76.3752759851052,76.5073013305664,1323600.0
2016-07-26,76.61154240887706,76.73662269017942,76.31273980918722,76.69493103027344,1404100.0
2016-07-27,76.51422281213539,76.77133363255271,75.5066359539051,75.60391998291016,4763800.0
2016-07-28,75.2356441846178,75.7498659607752,75.19395253309604,75.5552978515625,4481700.0
2016-07-29,74.35313101251523,75.35377297685375,73.63044573844664,75.11750793457031,3993900.0
2016-08-01,75.14531873510427,75.43717093088463,74.79092375360872,75.05498504638672,2834700.0
2016-08-02,74.98547085476329,75.13834197393182,74.29752696138564,74.67276763916016,2440300.0
2016-08-03,74.63109892024659,75.30514227244906,74.63109892024659,75.24954986572266,2335000.0
2016-08-04,75.31902735935023,75.74291012454081,74.89514459415965,74.93683624267578,2196000.0
2016-08-05,75.09664871159178,75.68035818716957,75.00631505654442,75.59696960449219,2413000.0
2016-08-08,75.80545972436148,76.02782935624256,75.43716929933014,75.71512603759766,2037000.0
2016-08-09,75.79156595197244,76.43781312958595,75.74292391931698,76.1946029663086,1790400.0
2016-08-10,76.17374092508473,76.43779686021384,76.0139141080442,76.35440826416016,1519500.0
2016-08-11,76.39610900748214,77.15353557832135,76.36831280741697,77.06320190429688,2786800.0
2016-08-12,76.9582085657874,77.02118898648999,76.71327580894346,76.91622161865234,1700600.0
2016-08-15,77.00721814386796,77.50408341036231,76.84625923316418,76.87425231933594,1548800.0
2016-08-16,76.51734797861653,76.95823241670833,76.51734797861653,76.84626007080078,1267300.0
2016-08-17,76.84625964585898,77.19616521618218,76.64331377437529,77.14717864990234,1542700.0
2016-08-18,77.0002310202292,77.3431370379358,76.95824405373257,77.3221435546875,1833400.0
2016-08-19,77.27313244153217,77.49707175695914,77.03519925476232,77.37810516357422,1613300.0
2016-08-22,77.2451452718045,77.2451452718045,76.7482800445204,76.8602523803711,2061500.0
2016-08-23,76.86027491271676,77.1471947639616,76.55935584581916,76.58734893798828,2150000.0
2016-08-24,76.6013210830237,76.81826081186901,76.32139557988256,76.72728729248047,2774100.0
2016-08-25,76.76229318000077,76.76229318000077,76.29341561249468,76.51036071777344,1845000.0
2016-08-26,76.43335196874126,76.85323746627513,75.99246765806699,76.24440002441406,1922900.0
2016-08-29,76.45436921961685,76.53834848089421,76.21643598803418,76.36339569091797,1924600.0
2016-08-30,76.48236867424389,76.68531456820882,76.30741586970196,76.54534912109375,1360100.0
2016-08-31,76.3213925357198,76.56633067815797,76.05546625486666,76.43336486816406,2272800.0
2016-09-01,76.63631021342566,76.97921613580016,76.37737820069859,76.62931060791016,2739200.0
2016-09-02,77.1821698818224,77.27314340629596,76.41237870950765,76.69229888916016,1920300.0
2016-09-06,76.64330447980652,76.65030408532202,76.11145192159066,76.62931060791016,1789600.0
2016-09-07,76.545332920027,76.74128450451431,76.3004001133363,76.61531829833984,1517800.0
2016-09-08,76.44035732825677,76.6013108671815,76.23741149902344,76.23741149902344,2524900.0
2016-09-09,75.88752942240791,76.27942199200852,75.30668483593854,75.3206787109375,3533700.0
2016-09-12,75.12472386632682,76.20943325533851,74.95677068979705,75.9645004272461,2718400.0
2016-09-13,75.39763872890076,75.41863220549794,74.55086802496288,74.78180694580078,3023600.0
2016-09-14,74.22895559249235,75.11771324962461,74.22895559249235,74.78180694580078,1955300.0
2016-09-15,74.62085755042295,75.10372893010846,74.46690358941862,74.93577575683594,2134200.0
2016-09-16,74.61385379388886,75.01974013274813,74.29194136141835,74.78180694580078,3618600.0
2016-09-19,74.99177635494688,75.38366894768882,74.84481129353252,74.96378326416016,2168900.0
2016-09-20,75.29268120053233,76.0834712395007,75.29268120053233,75.82453918457031,3242400.0
2016-09-21,76.39139687320241,76.90925569145163,76.04848552433317,76.74130249023438,2937500.0
2016-09-22,76.99321620765,77.48308718962411,76.63631638463943,76.74828338623047,2693800.0
2016-09-23,76.65034630799232,76.93027195232766,76.41940725098034,76.42640686035156,1651600.0
2016-09-26,76.34238746079325,76.4753532733083,76.02047500761421,76.16743469238281,2360800.0
2016-09-27,76.1814299236136,77.14017296650105,75.93649712846266,76.98621368408203,2466000.0
2016-09-28,76.81128143989514,76.83227492235304,76.04149016133537,76.45437622070312,2752700.0
2016-09-29,76.53134637544004,76.6573125936753,75.71956289367158,75.7265625,2473400.0
2016-09-30,76.15345810528605,76.83227585505676,76.02049226259066,76.53135681152344,2952500.0
2016-10-03,76.53135410938287,76.53135410938287,75.79655020556501,76.40538787841797,1445300.0
2016-10-04,76.41235115997183,76.5663104067537,75.7335337568699,75.94347381591797,1742000.0
2016-10-05,75.94348872069932,76.65029933822066,75.85251521117056,76.39137268066406,3019100.0
2016-10-06,76.21643598803418,76.60132892250064,76.03448359150097,76.36339569091797,1861600.0
2016-10-07,76.30738795040475,76.53132724471821,75.91549552013966,76.13943481445312,1443000.0
2016-10-10,76.47536856723778,76.70630754911625,76.25142919245329,76.31441497802734,1307700.0
2016-10-11,76.20944634976601,76.58034545876802,75.78956066672856,76.0694808959961,1944400.0
2016-10-12,76.30040374641635,76.32139722525592,75.88751775821152,76.09745788574219,1483900.0
2016-10-13,75.71256350485596,76.08346252814366,75.13171901899962,75.78954315185547,2088600.0
2016-10-14,76.07646576174936,76.32139858446467,75.86652563047986,75.87351989746094,1566000.0
2016-10-17,75.79654747314052,76.11845997641586,75.51662727143021,75.60060119628906,1759900.0
2016-10-18,75.8945097062067,76.25841445875723,75.61458954471841,75.67057037353516,1692300.0
2016-10-19,75.7405597207819,75.95049985289603,75.43964072619671,75.61459350585938,1991400.0
2016-10-20,75.51661890362638,75.51661890362638,75.01275405376283,75.15971374511719,1946100.0
2016-10-21,74.69782793382883,75.03373957783737,74.4528951408718,74.99175262451172,2816400.0
2016-10-24,75.45362931006069,75.9434949231226,75.4046427487545,75.8945083618164,1808300.0
2016-10-25,75.86653361195991,76.09047297902113,75.42564914555435,75.46763610839844,2242500.0
2016-10-26,75.29966671176712,76.30739631622525,75.292667106421,76.00647735595703,3310100.0
2016-10-27,76.45438277931045,76.45438277931045,74.08902256140806,75.63560485839844,3532000.0
2016-10-28,75.78955806095969,75.90152508098988,74.87280172247883,75.36966705322266,2397500.0
2016-10-31,75.63559861957225,75.71957254968089,75.25070030945453,75.41165924072266,2328700.0
2016-11-01,75.59359193978874,75.60059154567865,74.29194821841428,74.76781463623047,2906600.0
2016-11-02,74.8237854347117,75.17369090944095,74.59984614445032,74.8097915649414,2568900.0
2016-11-03,75.03375347491388,75.69857194166242,74.65585480758871,75.21570587158203,2245500.0
2016-11-04,75.1527272475804,75.61460522022979,74.80282163404696,74.83781433105469,2559300.0
2016-11-07,75.55160866538604,76.83926391601562,75.55160866538604,76.83926391601562,3615400.0
2016-11-08,76.70629216338568,78.994672023614,76.63631212389008,78.39983367919922,5834300.0
2016-11-09,77.75152166086087,79.42169952392578,77.68809425856054,79.42169952392578,6744000.0
2016-11-10,79.56967211302697,80.41533113890038,79.50624472897353,79.85155487060547,4532600.0
2016-11-11,79.7247146450931,80.55628177932124,79.63310327600435,80.49990844726562,3092600.0
2016-11-14,80.69721878404766,80.86634951288367,79.52033623435624,79.56967163085938,3396800.0
2016-11-15,79.64718370019607,79.86564982025529,79.03408280676972,79.75994110107422,3690800.0
2016-11-16,79.75993873354399,79.90792878537715,79.18207051261845,79.49919128417969,2297800.0
2016-11-17,79.57671235576628,80.02773120241665,79.28778092739749,79.97840118408203,1621400.0
2016-11-18,80.14754406957124,80.5562762375618,79.80927721766024,80.40123748779297,1992400.0
2016-11-21,80.40121474139248,80.85223887519713,80.0700020419901,80.83109283447266,1942500.0
2016-11-22,81.00021958987102,81.04250091332435,80.61967154908997,80.78175354003906,1987300.0
2016-11-23,80.9368419421774,81.5710890663878,80.9368419421774,81.52175903320312,1855400.0
2016-11-25,81.5992399835426,82.02206940829822,81.5851426226623,81.93045806884766,1077600.0
2016-11-28,81.93047454635537,82.07846460595458,81.35964960039394,81.5287857055664,2659100.0
2016-11-29,81.704978621047,82.08552685573248,81.5851725159382,81.944580078125,2772400.0
2016-11-30,82.0714127199158,82.4237715270818,81.69086456298828,81.69086456298828,3353600.0
2016-12-01,81.7754382515439,82.2828358291043,81.662680844722,82.05027770996094,2485200.0
2016-12-02,82.23351092990612,82.45902038102733,81.74725399169468,81.99390411376953,2088700.0
2016-12-05,82.38853166539819,82.41671563612562,82.00093486079301,82.14187622070312,2310000.0
2016-12-06,82.0996182618663,82.25465702784803,81.76840005755439,82.1278076171875,1755400.0
2016-12-07,81.93752183088037,83.7134133854536,81.93752183088037,83.59361267089844,2539300.0
2016-12-08,83.86138202329255,84.0516533815211,83.26237322701115,83.8472900390625,2157800.0
2016-12-09,83.79796638144413,84.41811588936295,83.46674827296914,84.28421783447266,3196800.0
2016-12-12,84.15033032273215,84.87618858294209,84.09395162494125,84.65772247314453,2760200.0
2016-12-13,84.79866421870756,84.86913489850762,84.11508733385362,84.67886352539062,3123400.0
2016-12-14,84.46040119989324,84.50973121561286,82.40262714906314,82.63518524169922,4983900.0
2016-12-15,82.59996196765553,83.07212154197136,82.05733169780399,82.6492919921875,3045700.0
2016-12-16,82.71974868514302,82.82545739883724,81.10594476067875,81.61334228515625,5543300.0
2016-12-19,81.93046110242207,82.66336797486693,81.78951437123958,82.43785858154297,2209900.0
2016-12-20,82.5858676590784,82.99459983233088,82.52948895360589,82.81842041015625,2074900.0
2016-12-21,82.48013174723346,82.74792244511735,81.76131693078418,81.81769561767578,3028400.0
2016-12-22,82.19824240293441,82.2687130721623,81.59923364964621,81.9586410522461,1969700.0
2016-12-23,81.97275483249514,82.12779357196266,81.66267735356011,81.72610473632812,1229800.0
2016-12-27,81.95868856765803,82.29695012668545,81.79660109555327,81.83888244628906,990800.0
2016-12-28,81.87411273565455,81.94458343906372,81.13415690843314,81.18348693847656,1541700.0
2016-12-29,81.20462945134105,81.39490087991508,80.71132379582393,81.02845001220703,1412300.0
2016-12-30,81.21168615470663,81.34558427103906,80.59153636221819,80.78885650634766,1734000.0
2017-01-03,81.4089795768829,81.79657643031877,80.78882998795443,81.09890747070312,2390700.0
2017-01-04,81.25395423795085,81.64154575310222,81.01434742036813,81.12005615234375,1830800.0
2017-01-05,81.042529917071,81.73315558118509,80.93682119403927,81.1623306274414,1856200.0
2017-01-06,81.04252898161667,81.50764520695991,80.7042621471335,81.32441711425781,1767000.0
2017-01-09,81.04253482303187,81.17643290541558,80.69017597597521,80.88044738769531,1965200.0
2017-01-10,80.78177431301539,80.90862369256163,79.92202338116691,80.28142547607422,2892600.0
2017-01-11,80.08412006566347,80.66903705483902,80.08412006566347,80.46466827392578,2302700.0
2017-01-12,80.48580324622476,80.48580324622476,79.84451297189632,80.2743911743164,1917000.0
2017-01-13,80.4787457711406,80.76063387945523,80.35894507249164,80.5069351196289,1788000.0
2017-01-17,80.11935521174775,80.4153353486411,79.9220351204855,80.38714599609375,2474700.0
2017-01-18,80.59856241427889,81.3596534169821,80.35190692680732,81.01434326171875,2040000.0
2017-01-19,81.02137403179502,81.1482234002967,80.34484585864202,80.52806854248047,1848000.0
2017-01-20,80.64789243645936,81.04253261390319,80.56332437990604,81.01434326171875,2372900.0
2017-01-23,81.03547916075098,81.07071719304918,80.43647024766348,80.66197967529297,1689500.0
2017-01-24,80.76062706872989,81.93046073778194,80.44350633397472,81.782470703125,2157200.0
2017-01-25,81.90933423248954,82.54357581164496,81.65563545019981,82.44491577148438,2045000.0
2017-01-26,82.43083064971884,82.7056701239952,82.12780182211036,82.40264129638672,1796400.0
2017-01-27,82.45199102071469,83.29060700886389,82.16305411245227,83.22013092041016,2283800.0
2017-01-30,83.09325367551854,83.1002969802941,81.93046857589508,82.47309875488281,2910300.0
2017-01-31,78.79449723212488,78.79449723212488,76.58873240513115,76.90585327148438,12755500.0
2017-02-01,75.9615015929784,76.4970884098593,72.74799144482884,74.24198913574219,14684600.0
2017-02-02,74.19970156493304,74.48863292599034,73.57955213940535,74.06580352783203,4353400.0
2017-02-03,74.48864798508947,75.54572438247429,74.22790591473846,75.36954498291016,4859700.0
2017-02-06,75.13697789412304,75.40476859468937,74.52387176531217,74.7423324584961,3444300.0
2017-02-07,74.96784934285893,75.04536870173628,74.21380179642595,74.48159790039062,3589500.0
2017-02-08,74.56617258600353,74.98195879398118,74.35476051762537,74.81282806396484,3398500.0
2017-02-09,74.81281891450834,75.41182776650903,74.71415350944902,75.02423095703125,2416000.0
2017-02-10,75.05241850535508,75.7571360500063,74.88328780007788,75.64437866210938,4012800.0
2017-02-13,75.86990801563856,76.48300895628343,75.77829127622691,76.46186828613281,3877700.0
2017-02-14,76.58872154069442,77.05383243713922,75.841722482717,76.80718231201172,5878800.0
2017-02-15,76.72262762655485,76.93403973731988,76.30684133521456,76.82833099365234,2843000.0
2017-02-16,76.76438763273195,76.785690481529,75.74181296576882,76.13948059082031,5150000.0
2017-02-17,75.95485240479942,76.01876637366166,75.56428750683298,75.91224670410156,2919000.0
2017-02-21,75.912243619831,76.60106464814243,75.69920428936646,76.49454498291016,3822500.0
2017-02-22,74.87549621589856,75.86256840510454,74.73346812741931,75.0033187866211,5234400.0
2017-02-23,75.27315338735256,75.33706195477087,74.48491521562569,74.62693786621094,3976300.0
2017-02-24,74.46359941238839,75.40806558622917,74.39968543826635,75.40096282958984,2717400.0
2017-02-27,75.37256604749243,75.81994224747397,75.0956181021015,75.79154205322266,2776200.0
2017-02-28,75.75603500346149,75.97617172855182,74.90388829784631,75.10272216796875,3793900.0
2017-03-01,75.9619796527512,76.25312773108519,75.76314576163193,75.8909683227539,3386200.0
2017-03-02,75.97617003760335,75.97617003760335,75.17373181737808,75.23764038085938,2490900.0
2017-03-03,75.3654800104574,75.69923925403123,75.10273752171713,75.22345733642578,2732500.0
2017-03-06,74.93228873056212,75.53589851825782,74.72635752000747,75.34416198730469,2481900.0
2017-03-07,75.27313925898386,75.55008716811523,74.92518003788831,75.01749420166016,2186500.0
2017-03-08,75.01749929146769,75.3512584399417,74.7334486065228,75.08141326904297,2269800.0
2017-03-09,75.36545866580926,75.44357273974887,75.00329932425235,75.20213317871094,2301000.0
2017-03-10,75.46488022335056,75.87675347160969,75.0956181021015,75.79154205322266,2957100.0
2017-03-13,75.64951174762845,76.3383329208345,75.49328359480032,76.33123016357422,2644500.0
2017-03-14,76.11820921380748,76.28153473398993,75.58561610241574,75.86256408691406,2748900.0
2017-03-15,76.18921250831623,76.89933658193146,75.87675618222418,76.5087661743164,3253800.0
2017-03-16,76.5513687133789,76.63658012524886,76.18920395948327,76.5513687133789,2409400.0
2017-03-17,76.62947564395749,77.38220527367055,76.44484190575436,76.7999038696289,4412200.0
2017-03-20,76.72890464826801,76.83541891995813,75.93356377347762,76.06848907470703,2370900.0
2017-03-21,76.34544670049576,76.79282295178942,75.53590562606887,75.63532257080078,3088500.0
2017-03-22,75.95487425020603,76.103999663354,75.1879389101733,75.64241790771484,2282200.0
2017-03-23,75.64949660700037,75.90514163904182,74.82575571761204,75.02458953857422,2414200.0
2017-03-24,75.05300491313591,75.15951917550451,74.42099500660757,74.59852600097656,2526900.0
2017-03-27,74.19375773817708,74.54881973738429,73.67536483549544,74.40679168701172,2148400.0
2017-03-28,74.36420526880802,75.64242554679896,74.20797708178505,75.40808868408203,3191600.0
2017-03-29,75.02460367578733,75.5216883218606,74.88967837850332,75.29444885253906,1889300.0
2017-03-30,75.13821161180198,75.86963839589059,74.81155525278257,75.7418212890625,1721600.0
2017-03-31,75.61401045236813,76.4803572335173,75.61401045236813,76.1963119506836,2478100.0
2017-04-03,76.45196308172311,76.50167155192926,75.32996570527902,75.55720520019531,2645900.0
2017-04-04,75.48618321753591,75.7702284827201,75.06010448412734,75.72052001953125,2138600.0
2017-04-05,75.94066544672336,76.53716703093808,75.65661475136648,75.79863739013672,2622900.0
2017-04-06,75.8199432069256,75.94066841419583,75.63531485287298,75.74893188476562,2824600.0
2017-04-07,75.49328700338933,75.69922363070498,74.49911765471603,74.55592346191406,3212200.0
2017-04-10,74.88256715734467,75.89804460624309,74.82576135979727,75.5713882446289,3687700.0
2017-04-11,75.37967756693416,75.38678032523087,74.72636466688338,75.09562683105469,3029400.0
2017-04-12,74.60561884099594,74.80445267584841,73.9807117289145,74.01622009277344,3036000.0
2017-04-13,73.98072260727987,74.25056779171346,73.63986068468586,73.66826629638672,2840900.0
2017-04-17,73.89550659224722,74.47071075439453,73.79608965909908,74.47071075439453,1723800.0
2017-04-18,74.22215518697931,74.37838332770644,73.54043682383761,73.92390441894531,3042300.0
2017-04-19,74.2647517224449,74.6269109762874,74.08722076427372,74.17953491210938,2047100.0
2017-04-20,74.38551890221737,75.0885404278363,74.25769631412135,74.93941497802734,2424700.0
2017-04-21,75.06721179608316,75.36546259331371,74.88257802825719,75.10981750488281,3040600.0
2017-04-24,75.80573931663677,76.14660123089268,75.47198015958645,75.96196746826172,2441500.0
2017-04-25,76.04717797220707,76.56557088567658,76.04008063290286,76.2389144897461,2626100.0
2017-04-26,76.14661311791957,77.11237695380521,75.95487656815159,76.4235610961914,4565600.0
2017-04-27,76.55137188983664,77.6023524104941,74.9748956910341,77.28279876708984,4672800.0
2017-04-28,77.40352830746077,77.61656770846132,76.04009131094489,76.3099365234375,3112000.0
2017-05-01,76.28153880334862,76.28153880334862,75.63532861098523,75.65663146972656,1976600.0
2017-05-02,75.70631594243191,76.06848067965853,75.670807577243,75.92645263671875,1908800.0
2017-05-03,75.90513993499886,76.31701307935425,75.69210060714188,76.23179626464844,1909000.0
2017-05-04,76.2744210119301,76.57267178997822,75.69921689104746,76.0187759399414,1744300.0
2017-05-05,76.21050592327038,76.38093416283795,75.99746656044888,76.28861999511719,2221500.0
2017-05-08,76.23889917229732,76.4022246285401,75.7915230842841,76.3525161743164,2508200.0
2017-05-09,76.38094965629023,76.45196640351344,75.33706631878786,75.63532257080078,2336500.0
2017-05-10,75.32283896777116,75.36544466643637,74.39967576604691,74.63401794433594,3713100.0
2017-05-11,74.5338228879246,74.61971805450223,73.71068408389523,74.54814147949219,3076700.0
2017-05-12,74.29763417059837,74.6626764074374,74.19026655819836,74.5338363647461,2052300.0
2017-05-15,74.83444731711812,75.50011978781262,74.59823972343312,75.36412048339844,2592900.0
2017-05-16,75.36412448980445,75.41422863710342,74.39066780433082,74.79866027832031,2458300.0
2017-05-17,74.79865667184119,74.79865667184119,73.56752001363525,73.63194274902344,3073100.0
2017-05-18,73.68205588448333,74.1830973944513,73.09511920383105,73.86100006103516,2890800.0
2017-05-19,73.89677949196484,74.3620354046073,73.73215392131658,74.02561950683594,2361200.0
2017-05-22,73.97551811906528,74.4694057713155,73.80373324647753,74.2833023071289,1916000.0
2017-05-23,74.20457018683352,74.66982614034504,74.00415358186066,74.58393096923828,2099600.0
2017-05-24,74.31193847392836,75.02055589405951,74.24752119070871,74.95613861083984,1865300.0
2017-05-25,75.28538446509945,75.86516177483122,75.17801688083078,75.82937622070312,2391800.0
2017-05-26,75.73630842532005,75.93672496815002,75.53589188249006,75.77925872802734,1826000.0
2017-05-30,75.52159628756046,76.88157302225812,75.34980595873333,76.45210266113281,2400800.0
2017-05-31,76.65968633086588,76.72410907595379,75.3927639275295,75.85086059570312,5007300.0
2017-06-01,76.2230535309834,77.37545436833467,75.65758932512625,77.06051635742188,4832300.0
2017-06-02,77.11778451229692,77.93376955980193,76.56663882478475,77.06768035888672,4182800.0
2017-06-05,76.93885547240184,77.64747851704986,76.76707054988606,77.26811218261719,2619900.0
2017-06-06,77.18220870545056,77.26094458527724,76.83863346066654,76.8958969116211,2593900.0
2017-06-07,76.88156625020927,76.93882422716564,76.07273520748531,76.35904693603516,2442300.0
2017-06-08,76.35907552581482,76.71696395526446,76.02981882603441,76.4091796875,2322100.0
2017-06-09,76.23740987368204,76.63108394750026,75.82225790264887,76.60961151123047,2834200.0
2017-06-12,76.60958647153917,77.98387655307344,76.60958647153917,77.97672271728516,3337500.0
2017-06-13,78.06261035997589,78.72828295380289,77.98387448085009,78.6280746459961,2507300.0
2017-06-14,78.68532527291195,78.90006044661247,78.0625976379343,78.2988052368164,2434300.0
2017-06-15,77.89081912634636,78.97164345646367,77.89081912634636,78.92153930664062,2311600.0
2017-06-16,79.13627293333855,79.50847988830128,78.75691214300798,79.15774536132812,4107600.0
2017-06-19,79.30090610553037,79.58005859875317,78.89291357997836,79.35816955566406,2150900.0
2017-06-20,79.34383742176894,79.35815601233033,78.44195734938002,78.4562759399414,2081000.0
2017-06-21,78.6065922350928,78.63522395667927,77.92660659547732,78.15565490722656,2796900.0
2017-06-22,77.84788176540677,78.41334605980337,77.79061831411371,78.06977081298828,1613600.0
2017-06-23,78.17715607744876,79.66597338170016,77.9910525491812,78.92871856689453,4352100.0
2017-06-26,79.20786087272707,79.84490176825545,79.10049326384109,79.45838165283203,2199700.0
2017-06-27,79.25078174615496,79.7661417440759,78.49921417236328,78.49921417236328,2154600.0
2017-06-28,79.01459840515878,79.36532749872887,78.44913409294541,78.79270935058594,2996400.0
2017-06-29,78.53501992847316,78.90722140743426,78.32028473537916,78.57796478271484,2208800.0
2017-06-30,78.88575217188846,79.45837573601126,78.55649553384791,79.15774536132812,2178100.0
2017-07-03,79.379649294401,79.90216330739621,79.15060093371605,79.17207336425781,1288200.0
2017-07-05,79.14342651607433,79.5585782970453,78.90721890335541,79.10763549804688,1628700.0
2017-07-06,78.81417977584051,78.98596466982018,78.08408441977616,78.19145202636719,1637200.0
2017-07-07,78.33462015403155,79.17923705484965,78.13420350992962,78.99313354492188,1742700.0
2017-07-10,78.79984702547021,79.1577353425141,78.5851173118093,78.8857421875,1698700.0
2017-07-11,78.91435481294052,79.00024995418589,78.42046730742643,78.78551483154297,1785900.0
2017-07-12,79.18636983984254,79.52994503906669,78.83564080590516,79.14342498779297,2196000.0
2017-07-13,79.0360562115475,79.8663597450053,78.86427134498268,79.56573486328125,2285900.0
2017-07-14,79.47266649239594,80.60359470961032,79.34382649978998,80.46044158935547,3275700.0
2017-07-17,80.0810937085623,80.3530923443979,79.72320536536199,80.18846130371094,2615100.0
2017-07-18,80.13835234243241,80.27435165218454,79.83056816732241,80.04530334472656,2142400.0
2017-07-19,79.9665687731014,80.87560272216797,79.63731216710318,80.87560272216797,2541800.0
2017-07-20,81.03306772135541,81.03306772135541,80.47476285061535,80.5821304321289,2237100.0
2017-07-21,80.41752463856714,80.95435725359222,80.27437145893796,80.65373229980469,1772900.0
2017-07-24,80.5105682861903,80.58214486637313,80.1526799243332,80.27436065673828,2296000.0
2017-07-25,80.76110016175642,81.42677282485916,80.46762904339303,81.04025268554688,2219400.0
2017-07-26,81.26929370076921,81.34087028432958,80.29583687370685,80.37457275390625,2978400.0
2017-07-27,79.45120680542836,79.45120680542836,76.57378712393829,77.153564453125,7446500.0
2017-07-28,77.5758667845461,78.67100958163086,77.2537694954249,78.4920654296875,4274800.0
2017-07-31,78.76407187009691,79.45121687423661,78.70680842118284,78.9430160522461,3564200.0
2017-08-01,79.30805950933697,79.30805950933697,78.48491522289116,78.85711669921875,2663500.0
2017-08-02,78.6423696400729,79.77329241180274,78.62805105128682,79.63729858398438,2256100.0
2017-08-03,79.42973615112945,80.00951349324374,79.32952785646629,79.82341003417969,2515300.0
2017-08-04,79.89499747681879,80.23140793970843,79.5371091256681,80.2027816772461,2185400.0
2017-08-07,80.1669883889428,80.18846081565329,79.75183660273096,80.06678009033203,1696000.0
2017-08-08,80.88278484289066,81.02593802991639,80.02385479884819,80.08827209472656,2809500.0
2017-08-09,80.14549817166501,80.5248588551877,79.9665540408757,80.46044158935547,1888700.0
2017-08-10,80.4316275660061,80.63353501939045,79.96291069118357,79.98454284667969,2058200.0
2017-08-11,80.39556408495031,81.10945817047516,80.25134605842521,80.35951232910156,2077900.0
2017-08-14,80.89311525433816,82.05408837413154,80.82821329963019,81.98197937011719,2424900.0
2017-08-15,81.97477658385363,82.51560243072944,81.84497816054083,82.3353271484375,1985800.0
2017-08-16,82.40021943074535,83.17179737976505,82.36416767705417,82.7535629272461,2196300.0
2017-08-17,82.6381772499623,82.78960780664681,81.4195202457209,81.42672729492188,2439900.0
2017-08-18,81.43395039810873,82.3497464076523,81.25367511656697,81.72959899902344,2249300.0
2017-08-21,81.72958805292954,82.34973537850169,81.61421474900862,82.08293151855469,1455200.0
2017-08-22,82.20554680956492,82.81126925056782,82.09016796276462,82.6382064819336,1594100.0
2017-08-23,82.29206993948591,82.29206993948591,81.67192247478415,81.88104248046875,1528400.0
2017-08-24,82.09014677624805,82.17668088901482,81.6574872155438,81.73680877685547,1147500.0
2017-08-25,82.01804467929435,82.28485408997302,81.72239606349416,81.77287292480469,2015100.0
2017-08-28,82.0541000366211,82.24879492528859,81.90266945619857,82.0541000366211,1928000.0
2017-08-29,81.88103246041581,82.93383941078983,81.45557994875863,82.84730529785156,2083100.0
2017-08-30,82.84009681601357,83.38813522174948,82.83288976575494,82.90499877929688,1968500.0
2017-08-31,83.26552562527988,83.26552562527988,82.12618483060702,82.46510314941406,3262200.0
2017-09-01,82.72472005730289,82.95547219198801,82.48675537109375,82.48675537109375,1548400.0
2017-09-05,82.28486102954689,82.47234888804024,81.87383355233523,82.1478500366211,1771500.0
2017-09-06,82.3857981978513,82.60933777162926,82.01082805781428,82.06851196289062,2144400.0
2017-09-07,82.11899673041681,82.76798886374603,82.11899673041681,82.68866729736328,1616300.0
2017-09-08,82.6453831830651,83.22226616367801,82.24877544619827,82.9626693725586,1645400.0
2017-09-11,83.28717783698912,83.91453778048043,83.15016686619376,83.79194641113281,2021500.0
2017-09-12,83.81358566493633,84.7510138207428,83.63331038479298,84.47699737548828,2151700.0
2017-09-13,84.25345099187311,84.83754663162281,84.12365807366746,84.41209411621094,2302600.0
2017-09-14,84.15248860045487,84.71495202917971,84.00827059405218,84.64283752441406,2102800.0
2017-09-15,84.6284118157787,85.08991600483233,84.44092401973694,85.01780700683594,3411300.0
2017-09-18,85.03945825599077,85.34953196842554,84.65727552936387,84.79428100585938,2292400.0
2017-09-19,84.79427765760468,85.07551215450965,84.28950907662635,84.34719848632812,2002700.0
2017-09-20,84.33998623717065,85.371161057637,84.11644665073077,84.96734619140625,3481800.0
2017-09-21,84.96736294813961,85.08994884219743,84.42653700210869,84.55633544921875,1765700.0
2017-09-22,84.65005942601708,85.12598880253495,84.46978414731757,84.85196685791016,1883300.0
2017-09-25,85.1403994177122,85.29904252647364,84.48420033332047,85.24856567382812,2361100.0
2017-09-26,85.10435715475971,85.81103871783057,84.36162383434322,85.75334930419922,2870700.0
2017-09-27,85.58749468118565,85.9336201419044,85.36394959034124,85.53701782226562,2302400.0
2017-09-28,85.4937343745851,86.33021419074664,85.32067167183463,86.25089263916016,1629300.0
2017-09-29,86.21484792727152,86.83499532901837,86.12110676247349,86.59703063964844,2445800.0
2017-10-02,86.53212850505113,87.10901156237729,86.43117479525374,87.10179901123047,1989900.0
2017-10-03,86.77012098160812,86.94318375363274,86.1788181340882,86.32303619384766,1857000.0
2017-10-04,86.17879827592928,86.25811984098884,85.58028301286721,85.81103515625,2309700.0
2017-10-05,84.2101763592385,85.23413848876953,84.0226885533247,85.23413848876953,4480300.0
2017-10-06,85.08270851974544,85.616327240127,84.65726155514405,84.87358856201172,2828300.0
2017-10-09,85.19088594441779,85.53701690298159,84.31114169706782,84.47699737548828,1839200.0
2017-10-10,84.82311678111346,85.52258569841918,84.56351995610174,85.17646026611328,2064200.0
2017-10-11,85.17647167258154,85.75334930419922,85.0538802932236,85.75334930419922,1810000.0
2017-10-12,85.66680055203321,86.54653914611269,85.5586343022868,86.2220458984375,2290300.0
2017-10-13,86.56096002753836,86.611436874751,85.26297609697924,85.3495101928711,1665500.0
2017-10-16,85.52979863702467,85.58748804319185,84.70053130345626,85.33509826660156,1247300.0
2017-10-17,85.08993641501313,85.25579210159549,84.6572768216905,84.85918426513672,1484400.0
2017-10-18,84.66449152976367,85.64518406553891,84.66449152976367,85.19810485839844,2089300.0
2017-10-19,84.85918475264367,86.19322079870447,84.85918475264367,86.11389923095703,2119600.0
2017-10-20,86.2364860738161,86.84221391598498,86.17880216154336,86.35907745361328,2427600.0
2017-10-23,86.70519884687086,86.82779022089,86.26532671482734,86.30138397216797,2052200.0
2017-10-24,86.66192683280636,86.83498954920852,86.25811199401315,86.3157958984375,1845600.0
2017-10-25,86.22928273246818,86.34465606354182,85.40722780539335,85.4865493774414,3397000.0
2017-10-26,85.2990350383041,87.1017874767629,84.3688141198717,86.04898071289062,4104500.0
2017-10-27,86.0345574538368,87.79404563192995,86.0345574538368,87.07294464111328,3638300.0
2017-10-30,86.90710692186673,86.90710692186673,84.97455564772142,85.15483093261719,3442000.0
2017-10-31,85.45047599165251,85.65959596017426,84.69331767464499,84.75100708007812,2499000.0
2017-11-01,85.04667726122628,85.21252745629637,84.49863880896368,84.70054626464844,2088600.0
2017-11-02,84.81592661752765,84.90966779461412,82.95548416840366,84.27510070800781,3522300.0
2017-11-03,84.27510192292361,84.27510192292361,83.04922654273362,83.25834655761719,2957600.0
2017-11-06,83.34488070803113,83.64774190143642,81.91709786523148,82.1478500366211,3351100.0
2017-11-07,82.08295836865777,82.82569179183977,81.93873481462442,82.16948699951172,2730400.0
2017-11-08,81.96035134043927,81.9891905422437,81.23203770967314,81.57816314697266,2371900.0
2017-11-09,81.36181949011507,81.48440532819818,80.56139701535017,81.159912109375,2713900.0
2017-11-10,81.05095067048617,82.28592753854066,80.85480937212434,82.25687408447266,2840000.0
2017-11-13,82.8670855767967,83.44098821244054,82.47479748879573,83.4046630859375,3301300.0
2017-11-14,83.03419143545727,83.17948088815596,82.57651912882541,82.86710357666016,3238200.0
2017-11-15,82.63463467033704,83.02692283188648,81.8427977545252,82.00988006591797,2153400.0
2017-11-16,82.59106704241479,82.96882301644129,82.06801604573317,82.59832763671875,2518400.0
2017-11-17,82.32953722333093,82.45303382927774,81.7701611147326,82.04621887207031,2155400.0
2017-11-20,82.22057306118707,82.46030569581683,81.95904755839796,82.23509979248047,2811100.0
2017-11-21,82.1261252957466,82.9179623006207,81.94451069362637,82.75814056396484,2205400.0
2017-11-22,82.76541356664025,82.95429432039855,82.5184148051966,82.64917755126953,1846200.0
2017-11-24,82.81627549329761,82.95430439270024,82.06075792896783,82.19152069091797,891700.0
2017-11-27,82.39490650527773,83.29571886927631,82.3585869124562,83.20854187011719,3060500.0
2017-11-28,83.62262235739472,83.85508881115965,83.09957145081427,83.68074035644531,2025800.0
2017-11-29,85.96907594219734,86.63742181673085,83.78244036376677,86.47760009765625,4122100.0
2017-11-30,86.47761627853424,88.62793266834578,86.4703501420066,88.22837829589844,5654200.0
2017-12-01,88.54798992229858,88.54798992229858,86.52117087078992,87.40018463134766,3141900.0
2017-12-04,88.70058423725358,90.9235510786587,88.70058423725358,89.87744903564453,4535000.0
2017-12-05,89.95733164683229,90.08082822631252,87.37840249273326,87.44378662109375,3690900.0
2017-12-06,86.04174728925524,87.1386956435886,85.700310904387,85.93277740478516,3347000.0
2017-12-07,85.98360903284531,87.18952698770332,85.61311372985931,86.9788589477539,3280000.0
2017-12-08,87.21859112763705,87.26944299242201,85.64217777686554,86.85536193847656,3030400.0
2017-12-11,85.78020045576132,86.74639135943046,85.40243902251395,85.75840759277344,2765500.0
2017-12-12,85.65670329084087,86.36136320657486,85.43876357756255,85.83831787109375,2541000.0
2017-12-13,86.07080569340869,86.68829431117459,85.75116217917945,86.01268768310547,2738500.0
2017-12-14,85.96908982952095,85.96908982952095,84.50891234378197,84.87940216064453,2817400.0
2017-12-15,85.3225373356165,86.15796560873139,85.2208336024482,85.72209167480469,4997200.0
2017-12-18,86.28872349331607,87.11688558396149,86.16522690175819,86.31051635742188,2581000.0
2017-12-19,86.56477572499116,86.80450275737915,86.12163570817039,86.44853973388672,2111200.0
2017-12-20,87.6690219583471,87.70534710444798,85.88193451047859,85.96184539794922,3420000.0
2017-12-21,86.33958922687498,86.33958922687498,85.3588713875062,86.14344787597656,3377700.0
2017-12-22,86.44855245356673,86.44855245356673,85.87464963353034,86.18702697753906,1933400.0
2017-12-26,86.40497220596744,86.50667594838484,85.78747807244116,85.91098022460938,1309100.0
2017-12-27,85.86737357503605,86.5429800529651,85.75840925798079,86.50666046142578,1508000.0
2017-12-28,86.80451648123707,86.85536834977572,86.09259032169615,86.48487854003906,1367300.0
2017-12-29,86.48488089807803,87.40748069313058,86.44855575851516,86.55752563476562,2614400.0
2018-01-02,87.20404598025416,89.87014633539636,86.89166872185629,89.8410873413086,5413000.0
2018-01-03,90.18982154341084,92.03502675062752,90.00820692312303,91.83161926269533,5655600.0
2018-01-04,92.26747777366344,93.67680322195626,92.04953804888171,92.42729949951172,5473100.0
2018-01-05,92.8559141605,93.46614210970152,91.36667219635302,92.71062469482422,3699200.0
2018-01-08,93.06660276511256,94.090911953261,92.7978111136092,93.8366470336914,3243000.0
2018-01-09,93.8802012323504,94.43957721655154,93.61141521358596,93.79302978515624,2957700.0
2018-01-10,93.36444642716022,94.77377764399743,93.34265355967318,94.28704071044922,2927900.0
2018-01-11,94.7011073949701,97.1783329358621,94.45411422561044,96.95313262939452,4252300.0
2018-01-12,96.94587181329122,97.58515875607998,96.6189677484108,97.41080474853516,4212500.0
2018-01-16,97.64330297452642,97.86124277125248,95.7181810358044,96.53182220458984,4126500.0
2018-01-17,97.00400230467775,97.56337845163534,96.1758400607496,97.35269927978516,3508800.0
2018-01-18,97.81760566999844,98.45689252121656,97.00397592108366,97.0475616455078,3371100.0
2018-01-19,97.24371487151546,97.35995086752337,95.83438390332508,96.67707824707033,3891700.0
2018-01-22,96.27027211945386,96.611708460797,95.2677559610527,96.51726531982422,3100000.0
2018-01-23,96.52452486131368,96.52452486131368,95.100672593036,95.94336700439452,2952700.0
2018-01-24,96.2630027717913,96.58991793388162,94.54856042998,95.66731262207033,2862900.0
2018-01-25,95.86346882370432,95.87072941817028,94.22893719382174,95.3767318725586,3166800.0
2018-01-26,95.31860214660556,96.4155502319336,95.19509447608824,96.4155502319336,2044500.0
2018-01-29,96.44460627784866,97.02577517315083,94.88272526379411,94.9045181274414,2753800.0
2018-01-30,94.7083736429336,94.97717077611024,93.05932113296808,93.06658172607422,4124900.0
2018-01-31,93.34988914547246,93.69132542446758,91.71535801257508,92.49266815185548,5788300.0
2018-02-01,86.60836480590218,87.90145977363342,85.77293660039258,86.81903839111328,14405900.0
2018-02-02,86.44129149062312,86.55026136922906,83.92047972176312,84.6106185913086,9235600.0
2018-02-05,84.18925605697692,84.49436722769936,82.24234749615616,82.30773162841797,8119600.0
2018-02-06,81.81376415189686,84.18928117914581,79.67797423464336,81.87914276123047,11749100.0
2018-02-07,81.64663996159359,82.2786606164698,81.08726956360898,81.29794311523438,7219700.0
2018-02-08,81.18897078213153,81.72654830353484,79.35103240485073,79.3873519897461,6999100.0
2018-02-09,78.53016919216299,78.53743532964263,75.41366130607317,77.28792572021484,11369600.0
2018-02-12,77.73104779699882,77.78916579843396,76.57598161627332,77.22978973388672,6677300.0
2018-02-13,76.99733121924737,79.01688486688259,76.64136812297598,78.13787078857422,7557900.0
2018-02-14,77.5058367038256,77.80368172054368,76.3434990063238,77.4404525756836,6504000.0
2018-02-15,77.84001231766094,78.69723338141932,76.65588167511187,78.68270111083984,5535100.0
2018-02-16,78.47022812792845,78.8731677665855,77.58376651228004,77.9500732421875,6119600.0
2018-02-20,77.84019305479546,78.13323960535195,76.433576319402,76.71196746826172,5228600.0
2018-02-21,76.7339713617656,78.42631311807509,76.5654733101114,76.70466613769531,5516000.0
2018-02-22,77.18085837028273,78.00871549492715,76.6680309748919,76.9830551147461,3357000.0
2018-02-23,76.48486084783909,77.37865033285689,76.44090023111157,77.37132263183594,4417000.0
2018-02-26,78.16987833071752,79.44463017313223,77.66437868642095,79.1735610961914,4092400.0
2018-02-27,79.29811637043332,79.53255256351798,77.42262682575603,77.4299545288086,3605100.0
2018-02-28,77.95010252649358,78.09662303774256,76.47021965164242,76.49220275878906,3729200.0
2018-03-01,76.89513338131071,80.06735204789345,76.15519197831637,77.97207641601562,8701900.0
2018-03-02,77.48122977225732,77.87684185781032,76.46289713310023,77.19551086425781,4670600.0
2018-03-05,77.17350066793736,77.78157119281023,76.65334577212712,77.51782989501953,4997400.0
2018-03-06,78.7486377137308,80.61680471049905,77.88415340466841,80.44097900390625,8590500.0
2018-03-07,79.86952965918658,80.2578195498672,78.99772330384954,80.00872802734375,7097600.0
2018-03-08,80.15526116230286,80.98311256463099,78.36768208926325,79.70836639404297,6079000.0
2018-03-09,80.24318517632072,80.89521098318919,79.78896821702779,80.86590576171875,3201900.0
2018-03-12,80.74866234366294,81.13694661147294,79.77428502935643,79.7889404296875,3124800.0
2018-03-13,80.3677279450861,80.99777623139511,79.94281620848193,80.09666442871094,3517900.0
2018-03-14,80.609478762901,80.7120442264281,79.50323058983179,79.67906188964844,2310900.0
2018-03-15,79.88420765733966,80.59484392193902,79.78896987762825,80.38238525390625,2718300.0
2018-03-16,80.27246065677544,81.46661864491156,80.27246065677544,81.25416564941406,5679200.0
2018-03-19,80.80727852993023,81.23951785076864,78.71200328494223,79.45926666259766,3351200.0
2018-03-20,79.59117441040857,80.09667979485361,78.77064482237324,79.14427947998047,2513000.0
2018-03-21,79.26147969196082,80.27981230965463,78.85853991255719,78.8658676147461,2805100.0
2018-03-22,78.1918635846293,78.47758248385482,76.38230682993498,76.52149963378906,4150000.0
2018-03-23,76.84384757435389,76.92443552538953,74.3236547552002,74.47750854492188,4278800.0
2018-03-26,75.5031735316465,76.13322182253432,74.65334446286259,75.9720458984375,3836100.0
2018-03-27,76.0233082267608,76.67533945082855,74.49947623853599,74.85112762451172,3850200.0
2018-03-28,74.96105103981769,75.95740635129941,74.50682842771859,75.22479248046875,3811400.0
2018-03-29,75.6350307560159,77.53250299330041,75.56909821121607,76.67534637451172,3813400.0
2018-04-02,76.43357727421225,77.23945110626104,75.01963282030736,76.07459259033203,4594400.0
2018-04-03,76.49220915236944,77.37867117513869,76.01600906690835,77.32006072998047,4453200.0
2018-04-04,76.05263529384752,78.00139064643788,75.70098380682644,77.95743560791016,3832800.0
2018-04-05,78.10394060018253,78.66072853156157,77.18084584883805,78.52153015136719,3154700.0
2018-04-06,78.00869785100133,78.11858541844553,76.47753253496712,77.16619110107422,4397200.0
2018-04-09,77.33469422852025,77.84752713134455,76.45556009424789,76.63138580322266,3938500.0
2018-04-10,77.33469030716832,78.27976252775922,77.33469030716832,77.67169189453125,2751100.0
2018-04-11,77.10024865380402,78.2064966824466,76.96105587970307,77.72296905517578,1623900.0
2018-04-12,78.08927767313405,78.85852415670116,78.04532264758095,78.38232421875,2000000.0
2018-04-13,78.74132618809712,79.3713688538768,78.09662252824943,78.57282257080078,3970800.0
2018-04-16,79.34205943896932,80.14060562356957,79.23949397653256,80.03804016113281,4595600.0
2018-04-17,80.25050287675286,80.47761132809292,79.60580485295594,80.23584747314453,2832900.0
2018-04-18,80.49226550766386,81.34209445386387,79.56917072333391,81.24685668945312,3559500.0
2018-04-19,81.10031355495212,81.10031355495212,79.84754511996965,80.3530502319336,2737200.0
2018-04-20,80.52157790016484,80.52157790016484,79.11495528794954,79.52522277832031,3632400.0
2018-04-23,79.63508872052411,80.0160508873602,79.42995782579591,79.93546295166016,2246600.0
2018-04-24,79.96479354928373,80.27248998905726,78.60945920222457,79.28346252441406,3626100.0
2018-04-25,79.10761175851762,79.76695946674816,78.69002226825268,79.60578918457031,3195100.0
2018-04-26,79.1588974646666,83.72307681749218,78.90980594755656,82.99046325683594,7309000.0
2018-04-27,82.83663210311768,83.51796307812042,82.58754612421728,83.51063537597656,4557400.0
2018-04-30,83.64984233207981,83.85497329791234,82.68279235786963,83.15166473388672,4479400.0
2018-05-01,83.18828768177826,83.44470135831597,81.67177754979932,82.38240814208984,4376200.0
2018-05-02,82.11134654269023,82.2358895328209,81.01242596986857,81.43001556396484,3563800.0
2018-05-03,81.15893935838545,81.29813774067426,79.23949517010094,80.44830322265625,4079400.0
2018-05-04,79.99408854642945,81.91353278774612,79.71569177416002,81.54722595214844,2412800.0
2018-05-07,81.8988764251699,82.60218482255432,81.66444029270842,82.14064025878906,2583800.0
2018-05-08,82.05272421229259,82.93918600850118,81.04904155572672,81.51791381835938,2848700.0
2018-05-09,81.569221437124,81.8256407500488,80.82195778722308,81.6131820678711,3205400.0
2018-05-10,82.0014529194884,83.60587873564945,81.71573401926781,83.51063537597656,2477900.0
2018-05-11,83.47401841348527,84.97587335439518,83.31284248269306,84.58026123046875,3388100.0
2018-05-14,86.4117931797307,87.01253625620305,85.07111420927379,85.23228454589844,4618600.0
2018-05-15,84.82200696751636,85.32751217143444,84.14067605373923,84.69746398925781,3480400.0
2018-05-16,84.64619824463034,85.47404981785851,84.63887054167444,85.21763610839844,1970000.0
2018-05-17,85.41544342041016,86.03816964497774,85.27625059405028,85.41544342041016,3697200.0
2018-05-18,85.40803862818893,85.60001816347128,84.98716409957956,85.19390869140625,2450900.0
2018-05-21,85.65172453116173,86.59684610740793,85.282536063355,86.44917297363281,3333300.0
2018-05-22,86.39748410400614,86.49347107461286,85.12747491324006,85.17916107177734,2027100.0
2018-05-23,84.80256918116275,85.22344370615863,84.01250627868393,85.12007141113281,2013600.0
2018-05-24,85.19390770390316,85.51140993291895,84.4776869857676,85.37850189208984,2303400.0
2018-05-25,85.2751235961914,85.57786074752904,85.06099367696001,85.2751235961914,1583600.0
2018-05-29,84.81735107920763,84.87641694605084,83.44396968281497,84.0494384765625,2724100.0
2018-05-30,84.26355070261984,86.20547938801651,84.10849227223002,86.16117858886719,2911700.0
2018-05-31,85.99137136465706,86.26457284016283,85.58526745786415,85.74032592773438,5893000.0
2018-06-01,86.16118732404543,86.60421226055486,85.88798589040356,86.57467651367188,2237800.0
2018-06-04,86.8404958819034,87.32782164045798,86.33101408732402,86.36793518066406,2248500.0
2018-06-05,86.24241429421845,86.9660204186424,86.05782009036385,86.24979400634766,3341000.0
2018-06-06,86.39007350676047,86.76664719938915,85.57786026713103,86.40483856201172,2783700.0
2018-06-07,86.51562129364142,86.64114401647937,85.50404853111708,85.7920150756836,3106400.0
2018-06-08,85.76245928359889,86.13164765276343,85.45972211686757,86.0947265625,2879800.0
2018-06-11,86.0947103545634,86.94384457045986,86.06517461458645,86.27930450439453,2004700.0
2018-06-12,86.84050463800419,87.99237075924637,86.62637466845072,87.3795166015625,3414600.0
2018-06-13,87.49026507041435,87.57148696872707,86.4713071189019,86.63375091552734,1668400.0
2018-06-14,86.71497445169932,86.9291044028075,86.05781954084263,86.53038024902344,1869300.0
2018-06-15,86.10210801788297,86.65589054661473,85.68861886577409,86.22024536132812,4286900.0
2018-06-18,85.7919911538013,86.61158974699369,85.50402468953017,86.22024536132812,2177100.0
2018-06-19,85.65167235703971,85.65167235703971,84.25614124947788,84.78038787841797,2739000.0
2018-06-20,84.72873246724546,84.75088286851246,83.82791192660348,83.91651916503906,3112600.0
2018-06-21,83.9239033171259,84.22663485241826,82.93447555211084,83.74668884277344,2721900.0
2018-06-22,84.8394856131011,85.49664043826219,83.9017440311068,83.95343017578125,3536300.0
2018-06-25,83.46611851733687,83.46611851733687,80.77104192957985,81.36912536621094,4044300.0
2018-06-26,81.50942236129683,81.73831738869147,80.63075208188879,80.9039535522461,2332300.0
2018-06-27,80.97777521935816,81.33958387572892,79.92928160709772,80.0252685546875,2940800.0
2018-06-28,78.82172641644779,78.96939952875196,77.60340352314991,78.17933654785156,6173000.0
2018-06-29,78.4894531775538,79.19090885814835,78.37869553499473,78.4377670288086,3409300.0
2018-07-02,78.17195683559405,78.61498180587469,77.83968388285746,78.17933654785156,2252300.0
2018-07-03,78.45993247563302,78.89557215096845,77.86922869096016,78.09074401855469,1145700.0
2018-07-05,78.26057084473209,78.51900164887937,77.48527843229027,78.48208618164062,2866800.0
2018-07-06,78.62235775187919,78.77741619127116,77.61816493483538,78.29008483886719,2022400.0
2018-07-09,78.48944310491625,80.27631331321672,78.46728707255357,80.1803207397461,2103600.0
2018-07-10,80.26157227478267,80.46093720612615,79.72256025554537,80.12128448486328,1503900.0
2018-07-11,79.52318821253256,79.87022624960935,79.03586239808216,79.24999237060547,1765000.0
2018-07-12,79.80375720463184,80.50521283488958,79.6043923356585,80.13602447509766,1920100.0
2018-07-13,80.01788969254802,80.78580218151805,79.69300212284638,80.4609146118164,1997900.0
2018-07-16,82.05581083276778,82.38069842379015,81.10330409548038,81.7013931274414,4288800.0
2018-07-17,81.70878879226552,82.09274229375586,80.97041190731841,82.01152038574219,2102400.0
2018-07-18,81.93028212039204,83.16336992005995,81.81952448308895,82.81633758544922,2798600.0
2018-07-19,82.61697996009545,83.36274210777427,82.29209236440013,83.31843566894531,2457900.0
2018-07-20,82.71296446671269,83.10430889237722,82.5136052146745,82.74988555908203,1776000.0
2018-07-23,83.04523378469963,83.43657255996953,82.84586890796787,83.22244262695312,1871000.0
2018-07-24,83.68762113997145,83.93128682821155,82.66127787136134,83.02308654785156,2646000.0
2018-07-25,82.88279094811034,88.93009838878372,82.88279094811034,88.75288391113281,6725700.0
2018-07-26,88.59783723673051,89.10731906925847,87.16538996900192,87.77085876464844,3630300.0
2018-07-27,88.0440379046762,88.0440379046762,87.23920998947578,87.61578369140625,2094700.0
2018-07-30,87.72653124321842,88.56090049407334,87.52717201899279,87.65269470214844,2020400.0
2018-07-31,88.32462757549405,89.60940152442285,88.09572695564084,88.52398681640625,2395100.0
2018-08-01,88.5239834087125,88.60520529757132,86.98077878712941,88.13264465332031,1913000.0
2018-08-02,87.86683161855291,88.01450471246402,87.15060528301247,87.57147979736328,1653500.0
2018-08-03,87.58623849416102,88.11786493946929,87.27611602602288,87.97757720947266,1912900.0
2018-08-06,87.75609733731862,88.55354577675763,87.75609733731862,88.26557922363281,1603400.0
2018-08-07,88.2507707475036,88.70856627786021,87.6010013528328,88.61257934570312,1957400.0
2018-08-08,88.6125880369583,89.18852095312228,88.46490931911684,89.03346252441406,1603100.0
2018-08-09,88.77502849859611,89.971195084976,88.70118632574616,89.24758911132812,2050100.0
2018-08-10,88.98916356584843,89.18852844333566,87.86683338283346,88.06619262695312,2341400.0
2018-08-13,88.02929791618999,88.22127749406894,86.92173252848427,87.24662017822266,2339100.0
2018-08-14,87.3204187252816,88.71595005551542,87.3204187252816,87.85205078125,1914800.0
2018-08-15,87.48288428871862,88.95963786417502,87.02508865231474,88.64213562011719,2619100.0
2018-08-16,88.95962179388165,89.78660004139064,88.52397663846877,89.42479705810547,2126800.0
2018-08-17,89.61080590983244,90.67467874540564,89.26114625390305,90.61516571044922,2384200.0
2018-08-20,90.6151739140368,91.46329575612732,90.54077268057635,91.17314910888672,2272500.0
2018-08-21,91.1359257148425,91.67158267618616,90.9201746789671,91.51535034179688,2594900.0
2018-08-22,91.51536573025476,91.51536573025476,90.54076527658997,90.66724395751952,2272200.0
2018-08-23,90.65235741713114,90.93506844616977,90.12414164710698,90.54820251464844,1263600.0
2018-08-24,90.83833775400448,91.47070834735024,90.63746923179468,91.3144760131836,1969600.0
2018-08-27,91.43352309969754,92.30396291482106,91.39632248837786,92.14028930664062,2641100.0
2018-08-28,92.30397364829643,92.57924344642905,91.21034139011562,91.32193756103516,2126400.0
2018-08-29,91.47818022703969,91.8873643411316,91.0615605297953,91.85760498046876,1528000.0
2018-08-30,91.70133797354748,91.96916644238075,91.0838442439588,91.39630889892578,1314400.0
2018-08-31,91.41120455530437,91.6046318403729,90.65979648325704,91.41864013671876,2188500.0
2018-09-04,92.0956586670256,92.54947890761152,91.5823197151459,92.5048370361328,2396900.0
2018-09-05,92.25186866915112,92.9883940958544,91.8724440716308,92.74288940429688,2368300.0
2018-09-06,92.66850607760036,92.86938029929225,91.85014370378536,92.02869415283205,2282200.0
2018-09-07,91.7980838333915,92.5420508022502,90.89044322322113,91.50049591064452,2530000.0
2018-09-10,92.02126311591672,93.06281218347448,91.84270698203534,92.5048370361328,2458000.0
2018-09-11,92.14028310019378,92.47507155147096,91.39631633204364,91.55998992919922,2260400.0
2018-09-12,91.44094780782224,92.22210942001064,91.21031427621062,91.73109436035156,3243100.0
2018-09-13,91.57486514357394,92.95864376188136,88.57668002924653,89.05281829833984,5029200.0
2018-09-14,89.49920019853674,89.91581975245072,88.53948243239999,89.56615447998047,3730600.0
2018-09-17,89.7075213111669,90.03486285517059,88.26422385127795,88.59900665283203,2945200.0
2018-09-18,88.3088607194347,89.03795071250154,87.30450663108041,87.96663665771484,2851300.0
2018-09-19,88.01128356092478,88.37582574029902,87.69137757771401,87.97408294677734,1944800.0
2018-09-20,88.47998236534241,88.97843881889472,88.19727699079414,88.621337890625,1905500.0
2018-09-21,88.83707981897687,89.31321812496988,88.10798984516592,88.15262603759766,4348400.0
2018-09-24,88.01126040325734,88.2939656979348,87.08873763449135,87.28961181640625,1889400.0
2018-09-25,87.52026356260122,87.60210037371958,86.27784023164686,86.49359130859375,2108700.0
2018-09-26,86.49358132090505,87.30450240432597,86.48614006365804,86.8209228515625,2220600.0
2018-09-27,86.67213921406062,87.2970686521461,86.44151130372194,86.84325408935547,1599800.0
2018-09-28,86.64237272647475,86.93996058126444,86.09928014179856,86.85812377929688,2641800.0
2018-10-01,88.19726402184028,88.42789190726921,87.18546874716053,87.38633728027344,1820200.0
2018-10-02,87.40121465755036,87.45329210203855,86.77627964767618,87.03666687011719,1336100.0
2018-10-03,87.41609512063357,88.18982123941896,87.34914083609267,87.62440490722656,1802900.0
2018-10-04,87.40122079425872,88.0410270103155,86.52333975695048,87.27474212646484,1799800.0
2018-10-05,87.38632983578654,87.89222743002875,86.47868953352709,87.22265625,2039200.0
2018-10-08,87.12596198453868,88.69573255926954,87.01436581706164,88.3683853149414,2867100.0
2018-10-09,87.98150540689318,88.30884690218099,87.3640116704856,87.72855377197266,4652400.0
2018-10-10,87.29708581618718,87.97409851657495,86.5382419670227,86.78375244140625,4669000.0
2018-10-11,87.28962831128224,87.64672920614305,84.19472361706798,84.6336669921875,5239800.0
2018-10-12,85.96537145287782,86.7242151394731,84.58159266318943,86.0323257446289,2993000.0
2018-10-15,85.83144616053693,86.76884018065854,85.74960936379388,86.1290283203125,2648300.0
2018-10-16,86.67213983274429,87.56489780095815,86.11416468360646,87.40122985839844,2681100.0
2018-10-17,87.28964211157597,87.82529921456971,86.24808726420116,87.79553985595703,2104400.0
2018-10-18,87.48304823591633,87.60208564153045,84.94612454593616,85.35530853271484,2270000.0
2018-10-19,85.35530315775068,86.88043150803452,84.81220496186384,86.66468048095703,2460000.0
2018-10-22,86.44150978094085,86.55310026719266,85.35531886529601,86.0323257446289,2358900.0
2018-10-23,85.02052778671602,86.06208247610927,84.0310505479916,84.99076843261719,3120200.0
2018-10-24,82.6323885050654,83.42843271795772,79.94666802466826,80.29633331298828,5794600.0
2018-10-25,79.64166363652426,81.2709473844158,78.57034942069185,80.21451568603516,4269800.0
2018-10-26,79.23246742492606,79.70860574222458,77.69989757087248,78.3471450805664,3965200.0
2018-10-29,79.27709905141417,79.92435219983753,77.24607290031983,78.21322631835938,3355100.0
2018-10-30,78.45131143266833,80.01364654509392,77.90077748719476,79.65653991699219,3047400.0
2018-10-31,80.53439706479566,81.1072489390799,79.20269596107808,79.26221466064453,3620800.0
2018-11-01,79.52260548093788,80.46744643233373,78.81583933859966,79.99130249023438,2897800.0
2018-11-02,79.67884623666495,80.10290710207963,78.47362360654773,78.85304260253906,2854000.0
2018-11-05,79.17293981506705,79.93922465594258,78.88279323795916,79.47052764892578,2445600.0
2018-11-06,79.42589631993249,81.01054354386042,79.20270401187902,80.83199310302734,2582900.0
2018-11-07,81.270928104604,82.81838034347992,80.35585215901071,82.6770248413086,3720900.0
2018-11-08,82.46128019617846,83.28708382638698,82.39432590638576,82.95230102539062,2566400.0
2018-11-09,83.24243281414692,83.42098323115785,81.25604310635603,81.47179412841797,3377000.0
2018-11-12,81.65033460759047,82.17110895882753,79.9615329177091,80.14008331298828,1810300.0
2018-11-13,80.40049920469498,82.22321576104642,80.34842175097113,81.38997650146484,3578300.0
2018-11-14,82.17857822813795,83.3763653203137,80.62369022367109,81.46437072753906,2964400.0
2018-11-15,81.0700521532424,82.57286238879607,79.90202466205989,82.1711196899414,3303700.0
2018-11-16,82.09613374142582,83.10883159239219,81.62353721398314,82.58372497558594,2583900.0
2018-11-19,82.59872029838559,83.94898773807542,82.43368697540464,83.48389434814453,2932500.0
2018-11-20,82.73374452432705,83.11632124112361,81.03841006235226,81.39848327636719,3485400.0
2018-11-21,81.76604987366993,82.29865373193829,81.38347317544334,81.59351348876953,1660600.0
2018-11-23,81.63852082111069,82.50119124227376,81.2034340733006,81.53350067138672,835900.0
2018-11-26,82.44868782124242,83.20633243065656,81.79605764685826,82.99629211425781,3400000.0
2018-11-27,82.59870336502152,83.68641444615999,82.23863021386539,83.64891052246094,1933800.0
2018-11-28,83.74643061831237,85.23172455115021,83.21382680792246,85.17921447753906,2322000.0
2018-11-29,84.84915432123644,85.4642748258255,84.28654389424027,84.96167755126953,1998400.0
2018-11-30,85.32176627558432,86.59702032837824,84.90918862690415,86.4844970703125,3564200.0
2018-12-03,87.48217820305753,87.98477550910256,85.35175694330745,86.46947479248047,3529800.0
2018-12-04,85.21675528431166,85.35178206391818,79.40311213004819,80.09324645996094,6865900.0
2018-12-06,79.62063270420914,81.09092070216256,79.05051916274324,81.04591369628906,4269600.0
2018-12-07,81.03840679082171,82.02109786041235,78.3678844027113,79.00550842285156,3172100.0
2018-12-10,78.51041617479707,79.13303406047366,75.68235775653784,78.31537628173828,3993400.0
2018-12-11,79.35059365114448,79.81568711469491,76.72507766528722,77.70027160644531,2382600.0
2018-12-12,78.51791019029038,78.6904465735817,75.89239485186029,75.92240142822266,4453700.0
2018-12-13,76.01242920091086,76.40250328856061,74.82719506343798,75.59984588623047,3490500.0
2018-12-14,74.91719886035655,75.0447225038783,73.16935460561017,74.009521484375,4532200.0
2018-12-17,73.81447988735488,74.13704338721018,72.28417903151825,72.66675567626953,4649200.0
2018-12-18,73.42442966739955,74.3171069560681,72.53925545564952,72.9743423461914,3404700.0
2018-12-19,70.29628553393628,73.92700055040923,69.95872162109792,70.75387573242188,6326000.0
2018-12-20,70.87392179507697,71.84910988382475,69.5311573963404,70.46884155273438,5200000.0
2018-12-21,70.1762807105984,71.47403230700134,69.88372372767893,70.1387710571289,7889200.0
2018-12-24,69.78621821299863,70.02626517445324,67.43075561523438,67.43075561523438,2728300.0
2018-12-26,68.13588249636504,72.5992567641893,67.46825183895609,72.47173309326172,6259400.0
2018-12-27,71.44404338113443,73.34941864013672,70.57387529270413,73.34941864013672,4335500.0
2018-12-28,73.64945674540826,74.12955052437025,72.11915567877845,72.41171264648438,2972200.0
2018-12-31,72.65926034008253,73.18436110592081,72.34419988057955,73.16185760498047,2656700.0
2019-01-02,72.1041411163974,73.03432191538255,71.84908812704306,72.92179870605469,3297300.0
2019-01-03,72.36671844958313,72.5017452065093,70.65638334396523,70.8514175415039,2705000.0
2019-01-04,72.15668708500623,73.46194208238579,71.8866335375248,73.31941223144531,3347300.0
2019-01-07,73.12437135636853,73.62696874277454,72.1491774432839,73.07186126708984,3795700.0
2019-01-08,73.85952268358561,74.34711970665515,72.41173776945861,73.0793685913086,3034300.0
2019-01-09,73.20684920428876,73.761962152145,72.88429146111724,73.45439910888672,3678200.0
2019-01-10,73.06433579758772,74.36959027616967,72.65175256315467,74.19705963134766,2432200.0
2019-01-11,73.73199918287585,74.23459663923013,72.99685210749081,73.44694519042969,5282800.0
2019-01-14,73.01183368879485,74.75217509113638,72.48672717649332,74.36959838867188,4731000.0
2019-01-15,74.36959835453841,74.36959835453841,72.62925695299566,73.18436431884766,4777100.0
2019-01-16,73.43942699944834,74.22707828615461,72.66677614160645,72.75679016113281,4463400.0
2019-01-17,72.72678526680504,74.75218660067003,72.61426773978775,74.69967651367188,4004300.0
2019-01-18,75.33729483807613,76.41750879970232,75.09724792695586,76.2149658203125,4249100.0
2019-01-22,76.13996465275072,77.26518580525443,75.87741419513401,77.02513885498047,5593900.0
2019-01-23,77.2951944251733,77.36270494897961,74.44463180781982,75.70487976074219,4573100.0
2019-01-24,75.28477274605517,75.49481304438457,74.13704845649168,74.7896728515625,2807000.0
2019-01-25,75.53983679959323,76.31999074012157,75.01473593730019,75.63735961914062,3445500.0
2019-01-28,74.91720864423534,75.47981908719039,74.19706796403321,75.26227569580078,3126200.0
2019-01-29,75.29227681282988,76.01241744080889,74.8496869870862,75.98991394042969,2209000.0
2019-01-30,76.43249514199377,76.55252143701914,75.20225423382756,75.90739440917969,4013000.0
2019-01-31,79.1405348205489,81.01590294425858,77.07762988446824,79.06552124023438,7327400.0
2019-02-01,79.30556381963204,79.89067772671218,78.96049679040962,79.58311462402344,3526100.0
2019-02-04,79.51561205452906,79.9581962046923,79.08052525651904,79.95069885253906,3184700.0
2019-02-05,80.12322687991123,80.79836055745582,79.54561600883771,80.76085662841797,3690400.0
2019-02-06,80.60333091552988,81.64603527996263,80.3932905720715,81.63103485107422,4490600.0
2019-02-07,81.2784742233212,81.72856154403796,80.55833336554021,80.97091674804688,3395700.0
2019-02-08,80.5583080354836,81.10591801433665,80.07071120670166,81.09091186523438,2951000.0
2019-02-11,81.17345493165256,81.78107253514159,80.9334079764199,81.71356201171875,2765300.0
2019-02-12,82.1861250092997,83.10880857910115,82.1861250092997,83.01129150390625,2881600.0
2019-02-13,83.26635924768627,84.06151363971814,82.87628512796412,84.02400970458984,2731500.0
2019-02-14,83.5739057453094,84.14401352013628,82.97378567129574,83.86646270751953,2359400.0
2019-02-15,83.21383787690156,83.97898558318127,82.23114677296157,83.16883087158203,4273400.0
2019-02-19,83.1913262052705,83.82895018508702,82.6437162272541,83.09380340576172,2658700.0
2019-02-20,83.21383512792195,83.38637151456297,82.81625799894802,83.31885528564453,3346700.0
2019-02-21,83.09381397985187,84.22653800638967,83.04880697322444,83.83646392822266,2260100.0
2019-02-22,83.93397931388125,83.93397931388125,80.90338359378417,82.7862548828125,4085000.0
2019-02-25,83.1646302674182,84.17108257860043,82.97544776261215,83.8910903930664,3112700.0
2019-02-26,83.78512178787577,84.67806315518851,83.74728298969022,84.02727508544922,2927600.0
2019-02-27,83.94406188300823,84.14837644941424,83.55812795380585,84.09540557861328,2620800.0
2019-02-28,83.80026691599116,84.06512122443732,83.23271949501044,83.39163208007812,2843600.0
2019-03-01,83.95162991051251,85.03375406546232,83.5051561984408,84.85213470458984,3904100.0
2019-03-04,85.29861220962508,85.43482384964041,83.09652499160909,83.6035385131836,2730700.0
2019-03-05,83.15706580042882,83.88352596495008,82.49114542629907,83.21760559082031,3150900.0
2019-03-06,83.11164636580509,83.2478579788443,81.97655151494206,82.37004852294922,2679500.0
2019-03-07,82.21870586184183,82.50626114917091,80.37985194992683,80.8641586303711,3979700.0
2019-03-08,80.35714739763785,80.76578222357482,79.41123505242935,80.72794342041016,2648600.0
2019-03-11,80.87173695980472,82.42302999157616,80.81119717435436,82.35492706298828,2963400.0
2019-03-12,82.54409787558149,83.11920843575852,82.19600281861405,82.49112701416016,2549600.0
2019-03-13,83.02841863302217,84.54944758821254,82.92247689220213,83.8910903930664,3323800.0
2019-03-14,84.1181087299518,84.1332407895081,83.3008389525114,83.90621948242188,2539600.0
2019-03-15,83.88351213563408,84.18620526429632,82.80138809770568,82.87705993652344,4874400.0
2019-03-18,82.89977182500141,83.89865517015566,82.86193301655047,83.76244354248047,2394600.0
2019-03-19,83.84570476849743,84.01218055549903,83.32355910605854,83.50517272949219,2940800.0
2019-03-20,81.97656763346056,82.48357538092185,80.5917502575062,81.66630554199219,4199100.0
2019-03-21,81.17441948097476,83.2175938171772,80.91713406830003,83.08895111083984,1819900.0
2019-03-22,82.6878671124069,82.93002043037642,81.19711417660771,81.23494720458984,2727900.0
2019-03-25,81.02307477257752,81.3181989884999,80.470659373851,80.8944320678711,2088200.0
2019-03-26,81.49226280274958,82.32466472218006,81.1820007038989,82.037109375,2204400.0
2019-03-27,82.10518906623369,82.58949571037525,81.84790368739188,82.46842193603516,1911300.0
2019-03-28,82.71814886756817,83.55055643007924,82.49869648957811,83.46731567382812,1621000.0
2019-03-29,83.99701310632231,84.77644392581867,83.94404224791161,84.55699157714844,3428600.0
2019-04-01,85.65425455319313,86.85745225729096,85.43480220136465,86.59259796142578,3721700.0
2019-04-02,86.55476355024426,86.68341202052595,85.59371912123741,86.02505493164062,2456400.0
2019-04-03,86.64558462880143,87.04665060334054,86.1764099523904,86.53207397460938,2556500.0
2019-04-04,86.49421378329043,86.69852827797668,85.88125875245191,86.24449157714844,2889400.0
2019-04-05,86.38829454895217,86.95584201595719,86.29748487581047,86.51693725585938,2487300.0
2019-04-08,86.06287805149512,86.31259448424723,85.75261607900539,86.24449157714844,1854500.0
2019-04-09,85.56344896409604,85.71479263368198,85.06401023574972,85.44237518310547,2230000.0
2019-04-10,85.63911732082741,85.71478915254711,84.98832917593468,85.57101440429688,1767700.0
2019-04-11,85.66183422691292,86.0629059790728,85.41968085633262,85.88128662109375,2384800.0
2019-04-12,86.22180603466695,86.9331282096559,85.85857314498188,86.61530303955078,2853700.0
2019-04-15,86.81206653868436,86.95584708619447,85.676971538489,85.99479675292969,1768300.0
2019-04-16,86.03262690620886,86.38072197843854,85.80560561965461,86.22180938720703,2072500.0
2019-04-17,86.58503725348176,86.81205854196538,86.12343153405192,86.63800811767578,2108400.0
2019-04-18,86.66828499361165,86.81206553946681,86.32018989036536,86.38072967529297,1859700.0
2019-04-22,85.94938251629918,86.16126596231005,85.40453607033359,85.97965240478516,2585500.0
2019-04-23,85.7677795188918,86.30506292509864,85.37428244041894,85.96453094482422,2851300.0
2019-04-24,85.96451079309502,87.00880169306438,85.85100015961261,86.59259796142578,3570600.0
2019-04-25,82.93003831632466,83.14949071015722,78.85126405913486,79.55502319335938,10116600.0
2019-04-26,79.38854471645865,79.4717797024694,78.09453137425608,78.66207885742188,5421700.0
2019-04-29,78.70748220103512,79.43394224624477,77.95831540811382,79.33556365966797,4551000.0
2019-04-30,79.21448001713445,80.53118832442907,78.17775805614706,80.37984466552734,5101400.0
2019-05-01,80.25879295323749,80.59175604636064,78.89668223057394,79.16910552978516,2615100.0
2019-05-02,79.16909347474767,80.2360797563617,78.77559064763106,79.84258270263672,2589800.0
2019-05-03,80.31933488016618,80.93228443297306,79.69881640957117,80.70526885986328,3107500.0
2019-05-06,79.11613465346034,80.130150221219,78.70749970464352,79.16910552978516,2704900.0
2019-05-07,78.6091252874084,78.76047478025778,76.50541641064099,77.25457763671875,4221600.0
2019-05-08,77.36806120262014,78.04911924831211,76.99726517850648,77.07293701171875,2497800.0
2019-05-09,76.49027711912647,76.49027711912647,75.49895679817718,76.24055480957031,3998700.0
2019-05-10,75.83190169900797,76.4297190058208,74.48492341650932,76.14972686767578,3071200.0
2019-05-13,74.62870460444535,75.27949277846812,74.06115718105741,75.18111419677734,3766300.0
2019-05-14,75.40813040974224,76.37674369017921,75.34002172134778,75.49137115478516,2889100.0
2019-05-15,75.22652338265222,77.1940200007303,74.81788853704205,76.8383560180664,3818300.0
2019-05-16,76.88378196477166,77.86753346758633,76.41461296747872,76.6643295288086,3337900.0
2019-05-17,76.04550045662198,76.89350679723849,75.63295635886615,75.93854522705078,2587000.0
2019-05-20,75.32737718697496,75.5107282000379,74.77731831916248,75.2662582397461,2088500.0
2019-05-21,75.9003325099506,76.20592133013166,75.28151937483487,75.94617462158203,1762100.0
2019-05-22,75.41903517486719,75.49543092389388,74.4411555986326,74.48699188232422,2580700.0
2019-05-23,74.04390133836719,74.10502027973547,72.69167827517647,73.4709243774414,3111900.0
2019-05-24,73.65429013069168,73.96751454308614,72.83683730519255,73.2264633178711,2401700.0
2019-05-28,73.2493905387901,73.30286816843815,71.86660766601562,71.86660766601562,3357400.0
2019-05-29,71.78253879820068,72.66874578726802,71.07968859705052,72.40135192871094,3388100.0
2019-05-30,72.88267446413464,73.44036880500953,72.5923623915369,73.15006256103516,2518800.0
2019-05-31,72.10343176316908,72.57709490188608,70.78176793056424,70.988037109375,4192400.0
2019-06-03,70.92690868985336,72.63056283369507,70.91927319328168,71.91242980957031,4971400.0
2019-06-04,72.94377706013653,74.62450685992141,72.34024073175887,74.6092300415039,5096000.0
2019-06-05,75.12107443698005,75.36554428796208,74.5480976773077,75.0293960571289,2766900.0
2019-06-06,75.03705456161786,75.21276421079114,74.43351820379446,74.86898040771484,2643200.0
2019-06-07,75.39611810658843,75.58711039618574,74.90717831150913,75.04469299316406,2803200.0
2019-06-10,75.74756337627804,76.72544322664841,75.57184785849726,76.46569061279297,3327200.0
2019-06-11,77.15326588936897,77.42065400607301,76.2899825901177,76.40457916259766,3229200.0
2019-06-12,76.0760676572725,76.72544042526586,75.91563479661228,76.70252227783203,2261700.0
2019-06-13,77.16087859936816,78.14639943140854,77.13031913613183,77.94012451171875,2943100.0
2019-06-14,77.81028459345734,77.8408440698227,76.8935236169932,77.63457489013672,1829500.0
2019-06-17,77.65747638467653,77.87138684473146,77.13797705513332,77.46648406982422,2317800.0
2019-06-18,77.84083320357583,79.13957871037138,77.64984087442217,78.03946685791016,2524200.0
2019-06-19,78.1234888859069,78.32211667332015,77.13796795805915,77.58870697021484,2056500.0
2019-06-20,78.49783414478658,79.21596704737736,78.23808741834792,78.99441528320312,2622900.0
2019-06-21,79.00207474329699,79.17778443301957,78.03183038681188,78.05474853515625,5283100.0
2019-06-24,77.65746701247858,77.91721373159085,76.13717000174768,76.1830062866211,3704600.0
2019-06-25,76.18303731229584,76.18303731229584,74.09739807184239,74.20435333251953,5339400.0
2019-06-26,74.57104025117404,76.68723254575553,74.21197376487143,76.37400817871094,4624000.0
2019-06-27,76.65667242605285,77.99361862539146,76.5267990512723,77.69567108154297,2613600.0
2019-06-28,78.10818583079318,79.04787022812545,78.10818583079318,78.89507293701172,3130400.0
2019-07-01,79.89589193302614,80.30843595707775,78.21515637259864,78.66590118408203,2627600.0
2019-07-02,78.78814118755948,78.78814118755948,77.40535880616174,77.92485809326172,2020200.0
2019-07-03,78.09291971131442,78.8492474628941,77.81789037826336,78.84160614013672,1193300.0
2019-07-05,78.52838294000351,78.52838294000351,77.35186984976752,78.24571228027344,1572000.0
2019-07-08,77.70330618203677,78.4443572343197,77.70330618203677,77.86373901367188,1675300.0
2019-07-09,77.6421958212177,77.74151555792766,77.28313515569286,77.71859741210938,1952300.0
2019-07-10,78.2533882578188,78.2686650816894,77.35954543147265,77.63457489013672,1992400.0
2019-07-11,77.64984601992839,78.98679241259744,77.51233130068033,78.94095611572266,1820000.0
2019-07-12,79.22360263694284,81.14116693501943,79.22360263694284,80.91197967529297,3541300.0
2019-07-15,80.76683488244032,81.17173767662402,79.8729922052473,80.8203125,2288200.0
2019-07-16,81.17173251549538,82.1496122193377,80.64459186976487,80.68279266357422,2958400.0
2019-07-17,80.27788948581247,80.27788948581247,77.99361725170921,78.10057830810547,3672300.0
2019-07-18,77.8561090933103,78.65827330892583,77.78734882990163,78.53604125976562,2359000.0
2019-07-19,78.84926342251507,80.08689567174994,78.81106845824019,78.9256591796875,3011800.0
2019-07-22,79.38403058762948,79.80421008809334,79.17775567021607,79.4604263305664,2495400.0
2019-07-23,79.81952684896467,80.45361703211263,79.46046029221127,80.42305755615234,3362300.0
2019-07-24,84.09010231448192,87.89467206983825,83.73867712882624,87.39044952392578,12086000.0
2019-07-25,88.08565615991476,90.36992256733762,87.7647846476987,90.33936309814452,8941300.0
2019-07-26,89.75111172972524,92.66947408604918,89.72055225972014,92.11941528320312,8526500.0
2019-07-29,91.20264249976331,91.52351399880098,90.22476284023766,90.72134399414062,4171100.0
2019-07-30,89.90390596360295,92.11941806252206,89.50664449879672,91.53115844726562,3265900.0
2019-07-31,91.40892278048172,92.59307163184852,90.293528364517,91.27140808105467,4859500.0
2019-08-01,90.81302678139706,92.26456369246932,89.05589517619414,89.36912536621094,5106700.0
2019-08-02,89.11700611662879,90.21711777364828,88.84961806904148,89.53718566894531,3669300.0
2019-08-05,88.22315608003728,88.40650703586269,86.80980855254363,87.74185180664062,4332900.0
2019-08-06,88.32249760294495,88.56696756341414,86.77927624172654,87.85647583007812,4875200.0
2019-08-07,86.81745665877517,88.28427607722477,85.73262182816904,88.16968536376953,3529400.0
2019-08-08,89.03299286546502,89.99559592299195,88.81144104428527,89.80460357666016,2349100.0
2019-08-09,89.57539726899972,89.72055329604488,88.19261474987857,88.429443359375,2113800.0
2019-08-12,87.95579670641246,88.57461589641917,87.44393859690769,87.77244567871094,1724000.0
2019-08-13,87.39809367880099,90.09490451694812,87.2834971120539,88.49057006835938,2804800.0
2019-08-14,87.67310562278834,88.12384464584568,87.0160916549992,87.123046875,3775700.0
2019-08-15,87.62728528620408,87.72660503561917,86.10698785667445,87.01611328125,3698000.0
2019-08-16,87.75573932714418,88.9345468095683,87.75573932714418,88.83438873291016,2723300.0
2019-08-19,89.89762469685063,90.52940413312108,89.574031641773,89.98237609863281,2382600.0
2019-08-20,89.56632324001495,89.74353231539907,88.5724252702942,88.63406372070312,2599100.0
2019-08-21,89.62026620599474,89.83599493023627,88.84209684083761,89.31978607177734,1906900.0
2019-08-22,89.63566568215207,90.0979482005886,87.91753642481756,88.77275085449219,3005000.0
2019-08-23,88.0870282415745,88.33357614417079,85.14386008263385,85.73711395263672,4375800.0
2019-08-26,87.09315730930952,88.41064862261943,86.70792572489724,88.11016845703125,3215800.0
2019-08-27,88.34901133232772,88.60326559217853,87.4167515910423,87.9329605102539,2883900.0
2019-08-28,87.73262197266021,89.98237247180674,87.32427165409305,89.62796020507812,2609900.0
2019-08-29,90.76825134926528,92.0780420800654,90.40613277003328,91.19971466064452,2708100.0
2019-08-30,92.13966641922627,92.33998844309252,91.33068380428482,91.4231414794922,2209700.0
2019-09-03,90.65266878279388,91.2073971401554,89.52008736495378,90.3984146118164,1981800.0
2019-09-04,91.3538155700768,92.4093522029846,91.25365747659676,92.04723358154295,2732900.0
2019-09-05,92.54802369700344,94.41254286754292,92.4555660148486,93.38011932373048,2854900.0
2019-09-06,93.62666707747496,93.9117405215908,92.2706563442479,92.51720428466795,2116500.0
2019-09-09,93.22601920705972,94.14287202077035,92.67128492912272,93.73452758789062,2882300.0
2019-09-10,93.38010556103282,94.35859678224968,93.04880626318104,94.3046646118164,3070200.0
2019-09-11,94.32778938312792,94.68990794921292,93.3878235421838,94.65138244628906,2437000.0
2019-09-12,94.62827003369,95.25234321307194,93.857806996165,94.42794799804688,2224400.0
2019-09-13,94.91334702818472,95.1136631931631,94.25074832084584,94.51270294189452,3107300.0
2019-09-16,94.04270829629549,94.7361261453645,93.53420579242216,94.4356460571289,2294400.0
2019-09-17,93.78075016338546,94.39711698957755,93.27224180056535,94.29695892333984,2007500.0
2019-09-18,91.7775785214942,93.4571885330117,91.46939206578897,93.25686645507812,4116500.0
2019-09-19,92.92554563089426,93.04111625992358,91.6080545675594,91.77755737304688,3733700.0
2019-09-20,92.32458921042864,93.16439111812204,91.8931259028538,92.99488830566406,5308400.0
2019-09-23,92.30147245000072,93.14127432303528,91.615760830205,91.72362518310548,2999900.0
2019-09-24,91.8545933970468,92.43244060676336,90.47546401781013,90.90692138671876,3160500.0
2019-09-25,91.09184573976,92.37851757662014,90.87611115579269,91.72362518310548,3203000.0
2019-09-26,91.6851172633783,91.6851172633783,90.65269943672284,91.26136016845705,1999400.0
2019-09-27,91.68511669606607,92.07034827882264,91.16890778593245,91.64659118652344,2456000.0
2019-09-30,91.92394908137469,92.45557049272122,91.67740112852076,92.31688690185548,2639000.0
2019-10-01,92.64819916376406,92.99490525011606,88.48769673670162,89.22734069824219,4295800.0
2019-10-02,88.51849372729546,89.35830145515199,88.09473672541837,88.78815460205078,3903400.0
2019-10-03,88.91145267286105,89.73584804520429,87.84050931658805,89.29668426513672,2936300.0
2019-10-04,89.48157410329704,90.60644939996102,89.3197775755063,90.52169799804688,2321800.0
2019-10-07,89.91303290865669,90.16728711835214,88.93454745066171,89.04241180419922,2775800.0
2019-10-08,88.14867722671434,88.14867722671434,86.63086413186603,86.86199951171875,3373900.0
2019-10-09,87.83277889671692,88.21801038310603,87.17788654548863,87.72491455078125,2553200.0
2019-10-10,87.86359729518347,88.93454034702619,87.69409450225885,88.8189697265625,2209500.0
2019-10-11,90.0517360858016,90.89925030255662,89.28897916888975,89.3891372680664,3083300.0
2019-10-14,89.32747648300487,89.889911145859,88.99617717871439,89.27354431152344,1960300.0
2019-10-15,89.44305951177104,91.03792379061044,89.24274333569007,89.74354553222656,2616300.0
2019-10-16,89.48927225678653,90.56021528031548,89.48927225678653,90.5293960571289,2260600.0
2019-10-17,90.76824843633578,91.62346287698428,90.6603840814942,91.21511840820312,2197500.0
2019-10-18,91.25363366074764,91.40772389945047,90.1672780799455,90.41382598876952,2720600.0
2019-10-21,90.683482487436,91.87770235357044,90.6064373717873,91.31526184082033,3251100.0
2019-10-22,89.24274506001194,89.80517984873522,86.12236705667334,89.45076751708984,8275700.0
2019-10-23,88.91143442114851,89.42764323807052,88.3412934275058,88.71881866455078,3644200.0
2019-10-24,88.44915875144247,88.9884805245672,87.38591600133019,87.84049224853516,2969600.0
2019-10-25,87.83278453382238,89.35059762811522,87.73262645707283,89.1579818725586,2704400.0
2019-10-28,89.43536026597684,90.35991365752754,89.3583151297088,89.56633758544922,1730400.0
2019-10-29,89.86680080683333,90.63726378074524,89.60484621722296,90.0748291015625,2867300.0
2019-10-30,90.04401926726472,90.14417734817827,88.66488969476302,90.05171966552734,2417300.0
2019-10-31,89.40453502612938,90.05172118107807,88.22572747378233,88.7342300415039,2954200.0
2019-11-01,89.72812641459225,92.13197325522404,89.45846552177298,92.07804107666016,4171900.0
2019-11-04,92.45556057415072,94.8439947133497,92.45556057415072,94.78235626220705,4230700.0
2019-11-05,95.0135138656462,95.36792620345744,93.44176836002627,93.52651977539062,3117800.0
2019-11-06,93.518805947808,93.95796966552734,93.02571004995352,93.95796966552734,2820200.0
2019-11-07,94.26615046107236,96.04592405594346,94.01189625063842,95.14447784423828,3156200.0
2019-11-08,95.16759618234636,96.54672578827726,95.1598957838971,95.76856231689452,2310700.0
2019-11-11,95.08286049632324,95.35252142413503,94.56664571660652,94.87483215332033,1318700.0
2019-11-12,94.76695955577462,95.29087468925844,94.47418569930336,94.77466583251952,1555800.0
2019-11-13,94.47417576282618,95.12136186532544,94.01959953335684,94.78235626220705,1613600.0
2019-11-14,94.56663647818736,95.714630695842,94.56663647818736,95.59906005859376,1580400.0
2019-11-15,95.9251768229893,96.29787938650917,95.54470789489596,96.0727081298828,1891000.0
2019-11-18,95.91740503681952,96.08822950377736,95.1642276637782,95.32728576660156,1772700.0
2019-11-19,95.86304119718012,95.92516025503784,93.3550449571677,93.5957489013672,3642600.0
2019-11-20,93.3317565343571,93.42493513179308,92.26799568596324,92.4077606201172,2904600.0
2019-11-21,92.23692895199233,92.95128037122764,92.16704352837168,92.80374908447266,1994700.0
2019-11-22,93.14540103729487,94.03834330254168,92.4465763982322,92.6484603881836,2597800.0
2019-11-25,93.05221930668576,93.48704680299711,92.59410456785729,93.4094009399414,2460400.0
2019-11-26,93.46376452080683,94.48093907049102,93.1065887699559,94.10823059082033,2872800.0
2019-11-27,94.29458185605448,94.4964599259993,92.98234478141345,93.07552337646484,1862700.0
2019-11-29,93.19200630096292,93.3705971598874,92.88142277518284,92.96683502197266,1372000.0
2019-12-02,93.24635356239598,93.68894750117592,91.74000459356866,91.79435729980467,2438300.0
2019-12-03,90.71504822805936,91.15763616776282,89.85316551537373,90.79269409179688,2037000.0
2019-12-04,91.01786920843232,91.80210603984628,90.36563093482089,90.43551635742188,2202200.0
2019-12-05,90.13269543647648,90.38116575503604,88.71175302533912,89.30187225341797,4889400.0
2019-12-06,90.07058407160531,91.5070534086369,90.07058407160531,91.25858306884766,2762700.0
2019-12-09,90.8470551789795,91.90305561053552,90.5054062381819,91.73223114013672,1974100.0
2019-12-10,91.72446800835948,92.68729579835696,91.48376402286031,92.0428237915039,2438800.0
2019-12-11,92.042813854604,92.042813854604,90.66069731133692,90.68399047851562,3354200.0
2019-12-12,89.43387728595317,91.27411460357423,89.12328788427872,90.8082275390625,4320600.0
2019-12-13,91.64681400770247,92.88916564785268,91.46822910655584,92.1049346923828,2968100.0
2019-12-16,92.49317169189452,93.12211092568896,92.19810909905269,92.49317169189452,2978200.0
2019-12-17,93.1997654597502,94.2014132477426,92.82706288803246,93.40164947509766,2804800.0
2019-12-18,92.04280692063156,92.20586500259832,90.88586762058192,91.58468627929688,4957500.0
2019-12-19,91.90304263070144,92.8348047980072,91.83315720995384,92.05833435058594,3201000.0
2019-12-20,93.09106403260986,93.09106403260986,91.1033011010592,91.15765380859376,6945000.0
2019-12-23,91.80210785179092,92.7261036986452,91.28186812571371,92.35340118408205,2047500.0
2019-12-24,91.18093606893666,91.90305391062915,91.11105063961152,91.8797607421875,872000.0
2019-12-26,92.46985786875852,92.57856917575025,92.08938902828422,92.43103790283205,1274600.0
2019-12-27,92.74939686530544,92.78045639551895,92.06610497260652,92.35340118408205,1419500.0
2019-12-30,92.57081859561728,92.57081859561728,90.26470014724129,90.4122314453125,2430700.0
2019-12-31,90.1016488374094,90.9169394103174,89.73670670877418,90.89364624023438,2875100.0
2020-01-02,91.37504875014916,91.6002259062095,89.47269839322534,90.68399047851562,4158100.0
2020-01-03,89.27081528242108,90.73834406911132,89.16987032498747,90.629638671875,2477800.0
2020-01-06,89.64350777966202,90.2491596845041,88.8049242268022,90.22586059570312,3381600.0
2020-01-07,89.96188937125683,90.41224376695504,89.3484768510474,90.07059478759766,1952300.0
2020-01-08,89.58915880271636,91.28186462850522,89.5425724711807,90.58304595947266,2016000.0
2020-01-09,90.8703399555344,91.49151871343383,90.36563295524104,90.79269409179688,2151500.0
2020-01-10,90.90139719917636,90.90139719917636,89.75998466654852,89.96963500976562,2545000.0
2020-01-13,90.16374934096751,91.01786563747284,89.99292489686658,90.65292358398438,1826200.0
2020-01-14,90.65293956799812,91.7632927264334,90.60635322921075,91.05670166015624,2598600.0
2020-01-15,91.24307470287854,92.16707081856704,91.05671746737715,91.5691909790039,3168400.0
2020-01-16,92.0195297252562,92.4854108865866,91.70117394521353,92.09717559814452,2426800.0
2020-01-17,92.19811428093152,92.58634956785949,91.75552629079364,92.08940887451172,3403400.0
2020-01-21,91.78658508403086,92.04282179309592,90.6529387662283,91.1498794555664,2960700.0
2020-01-22,91.4604633647472,92.58634325041598,91.0411685725947,91.04893493652344,2425300.0
2020-01-23,90.8703399555344,90.94022537969792,89.72116695461999,90.79269409179688,2493700.0
2020-01-24,90.87810259919752,90.93245529398894,90.01621992179132,90.58304595947266,2015400.0
2020-01-27,89.2552877976823,89.64352307461698,88.01293609629137,89.23199462890625,2903800.0
2020-01-28,89.64351877874127,90.35010979242138,88.85928782219509,89.58140563964844,2039600.0
2020-01-29,89.88423156738281,90.8392870162494,89.55034899748635,89.88423156738281,2845400.0
2020-01-30,87.16659213316679,87.79553143011356,83.34635223867372,83.85882568359375,9473000.0
2020-01-31,83.73459446159033,83.78118673025146,80.04635876797687,80.38024139404297,7234300.0
2020-02-03,80.87716776855389,81.12563808435898,78.93599157507668,79.22328186035156,5627100.0
2020-02-04,80.24046298940388,80.64423098879789,79.68140917516621,80.27152252197266,4858700.0
2020-02-05,81.24211064339399,82.76399219420782,81.01693347542663,82.3369369506836,4439900.0
2020-02-06,82.77174564423089,83.69574734034727,81.91762936644223,82.70186614990234,3861800.0
2020-02-07,82.34469209806889,82.59316240060076,79.97645489893752,80.06963348388672,5754400.0
2020-02-10,80.28705946805974,80.55882298731323,78.91270321869136,80.03082275390625,4669400.0
2020-02-11,80.30257344753755,81.87880753145816,80.14728172533827,81.42845916748047,2806300.0
2020-02-12,82.12728485455118,82.9037553798524,81.90987405530683,81.94869995117188,2493300.0
2020-02-13,81.52164925051095,82.40682528898753,81.04024125442764,81.71576690673828,2768300.0
2020-02-14,81.52164068605545,82.45340889245792,81.28093671330154,82.26705169677734,2694600.0
2020-02-18,82.26705404117762,83.02023143751653,82.07293639981194,82.63199615478516,3371600.0
2020-02-19,83.06683584976703,83.06683584976703,82.2670660741996,82.89601135253906,2663200.0
2020-02-20,82.67858123779297,83.55599076793754,82.26704689767229,82.67858123779297,3171200.0
2020-02-21,82.01081949172818,82.09623172392787,79.78234693851837,79.92987823486328,6034600.0
2020-02-24,78.22825311689016,78.52623347662903,76.55014154573364,77.23236083984375,7300400.0
2020-02-25,77.68717006055645,77.80479592192917,73.09980932861951,73.63304138183594,7609100.0
2020-02-26,74.55833825231865,74.80142725511541,73.0684249822483,73.49971771240234,7411700.0
2020-02-27,71.758892720991,73.037078660375,70.48854411880617,70.76300048828125,9143800.0
2020-02-28,69.50048398596451,71.63341196903505,68.747686930063,70.95903015136719,11498000.0
2020-03-02,72.18232669820004,73.0370629193083,70.11213341075927,72.73123931884766,8738800.0
2020-03-03,74.38582301673236,75.27976980454545,71.02175758566791,71.59420013427734,9263400.0
2020-03-04,72.37053431054949,75.18568167828938,71.69615243752828,75.13863372802734,6644800.0
2020-03-05,72.75477503975205,73.90749771196103,72.09607978860396,72.91944885253906,5277200.0
2020-03-06,70.78650569404164,74.08784252029047,70.68456649318328,73.71144104003906,5598400.0
2020-03-09,69.35149786475,72.1431210699495,68.30071451207537,68.36344909667969,8648300.0
2020-03-10,70.95122090170631,72.88810258186493,68.37131845847206,72.78616333007812,8914200.0
2020-03-11,70.43366463179039,71.49228565275163,68.46540979668687,68.99864196777344,5557200.0
2020-03-12,64.47399481298825,72.4881555513662,64.30147769608395,67.57144165039062,9412800.0
2020-03-13,71.35895413416739,74.18194452974848,68.62222229362813,73.89180755615234,10918900.0
2020-03-16,67.32836834198592,73.87614109908121,67.04606862704546,68.26936340332031,9006300.0
2020-03-17,69.82983161492932,76.22860903677604,68.84178294573067,75.89926147460938,10476100.0
2020-03-18,71.35896623320444,79.86714947216188,70.81789083851062,77.83616638183594,11152100.0
2020-03-19,77.37349101323152,81.39625775149068,74.85632429666116,75.47581481933594,7690300.0
2020-03-20,75.3973982554269,76.63637927892975,71.28837901962501,73.28799438476562,7355300.0
2020-03-23,73.85259865413732,75.38171674214617,70.77083252217402,72.06470489501953,7117800.0
2020-03-24,73.65656096903881,75.82085634816632,72.26859263909694,74.69950103759766,6067100.0
2020-03-25,74.98964988447914,76.68344809657712,71.3981809780721,74.10354614257812,5682000.0
2020-03-26,74.10353970878927,78.43996811229384,73.34289924343531,78.24392700195312,6373900.0
2020-03-27,74.9661085029229,78.06356118577327,74.49561110302257,76.4717025756836,4671100.0
2020-03-30,76.95004173006447,77.48327370116706,75.20920198408433,76.7226333618164,3994200.0
2020-03-31,75.99336775080367,76.30702869523617,73.05275152650634,73.25662994384766,5391300.0
2020-04-01,71.28837637407108,72.8331749543647,69.85335432982667,70.88060760498047,5762800.0
2020-04-02,70.38659804271458,73.36641916562517,69.28092336979043,72.95865631103516,4039900.0
2020-04-03,72.27642614509159,73.2409509205253,69.64947678943281,70.57479095458984,4471900.0
2020-04-06,73.0919672328779,75.65618831947484,72.4724766031297,75.02885437011719,5642700.0
2020-04-07,75.4758262918894,76.41682121361745,72.68420283908969,72.85671997070312,5113900.0
2020-04-08,76.06392805463261,78.02433857150459,73.523237699922,77.46758270263672,6628400.0
2020-04-09,77.30292448572547,78.43996042113349,75.37388086704259,77.3891830444336,5588500.0
2020-04-13,77.30292125216556,78.61247425021159,76.99709764142905,77.17745208740234,3355100.0
2020-04-14,78.85558849570292,79.85148086571427,78.0714239132629,79.51428985595703,4093100.0
2020-04-15,78.36939299836479,78.40076029266814,76.80106417939538,78.35370635986328,3721200.0
2020-04-16,78.5575839932208,80.36900170813958,78.10276723917308,80.15727996826172,4303400.0
2020-04-17,80.11022953042611,81.35704792328994,78.28312523519267,80.57288360595703,5850100.0
2020-04-20,79.78089430980707,80.7689432519285,79.23982487470514,79.3574447631836,4359500.0
2020-04-21,78.69873400370774,80.07102160503209,78.61247544729429,78.90261840820312,3793800.0
2020-04-22,79.59268092435653,79.80440266487112,76.36192167296562,76.54228210449219,5099500.0
2020-04-23,77.13040926227792,78.60463614991812,76.8951575540792,77.98514556884766,4061800.0
2020-04-24,78.5654528792309,78.76933136688365,77.3107847380084,78.55760955810547,2792400.0
2020-04-27,79.20061170556653,81.15317956651802,78.25961673184777,80.41606903076172,4362300.0
2020-04-28,77.828317261602,77.8832085306901,75.4209327755385,75.61697387695312,10400900.0
2020-04-29,75.3581921428424,76.18156709582166,73.79770677590274,75.36603546142578,9974000.0
2020-04-30,74.96611436339445,75.0758968991968,72.78613832003414,74.22900390625,6262500.0
2020-05-01,73.10764491540463,73.48404045274565,71.55499687145019,72.06470489501953,5415600.0
2020-05-04,71.8373012353466,71.98629438596132,70.26112911459495,70.91983032226562,4784400.0
2020-05-05,71.7745531897857,73.59381401921021,71.67261399056784,72.69986724853516,5001000.0
2020-05-06,73.03707983018194,74.04865273619217,72.6920455414869,72.87240600585938,3630300.0
2020-05-07,73.70361106211104,73.92317613920652,72.49599715538623,72.79398345947266,3309800.0
2020-05-08,73.3507470373024,74.47994581620848,73.17038657239924,74.36231994628906,3418000.0
2020-05-11,73.87613779226186,74.38584592046122,73.00571470727382,73.6408920288086,3118400.0
2020-05-12,74.30742649685949,74.6210934798989,72.79398883769198,72.8096694946289,3504600.0
2020-05-13,72.58224624131054,73.10764087312677,70.87276781510126,71.15506744384766,3690800.0
2020-05-14,70.5747923613196,71.9862906016257,69.67300215127399,71.90003204345703,4031700.0
2020-05-15,71.23350651238354,72.05688170217552,71.07667599180454,71.38249969482422,3990600.0
2020-05-18,73.18606724759371,76.10315986688175,72.97433950245518,75.35820007324219,5509500.0
2020-05-19,75.2248916741239,76.43250557676187,74.81712881556933,75.61697387695312,3674300.0
2020-05-20,76.45603339630449,77.20883054566718,75.64834497509347,76.2051010131836,3291700.0
2020-05-21,75.85223412332444,76.84027707804196,75.75028891019463,76.30704498291016,5452100.0
2020-05-22,76.69531377673495,77.31337608232222,75.83160682872304,76.63984680175781,2406600.0
2020-05-26,77.77295658911714,78.39894442358977,76.687381831293,76.91717529296875,5563700.0
2020-05-27,77.47976862992155,79.03284980680486,76.79831384219928,78.9377670288086,4436400.0
2020-05-28,79.23887379977813,80.11050020248643,77.91558605822895,79.01700592041016,5460800.0
2020-05-29,78.7079734405998,79.56375471380497,77.9314298307404,79.00907897949219,5962400.0
2020-06-01,78.82683158911145,78.98530691305025,77.93935405689432,78.66835021972656,2510300.0
2020-06-02,79.0407792540191,80.17389542900236,78.43064256538806,80.16596984863281,2860500.0
2020-06-03,81.29907772095248,82.58274956462944,80.88703826551375,82.13108825683594,3633800.0
2020-06-04,81.85376458953992,82.26580410117074,81.05345021730783,81.77452087402344,2768400.0
2020-06-05,83.18498236323221,84.92030979690895,82.93933771405423,84.50827026367188,5026800.0
2020-06-08,84.52411181932145,87.55103679258067,84.52411181932145,87.51934051513672,4561100.0
2020-06-09,86.43378448573237,86.52886728665118,84.4131903299405,85.44329833984375,4567900.0
2020-06-10,85.49082025263417,85.64929558167276,83.69210048171634,84.4924087524414,3793300.0
2020-06-11,81.98847168260754,82.1786433055457,79.59545407506087,79.6113052368164,5306100.0
2020-06-12,81.54473736197966,81.59227875721614,79.20718668721864,80.41162109375,3334400.0
2020-06-15,79.17548217572168,84.13583742631992,78.91399243821739,83.70794677734375,6440200.0
2020-06-16,85.45120232911127,86.22774598619888,82.23410584713379,83.85850524902344,4283300.0
2020-06-17,84.39733618944788,86.00588455114404,84.12792084293415,84.77767944335938,4413500.0
2020-06-18,84.42110080072631,85.9900271895304,84.1675366345839,85.24518585205078,3204500.0
2020-06-19,85.82361969604091,86.40206611737342,84.28638970147541,85.3957290649414,9027100.0
2020-06-22,84.85691726010559,85.2214214434334,83.58117680024637,84.70636749267578,4385700.0
2020-06-23,85.74438399743754,87.85214092718715,85.58590866915473,87.6461181640625,5565900.0
2020-06-24,87.09935756289872,88.36717817351567,85.95039645696833,86.76655578613281,5471300.0
2020-06-25,86.58432777121658,87.67782826330156,85.86325705475575,87.57481384277344,2987000.0
2020-06-26,87.66988426430746,87.87590701663522,84.91237500584141,85.03915405273438,5489000.0
2020-06-29,86.34659723509823,87.27369055920593,85.4511941388618,86.75071716308594,3395200.0
2020-06-30,86.77449060598227,88.7633819447255,86.06926512730584,88.0977783203125,3954900.0
2020-07-01,93.39093447170204,95.01533375629434,90.53041072574732,90.66511535644533,8982100.0
2020-07-02,91.60807794760798,91.82202028298587,90.53042859838096,90.61759185791016,3442900.0
2020-07-06,91.65561938974663,91.75070823076469,90.81568911981935,91.40998077392578,3445900.0
2020-07-07,90.4590935259578,91.48126959090897,90.22930008605964,90.68888092041016,2194700.0
2020-07-08,90.74437350787298,91.33866517854972,90.3164888249795,90.70475769042967,3051600.0
2020-07-09,90.72850277211342,91.15639337963628,90.10251499696588,90.68888092041016,2366200.0
2020-07-10,90.88697454943085,91.64767296348488,90.32437934073432,91.18016052246094,2281800.0
2020-07-13,91.61598676493033,91.72692070304171,90.11044697498755,90.14214324951172,2301700.0
2020-07-14,89.99158648500723,91.6397564697859,89.57954701153565,91.38619232177734,2538000.0
2020-07-15,92.48760159275234,94.85684189685924,92.00424404621796,94.4606475830078,4841800.0
2020-07-16,94.13578158396716,94.96778610589206,93.6365728253661,94.88062286376952,2528200.0
2020-07-17,95.08665202869813,95.62547663201192,93.86637260220957,93.93769073486328,2782400.0
2020-07-20,93.8346722917464,94.07239132977628,92.75702313145128,93.77920532226562,2365900.0
2020-07-21,94.2942543494246,95.32436206721854,94.1516241430446,94.3259506225586,2054400.0
2020-07-22,94.09615838910786,94.4923527402199,93.4226292013066,94.0723876953125,3508200.0
2020-07-23,94.0644619156344,94.61121205354964,93.46224481049924,93.61280059814452,2349200.0
2020-07-24,93.6286555739299,94.67460845945796,93.1532174978702,93.77920532226562,2539000.0
2020-07-27,93.5969450267679,96.4970842030863,93.13735818089626,95.88694763183594,4446000.0
2020-07-28,95.26096972687228,95.67300918761296,94.47650661280954,94.78553771972656,2497600.0
2020-07-29,95.5462433196154,98.49393063413844,95.42738379007234,98.00264739990234,6769600.0
2020-07-30,109.08025887322071,115.29258494725816,107.09135499609516,112.09133911132812,30970900.0
2020-07-31,112.3765789120533,114.2069949995134,110.69670653152482,113.12141418457033,7429900.0
2020-08-03,113.68402304819352,113.70779374511962,111.36231755763126,112.66183471679688,4317200.0
2020-08-04,112.22601373848104,115.6412070488518,111.99621424808626,114.67449188232422,4841700.0
2020-08-05,115.1737414979336,115.68878949150306,113.53349052822529,114.95979309082033,3939300.0
2020-08-06,114.8726272406468,115.4193775516034,114.452662063717,115.2688217163086,2420900.0
2020-08-07,115.43515930153404,124.32575988769533,115.3638472331426,124.32575988769533,10074200.0
2020-08-10,124.77746836820984,128.92165850855437,124.40504465579043,126.45732879638672,7396400.0
2020-08-11,127.30513824437875,127.780564085859,122.72513372005253,123.4937515258789,6071900.0
2020-08-12,124.60315930393074,126.9803260951027,123.92962387674046,125.03104400634766,4247200.0
2020-08-13,124.2227784380901,126.56032265769504,123.9929789468662,126.21958923339844,2848200.0
2020-08-14,125.7758970098024,128.7077337616757,125.49856812663238,127.3686065673828,3479000.0
2020-08-17,127.66176097662311,128.47792047926524,126.58411171717916,127.01992797851562,2408900.0
2020-08-18,127.0912197392424,127.8519181910632,126.02942181121256,126.7742691040039,2606600.0
2020-08-19,127.21798925863796,128.2797870567073,126.67123920251396,127.05158233642578,2691600.0
2020-08-20,126.1166203625936,126.98824089900188,124.65069605964572,126.42565155029295,2296700.0
2020-08-21,126.60105676888516,127.78127194513748,125.61224296511416,126.81636810302734,4420700.0
2020-08-24,127.36660658908644,128.43516898011157,126.8482775365814,127.8689956665039,4084000.0
2020-08-25,128.83390817460125,129.50375227399567,126.03490893703903,126.8243637084961,2931500.0
2020-08-26,126.80041078826493,127.56595540736508,125.88336341064272,126.7126922607422,2761700.0
2020-08-27,127.38255086089576,128.36339465665134,126.56916196865208,127.7573471069336,2913400.0
2020-08-28,128.00455156369347,129.67119146452077,127.06356986368122,129.47183227539062,2979800.0
2020-08-31,128.96943809442823,131.75249664442111,128.59464186034006,130.47659301757812,3960900.0
2020-09-01,130.0858576148054,130.89126433138327,128.82590612167965,129.7030792236328,3097000.0
2020-09-02,130.1815521165242,132.53398814385147,129.34424107820922,132.19906616210938,3778000.0
2020-09-03,129.40008542566238,130.34105509983192,125.15771539981844,126.01097869873048,4759900.0
2020-09-04,127.78127304086448,129.06514673366755,123.30765225219488,128.21188354492188,3601300.0
2020-09-08,127.61382049209868,127.63774262460744,124.36825877989548,124.75899505615234,3176400.0
2020-09-09,126.0349053373662,128.35544965247917,126.0349053373662,127.430419921875,2317600.0
2020-09-10,128.37936972006727,128.59466892016582,125.26138854970156,125.90731048583984,2450900.0
2020-09-11,126.38577924785096,128.0763415899599,125.54048590887498,126.68879699707033,2466800.0
2020-09-14,128.30755505578614,129.31233304526057,126.81635237987462,127.70150756835938,3617900.0
2020-09-15,128.05240450454005,129.00135625600822,126.2900637992534,128.80996704101562,3238500.0
2020-09-16,133.0124329973579,133.45899556557333,127.21506526061296,127.48619079589844,5736800.0
2020-09-17,125.22942178676062,127.80515042580708,125.1736075594418,127.3904800415039,3002200.0
2020-09-18,127.70149938454982,130.58024605919752,127.12734404676456,127.31873321533205,7274000.0
2020-09-21,128.7222431318187,129.94232042765603,125.5006039054062,128.43516540527344,3894400.0
2020-09-22,127.86101639772772,129.29640510281263,127.24699880915486,129.0970458984375,3051900.0
2020-09-23,129.58347497261116,132.183114459303,128.6584454001983,128.82591247558594,3842400.0
2020-09-24,128.4830359012544,129.63932919879173,125.98706655281032,127.91686248779295,2975100.0
2020-09-25,127.00772082364055,133.1719018558186,127.00772082364055,132.47015380859375,4399300.0
2020-09-28,135.4925070719748,137.14319513341417,134.36014813017508,134.6870880126953,4338400.0
2020-09-29,134.6153370662971,135.9390853971895,133.26766659900855,134.36813354492188,3113700.0
2020-09-30,134.9980491354581,135.30107896519488,131.97576949604883,132.8768768310547,5426700.0
2020-10-01,134.7987445557808,136.2022414573133,133.07628989068996,133.6903076171875,4934100.0
2020-10-02,132.90078124463162,134.3680616083637,132.1751110479898,133.1400146484375,4482700.0
2020-10-05,134.09700273358058,135.53239170179816,133.52284714629354,134.89443969726562,2739000.0
2020-10-06,134.99010253764652,137.19900591350685,134.54353986987405,135.04592895507812,3671400.0
2020-10-07,136.05068027843546,139.9023011242841,135.8114468271065,139.54345703125,3847000.0
2020-10-08,139.99005610079567,140.33294814157676,138.3154336733811,138.92149353027344,2797500.0
2020-10-09,139.1606847920194,139.85446304832618,137.84491900343917,139.30422973632812,2861100.0
2020-10-12,139.4397769533138,140.9868060438682,138.92144798367846,140.7794647216797,2274000.0
2020-10-13,139.95019906570923,141.265965300867,139.46376198964708,139.81463623046875,3018000.0
2020-10-14,140.12558440202855,140.31697359936342,138.59450732710653,139.05702209472656,3156900.0
2020-10-15,137.69340420192677,138.80184081412864,137.1670930188302,138.785888671875,3059700.0
2020-10-16,139.60724740776692,140.50037260842518,138.96131346666414,139.1048583984375,3446000.0
2020-10-19,139.36006444989533,140.5083755013387,136.44942471171493,137.2388916015625,2884600.0
2020-10-20,138.06820511882887,141.42541935338437,137.44620539703126,139.45574951171875,2784700.0
2020-10-21,140.69177047577483,141.95172209508112,137.6774603089494,137.7412567138672,4428700.0
2020-10-22,139.04104687673288,139.32812454113022,136.8799883241975,137.9485626220703,3897700.0
2020-10-23,137.4940314441558,138.55462369286144,136.60887623917102,137.07936096191406,2763100.0
2020-10-26,136.2978894881907,136.2978894881907,132.5180348673048,133.96937561035156,4053900.0
2020-10-27,136.27403566850393,136.89603567933506,134.45587991870136,136.23416137695312,5753900.0
2020-10-28,130.1098122451865,130.67598565069346,124.08119100931232,124.22472381591795,11120900.0
2020-10-29,126.0508162349223,130.7955618360463,125.78766068209094,128.67437744140625,5849600.0
2020-10-30,127.59783207409905,127.956688295556,123.80203805742632,125.28527069091795,5240500.0
2020-11-02,126.69672178421584,128.5387982507872,125.17361506752364,127.2310028076172,3924000.0
2020-11-03,128.58667912720247,131.29795927729043,127.86899090156726,130.36495971679688,3142200.0
2020-11-04,130.56435602840452,131.84823007947145,128.03648220967972,129.64730834960938,3530000.0
2020-11-05,132.055519096576,132.2548782666083,129.35220923765445,130.42874145507812,3998300.0
2020-11-06,130.84340770831875,134.20859136317142,130.03800106786073,133.71417236328125,2960000.0
2020-11-09,130.85938684414697,133.594589292278,126.56120287714094,130.1576385498047,9453000.0
2020-11-10,130.56431860318196,131.78439588465346,128.41124176340398,131.36175537109375,3329800.0
2020-11-11,132.66956108609915,134.14482408401616,131.72060931458802,132.88487243652344,3240200.0
2020-11-12,132.6522229600719,132.78059384389113,129.7077846744009,130.86309814453125,4070000.0
2020-11-13,131.7375651344386,132.45964197315985,130.90317910631651,131.31234741210938,2628500.0
2020-11-16,130.90317289623073,135.17139933357325,129.37077810583023,135.13931274414062,4406300.0
2020-11-17,135.29176521790836,135.90952700312835,132.7805639282526,135.49234008789062,3627800.0
2020-11-18,135.54848858910978,137.65052145662267,135.1473388671875,135.1473388671875,3393500.0
2020-11-19,134.78630151525607,134.78630151525607,132.94101041513562,133.56680297851562,3143600.0
2020-11-20,133.4465139355398,133.82359578341945,131.3444925860064,131.3845977783203,3988100.0
2020-11-23,132.7805820101265,133.76740707703044,131.5049286014311,133.66311645507812,3770900.0
2020-11-24,134.7542147305054,138.88605180866114,134.44131844926756,138.54908752441406,5371700.0
2020-11-25,138.08374039561534,138.7897677348416,135.89346661730028,136.7920379638672,3497700.0
2020-11-27,137.1611166571565,137.53818612848153,134.69805151794966,135.50035095214844,2216600.0
2020-11-30,136.04592520060217,137.37773299913687,134.87456260339843,137.24937438964844,4708600.0
2020-12-01,139.2069632629391,139.76055180281074,134.70606317882604,134.75421142578125,5371500.0
2020-12-02,134.72215960855232,135.5565581239826,133.58289554205305,135.45225524902344,3853300.0
2020-12-03,135.6848938782755,136.57544685467553,134.3209871128111,134.64993286132812,2844200.0
2020-12-04,134.84249234265232,135.26771012824503,133.45450529552474,134.18460083007812,2766200.0
2020-12-07,134.8906045362845,135.01896313865126,133.2619377035075,134.361083984375,3117200.0
2020-12-08,134.4252993730522,134.97888805144524,133.11754711784084,133.49462890625,3885000.0
2020-12-09,134.41721611936148,136.2705377413956,133.99199847990462,135.7329864501953,3327300.0
2020-12-10,134.0241125978497,134.35305827861723,131.28025021350032,131.7696533203125,4708600.0
2020-12-11,132.78057498091292,135.60467281313427,132.66023494575387,135.10723876953125,4777500.0
2020-12-14,137.81897506079628,137.81897506079628,133.65503966598564,133.67910766601562,3388700.0
2020-12-15,134.0642677573093,135.09922885246394,133.29405475649722,134.12042236328125,2555300.0
2020-12-16,134.30493745106662,137.72274130993054,134.30493745106662,136.49522399902344,3421600.0
2020-12-17,136.98461731323476,140.6591503923968,136.42299788480733,139.9932403564453,4386900.0
2020-12-18,138.83793950761492,140.7955523673909,137.30554442976018,140.5468292236328,8581300.0
2020-12-21,138.34854728394805,139.95314651063802,137.2173018910227,138.46888732910156,3180000.0
2020-12-22,138.26026832041842,140.6029812899761,138.01155744492115,140.0493927001953,2489200.0
2020-12-23,139.9049775738818,141.15656271747116,138.49292275168443,138.50897216796875,2553800.0
2020-12-24,138.8057977625833,139.0785888291352,137.5702622246509,138.14791870117188,1006100.0
2020-12-28,138.47688080583166,138.95825309871535,137.112962037368,137.48202514648438,1861700.0
2020-12-29,137.79495732359592,138.0035508139821,135.1072487467824,135.61270141601562,2864600.0
2020-12-30,136.24650594244582,136.24650594244582,133.30205602650616,133.36624145507812,3107100.0
2020-12-31,133.8155360096394,135.17142420232258,132.7324389668493,135.10723876953125,2349400.0
2021-01-04,135.10727379691662,135.2195952728916,129.87628821051248,131.4167022705078,4304000.0
2021-01-05,130.51804497413215,131.58510451812435,129.35471343108125,129.58738708496094,3967000.0
2021-01-06,128.59257302324954,130.87913167544727,128.37594871337024,129.2023162841797,5061400.0
2021-01-07,129.6676567038287,129.86823160269842,126.87565753935564,127.56563568115234,6024300.0
2021-01-08,127.6538742722643,128.28768549240812,126.33810357846951,127.0762176513672,4844800.0
2021-01-11,127.46133401322568,129.92439967069396,126.55474378646268,129.86021423339844,6127800.0
2021-01-12,130.2693652506271,131.93814967139446,128.31175252160924,131.50491333007812,4612100.0
2021-01-13,131.21611195397344,131.9381767517443,129.93242760002389,130.86309814453125,2643000.0
2021-01-14,131.3364419839895,132.85278773729345,130.95134160404,131.15191650390625,2625000.0
2021-01-15,130.55820617458485,130.7507624793979,126.93182091650444,127.4853973388672,4816300.0
2021-01-19,128.1272401630043,128.20747501765536,125.19885160004196,125.38337707519533,4537400.0
2021-01-20,125.8888310756831,128.60059535383917,125.18280352197328,128.23956298828125,3029800.0
2021-01-21,127.83841038615888,129.73183785868082,127.74213835535738,128.4481658935547,2002800.0
2021-01-22,127.08426632396667,128.72898314109477,126.28196663191608,127.55763244628906,3131600.0
2021-01-25,128.13525657025576,131.68943742463736,127.65387198077644,129.77194213867188,3938100.0
2021-01-26,130.2773766966207,130.58224213510522,128.76103136445187,129.5151824951172,2962400.0
2021-01-27,127.9667801437317,128.04701499678256,125.95301265020036,126.4825210571289,2821500.0
2021-01-28,127.62181520355188,127.87052614411134,126.12150648636438,126.17767333984376,2565100.0
2021-01-29,125.9770476546544,126.52260533769376,124.1638432845278,124.3563995361328,5007900.0
2021-02-01,125.3191583083837,126.0813402563686,124.28419751452915,125.36729431152344,4783000.0
2021-02-02,130.93524943012898,131.73754876762013,125.90482915626704,128.60055541992188,10758300.0
2021-02-03,128.92151931249398,129.54731199505687,125.8406919149352,128.13526916503906,4559200.0
2021-02-04,127.75014017184245,130.30145883220376,126.6189072320824,130.1811065673828,2811100.0
2021-02-05,130.77482648906394,132.01036240801082,129.7478840456973,131.8820037841797,2560300.0
2021-02-08,131.93011454890635,132.7564819468653,130.62236261682185,131.13583374023438,2242200.0
2021-02-09,131.1759525705054,134.46538502416624,130.59829602018334,133.91981506347656,3073600.0
2021-02-10,134.73817739225493,134.9708388562391,132.01035179955042,132.908935546875,2943700.0
2021-02-11,133.18171445003702,133.40635732636642,129.3226558876635,130.2693634033203,3188400.0
2021-02-12,130.34957831679424,131.44070593874267,130.0045832252513,131.0876922607422,2563800.0
2021-02-16,131.53699856323163,131.55304798077924,129.23440295095386,129.77194213867188,2867700.0
2021-02-17,129.2424310718935,129.90032257656827,128.28769265234425,129.17022705078125,2845400.0
2021-02-18,128.20744316955086,130.4699210516699,127.26072353674807,130.0687713623047,3595900.0
2021-02-19,130.2545052535612,131.02151313232676,129.43905658745075,129.61666870117188,3081700.0
2021-02-22,128.9545964284424,131.20717879446786,127.57397268694892,130.47247314453125,3894800.0
2021-02-23,129.15642978743875,130.32712696571323,127.38019831147469,129.83462524414062,4385800.0
2021-02-24,129.40672533466244,130.7146755765516,128.43787284735092,129.2371826171875,2963400.0
2021-02-25,128.37331058384174,129.42290615317037,126.7827723539306,127.1703109741211,2617100.0
2021-02-26,128.03419958273886,128.55899115361237,126.42751048234425,127.4286651611328,3492800.0
2021-03-01,128.8173414972628,131.32829106177263,128.03418276263375,130.3675079345703,3271500.0
2021-03-02,130.60974804041297,131.7400740912794,129.0918710695666,130.2867889404297,2653600.0
2021-03-03,129.6570003788612,130.93266077290355,129.08376814485354,129.52781677246094,2635100.0
2021-03-04,129.22913519097304,130.2222083296895,127.20261748261332,128.73663330078125,3710400.0
2021-03-05,129.59243436038756,133.3628938450547,128.43788798748787,132.73313903808594,3671700.0
2021-03-08,133.40322959652602,134.21060860182783,129.79424445725675,129.883056640625,3176400.0
2021-03-09,130.15757152655445,133.33863437735758,130.15757152655445,131.82077026367188,2551000.0
2021-03-10,132.6927891494714,134.17028238562656,132.19220562020686,133.4032745361328,2511700.0
2021-03-11,134.105665642793,136.18869275844236,133.53242109447748,135.0260772705078,2906700.0
2021-03-12,134.5174485442936,135.74466837358858,133.97650596050087,135.38941955566406,1914800.0
2021-03-15,135.55897484233734,135.5831952349272,130.00421382826883,131.31216430664062,4535900.0
2021-03-16,131.42518694624815,132.53937419941474,130.3352200838348,131.45748901367188,2397800.0
2021-03-17,129.8104228298053,130.5935816154808,128.82541925028826,129.70545959472656,3644100.0
2021-03-18,129.54394678317,130.10104021570288,128.32480903460691,129.34210205078125,2964900.0
2021-03-19,130.33524372426572,133.4113694238035,128.12303217001872,128.60745239257812,14934200.0
2021-03-22,128.93039340181377,130.56937228100804,128.00189987975062,130.0364990234375,3893900.0
2021-03-23,129.01921668306338,130.92463235455426,128.55900456122447,129.06765747070312,2920800.0
2021-03-24,129.2291036525786,131.01341697917783,128.93844666832442,129.10800170898438,2285300.0
2021-03-25,128.7769849231013,132.12760374089774,128.13107908652043,131.80465698242188,2944500.0
2021-03-26,132.81387433453992,135.72044429342077,132.24062969945032,135.62355041503906,3135500.0
2021-03-29,135.32482135447384,136.42285750367503,134.55781361722651,135.7527313232422,2702600.0
2021-03-30,135.2844165738986,137.24635385301158,135.1552329835814,136.15638732910156,2401100.0
2021-03-31,136.63279802063954,138.0618628576096,135.31677811460884,137.2464141845703,3688400.0
2021-04-01,137.39979598067023,138.98226474431135,136.30984137599123,138.2879180908203,3615000.0
2021-04-05,138.95003278767896,139.70895925608417,138.15072255608962,138.82891845703125,2315900.0
2021-04-06,138.94187666461505,140.50819420589548,138.24753009434525,139.65237426757812,2465600.0
2021-04-07,139.6201470081298,139.9592572782355,138.22338376269732,138.82891845703125,2079700.0
2021-04-08,139.30521336377657,139.87038870660865,138.2717688871698,139.69276428222656,2029100.0
2021-04-09,139.89462212027354,142.0583928446857,139.53130388008566,142.05032348632812,2579800.0
2021-04-12,141.64659278703786,144.7872970267758,141.08949923095122,144.1817626953125,3024000.0
2021-04-13,143.67312172001354,145.2636596802529,142.64774671831975,144.85997009277344,2465400.0
2021-04-14,144.37552453860735,144.84379353629495,142.00989756662716,142.2682647705078,2591900.0
2021-04-15,144.399773514775,146.01453189986782,142.51049684129856,145.03759765625,3139200.0
2021-04-16,145.91761874966,146.28901854982126,144.47241560649087,145.09410095214844,2820500.0
2021-04-19,145.25560417580323,145.25560417580323,143.43900085890613,143.76194763183594,2614200.0
2021-04-20,143.6327718320503,145.20717131497108,142.7769517494222,145.07798767089844,2642500.0
2021-04-21,144.83576590479404,144.95686786673323,143.3663420482021,144.17372131347656,3204400.0
2021-04-22,143.5520026667914,145.96605822771136,143.0756519670357,143.31785583496094,3077900.0
2021-04-23,143.59237986073785,145.57852557538095,143.1725392734007,144.4885711669922,2407100.0
2021-04-26,145.15065520746185,145.20717767408033,141.04916672576536,141.9453582763672,3972900.0
2021-04-27,153.61196063879018,159.27976601627148,153.16791193888182,156.7365264892578,14666500.0
2021-04-28,157.75381877136536,160.20824607790524,156.71230504132512,160.15980529785156,6308800.0
2021-04-29,161.38701499535009,165.10903330493596,159.59463232793652,164.47927856445312,6950000.0
2021-04-30,162.84031947535792,166.13442822436247,161.33052425192517,164.5923309326172,5931200.0
2021-05-03,167.46656521280076,172.27854989039972,167.2243490278873,171.32583618164062,7286100.0
2021-05-04,170.84142840749016,173.82872871707437,170.2439634177222,173.0294189453125,5775400.0
2021-05-05,173.53002126602834,174.19207818343878,171.7780097216351,173.19900512695312,4187000.0
2021-05-06,173.52190708797932,173.58649889150345,171.22088414561222,173.40887451171875,4470100.0
2021-05-07,173.3200807360001,176.2831607395783,172.61766481744127,175.60496520996094,2644100.0
2021-05-10,175.60496105842464,177.29238048613743,174.2001169348912,174.4988555908203,3566300.0
2021-05-11,172.72261894498445,173.586520565406,170.8414363308277,173.0455780029297,3088500.0
2021-05-12,171.16438727487946,172.6580436954598,169.84028590384003,170.1147918701172,2667100.0
2021-05-13,170.50231991178393,175.12052955215185,170.46196081071355,174.12745666503906,3208000.0
2021-05-14,175.04788125166675,175.81488902279318,173.67533908444648,174.70071411132812,2333700.0
2021-05-17,173.99828172752063,175.1609097117192,173.58652278296222,174.62803649902344,2071200.0
2021-05-18,175.21743027822424,175.21743027822424,172.75492135485877,172.7710723876953,2041500.0
2021-05-19,171.16440609747886,173.1424828549624,170.06636979199283,173.06175231933594,2141100.0
2021-05-20,173.05367493919917,174.13556023657262,171.76187546042846,172.73072814941406,2716600.0
2021-05-21,173.75288493014136,174.3288757746314,171.80589698734065,171.87890625,3927700.0
2021-05-24,173.67174236440897,174.03680100319562,172.438643578246,173.14442443847656,1981300.0
2021-05-25,173.0876454736595,174.53977203170265,171.3110127164407,171.57061767578125,2414300.0
2021-05-26,172.76316051404112,173.77721922851472,171.85455548839323,173.4527130126953,2376300.0
2021-05-27,173.85021693413427,175.92700706280675,171.98434654774564,172.6333465576172,5110200.0
2021-05-28,173.46894900942544,175.12388745726466,172.81994892803178,174.09361267089844,2128000.0
2021-06-01,174.89672369719526,175.67552620118312,172.96596440991075,173.03085327148438,1865300.0
2021-06-02,173.84209035462618,173.84209035462618,171.17309353707378,171.9113311767578,2486000.0
2021-06-03,171.2137010542465,172.9416489408275,170.4673552158642,171.96815490722656,2172400.0
2021-06-04,172.31697395606713,173.1201005437627,169.2504613626103,170.87295532226562,2943900.0
2021-06-07,170.84050586086917,174.75072241361272,170.61335768703685,172.730712890625,3444300.0
2021-06-08,172.6739380637523,173.0389967573934,170.0049283600891,170.16717529296875,3402000.0
2021-06-09,168.78805855034878,169.47762349148047,159.81566819472116,163.1093292236328,10560600.0
2021-06-10,165.63232390899472,165.7702344347096,163.271591806034,164.8454132080078,4880000.0
2021-06-11,165.21859233185006,166.50036427388392,163.73400860870927,164.8454132080078,2699200.0
2021-06-14,164.6425716066832,165.3078000699786,162.33863316147531,163.13365173339844,2157500.0
2021-06-15,163.42568059527997,165.3807885361281,161.65716834842294,164.14768981933594,2414900.0
2021-06-16,163.60419248817038,164.26130062371024,161.68964893864003,162.5901336669922,2102900.0
2021-06-17,162.65503326231055,162.65503326231055,158.57446159769253,160.66748046875,3068700.0
2021-06-18,159.22346751736603,161.92492177343087,158.6069118155488,160.44033813476562,8170500.0
2021-06-21,161.7302203591887,165.9730391739103,161.42194250381814,164.94276428222656,3638000.0
2021-06-22,164.0503824867735,167.21424108904927,163.9854812361309,166.63014221191406,3460700.0
2021-06-23,166.5084658343215,167.35215736441637,165.15368467448127,165.51063537597656,2504500.0
2021-06-24,167.55492100840436,167.6360506458577,166.5084180056667,167.19798278808594,2602500.0
2021-06-25,164.3100022662774,167.40086449304914,164.0341811894473,166.800537109375,6618600.0
2021-06-28,166.86539708345111,167.1331100783639,164.48032892754347,166.49221801757812,2288100.0
2021-06-29,166.53276682291684,168.71502301929092,165.69718348522912,168.4229736328125,2291100.0
2021-06-30,167.51440000224625,168.8448446070826,167.06009127735953,168.7150421142578,2744800.0
2021-07-01,169.86699254861168,170.67013145792242,168.73935982187095,170.5403289794922,2746100.0
2021-07-02,170.02925199438084,172.06548984162896,169.77776741053265,171.6030731201172,2172300.0
2021-07-06,170.73506206242664,171.66799123197958,168.89352776623366,171.40838623046875,2421300.0
2021-07-07,171.4246033422742,174.36131355113577,170.62147672639605,173.81777954101562,2553700.0
2021-07-08,170.6214707394007,172.55223013391424,170.28073611466354,172.04115295410156,2354300.0
2021-07-09,173.51762524952434,174.01248642868651,172.52790289119994,173.54196166992188,2050500.0
2021-07-12,171.1731018872675,173.67174391210207,170.69446917040082,173.0633087158203,2216100.0
2021-07-13,173.06330224954692,173.76097507702823,170.97028376710296,171.3921356201172,1852200.0
2021-07-14,171.4489342129466,172.30885403332297,170.06170880570443,171.6030731201172,2867500.0
2021-07-15,171.25424708620392,173.41215470391035,170.8567315988819,172.68203735351562,1663200.0
2021-07-16,172.8929342045441,173.22554840218294,170.45108550827197,170.8242645263672,3805300.0
2021-07-19,169.11254599993373,171.54628686945298,167.66040701574536,171.50572204589844,2910700.0
2021-07-20,172.03303771647,173.84211506967188,170.93786168807472,172.3575439453125,2257000.0
2021-07-21,172.51979358968978,174.18285245011106,172.12227809508462,172.34942626953125,1770900.0
2021-07-22,172.27641206984248,173.38781648999657,171.87078857300995,172.98219299316406,1629700.0
2021-07-23,172.78747951243864,172.99839924747147,171.12442091264248,171.69229125976562,2188900.0
2021-07-26,171.3353743496847,172.18718622724515,169.8345747355522,170.24830627441406,2673700.0
2021-07-27,160.6837006394875,160.6837006394875,154.34785111591628,158.34730529785156,13741500.0
2021-07-28,158.26619147079012,158.89896320931317,154.55067832128535,155.79188537597656,6295500.0
2021-07-29,156.59502333419587,157.77944952117173,155.4268255548904,155.6053009033203,3150300.0
2021-07-30,154.1369227529388,156.27861423709697,152.77403379876827,155.24021911621094,3741600.0
2021-08-02,156.04336864231453,157.16288110808577,154.9806246521791,155.71075439453125,2782500.0
2021-08-03,155.150959649363,157.58470019288242,154.5993177345813,157.50357055664062,2726600.0
2021-08-04,156.50580778105163,157.2197092756765,154.60749231068985,154.77784729003906,2341700.0
2021-08-05,155.31321391789356,156.00277872275765,154.21803804849463,154.47763061523438,2045200.0
2021-08-06,155.5728183861053,157.34133065119607,155.1753029566959,156.24615478515625,2340100.0
2021-08-09,155.0049369052749,155.88919297428222,154.8264616133558,154.93191528320312,2150100.0
2021-08-10,155.0942098156524,155.85678404653402,154.46143808761192,154.63180541992188,1668000.0
2021-08-11,155.1996518772653,156.18126613244203,154.72101914809264,156.0839080810547,2131100.0
2021-08-12,156.31108685594108,157.83623538042426,155.9784849493738,157.0898895263672,2457900.0
2021-08-13,156.5950099519389,158.11203790530308,156.52200069163354,157.36569213867188,2432200.0
2021-08-16,157.39814596345437,160.0752635316563,157.04119530387453,159.87245178222656,3091700.0
2021-08-17,158.75293031635468,160.87028552025606,157.8281092145729,160.4322052001953,2957700.0
2021-08-18,159.83186816129572,161.85186502574186,157.94976940616132,158.03089904785156,2605800.0
2021-08-19,157.08177273208858,159.1585632322856,156.16505958995168,157.43060302734375,2858800.0
2021-08-20,156.9494409610081,158.4337181062963,156.66401166356786,157.59371948242188,2222800.0
2021-08-23,158.40926120447963,159.29818989948484,157.30828579554426,157.3979949951172,2248700.0
2021-08-24,157.60186516526775,158.76807221766515,157.30012172117569,157.61817932128906,1667500.0
2021-08-25,157.4958297916394,158.18903826298344,156.75370374407643,157.2919464111328,1593900.0
2021-08-26,157.71602083646175,157.78941586385076,156.63952310259592,156.8760223388672,1969700.0
2021-08-27,156.8434045766783,158.1156348122391,156.69660207962332,157.6426239013672,1947800.0
2021-08-30,158.1156535259029,159.52652312652106,157.2838057949476,158.22166442871094,1507700.0
2021-08-31,158.7843635667453,159.93426874201006,157.31640083705125,159.54281616210938,2782000.0
2021-09-01,159.61623475955855,160.89661602117363,157.7486558752959,160.17079162597656,2381100.0
2021-09-02,160.58670284290818,162.49504822698094,160.30126114318168,161.63058471679688,2021200.0
2021-09-03,160.83141278284057,161.89159667932492,160.60305188931994,160.9374237060547,1491800.0
2021-09-07,161.1901951008727,161.43485764545656,159.25738464236267,159.48573303222656,2266200.0
2021-09-08,159.46941603639473,159.46941603639473,157.78941900773248,158.67835998535156,2455300.0
2021-09-09,157.5855342897062,158.50709112428314,153.36107674440484,154.14398193359375,3636700.0
2021-09-10,155.34283350250925,157.96070178095815,154.9595317227355,157.61001586914062,3094100.0
2021-09-13,158.79254715054464,159.2981739826765,157.07177081725993,158.5315704345703,2136200.0
2021-09-14,159.2247707198536,159.74671168077612,155.62011401409904,155.77505493164062,1895300.0
2021-09-15,156.2562269883787,158.07486324874083,155.64457685002762,157.68341064453125,1769200.0
2021-09-16,157.69159279354855,158.38480139886772,156.10130460705582,157.37353515625,1657200.0
2021-09-17,157.0391288385147,160.0484494458963,154.6822375202328,154.975830078125,4504200.0
2021-09-20,153.6057385810297,154.60884129437028,152.36612418574606,154.45388793945312,2439500.0
2021-09-21,155.03289594036872,155.53852263895033,153.3284217689909,154.73114013671875,2496400.0
2021-09-22,149.93587160065658,152.75761115641092,148.52498937872306,151.11839294433594,4229800.0
2021-09-23,151.68926049643227,153.18983944165146,151.4119820390875,152.33352661132812,2527500.0
2021-09-24,152.0969945088,153.89116568175535,151.52612355977607,153.33660888671875,2312900.0
2021-09-27,152.80651461534845,153.80962982406604,152.21932947406887,152.37428283691406,1847600.0
2021-09-28,152.24380733201792,153.16536428730413,151.7708087921234,152.30905151367188,3093900.0
2021-09-29,152.52108229902606,153.27952249900423,150.41700432545994,150.6616668701172,2467400.0
2021-09-30,151.0775927413415,152.70050901367225,148.42710865816008,148.5086669921875,2902800.0
2021-10-01,149.15294203211954,149.16925618872034,145.84187755331592,148.01119995117188,3014500.0
2021-10-04,147.2038033143609,148.18244106919124,144.45545927889927,145.5074920654297,3512500.0
2021-10-05,145.55642955478623,147.64419352395794,144.8632334797397,146.52691650390625,2491800.0
2021-10-06,145.49119821633693,147.75022991169988,145.02635050663753,147.36692810058594,2119200.0
2021-10-07,149.22630352585185,150.07446526165756,147.7501900087112,148.1008758544922,2518400.0
2021-10-08,147.36689705823227,150.46592676496635,146.5350494259284,149.64224243164062,2781700.0
2021-10-11,150.30283653970358,150.3191506951241,148.04380511005647,148.21507263183594,1780200.0
2021-10-12,148.4433950605342,149.0387309666546,147.309804116197,148.41893005371094,2615700.0
2021-10-13,148.57387929959444,150.81659630749888,147.3424282587496,150.10708618164062,3780400.0
2021-10-14,153.02672010529398,156.4030286210505,152.71681336350147,156.10943603515625,4106400.0
2021-10-15,156.54982868921974,158.22166254304227,155.530411732472,158.00962829589844,3153400.0
2021-10-18,157.78127811332934,159.52651942583284,157.45506966847157,157.71603393554688,2305000.0
2021-10-19,158.1319455136336,158.95564233804566,157.43874948384342,158.042236328125,1974500.0
2021-10-20,158.8740709357563,159.47757017443595,157.5610615708305,159.2492218017578,1952000.0
2021-10-21,159.52651424321948,163.1067059408592,159.3797117369646,162.65000915527344,2997300.0
2021-10-22,162.18515981049728,166.49933943699892,162.08729976254955,166.21389770507812,3735900.0
2021-10-25,165.56964658282035,167.6410965968956,164.60731039633535,166.2873077392578,4829700.0
2021-10-26,174.53230755932307,179.6130898661001,174.24687832086377,177.8433837890625,6596500.0
2021-10-27,177.06862141611742,177.36221396041304,171.66164302108123,173.06436157226562,3309000.0
2021-10-28,173.94515097393338,174.55680115601874,172.03680539240017,174.442626953125,2236400.0
2021-10-29,173.4966134504293,176.21234168937715,173.09699752751436,174.09194946289062,2362000.0
2021-11-01,175.22555127350054,175.22555127350054,171.18049910795676,171.99603271484375,1868400.0
2021-11-02,171.9960187558729,171.9960187558729,169.98981321442287,170.56068420410156,2206700.0
2021-11-03,170.28339338269782,173.59445732569708,169.1334881875025,173.49659729003906,1765800.0
2021-11-04,173.83096842695795,174.14087515310288,171.1070894000602,171.84922790527344,2451900.0
2021-11-05,172.50165745146643,172.65661081474352,168.86437239640497,169.81039428710938,2117800.0
2021-11-08,170.25079749452368,171.17235448596745,169.0356603402013,170.69119262695312,2166100.0
2021-11-09,170.9276752742099,171.36807036378707,169.6391307604928,171.22943115234375,1552900.0
2021-11-10,171.17231899535537,173.6678494148502,170.81348227860784,172.59950256347656,2415500.0
2021-11-11,174.19797050573476,176.55486195729958,173.12146025123516,173.9451446533203,2113700.0
2021-11-12,173.4395207489445,175.40495961553722,172.89311475691437,173.8636016845703,1600300.0
2021-11-15,173.5944598434276,174.03484245432918,171.93892784791691,172.50164794921875,1378300.0
2021-11-16,172.5505948554431,174.45078957367448,172.49350153219115,172.78709411621094,2302800.0
2021-11-17,172.88499122596718,173.10517636229557,169.21508962514883,169.50868225097656,2542300.0
2021-11-18,169.84299643638894,170.0142639409302,167.5513493706111,169.19873046875,3919400.0
2021-11-19,170.24779751716602,172.6573144412457,169.07582857418893,170.85427856445312,2677600.0
2021-11-22,170.89522294793818,173.99316904852816,170.18219487330194,172.8293914794922,2220500.0
2021-11-23,172.95234051303075,174.87011450616507,170.89524234147584,173.5915985107422,2345300.0
2021-11-24,172.59995154119196,173.74733459764067,170.68216485321713,170.85427856445312,2518700.0
2021-11-26,168.95286170278894,171.7229878945332,167.8300646985654,168.25624084472656,1941000.0
2021-11-29,167.32196060912597,168.82995330724037,165.14192034664532,167.71534729003906,3435100.0
2021-11-30,166.78100544938084,166.78100544938084,162.3553719777534,162.57664489746094,6267600.0
2021-12-01,164.63376934288675,165.67460503216716,158.99517361696738,159.11810302734375,2938400.0
2021-12-02,160.04425064333086,164.42891739428734,158.84769574864487,163.83062744140625,2423400.0
2021-12-03,164.76491148413953,166.06802593268023,162.0767463101099,164.51084899902344,2606400.0
2021-12-06,165.5434824479599,167.69073282619976,165.04354867605653,165.60084533691406,3006700.0
2021-12-07,167.46125208989085,168.7397679322941,166.68267000694374,168.32998657226562,2250600.0
2021-12-08,168.84634855500312,170.05110699272683,166.69089417224598,167.78091430664062,1615500.0
2021-12-09,167.23181828155063,170.37893692980205,166.99413802887173,169.27252197265625,1931500.0
2021-12-10,170.46902340320688,171.9934103627069,169.9281090776188,171.3787384033203,1887900.0
2021-12-13,169.6085193267051,171.55089167068172,168.518499299677,169.08399963378906,1909700.0
2021-12-14,168.17429216936347,169.77243720532934,166.43682295134275,166.9777374267578,1930500.0
2021-12-15,169.3626404455138,170.82966479848747,167.61698025920447,168.6414337158203,3703400.0
2021-12-16,170.34614498423315,173.60800165650258,170.32155909894377,170.44448852539062,2932600.0
2021-12-17,172.76384146744184,174.18168161585268,169.1577576289596,169.3134765625,5625800.0
2021-12-20,168.0349514269281,168.82173717776763,165.07632936760407,165.90408325195312,2936400.0
2021-12-21,167.40389271934558,170.52643748627565,166.9531431846,169.73146057128906,2317000.0
2021-12-22,169.91177501194312,170.93622856809597,169.27250448781012,170.82968139648438,1716500.0
2021-12-23,171.46075182756988,174.7471944015471,171.46075182756988,173.90304565429688,2573900.0
2021-12-27,174.47669718245868,176.70590865637075,174.23902950941343,176.29612731933594,1807200.0
2021-12-28,175.84539730773494,177.1484991950188,175.16515866395838,175.94374084472656,1375400.0
2021-12-29,175.8208289397178,177.30423579629553,175.23074264790804,175.87820434570312,1154900.0
2021-12-30,175.97650604283422,177.0255453109005,174.59144306243286,175.30445861816406,1207000.0
2021-12-31,174.68162716851828,176.55022948554145,173.53424416878013,175.66510009765625,1579900.0
2022-01-03,175.91913090935697,176.73869362033565,172.82118486230038,174.9766387939453,2319600.0
2022-01-04,175.71427326841643,179.20561907715074,175.05863298079134,178.0828094482422,2741200.0
2022-01-05,177.6811923453073,178.6482703095151,175.5667191204825,175.84536743164062,2710800.0
2022-01-06,176.25519895357715,177.9517001946605,174.83735860852107,177.55010986328125,2102200.0
2022-01-07,178.13199348342388,179.85306799441298,176.35353106376323,178.79583740234375,3014000.0
2022-01-10,177.8861116770137,178.03362698120574,172.60812514218256,173.52603149414062,2853800.0
2022-01-11,173.33752853123377,173.33752853123377,170.5018358008167,173.14903259277344,1771700.0
2022-01-12,173.68173891729742,174.9438725731136,172.1901411942382,173.10804748535156,1865700.0
2022-01-13,173.38671344383312,175.09140566167002,172.05082200504643,172.49339294433594,1828500.0
2022-01-14,170.65758532452955,171.41978535191703,168.42018202833154,169.27252197265625,1921600.0
2022-01-18,167.6170012362224,168.8627277913826,165.150109000421,168.49392700195312,2339700.0
2022-01-19,168.05135311290778,169.85438875540444,166.74825127408633,166.99411010742188,1701700.0
2022-01-20,168.5922836995351,169.6413231739951,165.64185236165576,165.78936767578125,1706800.0
2022-01-21,166.0188338246546,167.63336095217971,164.24037163563125,165.5106964111328,2570400.0
2022-01-24,163.10117824212853,167.8628483203841,160.8719665635087,167.29734802246094,3660900.0
2022-01-25,163.95352935624297,166.81379532782887,161.60137577837645,165.50250244140625,3817200.0
2022-01-26,166.63350413909097,168.86270331140915,161.6341663676843,163.09298706054688,3074700.0
2022-01-27,164.404279984966,165.33858094775726,158.92959473390883,159.67539978027344,3371000.0
2022-01-28,160.470406068947,162.56029380548836,157.96254578731194,162.47833251953125,3066200.0
2022-01-31,162.41278982459224,165.9533078044677,161.3637502391932,165.7238311767578,4626700.0
2022-02-01,184.40980338834052,191.54820019216157,181.95111522483228,189.0649261474609,19125300.0
2022-02-02,189.0321620120715,190.39263931317788,184.9753284987816,190.22872924804688,5474000.0
2022-02-03,188.36831928585755,190.2942969532953,186.229259782984,187.4258270263672,3503300.0
2022-02-04,186.27844520469532,186.7128250448453,182.6969593494997,184.2295379638672,3623100.0
2022-02-07,184.8032241783868,186.49152158117025,181.56594104556305,184.4508056640625,3295900.0
2022-02-08,184.18855984901649,185.66376297809535,182.89364904227264,184.5655517578125,2759600.0
2022-02-09,186.75381174349135,188.7863369323576,184.0738498101596,184.45904541015625,2130300.0
2022-02-10,182.44289261681777,183.66404580599377,179.70555560795202,180.8611297607422,3379500.0
2022-02-11,180.51692251133716,181.34468905607557,173.83748978015234,174.96849060058594,3821000.0
2022-02-14,175.1324244902829,176.1486746358643,173.51788433356612,175.3782958984375,3641400.0
2022-02-15,177.00098175376186,179.86945159974331,176.7796962926646,178.05821228027344,3149000.0
2022-02-16,176.90262337529583,178.65648714803433,174.97664592380343,176.46005249023438,2226700.0
2022-02-17,175.4437791699123,175.66505207724305,171.87867670762716,172.69004821777344,2815600.0
2022-02-18,171.8728101100641,174.10996897729157,171.3362285578034,172.83041381835938,2823900.0
2022-02-22,172.31035504761095,173.81280373560278,170.60979011691532,172.50848388671875,3558300.0
2022-02-23,172.92121832897527,174.151244412392,168.54597137467934,168.8018798828125,2836000.0
2022-02-24,165.19439402462635,171.22892809753728,164.3193470313457,171.0390625,3347000.0
2022-02-25,171.08032799051307,174.6713231687877,170.77487781292152,173.31747436523438,2657100.0
2022-02-28,170.19700883100757,174.12646915166798,168.8514107425442,173.70545959472656,3536700.0
2022-03-01,172.92120931927644,173.86229907882412,168.23226180762717,169.70994567871094,2986100.0
2022-03-02,169.9741653523017,176.14078633485514,169.84209203454293,174.56405639648438,2854200.0
2022-03-03,176.5617570210486,178.50997959829573,174.86119231139438,175.36474609375,3019500.0
2022-03-04,174.25031920319844,174.34937731998528,170.93173373040128,173.6807098388672,2442900.0
2022-03-07,171.25366744033587,172.52497192376342,165.21913425496584,166.07766723632812,4043100.0
2022-03-08,166.82888955682083,172.08744652028764,163.89004819758708,167.9185791015625,4001000.0
2022-03-09,172.5332428048367,172.7643868114084,170.3125976164695,170.70059204101562,3097600.0
2022-03-10,168.8183801908829,171.1876121069677,168.29004933375035,171.03076171875,2284100.0
2022-03-11,171.6417061018863,172.67360363226732,168.1662822735501,168.3231201171875,2006600.0
2022-03-14,169.71823292942256,172.45895857958055,167.7865239425932,168.6533203125,2237200.0
2022-03-15,171.28672610924042,174.37415521891737,170.51073721117046,173.79629516601562,2865400.0
2022-03-16,175.505091012281,179.97113278011523,175.4307848362984,179.8803253173828,3022000.0
2022-03-17,178.31183549938766,183.73549320876663,177.28818894607556,183.52911376953125,3520200.0
2022-03-18,182.4229462542476,182.6045612041804,179.00530257268275,181.4323272705078,6278200.0
2022-03-21,180.11974857193414,183.0998686278733,179.0961018642143,180.42518615722656,2244600.0
2022-03-22,181.26723520458464,181.9441533817896,179.3685413769244,180.30963134765625,2182100.0
2022-03-23,179.53364552441676,179.73177437295516,176.84246146289476,177.1396484375,1939300.0
2022-03-24,177.2799515395198,177.86607473312682,176.09946710522706,177.20565795898438,1882500.0
2022-03-25,177.07358856382314,177.93212163262416,175.06758612426884,177.77528381347656,1754200.0
2022-03-28,178.60905797357714,181.4818568129856,178.3696633187947,181.24246215820312,2353200.0
2022-03-29,183.23194840505937,184.89123475679293,182.0184361520413,183.63644409179688,3034800.0
2022-03-30,183.26498758542965,183.5126454933395,180.4334670217127,181.779052734375,2200200.0
2022-03-31,180.9122102777029,182.2990866509268,177.04054260253906,177.04054260253906,2858600.0
2022-04-01,177.40379543667328,177.6597165720839,168.17451116506376,170.58502197265625,3993600.0
2022-04-04,169.0577667153498,170.2795419986432,167.24163026804422,169.4044952392578,3204600.0
2022-04-05,165.30993780734124,166.91969498206495,161.80973783541748,162.8003692626953,6270700.0
2022-04-06,161.45478035253615,162.5609712329014,159.53132227741608,160.472412109375,3911700.0
2022-04-07,160.51367595101283,160.51367595101283,156.45213006614458,159.0772705078125,3627900.0
2022-04-08,155.7999598693327,158.3755837890768,153.5875783677742,157.6491241455078,5465800.0
2022-04-11,156.64202807412553,160.31558036343424,155.7257026629583,157.54183959960938,2787300.0
2022-04-12,157.6574458489339,158.6067992376624,154.20678617947252,155.10659790039062,3428800.0
2022-04-13,154.75155693481418,156.88138156209286,154.0993908837104,155.91552734375,2296000.0
2022-04-14,157.77296492349728,157.91330144417176,155.0652674267607,155.2138671875,2624300.0
2022-04-18,154.94968029586354,155.85775486610578,153.27388025874484,154.50390625,2552600.0
2022-04-19,155.40374878171346,158.08668202761288,154.9166962309794,157.4180145263672,2448800.0
2022-04-20,158.4829244170327,159.1020628479006,157.05478196349046,157.203369140625,2526000.0
2022-04-21,158.11143303395056,158.11143303395056,155.0405056197486,155.85777282714844,2618200.0
2022-04-22,155.4119611577643,157.62435519358172,154.322284319419,154.49563598632812,3964200.0
2022-04-25,154.06640423998547,157.12906848630462,151.21835750894073,156.55120849609375,5354900.0
2022-04-26,154.1159536682796,154.71857826655588,149.27841780267008,151.11106872558594,7811800.0
2022-04-27,150.71480352267923,154.6525146918759,150.19472323390104,153.87652587890625,3978600.0
2022-04-28,155.39547607669456,157.54181481086977,153.64536976534316,156.98046875,3176700.0
2022-04-29,153.67014978923302,155.64313703739637,148.2299899312784,148.5767059326172,4853500.0
2022-05-02,148.82436791900903,149.41049117796743,144.6472493066923,147.42098999023438,5026600.0
2022-05-03,147.9658024121118,148.56017618523188,145.7451577037049,147.0412139892578,3266300.0
2022-05-04,146.99171676260713,152.06865945739693,146.1249204394573,151.73019409179688,3920500.0
2022-05-05,149.95530925355007,151.35043640607145,146.79358703951948,148.4198455810547,3249700.0
2022-05-06,147.88327296270214,149.460015141366,145.01047425868228,148.5271759033203,2826600.0
2022-05-09,146.70276715206543,151.57331691344257,145.98455813296235,149.773681640625,3925400.0
2022-05-10,151.23484000147764,152.3080155299116,148.3372774114664,150.25247192382812,3510200.0
2022-05-11,149.649854883323,150.82208856242823,146.04234639076105,146.4963836669922,4934100.0
2022-05-12,145.4066994397552,147.5695519653519,142.9714245386105,147.47874450683594,5352400.0
2022-05-13,147.25395564661835,149.09401122447343,146.32976713547765,148.23641967773438,3598100.0
2022-05-16,148.0532479902335,151.50021869695192,147.23728913512312,149.67681884765625,3003600.0
2022-05-17,152.3661480339166,153.0072550555807,150.15975807587992,152.4827117919922,2640900.0
2022-05-18,149.4353809260503,149.98490121247613,142.80787711741726,143.39901733398438,4275300.0
2022-05-19,141.67554300866564,142.5497775486104,137.66239573393685,139.36923217773438,4382900.0
2022-05-20,140.8678974518439,142.54975660781773,138.67815070094952,142.408203125,3483300.0
2022-05-23,143.78201289333026,145.42223952434858,142.74958204449516,145.1974334716797,2837700.0
2022-05-24,143.86526914403143,145.4805187777924,141.85037417655,144.9643096923828,2865100.0
2022-05-25,143.09928222238983,145.75528427406647,142.46650936202505,144.75616455078125,3370100.0
2022-05-26,146.11329725135016,149.8933039056989,146.11329725135016,148.51951599121094,2628400.0
2022-05-27,148.74429370858405,151.9914480722964,148.6860181939284,151.97479248046875,2959800.0
2022-05-31,150.0099007932556,153.70665570542815,148.77765339069754,151.74171447753906,8734300.0
2022-06-01,151.733367581853,153.19042083725475,149.32714871396945,150.05982971191406,3253800.0
2022-06-02,151.6917387003665,153.27367719213686,150.0431905335905,153.2570343017578,2317800.0
2022-06-03,151.84158948465694,154.48093572320244,151.591819102851,154.43931579589844,3802200.0
2022-06-06,155.5966368467911,157.26184053666003,155.3135425640965,155.7881317138672,2649200.0
2022-06-07,153.90645557446618,154.87226405576283,151.70838721978075,154.45596313476562,2984000.0
2022-06-08,151.9831115278599,152.57426433572738,148.1947838866662,149.4020538330078,3592200.0
2022-06-09,149.03573693899966,151.03397637481893,146.94591078794303,146.99586486816406,2891600.0
2022-06-10,144.2899070599432,145.70532770243906,143.0743027359902,144.08175659179688,3220600.0
2022-06-13,142.233359507637,145.6053991604691,141.1259976475739,143.80697631835938,4302900.0
2022-06-14,144.9143642099389,148.17816215533685,143.2408262488123,145.00595092773438,3925500.0
2022-06-15,145.78860555729574,149.93495968346292,144.40648328040754,146.4380340576172,3465100.0
2022-06-16,142.4914881236281,144.28157712011847,142.15845244667534,143.36572265625,3355500.0
2022-06-17,142.75791121757825,144.6312652806956,141.09270760591838,142.43319702148438,7578300.0
2022-06-21,143.7403919356328,145.7053329336609,143.55721850072788,145.28903198242188,2845800.0
2022-06-22,143.93187821865178,147.21233155118784,143.5155772922791,146.66281127929688,2671000.0
2022-06-23,147.67860505364953,149.0440717550051,145.9051715242259,148.72769165039062,2923600.0
2022-06-24,150.5094243168199,153.71493348299464,150.5094243168199,152.61590576171875,4826400.0
2022-06-27,153.90646786851477,153.99805458662993,150.7425780753053,151.37535095214844,1902300.0
2022-06-28,152.16631356246833,154.26447383729646,149.46035747830177,149.80172729492188,2380800.0
2022-06-29,150.14311996165165,151.21717095007796,147.92839559585985,150.8092041015625,2101000.0
2022-06-30,148.96078794804302,153.10714126740868,147.84510460863257,151.98312377929688,3728200.0
2022-07-01,151.35036790252968,154.95553554775793,151.1255618388998,154.0230255126953,2962500.0
2022-07-05,151.77498389837513,154.00636343701197,151.3087289004648,153.72328186035156,2471800.0
2022-07-06,153.84815264212816,154.83062932811154,152.1246736002726,154.17286682128906,2005000.0
2022-07-07,154.8056558910261,155.70486741367415,152.3911156075331,155.0221405029297,2961800.0
2022-07-08,154.6225124156947,155.1137445129573,152.4410866861008,154.36439514160156,1938200.0
2022-07-11,152.9656361242023,155.5467073329028,152.9656361242023,153.73162841796875,2275900.0
2022-07-12,151.14220345124923,151.94150676771258,148.25307419436407,149.34378051757812,4207600.0
2022-07-13,148.56115806032443,150.70095114434486,146.7294363331711,148.13653564453125,2414400.0
2022-07-14,147.31227669047738,148.60281242711784,145.81360314289412,148.43629455566406,2487000.0
2022-07-15,150.34293355610723,152.20795371069082,150.34293355610723,152.0247802734375,5014100.0
2022-07-18,151.80830605854706,153.11548443613017,149.64353603522244,149.93495178222656,2289200.0
2022-07-19,150.90908706436366,154.82231326389206,150.90076561938562,154.70574951171875,2710800.0
2022-07-20,154.73905345277043,156.11284137507286,153.42354105157702,155.5716552734375,1754800.0
2022-07-21,155.65486466291966,156.64566258744122,154.72235494783678,155.70481872558594,2320100.0
2022-07-22,157.0620172349723,157.6032033720724,154.58086720404958,156.5124969482422,2255200.0
2022-07-25,157.3284581550482,158.13607029728877,155.66325438107413,156.4542236328125,2816100.0
2022-07-26,149.24389579086724,153.06553559634904,148.7526637017786,151.14222717285156,4961000.0
2022-07-27,152.274555202167,154.0563226923476,149.918290390076,153.115478515625,2739300.0
2022-07-28,153.74825730634504,157.42003443359224,153.03221922283083,156.72897338867188,2452500.0
2022-07-29,156.987070030095,162.96514478355456,156.5124809116836,162.26576232910156,4093100.0
2022-08-01,160.7587361276834,163.0400693361292,160.62551680795804,162.64041137695312,2086100.0
2022-08-02,161.95771853130884,162.33238683010896,159.80960419249288,161.13343811035156,2075100.0
2022-08-03,162.0992628082039,162.64044895093693,160.49233456594868,161.04185485839844,1916700.0
2022-08-04,160.44237640718094,162.05762605359664,159.5265219808756,161.9577178955078,1627300.0
2022-08-05,161.06682850259455,163.9476365501097,161.06682850259455,163.82273864746094,1785900.0
2022-08-08,164.7386167961224,165.7210809659299,162.86526247161078,163.26490783691406,2102500.0
2022-08-09,163.5812779097337,164.46383379174432,162.54052565179754,163.73114013671875,2022400.0
2022-08-10,166.32889489917622,168.74343546933477,165.69610928709514,168.49365234375,2791400.0
2022-08-11,169.3178934800453,171.4326963487053,167.97740414572124,170.20877075195312,2730600.0
2022-08-12,169.8984437090634,171.9536094780025,169.13510995453424,171.86972045898438,1883100.0
2022-08-15,170.98891108457198,172.8930788910805,170.52754714911856,172.7001495361328,1618200.0
2022-08-16,171.34120805578405,174.2268155652157,170.9385690171572,173.09439086914062,2296000.0
2022-08-17,169.85645965865493,172.9014355557744,169.7390227480176,171.94515991210938,1767300.0
2022-08-18,171.45030812699605,174.6630631346882,171.13154520100886,174.5204620361328,1913900.0
2022-08-19,175.24182422013487,175.64446327732367,173.4215454828113,174.83917236328125,2704300.0
2022-08-22,172.3813874187436,174.17650208474294,172.1045690562719,173.13633728027344,3593500.0
2022-08-23,173.2957066178611,174.18487370816527,171.4922082969358,172.18844604492188,2088000.0
2022-08-24,171.0392425250128,172.03746284023447,170.175239502521,170.31784057617188,2024000.0
2022-08-25,170.8547016019683,171.9955230219199,169.8732616215172,171.96197509765625,1984400.0
2022-08-26,171.86131021085302,172.54915142214085,166.8198804564408,166.87020874023438,2203900.0
2022-08-29,166.3249446892525,167.3734931164339,165.41061353266952,165.47772216796875,1928000.0
2022-08-30,165.81327803736048,166.43402340956567,163.25481692176072,163.6155242919922,2238000.0
2022-08-31,163.75811782372705,164.56339593471694,162.75151378515727,163.16253662109375,2627700.0
2022-09-01,163.0535259487285,165.3267724295474,161.98819685420793,164.92413330078125,2343300.0
2022-09-02,167.28124382248473,167.74260775513437,163.0199408803425,164.45436096191406,2665100.0
2022-09-06,163.39740779247094,164.58017359824893,160.47825228855606,164.3788604736328,3760600.0
2022-09-07,163.48968469115096,165.33514037769783,161.82878737292364,164.65567016601562,2902300.0
2022-09-08,163.77491823502925,164.87379519164915,162.38244253136855,164.521484375,2166300.0
2022-09-09,165.72941925682957,167.27287986931458,165.36871184866908,166.66891479492188,1748000.0
2022-09-12,167.39032430869727,168.57309036566255,167.3483797989395,167.910400390625,2382600.0
2022-09-13,164.54664055070643,165.8216664540731,161.17450461226943,161.65264892578125,2382500.0
2022-09-14,161.76170091349562,162.1979007537413,159.0438708927084,160.1846923828125,2608300.0
2022-09-15,159.99173921806914,160.360830380643,154.83288512212172,155.18519592285156,4041800.0
2022-09-16,149.0364945458966,149.93405824479618,145.28688392274574,148.23121643066406,12562000.0
2022-09-19,147.89570735903774,151.3265559204597,147.34207052721385,151.0161895751953,3018000.0
2022-09-20,149.61531302012938,149.91729554884023,146.50321493814604,147.36721801757812,2827400.0
2022-09-21,148.5415950984592,150.63869236470182,145.76504036590046,145.81536865234375,3162900.0
2022-09-22,144.13768649968958,144.15446686122075,140.69005818580032,140.8074951171875,5238500.0
2022-09-23,138.3077383881285,138.96203159479555,135.80798967582248,137.84637451171875,4252800.0
2022-09-26,137.01592529073093,137.52761746612643,134.3064795749469,135.6821746826172,4163600.0
2022-09-27,137.1836884452245,139.32272989409302,136.31130174590288,138.21546936035156,3371200.0
2022-09-28,138.64327673055246,141.07590414631184,137.90509448591845,140.18673706054688,2958100.0
2022-09-29,139.51571894486773,139.84286566708255,137.359896411545,138.6768798828125,2494900.0
2022-09-30,138.37485187692326,138.67683435210225,135.48924440291586,135.50601196289062,2823300.0
2022-10-03,134.74270720788556,138.03933820050895,133.72770642714644,136.80624389648438,3494500.0
2022-10-04,138.9117342942034,141.88121852513487,138.38326166340775,141.6715087890625,3414500.0
2022-10-05,140.1280414061059,142.50195703925027,139.8260588888237,140.8662109375,2811400.0
2022-10-06,140.39647897449905,141.2856462642748,138.17356075005972,138.9117431640625,2375000.0
2022-10-07,137.53603820285758,137.57796991011483,132.82175465736051,133.49282836914062,3491000.0
2022-10-10,135.08661993014223,135.72414572890307,132.8720855968503,133.9961395263672,3141700.0
2022-10-11,133.6941504317067,135.24599474538965,132.92242016550233,133.7193145751953,2164600.0
2022-10-12,134.13034121389543,135.6654180080842,133.36700750722213,133.7780303955078,2229200.0
2022-10-13,130.95111265914218,138.25740351808844,129.91094804189527,137.2843475341797,2574100.0
2022-10-14,138.047730953341,138.87817331488375,135.45570889247568,135.62347412109375,1936400.0
2022-10-17,137.762502558238,139.3479074935427,137.34308312773763,138.1735382080078,2274700.0
2022-10-18,140.488720579796,141.5540494544108,138.08964106668577,140.07769775390625,2282500.0
2022-10-19,139.90157648766854,140.27905150226565,138.12324178799523,139.0711212158203,2129900.0
2022-10-20,138.12321927364906,138.59296701965954,134.48266144240176,135.03628540039062,2832600.0
2022-10-21,135.58153456485078,139.28080436051076,135.07822610846668,138.86978149414062,3161000.0
2022-10-24,140.12802018690746,142.79552135257956,139.72538115805702,140.5474395751953,4471300.0
2022-10-25,144.5151582595106,146.62903577767725,139.68345101765206,140.08609008789062,7698800.0
2022-10-26,140.50551181863108,143.0304122291042,138.8362178464585,141.75538635253906,4819800.0
2022-10-27,142.54388977525696,143.14785481418787,139.32275143406943,139.65829467773438,3325300.0
2022-10-28,138.71038726118357,140.52228217743215,136.30292395280557,140.2286834716797,4771600.0
2022-10-31,139.35629945445427,142.42643985619998,138.76071825103384,140.73199462890625,2908900.0
2022-11-01,141.73021493249496,142.3341671168913,138.2406423134005,140.42161560058594,2454500.0
2022-11-02,139.37306156942302,143.11428825113526,138.03092716855437,138.05609130859375,2824000.0
2022-11-03,136.16872911144245,139.18015788820094,134.2729576808786,137.57797241210938,2671800.0
2022-11-04,139.25563491486088,139.63312264260728,136.4035879030643,138.98721313476562,2400900.0
2022-11-07,139.154975526672,142.25029291359394,138.72717232347347,141.87281799316406,2624400.0
2022-11-08,142.4348207693396,143.70985923945443,140.6313097965485,141.58758544921875,2715600.0
2022-11-09,141.0843259001021,141.83927583979272,137.46893205172444,137.57797241210938,2687100.0
2022-11-10,141.81986266204936,145.9262937039042,141.81986266204936,145.90089416503906,3338900.0
2022-11-11,146.2311067064697,151.5482923697954,146.0617592149984,150.87094116210938,3851400.0
2022-11-14,150.80318744102567,153.66498918235212,150.47298054159558,150.53224182128906,3082500.0
2022-11-15,151.10802892652077,153.7242851758352,150.76088461761597,153.64808654785156,3105000.0
2022-11-16,152.70821918713605,152.78441779240404,148.9319956312894,149.91415405273438,2713500.0
2022-11-17,148.16998963795953,149.09287390133477,145.2997257840344,149.06747436523438,2517400.0
2022-11-18,151.14186044416803,151.75147518489885,149.6601604614415,151.53134155273438,3003000.0
2022-11-21,150.83705408485304,153.02997989273027,150.62538265733042,152.91990661621094,2465600.0
2022-11-22,153.6480484847605,154.85034057735288,152.80136282073224,154.7233428955078,2210300.0
2022-11-23,155.24830940995295,155.7309135997462,154.69796880556768,154.8080291748047,1583500.0
2022-11-25,155.49385562764445,155.697064888435,154.2746388211046,154.537109375,912400.0
2022-11-28,153.22472483938276,154.33388113104346,151.08261087470987,152.32723999023438,2043000.0
2022-11-29,155.78171966328358,156.79774000464286,154.30848177070288,156.54373168945312,3671400.0
2022-11-30,156.42520145132616,160.64169311523438,155.7309128944521,160.64169311523438,7146900.0
2022-12-01,160.5146796435561,162.22498840788256,159.50712157407366,161.03115844726562,3934700.0
2022-12-02,158.57574529982583,161.2597501048527,157.98306794516586,160.35379028320312,3661500.0
2022-12-05,159.2192695884255,159.25313133638173,152.90298774407069,153.38560485839844,5004700.0
2022-12-06,151.57370673805062,151.97165012701933,147.22174192112104,148.25469970703125,5598200.0
2022-12-07,147.6620009537513,149.9057261149213,147.31486958837957,147.89060974121094,5124300.0
2022-12-08,148.2800783401867,152.86911351798307,148.04300736564363,152.0901641845703,3109600.0
2022-12-09,151.77686958039726,152.52195710924718,150.1766341700433,150.40524291992188,3487100.0
2022-12-12,151.28578727328076,155.2144211317014,150.72698455736213,154.5455322265625,3214500.0
2022-12-13,159.1684403126768,159.67644395205372,154.03751441112547,155.6631622314453,3863700.0
2022-12-14,155.29063084282512,158.5419009035561,154.7741520373914,156.05264282226562,3188900.0
2022-12-15,153.67346592589843,154.35081711992,151.9038957825591,153.4279327392578,3478300.0
2022-12-16,152.70825425280324,154.00368251741114,150.3883304665524,150.87940979003906,8241400.0
2022-12-19,150.71853596717352,152.3695836275934,149.49084412997422,151.0741424560547,3690200.0
2022-12-20,150.1428059158374,150.34601517432034,146.87459796179263,147.01007080078125,3062200.0
2022-12-21,149.3130580354767,149.83799913958978,147.56041208686523,149.5924530029297,2833000.0
2022-12-22,148.00066430492967,148.72881453040185,146.23955648240627,148.6864776611328,2626400.0
2022-12-23,148.94895705474235,150.0242515852508,147.45879477106877,149.87184143066406,1897600.0
2022-12-27,149.93956521780905,150.5576550713173,148.6949362243038,149.80409240722656,1294200.0
2022-12-28,149.863382553863,150.26132590267102,146.78990904863522,146.9931182861328,1455900.0
2022-12-29,147.99219917445305,149.363838898895,147.67892957562222,148.80502319335938,1369200.0
2022-12-30,147.54345742472762,148.04301184707893,145.53681628681662,147.18785095214844,1670900.0
2023-01-03,147.551941207696,148.87276901745437,147.02698721503282,148.40708923339844,2206500.0
2023-01-04,149.39771196209404,150.60000428909828,148.33935467570998,149.95652770996094,1965100.0
2023-01-05,148.06841138659178,148.94049669493114,146.75604586103074,147.18785095214844,2736800.0
2023-01-06,148.7033994992017,152.0139304529766,147.56883095023665,151.51438903808594,3690100.0
2023-01-09,151.74302050003433,155.48536994871242,151.53981126991906,153.83433532714844,3214600.0
2023-01-10,153.51255993447543,153.72423132877466,150.08348076294843,151.3619842529297,2324200.0
2023-01-11,152.00548557429184,154.48628144049363,151.54828097214408,154.29153442382812,2674700.0
2023-01-12,155.3414643710476,155.53619851220034,152.9792034559537,154.90118408203125,1832200.0
2023-01-13,154.24920019754546,155.1551601305881,153.055383136157,154.2238006591797,2078100.0
2023-01-17,153.77504445864253,154.4185338245715,151.44665890842597,151.55673217773438,2703300.0
2023-01-18,151.38742023071427,152.86912034750375,149.4061786037774,149.62631225585938,3085100.0
2023-01-19,149.15216714264903,150.04965198451714,147.03545273469612,149.14369201660156,2711600.0
2023-01-20,149.6432216367311,150.8709132060107,148.27158214249422,150.8201141357422,2296400.0
2023-01-23,151.14187296131655,153.8512777753493,150.04119178994034,152.80984497070312,2240100.0
2023-01-24,150.3205833187769,153.57186643803138,150.2697842405603,152.3949737548828,1958400.0
2023-01-25,150.71850489745358,150.72698002219897,148.09378718647676,150.25283813476562,1722000.0
2023-01-26,151.2434671032825,152.2171504672057,149.05901649926716,152.1494140625,1627000.0
2023-01-27,152.06474986438923,155.646226592541,151.38739875179414,154.17298889160156,2831600.0
2023-01-30,153.0045916175482,153.96981288132469,149.34690287940606,149.83798217773438,4593300.0
2023-01-31,151.36203580595688,157.55130741619297,151.36203580595688,156.8316192626953,6872100.0
2023-02-01,156.36589529263676,157.33959151469992,153.08076384717657,156.61990356445312,4005200.0
2023-02-02,157.50894682388795,164.01150001052966,157.50048461749068,161.96250915527344,4995900.0
2023-02-03,160.07441437697565,162.77534413082785,158.5419151547335,162.2758026123047,2766300.0
2023-02-06,160.87029907663953,161.36137838204354,159.32932474733033,159.82040405273438,2243300.0
2023-02-07,159.06684836786013,160.2014170962367,157.30574045034052,159.42245483398438,2037800.0
2023-02-08,158.101630196359,159.3462593116668,157.48355320176245,157.78836059570312,1970000.0
2023-02-09,157.51740504721246,158.77050920987077,156.26431380395294,156.42518615722656,2135600.0
2023-02-10,155.32449798364956,157.1364049687243,154.57094818423528,156.82313537597656,2533900.0
2023-02-13,156.4251961716325,158.71972029527592,155.12976797572523,158.67738342285156,2481400.0
2023-02-14,157.6528961897388,159.04146040974442,156.6114762545847,158.13551330566406,1876400.0
2023-02-15,157.16180553011682,158.36409775052127,156.6622640358909,158.19476318359375,1750000.0
2023-02-16,156.76388747220727,158.14398960805303,155.04511614789206,157.10256958007812,2633000.0
2023-02-17,156.40214456309175,157.17086814473478,154.8988573894209,156.48756408691406,2510100.0
2023-02-21,153.04536047014554,153.37848880421552,150.44023433840675,152.43038940429688,3994800.0
2023-02-22,152.35352236438783,153.26746186802083,150.40607686053968,150.85023498535156,2376900.0
2023-02-23,151.98623275912237,153.98492458325703,151.90936300431488,153.69451904296875,2341200.0
2023-02-24,152.70371414185203,154.7194925345044,151.82394772371725,153.87388610839844,2674400.0
2023-02-27,155.35157039328993,156.7267414755286,154.62554345530896,155.6505126953125,2925400.0
2023-02-28,154.77073714234322,157.000051299128,154.7109538987278,155.87258911132812,3703000.0
2023-03-01,155.39425345902424,157.80294334270326,155.06968793203865,156.37652587890625,2307500.0
2023-03-02,156.1545003908667,158.11901975596658,155.26618396909512,157.74319458007812,2334500.0
2023-03-03,159.08417318446865,159.45999828293984,157.69191557872972,158.59730529785156,2499600.0
2023-03-06,158.4008541877692,160.29705313866705,158.32398442756303,159.30624389648438,2419500.0
2023-03-07,158.1787870579473,158.86210424948814,156.0519657204891,156.53883361816406,2822300.0
2023-03-08,156.46194511381995,157.65775341368672,155.693221447127,157.41859436035156,2277900.0
2023-03-09,158.55456642577687,160.26285239523395,155.88109471295655,156.20567321777344,2497400.0
2023-03-10,156.04342976722953,157.4356874116125,153.3443340152838,155.0611572265625,3442600.0
2023-03-13,152.95143007104772,157.04277029095533,152.21686639296016,155.6505126953125,4435900.0
2023-03-14,158.14458825616697,160.43369851977758,155.67611524183866,158.06771850585938,4892100.0
2023-03-15,154.95865040030483,157.97377471005805,154.5742885852478,157.46983337402344,4306700.0
2023-03-16,156.77797305856754,161.23660120968947,156.77797305856754,160.5105743408203,4710200.0
2023-03-17,162.24447489030314,163.944224305699,158.40938081532266,159.54537963867188,20535900.0
2023-03-20,159.092697474111,159.5710285831256,155.08677707248555,156.7267303466797,3974300.0
2023-03-21,157.69189072532706,159.58808939916517,156.9915001793556,159.54537963867188,2965600.0
2023-03-22,159.29769002945753,161.96261236227872,158.28980741549702,158.4777069091797,2758400.0
2023-03-23,157.82856710905813,161.0828503612195,156.6925551779264,158.26417541503906,2901700.0
2023-03-24,158.09336544127524,159.2208407474604,156.9231934006486,158.93043518066406,2586700.0
2023-03-27,160.05787589144626,160.5447437171263,158.469169195148,159.9980926513672,2283400.0
2023-03-28,160.08351481603046,161.56972865588878,159.16958838164408,160.34829711914062,1850100.0
2023-03-29,161.8772091527535,163.56840889569784,161.31347156070876,163.54278564453125,2546100.0
2023-03-30,163.90153308801447,164.16631538656398,161.59534912554932,163.2182159423828,2075300.0
2023-03-31,163.93567525282276,165.80625068520837,163.08153217196644,165.69522094726562,2571200.0
2023-04-03,164.7043975957207,165.49020759813965,163.41464634716158,165.46458435058594,2735200.0
2023-04-04,166.27601550062863,166.4553912644272,162.22737300683042,162.80819702148438,2498700.0
2023-04-05,162.15054433710125,163.90154052940838,161.73202250420806,161.77471923828125,2718300.0
2023-04-06,160.86077452383583,161.91136690672357,159.32331430912836,161.07431030273438,2206100.0
2023-04-10,160.08349880040447,162.7569708834172,159.53684773581162,162.50926208496094,2157900.0
2023-04-11,162.71426059728665,164.9350378712078,161.9369872480953,164.3798370361328,2844400.0
2023-04-12,164.4225468794833,165.73792151991583,161.45013253843555,162.15907287597656,3729000.0
2023-04-13,163.0730091468882,163.6538332679738,161.04014427287393,163.14134216308594,2355600.0
2023-04-14,163.14135800457092,164.86673098982908,162.5007505778514,164.7386016845703,2034900.0
2023-04-17,165.03755256781193,166.02836182231326,164.49090143312,165.0973358154297,1920500.0
2023-04-18,165.34502760265264,166.2760404803806,164.74713002214796,165.80625915527344,2461400.0
2023-04-19,165.9429628162062,167.6000029388147,165.79776001609622,167.43771362304688,2652200.0
2023-04-20,167.30103475196944,168.94953800710016,165.80628405959934,166.5408477783203,3336300.0
2023-04-21,166.44685562135007,167.83911299390468,165.37064004677228,166.73727416992188,3371700.0
2023-04-24,166.86540072542218,168.530977205588,166.32728638829562,167.283935546875,3689100.0
2023-04-25,156.02634227543112,156.30821110534174,150.51712104802866,150.576904296875,12474900.0
2023-04-26,149.67150124108787,151.23458477704693,147.02366528333732,147.3994903564453,5845600.0
2023-04-27,147.5617582270129,152.1741388170261,147.07490343409427,151.8324737548828,4679000.0
2023-04-28,151.04668959204452,154.15577050874464,150.7648207548337,153.58349609375,3440800.0
2023-05-01,153.7030558593981,156.04341276138783,153.46389682219504,155.6248779296875,2807800.0
2023-05-02,154.34365234875355,154.40344862043904,151.76413659118566,151.9008026123047,3527800.0
2023-05-03,151.61039256039666,152.03746408873582,149.90210644704007,150.18397521972656,3825200.0
2023-05-04,149.09067870600552,149.42379398919672,147.64717480111386,148.0144500732422,3495100.0
2023-05-05,149.62877039366018,150.57686968243289,148.4500618696748,150.1071014404297,2775300.0
2023-05-08,150.25234191385846,150.63670376889743,148.2792730958924,148.95404052734375,2589100.0
2023-05-09,147.65570430826946,148.45006411893624,147.0407202720076,147.77528381347656,2180600.0
2023-05-10,148.39030390373986,148.60383971729112,145.07623693999489,146.5453643798828,3233300.0
2023-05-11,146.51119145016008,146.69910400886755,144.50394958814488,145.4008026123047,3136500.0
2023-05-12,145.8319879297308,146.4787503361677,143.9089513922812,145.3059539794922,3346600.0
2023-05-15,144.49531904493438,145.66811520724835,143.3742617612146,145.60775756835938,3048400.0
2023-05-16,144.4349737244401,144.72816950042116,143.2794149841619,143.6761016845703,3458900.0
2023-05-17,144.60741051543533,148.12579855942863,143.76231156849522,147.77223205566406,3882200.0
2023-05-18,148.0136919036035,149.54867321241565,146.39247036729847,147.49627685546875,2747200.0
2023-05-19,147.57390868975773,147.85848567038056,146.05616479310277,147.40142822265625,2350100.0
2023-05-22,147.98782103720652,148.194789686143,146.01304616744764,147.90158081054688,2675400.0
2023-05-23,147.10826327488087,148.54838599942312,145.95271759052935,146.4183807373047,2660500.0
2023-05-24,145.60776020714184,146.30626139764686,144.40046266494403,144.63330078125,2410500.0
2023-05-25,145.37491946376684,148.39314352709968,145.02135291547168,147.66014099121094,2976900.0
2023-05-26,148.09130456931788,149.10888401833805,147.61700962097848,147.95333862304688,2291800.0
2023-05-30,148.056828406552,148.1861756036982,145.66811595142156,146.39248657226562,2542200.0
2023-05-31,145.78885918696173,145.92683831686546,143.40877840898565,144.01242065429688,5106100.0
2023-06-01,144.45220642813516,145.6681227718918,143.33116224461145,144.72816467285156,2524800.0
2023-06-02,145.53013747355865,147.41006675027248,144.8143856099154,146.72018432617188,2752200.0
2023-06-05,146.5563027388116,146.5563027388116,144.54702671724138,144.74537658691406,2314100.0
2023-06-06,143.58985512957815,145.4439150257864,143.30527812713467,144.5211944580078,2521900.0
2023-06-07,144.31421394078413,148.03955745088402,143.9261460856727,147.89295959472656,3435600.0
2023-06-08,147.87571716308594,147.99644559008888,146.28037817471932,147.87571716308594,3676000.0
2023-06-09,147.46179677806774,147.7894938704886,146.2200111209065,147.02200317382812,2838500.0
2023-06-12,147.32380568841336,148.1689177887248,146.62530460267033,147.89295959472656,2795100.0
2023-06-13,147.729130134757,149.5142003918202,147.55666282044675,149.09164428710938,3528000.0
2023-06-14,149.7556562826853,152.3771936549035,149.2641106237873,150.80772399902344,4476000.0
2023-06-15,151.30788356663044,154.61930324380708,151.27338221005303,154.360595703125,4162900.0
2023-06-16,155.2143139581197,155.45577080078493,151.85977443850888,153.99839782714844,8469300.0
2023-06-20,152.17025789326237,154.0846624239822,152.17025789326237,152.86875915527344,3088200.0
2023-06-21,150.16097225573242,152.28234535788056,149.0744031053709,149.72979736328125,4935300.0
2023-06-22,148.4621367601189,149.61768227209757,147.4273196873259,147.7895050048828,4192700.0
2023-06-23,146.25453737807493,147.5998010162366,145.48704655074351,145.98719787597656,11278600.0
2023-06-26,145.92680828863357,149.22097709713643,145.92680828863357,148.9709014892578,3763100.0
2023-06-27,149.52282603791647,151.33376581760297,148.72946582882346,150.6266326904297,2711600.0
2023-06-28,150.15233593990126,151.8425472585208,149.75566241917272,151.48036193847656,2746400.0
2023-06-29,151.2733811336886,151.93739407975173,150.7300966179631,151.81666564941406,2301600.0
2023-06-30,152.2823186908307,154.92110646519205,151.39409962059565,154.576171875,4892900.0
2023-07-03,153.7224588270814,158.8103301521091,153.65346926936027,158.47401428222656,3330000.0
2023-07-05,154.6796826242208,156.68895927891396,154.17951815083495,155.1970977783203,4820200.0
2023-07-06,154.06741339220005,154.70554380196575,153.1446928203094,154.60206604003906,3011100.0
2023-07-07,153.59310422320607,156.70618713877224,153.53273342870676,155.01597595214844,3145300.0
2023-07-10,154.94697302354743,157.3184344727007,154.94697302354743,156.36985778808594,2372700.0
2023-07-11,156.88729502831464,159.96589017411938,156.395762477702,159.74168395996094,2896600.0
2023-07-12,161.31975972651887,161.837161635536,159.93999498564963,160.81959533691406,2586000.0
2023-07-13,160.94894509677587,161.96652457007207,159.819269111861,159.8451385498047,2857200.0
2023-07-14,159.3449717148437,160.11246239839514,158.5860997910043,159.75889587402344,2213500.0
2023-07-17,159.08629573876755,159.10354642002548,157.3098571632182,157.5858154296875,2556000.0
2023-07-18,157.6547826384195,159.44845848244145,157.6547826384195,159.1638946533203,2387500.0
2023-07-19,159.18978669815618,160.8023766980977,159.18978669815618,160.41432189941406,3018900.0
2023-07-20,160.94033055565126,162.30284467618694,160.05211140720272,161.20765686035156,2703600.0
2023-07-21,161.18176584955484,163.39799746482004,161.0351679975141,161.51808166503906,5071500.0
2023-07-24,160.27632383054413,163.28592917196147,160.15559539280775,162.41494750976562,2460200.0
2023-07-25,161.95790680937554,166.41625350303042,157.06838523441849,159.2673797607422,10006600.0
2023-07-26,158.02557365690342,159.64679521261542,156.70617974261827,159.00865173339844,4189100.0
2023-07-27,159.6382221670011,161.45778112925464,158.71551454187468,160.84552001953125,3251400.0
2023-07-28,162.45806083999958,163.54461673422327,161.854418676542,162.02688598632812,2299000.0
2023-07-31,161.95789722513624,162.39770399942225,160.56951366316758,161.3715057373047,2323100.0
2023-08-01,161.13867755395404,161.2594059946723,158.47401993912004,159.96588134765625,2823500.0
2023-08-02,158.62923361913778,159.84514992265107,157.6720248718803,158.11183166503906,2008500.0
2023-08-03,157.2408347941458,159.1552521035578,156.30949557672278,156.51646423339844,3692800.0
2023-08-04,157.059767666576,157.4650731107511,155.6282638917624,156.0335693359375,4437100.0
2023-08-07,156.94766390151543,158.01698239259866,155.86110788845696,157.07701110839844,4411700.0
2023-08-08,157.8617435068542,158.9569313763267,151.79080704204978,155.69725036621094,6433400.0
2023-08-09,154.46408480120996,156.40437176121878,153.98117104095385,154.67967224121094,3249400.0
2023-08-10,155.2919363778452,157.16323365775108,155.16257602711246,155.55064392089844,3964800.0
2023-08-11,155.1242562046628,155.78557656011853,153.06195695094877,153.6884765625,3558500.0
2023-08-14,153.25341150217352,153.53187059541602,151.89595661676725,152.7226104736328,2980700.0
2023-08-15,151.80020744124982,151.8959260755986,150.32962718519056,150.76470947265625,2269300.0
2023-08-16,149.7553544887883,151.04319456408842,148.43270038899738,148.57192993164062,2500300.0
2023-08-17,149.11142781230825,149.2767612344896,147.9715141469441,148.57192993164062,2986500.0
2023-08-18,147.76266139406903,149.80755369216803,147.76266139406903,149.0070037841797,2868300.0
2023-08-21,148.719856491621,149.43338466248258,145.37842713077163,146.6140594482422,3512000.0
2023-08-22,147.0578151363785,148.2412395052687,144.7953819001403,145.19566345214844,2701000.0
2023-08-23,145.9353389911842,147.33630479788488,145.61336899841854,146.95343017578125,2375200.0
2023-08-24,146.21378881439378,146.90122643498492,145.29141626007643,145.31752014160156,2207400.0
2023-08-25,145.6916780400417,147.3624060480618,145.18699416827147,146.94471740722656,2506900.0
2023-08-28,147.66695181699052,148.50231579878158,146.15287368663056,146.91860961914062,1967800.0
2023-08-29,147.35367520233234,149.60739840654958,147.05782241488126,149.45077514648438,3261200.0
2023-08-30,149.71184649586803,150.3209591596515,148.7894739939016,149.67703247070312,2713300.0
2023-08-31,149.69443652258204,150.26874842750192,147.31889054198066,147.40589904785156,3549800.0
2023-09-01,148.38048658212452,148.5197028414335,145.61335596492947,146.1876678466797,3286600.0
2023-09-05,145.75258855950966,146.20507792531973,142.36764837720415,142.680908203125,4897500.0
2023-09-06,142.60258452694785,142.92454119280845,140.48807756108272,141.23641967773438,3883500.0
2023-09-07,140.95799591680623,141.53229457416563,139.67885264228914,141.175537109375,3013200.0
2023-09-08,141.33217944998415,141.33217944998415,139.74848625894433,140.13134765625,3561500.0
2023-09-11,140.6186315420504,141.21033720984428,139.5222154388337,140.0008087158203,3638000.0
2023-09-12,136.93780504933267,137.48601302098865,134.96254087786943,136.24168395996094,6232500.0
2023-09-13,136.23297679845328,137.52952691946246,135.6238641930882,137.34678649902344,4071900.0
2023-09-14,139.01751142176678,139.99210494072284,138.38229489146914,139.861572265625,2796400.0
2023-09-15,139.86158679489935,140.50551353702602,138.92180720273936,139.6527557373047,4382300.0
2023-09-18,139.14802424865888,139.35685525477163,137.55562143875872,137.86888122558594,2729200.0
2023-09-19,137.74707565929435,138.0777292188713,136.18947339956782,137.49472045898438,2348900.0
2023-09-20,138.00813929879746,138.72166751339205,136.92043332474535,137.1727752685547,2300300.0
2023-09-21,136.6158906212879,137.29461818763923,135.07569501564626,135.24972534179688,3801200.0
2023-09-22,135.2409731434526,135.6064406621492,133.57895566169688,133.81390380859375,3206200.0
2023-09-25,133.07428440302192,135.21489545875207,132.97857903026994,134.27511596679688,2900500.0
2023-09-26,133.13519548830035,134.0140570315011,132.09100053215926,132.17800903320312,3461800.0
2023-09-27,132.68271554036625,132.96117462981965,130.99459382412047,132.62181091308594,3419500.0
2023-09-28,132.81323952426672,135.36281566659642,132.6391959659204,135.31060791015625,5571600.0
2023-09-29,136.18077637253728,136.90301467121878,134.92773707254332,135.632568359375,5034600.0
2023-10-02,135.00604927856196,135.24099746771628,133.69210534804355,134.9451446533203,3243600.0
2023-10-03,134.23159045870528,136.05894148480297,133.15259481991026,133.78781127929688,3687600.0
2023-10-04,134.35343969902766,135.2062107622461,132.65662099594795,133.76173400878906,2600400.0
2023-10-05,133.17001522446796,133.98797226135218,132.78715386548873,133.46588134765625,2922100.0
2023-10-06,133.03076715762057,135.00603122279125,132.52607010062363,134.24029541015625,2383500.0
2023-10-09,133.52679283259567,134.7015206846117,132.73493963687116,134.30123901367188,1765800.0
2023-10-10,134.44916238151967,136.13728426708244,134.24902818943937,135.35414123535156,2083400.0
2023-10-11,135.5542567617975,135.95453836850135,133.54417841649993,135.13658142089844,2209800.0
2023-10-12,135.31062279976086,135.35413369413538,133.6225010082513,135.20620727539062,2340300.0
2023-10-13,135.85011010843144,136.93781599458697,134.5100622988581,134.9451446533203,2759600.0
2023-10-16,136.38960420190546,137.91239225210586,135.85009312102696,136.311279296875,3349700.0
2023-10-17,135.04085700399577,137.19016479700647,134.89293060369718,136.77247619628906,2937000.0
2023-10-18,135.3106253623243,135.56296731021823,133.69211831562993,133.8487548828125,2974700.0
2023-10-19,134.4143611503739,134.99736998794123,132.0736156541791,132.3172607421875,3035100.0
2023-10-20,132.56087814394914,133.43104278442826,132.21281759882098,132.230224609375,5022500.0
2023-10-23,131.6124048565709,131.89956078775884,128.6886510671632,128.92359924316406,4552700.0
2023-10-24,129.4283015407043,130.70744470482842,129.08022769603744,129.93299865722656,2802300.0
2023-10-25,129.42829592634897,129.56751218051724,127.05273685164596,127.85328674316406,3565800.0
2023-10-26,123.99847323794448,127.29639170154115,120.02181407380868,120.26547241210938,10581400.0
2023-10-27,120.45689531510378,121.64031986048596,116.32361291230232,117.32431030273438,6594600.0
2023-10-30,118.26406842637276,121.1530078585071,116.87179982060314,120.76143646240234,5665500.0
2023-10-31,120.6222291409442,122.97168450519048,120.27416856428692,122.9107666015625,3996900.0
2023-11-01,123.02388675159358,123.6852071286746,120.12623677283004,121.6490249633789,3566800.0
2023-11-02,123.4763702124594,124.76422357628458,123.3197469339094,123.55469512939452,3904600.0
2023-11-03,124.63368612093365,126.0085479386828,124.26821854067012,124.31172943115234,3272000.0
2023-11-06,124.62498600130468,124.85993418164917,122.94556127167088,123.79833221435548,2931300.0
2023-11-07,123.1108913777356,123.65040249135563,122.34515551197184,123.432861328125,2952600.0
2023-11-08,123.67651875975037,124.79902543231329,123.0935099772003,123.51988220214844,2896600.0
2023-11-09,124.38134591078376,124.38134591078376,121.7099338748226,121.77954864501952,3411100.0
2023-11-10,122.11411036683874,122.21095000365456,120.18612978224266,121.5858917236328,5683900.0
2023-11-13,121.19852469841672,121.97324173875108,120.617486918166,121.63870239257812,3211500.0
2023-11-14,123.28496485449988,126.56870018299834,123.1705277865372,126.0404815673828,4258800.0
2023-11-15,126.77116492151887,130.20454526488095,126.72714446928994,129.5618896484375,4766700.0
2023-11-16,129.64993627612043,130.46866030446515,128.2149527556784,129.3330078125,3729300.0
2023-11-17,130.0108693507147,130.3366099590252,128.7079472169418,130.2749786376953,3320200.0
2023-11-20,130.16056168601702,132.29981903140492,129.2978036530574,131.67477416992188,4733300.0
2023-11-21,131.61311513105983,132.15013239233218,130.73275984590222,131.85081481933594,3080700.0
2023-11-22,132.898442536055,133.14494094639943,132.00047636513983,132.71356201171875,2640200.0
2023-11-24,133.0833174411432,133.84922230160046,132.71356980391707,133.84042358398438,1644400.0
2023-11-27,132.96888026000414,133.3210304972575,131.6747701167168,131.69236755371094,3320000.0
2023-11-28,131.78918069082494,133.00407525704244,131.15532382437715,132.7047576904297,3073900.0
2023-11-29,133.3914414971755,135.09933296279272,133.3298101770225,134.06930541992188,2981600.0
2023-11-30,134.5622872893771,134.75596649305487,132.72233485443851,133.47064208984375,4664400.0
2023-12-01,133.8051884644401,136.4286431360338,132.9512428663346,136.37582397460938,3945300.0
2023-12-04,135.32820533574167,137.5378920994374,134.9496456063413,137.26498413085938,2717800.0
2023-12-05,136.45507139937226,136.92165863337573,135.1873576190022,135.715576171875,2485300.0
2023-12-06,136.47271712272354,137.38828095730116,135.97972017847718,136.7104034423828,2995800.0
2023-12-07,137.2209913086134,138.75281453395513,136.89526411062613,137.77561950683594,3241200.0
2023-12-08,137.39707036408203,138.81442962757103,137.3002307351252,137.59954833984375,2845900.0
2023-12-11,137.0273341493902,137.6611912115554,136.31424831274424,137.14178466796875,3742100.0
2023-12-12,137.29143052981945,138.31264608164585,136.38466548576133,136.78082275390625,3039900.0
2023-12-13,136.31423791789038,138.55914705577314,135.5923534168481,138.43589782714844,4058100.0
2023-12-14,139.94129122579008,143.91168898655454,139.78282027881784,142.9344940185547,6401900.0
2023-12-15,142.06293456809297,144.21100371147838,140.9096712410679,143.44509887695312,8738200.0
2023-12-18,143.83245463128682,144.2198131164124,142.08054273107092,142.239013671875,3883800.0
2023-12-19,142.6263580509717,142.79362770813736,140.99770879748473,142.28302001953125,3926500.0
2023-12-20,138.10134557434495,141.33224824000837,137.775618379024,138.1805877685547,5624500.0
2023-12-21,138.744017463785,139.02572420867617,136.66637816672753,138.35665893554688,3778600.0
2023-12-22,139.09614955908123,140.49591138448395,138.9376920391445,139.3162384033203,2332500.0
2023-12-26,138.2597989248756,139.57151969024753,138.2597989248756,139.12254333496094,2384000.0
2023-12-27,139.11374688320234,139.48349449354492,137.57312512353042,138.07492065429688,3116400.0
2023-12-28,137.24741925621288,138.88488104954197,137.24741925621288,138.4887237548828,2254900.0
2023-12-29,138.28622599081376,139.26342100904472,137.4498910586529,138.41827392578125,2186500.0
2024-01-02,138.16296992698966,141.31464367254887,137.59954304378758,139.3954620361328,4363800.0
2024-01-03,138.45349109306937,140.23179924665726,137.49389354240878,138.69117736816406,3257200.0
2024-01-04,138.25981990774747,139.3778750403835,137.69639298234526,138.20700073242188,3173400.0
2024-01-05,137.70517583008606,140.3814634921744,137.55551703952577,139.72999572753906,2537300.0
2024-01-08,139.59796622413668,140.84806931596196,138.6383686014533,140.78643798828125,2469500.0
2024-01-09,139.99412126445245,141.0857533772299,139.3602642936718,140.80404663085938,2639500.0
2024-01-10,140.98010753866367,142.15978050317753,140.29343142898205,141.93089294433594,2399200.0
2024-01-11,142.12457466941893,142.15098425616134,139.87086704635357,140.19659423828125,3341800.0
2024-01-12,141.05934512475002,141.7372225591431,139.3514534613781,139.3690643310547,3474500.0
2024-01-16,139.24578049746728,139.24578049746728,136.5783053137165,136.74557495117188,5331400.0
2024-01-17,135.1961601598794,136.29660420585165,133.83160685624287,136.0677032470703,3930000.0
2024-01-18,136.6839773288363,138.14537054631165,135.41627681108324,137.80203247070312,3095800.0
2024-01-19,138.1805888451571,138.92888287174583,136.47269722787885,138.11895751953125,3097600.0
2024-01-22,138.90247650041226,140.22300962477908,138.4887083801247,139.62437438964844,2631600.0
2024-01-23,140.00290307925405,141.2618181506429,139.650766330517,140.90966796875,3443000.0
2024-01-24,141.55234289433207,141.57876591559076,137.80203361926092,137.84605407714844,3187600.0
2024-01-25,139.58036219155943,141.1473938505477,139.2370240962341,140.60157775878906,4070000.0
2024-01-26,140.91849325404405,142.04534707482375,139.31624000168586,140.24061584472656,2818200.0
2024-01-29,139.45710761340405,139.75642523719827,137.77562550942696,139.11376953125,5459700.0
2024-01-30,129.23616885743468,131.6131256303481,127.27298017620566,127.704345703125,16983600.0
2024-01-31,127.48426172216058,128.17093785087616,124.92242431640624,124.92242431640624,10906800.0
2024-02-01,125.01044242879716,125.62668840202647,122.8975952539667,125.37139129638672,6774900.0
2024-02-02,124.90481229389222,125.35378865387946,122.85358286524448,124.87840270996094,4343000.0
2024-02-05,124.358995231756,124.358995231756,122.2813560128514,122.43982696533205,4536700.0
2024-02-06,124.75515282819693,128.91041739758256,124.43822438959106,128.46144104003906,7566800.0
2024-02-07,128.60230452007124,130.10770456851188,127.73074793249894,129.62351989746094,3985200.0
2024-02-08,129.23615908509473,130.36301278012917,128.39982424734887,130.22215270996094,3316400.0
2024-02-09,130.02850200727704,130.14295251854998,128.4526716050564,128.7607879638672,2825900.0
2024-02-12,128.97206047882486,130.2485730665573,128.84001254784303,129.8083953857422,3253700.0
2024-02-13,128.54067916274272,129.14812650045326,126.15492369896408,127.56348419189452,3706000.0
2024-02-14,127.8275574666641,128.43500463322593,126.30454690931602,126.96481323242188,3831400.0
2024-02-15,127.88920762786763,129.84359730707578,126.92081150460064,129.3946075439453,3855400.0
2024-02-16,129.6705868859025,132.63504714203194,129.02962177193947,132.11871337890625,5442400.0
2024-02-20,131.64690277310947,133.32943291697478,130.89020364428035,132.32347106933594,4254900.0
2024-02-21,132.4658992367123,133.02673351322125,130.8901922286768,131.99407958984375,3017100.0
2024-02-22,131.5756748071772,133.42735030697636,131.0326352924101,133.29380798339844,3027500.0
2024-02-23,133.48966894260948,133.89917974751268,132.24335533429456,132.3145751953125,2414200.0
2024-02-26,131.82495811509315,131.98519262787335,130.47180781070207,131.30862426757812,3052900.0
2024-02-27,131.30860038100147,132.48370759615966,131.19286642029093,131.99407958984375,2382200.0
2024-02-28,131.24629290291193,132.0831093031241,130.91691292641127,131.54898071289062,2258700.0
2024-02-29,132.50150220998853,133.133569923515,131.53115717016453,131.98516845703125,3338600.0
2024-03-01,131.76264530574494,132.2878901650439,130.72108014484635,131.80715942382812,2936200.0
2024-03-04,132.7151620256516,135.52828513316112,132.33235700815848,134.07720947265625,4562200.0
2024-03-05,133.60540042317808,134.9229338679407,132.64395269306507,133.23150634765625,3614400.0
2024-03-06,134.42437417210692,136.24934355809006,133.8635264098722,135.80422973632812,3471200.0
2024-03-07,136.40962190414845,137.86959516592916,135.73305356754773,136.5698699951172,3514800.0
2024-03-08,137.03277468435022,138.1633679254144,136.08913527991857,137.0594940185547,3448900.0
2024-03-11,136.99714469843016,138.190046595405,136.68555955970226,137.7627410888672,3266000.0
2024-03-12,137.79839447586846,140.35335822735334,137.4156029329455,140.10409545898438,3879500.0
2024-03-13,140.4334227340387,141.46609014864433,137.58469674874468,137.77163696289062,4244800.0
2024-03-14,137.54021671069927,137.7360679441758,135.89328958841023,136.99717712402344,4101600.0
2024-03-15,136.58765222013693,137.72715636285315,136.14253829606614,136.53424072265625,8821700.0
2024-03-18,137.16630980588573,137.3977641584862,134.86062291688407,135.03866577148438,5181600.0
2024-03-19,134.34428825087133,136.7835038689137,133.72113147194807,136.38290405273438,4210000.0
2024-03-20,135.75972720723234,137.8250620364436,135.32351073456348,137.77163696289062,2862300.0
2024-03-21,138.12776291395787,138.94677094413353,137.36216638386765,138.27020263671875,4036400.0
2024-03-22,141.2257568464978,141.5017253286045,138.90226142929615,139.1159210205078,3939400.0
2024-03-25,138.3859007726955,140.0328275407625,138.0031093611044,139.38296508789062,3807700.0
2024-03-26,140.07736069547818,140.64710598859048,127.32929108436642,128.005859375,18208800.0
2024-03-27,128.54000025516336,131.38872669246717,128.21951768197923,131.1572723388672,7078800.0
2024-03-28,131.10386472560677,132.68846927780697,130.5430168099653,132.3145751953125,5197000.0
2024-04-01,132.76857056124305,133.50746124867317,130.25813528530503,131.41542053222656,5421900.0
2024-04-02,131.4510502494089,134.4244080684265,131.24628805943274,132.77748107910156,4935000.0
2024-04-03,134.23744573427854,135.63510991871362,132.8219867739463,135.55499267578125,4314200.0
2024-04-04,136.47193435738484,137.35325124969086,133.1157715044419,133.5341796875,3689100.0
2024-04-05,133.25820942195764,135.05647348757697,131.91395667097234,134.74488830566406,3374000.0
2024-04-08,135.20780234325946,135.519373922364,133.54306712357095,133.63209533691406,3196400.0
2024-04-09,133.1157813221841,134.5757545844268,132.86651858842072,134.0416259765625,2664300.0
2024-04-10,131.9584775925941,132.19884292865558,130.06230140575275,131.09495544433594,4024400.0
2024-04-11,131.25521172448265,132.83981639605935,130.9525374802041,132.65286254882812,2232500.0
2024-04-12,131.7982603707418,132.02081737454793,128.5044194311716,129.00294494628906,4123900.0
2024-04-15,129.85753128774874,130.453982313312,127.68537317447436,128.9495086669922,3271000.0
2024-04-16,128.67352904535448,128.82487973545983,127.04442401355271,127.20465850830078,4197100.0
2024-04-17,126.85747518690272,127.67648322121131,125.8337185399669,126.63491821289062,4165700.0
2024-04-18,127.37381835077632,127.57856697843992,126.3055475138262,127.0711441040039,3430600.0
2024-04-19,127.43610141647667,128.29962345074946,126.90197289815607,127.09782409667967,5118500.0
2024-04-22,127.48954929756717,130.0356017499841,126.91089298613582,129.40353393554688,4578500.0
2024-04-23,129.97327892497435,133.30273630267266,129.30560797159265,132.52822875976562,6371100.0
2024-04-24,131.69137307958164,131.71809240685062,127.99693367203216,130.52517700195312,5284700.0
2024-04-25,131.70921882410747,132.13652442476385,129.33231189374365,131.210693359375,3553300.0
2024-04-26,130.7210468018272,132.39467941148953,130.7210468018272,131.3887176513672,2607600.0
2024-04-29,131.98518871874654,134.3175951448266,131.59349983784023,132.2433624267578,2654700.0
2024-04-30,131.34421350055723,131.9495755136018,130.5608222146985,131.29080200195312,2402900.0
2024-05-01,131.12164630991333,131.87834537126724,129.41241056886022,129.90203857421875,2842200.0
2024-05-02,131.29079577490378,131.58457258709186,130.4895961662444,131.05934143066406,2038800.0
2024-05-03,131.70922946068563,131.93178645997162,130.3471817117595,130.3560791015625,2039300.0
2024-05-06,131.3709306242105,131.58457661503368,130.1246034812796,130.56971740722656,2073600.0
2024-05-07,131.1928967879711,131.53118777678534,130.30266878271368,130.94363403320312,3403500.0
2024-05-08,130.0800965261991,131.6914068533397,129.90205366278792,131.54898071289062,2799600.0
2024-05-09,131.82496778782175,132.10093630261517,131.05937114171658,131.80715942382812,2510600.0
2024-05-10,132.3292244487309,133.21136919138655,131.87915564595107,132.6532745361328,2504500.0
2024-05-13,133.08535154529093,135.72274815796652,133.08535154529093,135.56072998046875,4185600.0
2024-05-14,136.2898297150446,138.0991012455848,133.11234526297144,133.16635131835938,3597300.0
2024-05-15,133.63442669006966,134.1204949235699,133.03132244488057,133.16635131835938,2695900.0
2024-05-16,133.67043667296824,135.04764613382832,132.66228693299487,134.714599609375,2298700.0
2024-05-17,134.6425913562077,134.7596136459293,133.3823904050048,134.3365478515625,1956700.0
2024-05-20,133.5084134279648,134.63358541113598,132.58125907762297,132.85130310058594,1812700.0
2024-05-21,132.71627661027384,132.96831401415594,130.62795099524112,130.8979949951172,2750200.0
2024-05-22,129.9978800091046,130.42994224276086,128.5216547870192,129.4127960205078,3590500.0
2024-05-23,128.7286721398337,128.88169388233496,125.1461283680148,125.20914459228516,4437200.0
2024-05-24,126.28030246507036,126.46034097964278,124.15597710221208,124.8130874633789,2995400.0
2024-05-28,124.21898325093387,125.31715217267764,122.63474609030789,123.84092712402344,3314700.0
2024-05-29,122.70677697216014,123.24685134725974,120.88849498546574,120.98751068115234,3996900.0
2024-05-30,120.87948019943572,123.30986286706052,120.24039015306852,123.19284057617188,4077000.0
2024-05-31,123.81393360863768,125.1821466504397,122.5267296570384,125.05611419677734,5887400.0
2024-06-03,125.69521487765223,125.8302300246828,123.63390580126318,124.5970458984375,2728300.0
2024-06-04,124.13797539969624,124.49802493318376,121.96864056265926,122.08566284179688,3874800.0
2024-06-05,122.55372463197084,123.9399441810421,121.69859668767872,123.8319320678711,3109000.0
2024-06-06,123.3278433431422,123.9669470603241,122.28369420205593,123.82292175292967,2852500.0
2024-06-07,123.2288288560094,125.6502011368946,122.76076720495315,123.89493560791016,3209300.0
2024-06-10,123.11181636073658,124.2729877549598,122.78776629385888,123.9309310913086,3633000.0
2024-06-11,123.10280428999114,124.2009731810279,122.82376385186042,123.63389587402344,2659800.0
2024-06-12,124.6510402835619,124.73206309920224,122.60773799647072,122.80575561523438,3484600.0
2024-06-13,122.70675952496588,122.70675952496588,120.44740544509602,121.4195556640625,4944200.0
2024-06-14,120.7084582842196,122.14867021073304,119.62828217057222,122.1036605834961,3800200.0
2024-06-17,121.97763420128204,122.67974039001574,121.23051838814048,122.28369140625,4117600.0
2024-06-18,122.68874859958434,123.53488007892769,120.54641687401364,120.79845428466795,4104100.0
2024-06-20,120.63644410296465,123.75992265059658,120.28539099096903,123.20182800292967,4165700.0
2024-06-21,122.97677887124604,124.75005081644476,122.67973185283628,122.9587860107422,9144100.0
2024-06-24,124.0389585548644,125.69520836939448,123.44486446867128,124.75907135009766,3695900.0
2024-06-25,124.25498943040456,124.25498943040456,120.66344916299796,120.94248962402344,4818700.0
2024-06-26,122.85077576293163,125.0741167330218,121.60859521513532,124.35400390625,6104300.0
2024-06-27,124.2099787042717,124.2099787042717,121.68959095453744,122.26567840576172,3732500.0
2024-06-28,122.58074119486562,123.4988854632228,122.1486789594667,123.18384552001952,6609600.0
2024-07-01,122.99480780772464,124.30901481864537,122.02265749862104,122.37371063232422,2668200.0
2024-07-02,122.06764690867892,122.38270052764165,120.67243103685698,121.43755340576172,3280400.0
2024-07-03,122.1846773207924,122.85978049069176,121.68959891586434,122.0136489868164,1539900.0
2024-07-05,121.40155868609386,122.8327879672854,121.01450609505542,122.73377227783205,3237500.0
2024-07-08,122.733755339479,123.60688982551922,121.88762388001663,121.99563598632812,2773700.0
2024-07-09,121.7526067708012,122.30169125592832,120.55542211519588,120.87047576904295,3116800.0
2024-07-10,120.9244825189412,122.20267626941344,120.4474106872512,122.1036605834961,2834800.0
2024-07-11,122.31969919994002,125.16413734223184,122.21168708200814,124.43502807617188,3449600.0
2024-07-12,125.11911630873456,129.06172307395357,124.84007587284164,128.13458251953125,4801300.0
2024-07-15,128.7286655241819,130.7449785720652,128.49463470679729,129.75482177734375,4164000.0
2024-07-16,129.64682211829623,132.8333170291516,129.64682211829623,132.61727905273438,3805100.0
2024-07-17,132.3112393431189,133.0313384817776,131.78014768609376,132.66229248046875,2863600.0
2024-07-18,131.43809142699666,133.35537510559843,130.0248688534877,130.3039093017578,3412900.0
2024-07-19,131.30304282653762,131.31205299126333,128.93569071989586,130.68194580078125,3073800.0
2024-07-22,131.19503072988684,131.57308680317175,129.34074981734346,130.68194580078125,3629800.0
2024-07-23,117.14390303197531,119.05219028878184,112.49919673309236,114.9295654296875,25353900.0
2024-07-24,113.87639690484538,116.34277172884588,112.33716260587951,115.69467163085938,11642500.0
2024-07-25,116.36078400721568,116.6128214204069,113.9034054935925,114.38948059082033,7761900.0
2024-07-26,115.97371811054276,116.89186225310934,115.63167518292693,115.9647216796875,7271300.0
2024-07-29,116.24377258808352,116.33379184477732,114.90256944690836,115.7667007446289,5414300.0
2024-07-30,115.84770544861048,117.7920059454986,115.63168121674045,116.1447525024414,4747700.0
2024-07-31,116.34277958861544,118.05303545800342,114.72252923418996,117.3509292602539,7025800.0
2024-08-01,117.95401834939078,119.25922878313632,116.66682824743243,117.53996276855467,4790600.0
2024-08-02,116.9098710315252,117.59397063453204,114.49749522143205,115.27161407470705,5099000.0
2024-08-05,114.16445703007568,115.1726067784323,113.23731637185269,113.43534088134766,5243000.0
2024-08-06,113.47132804892192,115.02856890440508,111.99510313739653,112.0671157836914,5608300.0
2024-08-07,112.74224029883077,114.41649687183056,110.94196500463784,111.00497436523438,4741900.0
2024-08-08,110.8969379449586,113.72336916319428,110.82493216381243,113.60635375976562,3823200.0
2024-08-09,113.7233785785648,113.7233785785648,112.2291537666338,113.25531005859376,3825000.0
2024-08-12,113.42633386572052,113.52534954498128,112.1301336044919,112.39117431640624,2549500.0
2024-08-13,112.7962358383056,114.28146419097216,112.38217338336604,113.8583984375,3057600.0
2024-08-14,113.741388838515,114.13745158413184,113.17430461706762,113.79539489746094,3155700.0
2024-08-15,115.1095948440506,116.47780098657157,115.1095948440506,115.7126922607422,4448300.0
2024-08-16,115.67665607499764,117.07187183717596,115.55063738431744,116.70281219482422,3255900.0
2024-08-19,116.46581601356236,118.39840716653052,116.35642169945112,117.55061340332033,3157800.0
2024-08-20,117.44123370032936,117.778520686342,116.31084657898673,117.48681640625,2342300.0
2024-08-21,118.1887197121694,118.30723194802964,116.3108293494843,116.59342956542967,4895900.0
2024-08-22,116.84868244237968,116.84868244237968,114.98902772794342,115.62714385986328,5083000.0
2024-08-23,116.25615152851636,117.83321298362176,115.71831177068977,116.65725708007812,6310300.0
2024-08-26,117.47769095749338,118.1249319947386,117.04012758450284,117.83321380615234,4501400.0
2024-08-27,118.19784459793516,118.26164924886132,116.0008892509587,116.59342956542967,3214000.0
2024-08-28,116.3290824605446,117.37741514742966,115.45394875530576,115.94621276855467,3361100.0
2024-08-29,116.70283923798311,116.94896080810518,115.55422322613651,115.75477600097656,3477600.0
2024-08-30,116.23792610995832,117.32272359025376,115.6727325389616,117.1859893798828,4116100.0
2024-09-03,116.3108460663544,116.97632296810694,115.82769998748076,116.2288055419922,5821200.0
2024-09-04,116.40200746271296,118.0793452601869,115.89150760504964,117.52326965332033,5710400.0
2024-09-05,117.86055543601692,117.86968032268726,115.490407853057,116.13764190673828,5311100.0
2024-09-06,116.38377171243393,116.81222409403804,115.50863804051546,116.26526641845705,3590200.0
2024-09-09,116.5022883798978,118.2525557901165,116.32908244333277,117.48681640625,3770800.0
2024-09-10,117.9881812518744,118.64453325169792,117.16774820703928,118.3528289794922,2590100.0
2024-09-11,117.84233079122828,117.84233079122828,115.17134020690976,117.14039611816406,3404400.0
2024-09-12,117.48681578363744,117.6417858550352,116.21057652901212,117.06747436523438,3443500.0
2024-09-13,117.29536918481094,117.40475654605424,114.55146289781462,115.99178314208984,5214500.0
2024-09-16,116.85780815594926,118.0611108832416,116.65725538308575,117.51416015625,4589600.0
2024-09-17,118.50780072779696,119.87519842850232,117.97907194767092,119.10033416748048,3141700.0
2024-09-18,119.41939919493386,120.44950991396296,118.92714214303098,119.10033416748048,2939600.0
2024-09-19,121.01469525960152,121.76221267166156,120.13955461985908,120.4495086669922,4092300.0
2024-09-20,117.14040197296372,117.7785181122395,115.35366982804725,117.2315673828125,14211500.0
2024-09-23,117.9426143582356,117.96083631249384,116.547862858656,117.35919189453124,2991700.0
2024-09-24,117.9608273100163,118.33458599211676,117.24978167132588,118.07022857666016,3829500.0
2024-09-25,118.08844276119598,120.1577748863264,117.81497438729542,119.88429260253906,5048200.0
2024-09-26,120.85061667924724,122.36385957838232,120.85061667924724,121.54342651367188,3997100.0
2024-09-27,122.1268473996352,123.61275734790756,122.1268473996352,122.39120483398438,4104400.0
2024-09-30,122.84700339227275,124.82517038016267,122.84700339227275,124.2873306274414,4115600.0
2024-10-01,124.25087362177672,124.3967327146208,120.34010841549116,121.48873138427734,3658500.0
2024-10-02,121.68928627049816,122.50971933967352,120.8232565853933,121.251708984375,2258400.0
2024-10-03,120.8688310154034,120.8688310154034,118.8086235963884,119.16414642333984,3635000.0
2024-10-04,120.194257708905,120.73209744042585,118.890664730088,119.64729309082033,3270500.0
2024-10-07,119.45584837592732,120.13043620039204,118.64452635523426,119.6017074584961,1955600.0
2024-10-08,119.88431789361354,120.13045339193611,118.96360838417752,119.38294982910156,2618200.0
2024-10-09,120.2671748556904,121.65280837169236,120.11220479092326,121.24259185791016,2703900.0
2024-10-10,120.97824999897416,122.22713556449018,120.83239089222909,121.09674835205078,2462600.0
2024-10-11,121.488729011664,122.974625022592,121.33375894475192,122.70115661621094,2429800.0
2024-10-14,122.15419506121884,122.91993443815468,121.47960718541036,122.67381286621094,2319600.0
2024-10-15,123.01110744542238,124.34203350515769,121.85337342149072,121.97188568115234,2957500.0
2024-10-16,122.61909257107376,124.21438972937136,122.61909257107376,123.8315200805664,4056700.0
2024-10-17,123.84066551417123,124.18706349586648,123.04756533658956,123.43955993652344,3800700.0
2024-10-18,124.10500837796104,124.38760166265992,123.23899266069051,123.91356658935548,3237500.0
2024-10-21,121.71663300023764,122.0174621679624,119.51967732405588,119.72023010253906,4414000.0
2024-10-22,119.25531988508568,120.42216482723016,118.29813869866854,119.72023010253906,3280100.0
2024-10-23,119.63818179306789,120.42215699161164,119.00005177038562,119.79315185546876,3454500.0
2024-10-24,132.1817759553259,132.19088693231467,124.4970076575662,126.1196517944336,11959800.0
2024-10-25,126.1105333162532,127.92461934118144,125.05307571649936,125.28097534179688,4916700.0
2024-10-28,125.1898106259629,125.60913810271948,123.22075473281932,123.37572479248048,4069000.0
2024-10-29,122.83788837146422,124.04120497511468,122.12684270926646,122.43678283691406,3061700.0
2024-10-30,122.15420260455436,123.35751933680892,121.78956875775036,121.97188568115234,2754600.0
2024-10-31,121.83513409847062,122.99286808954548,121.26994747899764,122.20889282226562,3303600.0
2024-11-01,122.6829294238022,123.40308612798754,121.63458278898604,122.19978332519533,2266700.0
2024-11-04,122.48236628593544,122.8561249826676,120.42215883034577,121.24259185791016,2422200.0
2024-11-05,120.96911720290932,122.02657479284616,120.39481961121584,122.00833892822266,2537900.0
2024-11-06,123.38486138651342,123.78595303846018,120.51331779240074,122.08126831054688,5624600.0
2024-11-07,123.2025301904087,123.43042981259582,122.19065531150224,122.29093170166016,3075500.0
2024-11-08,122.2544614634109,122.2635724398128,120.54977691378366,120.73209381103516,3111700.0
2024-11-11,120.9326603328314,121.90806349456363,119.63819213218449,119.97547912597656,4684100.0
2024-11-12,120.26718459277286,120.60448549976354,118.51691712501211,118.63542938232422,3243500.0
2024-11-13,119.10033783586437,122.43679166672408,118.32548746086522,121.86248016357422,5345600.0
2024-11-14,121.83513053307766,122.09037699310488,120.36745643297674,120.91442108154295,2971300.0
2024-11-15,120.58624847350188,122.25447539777564,120.41304253291057,122.218017578125,3337600.0
2024-11-18,122.08880972755696,124.86648650873072,121.83964495442228,124.70038604736328,4037800.0
2024-11-19,124.340466346288,124.340466346288,122.43022688109332,122.91931915283205,3835900.0
2024-11-20,123.08544716332544,123.12235368099662,120.723035762056,121.89500427246094,3848600.0
2024-11-21,121.59971114747226,122.31950793871896,120.89836057471088,121.23057556152344,3014700.0
2024-11-22,121.51666003903378,124.66347260577398,121.51666003903378,124.41432189941406,3677500.0
2024-11-25,125.48478366068888,127.96716625380895,125.48478366068888,126.92437744140624,5029000.0
2024-11-26,126.6290583151724,126.9704963916472,123.94365516586085,124.54349517822266,3424800.0
2024-11-27,124.72805352698674,126.5183222588456,124.72805352698674,125.2079086303711,2453400.0
2024-11-29,124.39585177804112,126.02924335177136,124.24819753927927,125.24484252929688,1533500.0
2024-12-02,125.6324175528394,125.6324175528394,122.86396409060752,123.6760482788086,2832300.0
2024-12-03,123.62069125892177,123.85139573239005,119.51414036631944,119.69871520996094,5604700.0
2024-12-04,119.62487776427253,119.62487776427253,117.9361194745061,118.8404769897461,4793200.0
2024-12-05,119.42186005686352,119.6710107352902,117.61313089474162,117.74232482910156,4632500.0
2024-12-06,118.21297507464628,118.62824030096668,115.73059274517372,115.91515350341795,5745000.0
2024-12-09,116.4411512879562,118.84969928939137,115.85977860354647,118.60977172851562,6139500.0
2024-12-10,119.32035888079444,120.81531939282604,118.17605960031209,120.16934967041016,6415900.0
2024-12-11,120.27085933072968,120.41851357509088,118.92353899283032,119.15424346923828,7485500.0
2024-12-12,119.28342753855254,119.44954206997896,117.75155360309331,119.02503967285156,4980100.0
2024-12-13,119.07119389236458,119.0804170022815,117.73311073805252,118.82202911376952,4284800.0
2024-12-16,118.65592590286973,120.24317379904532,118.3329340091624,118.62824249267578,4515900.0
2024-12-17,118.1206881292026,118.914312065814,116.99484919398446,117.49317169189452,3549500.0
2024-12-18,117.10558632578976,117.31783048813828,114.19870869632058,114.2633056640625,4849400.0
2024-12-19,114.494016364081,115.03848258517698,112.88831519233992,113.1836166381836,6391800.0
2024-12-20,114.4663308250406,117.03176340820312,112.59301165275464,115.97975158691406,12899000.0
2024-12-23,115.65676784633048,116.210457172236,114.66012283537545,116.04434967041016,3419000.0
2024-12-24,115.54601500271542,116.56111316678466,114.89081521462944,116.51497650146484,1579200.0
2024-12-26,115.88746487621088,117.2532313230283,115.7582709431482,116.60726165771484,3011100.0
2024-12-27,116.13662940445757,117.0686774395414,115.6752204620159,116.3765640258789,2904000.0
2024-12-30,115.49065988050168,116.11817632481794,114.6232088143917,115.64753723144533,2953900.0
2024-12-31,115.7029024629852,116.39501586821876,115.38914776540597,116.3673324584961,3400800.0
2025-01-02,117.2347869264895,117.40089443020416,114.00492427468151,114.30945587158205,3050500.0
2025-01-03,114.39250357058772,114.73394872081454,113.28512493070129,114.23562622070312,3490400.0
2025-01-06,115.07538587843456,115.35223405638652,114.2540785351964,114.62320709228516,5049200.0
2025-01-07,115.51833913575598,117.27169446480096,114.43864393733018,115.33377838134766,3725300.0
2025-01-08,116.19200087541036,116.9948479128001,115.55525429496343,116.97639465332033,4536300.0
2025-01-10,115.36146211915197,115.74904392883865,113.41431588026782,113.76498413085938,5231800.0
2025-01-13,113.8203467121558,115.50910501504976,112.17773211654838,115.36145782470705,6939200.0
2025-01-14,115.6936771515792,116.21045289801177,114.94618990058466,116.1273956298828,4247600.0
2025-01-15,117.6592752057309,118.08377056945132,116.81028447829009,117.631591796875,4315900.0
2025-01-16,119.51413832666906,120.57538733516184,118.83126210875052,119.91095733642578,5471300.0
2025-01-17,120.104744916997,120.50156393901652,119.4403148977282,119.7171630859375,4261100.0
2025-01-21,120.3538986518961,123.26078323975833,120.10473389726047,122.61479949951172,5282700.0
2025-01-22,122.42102194245852,123.13158156356532,121.11984536705532,122.31951141357422,4420700.0
2025-01-23,122.67939749512256,123.35305052945267,121.82116964057548,123.29768371582033,3282600.0
2025-01-24,123.1039045541703,123.5653135128907,122.30105747194364,122.76246643066406,3212300.0
2025-01-27,123.56530572201672,126.2968527810926,123.4176655661588,125.74315643310548,4944400.0
2025-01-28,125.28174938734664,126.4168255096802,124.9034047609854,124.9679946899414,3094500.0
2025-01-29,125.5309148103366,126.03846745942288,123.31615753570256,123.45457458496094,4262100.0
2025-01-30,108.32959099124942,108.87405720465372,101.15929912036464,106.03177642822266,41170400.0
2025-01-31,106.13328712054832,107.59133403072026,104.6106361993874,105.41349029541016,15844600.0
2025-02-03,103.66013273309784,103.87237689989313,100.95627610003784,102.70040130615234,12635200.0
2025-02-04,102.74652913400098,103.49401632983096,101.70374756818067,103.14334106445312,9347800.0
2025-02-05,103.09720580773028,103.97387990206865,102.44200601418056,103.26331329345705,7122900.0
2025-02-06,103.67857685991774,105.0812638374885,103.60474974730012,104.7121353149414,6318200.0
2025-02-07,105.08127981367691,105.16433004759268,103.92775740567788,104.37993621826172,4830700.0
2025-02-10,104.7582822933686,105.9118046395544,104.05694577607768,105.34889221191406,6101500.0
2025-02-11,105.2012381562192,105.85643800513417,104.66600209692248,105.6903305053711,4589100.0
2025-02-12,104.60140211400636,105.97639874210734,104.54603529586072,105.44116973876952,5172900.0
2025-02-13,105.69956236975696,107.1668394410091,105.52422471701291,106.71466064453124,5854000.0
2025-02-14,107.10223133201248,107.74820801463017,106.73310984542074,107.24988555908205,5942300.0
2025-02-18,107.22181737603968,108.37312574581696,106.63211622639923,108.0361557006836,5407800.0
2025-02-19,107.60558634901209,108.0548821308812,106.94100850976032,107.64302825927734,4252000.0
2025-02-20,107.61494287687108,109.16874279284664,107.50261715206132,109.14066314697266,5801200.0
2025-02-21,109.00025803688948,109.37466997916998,107.88639161378008,108.887939453125,6459900.0
2025-02-24,109.12195014141685,110.52598962195596,108.4480100481478,108.72882080078124,6269900.0
2025-02-25,109.0096171358818,110.76934392982548,109.0096171358818,110.55406188964844,4985600.0
2025-02-26,110.5447002969373,110.98463378341576,109.25298662411186,109.412109375,3445300.0
2025-02-27,109.51507287035106,111.13440144898811,109.50571060814477,110.10476684570312,4821600.0
2025-02-28,110.26389103394416,111.9768135807793,110.26389103394416,111.41519927978516,8754900.0
2025-03-03,112.1546655816102,113.24045946517452,111.17183515739468,111.6304931640625,5165100.0
2025-03-04,110.90974606906008,111.0688759556672,109.14065706445405,109.3185043334961,5387000.0
2025-03-05,109.9643639124224,111.93937267460016,109.8145962887864,111.40583801269533,6812000.0
2025-03-06,111.33096948224292,112.8660520301838,110.61022523809534,112.79116821289062,5742100.0
2025-03-07,111.94873865209748,113.87695759318687,111.68665244334896,113.83951568603516,5635800.0
2025-03-10,113.29660981191331,115.78643574003814,112.36994589223605,112.90348052978516,6279900.0
2025-03-11,112.57587456930266,112.86604756450424,108.52288631173624,108.916015625,6498300.0
2025-03-12,108.485446932007,108.64456968518088,107.59621768407328,107.88639068603516,4970900.0
2025-03-13,108.363754770513,109.9550036648854,107.60557580057844,107.85830688476562,4629100.0
2025-03-14,108.3824815464416,109.44018864979893,107.72725887938694,109.2904281616211,4020700.0
2025-03-17,109.51507758640746,111.18120326519728,109.44019376815952,110.50726318359376,4427900.0
2025-03-18,110.48853938822408,111.3871237311141,110.32005437760012,111.2560806274414,3930700.0
2025-03-19,110.79742686210616,111.2654399747666,108.82241095537402,109.95500183105467,5010300.0
2025-03-20,108.83177581500271,110.6476691398459,108.8130584309992,109.4963607788086,3655600.0
2025-03-21,107.04396820914974,108.03615380164976,105.26551681138795,107.73662567138672,19575300.0
2025-03-24,108.31696188707042,109.6929216564898,107.87702839439198,108.391845703125,6611600.0
2025-03-25,108.41992326125506,108.5790460113219,102.85992499924804,102.91608428955078,10645500.0
2025-03-26,103.61809880774932,105.16254348575048,103.29985332351237,103.90827178955078,6609200.0
2025-03-27,103.73042452405764,104.62900883058424,103.35601261100987,103.90827178955078,4031700.0
2025-03-28,104.14228631646644,104.2171629917585,102.60720378261504,102.64464569091795,3284100.0
2025-03-31,102.03622003391963,103.7678671091296,101.37164227603098,102.95352172851562,6536100.0
2025-04-01,102.97225286293724,103.05649180014348,101.25932305993943,102.27023315429688,5877400.0
2025-04-02,101.88645903035663,103.43090381880975,101.64309019827394,103.15009307861328,4540000.0
2025-04-03,99.91143975554648,100.51985824527466,93.57454519599946,93.71495056152344,10057700.0
2025-04-04,92.039468213018,94.15488251892752,90.39205991793072,91.4591293334961,9567700.0
2025-04-07,88.92249809185293,92.85380567728298,87.26573469063547,89.44667053222656,8729800.0
2025-04-08,91.54337472029404,91.54337472029404,84.90694455983619,86.03953552246094,8233800.0
2025-04-09,85.34687941326509,93.78047848389892,84.75718540758191,93.28438568115234,8849800.0
2025-04-10,91.84290395636351,91.852259077702,87.96775561066977,90.38269805908205,7553700.0
2025-04-11,89.62452143389862,93.32182259475049,87.6214256514853,90.86943817138672,5544100.0
2025-04-14,92.17050939158877,94.48249545727174,91.72121363278114,92.3577117919922,4926900.0
2025-04-15,92.18922842617286,92.2641122442009,90.0644518641533,90.3265380859375,5767000.0
2025-04-16,90.27973473440956,90.46694428118022,87.53717736071721,88.17367553710938,4632800.0
2025-04-17,88.86633965130157,91.09407968556096,88.6042534286021,90.26101684570312,4740100.0
2025-04-21,89.45603114190426,90.1767682341012,88.56680903394114,90.092529296875,3930800.0
2025-04-22,90.11124831728635,91.5433745479728,89.91468365220717,90.64478302001952,4305300.0
2025-04-23,92.2734703007208,93.43414086199331,90.76646745284076,90.9911117553711,5817200.0
2025-04-24,90.79454430409233,92.6478793815496,90.12996653779317,92.59171295166016,6641000.0
2025-04-25,91.76801262637552,92.33898919910187,90.89750794511345,91.64633178710938,4577700.0
2025-04-28,91.63697028989633,92.62915581870392,90.34524950874014,90.8787841796875,8664600.0
2025-04-29,89.85852202077595,92.47939843624074,89.40922626849404,90.54182434082033,10314600.0
2025-04-30,90.29845714854466,90.36397870305396,88.05199262901783,89.20330810546875,9305800.0
2025-05-01,88.78208700319587,89.94275753557336,87.58397456444317,88.54808044433594,7501500.0
2025-05-02,89.85852111153946,91.41232813359036,89.75555765146072,90.2329330444336,5689600.0
2025-05-05,89.54963399605909,90.27973336409777,88.93186035437786,89.44667053222656,5406800.0
2025-05-06,88.92249011537538,89.40922060330276,87.8086166381836,87.8086166381836,5154300.0
2025-05-07,87.71502144619224,88.34215733704815,87.23764604597764,87.94902801513672,5890000.0
2025-05-08,88.6323275248636,91.30936315990698,88.4076760840629,90.74774169921876,6649600.0
2025-05-09,90.9817540031268,91.45912941831637,89.57771454541613,89.75556182861328,5619000.0
2025-05-12,94.15488298042656,96.26094217536222,93.930238665868,94.73522186279295,8336500.0
2025-05-13,94.89434279021653,94.96922660739568,92.95676865391746,93.4247817993164,7031800.0
2025-05-14,93.46222682193384,93.75239983784276,92.46067894306252,93.2750244140625,6175500.0
2025-05-15,93.5090278422382,93.98640324992547,92.89124706272364,93.93023681640624,4523300.0
2025-05-16,94.8007462609521,95.14707857648672,93.93024148196112,94.83818817138672,6321200.0
2025-05-19,93.65842157324876,94.32441718125858,93.59182201244776,94.2958755493164,6217700.0
2025-05-20,93.82016285178172,94.1817022897519,92.64039608578796,92.81165313720705,4671800.0
2025-05-21,92.00292481001252,92.47863798329864,91.15615594226776,91.1942138671875,5298600.0
2025-05-22,91.09907766309688,92.55475889150011,90.62336446381178,92.25981903076172,5179900.0
2025-05-23,90.96587386076092,91.49867029368824,90.6043344611041,90.73753356933594,3318500.0
2025-05-27,91.7460528996208,92.97339389165624,91.2798559714052,92.81165313720705,6117400.0
2025-05-28,92.90679429050915,93.28736632225537,91.8411940533814,92.0409927368164,3816500.0
2025-05-29,92.55476104529173,93.55376169056056,92.09808042828296,93.33493041992188,4593900.0
2025-05-30,92.97338869467826,93.23978692448188,91.93633014716288,92.80213165283205,6763200.0
2025-06-02,92.54523486109962,92.79260773652112,91.27984337344284,92.63086700439452,4274800.0
2025-06-03,92.23127719866568,93.63938420054038,91.54624903178288,93.31590270996094,4098100.0
2025-06-04,93.4966636789775,93.9723768512216,93.03998309855508,93.76306915283205,3933800.0
2025-06-05,93.94384325157662,94.0009337731141,91.88876594641653,92.16468048095705,4584200.0
2025-06-06,93.17318970962064,93.95335908457824,93.17318970962064,93.47764587402344,3043400.0
2025-06-09,93.7154995943691,94.95235680725932,93.6584163336782,94.48615264892578,4037200.0
2025-06-10,94.81915714117297,97.6734363000214,94.76206662200704,97.48314666748048,6902500.0
2025-06-11,97.62586514357108,98.30137702799254,96.04649380850674,96.24629974365234,4917400.0
2025-06-12,96.15115108259654,96.15115108259654,95.31389845138996,96.01795196533205,3106400.0
2025-06-13,95.51369487217627,96.56026245117653,94.86672463553492,95.14263916015624,4240000.0
2025-06-16,96.01795437705476,96.55075811830292,95.646898646954,96.17969512939452,4293700.0
2025-06-17,95.6564102606854,96.00844063866768,94.4956689017892,94.82866668701172,3800500.0
2025-06-18,94.78110241489564,95.38049844532148,94.17219008781964,94.3910140991211,4363000.0
2025-06-20,94.88575976860828,95.62787121251635,94.29587277685206,94.4480972290039,11096600.0
2025-06-23,94.31490060104598,95.57078321438344,93.93433583121646,95.5232162475586,5077200.0
2025-06-24,96.30337541004228,96.65539851062196,95.2472915906894,95.7325210571289,3686800.0
2025-06-25,94.7906090443627,95.40903765237626,93.82967361252764,94.54324340820312,6058100.0
2025-06-26,95.26632178262264,96.37949617520832,94.94284029436868,95.71349334716795,4161700.0
2025-06-27,96.09406278830316,97.0074312269173,95.55175005103828,96.26531982421876,5869900.0
2025-06-30,96.24629463715333,96.35094485927635,95.39000945627332,96.03697967529295,5446800.0
2025-07-01,95.85620813399925,100.74653916429968,95.82766650390448,99.39551544189452,6819300.0
2025-07-02,99.18621030323916,100.74654914600994,98.90077945639727,100.4135513305664,5243200.0
2025-07-03,101.26031275264218,101.2888543834332,99.07202911376952,99.07202911376952,2961300.0
2025-07-07,98.94834971692563,99.22426425546244,95.88475542005006,95.95135498046876,5299800.0
2025-07-08,96.3699844974428,98.66291843181328,96.28435234369044,97.40703582763672,6511400.0
2025-07-09,97.92079699087658,98.2347694246137,96.95034531973364,97.18820190429688,4566500.0
2025-07-10,97.74954983622406,99.4145460963974,97.50218418962552,97.92080688476562,3645800.0
2025-07-11,97.26432791634645,97.901781887468,96.27484355011816,96.3509521484375,4342900.0
2025-07-14,96.09406566171316,96.17018151524216,94.73352562981384,95.2568130493164,4030600.0
2025-07-15,95.4280751433809,95.77058924359048,94.68595642038832,94.69547271728516,4033400.0
2025-07-16,94.866734758048,95.3614805994035,93.75356750321026,94.79061889648438,4782700.0
2025-07-17,94.50518278266192,95.14263670648162,93.49666589758436,94.66692352294922,3949900.0
2025-07-18,94.87624881884224,94.93333208426525,93.79162322295768,94.4005355834961,4572400.0
2025-07-21,94.72400696483156,94.7620648906444,93.93432859533829,94.0960693359375,3750200.0
2025-07-22,94.38149488678896,96.30338025753184,94.19121251250884,96.22726440429688,5751700.0
2025-07-23,96.77909544990864,98.8912632385344,96.47463928949098,98.5011749267578,5079500.0
2025-07-24,98.11108898003096,98.47262838411608,97.15014632275378,97.54974365234376,3676800.0
2025-07-25,97.8732372061547,99.10057814355696,97.31189185084322,98.52971649169922,5473600.0
2025-07-28,98.05399619937154,98.348943300525,96.36045847693146,96.64588928222656,7045900.0
2025-07-29,93.4205560384948,93.4205560384948,86.31340001145675,86.42756652832031,26112300.0
2025-07-30,86.3800003993611,86.57979906460719,82.78360990731731,82.94535064697266,20976500.0
2025-07-31,82.67895277133847,82.85020980780726,81.59432729330521,81.97489929199219,15782000.0
2025-08-01,81.57529740276011,82.33644142534278,80.186215731533,80.3955307006836,11276600.0
2025-08-04,81.25182074655672,81.927332658864,80.65241743399092,80.89027404785156,8579500.0
2025-08-05,80.89026870551172,82.83117941748543,80.76658588764353,82.56478118896484,9513400.0
2025-08-06,82.58381906917076,82.75507612115689,81.5657930542553,82.06053161621094,6331600.0
2025-08-07,82.61236053325572,83.41155526835955,82.24130479784212,82.28887176513672,6839200.0
2025-08-08,82.29838041515809,82.82166781843048,81.58481064277233,82.46012115478516,6285100.0
2025-08-11,82.91680903667567,83.95386028873692,81.56578534252341,82.11760711669922,8701400.0
2025-08-12,82.42206823993313,83.99192328638033,82.29838541837103,83.18321228027344,7308600.0
2025-08-13,83.83018236240615,84.01095570484235,82.19372776024645,83.89678192138672,13633200.0
2025-08-14,82.78361230146703,84.97188864516785,82.4506145164264,84.24880981445312,12487300.0
2025-08-15,84.27734638180456,85.06703198089431,83.89677439656072,84.18220520019531,8897400.0
2025-08-18,84.33730583341323,84.76384170086526,83.74597470658807,83.8623046875,9385600.0
2025-08-19,84.19189445310325,85.60720926002492,83.99801854920939,85.11282348632812,7227600.0
2025-08-20,84.49241222019317,85.73323576261704,84.22097559888272,84.27914428710938,7076400.0
2025-08-21,84.19190166993268,84.25975898170132,83.3485332802211,83.5133285522461,6193200.0
2025-08-22,83.80414094016754,86.56692083155791,83.73628362960767,86.10160827636719,10230700.0
2025-08-25,85.83987912373313,85.94651310194537,84.80262738685339,85.0546646118164,6029900.0
2025-08-26,84.9189482673967,85.56844074272733,84.37608976812241,84.78323364257812,5478000.0
2025-08-27,84.92864139759108,85.35517728732877,84.48272087463445,85.17098999023438,5482200.0
2025-08-28,85.50058187449012,85.53935853743158,83.81383771394364,84.59904479980469,8618500.0
2025-08-29,84.55057940313213,85.83017969489244,84.3470074698853,84.76384735107422,6838500.0
2025-09-02,83.96894038999639,84.19189694648811,82.21433160545939,82.6214828491211,10058800.0
2025-09-03,82.75720268012547,83.2515884996183,82.1852561376422,82.67964935302734,7430900.0
2025-09-04,83.01893332150074,83.06740599839634,81.10922522773123,81.89443969726562,10741500.0
2025-09-05,82.02046174299043,83.69750993306923,81.6133178652029,82.43730163574219,8585400.0
2025-09-08,82.44699526046787,82.44699526046787,80.50820649381036,81.73933410644531,11783700.0
2025-09-09,81.65209163277177,82.33066473834707,81.47760034906783,81.81688690185547,7889700.0
2025-09-10,81.76841914149662,82.56332228263724,81.15770330975566,81.28372192382812,6684600.0
2025-09-11,79.90717794175518,82.27250256315426,79.49033806824455,82.05923461914062,10453500.0
2025-09-12,82.194953267331,82.41790984089671,81.3031121812833,81.76841735839844,5545500.0
2025-09-15,82.27250032226186,82.56331418681137,81.34188264309809,81.4485092163086,6389000.0
2025-09-16,81.84596160584933,82.73780259294847,81.72963162653097,82.59239196777344,6185500.0
2025-09-17,82.46638287722567,83.7265985794992,81.16739790660164,81.60362243652344,9007000.0
2025-09-18,82.07861638694513,82.48576023172586,81.42912395895323,82.44699096679688,8067300.0
2025-09-19,82.5051487640292,82.9898459099131,81.43881652226293,81.4872817993164,18120200.0
2025-09-22,81.2352521002425,83.07709550774813,80.58575224398183,81.65209197998047,10224300.0
2025-09-23,81.88474515891424,83.10618415896047,81.5454586022048,81.82658386230469,7486300.0
2025-09-24,81.72963932458114,82.41790845961943,81.14800416498889,81.33219146728516,6988400.0
2025-09-25,81.23525173962162,81.41943164201926,79.83932147025092,80.0525894165039,9021100.0
2025-09-26,80.20768982773937,81.3127988416323,80.11075186783323,81.15769958496094,6845800.0
2025-09-29,81.36127148207743,81.93321062238492,80.90565493524683,81.91382598876953,7275300.0
2025-09-30,81.91382446674615,81.96229714372237,80.11075034243397,80.9735107421875,9876200.0
2025-10-01,80.83779464072545,82.01076092231783,80.7699373317372,81.79749298095703,7074800.0
2025-10-02,82.078623864049,84.44394861834904,81.95260525182036,82.95108032226562,9815500.0
2025-10-03,83.07709858028741,84.65721621340177,82.80566932686452,84.1240463256836,7098900.0
2025-10-06,84.20159330655987,84.38578059859445,83.15464564008737,83.96894073486328,6987000.0
2025-10-07,84.35668957466514,84.7541447916643,83.17403472939746,83.34852600097656,4726800.0
2025-10-08,83.23220441194142,84.45364343612859,82.60209656794609,83.61026763916016,4896000.0
2025-10-09,83.63934678253968,83.83323009806733,82.28219315741505,82.66995239257812,5784700.0
2025-10-10,82.78628401791903,83.42608048207336,80.0235114311091,80.3337173461914,8506000.0
2025-10-13,80.63422393798828,81.41943101047261,80.32401803563343,80.63422393798828,6132200.0
2025-10-14,79.97503585951458,81.71994869116993,79.49033867248721,81.47760009765625,6306800.0
2025-10-15,81.66177567886261,82.33066012825573,81.05105991804177,81.51636505126953,4903000.0
2025-10-16,82.15617572943836,83.10618549944044,81.28371928676142,83.01893615722656,7056200.0
2025-10-17,83.04800848851222,84.12403676073117,82.6311686407527,83.76536560058594,9396100.0
2025-10-20,83.99802405625103,84.822007795659,83.75567546254915,84.25006866455078,5456500.0
2025-10-21,84.09496387170557,85.98527998596911,83.72659666366486,85.3648681640625,6181500.0
2025-10-22,85.06435603986421,85.5102765629365,84.26945295162366,84.41486358642578,5258500.0
2025-10-23,84.85109124638316,85.7623243554878,83.65874026768346,84.36639404296875,5764800.0
2025-10-24,85.22914833388982,85.60721153364787,84.47302193437373,84.55057525634766,5256200.0
2025-10-27,85.51997027925006,86.58630257932239,85.51997027925006,86.48936462402344,12012900.0
2025-10-28,95.43687359636186,97.49199234111772,92.09246594919532,93.4108428955078,30027000.0
2025-10-29,93.93431678763665,95.28177438253655,92.80012713942172,94.41901397705078,10789200.0
2025-10-30,94.1088079200076,95.291470243615,91.95675121913412,92.15062713623048,10073600.0
2025-10-31,92.0149102400719,93.93431431379524,91.6853197099786,93.46900177001952,7305400.0
2025-11-03,93.45931390754994,93.45931390754994,90.72561470907836,91.21031188964844,7693100.0
2025-11-04,90.88071613465172,91.70469981509426,90.03734042640119,90.3960189819336,6457700.0
2025-11-05,89.60112420389866,91.15215375634304,88.31182788384801,90.06643676757812,6215300.0
2025-11-06,90.250616220577,91.04551932445987,89.7949996739809,90.73531341552734,6571800.0
2025-11-07,90.54143088187188,93.27512256586056,90.34754758051952,93.0133819580078,7741700.0
2025-11-10,92.90675293569517,92.98430626036348,89.23275477921283,90.21183776855467,9771900.0
2025-11-11,90.9388815941,92.57716041205636,90.01795992008553,92.12154388427734,6859200.0
2025-11-12,92.62563522122431,93.54655691644908,92.4317519092508,93.2363510131836,5814500.0
2025-11-13,93.15880212015944,94.14758856853274,92.81951555293035,93.03278350830078,6119500.0
2025-11-14,92.7807322235156,93.75012657218367,92.24756976928332,93.04247283935548,6583000.0
2025-11-17,92.92411743185184,94.09775280838296,92.27319133326642,92.89453125,6488200.0
2025-11-18,92.31264418958312,92.39154569262864,90.80368868502958,91.55323791503906,6347800.0
2025-11-19,91.9477367829407,92.70714304821092,91.10942149112712,91.1390151977539,5604300.0
2025-11-20,91.50392757060656,92.54934620719555,89.59060740224233,89.62020111083984,7452700.0
2025-11-21,90.320430223841,94.89661206192972,90.05413953195024,93.35807037353516,8913200.0
2025-11-24,93.39751344119972,93.4468287616765,92.06608255740322,92.273193359375,6554600.0
2025-11-25,92.75645705059152,94.06815876288104,92.25346938754022,93.23971557617188,5840200.0
2025-11-26,92.95370396066625,94.48238857404792,92.47044543153952,94.35417175292967,4685800.0
2025-11-28,94.2161004256098,95.02482202703068,93.97940343907386,94.47252655029295,2554800.0
2025-12-01,94.22596837456916,95.33056689212808,93.72298067623429,93.91036987304688,4772500.0
2025-12-02,94.12734513238844,94.67964062822531,93.20027124340928,94.26541900634766,4854500.0
2025-12-03,94.73880685194707,96.89868842153722,94.57114680507824,96.85923767089844,7259000.0
2025-12-04,96.95786518450014,97.3326435703426,93.20026942808448,93.45669555664062,9451300.0
2025-12-05,93.69339485207684,94.53170266954515,93.27917322807534,93.565185546875,5523600.0
2025-12-08,93.73284451991506,95.10372620570644,93.5651844632555,94.23583221435548,5617400.0
2025-12-09,94.28513907517768,95.85327451009763,94.21610213932972,95.63629913330078,4738300.0
2025-12-10,95.80396136929362,98.73311397381092,95.76451061584504,98.2695770263672,7188100.0
2025-12-11,98.73310865454415,99.80811341137044,97.63837475982557,99.0980224609375,5264200.0
2025-12-12,99.6700410325485,100.26179478677264,98.64434405621124,99.53196716308594,4510200.0
2025-12-15,99.61086618825703,99.867292307076,98.37805843840238,98.69365692138672,5061700.0
2025-12-16,98.76269470284468,99.29526855829246,97.75672688108426,98.7331085205078,4841800.0
2025-12-17,98.8021479045241,100.00536951247396,98.5358647324268,99.57141876220705,5978800.0
2025-12-18,99.93633308287504,101.47487480602658,99.79825921153898,100.67601776123048,7611600.0
2025-12-19,99.71935434686534,100.7845020536806,98.74297271118206,100.5182113647461,17317500.0
2025-12-22,100.23220484919452,100.59711867476216,98.65421233565924,99.34458923339844,5464400.0
2025-12-23,99.3051348313906,99.51224563576426,98.50627027227895,98.81201171875,4645300.0
2025-12-24,98.82187094710446,99.6799078908657,98.52600158765908,99.27555084228516,1845500.0
2025-12-26,99.13746690678695,99.50238071766728,98.57530686132688,99.15719604492188,2856700.0
2025-12-29,99.12760714362724,99.61086567221754,97.69754564652752,98.30902099609376,4352600.0
2025-12-30,98.34847853326438,98.79228634175288,98.1216385820504,98.2695770263672,3397900.0
2025-12-31,98.19067381233693,98.4372353737576,97.6876936446512,97.82576751708984,3926400.0
