Date,open,high,low,close,volume
2005-01-03,34.59578242835164,34.70500394448134,34.23535288338263,34.35003662109375,7859500.0
2005-01-04,34.459247474234054,34.535703974747484,34.19711715072502,34.240806579589844,6989600.0
2005-01-05,34.33366056479594,34.453804470693655,34.18075165418261,34.21897888183594,6888100.0
2005-01-06,34.268111176692656,34.453787081536866,34.235344105287226,34.3172607421875,5277500.0
2005-01-07,34.39372410088056,34.4046464608554,34.1698209294644,34.19166564941406,5037800.0
2005-01-10,34.25719298033356,34.52478555457904,34.186198691945684,34.459251403808594,5419300.0
2005-01-11,34.32271912225313,34.459245454614084,34.20257736636952,34.33910369873047,4880000.0
2005-01-12,34.37734824775636,34.62855632605515,34.16982753457461,34.57940673828125,6093800.0
2005-01-13,34.48656394255287,34.56301838097518,33.79300969179343,33.842159271240234,9014700.0
2005-01-14,34.10428023922722,34.26811143101704,33.97867625608081,34.240806579589844,6820200.0
2005-01-18,33.98413286594332,34.43740126885234,33.98413286594332,34.421016693115234,6122900.0
2005-01-19,34.42104002917954,34.55756644793177,34.21352137260018,34.306358337402344,4697100.0
2005-01-20,34.306346693395554,34.37187876885042,34.076983387689964,34.12613296508789,5274600.0
2005-01-21,34.05514926933969,34.18075332107277,33.776634216308594,33.776634216308594,6426300.0
2005-01-24,33.77660941837468,33.82029883902065,33.42164225014417,33.580013275146484,5938600.0
2005-01-25,33.80392465524851,34.868828504867714,33.80392465524851,34.79783630371094,11172300.0
2005-01-26,34.535697688022715,35.485921760591694,34.26264505700277,35.30570602416992,12781800.0
2005-01-27,35.15282045482279,35.30572936264034,35.0545212760179,35.07090377807617,6360100.0
2005-01-28,35.158265044333014,35.393090538950624,35.09273506120025,35.28933334350586,6968700.0
2005-01-31,35.458648306866486,35.47503081356176,35.141905955903226,35.33304214477539,6168900.0
2005-02-01,35.28386754079684,35.72621154785156,35.234715891983406,35.72621154785156,7340300.0
2005-02-02,35.6060788452627,36.07027187835069,35.59515856791624,36.042964935302734,7068000.0
2005-02-03,35.922814104572154,36.04295796441948,35.75352275648932,35.85182189941406,5022300.0
2005-02-04,35.75354594698737,36.17404556274414,35.748083722600384,36.17404556274414,4851300.0
2005-02-07,36.17947689332418,36.3214654409463,35.97195837484022,36.2886962890625,4892100.0
2005-02-08,36.29418254521761,36.39248173306353,36.11942889643103,36.22319030761719,6379900.0
2005-02-09,36.23956546130209,36.3050996287267,36.02658462524062,36.146728515625,4529800.0
2005-02-10,36.07572923176551,36.16310811465494,35.971972016402376,36.113956451416016,4002900.0
2005-02-11,36.19348290770966,36.687106046038245,36.144122686120845,36.52804946899414,6584400.0
2005-02-14,36.53352197484293,36.53352197484293,36.08926340502909,36.19895553588867,5217600.0
2005-02-15,36.10024420589892,36.20445469763828,35.94667349248602,36.14960861206055,4186400.0
2005-02-16,36.02345534085539,36.127665822445664,35.880852184650976,36.05636215209961,4607500.0
2005-02-17,36.03442784653349,36.03442784653349,35.83697858289592,35.842464447021484,5354200.0
2005-02-18,35.891834589367235,35.97410164195257,35.765684801254814,35.886348724365234,6185200.0
2005-02-22,35.67793626173285,36.12768100383995,35.67793626173285,35.68890380859375,8299800.0
2005-02-23,35.869895604680075,35.95216684242141,35.76568509124179,35.87538146972656,4928200.0
2005-02-24,35.84245987038867,36.1715405396024,35.6943750338132,36.138633728027344,4817000.0
2005-02-25,36.12218801809152,36.3580299817637,36.11670215349767,36.319637298583984,6456100.0
2005-02-28,36.23737649606978,36.33061529855454,35.97959518432617,35.97959518432617,6833700.0
2005-03-01,36.45673729023302,36.74193934619704,36.42383048729127,36.55546188354492,8467400.0
2005-03-02,36.500612831487935,36.82969338744741,36.26477099922781,36.72548294067383,6991900.0
2005-03-03,36.80229210762101,36.80229210762101,36.47869720354882,36.610328674316406,5791900.0
2005-03-04,36.85165705060258,37.158798548275065,36.75293239999513,37.15331268310547,8306000.0
2005-03-07,37.24106894429077,37.66887435906954,37.21364380355306,37.5372428894043,9389500.0
2005-03-08,37.323326806937374,37.51529016984296,37.29590167602765,37.40011215209961,8537100.0
2005-03-09,37.35075365232422,37.35623951627007,37.13136512385995,37.16427612304688,6375500.0
2005-03-10,37.22459515420376,37.443979422042666,37.18620248888328,37.295894622802734,5041700.0
2005-03-11,37.301404918209,37.433036402031625,37.0161984880223,37.07653045654297,5807000.0
2005-03-14,37.07102814026641,37.20266375016384,37.0161820617196,37.19717788696289,5589000.0
2005-03-15,37.208158017706914,37.21364388276393,36.89004898071289,36.89004898071289,5014000.0
2005-03-16,36.802273695445216,36.99423703271057,36.77485275268555,36.77485275268555,5408700.0
2005-03-17,36.654198091622696,36.950371965408216,36.64322636417436,36.74195098876953,4405800.0
2005-03-18,36.747457511362974,36.88457489013672,36.56097988478604,36.88457489013672,10640700.0
2005-03-21,36.884564975565965,36.884564975565965,36.5609700571976,36.66517639160156,5178600.0
2005-03-22,36.55548162696447,36.87359484216812,36.55548162696447,36.632266998291016,5072300.0
2005-03-23,36.65418634823161,37.40558624267578,36.64870048626503,37.40558624267578,9565500.0
2005-03-24,37.405596379336586,37.581106349449776,37.27396494787364,37.34526443481445,8876600.0
2005-03-28,37.42205563627672,37.57014048020649,37.38914463857949,37.48786926269531,5145100.0
2005-03-29,37.323336919532274,37.36172960251572,37.13136932012643,37.25203323364258,9428000.0
2005-03-30,37.25752734842774,37.43303739300069,37.24107393557552,37.32334518432617,6516300.0
2005-03-31,36.95586482514489,36.99974337923717,36.74744796994046,36.835205078125,12551500.0
2005-04-01,36.92295766392305,36.99425717530357,36.55548419186396,36.66517639160156,11052700.0
2005-04-04,36.72000073914992,37.34525511314016,36.66515467177102,37.28492736816406,8684900.0
2005-04-05,37.28494604687619,37.87180804925393,37.17524967267687,37.84986877441406,9114300.0
2005-04-06,37.904711981666125,37.95407220792892,37.652416616960906,37.74016952514648,5689800.0
2005-04-07,37.62498560726345,37.9814914177573,37.55368611895982,37.97600555419922,4975300.0
2005-04-08,38.09666375181367,38.10763547729004,37.64691925048828,37.64691925048828,4822800.0
2005-04-11,37.73468213959909,37.986977466156326,37.67983187272711,37.78404235839844,4449500.0
2005-04-12,37.4494700367857,37.68531192068116,37.21362815289024,37.64691925048828,9775400.0
2005-04-13,37.54271385577766,37.838887716367175,37.54271385577766,37.61949920654297,7138400.0
2005-04-14,37.62498150256905,37.986973137129525,37.4220506024252,37.98148727416992,8069600.0
2005-04-15,38.33251523816503,38.38736132582444,38.00892039183279,38.06376647949219,12990700.0
2005-04-18,38.00891326840805,38.01439494700486,37.55368287562414,37.866310119628906,9164900.0
2005-04-19,38.3215401800964,38.3654145309278,37.52077574072102,37.87179565429688,9343700.0
2005-04-20,37.87179432835711,37.92664040334171,37.21362887508001,37.35074615478516,7882400.0
2005-04-21,37.47691440590256,37.55918565126295,37.2026797110275,37.45497512817383,7696200.0
2005-04-22,37.47689098827057,37.72370038564223,37.2904093363451,37.56464385986328,7021900.0
2005-04-25,37.84437833069428,38.11861295627903,37.53723688907564,37.59208297729492,5981500.0
2005-04-26,37.51528662458646,37.67434316295926,37.29589815150372,37.30686569213867,5866900.0
2005-04-27,37.2081490831537,37.51529468525877,37.12039618575795,37.47690200805664,5966400.0
2005-04-28,37.350748170920426,37.48237959488618,37.0874853229889,37.10942459106445,6406300.0
2005-04-29,37.19717884303585,37.64143753051758,37.180725437497664,37.64143753051758,6540900.0
2005-05-02,37.66886683511107,37.7511380564024,37.48787098516776,37.72371292114258,4361200.0
2005-05-03,37.7456683792358,37.75115424553794,37.4714336469878,37.69630813598633,5716300.0
2005-05-04,37.37816464789053,37.43301071313701,37.10393013717157,37.41655731201172,8439700.0
2005-05-05,37.433030808899545,37.62499423256024,37.24106738523884,37.57563400268555,6279600.0
2005-05-06,37.77307489803779,37.77307489803779,37.37817640883093,37.41108322143555,4731000.0
2005-05-09,37.35074459872792,37.45495506599829,37.16974879278058,37.389137268066406,6766100.0
2005-05-10,37.29589669712454,37.378167894383225,36.999722897685416,37.14781188964844,6870600.0
2005-05-11,37.19718271533484,37.3562392929082,36.87906956018812,37.26848220825195,4969700.0
2005-05-12,37.33977712074263,37.37268392752033,36.88454676604465,37.10393524169922,4845300.0
2005-05-13,37.01023320666583,37.13699709824187,36.79528208182061,36.98267364501953,5954700.0
2005-05-16,36.98819485156008,37.28030776977539,36.98268209697119,37.28030776977539,3943500.0
2005-05-17,37.1039452452882,37.45117316717572,36.96615578668196,37.42913055419922,5294400.0
2005-05-18,37.47874192184226,37.52283556859776,37.19214162793477,37.258277893066406,8495100.0
2005-05-19,37.230718594921925,37.329927187168245,37.07639084753786,37.15355682373047,8134400.0
2005-05-20,37.28583487123491,37.28583487123491,36.977183570489885,37.03781127929688,6191100.0
2005-05-23,37.092927710111184,37.24725124664047,36.94962548119072,37.07088088989258,5877000.0
2005-05-24,37.09293302523571,37.30788429691673,37.07088620185796,37.258277893066406,8353300.0
2005-05-25,37.26929331896893,37.31338274878842,37.03780383866443,37.18661880493164,4725900.0
2005-05-26,37.478737843269016,37.478737843269016,37.131509874109724,37.15906524658203,5032300.0
2005-05-27,37.203150731739605,37.30235930189092,37.16456985473633,37.16456985473633,4409900.0
2005-05-31,37.30234605812223,37.307858811451226,36.98267364501953,36.98267364501953,6398300.0
2005-06-01,36.98268419591037,37.26377582590087,36.95512883140145,37.098426818847656,4966200.0
2005-06-02,37.06535595566479,37.06535595566479,36.85591753990104,36.92756652832031,6761600.0
2005-06-03,36.833870541735294,36.90000677532838,36.57482574683014,36.618919372558594,6526000.0
2005-06-06,36.70160003785831,36.77325325116894,36.54176795816716,36.58585739135742,7041700.0
2005-06-07,36.77876690475331,36.894509554078816,36.6575114992692,36.67404556274414,5520700.0
2005-06-08,36.84489906803583,36.84489906803583,36.51420522024876,36.574832916259766,5296300.0
2005-06-09,36.55280126003896,36.85042710799341,36.45910540188724,36.77877807617188,5228900.0
2005-06-10,36.65198962732912,36.76773224786807,36.22760001868629,36.64096832275391,5248400.0
2005-06-13,36.5142045102381,36.90001329098765,36.503183204359686,36.63545989990234,5413400.0
2005-06-14,36.60238726293586,36.81733844355694,36.57482769413837,36.696083068847656,3981700.0
2005-06-15,36.679562418594166,36.679562418594166,36.392957936324905,36.56932830810547,4655300.0
2005-06-16,36.470117715910696,36.69609447629848,36.4370495870739,36.541770935058594,4434800.0
2005-06-17,36.78977608654686,36.78977608654686,36.05122679474478,36.685054779052734,14288000.0
2005-06-20,36.58585015702016,36.817339609248926,36.48664159320781,36.67955017089844,8199500.0
2005-06-21,36.56932473794163,36.76222915621242,36.48665021439673,36.66853332519531,8668900.0
2005-06-22,36.73465711134486,36.74567841381455,36.359869752389685,36.37640380859375,8873100.0
2005-06-23,36.31027089236636,36.43152626961924,35.92997490598222,36.018157958984375,8927500.0
2005-06-24,36.211071863825175,36.53625720707771,35.82526302098421,36.14493560791016,18319900.0
2005-06-27,36.111864236903365,36.326819689356206,36.095330172484175,36.18351745605469,6900200.0
2005-06-28,35.511094889899155,36.43152734624684,35.511094889899155,36.41499328613281,6071700.0
2005-06-29,36.34884133826545,36.37088814644089,36.04570718710022,36.21105194091797,7808300.0
2005-06-30,36.16698724448528,36.2000553768464,35.610316521397685,35.82526779174805,9344300.0
2005-07-01,35.72604616425179,36.06225273735028,35.72604616425179,35.79769515991211,6718200.0
2005-07-05,35.494553523764424,35.96303668556505,35.48352801595782,35.74257278442383,6384100.0
2005-07-06,35.770164878330995,35.78669895007782,35.35679626464844,35.35679626464844,6661400.0
2005-07-07,35.329219573789665,35.329219573789665,35.00954909391397,35.230010986328125,8278900.0
2005-07-08,35.218978788156285,35.43944271489741,35.0150489200458,35.42841720581055,8144900.0
2005-07-11,35.42842674521097,35.72605249569977,35.33473091774249,35.70951843261719,6528500.0
2005-07-12,35.70952276646246,35.82526542708828,35.61031417092586,35.704010009765625,5141600.0
2005-07-13,35.615822627113964,35.76463339994975,35.4670076492774,35.50558853149414,6809800.0
2005-07-14,35.65990848837274,35.759117061992654,35.45047003517532,35.604793548583984,6521400.0
2005-07-15,35.588257175048376,35.907929692055184,35.588257175048376,35.84178924560547,6444500.0
2005-07-18,35.74258300055606,35.86383839109155,35.52211903640067,35.604793548583984,5938000.0
2005-07-19,35.577243957883425,35.8583314579465,35.549684381014,35.83628463745117,11069400.0
2005-07-20,35.75361283654543,35.80321502685547,35.46700838697344,35.80321502685547,7312600.0
2005-07-21,35.75360513634338,35.75360513634338,35.2630729675293,35.2630729675293,9850100.0
2005-07-22,35.494548326685994,35.494548326685994,35.27408445782488,35.45045471191406,5398400.0
2005-07-25,35.41188519098269,35.433932005429206,34.88828491162771,34.91033172607422,6741900.0
2005-07-26,34.63474402885376,34.926856887096584,34.541046142578125,34.541046142578125,12640400.0
2005-07-27,34.77805165263818,35.69848404540934,34.73396012787962,35.571720123291016,10789500.0
2005-07-28,35.53865936206543,35.73707231580159,35.34024220332867,35.676448822021484,6391600.0
2005-07-29,35.648890452709885,35.70400539755468,35.24103271235713,35.25205612182617,6143200.0
2005-08-01,35.41189314967902,36.01816596571616,35.41189314967902,35.5496826171875,7348200.0
2005-08-02,35.626827755969245,35.66540862066635,35.36778300514632,35.621315002441406,5554800.0
2005-08-03,35.483538348696705,35.8307704607322,35.44495747013725,35.75360870361328,5090400.0
2005-08-04,35.68197755567728,35.79772026290804,35.34026219290161,35.35679626464844,4049200.0
2005-08-05,35.285110719389785,35.3181830376173,35.02055740356445,35.02055740356445,5019400.0
2005-08-08,35.02055968727817,35.097721426508926,34.84970004862458,34.9654426574707,4002000.0
2005-08-09,35.064648677814,35.28511047363281,34.97095288765341,35.28511047363281,4601200.0
2005-08-10,35.36229477040395,35.63787373511719,35.136318000938466,35.19143295288086,5351200.0
2005-08-11,35.191425642882216,35.549679063592926,35.13631070238836,35.4449577331543,4688300.0
2005-08-12,35.29062839393222,35.36779013889008,34.981981414100765,35.031585693359375,4850200.0
2005-08-15,34.95444011505558,35.048138070404704,34.73397817173588,34.91585922241211,5402600.0
2005-08-16,34.89929510989974,34.93236531905285,34.63473974417235,34.72843551635742,5432300.0
2005-08-17,34.844200185912584,35.15284723840383,34.81664061122556,34.9985237121582,5578500.0
2005-08-18,34.97095477522771,35.51660179664246,34.8993036890319,35.41188049316406,9326100.0
2005-08-19,35.411898863257456,35.53932151418455,35.21245940011617,35.21799850463867,6121400.0
2005-08-22,35.45621232160433,35.48945116810867,35.079489896618895,35.1792106628418,5380900.0
2005-08-23,35.19027724402995,35.22351819091151,34.58641377914998,34.76923370361328,8909000.0
2005-08-24,34.73047031539148,34.86897115713737,34.42576888622155,34.48670959472656,8021300.0
2005-08-25,34.65290313362992,35.013006094265094,34.59750365354206,34.641822814941406,6143000.0
2005-08-26,34.54210556722341,34.57534652666396,34.314964294433594,34.314964294433594,5206200.0
2005-08-29,34.22632532821141,34.968689880955544,34.15430641634396,34.90774917602539,6364800.0
2005-08-30,34.719372941089595,34.935435923306315,34.54209211979954,34.90219497680664,7581500.0
2005-08-31,34.90220233024507,35.179203936040665,34.381440072156984,35.118263244628906,8006900.0
2005-09-01,35.00191619364264,35.306617477421895,34.84125478667307,34.97421646118164,6161300.0
2005-09-02,35.096097662511305,35.22352024297031,34.81909609575634,34.846797943115234,4130400.0
2005-09-06,35.040685473999,35.46726587219228,35.018524849498355,35.339847564697266,7373700.0
2005-09-07,35.45621351754396,35.949276148635505,35.42297255656346,35.899417877197266,7817400.0
2005-09-08,36.01020416664931,36.01020416664931,35.42850129124352,35.511600494384766,6475900.0
2005-09-09,35.65011748511121,35.99914232770685,35.511616636896555,35.86064147949219,5124300.0
2005-09-12,35.86063337261935,35.98251054105917,35.74983018307019,35.83293151855469,5923500.0
2005-09-13,35.73875827714782,35.84401604238644,35.456215377380445,35.483917236328125,6670100.0
2005-09-14,35.71660083076004,35.84956046684174,35.528237471826216,35.62242126464844,7406200.0
2005-09-15,35.6667384679896,35.72767918200183,35.544861266675795,35.66120147705078,4896200.0
2005-09-16,35.77754596000705,36.13210785112352,35.650123299116224,36.10994720458984,12995300.0
2005-09-19,36.11546545102431,36.12100243910247,35.7332019382084,35.81630325317383,7212500.0
2005-09-20,35.8606289242939,35.89940897914826,35.622407379700235,35.67780685424805,5301000.0
2005-09-21,35.428516606775524,36.1819594290612,35.40635596434957,35.844017028808594,7173600.0
2005-09-22,35.71105012340536,36.19303448784783,35.6833524960502,35.83293151855469,7239000.0
2005-09-23,35.954818937820576,35.960360154903825,35.39527436029852,35.45067596435547,7814400.0
2005-09-26,35.58365242296612,35.70552966225105,35.32326794620078,35.38420867919922,5981900.0
2005-09-27,35.40081022849906,35.428509969664695,34.974227451813064,35.15150833129883,6244000.0
2005-09-28,35.05177656098273,35.240137700432484,34.9575949345808,35.01853561401367,5573200.0
2005-09-29,34.87451618649613,35.373118003271514,34.84681643779006,35.317718505859375,6285300.0
2005-09-30,35.40080697745575,35.42296550034045,34.902203228844705,35.05732345581055,5646500.0
2005-10-03,35.001922407033774,35.04070246203407,34.63073916343232,34.66952133178711,6826600.0
2005-10-04,34.84680191156935,35.057321604662654,34.59750005042783,34.929901123046875,6950300.0
2005-10-05,34.84681262860793,35.00747199888326,34.4700901699907,34.48670959472656,6667700.0
2005-10-06,34.663980936253346,34.6750612541376,33.893916806811404,34.10997772216797,12716200.0
2005-10-07,34.23740019013089,34.23740019013089,33.86067781367247,33.98255920410156,11685000.0
2005-10-10,33.94931491479799,34.44237741732795,33.53381252097776,34.0545768737793,7672600.0
2005-10-11,34.10998092549391,34.17092162290307,33.83852050857732,33.95486068725586,7801000.0
2005-10-12,34.03242703011757,34.40360827188329,33.87730676351161,34.23740768432617,8046500.0
2005-10-13,34.23739573229045,35.78860419689938,34.220776313343,35.467281341552734,19778100.0
2005-10-14,35.47282852416175,35.478369740312665,35.140427409168474,35.290008544921875,13318800.0
2005-10-17,35.26229783381375,35.26229783381375,34.719372941089595,34.90219497680664,9214800.0
2005-10-18,35.24015909181586,35.456220094882184,34.71385540211137,34.885597229003906,19695000.0
2005-10-19,34.95760308232551,35.650107122097054,34.73046184181463,35.633487701416016,13733400.0
2005-10-20,35.67781094629435,35.78306869199497,35.40080931507577,35.55038833618164,8621500.0
2005-10-21,35.62240626460501,35.72766399493826,35.38972382940804,35.4949836730957,13887900.0
2005-10-24,35.56699996314559,35.73320259613662,35.15149972073083,35.511600494384766,8744600.0
2005-10-25,35.32878202664592,35.428502765247714,35.04623922948939,35.2235221862793,7066600.0
2005-10-26,35.01301226305136,35.22353412851458,34.66953077660983,34.79695129394531,8961100.0
2005-10-27,34.625212038871915,34.63629236032698,33.82190669689904,34.037967681884766,14097200.0
2005-10-28,34.375892811862144,34.89665709173292,34.19861198439462,34.87449645996094,8903800.0
2005-10-31,34.85234618093987,34.90220656056057,34.65290466245704,34.69168472290039,9769300.0
2005-11-01,34.61410627714679,34.75814823684115,34.23738407797431,34.29278564453125,9859100.0
2005-11-02,34.27064221603322,34.73600504187735,33.821898811819494,33.96039962768555,15350500.0
2005-11-03,33.960398258067144,34.09889906834748,33.77203707155171,33.904998779296875,16977300.0
2005-11-04,33.90500689318197,33.97702792350257,33.24020242206955,33.727725982666016,15227200.0
2005-11-07,33.51719414393363,34.11551862405369,33.35099360390734,34.03241729736328,9768400.0
2005-11-08,33.76649932091583,33.90500013674128,33.594757548484566,33.666778564453125,7394800.0
2005-11-09,33.74988099316564,34.01580444457321,33.56706099784724,33.80528259277344,7059600.0
2005-11-10,33.80527469718692,34.12659544644449,33.56705315789992,34.02133560180664,6115400.0
2005-11-11,33.932711527850174,34.01027167320553,33.7498893737793,33.7498893737793,5902300.0
2005-11-14,33.832978175289924,33.86067791500999,33.478416434821966,33.522735595703125,8901900.0
2005-11-15,34.39806202348591,35.1792065247775,34.26510031304377,34.80802536010742,37611100.0
2005-11-16,35.334316149744176,35.334316149744176,34.70829418416249,35.04069519042969,15168600.0
2005-11-17,35.24568878771347,35.26784942656243,34.94098740028228,35.09056854248047,10596300.0
2005-11-18,35.502682576871635,35.51382092829714,34.71744685897188,34.83439636230469,11696000.0
2005-11-21,34.83438723314554,34.83438723314554,34.36101910594701,34.52252197265625,11069200.0
2005-11-22,34.37216914665272,34.4167204314105,34.05473354171844,34.310909271240234,10625600.0
2005-11-23,34.22178557274032,34.43897801082566,34.138249039127984,34.34430313110352,7681900.0
2005-11-25,34.58377873868555,34.717436792613974,34.500244313850146,34.61162567138672,5094100.0
2005-11-28,34.94577028945115,35.05715165549732,34.63947312614133,34.7508544921875,12698500.0
2005-11-29,34.9736031744178,34.97917340925333,34.505803296074454,34.528079986572266,8675700.0
2005-11-30,34.52808111399292,34.87893156531203,34.37214852426096,34.38885498046875,7696000.0
2005-12-01,34.44456964059998,34.56152129239691,34.32205199858111,34.355464935302734,6963600.0
2005-12-02,34.31088212766623,34.416693204128634,34.08255139730499,34.08811950683594,6818000.0
2005-12-05,34.30532052488927,34.52808320176637,33.82081414576725,33.9990234375,21946800.0
2005-12-06,34.110410344585695,34.110410344585695,33.63704223447072,33.676025390625,14823200.0
2005-12-07,33.63146588572656,33.66488092396681,33.28061541968201,33.43655014038086,14538400.0
2005-12-08,33.436562715965415,33.831964590619755,33.341887800888365,33.458839416503906,10415400.0
2005-12-09,33.4142887011203,33.60920453544087,33.4031503499558,33.46997833251953,8127100.0
2005-12-12,33.497825622558594,33.559083367968334,33.41985716359265,33.497825622558594,7960900.0
2005-12-13,33.48669601661946,33.69275025806981,33.40872966171521,33.553524017333984,12785500.0
2005-12-14,33.6370506920156,33.681601971212544,33.44770297547635,33.475547790527344,10199000.0
2005-12-15,33.49781552472432,33.60919475511124,33.41427897751148,33.50338363647461,6942500.0
2005-12-16,33.59806019504129,34.16610109629061,33.520091755718546,33.893218994140625,13197200.0
2005-12-19,34.27748954415703,34.52809712559843,34.02688196271563,34.077003479003906,10639100.0
2005-12-20,33.92663346323303,34.07699798786827,33.78740728758071,33.84866714477539,6946700.0
2005-12-21,33.96004752903911,34.082567239888725,33.80411489662889,33.90435791015625,6282100.0
2005-12-22,33.94891275554299,34.14939880371094,33.72615213212983,34.14939880371094,5179100.0
2005-12-23,34.13825512050293,34.255204588855705,33.97675225977424,34.03244400024414,3591100.0
2005-12-27,34.03801777428925,34.082571174076605,33.56464958587524,33.581356048583984,6324400.0
2005-12-28,33.581353944212964,33.78183998184658,33.581353944212964,33.6481819152832,5603100.0
2005-12-29,33.70945672714248,33.80413167554324,33.43657448497761,33.553524017333984,5325100.0
2005-12-30,33.46997833251953,33.553514904041634,33.43099516565542,33.46997833251953,5261300.0
2006-01-03,34.01018069113525,34.44456581566964,33.99904233865699,34.32204818725586,10703100.0
2006-01-04,34.489096877342234,34.884498574202155,34.39442200483624,34.8510856628418,9068100.0
2006-01-05,34.845524995479295,35.05714936469619,34.58377912103795,34.706298828125,9852600.0
2006-01-06,34.728572474311214,34.94019682493967,34.60605277798592,34.86222839355469,5919200.0
2006-01-09,34.81767993918838,35.0905620355847,34.767558434320506,35.07942581176758,7103700.0
2006-01-10,34.817689970228635,35.14069366455078,34.80655161877982,35.14069366455078,6656700.0
2006-01-11,35.0627132352558,35.0794218179246,34.49467028623331,34.80653762817383,8824100.0
2006-01-12,34.80652996956459,34.83437476865584,34.41669640902107,34.64502716064453,7262400.0
2006-01-13,34.47240603183372,34.689598551716095,34.205089873369005,34.427852630615234,7043600.0
2006-01-17,34.143833374652885,34.56708007950046,34.02688175441405,34.12712478637695,9674000.0
2006-01-18,34.38883967935441,34.66172371438938,34.16607711506378,34.63387680053711,7547400.0
2006-01-19,34.69515514874612,34.87336444562317,34.36101324820724,34.62275695800781,7494700.0
2006-01-20,34.1048378090657,34.69515531107447,33.82081528029864,33.859798431396484,11023500.0
2006-01-23,33.83196613516298,34.10485041815988,33.75399980414192,34.077003479003906,7213100.0
2006-01-24,33.52010270051554,33.85424689059052,33.0578727722168,33.0578727722168,19956800.0
2006-01-25,33.97116799639841,33.97116799639841,32.32273150184421,32.57890701293945,25368800.0
2006-01-26,32.71814308159367,33.135821503911885,32.61233197939842,32.656883239746094,15946100.0
2006-01-27,32.8295351487664,32.97432944774732,32.49539102705018,32.69587707519531,11596300.0
2006-01-30,32.69587825331435,32.71815495378272,32.32275308037301,32.52323913574219,11877300.0
2006-01-31,32.38401617458939,32.48982732573365,31.99418237520131,32.04430389404297,20563700.0
2006-02-01,32.11669041808173,32.53436890912306,32.10555419447924,32.222503662109375,13406000.0
2006-02-02,32.49538035262098,32.51208893409313,32.072133820120584,32.10554885864258,10014200.0
2006-02-03,31.888356761658333,32.02201480166334,31.7547008460758,31.95518684387207,11020100.0
2006-02-06,32.02202504602129,32.05544009781817,31.63776151026137,31.660036087036133,10618900.0
2006-02-07,31.743575912040065,31.92735552914878,31.57650488475611,31.63219451904297,10338700.0
2006-02-08,31.771403789952537,32.71257382833955,31.704575839553595,32.634605407714844,14627400.0
2006-02-09,32.94091365438867,33.25277892486097,32.46754338761449,32.60676956176758,12131200.0
2006-02-10,32.69031092386715,32.7237238509474,32.43413523561062,32.517669677734375,8158200.0
2006-02-13,32.512079080571496,32.65687328810569,32.32273150184421,32.57890701293945,5015500.0
2006-02-14,32.69029241751495,33.00772779161229,32.69029241751495,32.88520812988281,9817100.0
2006-02-15,32.901934452931336,33.08014380732798,32.69031004792668,32.91307067871094,8314500.0
2006-02-16,33.107990747531844,33.107990747531844,32.623484166916974,32.84624481201172,11893700.0
2006-02-17,32.95763745223622,33.007758986273764,32.71260002162153,32.89637756347656,6773400.0
2006-02-21,32.929776583608735,33.03558771527964,32.718152195844006,32.93534469604492,6489200.0
2006-02-22,32.86294993688923,32.96876320408842,32.69031081575055,32.87408828735352,8647200.0
2006-02-23,32.857378242370594,32.890793290121174,32.55108107347036,32.62904739379883,9753300.0
2006-02-24,32.869853937533165,32.869853937533165,32.15857892434387,32.3489990234375,10373100.0
2006-02-27,32.46102407238497,32.791459018181875,32.38821792954162,32.43302154541016,7007800.0
2006-02-28,32.37702393958825,32.43862865852227,32.15859905144336,32.28741455078125,8942200.0
2006-03-01,32.270611644826936,32.382623916071815,32.17540260296543,32.29301452636719,7141200.0
2006-03-02,32.20341538073542,32.62905958311796,32.17541283813054,32.3098258972168,7794500.0
2006-03-03,32.231391892044826,32.55062532012095,32.18658828735352,32.18658828735352,6462400.0
2006-03-06,32.242605810080576,32.52263539129473,32.209001491210664,32.39942169189453,7349500.0
2006-03-07,32.22019396548429,32.65704144341465,32.22019396548429,32.60663604736328,9560000.0
2006-03-08,32.5674530713446,32.959492919388566,32.38823424467966,32.89788818359375,7423700.0
2006-03-09,33.015480901517336,33.02668233871449,32.6234391454398,32.65704345703125,8570900.0
2006-03-10,32.847487496358404,33.06591033935547,32.76347772453311,33.06591033935547,9240900.0
2006-03-13,33.2395052383439,33.2507066762158,33.04348541672532,33.08829116821289,6219700.0
2006-03-14,33.127505590301745,33.26752040321687,33.06029694185381,33.20591354370117,7888100.0
2006-03-15,33.12750558452021,33.575552558479124,33.099500912776875,33.49154281616211,8900800.0
2006-03-16,33.57554974973125,33.73236564338438,33.43553494855343,33.61475372314453,10785400.0
2006-03-17,33.8275648808365,33.8275648808365,33.6875501290722,33.79396057128906,11512300.0
2006-03-20,33.82756425011441,33.91157181773331,33.77155706857962,33.87236785888672,5889200.0
2006-03-21,34.04039863584789,34.07400295810102,33.833177323094496,33.922786712646484,7880000.0
2006-03-22,33.77157802689825,34.219625074952674,33.77157802689825,34.16361999511719,7066500.0
2006-03-23,34.034794692123555,34.10760297959648,33.95078496531202,34.05719757080078,6944600.0
2006-03-24,33.973184289177766,34.05159221988767,33.76596302423646,33.82196807861328,5179200.0
2006-03-27,33.64275458025597,33.82757513410332,33.46353581459222,33.5699462890625,7469400.0
2006-03-28,33.49153648739436,33.530740456679005,33.32911882238304,33.37952423095703,7750000.0
2006-03-29,33.390727487202,33.4915383098356,33.23951125325159,33.32912063598633,6631700.0
2006-03-30,33.16670723786244,33.40753287008094,33.15550579724107,33.2395133972168,7838600.0
2006-03-31,33.29551944318956,33.45233533352611,33.07709669980473,33.16670608520508,9704000.0
2006-04-03,33.317919469786546,33.46913355882658,33.11069604792738,33.13869857788086,9271700.0
2006-04-04,33.19472663323611,33.21712952585892,32.90349543851184,32.94269943237305,9506700.0
2006-04-05,32.819468628166746,33.03229172472681,32.65705308207837,32.70745849609375,8809200.0
2006-04-06,32.70746081134674,32.8978810403889,32.54504311730504,32.763465881347656,6432000.0
2006-04-07,32.735461671868045,32.88667791688328,32.31541725897784,32.38822555541992,8974300.0
2006-04-10,32.39941852283734,32.43302283842034,32.21460012827069,32.32101058959961,9309100.0
2006-04-11,32.32101905311345,32.49463819107192,32.10259628576807,32.34342193603516,9114500.0
2006-04-12,32.399420203957526,32.47783027771969,32.34901479619559,32.410621643066406,6708200.0
2006-04-13,32.39381758035424,32.48342694854717,32.220198494780995,32.43302154541016,7339900.0
2006-04-17,32.30421564353995,32.38262359168903,32.181001932759195,32.28741455078125,8810800.0
2006-04-18,32.315422041235706,32.561847364141386,32.29861880944311,32.55624771118164,12658300.0
2006-04-19,32.64025865788759,32.69626587548849,32.39943296334599,32.49464416503906,9145600.0
2006-04-20,32.51702669176703,32.763451885542835,32.49462381875407,32.60663604736328,7619600.0
2006-04-21,32.76346304850979,32.819468113668314,32.51703777077347,32.69065475463867,10014200.0
2006-04-24,32.769063544886805,32.8250707479449,32.589844768013585,32.66825485229492,8139300.0
2006-04-25,32.66264290775727,32.73545118086588,32.550630672926104,32.601036071777344,8543400.0
2006-04-26,32.69625639796157,32.84187084860145,32.64585098496002,32.785865783691406,10586700.0
2006-04-27,32.59545364648601,32.99869491393284,32.59545364648601,32.84748077392578,11577800.0
2006-04-28,32.847483759714585,32.92589173172151,32.76347399744602,32.82508087158203,8572000.0
2006-05-01,32.88106069383705,32.92026464972118,32.79145134660826,32.8138542175293,7541800.0
2006-05-02,32.914672656639254,33.02108311358372,32.81946150130506,32.858665466308594,5591900.0
2006-05-03,32.78025032865101,32.875461463050385,32.6178348535433,32.679439544677734,9377700.0
2006-05-04,32.729865871648215,32.74666910402853,32.58985104173389,32.62905502319336,7798600.0
2006-05-05,32.76346456519958,32.94268334575082,32.67945482711651,32.8754768371582,7049700.0
2006-05-08,32.87548478859176,32.976295644091515,32.84748224794336,32.88108444213867,5945200.0
2006-05-09,32.87547498974496,32.92588040247102,32.662651898628646,32.685054779052734,7158300.0
2006-05-10,32.70745300178208,32.75785840733018,32.623443280383256,32.66264724731445,7834700.0
2006-05-11,32.85306568960831,33.082689827944435,32.81946137553869,32.95387649536133,9805800.0
2006-05-12,32.70744715897523,33.18349646464529,32.70744715897523,32.948272705078125,10235800.0
2006-05-15,33.02668709405686,33.60914695698429,32.987483126449895,33.58674621582031,10776200.0
2006-05-16,33.58115832453316,33.87238944474032,33.51955145381244,33.74357604980469,8264500.0
2006-05-17,33.60354517516933,34.04599236605847,33.57554264814787,33.676353454589844,13707900.0
2006-05-18,33.771562799382025,33.872373606796025,33.62594837559284,33.68195343017578,8518000.0
2006-05-19,33.693157005044846,33.73796276071728,33.39632635131106,33.547542572021484,13160600.0
2006-05-22,33.42432804369703,33.715559038909646,33.40752695396844,33.52513885498047,9614000.0
2006-05-23,33.68754821404873,33.911570522263354,33.586737427592745,33.603538513183594,10327900.0
2006-05-24,33.67075686297981,34.124405561970335,33.597950708780594,34.045997619628906,12877100.0
2006-05-25,34.324953092310366,34.324953092310366,33.8966669849025,34.06572723388672,8717200.0
2006-05-26,34.28550088334152,34.31367722920126,34.08262775360359,34.20096969604492,6199600.0
2006-05-30,34.08263964263371,34.12208697054121,33.71070615827859,33.72761154174805,7840900.0
2006-05-31,33.89102757440891,33.9699222073176,33.744509277538114,33.93611145019531,8260300.0
2006-06-01,33.953021170971766,34.20661263040807,33.9304792301957,34.178436279296875,5661800.0
2006-06-02,34.20659930335794,34.38129390201616,34.0657154529732,34.22914123535156,6666600.0
2006-06-05,34.00936375861582,34.09389493652713,33.86284548658232,33.8853874206543,6921900.0
2006-06-06,34.06007876636013,34.51654321377923,34.014997052260256,34.34184646606445,10568900.0
2006-06-07,34.44329734209618,34.76451248144222,34.38130807841224,34.471473693847656,9507200.0
2006-06-08,34.47710194154204,34.798317003442584,34.3982073157724,34.691246032714844,12528800.0
2006-06-09,34.61797812702993,34.758861970245995,34.55598889206016,34.58980178833008,8621700.0
2006-06-12,34.62924909245324,34.74759100482269,34.567259857483464,34.58980178833008,6507600.0
2006-06-13,34.68560683893887,34.764501458715124,34.38129717718714,34.403839111328125,12088300.0
2006-06-14,34.533449716666446,34.58980454827958,34.353118554938455,34.516544342041016,8972700.0
2006-06-15,34.46019084570781,34.663061785569354,34.33057581091945,34.64052200317383,8863300.0
2006-06-16,34.54472129197431,34.79831266441141,34.54472129197431,34.75886535644531,11648700.0
2006-06-19,34.7137942174309,34.75887810004523,34.556004927716444,34.57291030883789,9989800.0
2006-06-20,34.58417369868696,34.77014144913041,34.49400810294032,34.674339294433594,6927900.0
2006-06-21,34.65743219574811,34.88284724877809,34.65743219574811,34.820858001708984,6998600.0
2006-06-22,34.54472020490004,34.93919542186448,34.330576147167854,34.47709655761719,7812800.0
2006-06-23,34.40948145872729,34.79268580472507,34.37566855182719,34.555999755859375,5004600.0
2006-06-26,33.58671631461405,33.95864967384634,33.53036362219481,33.93047332763672,15467400.0
2006-06-27,33.93609869392126,33.95863847362445,33.53598697072659,33.558528900146484,10361800.0
2006-06-28,33.54164547514534,33.575458391399884,33.231701266825375,33.37821960449219,9490700.0
2006-06-29,33.389467441759145,33.89665008557125,33.30493628455159,33.75012969970703,8491000.0
2006-06-30,33.891030215132616,34.009372173716635,33.76141728672378,33.767051696777344,10294200.0
2006-07-03,33.8853850701228,34.026268923724174,33.82339583058348,33.89665603637695,3302400.0
2006-07-05,33.69941775884294,34.04880911807681,33.69941775884294,33.83466720581055,6556400.0
2006-07-06,33.87975233781332,34.20096738831845,33.84030502632794,34.105167388916016,5631800.0
2006-07-07,34.15026238380491,34.30241727998555,34.054462347164176,34.16153335571289,5353100.0
2006-07-10,34.29113356472312,34.370030338759186,34.20660453140326,34.34748840332031,4732500.0
2006-07-11,34.347480695931395,34.37002262631198,34.15024202967644,34.24604415893555,7102700.0
2006-07-12,34.26860651397968,34.34750116761747,34.13335700080197,34.16153335571289,6169400.0
2006-07-13,34.22351263323579,34.24041801130243,33.90793196111467,33.96428680419922,8022400.0
2006-07-14,33.98683249236841,34.40948418841968,33.89666688319951,34.07136154174805,7532000.0
2006-07-17,34.12207423240635,34.54472585910763,34.12207423240635,34.324947357177734,7284200.0
2006-07-18,34.26296083526697,34.386939343544114,33.631801624407686,34.15025329589844,8302900.0
2006-07-19,34.274209376537655,34.651779063898495,34.088243885527646,34.55034255981445,8465000.0
2006-07-20,34.48837129684445,34.78704440892607,34.48837129684445,34.584171295166016,5563200.0
2006-07-21,34.75322400085565,34.93355729058583,34.69687132574524,34.78703689575195,8654400.0
2006-07-24,34.75322835558395,34.93919607624102,34.73068857254551,34.92792510986328,7828200.0
2006-07-25,34.65742603425056,34.93919372558594,34.651791626299286,34.93919372558594,6303500.0
2006-07-26,34.79830130698723,35.023716264408904,34.74194864248998,34.96736145019531,5660300.0
2006-07-27,35.02373414840656,35.26041803981135,34.96737930541677,35.254783630371094,7658600.0
2006-07-28,35.24914171785488,35.502733098501885,35.19278903314093,35.45764923095703,7786400.0
2006-07-31,35.316772988699064,35.43511709167732,35.23787835319195,35.249149322509766,7059400.0
2006-08-01,35.15334654176965,35.41820677588564,35.10262825868915,35.32240676879883,4551700.0
2006-08-02,35.559090333665644,35.615445175308366,35.435113981486445,35.5872688293457,7410800.0
2006-08-03,35.55909367929053,35.6943431622408,35.52528292084116,35.54782485961914,6561400.0
2006-08-04,35.643621418339656,35.8972128307061,35.60417410416236,35.80141067504883,6653300.0
2006-08-07,35.643613372627065,35.750684322694184,35.59289510160224,35.654884338378906,6313600.0
2006-08-08,35.73942444329073,35.90285027281164,35.728155623760216,35.818321228027344,5236200.0
2006-08-09,35.88594428003527,35.9084862181459,35.5196453097488,35.68307113647461,6124000.0
2006-08-10,35.70560832356921,35.925386816610185,35.67179542090243,35.812679290771484,5437400.0
2006-08-11,35.81831165699421,35.94792454413692,35.72814607682028,35.76759338378906,7514200.0
2006-08-14,36.03810590718872,36.06628226026096,35.919763934454544,36.01556396484375,7374800.0
2006-08-15,36.06625834424262,36.33675717357497,35.98172719136169,36.29730987548828,7192900.0
2006-08-16,36.33677229503821,36.48892499399544,36.302957240153965,36.41003036499024,5706400.0
2006-08-17,36.43820512582023,36.44947394333668,36.13952771870443,36.19588470458984,8482200.0
2006-08-18,36.28604643754684,36.40438836336215,36.15079913653423,36.30295181274414,7185900.0
2006-08-21,36.21842575073242,36.39312468444874,36.17334617698656,36.21842575073242,7325900.0
2006-08-22,36.20152412798208,36.25787682558542,36.0831821731845,36.15644454956055,8278700.0
2006-08-23,36.06628226026096,36.10009302406047,35.95357469825406,36.01556396484375,6592900.0
2006-08-24,36.23534471974619,36.70307605077485,36.20152965647196,36.62981796264648,10664000.0
2006-08-25,36.68931903768586,36.78000566188809,36.62130082624736,36.65530776977539,5534200.0
2006-08-28,36.72333009269349,36.76867557206264,36.58729797896903,36.60430145263672,5976100.0
2006-08-29,36.55895523234164,36.643976923339935,36.44559586059914,36.61563491821289,5313000.0
2006-08-30,36.683653135888086,36.728998614338224,36.61563491821289,36.61563491821289,4434500.0
2006-08-31,36.64965057373047,36.69499173322204,36.51361412210569,36.64965057373047,4613000.0
2006-09-01,36.76866883289987,36.780003038473296,36.60429474360134,36.68364715576172,4693200.0
2006-09-05,36.615641387568346,36.69499382668487,36.39458754654606,36.45126724243164,7092400.0
2006-09-06,36.27555483197786,36.41725621804027,36.23020935058594,36.23020935058594,8509800.0
2006-09-07,35.99782226909376,36.10551671559349,35.850453766241166,35.969482421875,7407100.0
2006-09-08,35.99780639016759,36.13384062388027,35.9241232523394,36.04315185546875,5914300.0
2006-09-11,36.07718297413754,36.30957105797616,36.04317385440422,36.29823684692383,5211600.0
2006-09-12,36.25288620578444,36.3265693781216,36.12252117527429,36.17920303344727,6994400.0
2006-09-13,36.24721819043064,36.29256151363806,36.15086011505326,36.16786575317383,6285700.0
2006-09-14,36.13384918639444,36.190528869261286,35.946802340989514,36.12251281738281,5393700.0
2006-09-15,36.04883022554555,36.35490572542792,36.04883022554555,36.156524658203125,9656600.0
2006-09-18,36.24720685951305,36.46259352344553,36.21319775609496,36.36623764038086,6976100.0
2006-09-19,36.36623308706393,36.3889014954556,36.24720232109964,36.377567291259766,5246800.0
2006-09-20,36.50228749619086,36.55896720061729,36.35491680517473,36.38325881958008,6282100.0
2006-09-21,36.37190685173516,36.50794328138076,36.30389296129502,36.40591812133789,7406900.0
2006-09-22,36.29823703373848,36.33791325920216,36.19054256845809,36.252891540527344,5604800.0
2006-09-25,36.41726577735909,36.4682762140276,36.28689856523246,36.38325881958008,5748400.0
2006-09-26,36.50227219951682,36.68364977230371,36.473930196988505,36.65530776977539,5894200.0
2006-09-27,36.58163630019807,36.768683198103176,36.57029776581265,36.74034118652344,5516500.0
2006-09-28,36.7743327045049,36.86502364398454,36.73465649957806,36.78567123413086,5016400.0
2006-09-29,36.80836486816406,36.84804109561839,36.64399069031485,36.80836486816406,7671300.0
2006-10-02,36.84234972940204,37.02939654280296,36.8083427903771,36.89336013793945,6237000.0
2006-10-03,36.87635575036895,37.22777663427805,36.82534534310148,37.12575149536133,6944900.0
2006-10-04,37.14845385769892,37.34116576025436,37.0520979064212,37.31282806396485,6168300.0
2006-10-05,37.01240329814393,37.20511510503199,36.90470886230469,36.90470886230469,7998400.0
2006-10-06,36.84802798031677,36.9330496729956,36.76300628763795,36.87636566162109,7134500.0
2006-10-09,36.78568404848989,36.84236374321814,36.64965191626539,36.768680572509766,5545700.0
2006-10-10,36.7516724765887,36.83102923783028,36.67232003973061,36.8196907043457,6047100.0
2006-10-11,36.78000016912149,36.95570845028576,36.72898976144741,36.89902877807617,4855700.0
2006-10-12,36.97272898665717,37.00673593682716,36.71766388723235,36.75167083740234,7902000.0
2006-10-13,37.26179360595744,37.26179360595744,36.55895597326759,36.60430145263672,6413600.0
2006-10-16,36.87070682892207,36.88771030539847,36.67232140500764,36.80268859863281,6357100.0
2006-10-17,37.19944465691584,37.69256701524655,37.125761496220285,37.45450973510742,15308200.0
2006-10-18,37.79459885059923,38.62780380249024,37.69257366619659,38.62780380249024,17880100.0
2006-10-19,38.54276077105324,38.66745863015471,38.45206984647715,38.56543350219727,8608800.0
2006-10-20,38.76949765284823,39.18893251838213,38.69581016912572,38.89419555664063,12064700.0
2006-10-23,38.74116318091068,39.341980077432105,38.72982897126326,39.16626739501953,8941400.0
2006-10-24,38.8828509417642,39.03022156177089,38.6901391746942,38.967872619628906,10853500.0
2006-10-25,38.967891506088776,39.08125091526187,38.80918660349273,39.01323699951172,7007400.0
2006-10-26,38.97921872058237,39.047236948507695,38.58812580206638,39.00756072998047,8171600.0
2006-10-27,38.88284849749782,38.9055212317953,38.542766131799496,38.639122009277344,7945500.0
2006-10-30,38.72982048433419,38.746823957271154,38.28771289044213,38.37273025512695,9175200.0
2006-10-31,38.42940934350358,38.42940934350358,38.10633042592079,38.20268630981445,11950600.0
2006-11-01,38.19135850146794,38.299052945690136,37.89095223535696,38.07799911499024,11145700.0
2006-11-02,38.06098374604359,38.54276747459968,38.02697248122151,38.486087799072266,10374400.0
2006-11-03,38.54277591608994,38.72415351213151,38.4067438001545,38.4350814819336,7102500.0
2006-11-06,38.67315549776639,38.82052186881625,38.31039586491646,38.78084564208984,8041300.0
2006-11-07,38.63911505830578,39.12656794705655,38.62211159173698,38.9451904296875,10671300.0
2006-11-08,38.55977448277313,38.712814377559184,38.2083578676306,38.53710174560547,14318400.0
2006-11-09,38.27070331050663,38.39540120541304,37.3071357443103,37.49418258666992,16574400.0
2006-11-10,37.40915801248118,37.58486631025265,37.11442109450496,37.57353210449219,10113100.0
2006-11-13,37.550872390687,37.851278677911104,37.267469580191246,37.37516403198242,8794200.0
2006-11-14,37.0804122493078,37.82293034436938,37.01806330259922,37.72657012939453,11365200.0
2006-11-15,37.72656705469779,37.9759628212065,37.6472146425145,37.71523284912109,7773700.0
2006-11-16,37.69256836410091,37.77192079365363,37.30147115817456,37.709571838378906,10445700.0
2006-11-17,37.77192086704597,38.31605366691466,37.720910444112846,38.112003326416016,11117500.0
2006-11-20,38.30472653620779,38.316060746381616,37.879622302355074,37.98164749145508,7973900.0
2006-11-21,37.91929573009933,38.00998237795852,37.5848781754336,37.74925231933594,8304100.0
2006-11-22,37.69824141610461,37.94763293786515,37.68690288252523,37.84560775756836,6992300.0
2006-11-24,37.90545943149018,37.93396151645042,37.53495407104492,37.53495407104492,2874100.0
2006-11-27,37.33544613711503,37.52354942854238,37.1758449257731,37.42094802856445,9429200.0
2006-11-28,37.36396871813548,37.66607179804934,37.34686485141554,37.60337066650391,8083100.0
2006-11-29,37.56344805279743,37.802849859112285,37.46654794292808,37.73444747924805,6778700.0
2006-11-30,37.73444332536732,37.86554678513998,37.43804174286405,37.56914520263672,7799300.0
2006-12-01,37.56917163068248,37.65466922023604,37.23856645504463,37.60337066650391,8947400.0
2006-12-04,37.84276474766075,38.03086810319184,37.51215964075308,37.78006362915039,7785800.0
2006-12-05,37.81994758195699,37.83135015246621,37.58624707219536,37.71734619140625,6564300.0
2006-12-06,37.76295638003652,37.76295638003652,37.50645501961963,37.63755416870117,7099900.0
2006-12-07,37.76293903379016,37.98524127038653,37.59193530619044,37.65463638305664,10418400.0
2006-12-08,37.56346697731738,37.76296858308891,37.43806472545847,37.59196472167969,6126200.0
2006-12-11,37.59765828742327,37.62045908751509,37.31265480948756,37.44945526123047,7725100.0
2006-12-12,37.49504591353128,37.56344829383444,37.21574380437172,37.381046295166016,8935000.0
2006-12-13,37.50644356104939,37.62044316444952,37.289838226260585,37.31834030151367,8856700.0
2006-12-14,37.49505457785859,37.97386265300996,37.346851560691775,37.76295852661133,9256500.0
2006-12-15,37.84844861773183,37.94534872036101,37.33544167909747,37.78574752807617,12798000.0
2006-12-18,37.74586229561088,38.099263834208166,37.74586229561088,37.96246337890625,7896700.0
2006-12-19,37.9909597203101,38.33296298123623,37.97955714728837,38.1220588684082,10245500.0
2006-12-20,37.99095318369134,38.12775359476281,37.81424812271709,37.86555099487305,9780100.0
2006-12-21,37.751564028537935,37.837061596105656,37.552058107391616,37.62046051025391,8729100.0
2006-12-22,37.49504734845696,37.59194746265644,37.30694405702961,37.42094802856445,6067500.0
2006-12-26,37.392444262873205,37.49504565822599,37.32404623184245,37.41524505615234,3804300.0
2006-12-27,37.58625935575956,37.70596029238714,37.49505615710547,37.62615966796875,5168900.0
2006-12-28,37.54064941044928,37.96245323842992,37.54064941044928,37.8598518371582,5450100.0
2006-12-29,37.71735309553347,37.94535671058279,37.54065235955368,37.63185119628906,5877100.0
2007-01-03,37.69455304497922,38.24746040905141,37.68315482096449,37.84845733642578,12845300.0
2007-01-04,37.56344606266988,38.54385837808138,37.56344606266988,38.321556091308594,11262000.0
2007-01-05,38.07645928650198,38.33296062925668,37.90545549212742,37.97385787963867,8141100.0
2007-01-08,37.9111557006836,38.04795612301048,37.64895307922082,37.9111557006836,6180400.0
2007-01-09,37.9624579391664,38.104959661422136,37.69455400551643,37.76865768432617,7147100.0
2007-01-10,37.93964838515728,37.93964838515728,37.66034629166593,37.70594787597656,6528700.0
2007-01-11,37.84846813671105,38.09926827586848,37.78006572668162,38.03657150268555,6371500.0
2007-01-12,37.876953501781934,38.07645937863738,37.79145595319491,37.98525619506836,6189400.0
2007-01-16,37.99094662802312,38.047946427066535,37.79144515696822,37.9282455444336,7963700.0
2007-01-17,37.96245542551564,38.407060073705225,37.85985401833287,38.11635971069336,9189900.0
2007-01-18,37.88266414253021,38.75477414392993,37.79146528524811,38.59517288208008,10695600.0
2007-01-19,38.76046528045737,38.88586748158563,38.49256136873919,38.62366485595703,13473300.0
2007-01-22,38.7604696063798,38.823170713941785,38.28736283070576,38.29306411743164,10245500.0
2007-01-23,38.1847548464981,38.32725654848409,37.69454864376177,37.90545272827149,9698300.0
2007-01-24,37.85416747199741,38.24176806241029,37.79146635324042,38.196170806884766,7665500.0
2007-01-25,38.08215978712074,38.21326328824927,37.905459038858766,38.008060455322266,7727900.0
2007-01-26,38.00806301097161,38.11636572141186,37.61475682994784,37.66035842895508,10773000.0
2007-01-29,37.76294768196163,37.848449565342456,37.62044599259573,37.70594787597656,8152700.0
2007-01-30,37.705946336080565,37.962447626941184,37.67744425984882,37.84274673461914,7171900.0
2007-01-31,37.842753089605786,38.20185582687654,37.70595266809412,38.07645797729492,8171600.0
2007-02-01,38.07646985711461,38.230369835731,37.90546601526676,38.196170806884766,9232500.0
2007-02-02,38.19046310813137,38.27596501470214,37.89975836531379,37.9510612487793,11317500.0
2007-02-05,37.8370439175868,37.9624460898389,37.677442734286345,37.791446685791016,7526200.0
2007-02-06,37.84276288354621,37.86556368450031,37.50075956685098,37.62046051025391,8180100.0
2007-02-07,37.62045793061611,37.67745775468882,37.42095637195774,37.5064582824707,7795300.0
2007-02-08,37.48365020751953,37.60335111948066,37.39244702765944,37.48365020751953,7340100.0
2007-02-09,37.540662913151415,37.67746338111606,37.352559551694725,37.392459869384766,7107600.0
2007-02-12,37.46086709480628,37.54636902908192,37.25566419206834,37.31266403198242,6067300.0
2007-02-13,37.28414792486191,37.34684467372441,37.21004425553979,37.26704406738281,8583600.0
2007-02-14,37.36965154565219,37.56345615600517,37.27845270163306,37.53495407104492,7254900.0
2007-02-15,37.47795069931477,37.580552107120695,37.38674751512853,37.50075149536133,7350800.0
2007-02-16,37.42095280702319,37.47225133915929,37.18724789713902,37.34115219116211,12927000.0
2007-02-20,37.27846499779578,37.52356822335448,37.19866435215425,37.31266403198242,9384300.0
2007-02-21,37.198644726577015,37.27844533011666,37.02764094824536,37.05044174194336,12036200.0
2007-02-22,37.03335536408494,37.09035519413593,36.85095329863681,36.925052642822266,12930900.0
2007-02-23,37.04256836957847,37.04256836957847,36.68710710032524,36.778839111328125,11586300.0
2007-02-26,36.83618867562972,36.97378566538166,36.69859168587777,36.8648567199707,10483200.0
2007-02-27,36.69284946635682,36.83044642709967,35.958993176890246,36.14818954467773,18581000.0
2007-02-28,36.27433000262282,36.53232709537129,36.01633290987434,36.07939910888672,16690600.0
2007-03-01,35.74684627945024,36.079376139978095,35.402851832823046,35.80418014526367,14589700.0
2007-03-02,35.71818782340612,35.80418754637166,35.391392375439175,35.51752471923828,13773000.0
2007-03-05,35.23087745559936,35.74686946014435,35.23087745559936,35.4487419128418,16009400.0
2007-03-06,35.632188251269,35.672320869809155,35.184992779292955,35.37419128417969,19244300.0
2007-03-07,35.34553685890294,35.85006199412717,35.31113652315676,35.46593475341797,14139300.0
2007-03-08,35.54619257125424,35.68952399291252,35.34552945575821,35.38566207885742,14670100.0
2007-03-09,35.64940221778652,35.72393519210682,35.51180304881556,35.626468658447266,10011500.0
2007-03-12,35.68952581319603,35.74685750995788,35.20793212437877,35.42579650878906,13310200.0
2007-03-13,35.20220693363465,35.39140332078143,34.74927900179359,34.84101104736328,17202700.0
2007-03-14,34.96714282468745,35.05887486866873,34.46261548925819,34.806610107421875,16217000.0
2007-03-15,34.800873803325814,34.863939986373886,34.600208476621575,34.703407287597656,10109800.0
2007-03-16,34.72634064009656,34.904072410643714,34.54287657433493,34.69194030761719,15553900.0
2007-03-19,34.77219691998996,34.8581944438075,34.61166427214958,34.81806182861328,10425200.0
2007-03-20,34.777937037661125,35.167798690455086,34.772204742942385,35.01300048828125,9871300.0
2007-03-21,35.012995490786174,35.156326896000486,34.67473328699786,35.098995208740234,16305000.0
2007-03-22,35.09900244386538,35.248066173707464,34.852472201113216,34.89260482788086,12725500.0
2007-03-23,35.11620232660606,35.11620232660606,34.600208274736374,34.69194030761719,17676100.0
2007-03-26,34.85819823024804,34.85819823024804,34.32500521382037,34.542869567871094,17385900.0
2007-03-27,34.45688067904414,34.519946868756904,34.38808219347768,34.416748046875,12691000.0
2007-03-28,34.39955139160156,34.628882609038065,34.32501841787501,34.39955139160156,16111500.0
2007-03-29,34.617408346679795,34.67474004511401,34.41101073301405,34.59447479248047,16849900.0
2007-03-30,34.646058080248,34.657524852013886,34.370862119056056,34.54859161376953,13275100.0
2007-04-02,34.548610699849924,34.628878146554165,34.4167460322894,34.456878662109375,9734200.0
2007-04-03,34.714864841620056,34.89832885970683,34.542867598046655,34.76646423339844,12055300.0
2007-04-04,34.80661482603358,35.173543051701884,34.7148827696165,35.13914489746094,12983300.0
2007-04-05,35.167791087685025,35.488854199124944,35.104724924092935,35.28818893432617,9694800.0
2007-04-09,35.31686322496186,35.402862957173326,35.18499857275125,35.33406448364258,5829600.0
2007-04-10,35.28247528306709,35.47167168674563,35.236608162742186,35.35700607299805,9137600.0
2007-04-11,35.27099769515455,35.712458751217056,35.259530918587004,35.48312759399414,14688400.0
2007-04-12,35.2881981567677,35.51752932302586,35.25953230775145,35.500328063964844,9342600.0
2007-04-13,35.632193298561326,35.76405794773809,35.48312739109959,35.746856689453125,14546100.0
2007-04-16,35.827119561438856,36.1309814453125,35.781252461273326,36.1309814453125,13395100.0
2007-04-17,37.43816530305992,37.49549699110336,36.93937043141439,37.00817108154297,29072800.0
2007-04-18,36.950833789236206,37.13429780934395,36.778838730831794,36.93936920166016,11757000.0
2007-04-19,37.23177719116211,37.28337441127906,36.86484904545762,37.23177719116211,12530900.0
2007-04-20,37.5241665444516,37.5241665444516,37.19164095189698,37.3349723815918,15794600.0
2007-04-23,37.266160825044494,37.334961465868695,37.08269682364011,37.12282943725586,10862400.0
2007-04-24,37.35217102594536,37.35217102594536,36.89924318839635,36.97377395629883,10367000.0
2007-04-25,37.122850531928506,37.33498268108322,36.979519062693264,37.08271789550781,12907800.0
2007-04-26,36.97378725965565,37.09418517764622,36.77885854694603,36.8304557800293,10533100.0
2007-04-27,36.69857626140465,36.99670367625198,36.60684205737309,36.790306091308594,9817600.0
2007-04-30,36.69284500140423,36.90497708625468,36.549513575617496,36.81897735595703,13917900.0
2007-05-01,36.99672075265975,37.23178647839311,36.84192467956749,37.013919830322266,10049100.0
2007-05-02,36.69856913257518,37.15149683521102,36.69283465240525,36.96803283691406,7976300.0
2007-05-03,37.031089130992655,37.15149132607314,36.77309442525127,36.87629318237305,8992000.0
2007-05-04,37.01389555589324,37.14576235504109,36.78456883861711,36.96803283691406,6489200.0
2007-05-07,36.687113111910776,36.88204394061642,36.45778195329331,36.84191131591797,10864100.0
2007-05-08,36.65845957929995,36.74445715750513,36.40619695467391,36.5208625793457,10957500.0
2007-05-09,36.4864414152149,36.859103935976,36.29724510147451,36.75590515136719,13768500.0
2007-05-10,36.69857823159173,36.69857823159173,35.81565615396202,35.832855224609375,23573300.0
2007-05-11,35.718199288911514,36.13672688842552,35.345538806252776,35.70100021362305,23867100.0
2007-05-14,36.11952413342825,36.38325346728484,35.86726157761729,35.89592742919922,16788200.0
2007-05-15,35.54044819082717,35.775511554928656,35.3512497287863,35.4429817199707,21866900.0
2007-05-16,35.99339132354383,36.33165361704437,35.78126139994445,36.14818954467773,17213000.0
2007-05-17,36.176850583335415,36.176850583335415,35.85005511121413,35.970455169677734,12360000.0
2007-05-18,36.10805469301382,36.480717297294056,36.00485588527665,36.36031723022461,13378700.0
2007-05-21,36.6068408225058,36.710039611496256,36.337379261976224,36.41764450073242,10813300.0
2007-05-22,36.43484418417625,36.62404269620328,36.29151277339109,36.45204544067383,8892500.0
2007-05-23,36.56097453168444,36.75017084632992,36.486441589762926,36.58390808105469,9822100.0
2007-05-24,36.794546461246014,36.97921371828504,36.62142324673936,36.63296508789063,11036400.0
2007-05-25,36.69066158246538,36.69066158246538,36.40789207567553,36.465599060058594,8493000.0
2007-05-29,36.47138938155046,36.56372192372628,36.23478710463859,36.38482666015625,10059400.0
2007-05-30,36.38482086632213,36.5637161014053,36.21746747234573,36.48292541503906,10866600.0
2007-05-31,36.35597202700061,36.67336499330926,36.338660363810746,36.51178359985352,12154500.0
2007-06-01,36.5579533558338,36.80032767781007,36.36751843270683,36.59257888793945,10836900.0
2007-06-04,36.38481280269767,36.74260099218967,36.36172912559996,36.70220565795898,10090400.0
2007-06-05,36.586795882365095,36.67335637936421,36.36750532748178,36.53485870361328,11391400.0
2007-06-06,36.47139444463978,36.60412235485694,36.09629220170043,36.29827117919922,11532300.0
2007-06-07,36.14820725197205,36.298248937763766,35.7731074402536,35.77887725830078,14245500.0
2007-06-08,35.807760224405534,35.98088352626293,35.467283443487034,35.85392761230469,13943800.0
2007-06-11,36.29248828041621,36.29248828041621,35.86545116705906,35.93470001220703,9082200.0
2007-06-12,35.923142829220765,36.01547531711215,35.64037334677706,35.68077087402344,11908200.0
2007-06-13,35.72694375969946,35.92892043280112,35.3864672240562,35.882755279541016,14814400.0
2007-06-14,35.89431210671992,36.13091439460102,35.88277026324016,36.03858184814453,9093400.0
2007-06-15,36.11937313645658,36.42522428879116,36.10783129278978,36.22324752807617,16817100.0
2007-06-18,36.2694166256574,36.29827233863733,35.91162823880087,35.969337463378906,8489300.0
2007-06-19,35.975086526824384,36.16552135459276,35.89429586041473,36.0212516784668,11399300.0
2007-06-20,36.07895363521059,36.263618607512434,35.773102687594424,35.80195617675781,11311700.0
2007-06-21,35.72693765529987,35.97508164064374,35.65768883655143,35.84235382080078,10370700.0
2007-06-22,35.692340842957954,35.76736174105966,35.04601287841797,35.04601287841797,22060300.0
2007-06-25,35.20180647231333,35.49611568896606,35.18449481291637,35.26528549194336,12967700.0
2007-06-26,35.40955853170517,35.755804960600095,35.38647484941055,35.57691192626953,13908200.0
2007-06-27,35.28838262577698,35.50767106634526,35.24221524794257,35.46150588989258,14158300.0
2007-06-28,35.4903564453125,35.68656338200851,35.31723319561167,35.4903564453125,9515800.0
2007-06-29,35.53651934736907,35.744265900038194,35.32299857160545,35.559600830078125,12025100.0
2007-07-02,35.744255135518,35.77888065122589,35.42109246110021,35.692317962646484,8090400.0
2007-07-03,35.778895469352776,35.94047687348196,35.70964661063763,35.75004196166992,4716100.0
2007-07-05,35.836593471833524,36.02125851621843,35.70386560876818,35.940467834472656,8299700.0
2007-07-06,35.8366137411514,36.00973924439101,35.77890670765967,35.85392761230469,7558900.0
2007-07-09,35.986640586863814,36.54640782478247,35.77312201006876,36.19438934326172,18794500.0
2007-07-10,36.19439515284336,36.26941383695399,35.848146436143175,35.89431381225586,14338300.0
2007-07-11,35.894320146130845,36.35021315947258,35.865466631659785,36.27519226074219,11145900.0
2007-07-12,36.38483303759321,36.59258184424783,36.13668887424264,36.56372833251953,11042400.0
2007-07-13,36.62719439952861,36.70221306316134,36.36173646210624,36.60411071777344,8999400.0
2007-07-16,36.56949047130241,36.8638019526908,36.517553280550416,36.81763458251953,13368200.0
2007-07-17,36.28671949102066,36.65604961080613,35.94047085268591,36.20592880249024,27568400.0
2007-07-18,36.07320689123838,36.29826954771524,35.79043941738397,35.89431381225586,16892500.0
2007-07-19,35.980864529907535,36.18284344325679,35.81351334058291,36.00394821166992,12653800.0
2007-07-20,36.003942132714464,36.0674211461526,35.617300434690435,35.65769577026367,13773900.0
2007-07-23,35.71539825287971,35.96931427456401,35.69231457793015,35.77887725830078,9439400.0
2007-07-24,35.53074472434621,35.853909673807124,35.44418201603562,35.47303771972656,10753800.0
2007-07-25,35.47882165710744,35.77313322136882,35.31146819518485,35.50767517089844,10622200.0
2007-07-26,35.21912153971144,35.501891145049186,35.05754016602194,35.17872619628906,23319000.0
2007-07-27,35.05753754687715,35.28259792952504,34.46314707974237,34.492000579833984,23503600.0
2007-07-30,34.58432850107922,34.87863768507868,34.49199599223815,34.66511917114258,13604100.0
2007-07-31,35.40378129720728,35.65192534188232,34.913265228271484,34.913265228271484,21874200.0
2007-08-01,34.91904027330157,35.43264229937956,34.88441695115731,35.17872619628906,17638800.0
2007-08-02,35.08639215989851,35.47880593745831,35.05753865889167,35.219120025634766,17094800.0
2007-08-03,35.4903642509878,35.4903642509878,34.86134795100445,34.942138671875,12984400.0
2007-08-06,34.80362545542765,35.98663663111907,34.80362545542765,35.95201110839844,14768000.0
2007-08-07,35.634628484874554,36.0097307178996,35.51921224383749,35.82506561279297,18086400.0
2007-08-08,35.77312132190646,36.06166076660156,35.3172284709567,36.06166076660156,15477600.0
2007-08-09,35.7788836476607,36.12513002821477,35.103702545166016,35.103702545166016,20821000.0
2007-08-10,35.02868612083254,35.444181389791275,34.913269912251366,35.28837203979492,15651600.0
2007-08-13,35.38648500160252,35.70387801937807,35.27684078131838,35.46150588989258,11132700.0
2007-08-14,35.49612480856729,35.74426893012058,35.26529455224009,35.27683639526367,18623200.0
2007-08-15,35.2479754915945,35.634617245530904,35.07485008395271,35.37493133544922,13757600.0
2007-08-16,35.0864072235326,35.73850719288179,35.0460118645039,35.56538391113281,24001900.0
2007-08-17,36.06166743834798,36.34443491369031,35.403795533570424,35.79043960571289,18327900.0
2007-08-20,35.68654069141283,35.836580158718775,35.513417551789004,35.68077087402344,12981800.0
2007-08-21,35.53075580697043,35.72696276581095,35.490360450860486,35.588462829589844,12477700.0
2007-08-22,35.6057672956436,35.83659752655145,35.559599928633304,35.78466033935547,12141600.0
2007-08-23,35.865437494177016,35.99239329498578,35.76156316536422,35.84235382080078,8809400.0
2007-08-24,35.88012748918199,36.007939536803946,35.64193371982493,35.94984436035156,9166300.0
2007-08-27,35.822025023951056,35.93240672322657,35.73488006081511,35.787166595458984,10458800.0
2007-08-28,35.787174755265475,35.833652670518966,35.572219937690534,35.583839416503906,14789300.0
2007-08-29,35.641944980960155,36.01376176277393,35.5896584191574,35.938236236572266,10176700.0
2007-08-30,35.64192646769139,35.96726515171864,35.64192646769139,35.787166595458984,8354000.0
2007-08-31,36.007953327731656,36.06023989303996,35.81623739906108,35.8975715637207,13355800.0
2007-09-04,35.8045992645858,36.04860163145784,35.78716894110307,36.0079345703125,9167600.0
2007-09-05,35.93242114983869,36.00213803481367,35.70003818182352,35.81623077392578,11283800.0
2007-09-06,35.84526425157879,35.96145679792294,35.79297771653335,35.822025299072266,7724400.0
2007-09-07,35.73489183918201,36.03699167045456,35.58965166354266,35.83365631103516,13553000.0
2007-09-10,35.93242530169224,36.0079508277138,35.76975698366698,35.92661666870117,10176500.0
2007-09-11,36.0079512366822,36.10090487892232,35.85690239911312,36.04861831665039,9942900.0
2007-09-12,36.01956034743221,36.40880291967406,35.990512758131764,36.31584930419922,11635100.0
2007-09-13,36.41461165361618,36.75737850631973,36.35070563115112,36.66442489624024,13499000.0
2007-09-14,36.59471555096664,36.78643142998227,36.5249986711526,36.71671676635742,9369200.0
2007-09-17,36.61214793873189,36.7922465750013,36.42624066989419,36.56567001342773,11085700.0
2007-09-18,36.58309892815987,37.15244019397195,36.56566859875044,37.08272552490234,12653400.0
2007-09-19,37.04204739848135,37.63462748470439,36.978143593187,37.46614837646485,17955900.0
2007-09-20,37.4719627703451,37.76244310189816,37.286055535446266,37.64044189453125,12079500.0
2007-09-21,37.70434508954772,38.08777679355608,37.6404390668167,37.832157135009766,17638200.0
2007-09-24,37.75083538089788,38.08198286527509,37.617212444362174,37.87864303588867,12256700.0
2007-09-25,37.64625194381112,37.9599667947423,37.61720213832067,37.74501419067383,10084900.0
2007-09-26,37.7740642382227,38.12845063364605,37.6811128274312,37.98902130126953,12518700.0
2007-09-27,37.98321221282583,38.19816928583211,37.965784099518594,38.076168060302734,9074100.0
2007-09-28,38.08198021904008,38.19817060000487,37.95997455693445,38.16912078857422,8857800.0
2007-10-01,38.14587361342287,38.459588424511225,38.14587361342287,38.42473220825195,12568700.0
2007-10-02,38.43637309098052,38.54094179196344,38.2737003250101,38.372467041015625,9839400.0
2007-10-03,38.26788982825586,38.808183554303376,38.23884001504868,38.40150833129883,9377800.0
2007-10-04,38.40150345215814,38.546743634982015,38.34340826550431,38.40731430053711,8741800.0
2007-10-05,38.517689634555566,38.57578480820312,38.45959002853037,38.48863983154297,9407400.0
2007-10-08,38.488637682092296,38.56416096037865,38.31434773850545,38.35501480102539,5678900.0
2007-10-09,38.40149485488281,38.50025709332142,38.30854346352225,38.48863983154297,7639500.0
2007-10-10,38.50026386049399,38.51769640479223,38.15168832496206,38.24464416503906,8523900.0
2007-10-11,38.331797935253306,38.47703814435079,38.24465292331894,38.31436538696289,10369200.0
2007-10-12,38.44215496150722,38.48282201893739,38.2330088283301,38.308536529541016,7025800.0
2007-10-15,38.3143535920354,38.43635923061221,38.00063873745466,38.14006805419922,9198100.0
2007-10-16,38.20978659698506,38.34340951980072,37.53587443147401,37.80311584472656,14314900.0
2007-10-17,38.08196803679112,38.099396145122775,37.59976968852033,37.67529296875,10198300.0
2007-10-18,37.90185868537029,37.94833658534719,37.58233309587621,37.7043342590332,13529500.0
2007-10-19,37.51843694888667,37.76243933930848,37.27443455846485,37.31510162353516,15297000.0
2007-10-22,37.35577090703263,37.408055237066144,36.920048211052666,37.379005432128906,11153100.0
2007-10-23,37.41387352440706,37.530063902505006,37.158249373736986,37.50101852416992,7727900.0
2007-10-24,37.37321629047455,37.48359584902065,37.02463841582006,37.4371223449707,11114300.0
2007-10-25,37.42550068165411,37.44292879973755,37.02463845240483,37.15245056152344,10605500.0
2007-10-26,37.28604181741309,37.5300441423752,37.07689570105229,37.35575866699219,9531300.0
2007-10-29,37.44290733158852,38.02967875412177,37.355766791133895,37.75082015991211,12797700.0
2007-10-30,37.646257796459714,37.91930562158026,37.61720798645306,37.65787506103516,7698400.0
2007-10-31,37.663681553100965,37.90768397237075,37.530058647856166,37.8612060546875,10547400.0
2007-11-01,37.646248833168286,37.98320261417433,37.48357614119234,37.56491470336914,11156800.0
2007-11-02,37.60557148903354,37.762428858662346,37.39061452910563,37.63461685180664,9896700.0
2007-11-05,37.1872897666997,37.68110539712447,37.1872897666997,37.46614837646485,10137400.0
2007-11-06,37.46614891406092,37.69853404711812,37.26862443200784,37.535865783691406,7820100.0
2007-11-07,37.23957406993837,37.48938730856355,37.02461926560583,37.12919235229492,10751600.0
2007-11-08,37.16405344992752,37.69853618358509,37.15243397099727,37.52424621582031,16433400.0
2007-11-09,37.09435353166444,38.19818015650328,37.09435353166444,37.85541534423828,16168600.0
2007-11-12,38.55835155119792,38.89530528631615,37.75081677789591,38.52349090576172,17582900.0
2007-11-13,38.76752297387143,39.12771589669641,38.65132813394407,39.10447692871094,16501000.0
2007-11-14,39.04055859347852,39.0986582113552,38.77912804254759,38.8604621887207,12128500.0
2007-11-15,38.78493614537621,39.09865544371348,38.65712408690048,38.85464859008789,11491600.0
2007-11-16,39.040554399212056,39.37751264423063,38.68036162839323,39.360084533691406,15135600.0
2007-11-19,39.19160470229271,39.51113483099246,39.17998743960271,39.267127990722656,19230900.0
2007-11-20,39.40655702375575,39.476269456313226,39.04054902331914,39.296173095703125,15463500.0
2007-11-21,38.9243535980084,39.301978810434605,38.88949738628124,39.00568771362305,14971600.0
2007-11-23,39.40028681177436,39.40028681177436,38.68125886006101,39.09630584716797,5964700.0
2007-11-26,39.02030264528322,39.79778689946352,38.80985571242323,39.38274002075195,15977400.0
2007-11-27,39.50548323784603,39.680852634242775,39.30088337874528,39.593170166015625,15183000.0
2007-11-28,39.6575010591626,40.03163255099159,39.20153401780186,39.95563507080078,15187400.0
2007-11-29,39.74518200391389,40.13684994383723,39.49381502453564,39.984859466552734,11035900.0
2007-11-30,40.06669424337544,40.18945422289929,39.28336292553239,39.59903335571289,16655400.0
2007-12-03,39.52888387391359,39.797787299729336,39.34182042726157,39.58149337768555,9768100.0
2007-12-04,39.42367822475078,39.87379831359216,39.400294725857584,39.715965270996094,8107400.0
2007-12-05,39.42951326626383,39.89717423541912,39.42951326626383,39.8737907409668,9752700.0
2007-12-06,39.86210717069796,39.96733068145881,39.60489315329452,39.92641067504883,7604500.0
2007-12-07,40.043315301073065,40.043315301073065,39.50550834113894,39.56396484375,12058400.0
2007-12-10,39.59319999653814,39.75103301820487,39.42951552599106,39.62827301025391,8315100.0
2007-12-11,39.62826875928055,39.733492249086176,39.44705226126071,39.48797225952149,10231500.0
2007-12-12,39.75104236466615,39.98487291762414,39.1781577329164,39.57566833496094,19269400.0
2007-12-13,39.45875478888656,39.75104186139683,39.41198778689769,39.675048828125,7775900.0
2007-12-14,39.50551001051619,39.71011000827325,39.394439528900016,39.5113525390625,9492100.0
2007-12-17,39.417821779669296,39.61073225430384,39.28921479657961,39.48797225952149,12357700.0
2007-12-18,39.692563832241056,39.692563832241056,39.27166996228793,39.58149337768555,12275400.0
2007-12-19,39.511356279048265,39.60489026398816,39.28921975473482,39.35352325439453,8853900.0
2007-12-20,39.56396737279543,39.56396737279543,39.3009108642577,39.35936737060547,11029400.0
2007-12-21,39.37104432723039,39.86208863577245,39.37104432723039,39.7685546875,19689500.0
2007-12-24,39.52305830163456,39.92641588888171,39.51136432116395,39.675048828125,2772000.0
2007-12-26,39.73934083511374,39.745183363710666,39.37690336455693,39.49381637573242,6399800.0
2007-12-27,39.22491339205461,39.73934135178427,39.17230387432529,39.35936737060547,7623400.0
2007-12-28,39.60489340813719,39.7101169195751,39.18399936238551,39.38859939575195,5279200.0
2007-12-31,39.33598219238952,39.359365685916856,38.90339871199715,38.99108123779297,8515000.0
2008-01-02,38.909235809354136,39.16644974230682,38.4181958936569,38.52926635742188,11970500.0
2008-01-03,38.4357311171329,38.815705016363445,38.20774766958351,38.54095458984375,9277600.0
2008-01-04,38.41820769685167,38.81571823356687,38.41820769685167,38.48835372924805,12714800.0
2008-01-07,38.4415796091471,39.28920995142415,38.43573262156081,39.08460998535156,12352700.0
2008-01-08,39.19569694329098,39.6048970476273,38.93263591054909,39.13139343261719,13478500.0
2008-01-09,39.160590330277664,39.92053791292316,39.160590330277664,39.63409805297852,19489900.0
2008-01-10,39.41781263977895,39.88547347713209,39.371045664054776,39.69841003417969,13043400.0
2008-01-11,39.36520343646247,39.768560845947945,39.36520343646247,39.68087387084961,15541800.0
2008-01-14,39.9205554044091,39.9205554044091,39.34767097356296,39.721797943115234,11661600.0
2008-01-15,39.57565556163892,39.85040603819089,39.429512070702366,39.61073303222656,11545300.0
2008-01-16,39.35938219869787,40.24793302579134,39.35938219869787,39.9322624206543,18310300.0
2008-01-17,39.9673429928014,40.07840906730006,38.58190041767644,39.65167236328125,18336600.0
2008-01-18,39.84457428067507,39.84457428067507,38.58773902687843,38.75141906738281,22716600.0
2008-01-22,37.804392663901055,39.0203074341072,37.70501617228336,38.15513610839844,29488900.0
2008-01-23,37.99731265854464,38.3305196834602,36.319585785552114,37.5296516418457,22843600.0
2008-01-24,37.72840203284204,37.72840203284204,37.02691286981656,37.12628936767578,18084400.0
2008-01-25,37.14382639077943,37.40688509354153,36.44233726007132,36.51248550415039,23938400.0
2008-01-28,36.629400564821786,36.9041510120132,36.53586882981635,36.86907577514648,10182000.0
2008-01-29,37.02691874800542,37.05614700319398,36.728786977125445,36.81062698364258,10074000.0
2008-01-30,36.81062996931317,36.82816647785408,36.24359240677703,36.34881591796875,13653300.0
2008-01-31,36.1617346726138,37.05613184947218,36.07989469956427,36.90998840332031,21274200.0
2008-02-01,37.0327577482159,37.1730564732657,36.68201428055027,37.038604736328125,11780400.0
2008-02-04,37.05030115305282,37.2432094155947,36.82816240621026,37.10291290283203,7976200.0
2008-02-05,37.249059852200325,37.266596360425616,36.71125055690309,36.75217056274414,11320400.0
2008-02-06,36.93337131383864,37.04443952839177,36.69954091165395,36.85737609863281,9556900.0
2008-02-07,36.71709442138672,36.933386180991775,36.53587567524725,36.71709442138672,13693300.0
2008-02-08,36.74047028247776,36.93922550611292,36.20850810009727,36.2611198425293,13338800.0
2008-02-11,36.31957869286712,36.32542345094661,35.86945650167914,36.17343521118164,11133400.0
2008-02-12,36.32542947361539,36.91585048629973,36.24943422614679,36.81062698364258,11421300.0
2008-02-13,36.58849003156698,37.2665958432012,36.58849003156698,37.06784057617188,11190600.0
2008-02-14,37.00353413615848,37.19644462853772,36.606023633655376,36.70540237426758,10864100.0
2008-02-15,36.6352527391855,36.886619746019846,36.50664797125073,36.76970672607422,11916000.0
2008-02-19,36.97429121144922,37.31334507081033,36.85737601063602,37.213966369628906,10392600.0
2008-02-20,37.21397913961445,37.24320739235444,36.89246389952909,36.96261215209961,13772900.0
2008-02-21,37.05028240259826,37.161350604823575,36.68200034052442,36.81645202636719,11085000.0
2008-02-22,36.93120922772255,37.23720422800592,36.77821284996285,37.17835998535156,10142300.0
2008-02-25,37.27252630724663,37.62559638708736,37.196026966867365,37.572635650634766,9979000.0
2008-02-26,37.466699901499176,37.702081361546966,37.30781999744548,37.496124267578125,9219200.0
2008-02-27,37.196021096350485,37.57262972067908,37.048908212174354,37.095985412597656,9569700.0
2008-02-28,37.13129784502628,37.36079587182915,36.77822775647011,36.90180206298828,8545200.0
2008-02-29,36.89590039429349,36.92532251308024,36.41337046294669,36.460445404052734,12028300.0
2008-03-03,36.48399160411055,36.6605265984034,36.26037941413202,36.61933517456055,8841200.0
2008-03-04,36.54283518703589,36.9547516627111,36.48987446523816,36.860599517822266,14347700.0
2008-03-05,36.931201008104345,37.23719594028374,36.86058748368247,37.14892959594727,13654600.0
2008-03-06,37.04303305343736,37.24899023990896,36.784112882141656,36.85472869873047,12137700.0
2008-03-07,36.5193059886802,36.73114667260744,36.13092803433329,36.19565582275391,14935800.0
2008-03-10,36.301569950194185,36.33099431916027,35.99557492001326,36.08972930908203,14229400.0
2008-03-11,36.34276885036403,36.79587683954322,36.18388889803224,36.74291610717773,13635600.0
2008-03-12,36.74878820767142,37.14893531561007,36.56636747633463,36.80763244628906,13132300.0
2008-03-13,36.78999986913531,37.33137434557935,36.28393105738498,36.96065139770508,15810500.0
2008-03-14,37.29017298737631,37.29017298737631,36.63110789948587,36.86648941040039,20835000.0
2008-03-17,36.272159561236485,37.8315573408598,36.272159561236485,37.68444442749024,21927300.0
2008-03-18,38.09637958162001,38.43179702758789,37.91396090612957,38.43179702758789,15062200.0
2008-03-19,38.47884536443135,38.7259939306806,38.14342817037053,38.1787338256836,15845800.0
2008-03-20,38.23169103887696,38.54356958590404,38.18461384586542,38.47295379638672,16276300.0
2008-03-24,38.34349667166207,38.567106594970674,38.037499419210256,38.18461227416992,9887900.0
2008-03-25,38.20816429263663,38.33173859547234,37.86686127174012,37.98455429077149,9511900.0
2008-03-26,37.78448249959038,38.16109122226155,37.78448249959038,38.07282257080078,11354700.0
2008-03-27,38.14343009381255,38.396464445216594,37.96689282928725,38.02574157714844,10772200.0
2008-03-28,38.15519852556127,38.24935293391111,37.69620700867903,37.766822814941406,8755200.0
2008-03-31,37.83153726303872,38.25522294701084,37.4961201781487,38.1728401184082,13668500.0
2008-04-01,38.32584936584406,38.7907266476528,37.96101226357257,38.76130676269531,11204700.0
2008-04-02,38.749561632641495,38.82017748583083,38.33764704620105,38.43179702758789,9791500.0
2008-04-03,38.13165758958699,38.59064902433566,38.13165758958699,38.4082260131836,7651200.0
2008-04-04,38.39058762467687,38.80838779264752,38.267013306505,38.678932189941406,8079600.0
2008-04-07,38.63184887362472,38.9790331665664,38.54358023472328,38.920188903808594,8901900.0
2008-04-08,38.826036410053206,39.19675928145284,38.69069057409699,39.02610778808594,8861100.0
2008-04-09,38.96726956200252,39.13203530813304,38.80250381587201,39.00846099853516,8589900.0
2008-04-10,38.9908100568323,39.17322864324224,38.92608001206811,39.03200149536133,8272100.0
2008-04-11,38.95548375041636,39.27913384004072,38.8024896076196,38.83779525756836,9234800.0
2008-04-14,38.831927381746056,39.08496179855549,38.684814453125,38.684814453125,10326800.0
2008-04-15,38.62007583577719,38.849571594339714,38.24346718123719,38.6318473815918,17362000.0
2008-04-16,38.71422930272347,38.78484510730597,38.325849111813504,38.6612663269043,12617900.0
2008-04-17,38.625974593545386,38.83781759413038,38.57301608816454,38.696590423583984,8841500.0
2008-04-18,38.878988849393465,39.30856040237267,38.80249177372472,39.13790893554688,10741100.0
2008-04-21,38.98491635793042,39.17322068000266,38.86722784020872,39.02610778808594,8975600.0
2008-04-22,38.87309678665539,39.52039689728508,38.7142168892003,39.42035675048828,13185600.0
2008-04-23,39.49686367562446,39.714587842880185,39.27913501884038,39.579246520996094,10643000.0
2008-04-24,39.549835143334114,39.86171380176133,39.43802789237725,39.64398956298828,9613100.0
2008-04-25,39.76167558791485,39.83817268190731,39.39095268537204,39.60867691040039,9182200.0
2008-04-28,39.60279593124175,39.82052015794444,39.52629434713143,39.61456298828125,9071600.0
2008-04-29,39.57338016173544,39.714607324574935,39.50276433555041,39.5380744934082,7706800.0
2008-04-30,39.69104896883395,39.82050900766585,39.37917041502709,39.47920608520508,13098400.0
2008-05-01,39.50276854265285,39.94410740186875,39.3968470368598,39.90291595458984,13165100.0
2008-05-02,39.726359311605925,40.203003557436126,39.726359311605925,40.16769790649414,12562300.0
2008-05-05,40.0382544613928,40.20302022011591,39.84406432167049,39.95587158203125,10550400.0
2008-05-06,39.83816272522456,40.00293290803685,39.60866701107511,39.76755142211914,9487600.0
2008-05-07,39.7087158768765,39.82640440086759,39.30268283690723,39.37329864501953,12628400.0
2008-05-08,39.4439058360778,39.52040740924313,39.24971575123664,39.367408752441406,9444500.0
2008-05-09,39.14379211602849,39.40859798685244,39.04375643771951,39.16144943237305,8758400.0
2008-05-12,39.184999408988354,39.36153672768971,39.01435235431568,39.255615234375,7707900.0
2008-05-13,39.27915392707581,39.42626686313228,39.01435243798639,39.07908248901367,9532400.0
2008-05-14,39.17910415710855,39.49098275137328,39.07906847395361,39.31444549560547,9022000.0
2008-05-15,39.41449812699999,39.42037941173009,39.037884896348,39.23796081542969,8407900.0
2008-05-16,39.373306686237626,39.373306686237626,39.01435077836693,39.23796081542969,9764900.0
2008-05-19,39.19087378249946,39.3026810177866,38.99080240306901,39.208526611328125,8748300.0
2008-05-20,39.09673415053544,39.39096001382477,38.861352561997904,38.926082611083984,12612400.0
2008-05-21,39.06730797712011,39.2497265673457,38.590663537095736,38.678932189941406,11216800.0
2008-05-22,38.92781352410167,38.96336800250075,38.64336413339993,38.76188659667969,9882700.0
2008-05-23,38.71447951159215,38.80929296570001,38.435957360676106,38.47151184082031,9073500.0
2008-05-27,38.41227127077919,38.714498060316274,38.40634401419201,38.60783004760742,8358200.0
2008-05-28,38.63150834280394,38.70261728891713,38.30557726922181,38.44779968261719,14779300.0
2008-05-29,38.31741964645958,39.49668934833091,38.246306201685584,39.360389709472656,13264000.0
2008-05-30,39.40189530455991,39.721899218254855,39.32485908356995,39.55004501342773,10995000.0
2008-06-02,39.43743510575472,39.70410264339986,39.200394782754536,39.41373062133789,9630900.0
2008-06-03,39.4729951349413,39.72781272687492,39.37225445284792,39.56188583374024,11363000.0
2008-06-04,39.5263327852346,39.66855973316758,39.27151515498315,39.43744659423828,8962800.0
2008-06-05,39.50264677060503,39.76338722492452,39.407828771819005,39.680423736572266,8679800.0
2008-06-06,39.455230163561154,39.56189813104248,38.92189032615452,38.96929931640625,14267200.0
2008-06-09,39.04040356148342,39.23003497839792,38.70262245881792,38.89225387573242,8695900.0
2008-06-10,38.64337337799963,39.06411805066514,38.64337337799963,38.8863410949707,10170100.0
2008-06-11,38.82114459628004,39.02262599705927,38.58410419682188,38.63743591308594,10392400.0
2008-06-12,38.66114232556712,39.01077794939856,38.613737860256414,38.92781448364258,9743400.0
2008-06-13,38.98115414734296,39.330789842434,38.957449649271474,39.27152633666992,8938300.0
2008-06-16,39.08781804611421,39.206340524094266,38.81522312851544,39.01670455932617,7984700.0
2008-06-17,39.13522533459607,39.25967054018303,38.81522143972813,38.86855316162109,7304000.0
2008-06-18,38.68485750058816,39.093752209840574,38.04484956988986,38.18707656860352,12845600.0
2008-06-19,38.11002680453469,38.50707143061574,38.009286095139935,38.29373550415039,9089600.0
2008-06-20,38.098164137321454,38.2937227583527,37.85519880429078,37.96186447143555,16435000.0
2008-06-23,38.04483499974682,38.19891192876045,37.89668758428702,38.09817123413086,8689900.0
2008-06-24,37.9855688130119,38.42409050481893,37.9855688130119,38.35298156738281,10692800.0
2008-06-25,38.41817355813578,38.921881532539885,38.3529873415597,38.68484115600586,10391100.0
2008-06-26,38.329273601549644,38.7263135367518,38.08038330078125,38.08038330078125,12412700.0
2008-06-27,38.04484058518645,38.34706723461504,37.5707642649457,37.671504974365234,19081600.0
2008-06-30,37.65370488178514,38.287785022672665,37.39296012513961,38.12778091430664,12516900.0
2008-07-01,37.77816470374976,38.50706304734823,37.772239711786746,38.335208892822266,16637300.0
2008-07-02,38.48335389529733,38.58409457055335,38.22260906882909,38.305572509765625,10708000.0
2008-07-03,38.133719580045366,38.73224544098611,38.07446062338665,38.59002304077149,7714900.0
2008-07-07,38.57818157053811,39.07596692122105,38.44188637629203,38.66707229614258,14506700.0
2008-07-08,38.607804944713294,39.27743982615981,38.607804944713294,39.235958099365234,15476900.0
2008-07-09,39.2004043727378,39.70411235661021,39.12336364924384,39.21818161010742,13940700.0
2008-07-10,39.14708155109633,39.82264392960207,39.14708155109633,39.66857147216797,17399900.0
2008-07-11,39.295221707251386,39.54411661860336,39.11151754133155,39.26559448242188,16631500.0
2008-07-14,39.37227324620883,39.66857270285718,39.164860009618245,39.35449600219727,11114700.0
2008-07-15,39.76337249525544,40.28486225305942,39.579668342121415,40.11893081665039,24203400.0
2008-07-16,40.16041448118148,40.77671771118407,40.00041481125109,40.40930938720703,18883600.0
2008-07-17,40.557477270154486,40.563400004949415,39.70413325783798,40.19599151611328,14217400.0
2008-07-18,40.14856267414891,40.427084791733066,40.03004474040515,40.19004440307617,12903500.0
2008-07-21,40.28488422766239,40.28488422766239,39.70413518636709,39.76932144165039,11279400.0
2008-07-22,39.71597276713968,40.44487133882469,39.71597276713968,40.290794372558594,15551300.0
2008-07-23,40.42116015193909,40.50412361515722,40.07152905997264,40.45671463012695,10256800.0
2008-07-24,40.45078389219895,41.03745527203802,40.13078008833161,40.68782424926758,16543100.0
2008-07-25,40.81820613329559,41.01376483395577,40.62857468691399,40.90709686279297,10504500.0
2008-07-28,40.865602505474,40.88337974164962,40.545598690806,40.58115768432617,9814300.0
2008-07-29,40.6226394091256,40.8893069940978,40.47448974610351,40.58115768432617,13012200.0
2008-07-30,40.711528321028055,40.711528321028055,40.124856882032574,40.344120025634766,13523100.0
2008-07-31,40.17819341802812,40.91894178841087,40.17226616513767,40.575233459472656,13798400.0
2008-08-01,40.59301652150464,40.77079796437335,40.25523539699002,40.35597610473633,9052300.0
2008-08-04,40.40338725027352,41.13820851244927,40.27894204208675,40.87746810913086,13694700.0
2008-08-05,41.07302621224551,41.77822031396503,40.96635823485239,41.74858856201172,20179200.0
2008-08-06,41.68931411901778,42.36487621825543,41.529314472848405,42.11598587036133,18729400.0
2008-08-07,41.81969459046414,42.13377121196567,41.48784072943155,41.86710357666016,14181000.0
2008-08-08,41.93820941677374,42.47747642202819,41.7070962777131,42.40044021606445,12071300.0
2008-08-11,42.32932607021523,42.6078481875265,42.12784015764501,42.46562576293945,10231600.0
2008-08-12,42.353012290805,42.59005257697449,42.24634438808709,42.48930740356445,8696800.0
2008-08-13,42.47153426152034,42.57227492346004,42.07449434363952,42.19301223754883,10600600.0
2008-08-14,42.19302218806186,42.548584995978985,41.86116838991939,42.18709945678711,9459500.0
2008-08-15,41.96783113734104,42.31746664957043,41.9381993999566,42.270057678222656,10790800.0
2008-08-18,42.43598813867091,42.43598813867091,41.955984696471965,42.12783432006836,9846300.0
2008-08-19,41.86710317822239,42.2996977399273,41.86710317822239,42.16340255737305,9133700.0
2008-08-20,42.18117287177965,42.40043600397544,41.83153731077388,42.12191390991211,10278400.0
2008-08-21,41.88488200443481,42.39451731757557,41.78414129678766,42.24044036865234,7840100.0
2008-08-22,42.37761056953371,42.75337097936471,42.240425597385055,42.59829330444336,7717700.0
2008-08-25,42.4969230534646,42.55656694764267,42.07941124368062,42.22852325439453,8205000.0
2008-08-26,42.18078951318849,42.35972112443288,41.90045831664976,42.17482376098633,6439600.0
2008-08-27,42.18079857998431,42.58041760325106,41.93625274302202,42.47305679321289,8399300.0
2008-08-28,42.63410118030007,42.75935470288975,42.449199222683866,42.59235000610352,8148200.0
2008-08-29,42.45515984955186,42.586379109905934,42.0018581912022,42.0078239440918,10368300.0
2008-09-02,42.4014685620208,43.00388206649477,42.210605463147445,42.783199310302734,15122400.0
2008-09-03,42.74742974694757,42.88461479778159,42.53270808944751,42.652000427246094,9844000.0
2008-09-04,42.64005886107584,42.64005886107584,41.9899328379281,42.019752502441406,13676200.0
2008-09-05,41.98395438242962,42.38953901149749,41.93623747300165,42.15095901489258,10746400.0
2008-09-08,42.46709053750277,43.17089927264371,42.22851500738304,43.075469970703125,15226500.0
2008-09-09,42.890570182763625,43.39754998185857,42.55059051513672,42.55059051513672,19050100.0
2008-09-10,42.735488536896455,42.9502101227906,42.35972348631376,42.484981536865234,12611100.0
2008-09-11,42.30006371269182,42.67582862203082,41.94219605422996,42.44321441650391,15725800.0
2008-09-12,42.38358363422474,42.86670949699935,41.93028653531235,42.10325241088867,15141200.0
2008-09-15,41.70365050857507,42.28220589988601,41.51875305175781,41.51875305175781,20929700.0
2008-09-16,41.52470021153992,42.0495726719472,41.4531248326288,41.63206100463867,23336300.0
2008-09-17,41.62609202580565,42.34779330938012,41.459087371826165,41.45908737182617,24167100.0
2008-09-18,41.87062527987297,42.31796103948928,41.27417760038456,42.306034088134766,29279900.0
2008-09-19,42.8547619295192,43.35578031229373,41.280140527429545,41.74536895751953,27446100.0
2008-09-22,41.64994461442593,42.174816960189,40.737380347679554,40.8029899597168,16067900.0
2008-09-23,40.96403915316935,41.2145461619126,40.59423984226071,40.64792251586914,13635900.0
2008-09-24,40.70755359260668,41.15488934637159,40.29004204263994,40.67176818847656,12469600.0
2008-09-25,40.88651884819641,41.733474053364674,40.83283615321479,41.3696403503418,14577700.0
2008-09-26,41.01772092586396,41.602241882143005,40.99982821658112,41.39348602294922,13087200.0
2008-09-29,41.04157194846694,41.66784396305511,39.90235900878906,39.90235900878906,25740100.0
2008-09-30,40.26022314657908,41.44119169444756,40.20654503330721,41.3218994140625,19623000.0
2008-10-01,41.196649479540255,41.196649479540255,40.12900736848112,40.433197021484375,25547700.0
2008-10-02,40.53459205564026,40.71352821635643,40.34969469329299,40.433197021484375,30897500.0
2008-10-03,40.55845273673378,40.77914007364127,39.42520094133552,39.46099090576172,25416700.0
2008-10-06,38.79297630801028,39.38942427482987,37.15274439925642,38.47089385986328,33471600.0
2008-10-07,38.83471874642081,39.15680112210397,37.039409496061936,37.27202606201172,24172200.0
2008-10-08,36.76504157193435,38.08915639959611,36.45488844674927,37.19448471069336,37910400.0
2008-10-09,37.36149647594625,37.67164966016608,34.34347152709961,34.34347152709961,33493900.0
2008-10-10,33.043207682004294,35.19041876429487,31.051072020269096,33.311607360839844,50089400.0
2008-10-13,34.868345878837616,37.45693001849828,34.56415843184244,37.38535690307617,32537300.0
2008-10-14,39.6637764275074,40.24829724025358,37.576209247112274,38.17265701293945,38915400.0
2008-10-15,38.357565952250006,38.62597025828016,35.84652064557836,36.10895919799805,25064700.0
2008-10-16,36.228255088070746,38.16074547084693,34.778886163354244,37.87445068359375,34602200.0
2008-10-17,37.54640757354052,38.76912569819918,37.00363990477649,37.36747360229492,25254100.0
2008-10-20,37.83866545765463,38.488793957266566,37.06924916200069,38.43511581420898,18035000.0
2008-10-21,37.999689641912326,38.709463995959936,37.79689729436556,37.96986770629883,14042400.0
2008-10-22,37.14082860332772,37.63587941174296,35.93600300145011,36.63384628295898,23324900.0
2008-10-23,36.88433161281591,37.6597132887188,35.90615759626753,37.248165130615234,23490600.0
2008-10-24,35.19041840181318,37.27202211856363,34.97569684074234,36.258060455322266,23132100.0
2008-10-27,36.03142206043788,37.39132271466124,35.84652236918515,35.876346588134766,21067000.0
2008-10-28,36.645754038090416,38.47088522605067,36.12684506048847,38.28598785400391,27526400.0
2008-10-29,37.79689641507472,37.79689641507472,35.810726425992755,36.69943237304688,29020100.0
2008-10-30,37.18852669168693,37.42710676844568,35.59601184641728,36.12685012817383,23629000.0
2008-10-31,36.28788525307596,36.765043051303984,35.685473959425806,36.58610916137695,19784900.0
2008-11-03,36.67557335758587,36.87239993306818,36.12087676490394,36.47874450683594,11846900.0
2008-11-04,36.8783762628317,37.08116637289794,36.56822306906903,36.914161682128906,14645400.0
2008-11-05,36.83065084473398,36.83065084473398,35.62582604204415,35.6973991394043,19758000.0
2008-11-06,35.62584020583347,35.977744631057014,34.29576138514612,34.546268463134766,22899400.0
2008-11-07,34.86834501685114,36.07913584717961,34.7609842087379,35.918094635009766,16245700.0
2008-11-10,36.38331574309269,36.53242769285946,35.53636096054596,35.79283142089844,12841200.0
2008-11-11,35.363399114672106,36.02545669597182,34.59994419984217,35.51847457885742,14393000.0
2008-11-12,35.08903834931411,35.51251590035317,34.349441798324925,34.546268463134766,18385200.0
2008-11-13,34.83255569346454,37.582178397843485,34.188390916986144,37.51657104492188,27304500.0
2008-11-14,36.69347531363599,37.27799398630914,35.56022338634492,35.81669616699219,22065300.0
2008-11-17,35.07113967730543,36.44296953355151,34.98167384825128,35.351470947265625,16564900.0
2008-11-18,35.05920549160619,36.38332050699576,34.8683423529352,36.31771087646485,21199500.0
2008-11-19,36.0493091348416,36.6994374166166,34.59994060093283,34.665550231933594,27534900.0
2008-11-20,34.593993803389786,34.922039841299124,32.8046492963179,33.28777313232422,31046400.0
2008-11-21,33.96734591525104,35.188197036050894,32.77055153923972,35.09197235107422,30802200.0
2008-11-24,35.61519282811702,36.018132941078896,34.833364756331896,35.54903793334961,20508500.0
2008-11-25,36.07827630294389,36.08428934172948,34.556720542327035,35.30246353149414,21416200.0
2008-11-26,34.65293599693005,35.18217274208647,33.991391786117056,35.04384994506836,18507700.0
2008-11-28,35.16414218829047,35.33854785059393,34.65896202432414,35.23029708862305,7688500.0
2008-12-01,34.67699025904167,34.77321490636808,33.20956381376984,33.275718688964844,18847200.0
2008-12-02,33.74482516285487,34.28007509106809,33.047195656277424,34.17783737182617,16081100.0
2008-12-03,33.72679326954938,34.88750280093316,33.37797727073982,34.4725341796875,18783300.0
2008-12-04,34.532667034393754,34.64693542962252,33.39601218069793,33.78692626953125,17053600.0
2008-12-05,33.59448064355048,35.1040060482542,33.22762325949932,35.01980972290039,16614100.0
2008-12-08,35.524968186024566,35.94595184883295,34.73111432778083,35.34454727172852,16361100.0
2008-12-09,35.45280912118718,35.48287889870662,34.58077180806154,34.767208099365234,13779200.0
2008-12-10,35.37462152883861,35.37462152883861,34.183840590428524,34.76118850708008,13131200.0
2008-12-11,34.52063290920866,35.38665490678602,34.31013987421746,35.03182601928711,15953500.0
2008-12-12,34.40635937064892,34.66496355289199,33.92523611095601,34.430416107177734,14749700.0
2008-12-15,34.71909461999255,35.11602164810931,34.24999966699374,34.767208099365234,12984300.0
2008-12-16,35.152112930706885,35.933938754393786,34.65896115141927,35.843727111816406,17915200.0
2008-12-17,35.51295790190636,35.717435654006266,35.12204610424724,35.35057830810547,15634400.0
2008-12-18,35.813652871911245,36.23463666125082,35.17616529684971,35.47686767578125,18919300.0
2008-12-19,35.813650701752536,36.174494911110976,35.20623294255574,35.386653900146484,23131200.0
2008-12-22,35.59112799006834,35.80763403490532,34.917555412712936,35.44077682495117,14157000.0
2008-12-23,35.5971473986173,36.04820097470094,35.230292417178056,35.29043197631836,10555500.0
2008-12-24,35.362609059811035,35.45883375584977,35.03784985036367,35.2182731628418,3633700.0
2008-12-26,35.38666580736515,35.6873682692584,35.00176702321022,35.2182731628418,4249100.0
2008-12-29,35.23030691593229,35.41072796178118,34.48456368713134,34.971702575683594,9860100.0
2008-12-30,35.17015643610334,35.58512496948242,35.04386196431547,35.58512496948242,10880600.0
2008-12-31,35.59114156795494,36.11436317980026,35.52498666299727,35.9820556640625,11920500.0
2009-01-02,36.16247745762782,36.68569908083724,35.50694602162936,36.4752082824707,11638900.0
2009-01-05,36.336891476219336,36.54738461707742,35.69940360102977,36.11437225341797,15540000.0
2009-01-06,36.28274330684632,36.34889589063831,35.4227344816071,35.89784240722656,22097600.0
2009-01-07,35.6272205674221,35.97603415067601,35.33253121255179,35.561065673828125,14293300.0
2009-01-08,35.87981760681222,36.01814046377159,35.26037127039031,35.49491882324219,17345400.0
2009-01-09,35.5670888793418,35.81366482056468,35.212259862052505,35.512962341308594,14698300.0
2009-01-12,35.53101259296471,35.72947507284712,34.97170569502056,35.08597183227539,15253100.0
2009-01-13,35.242315757567724,35.55504648800759,35.11000827889554,35.386653900146484,15513400.0
2009-01-14,35.21224032524788,35.23629706084366,34.50859801539581,34.85139846801758,16707900.0
2009-01-15,34.935619020451554,35.00177394221373,33.684695430493,34.652957916259766,20383600.0
2009-01-16,34.923590252254414,34.923590252254414,34.05756782643587,34.54470443725586,20746500.0
2009-01-20,33.985380634386765,34.89951610874328,33.97936759646244,34.12971878051758,23153700.0
2009-01-21,34.63488409546099,34.63488409546099,33.13137289543955,33.89515686035156,22306100.0
2009-01-22,33.90118664947634,34.26203089231415,33.4441200282277,34.20188903808594,19146100.0
2009-01-23,33.7688823260487,33.91321820138079,33.137405415394305,33.66062927246094,21334000.0
2009-01-26,33.79895819313605,34.25001189955465,33.55839529870835,34.00944900512695,16347800.0
2009-01-27,34.1898760036493,34.725128422579125,33.98539819590594,34.6048469543457,14771500.0
2009-01-28,35.019808436786946,35.332539272457254,34.82134600490981,35.2182731628418,18096400.0
2009-01-29,34.98372226005888,35.344566579951376,34.670993728000745,35.04987716674805,16159300.0
2009-01-30,34.989731014283215,35.11602547011687,34.4304243736745,34.69504165649414,13858500.0
2009-02-02,34.4304243736745,34.96567427197856,34.23195969092686,34.69504165649414,10933900.0
2009-02-03,34.92357933147701,35.368619928328684,34.41839916751068,35.23029708862305,13181700.0
2009-02-04,35.308479341875056,35.561070580066925,34.683017726919246,34.857425689697266,11429500.0
2009-02-05,34.83938259580403,35.20623991559958,34.274062871603746,34.947635650634766,14781300.0
2009-02-06,35.03784687143589,35.314494856432056,34.76120118061724,35.18819808959961,11458700.0
2009-02-09,35.1581255683753,35.302463736016456,34.857423155452125,35.18218231201172,9357000.0
2009-02-10,34.86943917668423,35.18216985065793,34.03950016860698,34.11768341064453,16612000.0
2009-02-11,34.20790589255867,34.50259296176794,33.99741283466051,34.478538513183594,14692600.0
2009-02-12,34.23195238827273,34.79125890956538,33.726774672706966,34.74916076660156,14424600.0
2009-02-13,34.70706722180532,34.76119374052642,34.1658043287713,34.3402099609375,12563900.0
2009-02-17,33.7207524770946,34.15376448135144,33.516274841104014,33.6666259765625,15246500.0
2009-02-18,33.4982403959745,33.83502554107298,33.32984552924852,33.57642364501953,15517100.0
2009-02-19,33.83502085226285,33.979358961714844,33.45613761653217,33.636558532714844,12199800.0
2009-02-20,33.35762720801831,33.63656932205781,33.07868740718101,33.13932800292969,24427000.0
2009-02-23,32.8482540912675,33.40613594367056,32.490485025824576,32.53293228149414,20500400.0
2009-02-24,33.10901388824988,33.212101767274646,32.64815682440554,33.0726318359375,18848100.0
2009-02-25,32.93922595170025,33.206037701792845,32.4965598986544,32.720924377441406,21016500.0
2009-02-26,33.042307662882365,33.042307662882365,31.714307438576903,31.79920196533203,21284600.0
2009-02-27,31.28376052915832,31.532381134033205,30.283212894816973,30.31959724426269,29873300.0
2009-03-02,29.73139542708721,29.973953123057743,29.009789867037416,29.058300018310547,27902900.0
2009-03-03,29.09469077277071,29.42820594326274,28.70660022432892,28.888517379760746,25987400.0
2009-03-04,28.973415858137304,29.937579458229145,28.736923292432174,29.773853302001957,24253500.0
2009-03-05,29.29480448266687,29.476721658092508,28.749050643187555,28.90671157836914,22344000.0
2009-03-06,28.86427149737677,29.46460087019513,28.50649996095436,29.088638305664062,19202100.0
2009-03-09,28.779371159259554,28.95522543961113,28.04563720590607,28.25787353515625,23304900.0
2009-03-10,28.63989262267159,29.027983115488876,28.45797549331371,28.973407745361328,21883400.0
2009-03-11,29.24023368044531,29.54949269580724,28.84607781092648,29.046188354492188,16569300.0
2009-03-12,28.93702438729934,29.90725057508068,28.700531898602744,29.71320533752441,16337000.0
2009-03-13,30.125559157233297,30.798654745926907,29.864810373987986,30.70769500732422,16509600.0
2009-03-16,31.004825808907583,31.235253119761573,30.713757905827222,30.76226806640625,16547600.0
2009-03-17,30.74408220666709,30.798657592231923,29.99215492924079,30.75621032714844,17325700.0
2009-03-18,30.738014860140694,31.277705774757067,30.4712031676445,30.719823837280277,16730400.0
2009-03-19,31.02302179229655,31.02302179229655,30.01034802875457,30.35599136352539,18963600.0
2009-03-20,30.98057675635485,31.532393550968692,30.859297856979836,31.33228302001953,27591800.0
2009-03-23,31.76281552738096,32.27824783325195,31.33227542332649,32.27824783325195,18822300.0
2009-03-24,32.13270999209747,32.502607133256326,31.72036328689571,31.95685577392578,17093700.0
2009-03-25,32.12664899369745,32.30250323494882,31.53844799312659,32.05388259887695,15822000.0
2009-03-26,32.18729101246586,32.563253434462574,31.683984502378166,32.07814025878906,14574000.0
2009-03-27,31.950789680370757,32.31462622311947,31.865895181023205,32.03568649291992,11293600.0
2009-03-30,31.859852685091823,32.41773250280019,31.750701883678776,32.14485549926758,15743200.0
2009-03-31,32.3570784830758,32.44197299556871,31.781005602757087,31.89621925354004,18517700.0
2009-04-01,31.71432023716928,32.26007429112802,31.45963655412407,32.16305160522461,13730300.0
2009-04-02,32.31462782101356,32.823997155487774,31.932600241857468,32.120582580566406,17418900.0
2009-04-03,32.138782522762,32.32069969704282,31.380792368923277,31.623350143432617,15213700.0
2009-04-06,31.550575789872717,31.85983701281433,31.332274294432032,31.653663635253903,12768700.0
2009-04-07,31.465681771430177,31.532385264216803,31.09578226648762,31.14429473876953,13130100.0
2009-04-08,31.25345654331279,31.453564779253835,31.04728308959009,31.198881149291992,10935000.0
2009-04-09,31.52631086472124,31.568758105887188,30.986620216809182,31.17460250854492,15056300.0
2009-04-13,31.08973037974364,31.26558468427113,30.92600419758386,31.016963958740234,12067200.0
2009-04-14,31.52631906665903,31.811321715319835,31.053331764154944,31.150354385375977,20768400.0
2009-04-15,31.40504956817002,31.58090384440002,31.13823554542039,31.392921447753903,11502500.0
2009-04-16,31.47780939579314,31.72643002933348,31.259507900352457,31.653663635253903,12216300.0
2009-04-17,31.835601610125856,32.36316236053954,31.684003507220496,32.16911697387695,17691800.0
2009-04-20,32.241863010833,32.43591058789317,31.73855883057653,31.81739044189453,15308900.0
2009-04-21,31.865910001119328,32.06602053967814,31.53239475005734,31.81133460998535,12236500.0
2009-04-22,31.59301466444348,31.62333610770103,30.992688024446085,31.03513526916504,13348300.0
2009-04-23,31.15642999987653,31.235259315604324,30.507590570163703,31.16855812072754,14595000.0
2009-04-24,31.386848926139383,31.43536139651331,30.70769053331772,30.877479553222656,14767300.0
2009-04-27,31.12003471274808,31.356527203316706,30.701625099680648,30.841094970703125,13055900.0
2009-04-28,30.79258585791958,31.09578186617228,30.568221459509136,30.713756561279297,12084100.0
2009-04-29,30.956315283515256,30.98057152193249,30.39237046292676,30.94418716430664,18496500.0
2009-04-30,31.21101499033396,31.90230189912418,31.138246242837862,31.750703811645508,20004600.0
2009-05-01,31.85378096486722,31.890165328979496,31.33228331193776,31.89016532897949,12504500.0
2009-05-04,31.902286597869782,32.68453290924067,31.896221381885876,32.59963607788086,15114500.0
2009-05-05,32.59358227367183,32.987738147378735,32.411665067808165,32.96348190307617,13320600.0
2009-05-06,33.199961230262055,33.199961230262055,32.490483717048136,32.87250900268555,16616500.0
2009-05-07,32.672407505561964,33.35156602046385,32.46623409581645,33.28486251831055,15243000.0
2009-05-08,33.39402241879453,33.65477128225381,33.169657924609666,33.339447021484375,13030600.0
2009-05-11,33.08474358355886,33.27272359601216,32.74516327975696,32.811866760253906,13073000.0
2009-05-12,33.03624213741039,33.4546518638783,32.68453591368426,33.351566314697266,11826000.0
2009-05-13,33.16964327556418,33.618372065757264,33.054427313680655,33.44252014160156,10972400.0
2009-05-14,33.54561423807692,33.594126721404926,33.20603379438847,33.36369705200195,11986300.0
2009-05-15,33.35156094507283,33.61837259988071,33.17570670492125,33.600181579589844,16430700.0
2009-05-18,33.836679407212,34.03072469811195,33.48497318490671,33.988277435302734,12879100.0
2009-05-19,34.08529971386009,34.08529971386009,33.77604075769286,33.89125442504883,13350400.0
2009-05-20,34.091362296309846,34.24902321383677,33.836676428671424,33.87912368774414,13729800.0
2009-05-21,33.909709652310575,34.001474187074294,33.310187737216374,33.64053726196289,12492700.0
2009-05-22,33.70782580558898,33.91582337790632,33.42030146567153,33.50594711303711,7425900.0
2009-05-26,33.45701211445604,33.9035947464077,33.10831057534764,33.80571365356445,11389200.0
2009-05-27,33.9158372422358,33.952543534827015,33.13278833631503,33.16949462890625,12480300.0
2009-05-28,33.18783194093032,33.59770819220568,32.94924697870511,33.35912322998047,10890800.0
2009-05-29,33.39583582982643,33.81794758648461,33.0348988783642,33.744537353515625,12505200.0
2009-06-01,34.10548453700325,34.2890113413204,33.811841183361814,34.123836517333984,12454200.0
2009-06-02,34.2890131031644,34.55206905854768,34.02595714778112,34.38689422607422,10277000.0
2009-06-03,34.185001413174305,34.44193838032691,34.05041404923583,34.356292724609375,11191300.0
2009-06-04,34.47865188883779,34.503122748077786,33.934188105930545,34.16053771972656,12219700.0
2009-06-05,34.142181196387604,34.38076620803805,33.73230252653308,34.21559143066406,10215400.0
2009-06-08,34.08710932356129,34.344046207748136,33.74452447764384,34.03205108642578,9891200.0
2009-06-09,34.27675736806978,34.41134470747745,34.04429129739849,34.07487869262695,11173700.0
2009-06-10,34.27065190449071,34.411355834975616,33.78124642157161,34.050418853759766,13263900.0
2009-06-11,34.04429611998656,34.55205348697842,34.019825266869866,34.288997650146484,12778400.0
2009-06-12,34.1850075244415,34.58876735476812,34.087126424170485,34.29512405395508,11882300.0
2009-06-15,34.16053284386403,34.24617850530991,33.365248701434695,33.49371719360352,14810500.0
2009-06-16,33.65277723848985,33.84242289341263,33.39584022246821,33.41419219970703,12606700.0
2009-06-17,33.45088695383367,33.97087968810702,33.37135785710488,33.76900100708008,13061800.0
2009-06-18,33.87301211360301,34.36241764675393,33.65277904026768,34.12995147705078,12103400.0
2009-06-19,34.441948900012015,34.65606543837306,34.20336383373611,34.313480377197266,19334700.0
2009-06-22,34.17887336882897,34.23393160898084,33.879113654188664,33.946407318115234,13237400.0
2009-06-23,33.97700783186053,34.00759523627518,33.59160000196172,33.652774810791016,12447400.0
2009-06-24,33.80570669996313,34.1544105010149,33.67112168353021,33.92805862426758,12467600.0
2009-06-25,33.8363087779115,34.527593085188805,33.72007335725784,34.4235954284668,14239900.0
2009-06-26,34.38688797459698,34.62547302246094,34.04430527352858,34.62547302246094,32295700.0
2009-06-29,34.631588955065766,34.87017398261232,34.276768520695406,34.845703125,13811100.0
2009-06-30,35.010873847775834,35.010873847775834,34.399116480524114,34.74781799316406,15974700.0
2009-07-01,34.76006263181893,34.98029571577745,34.49700670749845,34.91300201416016,15318000.0
2009-07-02,34.7049957059414,34.7049957059414,34.22782569880992,34.246177673339844,15118600.0
2009-07-06,34.3256963572356,34.723337131147886,34.08099254739074,34.637691497802734,12879500.0
2009-07-07,34.63159265029062,34.69276746717941,34.337949328619025,34.39912414550781,9678600.0
2009-07-08,34.5337053476482,35.004758820926845,34.399117974234514,34.91911315917969,15414200.0
2009-07-09,34.931354862728845,35.02311942788556,34.43583274515811,34.68053436279297,11324800.0
2009-07-10,34.4664174151948,35.102645771063976,34.41135914721247,34.827354431152344,13661800.0
2009-07-13,34.81512160818263,35.39629173958805,34.72947592572348,35.310646057128906,13564900.0
2009-07-14,35.48191576024205,35.91626278964046,35.139330905884606,35.62261962890625,20433700.0
2009-07-15,35.76334274779758,36.09369235656551,35.61652225523605,36.06922149658203,12986200.0
2009-07-16,36.0569935479923,36.52193064946865,35.983583286479764,36.24663925170898,11596000.0
2009-07-17,36.436278991386,36.436278991386,35.93463800809911,36.2343978881836,11311000.0
2009-07-20,36.37509170863402,36.37509170863402,35.93462800065053,36.13039016723633,9226300.0
2009-07-21,36.29556298324407,36.64426446959887,35.983565442609354,36.3934440612793,11222600.0
2009-07-22,36.36898103510769,36.60756606830873,36.06310230871262,36.209922790527344,9358600.0
2009-07-23,36.25274931157975,36.91956509626724,36.15486820252791,36.84003829956055,12494700.0
2009-07-24,36.86449568957526,37.696486032001296,36.84002716995668,37.62919235229492,11413300.0
2009-07-27,37.61698261509505,37.73933229015992,37.08475172714694,37.48239517211914,7937700.0
2009-07-28,37.33555464548716,37.66590421280721,37.072498767843705,37.26826095581055,9025500.0
2009-07-29,37.15814783490278,37.58637617484346,37.12755809604751,37.41508483886719,10522700.0
2009-07-30,37.720962215419846,38.21648656300271,37.63531655048019,37.80049133300781,12636500.0
2009-07-31,37.82498127609269,38.03297666237447,37.18263379758054,37.24992752075195,13230900.0
2009-08-03,37.4150899278919,37.43344190676567,36.968507217162085,37.37838363647461,11178800.0
2009-08-04,37.40895915878495,37.40895915878495,37.11531360641306,37.35390090942383,8906600.0
2009-08-05,37.4334465380396,37.457917402012,36.88286610068083,36.98074722290039,8575200.0
2009-08-06,37.1153158440706,37.1153158440706,36.52191282481248,36.66261672973633,10835400.0
2009-08-07,36.680956711108166,36.96848330707244,36.613663053868166,36.64425277709961,9974900.0
2009-08-10,36.75438778570888,37.14591217041016,36.43015475852173,37.14591217041016,9519100.0
2009-08-11,37.12144619637589,37.2682666931188,36.797215460204725,36.84003829956055,8302200.0
2009-08-12,36.864506080490784,37.34779506763376,36.72380213493074,37.06638717651367,8219600.0
2009-08-13,37.12754504533745,37.12754504533745,36.73602079577677,36.90119552612305,8338200.0
2009-08-14,36.96237451169578,37.13366814057869,36.48520457007445,36.75437927246094,8961000.0
2009-08-17,36.46072670059004,36.82778240583193,36.45461015565346,36.595314025878906,12926100.0
2009-08-18,36.67484862997933,36.67484862997933,36.39955739304607,36.58308410644531,8803000.0
2009-08-19,36.56474348683656,37.00520960267376,36.50968522235691,36.93179702758789,10498900.0
2009-08-20,37.04192094336836,37.43344542055864,36.81557129255586,37.28662490844727,9955000.0
2009-08-21,37.67513394916404,37.87864875417583,37.37911091750383,37.63813018798828,12594000.0
2009-08-24,37.7306534588614,37.79232406616211,37.42846183688903,37.79232406616211,10500700.0
2009-08-25,37.63197320582054,37.921830190604496,37.52713036666321,37.70597839355469,10808100.0
2009-08-26,37.779974062057576,37.83547852701863,37.317437638242765,37.39144515991211,10865500.0
2009-08-27,37.35444693390428,37.45312129150212,36.97208409228541,37.30511093139648,11027900.0
2009-08-28,37.46545883107149,37.46545883107149,37.0399260715248,37.18177032470703,10897800.0
2009-08-31,37.027588203409806,37.36678115729933,36.97824984880219,37.27427291870117,10181300.0
2009-09-01,37.21876886871146,37.46545593938641,36.768566964424586,36.96591567993164,11890800.0
2009-09-02,36.799403514337456,37.01525529668042,36.67606232737844,36.85490798950195,8587000.0
2009-09-03,36.90424912501104,36.90424912501104,36.55888765880813,36.81174087524414,8722700.0
2009-09-04,36.83023198849338,37.218760865272,36.77472752715619,37.20026016235352,7425300.0
2009-09-08,37.47779377184281,37.47779377184281,36.99675653023386,37.35445022583008,8792600.0
2009-09-09,37.483961276282,37.69981307793005,37.40995608697134,37.5703010559082,9303100.0
2009-09-10,37.64431808502899,37.65048420544949,37.26195274663024,37.40996551513672,8825300.0
2009-09-11,37.43462573111174,37.55180081168634,37.14476873656407,37.26194381713867,8480200.0
2009-09-14,37.21261215209961,37.45313081285272,37.13243848098762,37.21261215209961,6654400.0
2009-09-15,37.32978627862373,37.32978627862373,36.8857527443532,37.095436096191406,8321100.0
2009-09-16,37.194105653949045,37.21877248134501,36.842578073294746,37.12009811401367,10831200.0
2009-09-17,37.12625950421474,37.5579606611695,37.10775644646874,37.477787017822266,12261500.0
2009-09-18,37.644321834689535,37.77383154966839,37.44080455179416,37.48397445678711,14463600.0
2009-09-21,37.28045424911049,37.55180823530849,37.26195118345894,37.41613006591797,7237900.0
2009-09-22,37.53946381475503,37.72447795475347,37.21877154088594,37.668975830078125,9997200.0
2009-09-23,37.71830559528193,37.79231076851983,37.434617137385,37.477787017822266,11175400.0
2009-09-24,37.55180476505974,37.61964384348584,37.3667905937231,37.446964263916016,9290700.0
2009-09-25,37.354449126378135,37.59496774010344,37.30511312097463,37.385284423828125,7883600.0
2009-09-28,37.43464320111524,37.95268447962885,37.28046427718362,37.786170959472656,8721100.0
2009-09-29,37.7923188698435,37.8786586492262,37.545634121976114,37.57646942138672,7556800.0
2009-09-30,37.63199254791572,37.67516245899766,37.20645955900076,37.55181884765625,11039300.0
2009-10-01,37.57646653681813,37.57646653681813,36.8610768235295,36.88574600219727,12207800.0
2009-10-02,36.891918822953336,37.12627135770863,36.64523169662326,36.8364143371582,9125400.0
2009-10-05,36.87956833732506,36.95974197171718,36.657550489827976,36.891902923583984,7113800.0
2009-10-06,37.05226066126879,37.335949167633245,36.595890251070905,37.18177032470703,11766000.0
2009-10-07,37.10775763523347,37.4777882184411,36.97824798977275,37.4407844543457,7271500.0
2009-10-08,37.66280380652145,37.792313457046525,37.54562874451052,37.5826301574707,9221000.0
2009-10-09,37.50246987722999,38.07601547241211,37.50246987722999,38.07601547241211,9247900.0
2009-10-12,38.16852341868409,38.692733025836304,38.156188825889366,38.5632209777832,12697200.0
2009-10-13,37.57030042193102,37.86632587934351,37.39145474683005,37.62580490112305,23501200.0
2009-10-14,37.74913395773589,37.76763701208493,37.08924893210612,37.34210205078125,18951100.0
2009-10-15,37.26810638439808,37.5826301574707,37.18176661738136,37.5826301574707,14076600.0
2009-10-16,37.35444489321255,37.440784657321096,37.157096188798114,37.28660583496094,13911200.0
2009-10-19,37.37912211284645,37.909497752307566,37.26194467698532,37.71831512451172,11443300.0
2009-10-20,37.8108305268989,37.983510124918695,37.3174562138428,37.36679458618164,15725600.0
2009-10-21,37.37294890275171,37.66897433812345,37.1756001808921,37.1941032409668,12529900.0
2009-10-22,37.09542685036465,37.76764663260047,37.02758778982803,37.5826301574707,9926600.0
2009-10-23,37.53330917823165,37.65048428714046,37.076938630881045,37.3359603881836,10743900.0
2009-10-26,37.42845417655812,37.57646689740268,36.97825224817191,37.05842590332031,11809200.0
2009-10-27,37.18793834916328,37.24961130104396,36.965920427557954,37.0152587890625,10269600.0
2009-10-28,37.01525814547235,37.06459415353652,36.69456585901642,36.737735748291016,13837000.0
2009-10-29,36.891922458706354,37.015266034027086,36.70073979933008,36.91659164428711,13954500.0
2009-10-30,36.82407382475572,36.928916659992616,36.25052834795225,36.41704177856445,20966900.0
2009-11-02,36.478713145056446,36.92274658818969,36.33070042895716,36.68839645385742,12297500.0
2009-11-03,37.02759496979959,37.02759496979959,36.26286680171148,36.343040466308594,17177000.0
2009-11-04,36.46636775757446,37.03991303967465,36.36769342692183,36.70688629150391,13928700.0
2009-11-05,36.88576006550087,37.12627876775738,36.80558638055428,36.9906005859375,9190300.0
2009-11-06,36.965916974621344,37.21260405393624,36.73773295543359,37.18793487548828,8518500.0
2009-11-09,37.26194830727764,37.4654655456543,37.181776988447005,37.4654655456543,11773800.0
2009-11-10,37.45927788490738,37.86014130629149,37.37293579087641,37.76146697998047,11776500.0
2009-11-11,37.55796610364014,37.662806584870935,37.40378726471319,37.53946304321289,11179500.0
2009-11-12,37.39762437790841,37.884830146286745,37.38528978664257,37.71215057373047,13683100.0
2009-11-13,37.6751395395135,37.97733108583404,37.644304243582575,37.88482284545898,9950500.0
2009-11-16,37.89717033189264,38.45221290529378,37.87250114571932,38.3535385131836,13767500.0
2009-11-17,38.211676883665,38.50769992568015,38.1068364188726,38.3411865234375,11421400.0
2009-11-18,38.27951792407652,38.53853956963864,38.20551274787969,38.43369674682617,11522100.0
2009-11-19,38.38436986619412,38.53854872557336,38.01433919213431,38.50154495239258,13298200.0
2009-11-20,38.42694708342663,38.92422188933189,38.36478862188597,38.73152923583984,16300200.0
2009-11-23,38.84342596610797,39.22259646915062,38.79991218684042,38.96774291992188,13868100.0
2009-11-24,39.11693265023322,39.4090827536277,38.94288699094849,39.27233123779297,9681200.0
2009-11-25,39.39664487772247,39.43393901577255,39.11692698637727,39.34691619873047,7186700.0
2009-11-27,38.862059515043086,39.21636792677735,38.54504522800102,39.09204864501953,6081200.0
2009-11-30,39.0236928649368,39.14801221022923,38.688033715199786,39.06098937988281,10815400.0
2009-12-01,39.12934492411222,39.57067611927386,39.12934492411222,39.47743606567383,12302300.0
2009-12-02,39.477440268830456,39.931203677530426,39.4339288715026,39.70743179321289,10896100.0
2009-12-03,39.81310543779743,40.23578963073681,39.7012159348734,39.8814811706543,12520100.0
2009-12-04,40.24199088886946,40.57765219006937,39.881470003034416,40.00578689575195,14992400.0
2009-12-07,40.08038438839908,40.254429954748986,39.90012155399782,40.01200866699219,9106500.0
2009-12-08,40.09281841233546,40.17984120469225,39.73850997420098,39.93741989135742,11073800.0
2009-12-09,40.03066116132536,40.03066116132536,39.800669636073096,40.01822662353516,8911600.0
2009-12-10,40.186058564956326,40.40361554634395,40.02444277490272,40.26064682006836,8841900.0
2009-12-11,40.24199948530644,40.50307260360008,40.22956969033363,40.31037521362305,7194100.0
2009-12-14,40.52792726618349,40.6584661806527,40.31037031271131,40.37874603271485,8172500.0
2009-12-15,40.23580330980528,40.27931472347172,40.0617529127511,40.24201583862305,10717800.0
2009-12-16,40.37253983689087,40.453350114903984,40.248222898637614,40.27930450439453,13333300.0
2009-12-17,40.05552590914114,40.26686562989571,39.9125571773938,40.07417297363281,10088900.0
2009-12-18,40.24821268669763,40.24821268669763,39.72607361645491,40.01200866699219,22171000.0
2009-12-21,40.17984859821324,40.4036228889894,39.9249974429549,39.98715591430664,11125400.0
2009-12-22,39.9747330053933,40.28553019496692,39.9747330053933,40.11148452758789,7124600.0
2009-12-23,40.11769402599157,40.30416945817076,40.11769402599157,40.1363410949707,6360400.0
2009-12-24,40.21092767068146,40.30416300063897,40.10525305941781,40.21714019775391,2433900.0
2009-12-28,40.34146866817452,40.39740987556906,40.26065837875413,40.3663330078125,5693500.0
2009-12-29,40.45956835347006,40.65226580006741,40.35389846679957,40.3663330078125,6661900.0
2009-12-30,40.26687266944057,40.42227122388725,40.1114741149939,40.34768295288086,5602100.0
2009-12-31,40.47821947321761,40.47821947321761,39.9871594441325,40.036888122558594,6962300.0
2010-01-04,40.22335898075566,40.39740459307485,40.036883571436775,40.2047119140625,9506200.0
2010-01-05,40.14255108994169,40.16741542487004,39.67013821107698,39.7385139465332,10673100.0
2010-01-06,39.71985937555524,40.11767917446373,39.67634798324919,40.06173324584961,13171500.0
2010-01-07,39.937427505701336,39.99958597746619,39.620415505790646,39.77581405639648,10901600.0
2010-01-08,39.73230423295163,39.943648748839735,39.55204369842532,39.91256713867188,7898000.0
2010-01-11,40.248221609790335,40.248221609790335,39.78824326211825,39.91877746582031,7975700.0
2010-01-12,39.86282984347905,40.22957284616352,39.79445410979866,40.1301155090332,10820700.0
2010-01-13,40.11768974095958,40.54659125121941,40.11768974095958,40.38497543334961,13023800.0
2010-01-14,40.5279253558882,40.57143674453172,40.24820996352071,40.46576690673828,7899000.0
2010-01-15,40.490641242550325,40.52793537278077,39.76959214670951,40.1301155090332,20995000.0
2010-01-19,39.86903432764217,40.86980093525755,39.850387268506594,40.62116241455078,15181800.0
2010-01-20,40.69576661237642,40.99412912556805,40.07417251044279,40.496856689453125,13033000.0
2010-01-21,40.44714239398928,40.69578107158134,39.65771731950775,39.76338958740234,14473900.0
2010-01-22,39.7260870398384,39.900135036191855,39.21637996227616,39.28475570678711,14017200.0
2010-01-25,39.57690715233084,39.59555659337032,39.19151935796279,39.29719161987305,10001700.0
2010-01-26,38.93665571499337,39.16664487792579,38.67558731996632,39.0298957824707,15630300.0
2010-01-27,39.02368875107079,39.60798890099021,38.97396244091252,39.43394088745117,14982400.0
2010-01-28,39.514737040141895,39.82553409244517,39.1852929234823,39.6577033996582,17096000.0
2010-01-29,39.750955538246345,39.94986315125016,39.048553322750976,39.07341766357422,17844400.0
2010-02-01,39.32204713166353,39.32204713166353,39.01746730863496,39.21637725830078,10153400.0
2010-02-02,39.28475406739554,39.9063458986252,38.93044556170972,39.77581405639648,13609300.0
2010-02-03,39.70121755299254,39.70121755299254,39.34069418031694,39.55203628540039,9255900.0
2010-02-04,39.46501339907123,39.54581893084558,38.924224784432816,38.9366569519043,18397000.0
2010-02-05,38.96773618498624,39.5333867633741,38.47046134209472,38.9366569519043,16775200.0
2010-02-08,38.84964107777646,39.14800603671052,38.70045741271248,38.76883316040039,10081200.0
2010-02-09,38.880707730162776,39.452575494726766,38.830981438701166,39.0112419128418,11356400.0
2010-02-10,39.0299074437695,39.20395309245531,38.66938160441276,38.99261093139648,10115800.0
2010-02-11,38.92423309217694,39.29097381168305,38.7004587723164,39.10449600219727,8353600.0
2010-02-12,38.91802484247491,39.160446273347375,38.60722764982929,38.98640060424805,12335800.0
2010-02-16,39.31582991403888,39.60176265341818,39.04854424034282,39.53960418701172,10212400.0
2010-02-17,39.55203149358067,40.00579488192201,39.5395993275886,39.76958847045898,9485500.0
2010-02-18,39.7696080932958,40.21715443386962,39.75096102070359,40.11148452758789,8260600.0
2010-02-19,40.18037406073863,40.37454113113516,39.84840676575337,39.96741485595703,14222300.0
2010-02-22,39.96740344253496,40.14904316791651,39.70433514029959,39.766971588134766,9839700.0
2010-02-23,39.81084638348408,39.99248624791702,39.60414953139894,39.654258728027344,12481400.0
2010-02-24,39.8045621765655,39.99246679384101,39.61665755928998,39.74192810058594,8519300.0
2010-02-25,39.32853055920435,39.67928515030339,39.15941571449456,39.635440826416016,10528900.0
2010-02-26,39.74818446262811,39.8296106603957,39.46006393432617,39.46006393432617,9357800.0
2010-03-01,39.62918052758732,39.74818621469602,39.56654406910649,39.70434188842773,9219400.0
2010-03-02,39.65424435137911,39.8609387391892,39.47260216346256,39.73566818237305,9014000.0
2010-03-03,39.82961130512729,39.92982724656481,39.59786238855361,39.71060562133789,9360400.0
2010-03-04,39.79201543344416,39.898496177766575,39.6917995272596,39.81707000732422,8067200.0
2010-03-05,39.87347068083175,40.13027427703215,39.80457174708624,40.11148452758789,10633600.0
2010-03-08,40.13653001463434,40.34322676898106,40.0989457455971,40.21168899536133,33380500.0
2010-03-09,40.43090957620368,40.43090957620368,40.14278426290356,40.25552749633789,8827100.0
2010-03-10,40.39333457047736,40.437178905824354,40.180377735556014,40.26806640625,8436600.0
2010-03-11,40.18038356356699,40.22422790527344,39.83588889396288,40.22422790527344,9957800.0
2010-03-12,40.24927069928134,40.24927069928134,39.99246478836724,40.199161529541016,8223000.0
2010-03-15,40.17410107955584,40.44343185424805,40.13025675710235,40.44343185424805,7444700.0
2010-03-16,40.52487060681923,40.53740029138338,40.2304899210048,40.41839218139648,8882000.0
2010-03-17,40.53739367839689,40.5499185822433,40.38707093887123,40.49354934692383,8060700.0
2010-03-18,40.44970546972074,40.80672496677475,40.3181724738244,40.75035095214844,11742100.0
2010-03-19,40.78166198730469,41.01967334346696,40.59375501545309,40.78166198730469,23117600.0
2010-03-22,40.75661995125199,40.98837131738213,40.700250709548975,40.77540969848633,8803800.0
2010-03-23,40.825504458401696,40.95703742126236,40.63133743398918,40.93824768066406,9453900.0
2010-03-24,40.90692981287233,40.90692981287233,40.5561752319336,40.5561752319336,9312500.0
2010-03-25,40.73781721015264,40.8693501775131,40.41837727303566,40.44343185424805,10496600.0
2010-03-26,40.51233171786136,40.53738629966741,40.29311010039942,40.32442474365234,9450400.0
2010-03-29,40.37452731216127,40.668912626954096,40.33694783492715,40.60001373291016,7812900.0
2010-03-30,40.68143823487444,40.700232752490855,40.43716207125483,40.650123596191406,8311600.0
2010-03-31,40.61253772370081,40.90692303190658,40.5248490930019,40.8380241394043,11939100.0
2010-04-01,40.94451682802067,41.19505310058594,40.86308823863118,41.19505310058594,10600600.0
2010-04-05,41.19506446501557,41.270228234724335,40.95078818680509,40.96331787109375,8617600.0
2010-04-06,40.794189595952126,40.99462148251452,40.71276578470504,40.90693283081055,8260100.0
2010-04-07,40.86308795138739,41.01967550997651,40.76287439880034,40.850563049316406,9409400.0
2010-04-08,40.83178248929501,40.83178248929501,40.56871169991332,40.66893005371094,8962600.0
2010-04-09,40.6376045893298,40.81924674461092,40.574970516843685,40.80045700073242,6972700.0
2010-04-12,40.78166198730469,40.844296051697626,40.66891875992829,40.78166198730469,8692200.0
2010-04-13,40.75034823465361,41.2451655359368,40.65639951433117,41.13868713378906,12481600.0
2010-04-14,40.98208910056516,41.08856747553313,40.8255015684338,41.01966857910156,10501900.0
2010-04-15,40.8944172689221,41.05100486539737,40.79419891341431,41.0322151184082,8656900.0
2010-04-16,40.92574326720572,41.11991519016546,40.64388742687862,40.72531127929688,15742500.0
2010-04-19,40.7503571089905,41.40176212423428,40.7503571089905,41.35791778564453,14626300.0
2010-04-20,41.3578945421728,41.46437290766698,41.1699923875369,41.33283996582031,11916400.0
2010-04-21,41.32659182856705,41.32659182856705,40.75661080411862,40.9570426940918,13355700.0
2010-04-22,40.825503635798576,40.86308311623797,40.29310695532635,40.5749626159668,19583000.0
2010-04-23,40.53112674348627,40.737823486328125,40.29311535330907,40.737823486328125,11674900.0
2010-04-26,40.70651214306137,40.83804515680352,40.53739963358558,40.56245422363281,9281500.0
2010-04-27,40.44342187010004,40.63758885322167,40.21793547352648,40.26177978515625,11862200.0
2010-04-28,40.35574245493292,40.62507322459027,40.24299923092117,40.47475051879883,12476600.0
2010-04-29,40.61880634027134,40.92571657626069,40.61880634027134,40.719024658203125,7930100.0
2010-04-30,40.79419344325861,40.925726433219474,40.27432632446289,40.27432632446289,14255900.0
2010-05-03,40.8129857127642,41.101106262293634,40.42464682669932,40.919464111328125,15310500.0
2010-05-04,40.756607864786574,40.88814083509481,40.343219212199664,40.52485656738281,14895700.0
2010-05-05,40.44970237187146,40.8944104987983,40.36201371465622,40.80045700073242,13143700.0
2010-05-06,40.737819618406654,40.7753991031104,37.5998036214717,39.71060562133789,24410000.0
2010-05-07,39.62293928546559,39.83589859246028,38.89011020481027,39.654258728027344,20467100.0
2010-05-10,40.65639355715767,40.93824923417304,40.08641258445946,40.5561752319336,18445400.0
2010-05-11,40.23048969137175,40.769146657692914,40.19917025881465,40.506080627441406,10879000.0
2010-05-12,40.61880417883621,40.74407706958483,40.39331775416085,40.650123596191406,11036800.0
2010-05-13,40.61255905225637,40.812995774742646,40.40586704487275,40.506080627441406,12337000.0
2010-05-14,40.53114024344923,40.58124943028413,39.71688507208235,40.06764221191406,12505100.0
2010-05-17,40.12400185102347,40.23674510505579,39.58534255761428,40.011260986328125,10260800.0
2010-05-18,39.735663390268,39.81082714889526,39.366116606362986,39.44128036499024,18480900.0
2010-05-19,39.26589866591385,39.435013530270886,38.86503486418016,38.97151565551758,18863200.0
2010-05-20,38.72096778939896,38.73349507967174,37.92550277709961,37.92550277709961,24098700.0
2010-05-21,37.44322296282875,38.18231656311507,37.27410808249168,38.13220977783203,21813000.0
2010-05-24,37.9693396383862,38.48921133055183,37.71253621159021,37.93802261352539,13993300.0
2010-05-25,37.39938330268348,37.83782907804359,37.04862859386519,37.80024719238281,21179000.0
2010-05-26,38.10088831400595,38.10088831400595,37.361794799544754,37.36805725097656,18914100.0
2010-05-27,37.7599411333919,37.85475038322832,37.10890604427709,37.3111686706543,29926600.0
2010-05-28,37.11522551907669,37.36805257883477,36.78022610843545,36.849754333496094,26815900.0
2010-06-01,36.79286424931185,37.55135017723345,36.37569735062901,37.1405029296875,19508400.0
2010-06-02,37.33644939495316,37.75361633300781,37.0962616393579,37.75361633300781,15581800.0
2010-06-03,37.85475566857019,38.01909558242252,37.63985129664402,37.778907775878906,14254200.0
2010-06-04,37.26692252034977,37.31116731756771,36.50843649336131,36.66645431518555,21785400.0
2010-06-07,36.76758049360721,37.00776822438563,36.66012954711914,36.66012954711914,13843300.0
2010-06-08,36.7549493274882,37.10890773418695,36.57796771297801,37.06466293334961,14941500.0
2010-06-09,37.16579905394464,37.25428866705453,36.62221724637124,36.76759338378906,13173000.0
2010-06-10,37.11522986729128,37.37437902032109,36.88136173538669,36.976173400878906,16995200.0
2010-06-11,36.76758452618698,36.96352748741259,36.62220842379141,36.95088577270508,14713000.0
2010-06-14,37.10259121809399,37.35541832837089,36.90032856540807,36.92560958862305,10524000.0
2010-06-15,37.24796475323256,37.39334087402185,37.00777696572115,37.38069915771485,11103200.0
2010-06-16,37.45022071345784,37.658805378586,37.15314646112153,37.44390106201172,8636300.0
2010-06-17,37.469189142209146,37.57032046253405,37.07098592470783,37.405982971191406,11723100.0
2010-06-18,37.405982971191406,37.47551120600744,37.197398266743306,37.405982971191406,16838200.0
2010-06-21,37.608240081416334,37.797860977746,37.24163759217321,37.37437438964844,12143600.0
2010-06-22,37.4502314030445,37.981171489002456,37.36806144382832,37.39334487915039,13823800.0
2010-06-23,37.39333420580111,37.55767166616477,37.10890166751745,37.44390106201172,12659500.0
2010-06-24,37.311159756654256,37.88634441508986,37.311159756654256,37.67144012451172,18216100.0
2010-06-25,37.83578743158084,37.84210708350776,37.058340041896926,37.10258483886719,45006900.0
2010-06-28,37.29853194064757,37.791549268107175,37.172119590635326,37.57664489746094,15834300.0
2010-06-29,37.27956119048764,37.55767166616477,37.08994030201868,37.44390106201172,20236500.0
2010-06-30,37.317486002123765,37.67776641037192,37.25427743242034,37.33012771606445,15802100.0
2010-07-01,37.33645248413086,37.45022551402836,37.07098368847717,37.33645248413086,17973500.0
2010-07-02,37.55767920072325,37.665132586147145,37.19739871700714,37.34277725219727,10534400.0
2010-07-06,37.60824606707824,37.671452238861065,37.083625678869325,37.34277725219727,15461100.0
2010-07-07,37.50080188124989,38.36673912946422,37.31750057427303,38.309852600097656,17280000.0
2010-07-08,38.512099149543936,39.01775563703649,38.32879791934028,38.796531677246094,15895900.0
2010-07-09,38.53739299944416,38.6005991732902,38.16447078696615,38.265602111816406,12174000.0
2010-07-12,38.22767018315481,38.265595327435,37.96220140667511,38.057010650634766,10797200.0
2010-07-13,38.29721627981726,38.53108208410852,38.202404580454,38.24032974243164,10924500.0
2010-07-14,38.0254023141629,38.354079619019366,37.9558740981717,38.31615447998047,9668500.0
2010-07-15,38.31615379593659,38.398323723473816,37.86106419139545,38.08860778808594,12839300.0
2010-07-16,37.92428480361015,38.04437750413692,37.45023124356502,37.5703239440918,17569900.0
2010-07-19,37.74730037188953,37.79154517183026,37.5260739610251,37.652488708496094,10277500.0
2010-07-20,36.944563464327615,37.146826062782445,36.6601309317629,37.0267333984375,22304800.0
2010-07-21,37.1657923413685,37.1657923413685,35.94589452688467,36.103912353515625,25707600.0
2010-07-22,36.29985577696535,36.41994845867714,35.93957532066926,36.04070663452149,17972900.0
2010-07-23,36.205031755954,36.4325777372338,36.02805261991854,36.4262580871582,15076600.0
2010-07-26,36.43892492785172,36.666468654892654,36.3314715131843,36.49581146240234,11775200.0
2010-07-27,36.6285298389218,36.93824340471641,36.41994516667766,36.72333908081055,16964000.0
2010-07-28,36.74862534565592,36.81815357510276,36.43891175596083,36.55268478393555,13502100.0
2010-07-29,36.72334191473694,36.83079529056225,36.47683449117861,36.55268478393555,13031000.0
2010-07-30,36.42627350707973,36.88768531503917,36.19872742947542,36.71702575683594,12978000.0
2010-08-02,36.97617789169898,37.21636570526589,36.91929136772684,37.115234375,11455600.0
2010-08-03,37.13419350098977,37.671453208454594,37.10891006716152,37.51343536376953,10855100.0
2010-08-04,37.526072980457656,37.88003378189519,37.43758338288845,37.75994110107422,10508800.0
2010-08-05,37.62720688591006,37.85475295885679,37.61456516950626,37.7725830078125,9796700.0
2010-08-06,37.620887729429285,37.92428169363909,37.4502281724686,37.89899826049805,8524100.0
2010-08-09,37.924272318695,38.08229012002289,37.79153794425803,37.95587539672852,6674700.0
2010-08-10,37.551349833312585,37.80417927735763,37.22899458275741,37.56399154663086,13550800.0
2010-08-11,37.241642206399824,37.260605986194754,36.84975865060955,36.976173400878906,11470100.0
2010-08-12,36.75493821393304,37.10889651360577,36.72333272761077,36.98880386352539,8240500.0
2010-08-13,36.96986351532984,36.96986351532984,36.69807257435348,36.75495910644531,8546700.0
2010-08-16,36.65381501126095,36.72966289061161,36.32513765252725,36.66645431518555,8751200.0
2010-08-17,37.24796171521083,37.59560044623637,36.97617086468015,37.4312629699707,13479100.0
2010-08-18,37.58296360121671,37.81050968334896,37.31117271546553,37.51343536376953,10534900.0
2010-08-19,37.39966458369957,37.40598664811931,36.91297171446821,37.115234375,11949700.0
2010-08-20,37.10259284625278,37.23532726580997,36.96985842669561,37.12787628173828,11286200.0
2010-08-23,37.27957310476995,37.51343886158481,37.17212211772246,37.21004486083984,8842900.0
2010-08-24,36.97617030687172,37.09626298344032,36.57164506878737,36.66645431518555,14930400.0
2010-08-25,36.66014843370095,36.78656322087705,36.55901708619237,36.64750671386719,11675000.0
2010-08-26,36.786551417054085,36.799193132831455,36.52108020805075,36.533721923828125,12834100.0
2010-08-27,36.65495655683111,36.92931064379937,36.36146227948369,36.75065994262695,11674800.0
2010-08-30,36.75064757491467,36.87825448026562,36.533716565987845,36.55923843383789,9240100.0
2010-08-31,36.527339444029614,36.6485646725309,36.367831411522936,36.380592346191406,14563100.0
2010-09-01,36.79531339012844,37.23555713692238,36.64856628583029,37.190895080566406,11603700.0
2010-09-02,37.3376575511876,37.50992659684354,37.19728963978636,37.39508056640625,8079700.0
2010-09-03,37.548199412428055,37.64390522979262,37.32488908377744,37.5992431640625,7533400.0
2010-09-07,37.51628636623336,37.62475308704826,37.407822079317725,37.452484130859375,5625100.0
2010-09-08,37.273859772169374,37.66306001050948,37.273859772169374,37.54821395874024,8412500.0
2010-09-09,37.89274107766185,38.30108139439937,37.80979619023071,38.16709518432617,14077700.0
2010-09-10,38.24364317094459,38.28192597312146,38.13517888229241,38.2691650390625,8358800.0
2010-09-13,38.32020815617912,38.52437823002516,38.23088161920962,38.4860954284668,10706600.0
2010-09-14,38.55627177092361,38.90080961554507,38.44142582271645,38.6519775390625,9912900.0
2010-09-15,38.709424600123725,39.01568229443396,38.60096026022672,38.95187759399414,9111500.0
2010-09-16,38.80513494415748,39.16881326028323,38.766852119443975,39.105010986328125,10496300.0
2010-09-17,39.29639511920389,39.37933996943799,39.00290095240529,39.283634185791016,12240600.0
2010-09-20,39.33468420224242,39.70474159472715,39.24535765408445,39.61541748046875,10991500.0
2010-09-21,39.46867304411027,39.70474428118016,39.43039023516661,39.51971435546875,9449200.0
2010-09-22,39.54523194216641,39.87700894868743,39.494190636339816,39.53885269165039,9353300.0
2010-09-23,39.32192159783877,39.55799280891626,39.28363879311021,39.436767578125,8393800.0
2010-09-24,39.54521952142329,39.813194203018135,39.44951619034555,39.64730453491211,12636900.0
2010-09-27,39.6983646703484,39.76216691744344,39.51333474631316,39.5771369934082,7687600.0
2010-09-28,39.53246819040108,39.94080834351599,39.360199231949615,39.83234405517578,12132800.0
2010-09-29,39.75578689575195,39.908913259372085,39.64094090608703,39.75578689575195,9590000.0
2010-09-30,39.87063323878816,40.0046194166182,39.2708814132447,39.532474517822266,12845600.0
2010-10-01,39.61540662238482,39.71749164411413,39.28362969328981,39.398475646972656,9773200.0
2010-10-04,39.26450400418813,39.54523730908305,39.11137519812739,39.34744644165039,8703600.0
2010-10-05,39.60904643761305,40.15775217231923,39.564381937328754,40.06842803955078,12439400.0
2010-10-06,40.125843173465945,40.3619143971779,39.87701101416152,40.33001327514648,11339800.0
2010-10-07,40.38106495947422,40.51505115869768,40.19603500784179,40.336402893066406,9826600.0
2010-10-08,40.43847923565946,40.44485848638363,40.21516651792057,40.3427734375,7354800.0
2010-10-11,40.36191022983882,40.39381378247581,40.221544820613325,40.38743209838867,6172100.0
2010-10-12,40.27896127143231,40.47674963584821,40.17687624769861,40.381046295166016,8707400.0
2010-10-13,40.47038382376934,40.7000758119078,40.38105970258211,40.56608963012695,10104700.0
2010-10-14,40.70007968553842,40.70645893741619,40.44486580022798,40.66817855834961,8632700.0
2010-10-15,40.82130075193613,40.834061688281686,40.28535359492144,40.55970764160156,13265100.0
2010-10-18,40.636257567084506,40.82128743287441,40.35552436077836,40.74472427368164,10814100.0
2010-10-19,40.12583251888228,40.62349670534672,39.87700042565005,40.381046295166016,17235400.0
2010-10-20,40.40019394699254,40.8531961714576,40.23430666546287,40.57884216308594,10206800.0
2010-10-21,40.7447338187556,40.974425784041706,40.52780278864088,40.82767868041992,11111700.0
2010-10-22,40.88510621233461,40.9106280855118,40.604370475185135,40.71283721923828,6774800.0
2010-10-25,40.85958331539838,40.9808109930027,40.73835563779407,40.8213005065918,7794700.0
2010-10-26,40.73835480647431,40.802159486516594,40.58522844217217,40.73197555541992,7122900.0
2010-10-27,40.56608932672421,40.63627082577516,40.3746777154406,40.55970764160156,11916100.0
2010-10-28,40.79578380058473,40.904250555656816,40.5214297208083,40.5533332824707,10116000.0
2010-10-29,40.60437387007201,40.73198081272723,40.40020373538365,40.66817855834961,9309900.0
2010-11-01,40.75748863530763,40.891472349744525,40.39381055616742,40.636260986328125,9356000.0
2010-11-02,40.795772434519264,40.96165971300592,40.65540702469189,40.75749206542969,8632100.0
2010-11-03,40.827681008259496,40.961664750449614,40.54694528628131,40.95528793334961,9322100.0
2010-11-04,41.03821882474598,41.42103705845746,40.987175095505,41.31895446777344,11337400.0
2010-11-05,41.31258153804578,41.37000209475978,40.89785966873726,41.248779296875,9276500.0
2010-11-08,41.19135756559155,41.22326112293691,40.89786333565201,41.04461288452149,8484400.0
2010-11-09,41.13394021941438,41.15308040819813,40.89786653288191,41.03185272216797,9218500.0
2010-11-10,40.98717817396651,41.050980406410815,40.54693692874282,40.80215072631836,10795400.0
2010-11-11,40.64264317567837,40.802151192510784,40.56608000909058,40.78300857543945,9109500.0
2010-11-12,40.63626175747246,40.89147312573195,40.52141578989098,40.62350082397461,12944800.0
2010-11-15,40.90422255515836,41.274282198802005,40.82127773263507,40.9233627319336,12729400.0
2010-11-16,40.61075241455367,40.80216159678075,39.9727201845302,40.28535461425781,15651000.0
2010-11-17,40.27896838910624,40.38105343087933,40.1449797942358,40.23430633544922,7416900.0
2010-11-18,40.49590539516337,40.83406168968314,40.38743865317228,40.7255973815918,9400100.0
2010-11-19,40.76387775673004,40.97442955558935,40.61075138837758,40.7255973815918,12889800.0
2010-11-22,40.51505057591916,40.71922071481809,40.25345743333616,40.59161376953125,11179200.0
2010-11-23,40.1896485005337,40.35553579811605,39.97271745975701,40.11308288574219,14766500.0
2010-11-24,40.2151566104119,40.508653183307885,40.15135438329044,40.381046295166016,9591400.0
2010-11-26,40.220181512237865,40.26522791914397,39.98851287395216,40.09147644042969,4638800.0
2010-11-29,39.77614476579469,39.90484736067015,39.505863915898,39.84049606323242,12019300.0
2010-11-30,39.56378309680292,39.78258095610716,39.41577314122134,39.608829498291016,12633500.0
2010-12-01,40.01424183919351,40.20729815898119,39.78257327351057,40.16868591308594,15364700.0
2010-12-02,40.14938002054556,40.46470721708233,40.07215798551697,40.28451919555664,10160400.0
2010-12-03,40.22662239212171,40.39393974992245,40.046436734347495,40.2588005065918,9882800.0
2010-12-06,40.09790658369288,40.20730428145461,40.02711868286133,40.02711868286133,8989000.0
2010-12-07,40.258781065905374,40.37461534849479,40.05928814481376,40.097900390625,9528800.0
2010-12-08,40.03998597389639,40.25878380535983,39.98850297597819,40.18799591064453,7871900.0
2010-12-09,40.17512589545418,40.51619217094039,39.73753022452929,39.9370231628418,12965600.0
2010-12-10,40.02068165993378,40.1107769131291,39.69892026305584,39.84049606323242,11457300.0
2010-12-13,39.78900656848125,39.87909934657182,39.6152551586591,39.80831146240234,13672100.0
2010-12-14,39.91771301176062,40.50331858107536,39.827620224919016,40.3939208984375,13491200.0
2010-12-15,40.4968777285704,40.64488763313742,40.18155057199272,40.26520919799805,11534100.0
2010-12-16,40.38105858274464,40.406800085745004,39.924157951289885,40.15582656860352,11141100.0
2010-12-17,40.05929606454268,40.24591827392578,39.88554460630787,40.24591827392578,15961000.0
2010-12-20,40.245913134132174,40.3167010289851,40.04642019907796,40.21373748779297,8907000.0
2010-12-21,40.40679228925279,40.41322643633899,40.07859432643601,40.11720657348633,7908200.0
2010-12-22,40.11078602491145,40.15583243431978,39.84693926288384,39.91129302978516,8850100.0
2010-12-23,39.911297101682905,40.19444634040105,39.911297101682905,40.05930709838867,7229500.0
2010-12-27,40.02068552892391,40.05286363559823,39.782582759572215,39.85337066650391,5163700.0
2010-12-28,39.93702055571688,40.09146463252312,39.83405701956461,39.93058395385742,6354200.0
2010-12-29,39.97563813443557,40.1815652468531,39.96920398616713,39.98207473754883,4968700.0
2010-12-30,39.96276197366803,40.02067911962356,39.83405938696196,39.85979843139648,5770100.0
2010-12-31,39.83406180098083,39.956330247699086,39.73753240025693,39.801883697509766,4981400.0
2011-01-03,40.3038256312502,40.65776260985093,40.23947189114923,40.42609405517578,14894800.0
2011-01-04,40.62559279883933,40.76716613769531,40.381053461041496,40.76716613769531,12346300.0
2011-01-05,40.80578349248649,40.88944214967096,40.50976357302738,40.741432189941406,11837900.0
2011-01-06,40.818650229863486,40.88300152608027,40.47758394119427,40.67707443237305,7606000.0
2011-01-07,40.67063428038805,40.70280992374627,40.258780153776605,40.28451919555664,11084800.0
2011-01-10,40.08503957965248,40.15582748710023,39.89841736089841,40.00138092041016,9775000.0
2011-01-11,40.03998698108781,40.12364317254254,39.89841118809594,40.07216262817383,7372800.0
2011-01-12,40.18800866967998,40.46472373423166,40.10434999892488,40.22018432617188,8312700.0
2011-01-13,40.25878443614705,40.52906281491903,40.123642791916566,40.48401641845703,9489700.0
2011-01-14,40.509756111274335,40.52262686038157,40.059289711898565,40.25234603881836,11274700.0
2011-01-18,40.039985421104106,40.27808814607738,39.90484378085683,39.96276092529297,13944900.0
2011-01-19,39.93060239582251,40.29097616621641,39.90486088618463,40.2588005065918,9596700.0
2011-01-20,40.36818461106345,40.60628735771123,40.24591616383235,40.45184326171875,11518600.0
2011-01-21,40.70281774690196,40.70281774690196,40.19443413765935,40.32313919067383,12932200.0
2011-01-24,40.25879499309645,40.361758562701496,40.001384841661256,40.03999710083008,11373000.0
2011-01-25,39.18410649656288,39.660314492413306,39.06827218554101,39.30637741088867,28056700.0
2011-01-26,39.3707228662527,39.41576926330893,38.99747848510742,38.99747848510742,20262100.0
2011-01-27,39.02321632741762,39.28062639062311,38.99747483012822,39.04895782470703,11219500.0
2011-01-28,39.19698477669956,39.25490194333436,38.61137896065674,38.61781311035156,15298800.0
2011-01-31,38.714329504029095,38.75294175373279,38.41187301846148,38.463356018066406,19056200.0
2011-02-01,38.41831958803027,39.087584027460174,38.41831958803027,39.01679611206055,14780500.0
2011-02-02,38.907385729616,39.10044206788351,38.79155143568659,39.01034927368164,9994200.0
2011-02-03,39.03610498793333,39.23559800119795,38.99105857442929,39.126197814941406,10078900.0
2011-02-04,39.216283068174334,39.24846117575879,39.0296633003472,39.15193176269531,9725500.0
2011-02-07,39.1776745492222,39.24846246047319,39.02966457789971,39.17123794555664,8217000.0
2011-02-08,39.21627807617188,39.24845617966025,39.09400962938782,39.21627807617188,7867600.0
2011-02-09,39.20984899264323,39.21628314126514,39.02322676962333,39.17767333984375,8541500.0
2011-02-10,39.02322808198324,39.29994312408566,38.88165225909037,39.2098503112793,8627500.0
2011-02-11,39.08758537944148,39.36429799172311,38.93957293947991,39.06184387207031,9630800.0
2011-02-14,39.055407267804895,39.24202951397796,39.02966821527899,39.06184387207031,8130800.0
2011-02-15,38.99747852381787,39.06183227313672,38.920256479479775,39.01034927368164,8572800.0
2011-02-16,39.00391247383679,39.087571114840095,38.93312458182201,38.94599533081055,9426400.0
2011-02-17,38.8494663400174,39.20983995086639,38.823727296620206,39.119747161865234,7133700.0
2011-02-18,39.18409257072846,39.39645621707718,38.96529477820737,39.32566833496094,12393000.0
2011-02-22,39.04896035333797,39.24845328798268,38.90095041660588,39.02965545654297,11050500.0
2011-02-23,39.100445591296975,39.30637515282948,38.84947208344908,38.862342834472656,12100300.0
2011-02-24,38.91382311094413,38.93312800870397,38.63067151796212,38.772247314453125,11766700.0
2011-02-25,38.90862184344881,38.928103813070194,38.54499143780119,38.726806640625,11863700.0
2011-02-28,38.91510451529712,39.90210562285534,38.81120979224076,39.89561080932617,20031000.0
2011-03-01,39.77223036799385,39.93456600214893,39.35015672837257,39.41509246826172,14035300.0
2011-03-02,39.28522558560872,39.56444308958741,39.19431802190315,39.48652267456055,10264600.0
2011-03-03,39.687825923091815,39.73977452911135,39.486531267380784,39.642372131347656,7802700.0
2011-03-04,39.79821709361236,39.79821709361236,39.18134099575309,39.648868560791016,11432700.0
2011-03-07,39.66833660690845,39.67482894252954,39.1553553962581,39.22029113769531,9584000.0
2011-03-08,39.27223659577251,39.60340267894031,39.18132903632888,39.42158508300781,8881800.0
2011-03-09,39.44106770449133,39.64885712299992,39.16834254454554,39.22029113769531,10082600.0
2011-03-10,39.05146817827245,39.155362907456926,38.57095598468637,38.70731735229492,14852300.0
2011-03-11,38.46706744448053,38.87615161312389,38.38265218935975,38.75926971435547,10426600.0
2011-03-14,38.62938978483543,38.62938978483543,38.25926224866494,38.395626068115234,11775000.0
2011-03-15,38.17485745952083,38.20732409871367,37.67486328940456,37.97356033325195,16016800.0
2011-03-16,38.03199122465563,38.03199122465563,37.337194925936586,37.44108963012695,16995600.0
2011-03-17,37.79824206251214,37.9086316215208,37.59694738904014,37.74629592895508,12456000.0
2011-03-18,38.025516786395535,38.109929570311294,37.72681720384815,38.03200912475586,14371900.0
2011-03-21,38.0969199393181,38.41509882626686,38.0969199393181,38.2008171081543,10692700.0
2011-03-22,38.18135043038975,38.40862186260414,38.11641715092611,38.17485809326172,10151800.0
2011-03-23,38.12941360473633,38.23980070216504,37.98655738260842,38.12941360473633,9899800.0
2011-03-24,38.29822946863822,38.3631652203215,38.135893804998496,38.33069610595703,8655800.0
2011-03-25,38.31770488774621,38.36965348357788,38.083943637639855,38.29822540283203,8077400.0
2011-03-28,38.298233409106906,38.50602288178136,38.298233409106906,38.467063903808594,8382500.0
2011-03-29,38.298227725022784,38.51251198025334,38.265761089182085,38.45407104492188,9280300.0
2011-03-30,38.531990026431046,38.78523324438868,38.46705675717617,38.55796432495117,10736400.0
2011-03-31,38.44757077865595,38.765749709677976,38.44757077865595,38.47354507446289,9680200.0
2011-04-01,38.72030210402321,38.72679444048748,38.350176999420526,38.62939453125,9908000.0
2011-04-04,38.635894353373,39.07744762986094,38.60992004839228,39.05796813964844,9415100.0
2011-04-05,38.79822565223191,38.934587022376384,38.622902829026536,38.830692291259766,10557700.0
2011-04-06,38.76575472519288,38.89562374398484,38.70081897727415,38.73978042602539,10011200.0
2011-04-07,38.77874524801969,38.80471707240088,38.47355339886772,38.62290191650391,9232900.0
2011-04-08,38.78523951479886,38.81770615467518,38.51251676738276,38.60991668701172,7853200.0
2011-04-11,38.661869931233376,39.07095410144083,38.635895625397495,38.869659423828125,9845800.0
2011-04-12,38.73978138252907,39.01250657643045,38.73978138252907,38.92159652709961,9208000.0
2011-04-13,38.73978619209914,38.92809617352348,38.64238379424631,38.70082473754883,10509000.0
2011-04-14,38.66834567508177,39.03847070474654,38.62938671009289,38.97353744506836,10436200.0
2011-04-15,39.116406390389166,39.57743912530299,38.947575896700855,39.324195861816406,18608500.0
2011-04-18,39.25276211922594,39.73327427387737,39.02549071458115,39.259254455566406,20034800.0
2011-04-19,40.25924887641677,40.82417635256137,40.12937983624495,40.70729446411133,26083100.0
2011-04-20,41.044951711425085,41.90857869643412,41.02547222296637,41.81117630004883,26732100.0
2011-04-21,41.43455411667684,41.752733095312514,41.40857981698299,41.6033821105957,11688100.0
2011-04-25,41.33067073110015,41.68780630314042,41.239760657236936,41.62936782836914,7226900.0
2011-04-26,41.60336986589984,42.402063245618095,41.60336986589984,42.17478942871094,14500000.0
2011-04-27,41.200798082463365,42.59688351210914,41.16833144029412,42.5774040222168,23777500.0
2011-04-28,42.460504821779786,42.687773701375264,42.16180787229859,42.454010009765625,13091400.0
2011-04-29,42.59039076976688,42.83714419798828,42.467019009748455,42.67480850219727,12100000.0
2011-05-02,42.80466337749837,43.05790659738662,42.733235294546205,42.99297332763672,15456200.0
2011-05-03,42.92803783942776,43.15530674885294,42.86310457303352,43.02544021606445,13105500.0
2011-05-04,42.85661443081369,43.0644038783752,42.44753034926512,42.64233016967773,13408900.0
2011-05-05,42.499471568447184,42.60336876333999,42.07740283794522,42.21376419067383,14925200.0
2011-05-06,42.36961420182584,42.53194988842287,42.2852014282685,42.382598876953125,11904600.0
2011-05-09,42.278696116809854,42.700769787989145,42.25272181891212,42.61635208129883,9003100.0
2011-05-10,42.60337656166338,42.7267532646593,42.38909227354156,42.70077896118164,9693100.0
2011-05-11,43.06440232122129,43.337125032392365,42.73323619817583,43.22673797607422,19986100.0
2011-05-12,42.882573472862816,43.74620006960072,42.73971734960218,43.62931823730469,15622200.0
2011-05-13,43.564399401716464,43.66829661176793,42.82414911942052,43.25921249389648,11700900.0
2011-05-16,43.12285617201017,43.3696046436452,42.97999996850328,43.09688186645508,11513200.0
2011-05-17,43.005961217076056,43.1682968619397,42.765702679205205,43.11634826660156,10784100.0
2011-05-18,42.96699780072576,43.18777685647365,42.81765177997908,43.18128204345703,9028400.0
2011-05-19,43.20076322128728,43.20076322128728,42.75921004657951,43.10985565185547,9685100.0
2011-05-20,43.01895335082438,43.07090195517339,42.38909014684445,42.65532302856445,12367000.0
2011-05-23,42.330646368087805,42.65531767337066,42.2592182845983,42.570899963378906,12020200.0
2011-05-24,42.68779369923634,43.00597523381786,42.53195281652013,42.71376800537109,11017700.0
2011-05-25,43.0449333190918,43.23973317990513,42.90207711537335,43.0449333190918,14767100.0
2011-05-26,42.95976185243039,43.08420856823966,42.75672141889511,42.90736770629883,12044100.0
2011-05-27,43.09075966959427,43.86362954119777,42.96631295390285,43.73263168334961,16385700.0
2011-05-31,44.086331849356014,44.10598028476127,43.87674020993526,44.07323455810547,16473800.0
2011-06-01,43.89639120260252,44.07323712566996,43.52960706151324,43.54270935058594,11003400.0
2011-06-02,43.516509769499685,43.72610142113058,43.411711445154666,43.54270935058594,9582900.0
2011-06-03,43.123510738655405,43.464100214276485,43.09731616089189,43.287254333496094,10364900.0
2011-06-06,43.14316322178991,43.372403250129935,43.12350979331119,43.26105880737305,8397400.0
2011-06-07,43.22831656186635,43.411708620478194,42.90082931518555,42.90082931518555,10426800.0
2011-06-08,42.89426917867606,43.37895380003621,42.6912287273584,43.32000350952149,10020300.0
2011-06-09,43.44446782600514,44.06669171735724,43.33966948801837,43.73920440673828,14054500.0
2011-06-10,43.54924508465278,43.67369181579025,43.287254333496094,43.287254333496094,9312900.0
2011-06-13,43.437916589186095,43.857099946131264,43.39861971105367,43.6147575378418,8146200.0
2011-06-14,43.850540515381525,44.11908245737266,43.71954761498413,43.94878768920898,11389100.0
2011-06-15,43.88328693348635,43.88328693348635,43.03836931676178,43.33311080932617,12623500.0
2011-06-16,43.03181462996687,43.45754897502097,42.88117332139965,43.43790054321289,11683900.0
2011-06-17,43.64095525904253,43.85054692856664,43.35276983660911,43.41826629638672,14336400.0
2011-06-20,43.28071201886716,43.71299254904265,43.274160875317385,43.56235122680664,9309200.0
2011-06-21,43.56890380758637,43.71955014912834,43.333117572615805,43.54925537109375,9811500.0
2011-06-22,43.53615691320106,43.63440409009219,43.26106881555311,43.27416610717773,7988100.0
2011-06-23,42.92702781591825,43.058020712475525,42.37030050996181,43.01217269897461,16234800.0
2011-06-24,42.946671093751576,42.97287066932879,42.46199143821854,42.61263275146485,13186200.0
2011-06-27,42.76328683009244,42.97287847572613,42.57334362044645,42.73708724975586,7199500.0
2011-06-28,42.95977212104136,43.30691277985126,42.822228085086586,43.16936874389648,7724600.0
2011-06-29,43.37895274386595,43.61473890901075,43.18245844301136,43.43134689331055,9227000.0
2011-06-30,43.50340080318129,43.82434187443299,43.392056348449096,43.56889724731445,9747200.0
2011-07-01,43.54270552092723,44.119081262954126,43.40515648305728,44.07978439331055,9216500.0
2011-07-05,44.07324012370021,44.32212866536126,44.04704054083176,44.28938293457031,9773600.0
2011-07-06,44.29592061740497,44.37451935098986,44.125630856892165,44.24352645874024,7100400.0
2011-07-07,44.4203700964756,44.57101642918565,44.14528200758821,44.48586654663086,8415200.0
2011-07-08,44.41381477946859,44.531710377494775,44.00773382842377,44.256622314453125,7866100.0
2011-07-11,43.80469521813202,44.15183592013312,43.77194948953058,44.06013488769531,8918900.0
2011-07-12,43.81779776613288,44.328677108278185,43.77194974817264,43.9029426574707,10528700.0
2011-07-13,44.13872505189879,44.52516255193428,44.0208294583186,44.29591751098633,9031700.0
2011-07-14,44.27626896883042,44.49241172270308,44.19112409475551,44.31557083129883,9636500.0
2011-07-15,44.36142516455313,44.505515357286285,43.87674043578743,44.17802810668945,10245100.0
2011-07-18,43.99464083379337,44.11253645672109,43.58855979697744,43.94224166870117,10361000.0
2011-07-19,43.94878626764131,44.02738500357269,43.3265625152919,43.69989776611328,13677400.0
2011-07-20,43.60164844160971,43.817791206949884,43.26761007672566,43.38550567626953,8912600.0
2011-07-21,43.52306485301256,43.74575883943908,43.31347315834888,43.53616714477539,11394100.0
2011-07-22,43.6802493313951,43.74574577947525,43.549251438176135,43.69989776611328,7721000.0
2011-07-25,43.36586355970303,43.50995875758708,43.23487065093162,43.39206314086914,10247700.0
2011-07-26,43.33966220690191,43.43790938299391,43.14317285177687,43.17591857910156,10008300.0
2011-07-27,43.07112710031649,43.14317469939882,42.665041087039626,42.72399139404297,12810400.0
2011-07-28,42.72398722197501,42.97942686757403,42.42924570985859,42.62574005126953,9920400.0
2011-07-29,42.40305554455544,42.52750232154644,42.003520626167294,42.43580627441406,16829000.0
2011-08-01,42.75674105475081,42.78949178354883,41.69568290317595,42.18691635131836,15842200.0
2011-08-02,41.99041921419076,42.14761170856371,41.54503631591797,41.54503631591797,17118300.0
2011-08-03,41.50572562665387,41.610521427173474,40.51671541540814,41.531925201416016,17660300.0
2011-08-04,41.00795463696869,41.368190119221936,40.483975526552186,40.50362396240234,23485600.0
2011-08-05,40.68701314610239,41.54503059640769,39.98619066705864,41.07344818115234,24037800.0
2011-08-08,40.47741863286121,40.98830037916526,39.98618781814559,40.03203582763672,32423200.0
2011-08-09,40.41846425825226,40.85074720491966,38.69588361388918,40.739402770996094,36288000.0
2011-08-10,40.35951714422848,40.58220851432377,39.305008082851664,39.4294548034668,32688900.0
2011-08-11,39.416362897986986,42.04281186146048,39.383614674946,41.55157852172852,33514400.0
2011-08-12,41.66291578633623,41.911806720901424,41.197884631157365,41.49917221069336,42324600.0
2011-08-15,41.82011842323952,42.32445155762117,41.66292595144589,42.3047981262207,39362000.0
2011-08-16,41.76772826769476,42.38340345870233,41.715329103253424,42.1541633605957,13142100.0
2011-08-17,42.28513904073986,42.475082186631184,41.78735967407254,42.08864974975586,11847600.0
2011-08-18,41.38783920153792,41.643281364227285,40.62152020905839,41.36819076538086,23376400.0
2011-08-19,41.20445105489589,41.77427824443024,41.09310657470643,41.35509490966797,19394800.0
2011-08-22,41.91181743708204,41.98386253002159,41.26994025773904,41.45333480834961,13689300.0
2011-08-23,41.60399330666225,42.56680441811594,41.5384943374452,42.553707122802734,14879000.0
2011-08-24,42.82223545089994,43.0318271127482,42.46854858458236,42.92048263549805,14523000.0
2011-08-25,42.894271312720576,42.894271312720576,42.04935375173071,42.27859878540039,13134400.0
2011-08-26,41.99445025954136,42.6684763650096,41.30060067240272,42.47684097290039,14150600.0
2011-08-29,42.71473878514066,43.56057439806179,42.6618727989386,43.52092742919922,12867900.0
2011-08-30,43.49448735112469,43.63986626871007,43.078179121147805,43.46144485473633,11183000.0
2011-08-31,43.63325320764971,43.765418140862586,43.17729301082452,43.48126983642578,14555300.0
2011-09-01,43.388756988192426,43.70594274536565,43.02530972312237,43.17068862915039,11141100.0
2011-09-02,42.840302051879696,42.95263851185486,42.23235570367064,42.33808517456055,13713600.0
2011-09-06,41.74335336660744,42.78743404834515,41.30061201577717,42.71474456787109,15848300.0
2011-09-07,42.97905529934062,43.24998460306938,42.74777295674853,43.23677062988281,10759700.0
2011-09-08,42.92620332057211,43.56718962303432,42.84690433086448,42.91959381103516,15551500.0
2011-09-09,42.54953564400479,42.56275466112201,41.82264599147141,42.05392837524414,17008200.0
2011-09-12,41.69709898792292,42.03411341062811,41.16845163158967,42.02089691162109,13448200.0
2011-09-13,42.28521944823975,42.32486894300856,41.74996261241266,42.03411102294922,11595300.0
2011-09-14,42.25876695447855,42.60238818823452,41.61778094912718,42.11338806152344,13429500.0
2011-09-15,42.4768457372023,42.70812811859348,42.238953847320566,42.55614471435547,10625800.0
2011-09-16,42.63543755567068,42.78081648926471,42.26538575494236,42.68169403076172,15688800.0
2011-09-19,42.32485649134096,42.54952933323253,42.04731515118855,42.38432693481445,8571800.0
2011-09-20,42.56935855885377,42.85350692413995,42.15305027362984,42.437198638916016,10874800.0
2011-09-21,42.417382045086825,42.68831143744056,41.69709675216759,41.716922760009766,10041300.0
2011-09-22,41.07592711829103,41.36668245238389,40.40190098305016,40.91733169555664,19456900.0
2011-09-23,40.50764431885072,40.90413175128867,40.309401863026544,40.69927978515625,10983700.0
2011-09-26,41.00324110321901,41.53188835548187,40.97680811040863,41.4261589050293,10561700.0
2011-09-27,41.87551337215738,42.52310662807231,41.43937903569265,42.17287826538086,13118200.0
2011-09-28,42.22573082473703,42.58917304860214,41.723514160192885,41.79620361328125,8964200.0
2011-09-29,42.2389601321546,42.4504190611154,41.64423283974831,42.22574615478516,8923300.0
2011-09-30,41.77638863385677,42.78081712573894,41.730132158077545,42.08696746826172,14556100.0
2011-10-03,42.060526770425184,42.43057848668522,41.00323003062504,41.02305603027344,16891100.0
2011-10-04,40.6728410655757,41.18827440317936,40.19705974266595,41.0825424194336,18192000.0
2011-10-05,41.10896411123214,41.30720648466431,40.70586985680655,41.20147705078125,15405200.0
2011-10-06,41.313827207801125,41.51867914440625,41.03628579302033,41.505462646484375,9595400.0
2011-10-07,41.63762377021963,42.10680063704872,41.63101678146511,41.716922760009766,12361600.0
2011-10-10,42.21912806594349,42.575965881347656,42.05392565371439,42.575965881347656,7104000.0
2011-10-11,42.463629586008445,42.52970954279466,42.192695209134165,42.265384674072266,7628700.0
2011-10-12,42.3777189322408,42.747775746111934,42.20590954093132,42.509883880615234,9375100.0
2011-10-13,42.58918340924237,42.58918340924237,42.00767268464846,42.443809509277344,7781100.0
2011-10-14,42.74778515635246,42.780822619535776,42.404161256512914,42.767608642578125,6678800.0
2011-10-17,42.5561476223368,42.84690047527747,42.04071431877576,42.153053283691406,10797900.0
2011-10-18,42.13323963556289,42.78083305844165,41.89535018044013,42.569374084472656,11705300.0
2011-10-19,42.628835784110734,42.628835784110734,41.07593145385247,41.39311981201172,19964600.0
2011-10-20,41.60457529437149,41.71691424658718,41.175050530882494,41.32042694091797,11562600.0
2011-10-21,41.703708667738304,42.18609953990718,41.55832969885829,42.14645004272461,13175400.0
2011-10-24,42.22573488519449,42.81385503195317,42.027489986512535,42.774208068847656,12552700.0
2011-10-25,42.66187118208126,42.840292618356656,42.00106402512252,42.08696746826172,10324800.0
2011-10-26,42.41737975800519,42.68830913575083,42.15305484786868,42.61561965942383,9932100.0
2011-10-27,42.94602849022645,43.4085983859432,42.76100254857127,43.28304290771485,16450700.0
2011-10-28,43.37555790728844,43.5143273700203,42.97246349772392,43.34912490844727,10390800.0
2011-10-31,43.06495299232636,43.52091315096743,42.54291289340103,42.54952239990234,13720400.0
2011-11-01,42.08035679219049,42.35789562253891,41.74995198227744,41.88211441040039,14749900.0
2011-11-02,42.54953564400479,42.54953564400479,41.90194244865221,42.05392837524414,10136200.0
2011-11-03,42.33807834576838,42.635440701641365,42.07375345078237,42.51649475097656,10466000.0
2011-11-04,42.29182147265156,42.64865932131642,41.901943642619,42.37112045288086,9725200.0
2011-11-07,42.26538372099185,42.51648956774807,41.79620948433876,42.29181671142578,8783900.0
2011-11-08,42.351300096824765,42.94602995933161,42.25878964362195,42.86012649536133,7989500.0
2011-11-09,42.338081007977216,42.377727980165794,41.69709473584393,41.98124313354492,11072500.0
2011-11-10,42.37772492004981,42.56936034108712,42.067146070246544,42.37112045288086,7597500.0
2011-11-11,42.70152389496195,43.27642509746998,42.70152389496195,43.11783218383789,9086800.0
2011-11-14,42.93280874397275,43.17070064887566,42.72134983312329,42.89316177368164,8276100.0
2011-11-15,42.932792803570855,43.14425163590833,42.62882104718425,42.94600677490234,10726300.0
2011-11-16,42.6420481584214,43.05836148650332,42.490064754183386,42.55614471435547,8398100.0
2011-11-17,42.40416031697882,42.62883825290785,41.82925654206964,42.252174377441406,13924700.0
2011-11-18,42.41737352281746,42.42397798945576,42.00106273282472,42.19269561767578,12659600.0
2011-11-21,41.80943041252997,41.85568689029948,41.55171503044584,41.59136199951172,32806700.0
2011-11-22,41.59796612433592,41.76316852949945,41.43276371917239,41.56492614746094,8680000.0
2011-11-23,41.360081174376816,41.39973066573072,40.96359634399414,40.96359634399414,10362800.0
2011-11-25,40.89021894263184,41.110308501223294,40.71681258089838,40.86354064941406,5838800.0
2011-11-28,41.27039055217535,41.8239513424361,41.20369479515521,41.5971908569336,11678000.0
2011-11-29,41.89730665417076,42.10405964148504,41.657207067401245,41.8706283569336,8923600.0
2011-11-30,42.630941612560754,43.17783397979728,42.550909265794594,43.16449737548828,15032600.0
2011-12-01,43.13782354249874,43.31789570531124,42.917731385888175,42.98442459106445,9852700.0
2011-12-02,43.264545981807885,43.27788258804803,42.21744429916042,42.33082580566406,15792800.0
2011-12-05,42.75100510872082,42.851047482384125,41.917327142137474,42.257469177246094,15294500.0
2011-12-06,42.4241828743268,42.63760412008516,42.19075163765351,42.34415054321289,10417800.0
2011-12-07,42.39751726180165,43.224524200391365,42.2641283072664,42.98442459106445,11504700.0
2011-12-08,42.77768588748511,42.98443640687396,42.39086061160108,42.5375862121582,9566800.0
2011-12-09,42.8977235057345,43.13782311266903,42.67096304853884,43.03778076171875,8835700.0
2011-12-12,42.5976016052782,42.81769122898896,42.2507913233804,42.35750198364258,10808700.0
2011-12-13,42.73766850013674,42.73766850013674,42.11074104098879,42.257469177246094,14215500.0
2011-12-14,42.27079816160784,42.5375735202307,41.9706736569973,42.13740921020508,9802400.0
2011-12-15,42.45087451778181,42.75099648989908,42.397517917469486,42.684303283691406,9656700.0
2011-12-16,42.92441051251632,42.93108136083029,42.38418628732802,42.884395599365234,19214300.0
2011-12-19,42.80434391587097,42.87103710778416,42.25745160079982,42.37083053588867,9024700.0
2011-12-20,42.69763018321018,43.17116354287774,42.69096442596056,43.03110122680664,12247700.0
2011-12-21,43.22451592526216,43.3512365526928,43.07112209155978,43.32455825805664,8517800.0
2011-12-22,43.391263311986464,43.524654821631415,43.09781216749919,43.47129821777344,7428000.0
2011-12-23,43.50463428885732,44.0181774536024,43.471285149380094,44.00484085083008,6503300.0
2011-12-27,44.011513392081234,44.23160553448224,43.95149103780736,44.03152084350586,4995100.0
2011-12-28,43.99818384372987,44.03819875299676,43.551333729030056,43.65137100219727,5943900.0
2011-12-29,43.5579954453846,44.03819466547983,43.5179805398318,43.93815231323242,5702400.0
2011-12-30,43.74473720014092,43.97150019795043,43.7047222957367,43.73807144165039,4959700.0
2012-01-03,43.74473845578488,44.01818721270343,43.5179805398318,43.93815231323242,16116200.0
2012-01-04,43.85146657275568,43.93816726040295,43.424623807101646,43.67139434814453,9243100.0
2012-01-05,43.56466250899041,43.7514055031727,43.2378622691714,43.61801910400391,11886900.0
2012-01-06,43.644700610247625,43.65803721579902,43.09113734510603,43.23786544799805,15359900.0
2012-01-09,43.324565252409,43.41126590770022,42.95775009076285,43.30455780029297,7934600.0
2012-01-10,43.42461584636681,43.61802973415393,43.351251782434936,43.48463821411133,8476600.0
2012-01-11,43.42462115422057,43.7114065969086,43.2445438522435,43.43795776367188,6784600.0
2012-01-12,43.537978908726274,43.624684637154026,43.304550194429126,43.50463485717773,7402900.0
2012-01-13,43.33124051764197,43.53799099507658,42.9244053219143,43.52465438842773,8978800.0
2012-01-17,43.71138889439896,43.81143123405192,43.017768451400514,43.4312744140625,8359900.0
2012-01-18,43.52466159060718,43.59802566023007,43.3512551452834,43.53799819946289,8095600.0
2012-01-19,43.45795122962337,43.51797357835092,43.211180812003846,43.47795867919922,11699800.0
2012-01-20,43.53800095767634,43.71807826301951,43.044464984883184,43.53133010864258,14715500.0
2012-01-23,43.504644835199,43.57133804195686,43.27121097899821,43.35124588012695,10125000.0
2012-01-24,42.91106155646714,43.65136785472009,42.91106155646714,43.35124588012695,12367900.0
2012-01-25,43.23787490887491,43.551338635757695,43.19118914668172,43.49798202514648,10531400.0
2012-01-26,43.70473243864285,43.93816124911657,43.49798193341847,43.81811141967773,12546100.0
2012-01-27,43.76475525782429,43.93149083168139,43.65804204814011,43.724735260009766,10466300.0
2012-01-30,43.57134705176296,43.82478332519531,43.43795552229865,43.82478332519531,7482100.0
2012-01-31,43.92481125689873,43.98483360914627,43.72472657267715,43.95816040039063,13562900.0
2012-02-01,43.99817870538735,44.23160746279292,43.78475740027864,43.81143569946289,12275900.0
2012-02-02,43.97816571947489,43.99817316925429,43.58466721647633,43.74473190307617,8282400.0
2012-02-03,43.95150168030548,44.03153150538255,43.70473118012981,43.77809524536133,9036200.0
2012-02-06,43.65803081374646,43.73806570041445,43.38458718893553,43.47795867919922,9535700.0
2012-02-07,43.45796117845197,43.61135505255966,43.36458457844698,43.52465438842773,9248100.0
2012-02-08,43.48462846466818,43.58467081017865,43.41126441718484,43.51130676269531,6889400.0
2012-02-09,43.45795504634441,43.58467060090853,43.23119205838514,43.27787780761719,10936200.0
2012-02-10,43.15782907579617,43.197843979449225,42.85103627493741,43.08446502685547,13954200.0
2012-02-13,43.28455694928561,43.31790101177572,43.084472220880905,43.1378288269043,9662500.0
2012-02-14,43.18451990432378,43.25788397455104,42.904405320746974,43.09114837646485,8978500.0
2012-02-15,43.024441611883645,43.31789271205494,42.99776331398352,43.11781311035156,9023400.0
2012-02-16,43.084475984496365,43.45796717092015,42.97776785149418,43.29789733886719,8194500.0
2012-02-17,43.49796526954052,43.537980167901786,43.22451656176655,43.34456634521485,9057500.0
2012-02-21,43.50463505491866,43.51130081224006,43.18450061073865,43.37791442871094,8081700.0
2012-02-22,43.40460248087945,43.578003800776784,43.264545220178285,43.35124588012695,8150600.0
2012-02-23,43.47796567917848,44.051536405066166,43.28455182153119,43.41793823242188,8991500.0
2012-02-24,43.59288591078319,43.59288591078319,43.189186811239935,43.370849609375,10478200.0
2012-02-27,43.23627038503874,43.49194519749083,43.07478669298506,43.364105224609375,8523000.0
2012-02-28,43.46504100114124,44.016764239505335,43.39775868101137,43.85528564453125,11581400.0
2012-02-29,43.88220210908919,43.90911606534288,43.53905558349501,43.78800582885742,11489100.0
2012-03-01,43.80818164802721,43.90910768137975,43.49194913906785,43.61978912353516,8813800.0
2012-03-02,43.5592378141132,43.64670945134343,43.44485735514817,43.57942199707031,6063900.0
2012-03-05,43.5255941477996,43.70725690655465,43.42466811146393,43.67361831665039,7601000.0
2012-03-06,43.37083748872112,43.55250536939883,43.18917474135452,43.29682540893555,9511100.0
2012-03-07,43.24299809552257,43.37083807748967,43.142077197455066,43.26318740844727,8591800.0
2012-03-08,43.70053351312503,43.78800515292733,43.55923909495845,43.63325119018555,11311100.0
2012-03-09,43.619799936883446,43.73418040749264,43.45831619016304,43.55924224853516,8410600.0
2012-03-12,43.43139356995312,43.83509254189631,43.424663799315965,43.80144882202149,7284700.0
2012-03-13,44.01675217752608,44.0302117178509,43.75434760760833,43.956199645996094,9884100.0
2012-03-14,43.875472336697705,43.98985280079168,43.74763232782075,43.78800582885742,9612200.0
2012-03-15,43.68708803423805,43.98986111602761,43.63326011155579,43.78128433227539,11372900.0
2012-03-16,43.8687298375552,44.04366793579677,43.60632525684824,43.81490707397461,17707000.0
2012-03-19,43.70053107124637,43.91583757260924,43.66689247831237,43.87546920776367,7321800.0
2012-03-20,43.73416263459345,43.82162911187087,43.572684086808046,43.70724868774414,7760400.0
2012-03-21,43.70726132563629,43.78127341754477,43.49195482189668,43.572696685791016,7839600.0
2012-03-22,43.51887381031379,43.52560358307807,43.330481239414446,43.370849609375,10621300.0
2012-03-23,43.39101918000265,43.53904333108603,43.31028246727414,43.43139266967773,8062500.0
2012-03-26,43.660167764398295,43.90911802084778,43.61979939487608,43.84856033325195,8503800.0
2012-03-27,43.95620920776833,44.07058965885759,43.88219711981371,44.0033073425293,10723800.0
2012-03-28,44.00330107101779,44.15132522583008,43.85527691620549,44.15132522583008,10305500.0
2012-03-29,43.922554134115686,44.09749221801758,43.86872624163658,44.09749221801758,9553300.0
2012-03-30,44.15805635598397,44.5281167974267,44.12441776432391,44.38009262084961,11307700.0
2012-04-02,44.43392124332932,44.60885937603982,44.2858970643675,44.548301696777344,8785900.0
2012-04-03,44.487743314343625,44.50792749367916,44.07058478593513,44.32625961303711,9128400.0
2012-04-04,44.14459856710261,44.205151107443,43.97639022174201,43.99657440185547,9432300.0
2012-04-05,43.90909838505511,43.989835087994734,43.79471283370696,43.962921142578125,7922700.0
2012-04-09,43.70053544176564,43.88893314094784,43.65343730029819,43.68035125732422,6363400.0
2012-04-10,43.60633257748182,43.63997630201474,43.168994958423816,43.19590377807617,12793200.0
2012-04-11,43.52558235821865,43.52558235821865,43.034411852192335,43.1487922668457,10434100.0
2012-04-12,43.09498726966369,43.16226959228516,42.84603702932088,43.16226959228516,13122300.0
2012-04-13,43.02096668950078,43.06133761751327,42.73837789338061,42.751834869384766,11226600.0
2012-04-16,42.87295031868484,43.168998693592606,42.83930659124092,43.04788589477539,10502400.0
2012-04-17,43.21607654023152,43.2497151185686,42.57015474977449,43.20934677124024,18322900.0
2012-04-18,42.99406164055134,43.007516051882654,42.46924976566597,42.56344604492188,20567700.0
2012-04-19,42.53653523022679,42.75184174762202,42.227029865647005,42.40869522094727,15189000.0
2012-04-20,42.53653161308047,43.04115670156217,42.52307463605558,42.86621856689453,14320700.0
2012-04-23,42.7249240536923,42.85276148513241,42.59035685042823,42.637454986572266,10120900.0
2012-04-24,42.7585615258671,42.92004266919101,42.630724105450135,42.906585693359375,9022400.0
2012-04-25,43.03443345474922,43.45159210580404,42.95369414701384,43.35066604614258,11162800.0
2012-04-26,43.33720284735633,43.71398791816791,43.236276808157065,43.56596374511719,9139200.0
2012-04-27,43.70052651819479,43.821636733425215,43.51886376200483,43.62651443481445,10746700.0
2012-04-30,43.63324048926925,43.9965711040114,43.62651071863209,43.80144882202149,11362300.0
2012-05-01,43.67362160735912,43.97639460586795,43.59960951735709,43.88219833374024,10107900.0
2012-05-02,43.8485438566398,43.956199645996094,43.62650764107538,43.956199645996094,8349700.0
2012-05-03,44.003294627358144,44.06384715456287,43.801442603388665,43.962921142578125,10431800.0
2012-05-04,43.86202042365149,43.92930275146204,43.55924224853516,43.55924224853516,10301300.0
2012-05-07,43.45157759198711,43.747620765912906,43.40447946431863,43.59960174560547,8387800.0
2012-05-08,43.51886250510048,43.7207145690918,43.4313960151369,43.7207145690918,12491900.0
2012-05-09,43.458321195512696,43.65344356195548,43.22956022794656,43.2497444152832,10649400.0
2012-05-10,43.60633715243928,43.63998088050192,43.32374831663692,43.44485855102539,7702000.0
2012-05-11,43.35065395519074,43.7274389973041,43.21608933538203,43.29009628295898,37824600.0
2012-05-14,43.08151493814949,43.128613063336566,42.76528503570133,43.01423263549805,39687800.0
2012-05-15,42.85949386804588,43.15553967993783,42.66437153975851,42.7989387512207,8500000.0
2012-05-16,42.92004647499409,43.01424274751239,42.69128299888282,42.86621856689453,10018400.0
2012-05-17,42.86621724157615,43.061339552420456,42.71146586055834,42.75856399536133,7993500.0
2012-05-18,42.973870425978006,43.00078437915696,42.44906117226763,42.62399673461914,13781300.0
2012-05-21,42.56343784393079,42.94695522603735,42.5567106395613,42.704734802246094,8784900.0
2012-05-22,42.657629715491424,42.92676147952877,42.61053159261851,42.73836898803711,8409300.0
2012-05-23,42.65763277555463,42.89312340681223,42.307759147218064,42.57016372680664,11269100.0
2012-05-24,42.7264401535009,43.03216333450521,42.665295517300045,42.86911010742188,9309400.0
2012-05-25,42.71962013224746,42.78755742161916,42.3187839050149,42.46824645996094,11208500.0
2012-05-29,42.69246706088485,42.75361169074645,42.32559928171523,42.52262115478516,10089700.0
2012-05-30,42.35276683783715,42.39353078019718,42.12177634774832,42.26444625854492,9414700.0
2012-05-31,42.366364708167865,42.71964451616025,42.216899476267216,42.41392135620117,13297100.0
2012-06-01,42.14894643180406,42.33238025938151,41.924748667550965,41.97230529785156,12061100.0
2012-06-04,42.14895341049565,42.427500544793936,42.0470448477543,42.35276794433594,9200000.0
2012-06-05,42.2304776023994,42.37994279941051,42.12177634774832,42.26444625854492,9523400.0
2012-06-06,42.18292908414595,42.66529083251953,42.04705184177009,42.66529083251953,11562500.0
2012-06-07,42.92345733386937,42.93704531727124,42.46826896065669,42.66529083251953,12959300.0
2012-06-08,42.48863936925186,42.82833107653726,42.34596947418608,42.78756713867188,11249500.0
2012-06-11,42.7807857149692,42.82154707193065,42.19651540985609,42.20330810546875,12226400.0
2012-06-12,42.2304652918062,42.98458115995942,42.00627015328695,42.855499267578125,26655400.0
2012-06-13,43.64358880341583,43.9561045499955,42.923444047527205,43.786258697509766,98440200.0
2012-06-14,43.71832407628031,44.669461945231085,43.677562727833006,44.46564483642578,34314900.0
2012-06-15,44.77135964789189,44.907234231972375,44.506400580636765,44.84609222412109,25992800.0
2012-06-18,44.71701881345026,45.10426717557871,44.71701881345026,45.04312515258789,25750000.0
2012-06-19,45.11106580829427,45.49151891277743,45.08388984607622,45.32846832275391,23615400.0
2012-06-20,45.36922302325917,45.5186882019043,45.15182054067098,45.5186882019043,21254600.0
2012-06-21,45.2129709610356,45.49831076787894,44.94801182849758,45.10426712036133,24545300.0
2012-06-22,45.28769695080802,45.49830413229343,45.19257851244814,45.267311096191406,18965700.0
2012-06-25,45.015961675442966,45.26733030626748,44.93443377222953,45.179012298583984,13734500.0
2012-06-26,45.21975849670295,45.30808165805821,45.117855130960905,45.1246452331543,11100000.0
2012-06-27,45.12465617289288,45.654574536358055,45.083894816714135,45.40999603271485,17594200.0
2012-06-28,45.32168289947148,45.51870478096549,45.13825159368653,45.47794342041016,12110900.0
2012-06-29,45.72252245789191,45.99427177565882,45.66137523309416,45.8991584777832,18286000.0
2012-07-02,45.80403448020275,46.19807815551758,45.749682556031445,46.19807815551758,12552700.0
2012-07-03,46.17089070409991,46.27959452539228,46.00784015544485,46.225242614746094,8902400.0
2012-07-05,46.14373160338084,46.29999210774394,46.04861831665039,46.04861831665039,11857800.0
2012-07-06,45.86518846736266,46.11655708304667,45.76327989030552,45.95350646972656,9758000.0
2012-07-09,46.02144235140092,46.17090756863031,45.94670974278623,46.04861831665039,12485900.0
2012-07-10,46.17769765630432,46.266015645956735,46.02143716953564,46.11655044555664,12851800.0
2012-07-11,46.21846020385171,46.27281212963716,46.00785297053928,46.13014221191406,12026100.0
2012-07-12,45.93990702418991,46.27959872160345,45.81761780578967,46.00104904174805,16484200.0
2012-07-13,46.055408780698045,46.70082104210558,46.0146474287352,46.61250305175781,13238800.0
2012-07-16,46.51738237976561,46.687228230322205,46.44264979085799,46.50379180908203,12921500.0
2012-07-17,46.08937689947788,46.99975353905482,45.93312158780274,46.8774642944336,24201900.0
2012-07-18,46.7008339821954,47.1899910744268,46.64648722561456,47.128849029541016,15616200.0
2012-07-19,47.047291822754886,47.35301222338015,46.86386061903634,47.23751831054688,13499500.0
2012-07-20,47.11524027755559,47.12203556323917,46.43585684115744,46.62608337402344,13964600.0
2012-07-23,46.29319256589105,46.40868652012243,45.96029609293035,46.27281188964844,11771400.0
2012-07-24,46.26601883443282,46.36792740384556,45.51869796421468,45.7564811706543,12145700.0
2012-07-25,45.97388602297772,46.21166924143277,45.78365944821368,45.8787727355957,9882200.0
2012-07-26,46.40189570374601,46.863876696856224,46.34074849267305,46.70082092285156,16477200.0
2012-07-27,46.84349119801409,47.33944344367857,46.80272984584176,47.23073959350586,14015900.0
2012-07-30,47.128835022267005,47.31906157197791,46.98616510998382,47.18318176269531,8379500.0
2012-07-31,47.04730862421364,47.25791585615463,46.94540005985078,47.02692794799805,10313900.0
2012-08-01,47.203558786056526,47.38699001514773,47.047298330451326,47.13561630249024,11681700.0
2012-08-02,46.74837024854625,46.86386936622058,46.21165673879333,46.50379180908203,13536000.0
2012-08-03,46.86387491678306,47.09486281292194,46.80272770803272,46.95898818969727,10898800.0
2012-08-06,46.999746114344966,47.10844476834507,46.7279917044183,46.76875305175781,8723200.0
2012-08-07,46.74838062149087,46.83670380067999,46.34075152636348,46.39510345458984,11268400.0
2012-08-08,46.39509833015077,46.57852958854791,46.34754169402673,46.43585968017578,6573100.0
2012-08-09,46.42227685385696,46.63967937146568,46.31357300341016,46.41548156738281,7764200.0
2012-08-10,46.27960025349462,46.68043398173421,46.27960025349462,46.63287734985352,7645000.0
2012-08-13,46.463036777020136,46.57174062412342,46.31357157889549,46.51059341430664,7199200.0
2012-08-14,46.70081465492821,46.70760994042092,46.53776408609212,46.63287734985352,8217800.0
2012-08-15,46.54456352462193,46.76875613304407,46.40189361624981,46.43585968017578,9349100.0
2012-08-16,46.496998149352855,46.50378825089109,46.21165320295481,46.33394241333008,13518500.0
2012-08-17,46.27959729653769,46.3203586403213,45.86517302379161,46.06219482421875,11999500.0
2012-08-20,46.062197553962136,46.08936832923888,45.97387439281836,45.99425506591797,12645200.0
2012-08-21,45.98747628230312,46.36792942922492,45.93991963893789,46.04861831665039,9544900.0
2012-08-22,45.94670087974381,46.15051798815615,45.87876357136782,46.028228759765625,8230900.0
2012-08-23,46.06222040713099,46.16412382318708,45.89916457486788,46.02145385742188,9062700.0
2012-08-24,46.08312966855836,46.508171543898655,46.03514090100757,46.3436393737793,11297500.0
2012-08-27,46.30252182552788,46.59045451905263,46.26139007799148,46.26824188232422,8761000.0
2012-08-28,46.14484878404585,46.41221564653208,46.08315115288094,46.28196334838867,6750800.0
2012-08-29,46.12426365590168,46.50132201248765,45.97344031326729,46.18596649169922,9609500.0
2012-08-30,46.08999275355791,46.213393204947806,45.82947778374364,46.07627868652344,9672700.0
2012-08-31,46.24080920846982,46.54931294099637,46.04200231710562,46.22710037231445,10151800.0
2012-09-04,46.26823271070971,46.30251264711816,45.911745431828045,46.11055755615234,8402700.0
2012-09-05,46.23395739646653,46.5287470623957,46.028288241489385,46.117408752441406,9266000.0
2012-09-06,46.419058194719,46.7686936866879,46.33678948178979,46.5081787109375,13075500.0
2012-09-07,46.59731305264896,46.62473596201699,46.288809245047496,46.53561019897461,8403300.0
2012-09-10,46.61102208959713,46.94009177302235,46.5013356820455,46.74127960205078,11441300.0
2012-09-11,46.86468891202813,46.994946449031154,46.74128841128478,46.75499725341797,8821700.0
2012-09-12,46.871514996708,46.933212591144624,46.63842299127667,46.7206916809082,8230700.0
2012-09-13,46.62473074098029,47.41997410206118,46.617873706809846,47.296573638916016,13006300.0
2012-09-14,47.24173310393242,47.24173310393242,46.6727195660617,46.940086364746094,13024000.0
2012-09-17,46.95378923621634,47.09775555333815,46.61786782959879,46.78925704956055,11584100.0
2012-09-18,46.67271009201144,47.07718610983017,46.66585305922604,46.99492263793945,8063100.0
2012-09-19,47.13204755604129,47.24859100016013,47.02921295166016,47.02921295166016,9911300.0
2012-09-20,46.89896086073559,47.29657997938767,46.844115040788665,47.23488235473633,8704000.0
2012-09-21,47.337699284279736,47.550220219240046,47.19372775307976,47.34455108642578,19064400.0
2012-09-24,47.22115612646651,47.44053411938543,47.17316735396499,47.30342483520508,9082100.0
2012-09-25,47.310271901340656,47.74217076286313,47.310271901340656,47.52279281616211,11625400.0
2012-09-26,47.6462032760399,47.6462032760399,47.27600193229222,47.30342483520508,9971900.0
2012-09-27,47.36512805752725,47.543374332394,47.22801875709715,47.31028747558594,8253200.0
2012-09-28,47.14574695584173,47.33085025274182,46.960648889325846,47.241729736328125,10293200.0
2012-10-01,47.24859649548719,47.611940940226056,47.24859649548719,47.39256286621094,9647200.0
2012-10-02,47.38569640954468,47.49538279744535,47.05662678507418,47.276004791259766,10062700.0
2012-10-03,47.43368231644517,47.52280282812401,47.1183267785232,47.30342483520508,8557900.0
2012-10-04,47.37198958057199,47.64621343780182,47.31029195864743,47.48853302001953,9395900.0
2012-10-05,47.61879262562501,47.81074776502188,47.52281505592658,47.74905014038086,9429900.0
2012-10-08,47.714758403868494,47.74903834045451,47.419968732534215,47.605072021484375,6444600.0
2012-10-09,47.04292646580341,47.28287038626678,46.68643387221339,46.89896011352539,15365900.0
2012-10-10,46.87837457589561,46.95378624630746,46.60415602572553,46.7686882019043,10710100.0
2012-10-11,46.761848980793054,46.82355183935267,46.52190504280692,46.59731674194336,9505500.0
2012-10-12,46.74128310473504,46.96751820214435,46.48077329069089,46.59731674194336,8685500.0
2012-10-15,46.74128024370116,47.29657978481997,46.66586854918067,47.02921295166016,14868000.0
2012-10-16,47.5090955457056,47.85187399775143,47.3171352190373,47.68048477172852,13688800.0
2012-10-17,47.80389772300219,48.79795340169795,47.6804972387847,48.67455291748047,26522700.0
2012-10-18,48.585426026059736,49.86741425682198,48.55114608422111,49.716590881347656,33591100.0
2012-10-19,49.435511243868376,49.52463176291735,49.175001490228375,49.264122009277344,18391000.0
2012-10-22,49.216138956075376,49.55891746511862,48.900783355401785,49.20928192138672,14033400.0
2012-10-23,48.79108382026023,49.03788472523303,48.35232781817173,48.59912872314453,11086000.0
2012-10-24,48.66768133386046,48.81164765068061,48.44830334198442,48.49629211425781,8572000.0
2012-10-25,48.68139873922436,49.05845190997977,48.66768467170059,48.7705192565918,9672700.0
2012-10-26,48.67454601606261,48.89392404241258,48.372899268437145,48.60599136352539,8965200.0
2012-10-31,48.74994047080219,48.84591799650504,48.31804160513934,48.55112838745117,9950600.0
2012-11-01,48.743110090832815,49.29155787791718,48.55801197016364,49.017333984375,11226000.0
2012-11-02,49.154433814207934,49.154433814207934,48.55800258371086,48.60599136352539,7946700.0
2012-11-05,48.57854829969744,48.67452581950247,48.31118160447162,48.53055953979492,6874500.0
2012-11-06,48.67454326509067,49.09959045541436,48.5991315824464,48.681400299072266,7927500.0
2012-11-07,48.46200637967296,48.66767025816119,47.783301458628486,48.2220573425293,12719700.0
2012-11-08,48.09182866941391,48.27692677372224,47.74905014038086,47.74905014038086,12652100.0
2012-11-09,47.68734558906917,48.16723865087633,47.59822505762937,47.89987182617188,10511700.0
2012-11-12,47.845019225390125,48.02326549338554,47.51594959450508,47.76960754394531,9761000.0
2012-11-13,47.65990890086725,48.06439015359708,47.57764542805572,47.65305709838867,8244500.0
2012-11-14,47.73533396848787,47.82445972955896,47.32400079783565,47.48853302001953,10470700.0
2012-11-15,47.29656411056417,47.4405304168327,47.11146606832849,47.351409912109375,11803600.0
2012-11-16,47.21431489011306,47.48853351984404,46.9675139390471,47.433692932128906,14272300.0
2012-11-19,47.67362749748124,47.85872555928245,47.33084904716606,47.47481536865234,12337400.0
2012-11-20,47.4816806891414,47.79017925611368,47.39941196376914,47.76275634765625,9859500.0
2012-11-21,47.73533917151614,47.90672844716764,47.61193868383164,47.707916259765625,7639900.0
2012-11-23,47.77705740364628,48.109031677246094,47.687143527209535,48.109031677246094,5450100.0
2012-11-26,47.80474197011274,48.06755548179039,47.597254008456986,47.78398895263672,9884800.0
2012-11-27,47.728662911172826,47.82548921851172,47.535010296495045,47.59033584594727,8763200.0
2012-11-28,47.52117691411992,47.984560729326255,47.44509834426357,47.92231750488281,9983200.0
2012-11-29,48.04680240913654,48.10904562474322,47.75632351636374,47.87389755249024,9853400.0
2012-11-30,47.99148537749077,48.35804293463795,47.84624588937428,48.22663879394531,13480700.0
2012-12-03,48.27503913759013,48.35803009353968,47.97072489474159,48.171295166015625,9928900.0
2012-12-04,48.12287194673685,48.75224276309159,48.032958061088685,48.316524505615234,14278100.0
2012-12-05,48.3649432343076,48.6139266321052,48.12287750773691,48.392608642578125,11037100.0
2012-12-06,48.64852496036955,48.64852496036955,48.27505498273872,48.44795989990234,9459200.0
2012-12-07,48.44102526579971,48.772999635606446,48.31653355796281,48.724586486816406,10021300.0
2012-12-10,48.59318291883704,48.966658046459166,48.59318291883704,48.82833099365234,9700300.0
2012-12-11,49.05656308666697,49.53378214984424,48.93207138656147,49.17413711547852,14933700.0
2012-12-12,49.25022114930574,49.36088279577251,49.00123772139322,49.07731628417969,11783300.0
2012-12-13,49.03580418093107,49.10496504820699,48.84215164190412,48.93206024169922,8838900.0
2012-12-14,48.84216607457018,49.00815326040813,48.752252171569936,48.89057922363281,10263600.0
2012-12-17,48.99431421806876,49.22946755050405,48.95281874390134,49.06348037719727,14317200.0
2012-12-18,49.14649026517908,49.174155684164525,48.7591849526612,49.070411682128906,16352400.0
2012-12-19,49.042733177773776,49.31937671077226,48.84907531738281,48.84907531738281,11865600.0
2012-12-20,48.92514257198085,49.03580418093107,48.75223776547308,48.93206024169922,11775800.0
2012-12-21,48.80064878280641,48.93205811857407,48.45483918479529,48.60007858276367,22142300.0
2012-12-24,48.6346768074036,48.69000762671859,48.37186333061337,48.427188873291016,5006500.0
2012-12-26,48.37878767184862,48.662354233381805,48.33037451215255,48.53094482421875,7737300.0
2012-12-27,48.50328187297325,48.69002212460561,48.275051409456594,48.475616455078125,10700400.0
2012-12-28,48.3027120359631,48.4617868712984,48.01223306010452,48.0537338256836,9691100.0
2012-12-31,47.887724156448,48.48943491365576,47.846228682377486,48.48251724243164,12770000.0
2013-01-02,49.11880398060801,49.11880398060801,48.6208424803207,48.99431228637695,12874200.0
2013-01-03,49.09114426976984,49.104974335186256,48.72458157827299,48.92515182495117,9598300.0
2013-01-04,49.27096503190017,49.60986234019731,49.11189552335339,49.48537063598633,11631800.0
2013-01-07,49.450779373622446,49.47152710811878,49.23637908164509,49.38161849975586,7548800.0
2013-01-08,49.31936839767007,49.554521693046745,49.27787293004206,49.38853454589844,9825300.0
2013-01-09,49.54761478964505,49.69285423454004,49.4507884930484,49.60986328125,7672800.0
2013-01-10,49.66519785834107,50.05942078808758,49.616784701236696,49.928016662597656,11888500.0
2013-01-11,49.92802462922333,50.19775587279205,49.90727688381639,50.03868103027344,7766700.0
2013-01-14,50.21157578369719,50.34298518020232,50.05250625000608,50.18391036987305,7386000.0
2013-01-15,49.969497827831226,50.10090719230365,49.79659299105673,50.052494049072266,7795100.0
2013-01-16,49.97643203830234,50.36373731233088,49.96951436508365,50.197750091552734,8779900.0
2013-01-17,50.4052129683318,50.495126854885626,50.05249092252328,50.41904830932617,10570100.0
2013-01-18,50.41904602041155,50.64728164672852,50.3429674783059,50.64728164672852,13558600.0
2013-01-22,50.4328846598359,50.6334549161619,50.08707496478496,50.2738151550293,11469800.0
2013-01-23,50.15624382129822,50.42598028082144,50.12166601227895,50.38447952270508,10155100.0
2013-01-24,50.46056579769631,50.64730604614944,50.37756954542394,50.55739212036133,9369700.0
2013-01-25,50.578120363628585,51.1314179455068,50.529707220962,51.1245002746582,10421500.0
2013-01-28,51.15218993253188,51.179855352405575,50.78563235332424,50.91704177856445,9420900.0
2013-01-29,50.95159964216219,51.60864123441205,50.93085190454202,51.4634017944336,12386500.0
2013-01-30,51.49107943665034,51.73315052890256,51.18677038701049,51.242095947265625,9245500.0
2013-01-31,51.23516190168857,51.42881447235491,51.02767398932504,51.1245002746582,10448700.0
2013-02-01,51.27665969574925,51.47031227518582,51.235164222052,51.304325103759766,10016300.0
2013-02-04,50.87552001031404,51.35273907203256,50.87552001031404,51.25591278076172,9200700.0
2013-02-05,51.51873506686929,51.74697076821514,51.50490499859289,51.63631439208984,10230800.0
2013-02-06,51.57405429452769,52.14118194580077,51.53947121665719,52.14118194580078,12084000.0
2013-02-07,51.74695002832639,52.00976343334811,51.65012375928492,51.91293716430664,9798200.0
2013-02-08,51.98902839100705,52.29334261178126,51.684719446870034,52.20343399047852,8153300.0
2013-02-11,52.06511157624193,52.217268700160055,51.90604205697311,52.15502548217773,5697100.0
2013-02-12,52.1619325394529,52.46624675614666,52.1619325394529,52.42475128173828,7598900.0
2013-02-13,52.41783907991802,52.473169902660686,52.12736017547556,52.32793045043945,8014800.0
2013-02-14,52.21727839028526,52.6253314104824,52.13428214093595,52.431678771972656,9681800.0
2013-02-15,52.3694261373065,52.67374038696288,52.22418668450805,52.67374038696289,10528400.0
2013-02-19,52.583829183215045,53.25470093536418,52.53541602979387,53.22703552246094,9747400.0
2013-02-20,53.10945293922943,53.23394463896644,52.93654809385232,53.01262664794922,7857500.0
2013-02-21,52.88814985068915,53.268537451719645,52.82590134496211,53.164798736572266,9465700.0
2013-02-22,53.25542629778492,53.325140414959904,52.96262381434227,53.1578254699707,8571500.0
2013-02-25,53.311195423696034,53.44365595884829,52.68375778198242,52.68375778198242,10603300.0
2013-02-26,52.89987769890914,53.22056689488981,52.63496192453718,52.80924987792969,10742100.0
2013-02-27,52.760427454850586,53.29723178708055,52.70465405650762,53.20660400390625,8180300.0
2013-02-28,53.14387893375892,53.32513455472532,53.06021881103516,53.06021881103516,11806300.0
2013-03-01,52.83712189152724,53.52032750023108,52.79529449637857,53.471527099609375,9528300.0
2013-03-04,53.49245727399057,53.87588755347067,53.49245727399057,53.82011413574219,12628000.0
2013-03-05,54.071069625633854,54.17564341631277,53.98741484816587,54.14078903198242,9399400.0
2013-03-06,54.16172334456967,54.19657774216834,53.83406115783552,53.95257568359375,8535200.0
2013-03-07,54.11291681058104,54.34994583528031,54.09199779177342,54.20354461669922,7996500.0
2013-03-08,54.26628470794415,54.53120575279618,54.168683897370855,54.510292053222656,8554100.0
2013-03-11,54.32203715290398,54.7403269394646,54.266263763004375,54.6845588684082,8807600.0
2013-03-12,54.726406854179885,54.85886737534786,54.52423222881385,54.76823425292969,8790500.0
2013-03-13,54.7403572231995,54.84493105740332,54.517268859026224,54.76127624511719,7983400.0
2013-03-14,54.844927443132434,55.14470291137695,54.719439914126696,55.14470291137695,10130400.0
2013-03-15,54.81005941800765,55.24228999578385,54.81005941800765,55.20743560791016,18296500.0
2013-03-18,54.879763804432,55.20742584177961,54.865817796673966,54.9425048828125,8005400.0
2013-03-19,55.06102749542843,55.13770926665359,54.72639243705072,54.97736740112305,7095800.0
2013-03-20,55.20049277589446,55.50026833345955,55.19351976697042,55.38872146606445,8000800.0
2013-03-21,55.15863824528203,55.42355394684762,54.91463092251568,55.08195114135742,8436300.0
2013-03-22,55.15167385727427,55.59087753295898,55.08892743569325,55.59087753295898,6873100.0
2013-03-25,55.65360409003407,55.73029117856908,55.40262913098199,55.54903030395508,9616600.0
2013-03-26,55.72331841296021,56.38561019622212,55.66754501763355,56.36469650268555,12682900.0
2013-03-27,56.16253940934897,56.71328989217335,55.9603647775138,56.65751647949219,10703400.0
2013-03-28,56.72721890289003,56.88058776352853,56.43441123349483,56.83876037597656,11332100.0
2013-04-01,56.74117129742163,57.13854751767029,56.664484191860936,57.11763381958008,7376800.0
2013-04-02,57.16642846914621,57.64746475219727,57.096714376245394,57.64746475219727,10342200.0
2013-04-03,57.68233469232043,57.82873592254015,56.86666841587667,57.21524429321289,12254000.0
2013-04-04,57.30585636955771,57.66837816098754,57.11762778777847,57.45226287841797,10303000.0
2013-04-05,57.0200708009779,57.24315925984725,56.90155622070164,57.1943588256836,8581400.0
2013-04-08,56.65752388192995,56.74118401188208,55.98825879885109,56.54598236083984,15828500.0
2013-04-09,56.65053915665263,56.99214194324394,56.63659314643164,56.83179473876953,9111000.0
2013-04-10,57.047915147240616,57.3058578281388,56.98516873915426,57.18037033081055,7583200.0
2013-04-11,57.26405027048455,57.8357145521392,57.222222863168405,57.3895378112793,9882700.0
2013-04-12,57.34070169131159,57.68230438232422,57.284928303721735,57.68230438232422,6987000.0
2013-04-15,57.66839633545204,57.92633909107679,56.96427154541016,56.96427154541016,12385800.0
2013-04-16,57.396498889411184,58.24005178098815,57.21523796397091,58.17033767700195,12620000.0
2013-04-17,58.11455770102627,58.860509698982725,58.06575730186444,58.49102020263672,13693300.0
2013-04-18,58.53284444439764,58.769878741022126,57.88449327968016,57.98906707763672,9921500.0
2013-04-19,58.21913431406786,58.95811334242044,58.19124761050901,58.902339935302734,10787600.0
2013-04-22,58.97205736319738,59.20909169740356,58.70016863670907,59.13937759399414,6989900.0
2013-04-23,59.25093553611789,59.73197202515343,58.560756678823104,59.571624755859375,8982100.0
2013-04-24,59.73193710258976,59.7737644880177,58.75592399813746,58.832611083984375,9480600.0
2013-04-25,58.93720297728585,59.564640545728665,58.7977694516068,59.4112663269043,8689400.0
2013-04-26,59.46703642637984,59.59949161984412,59.1254282966189,59.34154891967773,6784700.0
2013-04-29,59.2718419057733,59.87836586824165,59.19516010342743,59.66225051879883,8038000.0
2013-04-30,59.529800204984745,59.74591559155256,59.18122425563182,59.41825866699219,12099600.0
2013-05-01,58.90930171523239,59.348505245189386,58.4770658707037,58.721073150634766,12312100.0
2013-05-02,58.86749947037024,59.40430401403841,58.67926550653158,59.36944961547852,8668900.0
2013-05-03,59.6622471994457,59.9480766471117,59.57161406916363,59.78076171875,9213800.0
2013-05-06,59.8016865497711,59.8016865497711,58.94419272833727,59.03482055664063,8815600.0
2013-05-07,59.16725168749871,59.65525562619064,58.999931492366606,59.62736892700195,9061800.0
2013-05-08,59.59254403838008,59.67619885850833,59.209108383303416,59.57859802246094,8044600.0
2013-05-09,59.57159572703905,59.73891592272845,59.22999296881694,59.36245346069336,8342000.0
2013-05-10,59.46007660882751,59.78773880004883,59.383389486675874,59.78773880004883,7594800.0
2013-05-13,59.64827785925275,60.00382659696578,59.564623087209874,59.8504524230957,6631500.0
2013-05-14,59.78774119191917,60.70798137570786,59.78774119191917,60.63129425048828,10360700.0
2013-05-15,60.61034665443319,61.26566537779987,60.61034665443319,61.09835052490234,13444400.0
2013-05-16,60.882264687201854,61.18900784584413,60.6940307327993,60.965919494628906,9441900.0
2013-05-17,60.97986344222767,61.48878123298454,60.9380360399314,61.41209411621094,11437700.0
2013-05-20,61.41906052419392,61.48877462681306,61.21688590340687,61.35631942749024,7235800.0
2013-05-21,61.30751018832173,61.795514155171126,61.20293639004134,61.76065444946289,10099600.0
2013-05-22,61.837362703194806,62.73668916593939,61.48878680223238,61.670047760009766,13825900.0
2013-05-23,61.1853770951812,61.78943473813562,61.10811353442007,61.255615234375,14446900.0
2013-05-24,60.96764015345209,61.12918734539253,60.74989494512874,60.98168563842773,10390100.0
2013-05-28,61.48742332893018,62.014217560303294,61.29777440469215,61.53659057617188,8380200.0
2013-05-29,61.16431797519839,61.22051064091193,59.80167530519656,60.15989685058594,11872100.0
2013-05-30,60.20203937005057,60.62347365014441,60.18096845987002,60.39870834350586,7801200.0
2013-05-31,60.1809726385964,60.39871253735122,59.12738418579102,59.127384185791016,13302700.0
2013-06-03,59.197627745531,59.499656677246094,58.55845347909999,59.499656677246094,11768500.0
2013-06-04,59.50667502465405,59.7244149173816,58.69189740480101,59.07118988037109,9972000.0
2013-06-05,58.93772518293387,59.70333001917834,58.63569635789555,58.77617263793945,9839100.0
2013-06-06,58.712986571908345,59.32406997680664,58.05274126513483,59.32406997680664,10671000.0
2013-06-07,59.67523403606417,59.829761160300905,59.28189616260821,59.64011764526367,8907700.0
2013-06-10,59.71037625527664,60.20204876564907,59.513707251127656,59.80168533325195,8477100.0
2013-06-11,59.53476294159021,59.7173810508455,59.09225243657626,59.485595703125,8967000.0
2013-06-12,59.829767709141024,60.05453299840771,58.79022489701561,58.818321228027344,8413200.0
2013-06-13,58.71998032153403,59.67523403606417,58.35473877601444,59.64011764526367,8570000.0
2013-06-14,59.49963600558181,60.04048094041037,59.46451961478132,59.64011764526367,6357100.0
2013-06-17,59.96321397877433,60.6866769659338,59.68928149545814,60.14583206176758,8429100.0
2013-06-18,60.23012875574965,60.71478106930861,60.14583976592249,60.65858840942383,7233600.0
2013-06-19,60.7077550267784,60.75692226396842,59.56285772716687,59.60499954223633,8288400.0
2013-06-20,59.14844388994232,59.31701650997808,57.680446829428135,58.03164291381836,15172600.0
2013-06-21,58.29854578416332,59.22570316541382,57.94734972522258,58.43902206420898,20715800.0
2013-06-24,58.24236814176778,59.92108530752185,58.16510456017843,59.42941284179688,14777500.0
2013-06-25,59.8157221001353,60.11774560052963,59.38023700858906,59.94917297363281,11239400.0
2013-06-26,60.37060856237184,61.3328878233366,60.36358849859767,61.1010971069336,11966500.0
2013-06-27,61.48039181092504,61.68408620325679,60.74990323944039,60.9044303894043,8890300.0
2013-06-28,60.9114652266475,61.37504138936137,60.30038195520415,60.30740737915039,11896300.0
2013-07-01,60.20904685192706,61.55763828990435,60.05451974487895,60.84822082519531,9905200.0
2013-07-02,60.86226487846194,61.24857724416707,60.5532106988375,60.80607223510742,8572100.0
2013-07-03,60.785029188670606,61.136225332336025,60.47597486742011,60.9536018371582,3599900.0
2013-07-05,61.51553998673615,61.72625453360069,61.05195833774051,61.719234466552734,5403600.0
2013-07-08,61.87371470206028,62.50586863506819,61.78943108354336,62.224910736083984,12051400.0
2013-07-09,62.267049344082295,62.56907810617469,62.063355029292026,62.42859649658203,9348600.0
2013-07-10,62.42859598316944,62.85003544965606,62.379428759922725,62.68145751953125,7067100.0
2013-07-11,63.08181680121573,63.1661057610344,62.51288105920876,62.98348236083984,8941300.0
2013-07-12,62.99757559697981,63.208290100097656,62.77983031061408,63.208290100097656,7590600.0
2013-07-15,63.15207571247262,63.78422430969815,63.04671582665957,63.49624633789063,13343200.0
2013-07-16,63.945776849121685,64.38126187636333,63.30659747166185,63.49624633789063,11409200.0
2013-07-17,63.62266299174531,63.8965954186939,63.13098542014704,63.306583404541016,12832200.0
2013-07-18,63.44709068050691,63.88257042836786,63.25744177967999,63.3347053527832,8329300.0
2013-07-19,63.383897067876845,64.8097529712548,63.250446138210805,64.78166198730469,12506300.0
2013-07-22,64.6762961187336,65.01344148355454,64.3461708198426,64.8167724609375,9916200.0
2013-07-23,64.89402155752191,65.22414678265301,64.69735257884663,64.91509246826172,8467700.0
2013-07-24,65.07664208546058,65.08366750832988,64.44448799791175,64.8729476928711,6846300.0
2013-07-25,64.62006826647414,65.14686230125517,64.44447025488046,65.02043151855469,7368000.0
2013-07-26,64.84485005867944,65.2733097450389,64.37424855360509,65.20307159423828,8663700.0
2013-07-29,65.06258197595105,65.59640150263324,65.0485364910398,65.469970703125,7925000.0
2013-07-30,65.65258376576655,66.0037797800404,65.33650413762453,65.44186401367188,8863000.0
2013-07-31,65.4840167722986,66.31985971365711,65.45592044569791,65.67366027832031,11365700.0
2013-08-01,66.13728795106512,66.30586066991,65.81418264826976,65.86334991455078,11098600.0
2013-08-02,65.71581837275112,66.2988052368164,65.6385547951604,66.2988052368164,8503100.0
2013-08-05,66.05998983808252,66.23558789149705,65.6245047364366,65.88439178466797,7192400.0
2013-08-06,65.9405704323905,65.98271760367949,65.67366335541772,65.89140319824219,6415000.0
2013-08-07,65.74391696674209,66.04594586439177,65.65260789864442,65.78606414794922,9056900.0
2013-08-08,66.21449649125002,66.28473998362449,65.11876660318217,65.56127166748047,11090000.0
2013-08-09,65.59641084241073,65.59641084241073,64.46555890769213,64.8729476928711,12135800.0
2013-08-12,64.6762869717824,65.16093403502411,64.4444962169813,64.6200942993164,11012300.0
2013-08-13,64.54281711868758,65.56830906044927,64.45150806428539,65.32949829101562,10099800.0
2013-08-14,65.1749883056467,65.28736829765288,63.57353456805226,63.70698547363281,12716800.0
2013-08-15,63.44005911345256,63.503277193881125,62.57611440644119,62.89921951293945,12010700.0
2013-08-16,62.60423385214305,63.07484084164288,62.3513721547138,62.77281188964844,14100700.0
2013-08-19,62.84304581171295,64.09330336514934,62.75875679865724,63.53138732910156,8687000.0
2013-08-20,63.60161522304874,64.37424556362423,63.02565383911133,63.02565383911133,8559200.0
2013-08-21,62.84302269036734,62.95540264093273,62.28813228260452,62.37242126464844,7940700.0
2013-08-22,62.34432578863019,62.53396930228551,61.89479526257717,61.99312973022461,7191900.0
2013-08-23,62.226673488131645,62.58759395099209,61.71713998743504,62.56636428833008,7714900.0
2013-08-26,62.53097890681034,62.61590295800372,61.84452434080322,61.94359970092773,6724500.0
2013-08-27,61.54727804960024,61.62512372116408,60.83251570124156,60.98112869262695,9941200.0
2013-08-28,61.115599691656456,61.50482810878075,60.775908945875145,61.23590469360352,8829200.0
2013-08-29,61.15097548836163,61.6675817717719,60.85374411247047,61.26420211791992,5768800.0
2013-08-30,61.41281771741553,61.41281771741553,60.75467137007395,61.150978088378906,7471300.0
2013-09-03,61.49068206120735,61.7808351859374,60.88207319396098,61.1580696105957,7590500.0
2013-09-04,61.18638177860658,61.74545300385236,61.03776872873657,61.49776458740234,8458800.0
2013-09-05,61.56854713767542,61.6888521983424,61.29962899044264,61.59685516357422,5647900.0
2013-09-06,61.724210571199706,62.2195873016261,60.86083507028392,61.6817512512207,10034900.0
2013-09-09,61.84452727707402,61.99314032431668,61.57560920099718,61.9648323059082,6819700.0
2013-09-10,62.37529444550225,62.686677268618965,62.17006534837557,62.65129089355469,8658700.0
2013-09-11,62.722063981760215,63.174981548157504,62.375300151063,63.14667892456055,8098100.0
2013-09-12,63.19620732670353,63.38727970351912,62.8989758305868,62.9909782409668,7938500.0
2013-09-13,63.075885896607154,63.16080993771496,62.41773942582593,62.67958450317383,7738600.0
2013-09-16,63.28819789681378,63.3872732523686,62.86358845883568,63.00512313842773,7563700.0
2013-09-17,63.0192942313472,63.139599276382725,62.68668171925816,63.0263671875,6291100.0
2013-09-18,62.920218629230405,63.62790298461914,62.48853074050702,63.62790298461914,10115500.0
2013-09-19,63.72694900633977,63.83309729138789,63.542949646921926,63.7411003112793,6721000.0
2013-09-20,63.8331079747296,64.20110675515491,63.46511459350585,63.46511459350586,14708600.0
2013-09-23,63.28818848817773,63.51464718138006,62.849422407947706,63.04757308959961,7376200.0
2013-09-24,62.9980325882871,63.12541593493935,62.38235091213533,62.431888580322266,7797500.0
2013-09-25,62.57341988215703,62.60880624291053,61.61804753301894,61.625125885009766,7493200.0
2013-09-26,61.76667791881382,62.06390399569926,61.37037648296656,61.61806488037109,6400600.0
2013-09-27,61.43404057347767,61.52604294037167,61.17220097342534,61.3774299621582,5461100.0
2013-09-30,61.09438104118795,61.5331418095157,60.96699766346649,61.34914779663086,7962300.0
2013-10-01,61.27835386787383,61.9152705362754,61.0448222554602,61.90111923217773,6318700.0
2013-10-02,61.66053348000501,61.77376556396485,61.17223496573634,61.77376556396485,6383400.0
2013-10-03,61.70297371082459,61.85158671261021,61.05897863721941,61.27128601074219,7724600.0
2013-10-04,61.44113530903147,61.86574470275719,61.25713592537649,61.787899017333984,6050000.0
2013-10-07,61.356196496757015,61.55435253870333,61.06604888393576,61.278350830078125,5705200.0
2013-10-08,61.29960135104197,61.3845199912455,60.55653085405251,60.5848388671875,8669800.0
2013-10-09,60.81128987388696,61.02359724591889,60.506985520214926,60.83251953125,8014200.0
2013-10-10,61.37037798090335,62.12052154541016,61.35622127259062,62.12052154541016,8647900.0
2013-10-11,62.71497153274876,63.32358033578138,62.29035672192481,63.302345275878906,8449800.0
2013-10-14,62.863571589801474,63.61371490890673,62.72203154898884,63.550025939941406,9198600.0
2013-10-15,63.92511884388251,64.72480009323205,63.642044067382805,63.64204406738281,11024000.0
2013-10-16,63.9887928177258,64.51955587440739,63.8047988455009,64.47709655761719,8116000.0
2013-10-17,64.30725717511946,65.10693827764327,64.23648444458708,65.08570861816406,8569600.0
2013-10-18,64.93003208875311,65.14233953046819,64.4983442500143,64.84510803222656,9082600.0
2013-10-21,64.84509111733631,64.84509111733631,64.23648236899182,64.54078674316406,6940500.0
2013-10-22,64.77434556647792,65.50325955919084,64.75311590054693,65.36172485351562,9635500.0
2013-10-23,65.1564665716037,65.41123324708842,64.76723820650193,65.17769622802734,6449600.0
2013-10-24,65.56695222750888,65.80756230065363,65.20603171858897,65.35464477539062,5251000.0
2013-10-25,65.13525806562461,65.29802241719167,64.95125865153804,65.17063903808594,6076000.0
2013-10-28,65.07863778056105,65.67309531063312,65.05032976491934,65.38294219970703,6551000.0
2013-10-29,65.67310909260071,65.94202719882844,65.51741767349931,65.9137191772461,6096700.0
2013-10-30,66.00569333854592,66.13307669194889,65.56693265398107,65.66600799560547,6295400.0
2013-10-31,65.70846265454455,66.06230467788534,65.33339097367544,65.53861999511719,7773900.0
2013-11-01,65.3758657910092,66.22509008792021,65.3758657910092,66.07647705078125,6835900.0
2013-11-04,66.14016563238576,66.16847364869585,65.4112517598072,65.83586120605469,6862500.0
2013-11-05,65.48908818840628,65.77923586592651,65.30508880802682,65.68016052246094,5350600.0
2013-11-06,65.83585530154194,65.95616031066875,65.61647494381639,65.84293365478516,5301300.0
2013-11-07,65.94911044673778,66.06233714226433,65.59526824951172,65.59526824951172,6116900.0
2013-11-08,65.55277793013198,66.5930744478372,65.50324025782227,66.55769348144531,7229500.0
2013-11-11,66.50106514376573,66.97521211940096,66.47983548802092,66.72752380371094,4723100.0
2013-11-12,66.50816899197498,66.58600929314669,65.8146360429699,66.2109375,7639600.0
2013-11-13,66.06938589211103,66.13307486745487,65.33339380377652,66.05522918701172,8954300.0
2013-11-14,66.09769724959494,66.62138198156181,66.09769724959494,66.46569061279297,7045700.0
2013-11-15,66.26046783753169,66.80538767974923,66.20385720651838,66.79830932617188,7063000.0
2013-11-18,66.77708609717001,66.94692880497429,66.52939769012164,66.73462677001953,8492000.0
2013-11-19,66.71336878080102,67.17336446392628,66.52229647508463,67.13090515136719,6624200.0
2013-11-20,67.18755331756564,67.56262515584825,66.98940256520525,67.33616638183594,7076500.0
2013-11-21,67.55553566569078,67.76076473943773,67.26538794018799,67.37153625488281,6896200.0
2013-11-22,67.26462208503476,68.11264692897007,67.26462208503476,67.87747955322266,6462100.0
2013-11-25,68.04852552659841,68.40483784751646,67.75635225063078,68.1482925415039,6374600.0
2013-11-26,68.11265613036242,68.31931790331069,67.67795471776328,67.7420883178711,7267600.0
2013-11-27,67.94163663207736,67.96301994017736,67.42142364310627,67.68509674072266,4603800.0
2013-11-29,67.86324998421118,68.05565625363697,67.2931480712029,67.4570541381836,4106800.0
2013-12-02,67.27888582025021,67.45704195628068,66.96532928103059,67.18624114990234,5827400.0
2013-12-03,67.12925558267222,67.38580095172871,66.63754815606049,66.9653549194336,9061100.0
2013-12-04,66.81568239508813,67.16486691827454,66.36672542838294,66.72303771972656,6218500.0
2013-12-05,66.57339498937844,66.72304551680324,66.03180415781101,66.25271606445312,8666200.0
2013-12-06,66.70167014098259,67.32878335009275,66.57339747883685,67.30027770996094,7280400.0
2013-12-09,67.20051068794703,67.32878335009275,66.77293152286467,67.30027770996094,6974500.0
2013-12-10,67.40005107988745,67.54970162700278,66.958221771574,67.08649444580078,7576600.0
2013-12-11,67.27177989901591,67.30740787565593,66.29548199923411,66.35249328613281,9424300.0
2013-12-12,66.16004865687465,66.17430418995916,64.89870582353822,64.96284484863281,12285700.0
2013-12-13,65.17664047796924,65.46169138441819,64.90584510713435,65.09825134277344,7909000.0
2013-12-16,65.14815391561889,65.78951728366333,64.96287539354694,65.1125259399414,6623000.0
2013-12-17,65.06267755573255,65.08405544006133,64.49257526810597,64.60659790039062,8794000.0
2013-12-18,64.81321769082157,66.03181077622556,63.9723202832261,66.0175552368164,9691100.0
2013-12-19,65.8465270379781,65.8465270379781,65.14815240081359,65.54722595214844,7341000.0
2013-12-20,65.52585855751082,66.09596066251216,65.52585855751082,65.62562561035156,11265000.0
2013-12-23,65.96053012756924,66.04604703541385,65.39043371928761,65.58283996582031,5312200.0
2013-12-24,65.6897115187259,65.8393619768788,65.45454418296036,65.60419464111328,3147300.0
2013-12-26,65.55434331063441,65.9462890625,65.39756500988818,65.9462890625,3459100.0
2013-12-27,66.1101912679912,66.24559170129166,65.68974530316666,65.8108901977539,3511300.0
2013-12-30,65.67551675731866,65.77528381347656,65.36908781714887,65.77528381347656,4370100.0
2013-12-31,65.6826030210182,65.71823642303289,64.95572837720513,65.26927947998047,6348200.0
2014-01-02,64.94860551046145,65.36905685100824,64.855966269884,64.8702163696289,5919600.0
2014-01-03,65.0554913454379,65.71823234881023,65.03411348031193,65.45455932617188,5637600.0
2014-01-06,65.51157993097148,66.09593188759628,65.46882419462393,65.796630859375,7443500.0
2014-01-07,66.3025938778584,67.42854205820937,66.26696047286346,67.19337463378906,11063300.0
2014-01-08,67.1078684874111,67.41429733407533,66.90120666646125,67.10074615478516,9096700.0
2014-01-09,67.65657035027274,67.97012142660643,67.05083518846718,67.50691986083984,7944700.0
2014-01-10,67.44278435048608,67.68507951523468,67.08647208936267,67.51404571533203,6697400.0
2014-01-13,67.2503859661033,67.69220974182072,67.0294686413503,67.34302520751953,9589200.0
2014-01-14,67.41429996762314,67.62808956644575,67.21476590839953,67.49981689453125,7567300.0
2014-01-15,67.44991370345137,67.89173743801756,67.35014670294329,67.55680847167969,7390700.0
2014-01-16,67.4142739097313,67.76345837840103,67.15060633491454,67.44277954101562,8401100.0
2014-01-17,67.49979857938311,67.82047745370987,67.25750340400126,67.7420883178711,13714400.0
2014-01-21,67.64946576065333,67.77061065976288,66.0033043760024,67.00810241699219,16368400.0
2014-01-22,66.97959997931402,67.37867354384544,66.65892101059161,67.21476745605469,8875500.0
2014-01-23,66.80140764184497,66.84416880159299,65.85362135156248,66.08878326416016,9322300.0
2014-01-24,65.64699539992687,65.99618001292934,64.57093048095703,64.57093048095703,10604200.0
2014-01-27,64.35000538124103,64.67781205411805,64.02932104000232,64.09346008300781,8685200.0
2014-01-28,64.54955895661713,64.5638090611044,63.98658468368958,64.2074966430664,8254400.0
2014-01-29,63.75855194063189,63.92958039770147,63.08868278150582,63.35235595703125,11160100.0
2014-01-30,63.86540886400627,63.97942595542331,63.43070748938617,63.77989196777344,6874900.0
2014-01-31,63.43072404504108,63.66588605649607,62.81786638764785,63.04590606689453,12193800.0
2014-02-03,63.24545896945323,63.266836846243706,61.7204421402401,61.84158706665039,13944600.0
2014-02-04,61.94843561472958,62.19785305247522,61.349828327247685,61.72752380371094,11436400.0
2014-02-05,61.63489053371129,62.4757876482402,61.62776820338424,62.1978645324707,10667300.0
2014-02-06,62.44728099138699,63.2525501303847,62.39027516523927,63.24542236328125,10037900.0
2014-02-07,63.36659220017821,64.16473388671875,63.14568026492222,64.16473388671875,9435100.0
2014-02-10,64.30724008585925,64.90584755567357,63.99368897014131,64.89871978759766,8080200.0
2014-02-11,64.91297821283067,66.25271606445312,64.81321119454748,66.25271606445312,11556300.0
2014-02-12,66.23846906031056,66.26697470304896,65.52584430253683,65.86077880859375,7696100.0
2014-02-13,65.56146509436513,66.00329431641349,65.35480330196644,65.96053314208984,5926000.0
2014-02-14,65.9890353183046,66.23845283505094,65.58283952334797,66.10305786132812,5485100.0
2014-02-18,66.11018324036722,66.16719451450729,65.62559828396542,65.68260955810547,6926500.0
2014-02-19,65.66837178537544,66.09594554790192,65.25504812561184,65.304931640625,7693400.0
2014-02-20,65.34055284341326,66.08168309719025,65.06975200946157,65.83226013183594,8160100.0
2014-02-21,65.93277476930282,66.2126979322356,65.63849348333689,65.68873596191406,7381500.0
2014-02-24,65.63847295230386,66.07630247553622,65.38726063799457,65.39443969726562,8406700.0
2014-02-25,65.73895787802758,65.93993320549275,65.07145321829908,65.39443969726562,6383400.0
2014-02-26,65.39443969726562,65.70307353370782,65.15040096620965,65.39443969726562,6334100.0
2014-02-27,65.43031187784258,65.61692356043811,65.1360307632618,65.57386016845703,7040300.0
2014-02-28,65.61695455908466,66.49261378315254,65.35856313309681,66.119384765625,9643700.0
2014-03-03,65.40878107267912,66.01887505721734,65.19345861579811,65.71741485595703,7506700.0
2014-03-04,66.37057681373479,67.08115027967347,66.21267038218903,66.9950180053711,8796300.0
2014-03-05,66.94477511858568,66.9663122940361,66.30597581398506,66.45670318603516,6842500.0
2014-03-06,66.88735552281014,67.21752100727437,66.62178513321165,66.67202758789062,7718300.0
2014-03-07,67.01656456530829,67.095517792137,66.52849256128438,66.98067474365234,6792000.0
2014-03-10,66.87301998160476,67.10270063424664,66.60027591784835,67.07398986816406,4878200.0
2014-03-11,67.2605904573465,67.28930121632088,66.81558190726965,67.1026840209961,5837200.0
2014-03-12,66.62179448682778,67.19599874321949,66.49977786205028,67.181640625,6154900.0
2014-03-13,67.36107273715466,67.61228502331858,66.73663155097823,66.75098419189453,7659400.0
2014-03-14,66.66485122135593,67.06679635103295,66.36339648111098,66.61460876464844,7337800.0
2014-03-17,66.9376174486261,67.59794860963488,66.88019591914227,67.41851043701172,5872600.0
2014-03-18,67.39697893243851,67.64101221944124,67.09552411578159,67.42568969726562,5891900.0
2014-03-19,67.38980463695378,67.72714930250083,66.69358359972159,67.17447662353516,5937600.0
2014-03-20,67.12422986491629,67.60512833404519,66.72229010661728,67.55488586425781,5727400.0
2014-03-21,68.02141583796725,68.85401153564453,67.38261642124023,68.85401153564453,23988800.0
2014-03-24,68.40184252544708,68.49514841602725,67.8563488761635,68.33006286621094,13944100.0
2014-03-25,68.6889278069579,70.12443313605644,68.6889278069579,69.8947525024414,14167300.0
2014-03-26,69.9880635161981,70.67710541372257,69.65789794921875,69.65789794921875,11215100.0
2014-03-27,69.67941159529249,70.12441462519314,69.09085478476518,69.82295989990234,8694600.0
2014-03-28,69.98803999673835,70.49764355773813,69.5932739753924,69.93779754638672,8816000.0
2014-03-31,70.3397515363447,70.77040198115964,70.05982847341413,70.50483703613281,7545700.0
2014-04-01,70.56224919554533,70.82781960197116,69.88756554368014,70.29668426513672,7068500.0
2014-04-02,70.34693059529658,70.61967459927529,69.88756939069165,70.50483703613281,7995600.0
2014-04-03,70.31822589748612,70.58379086540673,70.00241298858813,70.52637481689453,5471200.0
2014-04-04,70.78475098505632,71.33023892277855,70.56942305236501,70.64119720458984,10309700.0
2014-04-07,70.61967186270365,71.31589270158379,70.21773219325422,70.26079559326172,11409200.0
2014-04-08,70.36126554578667,70.86369550175608,69.98085765724831,70.38279724121094,9601800.0
2014-04-09,70.64120609164284,71.05750389334298,70.18184488839354,71.02161407470703,8921300.0
2014-04-10,70.95700985770445,71.00725231173047,69.27746622480329,69.29182434082031,9667800.0
2014-04-11,69.04780334076578,69.76555599701499,68.94014482314294,69.52870178222656,8710700.0
2014-04-14,69.82297333107991,69.8803948543762,69.08368901569814,69.72248840332031,8617200.0
2014-04-15,70.66274297119527,71.20823649353886,70.37564630513664,71.20105743408203,13999100.0
2014-04-16,71.46663929651008,71.56712424089496,70.39001019865604,70.87808227539062,11308000.0
2014-04-17,70.83500255142297,71.52404435824994,70.83500255142297,71.02879333496094,9153500.0
2014-04-21,71.06468737541756,71.86856679312943,70.82064864074229,71.77526092529297,7031400.0
2014-04-22,71.77526140271955,72.31357586323995,71.58864418978747,71.90445709228516,7937900.0
2014-04-23,71.94751914646956,72.17719975960684,71.71783853333228,71.93316650390625,5876000.0
2014-04-24,71.9474984195851,72.04080973542733,71.45225299156542,71.74652862548828,6149900.0
2014-04-25,71.75370736810524,71.9618562185118,71.34458872448302,71.62451171875,5895900.0
2014-04-28,72.17718399927172,72.85187304879771,71.86137664767756,72.73703002929688,8792900.0
2014-04-29,72.94519207488158,73.19640985642559,72.46429916487128,72.51454162597656,7811200.0
2014-04-30,72.37818746884454,72.97392358853129,72.27770251805632,72.70117950439453,8513600.0
2014-05-01,72.32791396668048,72.51453114209868,71.72500452058337,72.15565490722656,6590500.0
2014-05-02,71.89728175619715,72.0480091558264,70.97138017903035,71.28001403808594,8744200.0
2014-05-05,71.26565722984553,71.8972775546217,71.0862190775323,71.77526092529297,5438200.0
2014-05-06,71.7896263079264,71.7896263079264,71.42357635498047,71.42357635498047,5795900.0
2014-05-07,71.66762215153237,72.52892887125623,71.30874572065237,72.4284439086914,8720800.0
2014-05-08,72.25614900638776,72.55760376778343,72.03364746478869,72.1341323852539,5667900.0
2014-05-09,72.3925540751955,72.67247725320033,72.0695674778114,72.4284439086914,5691700.0
2014-05-12,72.66528135202867,72.66528135202867,72.07672436081697,72.14849853515625,7437300.0
2014-05-13,72.42122794145915,72.84469928561016,72.22743170097004,72.50735473632812,6183200.0
2014-05-14,72.45709711719985,72.56476106427168,72.32790147591683,72.3996810913086,4187200.0
2014-05-15,72.23462561930457,72.37817395762822,72.06954557783418,72.27051544189453,7007600.0
2014-05-16,72.18437977850465,72.41406039469526,71.87574593712183,72.19155883789062,6516900.0
2014-05-19,71.93318716423671,72.44279099987564,71.86858656410313,72.2346420288086,6997200.0
2014-05-20,72.3566363505982,72.4786584518369,71.74654774847522,71.95469665527344,5438400.0
2014-05-21,72.20589598777904,72.63654636623167,72.15565353489319,72.5934829711914,5302500.0
2014-05-22,72.69467737225071,73.00546214939983,72.33329998087643,72.96932220458984,5124900.0
2014-05-23,73.02715106329522,73.11388363082541,72.75972978238026,72.9837875366211,5275700.0
2014-05-27,73.0705004074525,73.25841817686998,72.47061267204573,72.86090087890625,4524400.0
2014-05-28,72.75971766310873,72.94763543769919,72.36220586838319,72.49230194091797,4352700.0
2014-05-29,72.6802214262918,72.85368654970259,72.38389482361607,72.82477569580078,3685200.0
2014-05-30,72.78142366997585,73.38854071545963,72.6730148352313,73.33071899414062,5973900.0
2014-06-02,73.38852327127884,73.90890761109068,73.00546410841221,73.84385681152344,5845400.0
2014-06-03,73.65596249665332,74.15465968211241,73.60536435454898,74.05347442626953,6681300.0
2014-06-04,73.88723351924749,74.23415277234672,73.67763394316657,74.21247100830078,5608600.0
2014-06-05,74.28472360952121,74.70392263875483,74.0245314889059,74.60273742675781,4730900.0
2014-06-06,74.62444516267328,74.68226687942344,74.32811299996553,74.5738525390625,4624000.0
2014-06-09,74.49432312413802,74.6099665173806,74.21244924583485,74.60273742675781,3748800.0
2014-06-10,74.78347393295361,75.25326586871729,74.27754203513733,75.23880767822266,5792100.0
2014-06-11,75.0291512523039,75.274890677097,74.53767791689756,74.67500305175781,5960500.0
2014-06-12,74.57384141129157,74.59552317329195,74.08959701267746,74.10404968261719,5930700.0
2014-06-13,74.08959701267746,74.19078224480036,73.84385751024928,74.10404968261719,4301600.0
2014-06-16,74.09681148191247,74.36423271346723,73.60533805165402,74.04621887207031,5645500.0
2014-06-17,73.81496658078574,73.86555921050348,73.2729003277316,73.67041778564453,4834600.0
2014-06-18,73.65593689999146,74.32086992565023,73.61979695795699,74.30641174316406,5445000.0
2014-06-19,74.39316768861073,75.0725591103916,74.30643510896337,75.02919006347656,5481500.0
2014-06-20,75.43392144516426,76.23617972476448,75.21709279666305,76.08439636230469,12459700.0
2014-06-23,75.82420817228048,75.97598601749272,75.48451253644198,75.70856475830078,6063200.0
2014-06-24,75.62182924836343,76.05548651969201,75.56401305781004,75.5929183959961,5915000.0
2014-06-25,75.33272380365682,76.51804105473157,75.33272380365682,76.43853759765625,6411100.0
2014-06-26,76.49637424368827,76.59033590764547,75.91094455243194,76.35905456542969,5106900.0
2014-06-27,76.22895141066951,76.31567845960983,75.4917384095869,75.88202667236328,6463000.0
2014-06-30,76.33737126317828,76.61201612834417,75.5423364957838,75.61461639404297,6877800.0
2014-07-01,75.9976743969944,76.61201492325962,75.8820309729444,76.51805877685547,5129200.0
2014-07-02,76.39518269219103,76.5903295826155,76.10608517393236,76.51082611083984,3764900.0
2014-07-03,76.51805302866498,76.79269786887892,75.96875783405558,76.19281005859375,4199100.0
2014-07-07,76.19280361805365,77.14683965742496,76.08438930386077,76.95169830322266,7014900.0
2014-07-08,76.76376276082226,76.79267360552826,76.26506033945823,76.40961456298828,6268400.0
2014-07-09,76.61199643856068,76.76377426036936,76.40962600948244,76.64090728759766,5720900.0
2014-07-10,75.94706871258865,76.61200174394396,75.54232231222284,76.46745300292969,4955100.0
2014-07-11,76.49639267982111,76.61926523044114,75.78809581103582,75.96155548095703,5461000.0
2014-07-14,76.16390228271484,76.24340575544419,75.96876090413122,76.16390228271484,7784800.0
2014-07-15,76.05549339492194,76.22895301062493,74.2775116557846,74.6461181640625,14219700.0
2014-07-16,74.82679655887604,74.92798178027184,73.6848427583451,73.87998962402344,11946800.0
2014-07-17,73.64871402925895,73.79326278124374,72.46339661760317,72.54290008544922,11218900.0
2014-07-18,72.75973001699398,73.69208444276767,72.54290686874225,73.57644653320312,8408400.0
2014-07-21,73.3162624223931,73.4174476722295,73.0127011587013,73.19338989257812,6379900.0
2014-07-22,73.65595087399133,74.1112844534342,73.56198921254772,74.0606918334961,6554100.0
2014-07-23,74.29920305666498,74.39315920493131,73.63426438356255,73.85832214355469,4815300.0
2014-07-24,73.96673242313142,74.24861190185887,73.73545108006395,73.86554718017578,5177200.0
2014-07-25,73.9161368722621,74.0100985328415,73.57644672104895,73.80049896240234,3951500.0
2014-07-28,73.64149201143594,74.0100985328415,73.47526148210342,73.80049896240234,4634800.0
2014-07-29,74.04625660365457,74.08962565860512,73.49696670666246,73.69210815429688,6053900.0
2014-07-30,73.91614078517249,74.33533994824201,73.58367419472565,73.93782806396484,5994800.0
2014-07-31,73.55475876585119,73.60535138485791,72.3116250539456,72.34053039550781,9141500.0
2014-08-01,72.10201606914632,72.5718077638166,71.40817216444701,72.20320129394531,8610700.0
2014-08-04,72.26824840811699,72.55012232923185,71.7840040322716,72.39112091064453,6790800.0
2014-08-05,72.15259957402334,72.44892611947884,71.95022914996974,72.14537048339844,6230900.0
2014-08-06,72.03697715073405,72.87537545350612,71.98638452999312,72.78864288330078,7412100.0
2014-08-07,73.06328441288301,73.13556430850952,71.97192857045043,72.22489166259766,7417800.0
2014-08-08,72.42723183812977,73.10662287070276,72.10921807578845,73.0560302734375,5618400.0
2014-08-11,73.44634288055907,73.56198077822384,73.00546202271302,73.11387634277344,5703000.0
2014-08-12,72.99821801357491,73.15722491527926,72.49951555171677,72.73079681396484,4577700.0
2014-08-13,73.10666590102392,73.68486656521371,73.10666590102392,73.53308868408203,4563700.0
2014-08-14,73.64147935558948,73.75712275975701,73.3596054506574,73.73543548583984,5239400.0
2014-08-15,73.8727747366714,74.03901078331681,72.85369323547444,73.12110900878906,6986000.0
2014-08-18,73.6631428935528,74.24134874299982,73.5402759426537,74.22689056396484,5979500.0
2014-08-19,74.24861016620757,74.41484069824219,73.73544935640841,74.41484069824219,5670000.0
2014-08-20,74.34979364593548,74.66057845301152,74.2269211302584,74.59552764892578,5183000.0
2014-08-21,74.68224823459346,75.47004825045178,74.68224823459346,75.30381774902344,8357600.0
2014-08-22,75.4057079166387,75.69676648101245,74.92546600418035,75.02005767822266,5076300.0
2014-08-25,75.42024821309563,75.53666828374514,75.01276408712432,75.11463928222656,3678200.0
2014-08-26,75.2892463165003,75.47115712501548,75.07095112569115,75.26741790771484,3512400.0
2014-08-27,75.38386336351248,75.4711825795822,74.88179313767925,75.10736083984375,4786100.0
2014-08-28,74.87450983137205,75.08552709161279,74.736255803616,74.910888671875,3482200.0
2014-08-29,75.0200508472545,75.50029826746419,74.95456559076038,75.47846984863281,5287800.0
2014-09-02,75.16557930943753,75.4639102717139,74.96183445660243,75.20923614501953,4644800.0
2014-09-03,75.5439391160203,75.74767838396424,75.34019984807637,75.50028228759766,4725800.0
2014-09-04,75.66765747849804,75.74769871974713,75.50030255696277,75.55850982666016,6147700.0
2014-09-05,75.61671564311376,75.98053741455078,75.1946810558917,75.98053741455078,5744400.0
2014-09-08,75.98053589285657,76.09696152209494,75.55122887586904,75.71131134033203,4900300.0
2014-09-09,75.9659887118687,75.9659887118687,75.34749279667292,75.52940368652344,5999400.0
2014-09-10,75.81315997090721,76.64994535527042,75.64579956314775,76.39527130126953,7402200.0
2014-09-11,76.24248153642645,76.32252276186482,75.74768375711619,76.07512664794922,4834100.0
2014-09-12,76.0678555676148,76.26431687877464,75.64582098633264,76.09696197509766,5929200.0
2014-09-15,76.10424006106416,76.33709133820699,75.92960715468703,76.19883728027344,4525500.0
2014-09-16,76.031468426317,77.08655484144295,75.89321993511246,77.04289245605469,6081400.0
2014-09-17,77.04291270169111,77.58864547487933,76.9847054250098,77.26848602294922,6627800.0
2014-09-18,77.26120704517575,78.1562112244296,77.15205938163541,78.112548828125,6628700.0
2014-09-19,78.50543807157274,78.85470931103029,78.308976816019,78.57820129394531,13033400.0
2014-09-22,78.58550342866612,78.76741431623246,78.42542095937095,78.49818420410156,5788300.0
2014-09-23,78.41814126657376,78.65826496530211,77.99611223570892,78.19257354736328,8108100.0
2014-09-24,78.36720653759356,79.14578489836872,78.1052544207459,79.05119323730469,5890900.0
2014-09-25,78.97113325796333,78.98568923404376,77.90877461470139,77.93060302734375,5688200.0
2014-09-26,78.15617624476418,78.21438349465106,77.27572289068137,77.93060302734375,4467500.0
2014-09-29,77.40672956357874,77.60319645809845,77.1593333870493,77.52315521240234,6581600.0
2014-09-30,77.49403928032454,78.01066554268246,77.45765488166674,77.55952453613281,6822500.0
2014-10-01,77.1156913008834,77.33398110697757,75.63856974405323,75.89324951171875,12263700.0
2014-10-02,75.71860040675989,76.06787181969734,75.12921079587626,75.5657958984375,7566100.0
2014-10-03,75.84227956914768,76.54081661803724,75.76951078264501,76.49715423583984,6856100.0
2014-10-06,76.89737245953228,77.13021817914598,75.94416116228243,76.30070495605469,5015100.0
2014-10-07,76.0096475843819,76.0096475843819,74.4670411986082,74.50342559814453,8407800.0
2014-10-08,74.53252359457869,76.42439557584342,74.24874307496295,76.33708190917969,8337000.0
2014-10-09,76.13335046110224,76.30071093745055,74.06684523146733,74.27786254882812,10675900.0
2014-10-10,74.47434319930076,74.60531930778629,73.65938568115234,73.65938568115234,9984100.0
2014-10-13,73.82668308041875,73.82668308041875,72.05123178352716,72.1240005493164,10334600.0
2014-10-14,73.15000999157368,73.41924012126665,69.37353794288065,70.58870697021484,20807400.0
2014-10-15,69.89017611811907,71.83298336781888,69.19891130672421,71.46188354492188,21905900.0
2014-10-16,70.55959499151406,71.30906694979042,70.21760163933443,70.42134094238281,14575300.0
2014-10-17,70.9743642687547,72.14587102208115,70.80700378193065,71.81842803955078,12272900.0
2014-10-20,71.91303396832217,72.18225860595703,71.541934097158,72.18225860595703,7988900.0
2014-10-21,72.64065596420187,73.04085658049945,72.28410663237138,73.02630615234375,7287300.0
2014-10-22,73.5647346407061,74.06681028135495,73.14270020513109,73.65205383300781,9360100.0
2014-10-23,74.40883025164331,74.93273449076999,74.17598453997363,74.67805480957031,7570400.0
2014-10-24,74.91090930084442,75.1583110211964,74.3724545704035,75.04188537597656,5973100.0
2014-10-27,74.9982170786688,75.84955866124389,74.97638866139448,75.72586059570312,7043900.0
2014-10-28,76.07514582597798,76.25705673847293,75.35477461543206,76.2497787475586,10347800.0
2014-10-29,76.40255717709505,76.8100357055664,76.30068754497721,76.8100357055664,8188300.0
2014-10-30,76.52626001631586,77.8942332501172,76.33707671709227,77.88695526123047,9068300.0
2014-10-31,78.54182538158496,78.71645823207403,78.04702767896741,78.42539978027344,10800100.0
2014-11-03,78.46180365364775,78.67282094481997,77.67594730407113,78.19257354736328,7082600.0
2014-11-04,78.50546175058908,79.11668521612907,78.10525557961172,79.0366439819336,9349000.0
2014-11-05,79.34951985874639,79.50232431594364,78.54910762845762,79.18215942382812,6966800.0
2014-11-06,79.26220649929896,79.54598701954417,78.98570396845162,79.32041931152344,6200300.0
2014-11-07,79.31314272538621,79.33497114248676,78.52728640088971,78.73102569580078,6652600.0
2014-11-10,78.636426840347,79.25492265799649,78.0033750449765,79.18215942382812,7573300.0
2014-11-11,79.2258314345083,79.6042092070511,78.9857132708915,79.24766540527344,6221100.0
2014-11-12,79.07298990594352,79.31311350855334,78.86925068608453,79.1312026977539,4895900.0
2014-11-13,79.34952427997843,79.66968363845379,78.94931814253516,79.36407470703125,4860000.0
2014-11-14,79.25493995601357,79.35680961637894,78.59278716363877,78.70193481445312,5650700.0
2014-11-17,78.5855071941032,79.0875830443169,78.30172664002068,78.80380249023438,5233000.0
2014-11-18,78.68009928180058,79.35680804164494,78.3817682970735,79.189453125,5407200.0
2014-11-19,78.91296881962641,79.17492103483282,78.65829459692067,79.13854217529297,5217800.0
2014-11-20,78.98571419762006,79.00026462682088,78.35994026386328,78.71648406982422,8090700.0
2014-11-21,79.63195631776986,79.63195631776986,78.81901124844943,78.99478149414062,8417400.0
2014-11-24,79.03874014576408,79.26578258380125,78.10129117782245,78.27706146240234,9098000.0
2014-11-25,78.3503126567373,78.5041123707938,78.1452407836914,78.1452407836914,7367900.0
2014-11-26,78.19647246509875,78.54801850297203,78.07196878845737,78.51872253417969,5503700.0
2014-11-28,78.81167121463848,79.69785325603418,78.60660503482914,79.2803955078125,5881200.0
2014-12-01,79.01674485451662,79.69053539111337,78.62125764713117,79.11927795410156,5638800.0
2014-12-02,79.0753303905567,79.48546275568643,78.73110976083666,79.47081756591797,6184400.0
2014-12-03,79.49278047282041,79.82235029333198,78.8409606321579,78.89222717285156,8957400.0
2014-12-04,79.16323207205495,79.31703733424212,78.6432410997234,78.77507019042969,6697600.0
2014-12-05,78.75308033930655,79.63926239261008,78.5260435782718,79.47081756591797,6449700.0
2014-12-08,79.40492752357879,79.74182288034264,79.19986127056046,79.47816467285156,6499300.0
2014-12-09,79.25843770915023,79.44153334030696,78.28436761036393,79.1339340209961,7214300.0
2014-12-10,78.8116851780743,79.06801794825165,77.74240734559497,77.80831909179688,9416400.0
2014-12-11,77.52269150538038,78.59196935380078,77.16382562178201,78.15986633300781,7114600.0
2014-12-12,78.10860198680905,78.26972704577442,76.45341581875888,76.48271179199219,8325500.0
2014-12-15,76.73172453225827,76.94411616227957,75.89680879362886,76.13849639892578,12110600.0
2014-12-16,75.78695227999728,77.05397102172809,75.06921488884181,75.25963592529297,10209200.0
2014-12-17,75.63314687443093,76.52665451955411,75.21568902570043,76.21905517578125,10207600.0
2014-12-18,77.35426788963326,78.23312495256846,76.70976749501965,78.22579956054688,11756800.0
2014-12-19,78.09394740386838,78.65055969292766,77.26635715395763,77.302978515625,19154400.0
2014-12-22,77.4055013079001,78.24041683640866,77.39085053013143,78.17449951171875,8124500.0
2014-12-23,78.11592248943074,78.29901811995616,76.10919035577477,76.37284851074219,10171700.0
2014-12-24,76.44606153440267,77.14182806353622,76.44606153440267,76.59986114501953,3415100.0
2014-12-26,76.95142481540408,77.40550395195615,76.673121492273,76.94409942626953,2951000.0
2014-12-29,76.6365000186626,77.40550383522411,76.6145294389268,77.141845703125,4273400.0
2014-12-30,77.2077747875073,77.48608376037716,76.94411659617586,77.16383361816406,4371700.0
2014-12-31,77.34690633900897,77.71309754198215,76.5632573881517,76.5852279663086,6202100.0
2015-01-02,76.93678191073168,77.30297315145361,76.26298578120081,76.54861450195312,5753600.0
2015-01-05,76.51933810215131,76.70243375596925,75.93342977487956,76.01399230957031,8079300.0
2015-01-06,76.41676533262978,76.89281493788458,75.39143459839906,75.64044189453125,7428000.0
2015-01-07,76.10186844707137,77.50804150954981,76.02862572678048,77.31029510498047,7931700.0
2015-01-08,77.67647956873996,77.9914042405144,77.44944280105416,77.91816711425781,9916000.0
2015-01-09,77.99873901247982,77.99873901247982,76.71706959208696,76.8562240600586,7364800.0
2015-01-12,77.02467046077544,77.50072022973518,76.38750122648293,76.59256744384766,6839000.0
2015-01-13,77.22240074026112,77.8742206182454,76.3435385225188,76.72438049316406,10151100.0
2015-01-14,76.06526015306791,76.4827180273138,75.80892735092326,76.16779327392578,8887700.0
2015-01-15,75.41343574815467,76.11652235995331,74.66640238161906,75.0618896484375,10834800.0
2015-01-16,74.74695510213819,76.62185807514624,74.70301394080442,76.19707489013672,14092300.0
2015-01-20,74.37344255340209,74.73963379081394,73.42866849036331,74.18302154541016,20460000.0
2015-01-21,73.64837304088525,74.77624261789053,73.53119476136531,74.62976837158203,11702900.0
2015-01-22,74.98863090022665,76.04326330786152,74.38807757646437,75.99199676513672,9036600.0
2015-01-23,75.39146973286525,75.41344031774715,74.65908710274263,74.84950256347656,10126000.0
2015-01-26,74.55655254313612,75.0325967734228,74.1244438941296,74.89344787597656,8962800.0
2015-01-27,74.57852831631286,75.26696422365096,73.9193827985327,74.7689437866211,10160500.0
2015-01-28,75.05455652805698,75.3841263981092,74.29287810351781,74.32217407226562,9053200.0
2015-01-29,74.34413130791688,75.03989228098291,73.72892724990486,74.9813003540039,7569300.0
2015-01-30,74.39541474008995,74.70301404512573,73.30416080594142,73.34078216552734,10676300.0
2015-02-02,73.59711741027978,73.86077556284273,72.78417237114988,73.84613037109375,8990700.0
2015-02-03,74.2635932607846,75.11315413121193,74.05852703646198,75.0399169921875,10005200.0
2015-02-04,74.7909110310196,75.03259303565451,73.98528572345106,74.23429870605469,9514100.0
2015-02-05,74.38809695588968,75.11315413121193,74.30753442667215,75.0399169921875,6642200.0
2015-02-06,74.78358460757255,75.03259199910057,73.84613581277317,74.04387664794922,9215700.0
2015-02-09,74.01456653564026,74.01456653564026,72.57909764436717,73.07711791992188,9851700.0
2015-02-10,73.37740483485926,73.75091588865469,72.820792567501,73.49458312988281,12275500.0
2015-02-11,73.57516300006617,73.81685062430905,73.20164627056683,73.51657104492188,8177000.0
2015-02-12,73.6044709304885,73.6337669128181,71.15098968366634,72.09576416015625,25835200.0
2015-02-13,72.0957416558715,72.9965690838601,72.01517912652156,72.95995330810547,11153600.0
2015-02-17,72.79150477765066,73.58980470198449,72.5937639379846,73.56050872802734,8627100.0
2015-02-18,73.75089996986134,73.92667575590886,72.78415549713544,73.20893859863281,7878200.0
2015-02-19,73.20164379739508,73.85346391035296,72.95263637789934,73.75093078613281,10028200.0
2015-02-20,73.88367826736707,74.02380682803896,73.09454358022643,73.94268035888672,10085700.0
2015-02-23,74.29669333242606,74.31881771353615,73.60343834172666,73.8836898803711,6878200.0
2015-02-24,73.93530447497717,74.52531414293354,73.75092715708446,74.26718139648438,6587200.0
2015-02-25,74.44417791602396,74.70230500189294,73.86892165987354,74.64330291748047,9684000.0
2015-02-26,74.76868866343668,76.09620761605312,74.65069010473147,75.81595611572266,11437900.0
2015-02-27,75.99297567236515,76.20685409164719,75.57997217402779,75.60209655761719,8500000.0
2015-03-02,75.60207103801426,76.26583045539671,75.60207103801426,76.12570190429688,7277600.0
2015-03-03,76.03720847829432,76.03720847829432,75.08582079640445,75.47669982910156,6419700.0
2015-03-04,75.31444181004302,75.31444181004302,74.6138046913852,74.96781158447266,8665500.0
2015-03-05,75.27757435818029,76.11833451375117,75.2259489320224,75.60945129394531,8042300.0
2015-03-06,75.29231157473245,75.54306762880019,73.66241691691248,73.83204650878906,9287600.0
2015-03-09,73.89838137276828,74.42938862243778,73.57388131877251,74.23764038085938,5701100.0
2015-03-10,73.7435581292564,74.0754407118983,73.38955679320479,73.40430450439453,8735700.0
2015-03-11,73.6255345385574,73.6255345385574,72.4381444416891,72.51189422607422,9138100.0
2015-03-12,72.98392181020417,73.92793284182935,72.88804762399991,73.62555694580078,8318000.0
2015-03-13,73.64028695754521,73.78779216250331,72.74790156785463,73.16828155517578,7821800.0
2015-03-16,73.55915726449227,74.54004573399315,73.55915726449227,74.53266906738281,7726500.0
2015-03-17,73.83202980417623,74.13440558204499,73.31577573135282,73.6697769165039,7301500.0
2015-03-18,73.66980830290969,75.03419947101395,73.1092996230818,74.82769775390625,7972500.0
2015-03-19,74.51793233432291,75.19643946694342,74.42205816126202,74.997314453125,6863100.0
2015-03-20,75.1300637149458,75.88969728546209,75.04893725336167,75.52094268798828,12433800.0
2015-03-23,75.57258386660891,76.22159006787827,75.39558319839905,75.94871520996094,9016000.0
2015-03-24,75.83806132766749,76.13306608999945,75.17430201910754,75.19642639160156,8390700.0
2015-03-25,75.11530356685745,75.59468562544157,74.00166320800781,74.00166320800781,8444100.0
2015-03-26,73.71402035787762,74.34827853131277,73.42639230559271,73.8541488647461,9972400.0
2015-03-27,73.95741446088402,74.45154422626004,73.86154029986643,74.00166320800781,5847400.0
2015-03-30,74.66542655937259,75.12268426895713,74.31142530987033,74.89405822753906,6061200.0
2015-03-31,74.4663084825861,74.84981080965701,74.18605137169877,74.19342803955078,8028000.0
2015-04-01,74.09018168309092,74.09018168309092,72.72579063879259,73.1240463256836,11368100.0
2015-04-02,73.33792062974315,73.7435473357136,72.93228829702375,73.48542022705078,6097100.0
2015-04-06,72.89540797077196,73.4264155048393,72.30540397594618,73.13141632080078,9697600.0
2015-04-07,73.41904220532855,74.39255411225369,73.33053907679042,73.82466888427734,7900300.0
2015-04-08,73.63293385727333,74.08281502957327,73.45593318142171,73.86894226074219,7354100.0
2015-04-09,74.17133322260759,74.96784486559515,73.99433251086074,74.73184204101562,8073900.0
2015-04-10,74.73179366164011,75.32917419377694,74.43678891520615,75.27017211914062,6786500.0
2015-04-13,74.88667232747628,75.21117812180152,74.15653991699219,74.15653991699219,10753500.0
2015-04-14,74.52531457430504,74.82769045148973,73.89105614694293,74.13442993164062,9322200.0
2015-04-15,74.14917928593654,74.66543350059911,73.99430302153777,74.19342803955078,8237100.0
2015-04-16,73.95003239359895,73.98691009800768,73.58127785650227,73.59603118896484,7324800.0
2015-04-17,73.2862934772295,73.64029475310704,73.09453950385902,73.44116973876953,11084200.0
2015-04-20,73.94264704541705,74.39989898181523,73.78777084501637,73.90576934814453,6668500.0
2015-04-21,74.2376793623929,74.48105312399666,73.86892475946446,73.97217559814453,6532700.0
2015-04-22,74.2155461539247,74.34092698983342,73.72141635776477,74.06804656982422,4763900.0
2015-04-23,74.11965759161596,74.35566025639001,73.68452996430491,74.09015655517578,7351500.0
2015-04-24,73.83204711519333,74.8793088380368,73.75092065233586,74.54743194580078,6566900.0
2015-04-27,74.60643712787106,74.93093736601446,74.09755395369878,74.17868041992188,9113900.0
2015-04-28,74.08282111078807,74.45157583135298,73.24206079804014,74.29669952392578,7484600.0
2015-04-29,74.12704682549793,74.2007966157288,73.67716579031672,74.03854370117188,8926200.0
2015-04-30,73.80254659995587,73.86154868731974,72.84378237391378,73.1609115600586,10170600.0
2015-05-01,73.47065330681957,74.03853279738793,73.47065330681957,73.8467788696289,6255000.0
2015-05-04,73.99430075341101,74.1565536806883,73.86892553751449,74.00904846191406,5532400.0
2015-05-05,73.84679276298033,73.96479693357072,73.22728774762635,73.38216400146484,8828000.0
2015-05-06,73.47067649735358,73.65505381734887,72.76266826378158,73.1387939453125,8030800.0
2015-05-07,72.96915276059528,73.75091061252874,72.94702838769119,73.50016021728516,6401600.0
2015-05-08,74.10492002537642,74.98255206586794,74.07541898490007,74.83505249023438,7508600.0
2015-05-11,74.72443744104665,74.97519351348676,74.4958113727108,74.51055908203125,5698900.0
2015-05-12,74.39991762083216,74.52529844692174,73.95741327643675,74.09754180908203,6903100.0
2015-05-13,74.25241407133932,74.58429090517362,74.09753784043347,74.15653991699219,5826800.0
2015-05-14,74.46629712337358,75.13005646008087,74.45154378992004,75.10055541992188,5454000.0
2015-05-15,75.21119423041537,75.46194466937368,74.98256254146928,75.44719696044922,6023500.0
2015-05-18,75.49881969593316,76.95170811013531,75.46194198481055,76.27320098876953,10479600.0
2015-05-19,76.45019839304922,76.78945191442845,76.15519361849177,76.67144775390625,7724100.0
2015-05-20,77.01070977617606,77.05496415463098,76.19207410911869,76.40595245361328,7146500.0
2015-05-21,76.45051320093236,76.74023871279387,76.02706211829619,76.08649444580078,6875600.0
2015-05-22,75.9750886241835,76.07909807005178,75.27677835242204,75.29163360595703,6216600.0
2015-05-26,75.20249764107632,75.44022139388814,74.71961967411382,74.89791107177734,7918900.0
2015-05-27,75.03903861975708,75.33619463711769,74.88303298589317,75.12818145751953,9297900.0
2015-05-28,75.03906261708055,75.55165110147814,74.89048172699461,75.14306640625,5700100.0
2015-05-29,75.44018127294346,75.49218313909701,74.16241465570965,74.39270782470703,9957800.0
2015-06-01,74.49672700876948,74.73445068446154,74.08071199325326,74.31843566894531,7298100.0
2015-06-02,74.22930290963707,74.4670266357518,73.6201355072318,74.27388000488281,8312400.0
2015-06-03,74.52642681389472,74.60814484082641,74.16983854475838,74.35556030273438,5375200.0
2015-06-04,74.24413922889842,74.63786848845426,73.59039494787395,73.71669006347656,8057900.0
2015-06-05,73.53840510921435,73.58298219698244,72.95152351898892,73.24124908447266,7557300.0
2015-06-08,73.24864815752066,73.53094881056356,72.77320098876953,72.77320098876953,7054600.0
2015-06-09,73.12981276613158,73.2041003474807,72.65436544416217,72.95894622802734,7844300.0
2015-06-10,73.1595603623741,73.95444972663915,72.95154711034095,73.45671081542969,10025100.0
2015-06-11,73.69441255316406,74.14014943509126,73.4195478994595,73.72412872314453,6175200.0
2015-06-12,73.45669475830198,73.7167098495605,72.8921044866866,73.0629653930664,8717200.0
2015-06-15,72.61720157731025,72.70635005442921,72.06746680452119,72.4240493774414,6833500.0
2015-06-16,72.43150531924549,73.16696209397024,72.1343492920721,73.07038879394531,6049500.0
2015-06-17,73.08526835567103,73.63500917252887,72.91440740896303,73.34528350830078,6155800.0
2015-06-18,73.44182165587145,74.69730271123723,73.3303874535278,74.55615234375,8815800.0
2015-06-19,74.19957052097797,74.43729419514426,74.12528293550966,74.1847152709961,11653600.0
2015-06-22,74.7344342759833,74.91272557666234,74.28127273309963,74.35556030273438,5055900.0
2015-06-23,74.36302126741084,74.5561735619244,73.90243474605316,74.12529754638672,6046600.0
2015-06-24,73.92471267003901,74.14757544689004,73.59784046265486,73.7909927368164,7254700.0
2015-06-25,73.91725135983255,74.27383958885791,73.62752590340214,73.63495635986328,6581100.0
2015-06-26,73.86528036653341,74.38529918056267,73.73156043324302,74.02128601074219,9041100.0
2015-06-29,73.53094842080085,73.80581294853535,72.52062177561578,72.56519317626953,11150900.0
2015-06-30,73.12239601004987,73.13725126199175,72.28293541471801,72.40179443359375,8967900.0
2015-07-01,73.02583300101259,73.30812816995915,72.53552460108426,73.1521224975586,6726700.0
2015-07-02,73.43437961522868,73.56066904633568,73.04065040779037,73.12979888916016,6091900.0
2015-07-06,72.58749449322555,73.17437595513108,71.79260555981496,72.95150756835938,6817800.0
2015-07-07,73.27093601110576,73.53095097134447,72.44633106374489,73.48637390136719,7122600.0
2015-07-08,73.11494253828134,73.24123197727029,72.57263816249188,72.63206481933594,6845500.0
2015-07-09,73.58298312345718,73.94699628276463,73.10010528564453,73.10010528564453,7316400.0
2015-07-10,74.12531232529855,74.20703040204776,73.61271814710472,73.93959045410156,6969300.0
2015-07-13,74.32585792614495,74.64529961146064,74.19213801908771,74.48928833007812,6986300.0
2015-07-14,73.73899862514021,74.1995851464979,73.21154929623606,74.12529754638672,9890600.0
2015-07-15,74.1104434521612,74.98705074985195,74.01386446950417,74.60074615478516,7990300.0
2015-07-16,74.99448520297841,75.29907177554655,74.86819569776883,75.11334991455078,5775000.0
2015-07-17,74.94988128639064,74.9647422027871,74.25899603620812,74.34814453125,8054200.0
2015-07-20,74.6601566606467,74.77159086384526,74.36300067471022,74.56358337402344,5016200.0
2015-07-21,74.73443487061839,74.8904404684261,74.34070564742105,74.5412826538086,5891600.0
2015-07-22,74.5933137711313,74.81617655226964,74.08815019899231,74.42244720458984,6721900.0
2015-07-23,74.66017773444132,74.73446533494932,74.28873406412072,74.43730926513672,5016100.0
2015-07-24,74.1030112331002,74.25158643211951,73.58299236875206,73.65727996826172,6524200.0
2015-07-27,73.52354212824336,73.53839737741768,72.74350835378131,73.01094818115234,8734000.0
2015-07-28,73.46412615230821,73.71671078674129,73.11496820729272,73.56069946289062,7757500.0
2015-07-29,73.73898450678945,74.32586607052818,73.58297887609123,74.08814239501953,7853500.0
2015-07-30,74.14015033728164,74.28872552121207,73.82813338257978,74.16986083984375,5517400.0
2015-07-31,74.54129069215654,75.01674366198574,74.25899562774508,74.44471740722656,6216800.0
2015-08-03,74.28872598641888,74.44473163085677,73.71670529014665,74.30358123779297,6172500.0
2015-08-04,74.59331366666649,74.66017080058032,74.02871775323591,74.14015197753906,6005300.0
2015-08-05,74.71217257057998,75.03161432361946,74.54873646421836,74.6750259399414,4571300.0
2015-08-06,74.65273014750655,74.73444818965208,73.55326030955095,73.59783172607422,6988000.0
2015-08-07,73.56069957874006,73.59784621167356,72.92182170097117,73.43441009521484,6027900.0
2015-08-10,73.96927722934181,74.33329036520645,73.88012872620418,74.1327133178711,6133500.0
2015-08-11,73.58298460284092,73.79841691834815,73.37497141127474,73.55326843261719,6682600.0
2015-08-12,73.10013575129099,73.34529000204502,72.36467866681109,73.33042907714844,7462400.0
2015-08-13,73.35267722210806,73.5309742228421,72.91437651447359,73.15953063964844,5048000.0
2015-08-14,73.04811086713708,73.41955452373664,72.70638338319912,73.40469360351562,5177300.0
2015-08-17,73.12982490448279,74.19957872258597,72.84752411360799,74.19215393066406,6901800.0
2015-08-18,73.72411501829848,74.05098715954031,73.56067894767754,73.82069396972656,7618800.0
2015-08-19,73.67954975516525,74.28128654924002,73.38239375357772,73.776123046875,7642400.0
2015-08-20,73.50871348006099,74.37789613445926,73.38985443115234,73.38985443115234,10620400.0
2015-08-21,72.77602360875665,73.74916181448872,71.49596876222334,71.53339385986328,16141500.0
2015-08-24,68.17978899206689,71.27138248805916,61.22556974060437,69.4822998046875,25636300.0
2015-08-25,71.63068559047576,71.63816718059523,67.67074847389459,67.91777801513672,15671100.0
2015-08-26,69.54965820251152,71.27885349167663,68.46422801424603,71.1965103149414,14738300.0
2015-08-27,71.93762767020942,72.1622011164108,70.6276292266947,72.02745819091797,11131200.0
2015-08-28,71.81033951164315,72.07982524052362,70.65005341723347,71.24142456054688,9200300.0
2015-08-31,71.02433263978546,71.24141866514908,70.05119488703535,70.35062408447266,9083500.0
2015-09-01,69.08553134209892,69.53467223469728,68.46421682325075,68.9358139038086,14593500.0
2015-09-02,69.74428545337469,69.96885880198353,69.24274478077075,69.8790283203125,11517400.0
2015-09-03,70.11111745321476,70.43299729324211,69.06311758584677,69.34757232666016,9027200.0
2015-09-04,68.55406877638816,68.77863643751611,67.79801118163975,68.3519515991211,10996800.0
2015-09-08,69.68440466246362,70.35063746627971,69.25023824028794,70.32069396972656,11394100.0
2015-09-09,71.1066789508069,71.233940220353,68.89091192977658,69.03314208984375,7384500.0
2015-09-10,68.9508042595089,69.97634752938866,68.58400644636728,69.40743255615234,8359500.0
2015-09-11,69.19783839301157,69.61703592153407,68.71875387151786,69.56463623046875,7381300.0
2015-09-14,69.54219207019747,70.29824978166567,69.2502500678646,69.8565902709961,7948700.0
2015-09-15,70.20842587245693,70.92705284656827,69.75928472752979,70.66505432128906,7030700.0
2015-09-16,70.73238175807671,70.97941124291889,70.23084119998106,70.82221221923828,5630400.0
2015-09-17,70.7623754914694,72.0050053864475,70.60517635616618,70.99443054199219,8258000.0
2015-09-18,70.42547361132601,70.90455799960961,69.80415908206759,69.9089584350586,14211100.0
2015-09-21,70.26829395634174,70.81474706030158,69.14543854086824,69.71434783935547,7053700.0
2015-09-22,69.06308866299862,69.94640173271203,68.77862833017421,69.79668426513672,10618700.0
2015-09-23,69.77423685556815,70.14103470280762,69.28766501919195,69.60955047607422,5609300.0
2015-09-24,69.25770572365292,69.57210951784965,68.70376542809929,69.22776794433594,7407600.0
2015-09-25,69.56462902235057,69.71434077812783,67.94023305650386,68.11988830566406,10794400.0
2015-09-28,67.89531943642295,68.92086273562552,67.29646666270095,68.39686584472656,14332800.0
2015-09-29,69.04812177074814,70.24583308940286,68.74121092243882,69.64698028564453,11520000.0
2015-09-30,70.46291217333051,70.71742901582971,69.3101133586709,69.8790283203125,10970100.0
2015-10-01,69.93890013720716,70.2532981881515,68.6887895219264,69.74427032470703,9675900.0
2015-10-02,68.97325302379184,70.34313776617786,68.7486796947939,70.31319427490234,8368100.0
2015-10-05,70.50782451869986,70.9794216589472,70.42548134500218,70.93450927734375,9419200.0
2015-10-06,70.75485308312415,70.85965816580311,69.30263077270386,69.93142700195312,8365200.0
2015-10-07,70.56024866522002,71.428587373729,69.94642115555607,71.0992202758789,9397300.0
2015-10-08,70.89708397285652,71.26388177699549,70.22336964097246,71.17405700683594,7090700.0
2015-10-09,71.21896252466706,71.83278980983182,70.94947681789844,71.3911361694336,8259700.0
2015-10-12,71.16657188268725,72.21457135199573,71.09920330300669,71.85525512695312,8957900.0
2015-10-13,70.95698110596763,72.03492419110871,70.59766484054116,71.45103454589844,12761900.0
2015-10-14,71.27138772405279,71.83281552897918,70.4554487222398,70.76235961914062,8881900.0
2015-10-15,71.11417508498155,72.8733140632772,71.00937570490524,72.72360229492188,9561900.0
2015-10-16,73.26257580171243,73.59194284332615,72.91074685420725,73.53954315185547,9495300.0
2015-10-19,73.39733038393403,73.50961137560341,72.84338417305001,73.31498718261719,8725400.0
2015-10-20,73.32244132885293,73.54701465040814,72.84335690659618,73.0529556274414,6041800.0
2015-10-21,73.09041119205295,73.52458338161593,72.6637263053828,73.08292388916016,7059800.0
2015-10-22,73.24760487745898,74.71480202348248,72.70863333174864,74.50520324707031,9887900.0
2015-10-23,74.76721816098066,75.51578864773468,74.50521963284467,75.08910369873047,9178900.0
2015-10-26,74.89446935896983,75.06663734940915,74.47526605948612,74.81212615966797,7561600.0
2015-10-27,74.79713516129475,75.53073649126222,74.63244879878343,74.99925231933594,8883200.0
2015-10-28,75.19387720710596,75.21633911132812,74.48273777411966,75.21633911132812,7256300.0
2015-10-29,75.20886911492278,76.002351912552,74.94687061675641,75.88258361816406,6340700.0
2015-10-30,76.00235988582475,76.44401943861511,75.61310574930434,75.6280746459961,10520300.0
2015-11-02,75.74033946282975,76.60867799839372,75.48582260353726,76.4814224243164,6297900.0
2015-11-03,76.23438064740597,76.57872793910227,75.68792764106892,76.32421112060547,6229200.0
2015-11-04,76.27930638386242,76.64610419169583,76.12210732336239,76.30924987792969,5592300.0
2015-11-05,76.54129405056351,76.72094927855657,75.91997948613061,76.60118103027344,6545600.0
2015-11-06,76.03229015520851,76.2942886352539,75.50080589250541,76.2942886352539,6221100.0
2015-11-09,75.89755586701769,76.04726766940274,75.26875944363341,75.48583984375,6625900.0
2015-11-10,75.60558194947619,76.17449683851133,75.36603974006194,75.94243621826172,5114200.0
2015-11-11,76.18950263928646,76.62367488892221,75.97990381839733,76.2493896484375,6284700.0
2015-11-12,75.71037821050864,76.06220706549749,75.02169510052086,75.05912017822266,6918700.0
2015-11-13,74.8869553568168,75.56066960584475,74.66238203676188,74.76718139648438,8517500.0
2015-11-16,75.14148453926032,75.82268625253027,74.88697337900878,75.7702865600586,5755800.0
2015-11-17,75.14148054055221,76.13708035567068,75.14148054055221,75.9798812866211,5124000.0
2015-11-18,76.00235827755388,76.95304596483949,75.83767186173185,76.85572814941406,7148400.0
2015-11-19,76.84822380605348,76.86319269799698,76.39907709182064,76.72096252441406,5164500.0
2015-11-20,77.28654370213364,77.52031509454983,77.06785730444874,77.27900695800781,7671500.0
2015-11-23,77.21112907546133,77.67112356850483,77.06031366109005,77.4976806640625,6730600.0
2015-11-24,76.77374644891087,77.51275569209447,76.77374644891087,76.94718933105469,7492400.0
2015-11-25,77.0452063148248,77.16586321390744,76.88684844970703,76.88684844970703,5400800.0
2015-11-27,77.1281663397736,77.38455940643308,76.75866460733322,77.19603729248047,2353800.0
2015-11-30,77.27898400271178,77.27898400271178,76.34391021728516,76.34391021728516,8983700.0
2015-12-01,76.71344093092226,77.28654416285104,76.25344639395323,77.18851470947266,7545700.0
2015-12-02,77.29407999373201,77.61833831554262,76.9094932043196,76.95474243164062,6623500.0
2015-12-03,77.12063309273748,77.1960465499529,75.64262023249198,76.00458526611328,12008700.0
2015-12-04,76.46457388749651,77.67111431849533,76.37408119770713,77.63340759277344,7845400.0
2015-12-07,77.37701246828512,78.04060820013144,77.36946997325333,77.91241455078125,7262900.0
2015-12-08,77.65605056905012,77.85210947284085,76.84917595551823,77.23375701904297,8005400.0
2015-12-09,77.02259361301225,77.92749744925293,76.6681711219592,77.03013610839844,7947000.0
2015-12-10,77.14323280430409,77.92747954715576,76.76618866694824,77.39962005615234,6479300.0
2015-12-11,77.19606617323718,77.19606617323718,76.48722091854441,76.67574310302734,7796500.0
2015-12-14,76.65309188442511,77.1357080308519,75.99703286354574,77.03013610839844,10641500.0
2015-12-15,77.40719129651484,78.94553263860902,77.40719129651484,78.52323913574219,9283200.0
2015-12-16,78.9078338442242,79.54880802957408,78.06325250680197,79.36782836914062,8178800.0
2015-12-17,79.29995779200104,79.37536549931289,78.14619743249625,78.15373992919922,8740800.0
2015-12-18,77.73144961576423,77.73144961576423,76.87932586669922,76.87932586669922,14966000.0
2015-12-21,77.17342977042892,77.61080256872212,76.04983929151142,76.60032653808594,8321900.0
2015-12-22,76.84917093470078,77.58063203395844,76.27606199564548,77.45243835449219,5581600.0
2015-12-23,77.75406733161972,78.17635505947054,77.47505250958184,78.04061889648438,5531700.0
2015-12-24,77.7615984005825,78.35732893096561,77.67864821576725,78.21405029296875,2546300.0
2015-12-28,77.80686426814144,78.02555065896655,77.61834211259286,77.83702850341797,4063000.0
2015-12-29,77.92752242212077,78.56850241087626,77.92752242212077,78.44784545898438,4230000.0
2015-12-30,78.50815846062552,78.68159560323474,78.07078572608567,78.25930786132812,3847800.0
2015-12-31,77.95014257843779,78.13866473309405,77.43736208764317,77.4599838256836,4592600.0
2016-01-04,76.69832315112694,76.7737308332801,74.99408191892637,75.77079772949219,12722800.0
2016-01-05,75.84621634444682,76.49473286027114,75.83867384917308,76.0875244140625,6467200.0
2016-01-06,75.27310410585021,76.1403069193547,75.10720373678559,75.70293426513672,7733800.0
2016-01-07,74.88854392963971,75.47673217135198,74.56428557161371,74.8206787109375,9433100.0
2016-01-08,75.31835920707778,75.3636084304205,73.78756043401535,74.02133178710938,9766700.0
2016-01-11,74.08164625699538,74.37574028643994,72.45281822878238,73.57640838623047,8151400.0
2016-01-12,73.89314288248175,74.37575914306929,73.32757641273952,74.0816650390625,6745000.0
2016-01-13,74.27018567807454,74.63969323975518,73.0259383194175,73.16167449951172,8290700.0
2016-01-14,73.22199630956385,75.00918822605122,73.14658860597868,74.57181549072266,10164300.0
2016-01-15,72.67153261894764,73.90069517155284,72.58103990063225,73.1466064453125,12662200.0
2016-01-19,73.8478788546788,74.20984382600739,73.07116870623655,73.52362060546875,12457800.0
2016-01-20,72.4754594916456,73.35774181773229,71.28399806228215,72.20398712158203,12685200.0
2016-01-21,72.21906770751113,72.87512690625265,71.09547722636424,72.3472671508789,11266400.0
2016-01-22,73.16167022929423,73.21445619884773,72.3547956928399,72.95806884765625,8380000.0
2016-01-25,72.93544567978515,73.66691249584194,72.42266523422649,72.69413757324219,9350200.0
2016-01-26,73.34263529628939,76.41931142389423,73.25214262218076,76.29866027832031,17266600.0
2016-01-27,75.77837196444376,77.95768785041565,75.77837196444376,77.03770446777344,19330500.0
2016-01-28,77.29408653644947,77.70129509737174,76.80392776386304,77.12064361572266,12789500.0
2016-01-29,77.58814177418056,78.99074641906442,77.39207721273524,78.7569808959961,15614600.0
2016-02-01,78.13113744834806,79.02096242170657,77.8370432900825,78.7042465209961,9803700.0
2016-02-02,77.89735070129932,78.62127502992324,77.67112183156222,77.98030090332031,10616300.0
2016-02-03,78.16126003152216,78.71174131509295,76.9245555755763,78.53076171875,10168600.0
2016-02-04,78.13112135194226,78.49308066297252,77.46752544622709,78.34980773925781,10389000.0
2016-02-05,77.41474829271753,77.49769275629636,75.24296916616937,75.81607818603516,15522200.0
2016-02-08,75.6426263761743,78.05571337208247,75.57476116305527,76.91703796386719,14323800.0
2016-02-09,76.39670798279836,77.09801055362644,76.140320641302,76.8944091796875,10044500.0
2016-02-10,76.95474807627414,77.60326476746405,76.4419675705249,76.71343994140625,9833100.0
2016-02-11,75.75575040589592,76.93212694142888,75.39379105030436,76.6908187866211,12465800.0
2016-02-12,76.78128814697266,76.9019450642955,75.95179197671274,76.78128814697266,9035000.0
2016-02-16,77.19605481614146,77.7088353126243,76.65311008419026,77.1583480834961,10452800.0
2016-02-17,77.48259714638314,77.85209891846142,77.09047363872197,77.29407501220703,8904000.0
2016-02-18,77.54293914126774,78.93800202696038,77.29408849995372,78.606201171875,10744600.0
2016-02-19,78.67454702871288,79.51005465715362,78.52263286313,79.1150894165039,9343300.0
2016-02-22,79.11509103345105,79.56322479248047,79.03153968940607,79.56322479248047,6947000.0
2016-02-23,79.48728184871686,79.59361888437263,78.9631880337464,79.05433654785156,6629200.0
2016-02-24,78.49225382050064,79.81388104769671,78.21122274173352,79.72273254394531,9076100.0
2016-02-25,79.7151307743723,80.80888957637328,79.57841092412218,80.8012924194336,8092500.0
2016-02-26,81.13549440223842,81.21144858366945,80.07211847740608,80.3455581665039,9049400.0
2016-02-29,79.96578905597615,80.66457686337334,79.78349784424928,79.9126205444336,10111100.0
2016-03-01,80.4367281544627,81.45452720645369,80.08733419057322,81.43933868408203,8298500.0
2016-03-02,81.20388004995725,81.58365685880763,80.83929176368983,81.30261993408203,9767000.0
2016-03-03,81.13549323049484,81.27221307306928,80.231622838201,81.0063705444336,6927200.0
2016-03-04,80.90004558293772,81.25703665810722,80.56584018576909,80.89244842529297,6715700.0
2016-03-07,80.51267716774626,81.21146505049354,80.12530323048979,81.07474517822266,6973500.0
2016-03-08,80.90764929184206,81.0975376974035,80.48989827656747,80.6797866821289,7632900.0
2016-03-09,81.15068817138672,81.28740802478205,80.58102308139499,81.15068817138672,7564200.0
2016-03-10,81.26461350387221,81.63679882784479,80.56582579365273,81.37854766845703,10474700.0
2016-03-11,81.65201786543408,82.0241975335879,81.43174661021891,81.8115234375,7763800.0
2016-03-14,81.97099348619783,82.25962745860565,81.50766549411033,81.77351379394531,7242800.0
2016-03-15,81.74315027760385,82.29762109097808,81.08993379984241,81.8494873046875,8476600.0
2016-03-16,81.8266902788972,81.86466447191313,81.18106525336833,81.58363342285156,7065100.0
2016-03-17,81.6292218254695,81.72796170185757,80.85447395095657,81.07474517822266,8571100.0
2016-03-18,81.26461133716985,81.91023052602702,80.78609481259076,81.65198516845703,14758300.0
2016-03-21,81.58365473410453,81.84190017582881,80.930438176299,81.48490905761719,7674700.0
2016-03-22,81.48490548270291,81.75074807132486,81.3102114080087,81.56085968017578,7821700.0
2016-03-23,81.49248587116192,82.66219881532525,81.42412305105057,82.41154479980469,8191300.0
2016-03-24,82.198862525137,82.49508786105454,81.84187153186919,82.26721954345703,6284500.0
2016-03-28,82.34320944425787,82.71538908968404,82.07736104544789,82.20648956298828,4738100.0
2016-03-29,82.25965992634795,82.98123355230734,81.83430595568471,82.8976821899414,6612800.0
2016-03-30,83.13313122505976,83.21668257663738,82.73816594072929,82.7761459350586,5248200.0
2016-03-31,82.6850240914496,82.77617263027508,82.06219023014725,82.1837158203125,8167700.0
2016-04-01,82.03179065707678,83.01161551865064,81.79633089012523,82.93566131591797,9043200.0
2016-04-04,82.65460401345959,82.86727804665145,82.22925594707587,82.47990417480469,10668900.0
2016-04-05,82.2064680875247,83.42934374589179,82.03936541018943,82.75334167480469,7939000.0
2016-04-06,82.57867395359091,83.1711248748248,81.94064587269207,83.11035919189453,6828700.0
2016-04-07,82.7912992223212,83.26222429489857,82.51026245071245,82.99637603759766,7822900.0
2016-04-08,83.07236937474441,83.27744627242653,82.60904127060822,82.8672866821289,6301600.0
2016-04-11,82.9052592799473,83.26225032456077,82.52548255928326,82.76853942871094,6823900.0
2016-04-12,82.79132415313893,83.73316878697878,82.60143579498953,83.24705505371094,8412300.0
2016-04-13,83.55089594865758,83.8167385495074,83.02680211060073,83.45215606689453,5758300.0
2016-04-14,83.55091370754413,83.7711849936199,83.13315682103229,83.42938232421875,4457100.0
2016-04-15,83.60401735209442,83.85467128946348,83.17107227615277,83.68756866455078,10057900.0
2016-04-18,83.55088581926444,84.38639351847041,83.30023177102264,84.25727081298828,7772500.0
2016-04-19,84.80417789362652,86.55114805293648,84.6750551460779,85.58651733398438,10526400.0
2016-04-20,85.97387039664862,86.73342396624196,85.86753336050026,86.27009582519531,8213400.0
2016-04-21,86.06500378957297,86.38402065838076,85.65484421104857,86.26248931884766,7884500.0
2016-04-22,86.15613739231465,86.39919423440756,85.70040653775696,86.07258605957031,7508700.0
2016-04-25,86.06501238511856,86.24730941262473,85.4345873318613,86.21692657470703,6139900.0
2016-04-26,86.17135379655579,86.25490515633913,85.5637143921445,85.76119995117188,5853600.0
2016-04-27,85.79916321170515,85.98145443028619,85.4193864592835,85.65484619140625,5759300.0
2016-04-28,85.14596672172428,85.60929493203835,84.7965727228691,85.43460083007812,6640000.0
2016-04-29,85.11552773709418,85.23705902780465,84.69777696387148,85.13072204589844,7774500.0
2016-05-02,85.23708605052626,85.67003126980988,85.01681486247912,85.6396484375,5178800.0
2016-05-03,85.49531716791113,85.90547664326061,85.16111765812884,85.59406280517578,7554500.0
2016-05-04,85.10039405995376,85.48017089574705,84.8421427982483,85.23711395263672,5214600.0
2016-05-05,85.13076395243584,85.90550602983205,85.10038111480195,85.7384033203125,5404300.0
2016-05-06,85.51053926581562,85.86753035823209,85.28267088493126,85.63206481933594,6099900.0
2016-05-09,85.81435113822518,86.58149594865219,85.62446277615123,86.37641906738281,6512700.0
2016-05-10,86.58909252718524,87.34864597040617,86.52832686094368,87.09799194335938,8356400.0
2016-05-11,87.0220408223092,87.1663578359815,86.82455529753655,86.87013244628906,6680700.0
2016-05-12,86.96888612379281,87.16637167993055,86.23971537220812,86.76380920410156,7156300.0
2016-05-13,86.5131416357875,86.65745285493968,86.10298206543968,86.25489044189453,6779900.0
2016-05-16,86.12577578794865,87.06762055880505,86.06501011371698,86.92330932617188,6222900.0
2016-05-17,86.99925848527647,87.01444700548834,86.01183661843943,86.45997619628906,9233900.0
2016-05-18,86.29285849707392,86.611869520462,85.73838198933838,86.27766418457031,8267900.0
2016-05-19,85.82195134897825,85.8599313432821,85.22190336756505,85.71561431884766,8232200.0
2016-05-20,85.83037010645629,86.38115417892428,85.49378437929884,86.16696166992188,7435200.0
2016-05-23,86.2663891625125,86.30464031841086,85.7079596387609,85.79975891113281,6462300.0
2016-05-24,86.07511928839567,86.82479853090999,86.07511928839567,86.20516967773438,6125300.0
2016-05-25,86.58003078872346,87.00077015103733,86.32758717133514,86.71007537841797,5453800.0
2016-05-26,86.52647379791365,86.68711812805385,86.32757831646593,86.36582946777344,3973600.0
2016-05-27,86.47292325653461,86.70241264900832,86.2051827138289,86.48822021484375,4647000.0
2016-05-31,86.641205877433,86.92424333564644,85.92212638321571,86.20516967773438,10104700.0
2016-06-01,86.20517989877678,86.48821739054897,85.73089249839599,86.2740249633789,4748900.0
2016-06-02,86.34288766821352,87.70454471535169,86.33523627010973,87.58214569091797,7310800.0
2016-06-03,87.56685242514763,88.27062933641118,87.29911184328726,87.7886962890625,6881700.0
2016-06-06,87.94933981054103,88.73726458816128,87.91874005342966,88.56131744384766,6349400.0
2016-06-07,88.74492368322112,88.9132194437762,88.31653288281524,88.53073120117188,6417400.0
2016-06-08,88.37008359674395,88.69902372848944,88.28594155030449,88.58428192138672,5863800.0
2016-06-09,88.5689784057904,89.64759807428345,88.43893380125519,89.50225067138672,7375500.0
2016-06-10,89.30334080475613,89.67818343241574,89.01265188195474,89.5098876953125,6067400.0
2016-06-13,89.60169534872301,89.99183499790999,89.34160614013672,89.34160614013672,7940900.0
2016-06-14,89.08151645432612,89.6399519009264,88.96677464146322,89.59405517578125,6378400.0
2016-06-15,89.99183642069576,90.06833290464776,88.99736462039678,89.05091857910156,6371400.0
2016-06-16,88.50012712600318,89.41809652896899,88.14058726167765,89.22685241699219,6664300.0
2016-06-17,89.21155787582116,89.24980319746962,87.97994529437919,88.33948516845703,10702200.0
2016-06-20,89.19624156217914,89.60932949301531,89.06619698292694,89.15034484863281,5588200.0
2016-06-21,89.49458321099877,89.61698223069435,88.87495422363281,88.87495422363281,5493500.0
2016-06-22,89.15035662150669,89.66288944481194,88.97440946916682,89.08915710449219,5833800.0
2016-06-23,89.65524223086574,89.79293823242188,89.25745702431881,89.79293823242188,6775900.0
2016-06-24,88.02583869414369,89.59404273025312,87.97229057681008,88.4542236328125,13939500.0
2016-06-27,87.97229649417056,89.22685747292196,87.97229649417056,89.15801239013672,10877400.0
2016-06-28,89.63229719195556,90.55027251512108,89.15801548614564,90.44317626953124,10089600.0
2016-06-29,90.9097872057733,91.34582933087674,90.34370633736988,91.28462982177734,8341500.0
2016-06-30,91.16988913865242,92.87578910768968,91.1545921783668,92.79164123535156,11559900.0
2016-07-01,92.79163272083636,92.9752254089518,92.40149315182292,92.7839813232422,7051400.0
2016-07-05,92.83756569723135,94.26807411818308,92.8222628960656,93.53369140625,9334100.0
2016-07-06,93.27357884626365,93.8320142231238,92.9752384974625,93.81671142578124,9332400.0
2016-07-07,93.77847884882291,93.94677463509213,93.33479685520486,93.71728515625,6058700.0
2016-07-08,94.09211123079804,94.16860771494366,93.29653495580672,93.97736358642578,6129900.0
2016-07-11,93.87026320047998,94.43634416175536,93.64077375816652,94.03855895996094,6711600.0
2016-07-12,93.8243808227472,94.24511444946216,93.79378105849928,94.03092193603516,6415900.0
2016-07-13,93.84732504270504,94.3981091022289,93.55663604964882,94.09211730957033,5230800.0
2016-07-14,94.07681964503544,94.65819762681436,94.02327151944242,94.22981262207033,5322700.0
2016-07-15,94.68114669548396,95.0865891766337,93.87027340580056,94.09211730957033,7192800.0
2016-07-18,94.09213011283748,94.26042591351536,93.66374504660922,94.19922637939452,6599200.0
2016-07-19,95.45376881916528,96.1957969741669,94.35220076750866,95.81330871582033,11325700.0
2016-07-20,96.26463002496644,96.44057716978568,95.6526523899013,95.7291488647461,7334600.0
2016-07-21,95.78269023247827,96.18812677326711,95.53789802843748,95.7367935180664,5492600.0
2016-07-22,95.71384755271129,95.88978885322447,95.35430771734951,95.6449966430664,5839200.0
2016-07-25,95.6756064588872,95.7215031792719,94.96417811138777,95.53791046142578,4880600.0
2016-07-26,95.64499425293616,96.04278523219403,95.43080180393876,95.7367935180664,5589900.0
2016-07-27,95.69854192836272,95.79799259087648,95.11715825780462,95.44609832763672,4812600.0
2016-07-28,95.60675248082173,95.62204944075728,95.17071616882411,95.2089614868164,4320400.0
2016-07-29,95.1171773103381,95.86685686487878,95.1171773103381,95.79801177978516,7020900.0
2016-08-01,95.85919626538252,96.1651880100376,95.6985519126077,95.92804718017578,4615100.0
2016-08-02,96.11927710012966,96.3105211827657,95.22425619410654,95.50729370117188,7158700.0
2016-08-03,95.62205149921294,95.62205149921294,94.6199342671194,94.78057861328124,5310600.0
2016-08-04,95.04065073634872,95.15539834481704,94.58166613878124,94.74996185302734,4728200.0
2016-08-05,95.1477685381031,95.1477685381031,94.67348687539555,95.0406723022461,5146900.0
2016-08-08,94.85707315204066,94.97182077876012,94.2680438947973,94.5893325805664,5232500.0
2016-08-09,94.78821934160564,94.85706440950815,94.34453167187996,94.42102813720705,3941500.0
2016-08-10,94.54341869874608,94.68876606426056,94.27567815935578,94.3674774169922,4333500.0
2016-08-11,94.74233660454226,94.96418048579396,94.45164764099214,94.68113708496094,4052000.0
2016-08-12,94.4516276870156,94.68111708250218,94.05383673008232,94.26038360595705,4234800.0
2016-08-15,94.18389724794956,94.29863903985304,93.54131403175604,93.56426239013672,6469500.0
2016-08-16,93.41127878769473,93.5719231487363,91.84307466332966,92.04962158203124,11289100.0
2016-08-17,92.1796568678011,92.81458868511451,91.68242103693748,92.79928588867188,10442800.0
2016-08-18,92.69216787527536,92.8604635787526,91.72065063652776,92.34793090820312,8728000.0
2016-08-19,92.34024960100366,92.4018515051179,91.88589957230867,92.3479461669922,7798300.0
2016-08-22,92.3325581711995,92.3325581711995,91.60097892339928,91.73959350585938,6544900.0
2016-08-23,92.15544758210032,92.37877142749647,91.65489454071184,91.97833251953124,5603200.0
2016-08-24,92.00912524329009,92.10923348931418,91.34685623053522,91.4161605834961,6303900.0
2016-08-25,91.53165813084316,91.80118480520848,91.12351689891268,91.30833435058594,5566000.0
2016-08-26,91.51627623754835,92.20934919946907,91.30065484389354,91.67029571533205,6482700.0
2016-08-29,91.87050056509042,92.50966218136936,91.68567722702406,92.3479461669922,5074900.0
2016-08-30,92.92552002683524,92.92552002683524,91.8397106577793,92.00142669677734,3820500.0
2016-08-31,92.05532561342385,92.11693339785587,91.64718432323455,91.90130615234376,5693100.0
2016-09-01,91.78581245774475,91.93982606633163,91.33146232450116,91.70110321044922,4551800.0
2016-09-02,91.91672919126908,92.2632627654729,91.56249317367948,91.88592529296876,5806400.0
2016-09-06,92.24016535973723,92.3864824142762,91.91673322624987,92.2170639038086,5280700.0
2016-09-07,92.2863374318705,92.37104665879666,91.97831028876574,92.10922241210938,4753800.0
2016-09-08,91.92441989847951,92.27095342844072,91.74729897467668,92.00142669677734,4833000.0
2016-09-09,91.66259195378991,91.76270608171944,91.00802533954362,91.0465316772461,7957300.0
2016-09-12,90.6845826110222,91.98601324419069,90.39194857940817,91.7626953125,7239800.0
2016-09-13,91.19285459645673,91.50859015566029,90.47668009961572,90.569091796875,7957900.0
2016-09-14,90.75387897989076,91.12351977012514,90.45354840824332,90.76158142089844,6124900.0
2016-09-15,90.72309567668322,91.59328957552894,90.34575823506223,91.35456085205078,5812100.0
2016-09-16,91.26215781583836,91.74730596982188,90.96182716690912,91.06193542480467,12408800.0
2016-09-19,91.1466508922882,91.37767719580444,90.59219246404356,90.60759735107422,5457600.0
2016-09-20,91.0003205808006,91.0542259270667,90.63068559933076,90.83090209960938,5187700.0
2016-09-21,90.83088595944642,91.63947188499873,90.59216316486516,91.5701675415039,6337300.0
2016-09-22,91.83198974304344,92.28633387427703,91.7472805193828,91.99370574951172,5340500.0
2016-09-23,91.95521656646022,92.10152770915543,91.41615727025383,91.4931640625,4773000.0
2016-09-26,91.35454822738724,91.36225066907818,90.53056322370138,90.69998168945312,5998900.0
2016-09-27,91.16973139151452,91.80889892578124,90.6537794241992,91.80889892578124,5349500.0
2016-09-28,91.67800265312567,92.03993522436812,91.49317927072312,91.93982696533205,5076100.0
2016-09-29,91.54707212750505,91.84740273886702,90.130128307258,90.30724334716795,6190200.0
2016-09-30,90.6999710056444,91.34684090093243,90.39964044273094,90.96949768066406,7941100.0
2016-10-03,90.869401407492,91.64718352223396,90.4304562289231,91.4931640625,6098600.0
2016-10-04,91.51626112919702,92.00911750149716,91.08501841308092,91.50086212158205,5733900.0
2016-10-05,91.80890295314772,91.97832142751692,91.33145142312918,91.7780990600586,5778700.0
2016-10-06,91.25446337248152,91.52399014832208,90.8078156438068,91.44698333740234,4448500.0
2016-10-07,91.77040495374251,92.07843803737134,91.40076995358184,91.82431030273438,4799300.0
2016-10-10,92.03222276109138,92.56357373680864,91.90900719410432,92.25554656982422,3657000.0
2016-10-11,91.95523049178266,92.12464311028268,90.1455382861166,90.5921859741211,6394200.0
2016-10-12,90.83858814737616,91.20052649637223,90.48435223938282,90.8462905883789,4685200.0
2016-10-13,90.51517512017176,91.79350445852148,90.31495273877638,91.06963348388672,7387400.0
2016-10-14,91.2544401182076,91.48546636733766,90.5305633544922,90.5305633544922,5640500.0
2016-10-17,90.4843801198927,91.29296629233782,90.4843801198927,91.24675750732422,6956400.0
2016-10-18,90.3919528886083,91.23904525709337,88.68238089325936,88.8749008178711,12598300.0
2016-10-19,88.99810409708041,89.24452934780467,88.14331522342157,88.24342346191406,7400900.0
2016-10-20,88.42825677472715,89.0982223794356,88.24343340941812,88.45906066894531,6973000.0
2016-10-21,87.87381649481445,87.9739247651727,87.01132490511667,87.35786437988281,8422000.0
2016-10-24,87.7351718879914,87.93539423550585,87.35783451690902,87.4887466430664,6141900.0
2016-10-25,87.51186024331831,87.91230499395138,87.0883140407722,87.75828552246094,5595000.0
2016-10-26,87.51185736484155,88.72858471100555,87.48105347155666,88.22032928466797,6429200.0
2016-10-27,88.54376078274912,89.75278559879442,88.39744376910468,89.09821319580078,7548700.0
2016-10-28,89.19062320419935,89.25993342656307,88.22802365922429,88.81328582763672,8813300.0
2016-10-31,88.774777379641,89.5063565415284,88.17411621793298,89.321533203125,8552500.0
2016-11-01,88.3743649286156,89.28305938351541,88.27425078830272,88.82100677490234,7591900.0
2016-11-02,88.95961220154464,89.14443557601274,88.42826115686536,88.45136260986328,6591300.0
2016-11-03,88.46674701067984,88.89799560464648,88.36663877247331,88.58226013183594,6227100.0
2016-11-04,88.58996215309082,89.28303500149842,88.58996215309082,88.64386749267578,7160600.0
2016-11-07,89.24453686077825,89.88370442826631,89.20603052529415,89.8375015258789,6398200.0
2016-11-08,89.69887984852038,90.53826384345533,89.69117740698442,90.13782501220705,6675300.0
2016-11-09,92.4095620901206,94.33476130033144,90.946409515312,92.64828491210938,16220000.0
2016-11-10,93.0025154054642,93.25664309636085,91.65487603738026,92.0553207397461,11904500.0
2016-11-11,92.01684025638802,92.01684025638802,90.96953118325553,91.23136138916016,8134800.0
2016-11-14,91.31606616569026,91.63179583572686,89.71429873529371,89.79130554199219,10054900.0
2016-11-15,89.6372608502676,89.86058462493405,89.19061330093467,89.57565307617188,7446700.0
2016-11-16,89.82979200335687,89.92990024238637,89.3908468395484,89.6064682006836,6594800.0
2016-11-17,89.85289771177247,89.85289771177247,89.42165496906111,89.7681884765625,5730300.0
2016-11-18,89.78369431696302,89.88449433052756,89.02379863397815,89.45027160644531,7717800.0
2016-11-21,89.51229804095448,89.69839263430684,89.01604184812116,89.1711196899414,5843300.0
2016-11-22,88.85321500546506,89.17113231680706,87.05428457275094,87.4187240600586,11649700.0
2016-11-23,87.03877762754101,87.9537512058272,86.50374894994619,87.67460632324219,7892600.0
2016-11-25,88.085566974106,88.57407347097569,87.91497777937951,88.49652862548828,3433300.0
2016-11-28,88.23289797203876,88.48878177251125,87.65910277484937,87.72113037109375,9065700.0
2016-11-29,87.58154319172239,87.93823286828345,86.97673134024635,87.21710968017578,7799600.0
2016-11-30,86.99226881507293,87.24814673354636,86.30216217041016,86.30216217041016,11178500.0
2016-12-01,86.3486684698607,86.48824090691987,86.06952359574235,86.36417388916016,8143300.0
2016-12-02,86.62780159364284,87.25587451729577,86.4106902578537,86.81389617919922,6167700.0
2016-12-05,87.15508467439649,87.17059009340002,86.63556735808511,86.79840087890625,5451600.0
2016-12-06,87.03101377337882,87.77539808497315,86.72860783166364,86.89144134521484,6530400.0
2016-12-07,86.75963181051269,86.75963181051269,84.76685114653577,86.14706420898438,11761100.0
2016-12-08,85.71283184635483,86.2245934575618,85.23983673772268,86.06175994873047,7774900.0
2016-12-09,86.38744947784855,87.17835608923072,86.2246100218942,87.04653930664062,7672100.0
2016-12-12,87.37995208375766,89.48128836042845,87.29465748926422,89.45027160644531,9544600.0
2016-12-13,89.58211450900303,89.9232929865134,89.17890842127113,89.86125946044922,7051600.0
2016-12-14,90.0395752286123,90.95454873648872,88.84545685963184,89.16336822509766,9378700.0
2016-12-15,89.42703660968522,89.88452055376263,89.08585813217485,89.86125946044922,6738100.0
2016-12-16,90.2644603595518,90.3032268716908,89.52782563880747,89.8534927368164,11291100.0
2016-12-19,90.00080092280817,90.45829062508191,89.90000091457053,89.96202850341797,6310800.0
2016-12-20,89.93102760543061,90.14038331208852,89.10134861501967,89.68289947509766,5715200.0
2016-12-21,90.10162090631428,90.10162090631428,88.96953581605979,89.41151428222656,5907600.0
2016-12-22,89.17114303184624,89.58210474450176,88.30269150913732,89.51232147216797,4602300.0
2016-12-23,89.4812969485977,90.19466461115444,89.40375801411831,89.91551971435547,2992500.0
2016-12-27,89.8612357959951,89.94653039291084,89.46577956628042,89.87674713134766,3232600.0
2016-12-28,89.85349212574722,90.07060943878521,89.20991360287073,89.2486801147461,3278300.0
2016-12-29,89.34947875310195,89.84573502491912,89.17888955044454,89.55107879638672,2993600.0
2016-12-30,89.79145888802536,89.93878108925244,89.15563015792512,89.33396911621094,5506700.0
2017-01-03,89.77594181456341,89.94653100956441,89.34947474290205,89.82246398925781,5953000.0
2017-01-04,89.55883664961857,90.12488211626176,89.41150853175769,89.6751480102539,5828900.0
2017-01-05,89.94652738506062,90.69866739679782,89.51230466316734,90.61337280273438,6217200.0
2017-01-06,90.46607103425316,90.72195489092722,89.76045890578409,90.1791763305664,5221400.0
2017-01-09,90.21791309204067,90.41951902618604,89.86122931060855,90.16363525390624,5457500.0
2017-01-10,89.96979647912278,90.7219365578033,89.84573536861461,90.07060241699219,5312800.0
2017-01-11,90.00856710497678,90.14038388095776,88.41123670977655,88.96177673339844,8887200.0
2017-01-12,88.6050849729852,88.96177470054036,87.90722868510716,88.87648010253906,6627300.0
2017-01-13,89.1246090075396,89.18663660275796,88.73690843717911,88.86096954345703,4935200.0
2017-01-17,88.34918935360426,89.20988491271659,88.13982777660938,89.0703125,6255400.0
2017-01-18,89.07034504937876,89.24868402667452,88.71366117894507,88.93852233886719,5014600.0
2017-01-19,88.92299161140912,89.09358078694997,88.33368516386088,88.55079650878906,5540800.0
2017-01-20,88.7757109868171,89.19442848270276,88.45779946628984,88.51207733154297,7502400.0
2017-01-23,88.79118247448656,88.99278250302704,88.24064839807349,88.32594299316406,7989800.0
2017-01-24,87.55053347708994,87.85293940669774,86.18582600255192,86.65882110595703,12450300.0
2017-01-25,86.79064700839206,87.46524810791016,85.8834291239595,87.46524810791016,9385500.0
2017-01-26,86.84493800843873,87.49627220389789,86.53477633238306,86.72087097167969,10164300.0
2017-01-27,86.84492659718835,88.03904504780063,86.76738766732338,87.91497802734375,8886100.0
2017-01-30,87.93049199542264,88.08556985979556,87.50401899463515,87.72113037109375,6969400.0
2017-01-31,87.45750225329552,87.9304974596196,87.17835734740453,87.8141860961914,8713400.0
2017-02-01,87.21713224870253,87.86846643703599,87.20937658002946,87.7986831665039,7082300.0
2017-02-02,87.48075839671787,88.10108168936785,87.44198597248675,88.06230926513672,7826300.0
2017-02-03,88.00802147187161,88.13208848271303,87.35668741247626,88.1165771484375,7267600.0
2017-02-06,87.97704129449009,88.07784134582455,87.32570696431084,87.9305191040039,6178400.0
2017-02-07,88.08555990573765,88.10107123992688,87.65909286898413,87.99251556396484,5507900.0
2017-02-08,87.85298014791253,88.15538621775907,87.73666875585391,87.9305191040039,5272000.0
2017-02-09,87.93048307492624,88.89973441853029,87.93048307492624,88.45775604248047,5854600.0
2017-02-10,88.64387103633187,89.9387897094781,88.57408776314246,89.35723876953125,6438500.0
2017-02-13,89.38825318025481,90.03959329211459,89.34173099935121,89.8534927368164,5710800.0
2017-02-14,89.51230985833801,90.25669424586134,89.41925959145713,90.22567749023438,5539100.0
2017-02-15,89.86900374005717,91.07862776578628,89.62862533598498,90.87702178955078,5979700.0
2017-02-16,90.72194482102518,91.71445745885724,90.72194482102518,91.55937957763672,7119300.0
2017-02-17,91.64467478679234,92.1952089593225,91.5361190860592,92.16419219970705,8691400.0
2017-02-21,91.80750061125065,92.96284670944208,91.74546709724052,92.78450775146484,8595100.0
2017-02-22,92.48983162233804,92.86977646119745,92.46657053854832,92.6759262084961,5103900.0
2017-02-23,92.6759504952472,94.5214091707246,92.64493965262766,94.36632537841795,9980900.0
2017-02-24,94.83465869168164,95.8025169154594,94.36634058049808,95.79471588134766,10835000.0
2017-02-27,95.32638525690786,95.91178434435996,95.30297024620776,95.5371322631836,5946200.0
2017-02-28,95.23272042940803,95.73226048253689,95.17808342219044,95.38882446289062,8885500.0
2017-03-01,95.60736576278885,97.13720781219698,95.55272875941664,96.67669677734376,9393900.0
2017-03-02,96.59083547888844,97.06696047764795,96.0210444958694,96.4971694946289,6950200.0
2017-03-03,96.49716707782606,96.73132905511696,96.18495904808675,96.62205505371094,5585200.0
2017-03-06,96.01326122586362,97.12161544720736,95.69324018667956,96.55963134765624,6670700.0
2017-03-07,95.67762468584364,97.1450228661019,95.52932168366786,96.65328979492188,6644000.0
2017-03-08,96.59085150437706,97.31674662660946,96.39571847103488,96.8640365600586,7909900.0
2017-03-09,97.23869631507354,98.51096157105304,96.91867527636792,98.30802154541016,8571100.0
2017-03-10,98.37827440161396,98.7295114924779,97.98800832065945,98.5109634399414,7395400.0
2017-03-13,98.21434893860126,99.08854102036469,98.18312694211158,98.87779998779295,7162500.0
2017-03-14,99.01830008766918,99.7129731620666,98.94804910391665,99.1666030883789,7679700.0
2017-03-15,99.16658320713088,100.68861807510908,98.815340268761,100.65740203857422,8360600.0
2017-03-16,100.25153690334784,100.45447094571226,99.72857591190464,100.26715087890624,7610700.0
2017-03-17,100.25933253925687,100.64179750502088,99.86906654112045,99.95492553710938,13300800.0
2017-03-20,99.93931874775616,100.23592473885638,99.88468769727524,99.9627456665039,5827500.0
2017-03-21,100.20471319990976,100.25934425284557,99.23684912386273,99.3227081298828,7578600.0
2017-03-22,99.16657817793693,99.63489611702688,98.51092829922244,98.54995727539062,10272700.0
2017-03-23,98.4250783131709,99.1275582635159,98.08164830243597,98.26897430419922,8508100.0
2017-03-24,98.23775448558544,98.62802047163814,97.66796352575447,97.94115447998048,6490300.0
2017-03-27,97.69138560667112,98.4563036133082,97.68357861946444,98.19092559814452,5004300.0
2017-03-28,98.05043541397733,98.17531744175317,97.39478541444714,98.08165740966795,5287600.0
2017-03-29,97.60553944935867,97.82408747999824,97.06697040600602,97.50406646728516,3971800.0
2017-03-30,97.36356260862892,97.90213160858458,97.00451859365404,97.3011245727539,4711700.0
2017-03-31,96.87183498218634,97.43381902131226,96.8093909878419,97.21527099609376,5657600.0
2017-04-03,97.3557688117162,97.80847289164296,97.0045258032538,97.32454681396484,4956400.0
2017-04-04,97.18404529727717,97.38697933868649,96.95769029264048,97.31673431396484,5358500.0
2017-04-05,97.34797164760968,98.0348378024946,97.1060085843524,97.41041564941406,5646300.0
2017-04-06,97.44941981087972,97.92554481119652,97.1762347996291,97.60552978515624,4324200.0
2017-04-07,97.66017645701857,97.93336149531802,97.43382143814551,97.50406646728516,3615100.0
2017-04-10,97.46503278654684,97.52747082063068,96.9654927839567,97.05134582519533,4594200.0
2017-04-11,96.9889017411228,97.40258272168307,96.7469327873152,96.95767974853516,4161500.0
2017-04-12,97.20745750828516,97.92554553027024,97.06696150789791,97.87871551513672,5556600.0
2017-04-13,97.66796693563984,98.07384691009752,97.53527792494609,97.5586929321289,5396500.0
2017-04-17,97.58212581943526,98.19874692650946,97.51188078501566,98.12850189208984,5367500.0
2017-04-18,96.14592794332933,96.29423092267048,94.40533903654304,95.08440399169922,13485700.0
2017-04-19,95.30296224756442,95.4434582549608,94.53023718437784,94.7331771850586,6993100.0
2017-04-20,95.11561372927098,95.34196868515706,94.71754080995508,95.12342071533205,6330100.0
2017-04-21,95.0531751566961,95.25611512092634,94.86584916547596,95.03756713867188,6021700.0
2017-04-24,95.63074913809378,96.1693179610348,95.34195619650436,95.91954803466795,5679000.0
2017-04-25,96.27082872459196,96.5908497518608,96.01325765104414,96.34107971191406,5090000.0
2017-04-26,96.62204376585446,96.98889470842592,96.38008078457788,96.40349578857422,5021800.0
2017-04-27,96.45816391286034,97.0279490439442,96.3176678885542,96.58304595947266,4225200.0
2017-04-28,96.66888394234256,96.70791292309907,96.10689996737273,96.37228393554688,4381800.0
2017-05-01,96.31764132406316,96.61424131357909,96.00542736115972,96.27080535888672,4556400.0
2017-05-02,96.41132283078792,96.58304084640336,95.91958974924236,96.55181884765624,4881600.0
2017-05-03,96.46594978529392,96.55180878415264,96.036660745987,96.26301574707033,3736500.0
2017-05-04,96.54398373686422,96.74691772460938,96.18493981048594,96.74691772460938,3753700.0
2017-05-05,96.62985075218184,96.62985075218184,95.89614886703892,96.40349578857422,4139800.0
2017-05-08,96.41911716038138,96.62986413550868,96.02104417235272,96.20056915283205,3608600.0
2017-05-09,96.18496364563534,96.3722896634302,95.91177267407552,96.16934967041016,3762500.0
2017-05-10,95.93521282795864,96.0522878906336,95.5215257715513,95.8571548461914,4237400.0
2017-05-11,95.61516716858422,96.1693441575752,95.49027919388894,96.16153717041016,4095900.0
2017-05-12,96.0913085584356,96.86403368009944,96.01325653841688,96.50498962402344,4097100.0
2017-05-15,97.10599053937544,99.40855759439464,97.04354654917488,99.11975860595705,9854600.0
2017-05-16,99.3929172281011,100.1968640347592,99.1743692754156,99.72854614257812,7233800.0
2017-05-17,99.72855610964189,99.8222220794333,98.69825426187916,98.8699722290039,6480800.0
2017-05-18,98.70608347661364,99.80663653830972,98.3158174470738,99.10415649414062,6571300.0
2017-05-19,99.15100900842772,99.43200108984956,98.69049784747928,99.12759399414062,6957200.0
2017-05-22,98.83875880142736,99.63490472615982,98.83875880142736,99.33049774169922,4858200.0
2017-05-23,99.36953624499743,100.0251803275077,99.36953624499743,99.533447265625,3972500.0
2017-05-24,99.7441674756526,99.90807845226507,99.35390154419842,99.52561950683594,3965200.0
2017-05-25,99.5806524322064,100.2720794627496,99.25851519754868,100.20136260986328,5294300.0
2017-05-26,99.96564236940374,100.31134985082667,99.65135793626536,99.7220687866211,4005200.0
2017-05-30,99.54920996371304,100.0913504496602,99.14850316446906,99.87135314941406,3665400.0
2017-05-31,100.05992844470208,101.19920882178272,100.05992844470208,100.7670669555664,8813500.0
2017-06-01,100.82206032850712,101.18347930908205,100.66490913108868,101.18347930908205,5790900.0
2017-06-02,101.39563946982084,102.25205847862829,101.22278271716826,102.20491790771484,6562600.0
2017-06-05,102.11850102343612,102.5506429536993,101.984932061165,102.4249267578125,4634700.0
2017-06-06,102.28347959969857,103.1870511513258,102.16562817463856,102.79419708251952,5619100.0
2017-06-07,102.92775024647466,103.3048867377992,102.59775431794658,102.7313232421875,5765200.0
2017-06-08,102.73132744448893,103.2420328809452,102.1106233606904,102.57418823242188,8101700.0
2017-06-09,102.43277573128104,103.4777690916026,102.38563515680808,103.34420013427734,5992500.0
2017-06-12,103.34417470400788,103.57988950732523,103.25774634242327,103.57203674316406,8020700.0
2017-06-13,103.51703485342166,104.28702538005442,103.24203224229043,103.72917938232422,5733800.0
2017-06-14,104.11418963964763,104.93918565039974,104.11418963964763,104.3184814453125,7329400.0
2017-06-15,103.71346277384016,104.77417343869944,103.5641763258574,104.53059387207033,5265000.0
2017-06-16,105.06488320124843,105.7563101335338,104.5305954838588,105.55988311767578,12639600.0
2017-06-19,105.40273562337438,105.81915995253271,104.88417739486384,105.3398895263672,7488700.0
2017-06-20,105.20630844022978,105.8820178770904,105.20630844022978,105.4577407836914,5201200.0
2017-06-21,105.51273077688438,106.1570171449015,105.3005982313746,105.9998779296875,5841100.0
2017-06-22,106.42415447422152,107.64200436667169,106.28273277792654,106.89558410644533,7311000.0
2017-06-23,106.4241395091792,107.25698801856882,106.32200562809022,107.19412994384766,9007100.0
2017-06-26,107.2334040760516,107.56339993457745,107.01340683703437,107.12340545654295,5561800.0
2017-06-27,107.24915481042925,107.42986431510744,106.06273990474024,106.07844543457033,6120500.0
2017-06-28,106.81702872799316,107.01345578044956,104.9470513410983,105.14347839355467,6557900.0
2017-06-29,104.81345770367768,105.07274282019895,103.9570387360178,104.21632385253906,5750000.0
2017-06-30,104.26345788143048,104.65631191413289,103.93346193263488,103.94131469726562,5264400.0
2017-07-03,104.33414965198084,104.75058588033544,104.22415102249607,104.42057800292967,2931000.0
2017-07-05,104.4834516067724,105.33201772705888,104.04345702342827,105.00202178955078,4302700.0
2017-07-06,104.97844335426689,105.2612987057275,104.03559617904897,104.1220245361328,4282200.0
2017-07-07,104.42846122381134,104.49917207192468,103.46989643065184,104.1377410888672,4994100.0
2017-07-10,104.29489597166406,104.39702987066876,103.10846908523332,103.35990142822266,4019600.0
2017-07-11,103.26560631891972,103.54846170486532,102.51918604707691,103.10846710205078,3733100.0
2017-07-12,103.74487098303632,104.41272752671946,103.53273847156665,103.89415740966795,5053200.0
2017-07-13,103.7920288208254,103.88630994184008,102.91989248458282,103.60345458984376,4424400.0
2017-07-14,103.71345353330707,104.49916151462,103.50917377418855,104.18488311767578,4383100.0
2017-07-17,104.2713053425014,104.44415005838827,103.51702044966494,103.831298828125,4939400.0
2017-07-18,103.41488894177944,106.03129816765605,102.99061187304828,105.64630889892578,10256000.0
2017-07-19,105.9448907755206,106.39275020407082,105.69347038586092,106.23561096191406,5503300.0
2017-07-20,106.64416473802444,107.7048755450126,106.55773636124054,107.30416870117188,6088600.0
2017-07-21,106.32986546618277,107.06843290710682,106.14915598243093,106.31414794921876,6773500.0
2017-07-24,106.06270632003888,106.19627521502424,104.38129201117852,104.50699615478516,8306700.0
2017-07-25,105.08061166046694,105.16704003600158,103.28133329405183,103.61919403076172,6262900.0
2017-07-26,103.44636222108323,103.90207449387154,102.73136475917622,102.88850402832033,5382200.0
2017-07-27,102.8099146021791,103.04561745229908,101.80420914515148,102.79419708251952,5838100.0
2017-07-28,103.03776116786788,103.7056178576109,102.55062597565092,103.59561920166016,4970900.0
2017-07-31,103.8234550946251,104.954876537807,103.7920320496268,104.27916717529295,5440800.0
2017-08-01,104.63273643452604,104.77417011353025,103.93345677060478,104.11416625976562,3837600.0
2017-08-02,103.77632190925844,104.1063178554844,103.32060979619772,103.83917999267578,4032100.0
2017-08-03,103.64274844772304,104.8134457319598,103.3284580443736,104.774169921875,4327300.0
2017-08-04,105.08060107013338,105.29273361592143,104.3420335698097,104.64059448242188,3192800.0
2017-08-07,104.5698849155395,104.87631058549842,104.11417279296788,104.38917541503906,3010800.0
2017-08-08,104.10629233817777,104.34200709597884,103.24200888922395,103.9255828857422,5535800.0
2017-08-09,104.34989750924478,104.8213271949441,104.00418400492592,104.67989349365234,6332300.0
2017-08-10,104.53058982567605,105.1670233933272,104.00416689034596,104.56987762451172,5607900.0
2017-08-11,105.00202059109752,105.6698772118064,104.30274092434551,104.57774353027344,4270600.0
2017-08-14,105.44203837957492,105.5756073353276,104.39704503155671,104.87632751464844,3041100.0
2017-08-15,105.16701318528315,105.2377240229521,104.65629582789784,104.7977294921875,3931800.0
2017-08-16,105.34771568068464,106.04699522555522,105.17485898519296,105.41842651367188,4469900.0
2017-08-17,105.42630057101351,105.8663071504719,104.52274110758036,104.53059387207033,5741400.0
2017-08-18,104.23988862395755,105.112025064694,104.01203855788847,104.20846557617188,4792800.0
2017-08-21,103.933452879587,105.00986899896604,103.86274203720866,104.85272979736328,4660000.0
2017-08-22,104.71132020346022,105.90558786470338,104.42060005852592,105.83487701416016,4150300.0
2017-08-23,105.62270621004376,105.66985875430188,104.2241471208281,104.34201049804688,5129900.0
2017-08-24,104.35776453608054,104.56204434355584,103.92562264627205,104.41275787353516,5398400.0
2017-08-25,104.30205696365894,104.8160111637574,104.07274541083788,104.12018585205078,4133300.0
2017-08-28,104.12019580446196,104.46810849357078,103.96997174800153,104.16764831542967,5349200.0
2017-08-29,104.03321702528632,104.7290302535279,103.81972298020764,104.53926849365234,3277900.0
2017-08-30,104.3732294706608,104.3732294706608,103.50344773231711,103.63787841796876,5430800.0
2017-08-31,103.89085252718968,104.76853659942364,103.78015417867437,104.66574096679688,7407100.0
2017-09-01,104.84763076437493,104.88715641609942,103.53505577929928,103.60621643066406,3820800.0
2017-09-05,103.36110760454126,103.72482567248424,102.57040146439957,102.71272277832033,5146600.0
2017-09-06,103.21877568955124,103.58250582787193,102.95785327699537,103.32157135009766,5601900.0
2017-09-07,103.47180452993346,104.78437959980678,102.989473308605,104.52344512939452,3800200.0
2017-09-08,104.37319681427044,104.64203397101883,103.47969513218804,103.5666732788086,4854400.0
2017-09-11,103.87504778315888,105.43273963471812,103.5983079105022,105.3299560546875,5724200.0
2017-09-12,105.82020574796748,105.85974346860291,104.31785682034904,104.8713607788086,5465200.0
2017-09-13,104.90300603825423,105.75697031177585,104.25463312969693,104.7290496826172,4679500.0
2017-09-14,104.48390394582918,106.3262506132577,104.36530285649118,106.09693908691406,6274500.0
2017-09-15,106.57929255773963,107.10116159028578,106.09696125163856,106.31045532226562,15522000.0
2017-09-18,106.3025411425234,107.3541818134386,106.04160665438182,107.04580688476562,5260800.0
2017-09-19,106.7611650514609,107.37000019866288,106.2313932929398,106.91930389404295,4903800.0
2017-09-20,105.36158032351564,106.1839093002721,104.64203492809328,105.33786010742188,8705500.0
2017-09-21,105.40903679480816,105.8123046601972,103.88297968955828,104.175537109375,6051800.0
2017-09-22,104.36532059724254,104.68159826605203,103.79601114120968,103.8908920288086,4334900.0
2017-09-25,103.95413319122898,104.18343265431032,103.44808176370876,103.7169189453125,6017400.0
2017-09-26,103.97785820863172,104.32577084333889,103.44018382060668,103.53506469726562,4516200.0
2017-09-27,103.58249883339354,103.65365948655815,102.34108446828434,102.5941162109375,5796100.0
2017-09-28,102.7206237670164,103.0052784218496,102.23037782161572,102.37271118164062,3992700.0
2017-09-29,102.45970003714216,103.16342799830944,102.0406267605604,102.79969787597656,5736900.0
2017-10-02,102.91833821085368,103.84346316375536,102.80763980790528,103.75648498535156,4492900.0
2017-10-03,104.09644314514144,104.68947266263798,103.86714370707132,104.4522705078125,3900800.0
2017-10-04,104.68948447582414,105.30623427839744,104.4522822942327,105.07693481445312,3589000.0
2017-10-05,105.07693370491435,105.40902882085344,104.65786043490422,105.31414794921876,3741100.0
2017-10-06,105.16390381258972,105.36158032351564,104.75273329160312,105.33786010742188,2469500.0
2017-10-09,105.68579085004744,105.81230673442283,105.29834047860476,105.51973724365234,3750500.0
2017-10-10,105.6067273394334,106.05743570399324,105.10067580996736,105.87556457519533,4184600.0
2017-10-11,106.65048428328,108.39003596965205,106.24721629303662,108.0500259399414,8269400.0
2017-10-12,107.80484862193592,108.73788793670728,107.55182898646244,108.19229888916016,5172800.0
2017-10-13,108.01044534801024,108.65881799963206,107.80485406451712,107.87601470947266,4106600.0
2017-10-16,107.89183195140554,108.53230188491528,107.17228659132238,107.63089752197266,5120100.0
2017-10-17,108.85650252488912,111.58443603620007,108.374171342612,111.32350158691406,11717300.0
2017-10-18,111.3234970060462,111.94816152823724,110.75419976265025,111.23651885986328,6827700.0
2017-10-19,111.2602762639382,113.05517067603792,111.12584559066866,112.31190490722656,9181300.0
2017-10-20,112.58073692355944,113.56120475314584,112.14584616113764,112.59654235839844,5634500.0
2017-10-23,112.3830662192994,114.13843479470268,112.34352849972008,113.56121063232422,6686000.0
2017-10-24,113.3714460749928,113.3714460749928,111.4342064505449,111.99561309814452,6585800.0
2017-10-25,111.6160660659237,113.25282127375142,111.45792727300176,112.56491088867188,6563600.0
2017-10-26,112.68351194934964,113.66399176965804,111.79002234013365,112.13002014160156,5841100.0
2017-10-27,111.48958855080676,112.83378685078657,110.85702109633962,112.10633850097656,5140100.0
2017-10-30,111.55281656361848,111.65561221613147,110.16117818946285,110.6988525390625,6034300.0
2017-10-31,110.71468447056336,110.90444623505483,109.89234327370367,110.23235321044922,4832100.0
2017-11-01,110.56445857861804,111.16539099705972,110.17700816495297,110.6830596923828,5006800.0
2017-11-02,110.7858499352857,110.92817126482454,109.99514370837343,110.64351654052734,3494100.0
2017-11-03,110.48534828791357,111.01511987104972,110.145350492182,110.76210021972656,2737000.0
2017-11-06,110.70677078840605,111.0863184516034,110.4774712989577,110.50909423828124,4220700.0
2017-11-07,110.76209996630315,110.81744311340934,109.836975377103,110.51698303222656,4201900.0
2017-11-08,110.46164731333036,112.17747821987946,110.27188555808854,111.74259948730467,4440700.0
2017-11-09,111.37885694649673,111.81374769586796,110.54071044691784,110.97560119628906,3517100.0
2017-11-10,110.80167578181172,110.80167578181172,109.59979884813838,110.35096740722656,4240800.0
2017-11-13,109.91606458790687,110.71468557215124,109.44955082526498,110.50909423828124,4322300.0
2017-11-14,110.35887409600466,110.92026876168087,109.84490780838074,110.29561614990234,4078200.0
2017-11-15,110.09002725998144,110.56445583370238,109.71049164013657,109.98724365234376,4811500.0
2017-11-16,110.24024968106272,110.445828936017,109.62349985098156,109.80535888671876,4193800.0
2017-11-17,109.35465350756304,109.79744698286169,109.0304611184275,109.11743927001952,4247400.0
2017-11-20,109.23606724688592,109.56025971582812,108.911886843164,109.0621109008789,4266300.0
2017-11-21,109.47323912563051,110.11370903085025,109.26765991692284,109.38626098632812,5660600.0
2017-11-22,109.35466649126958,109.41792443313965,108.0104684058825,108.55604553222656,3917000.0
2017-11-24,108.72207995844605,109.4179051310494,108.5718438811597,109.12533569335938,2606800.0
2017-11-27,109.3958516125938,110.0322927342271,109.3719861327042,109.865234375,3933100.0
2017-11-28,110.0243483197775,111.7984178878494,109.98456847117116,111.39269256591795,5052800.0
2017-11-29,111.55176359539978,111.87794125329955,110.54141403661092,111.2255859375,5851400.0
2017-11-30,111.42449688050692,111.5995184838001,110.16752906553964,110.84375,8941900.0
2017-12-01,111.03465146814256,111.7983708278427,110.26296885860992,111.3608169555664,5990500.0
2017-12-04,111.86999798153548,112.57008436954833,110.52551941323976,110.58916473388672,5916700.0
2017-12-05,111.20968156847545,112.02114416084196,110.74031102684388,111.11421966552734,6745300.0
2017-12-06,112.04501015599666,112.93603243101894,111.52790866049388,112.22003173828124,5591700.0
2017-12-07,111.38470458984376,112.57007583621731,110.78804341049984,111.38470458984376,4713100.0
2017-12-08,111.37675219938644,111.98136448410617,111.21764498120784,111.84612274169922,5101300.0
2017-12-11,112.09271735385512,112.3075187300676,111.24148723776872,112.28365325927734,4358600.0
2017-12-12,113.44518280029295,114.21686555687918,112.9996655932854,113.44518280029295,8016700.0
2017-12-13,113.36562473203146,114.10547877193432,113.134921082554,113.67588806152344,6118400.0
2017-12-14,114.17707540470856,114.25662293730512,112.65757550462544,112.68939208984376,5337900.0
2017-12-15,113.34970349328738,113.8747682156898,112.7928221842706,113.33380126953124,12517000.0
2017-12-18,113.41335097856955,114.39983512994428,112.49051214074504,112.8087387084961,5833200.0
2017-12-19,112.88034221513178,113.27016523291726,112.45870260812649,112.79283142089844,6580100.0
2017-12-20,113.1746868340248,113.42926809440374,112.2359457493584,112.29959106445312,6289800.0
2017-12-21,112.6416713303934,113.10309076195252,112.18821515018529,112.22003173828124,6284700.0
2017-12-22,112.17229239247192,112.45073910866132,111.40856080519076,111.47220611572266,4665600.0
2017-12-26,111.74274069787715,111.80637389150355,111.12220173851276,111.44837951660156,3271100.0
2017-12-27,111.71089118404944,112.29163804594458,111.53586958636537,111.83023071289062,3753600.0
2017-12-28,111.933626625974,112.17229350806689,111.63927768355056,111.82225036621094,2485000.0
2017-12-29,112.15640881987636,112.33939369005282,111.0426459275658,111.15402221679688,4452900.0
2018-01-02,111.10629042128828,111.3369941118542,110.35847299673571,110.76419830322266,6842100.0
2018-01-03,110.86759497694138,111.91771226340732,110.50163747251877,111.82225036621094,5350500.0
2018-01-04,111.73474848643112,112.28367871726596,111.55177578918712,111.8143081665039,4837600.0
2018-01-05,111.92568188058382,112.82465526065646,111.59950419447397,112.73714447021484,6158800.0
2018-01-08,112.72918446659052,112.96785136913462,112.10865780343758,112.88034057617188,5129800.0
2018-01-09,113.26220994305775,115.8954729285897,113.17469914267282,114.67033386230467,8897000.0
2018-01-10,114.20095115523732,114.68623606242264,114.01797846078792,114.53507995605467,6558600.0
2018-01-11,114.6623635015917,115.27492686235522,114.31232035881146,115.18741607666016,4962200.0
2018-01-12,115.34654304408438,116.4841711941675,115.27493447716584,115.9591064453125,5450600.0
2018-01-16,116.48415488116528,117.78885331920516,116.1738915983113,116.83419799804688,8804000.0
2018-01-17,117.61385185985591,117.99572376485833,115.7363574804549,116.92967987060548,10619700.0
2018-01-18,116.88990149104126,117.29563887779062,116.12618194969522,116.88195037841795,5554800.0
2018-01-19,117.31160011971129,117.4627441545702,116.484222790347,117.23204040527344,8738800.0
2018-01-22,116.95355034685484,117.85252380371094,116.7228466827689,117.85252380371094,7010400.0
2018-01-23,116.91375382304462,117.29561351113566,112.66551775401685,112.83258819580078,17473600.0
2018-01-24,114.16118017442298,114.20891112980031,112.8087505026164,113.02355194091795,13034400.0
2018-01-25,113.21448879458,115.08403235608642,113.1349412394956,114.87718200683594,7938800.0
2018-01-26,114.95672837203432,115.83183635023104,114.6623793880516,115.61703491210938,8065600.0
2018-01-29,115.23515382000116,115.30675023976694,114.18502444036432,114.30435180664062,8013400.0
2018-01-30,114.08162701317062,114.41576799812704,113.30994415283205,113.30994415283205,8376100.0
2018-01-31,113.42131066300664,113.42131066300664,109.8652093017685,109.93680572509766,13137400.0
2018-02-01,109.41177264073536,111.90979418048384,108.99013295154032,111.39269256591795,9393600.0
2018-02-02,110.59712608192478,111.66315787142578,109.2924273788824,109.53108215332033,9262500.0
2018-02-05,108.65599051562928,108.99011935184024,97.17622806666432,103.7315444946289,19954100.0
2018-02-06,103.42922494071014,105.79996749631046,101.83017730775148,104.87712860107422,19193500.0
2018-02-07,104.92486540033674,106.1500044481241,104.4952746570903,104.55095672607422,10550400.0
2018-02-08,104.1452372208086,104.41572074592727,100.3266027199938,100.5254898071289,11680200.0
2018-02-09,101.44830960812254,104.15317485706784,99.79357387013668,103.04736328125,15030900.0
2018-02-12,103.42129167337735,104.47142138483136,101.57561963398842,103.63609313964844,9963900.0
2018-02-13,102.79279650479836,103.89860810589468,102.38705912124226,103.38945770263672,6339000.0
2018-02-14,102.97574164169068,103.42919771833182,102.1404137604992,103.1587142944336,6259700.0
2018-02-15,103.50085693747351,104.43959827024584,102.94396331798532,104.39981842041016,5606400.0
2018-02-16,104.18499809514208,106.96145355695997,104.08952405611096,105.92723846435548,7970100.0
2018-02-20,105.70448444642504,106.16590385473874,103.94632973900592,104.11338806152344,6563500.0
2018-02-21,104.05772319163648,105.354458704974,103.30990582493038,103.34968566894533,6578000.0
2018-02-22,103.50084179273962,104.23274479401891,103.00759357734178,103.34968566894533,5732200.0
2018-02-23,103.4928752660736,105.076020750588,103.43719319749763,105.02828979492188,5126800.0
2018-02-26,105.45264341620144,106.81373340825547,104.88418178835262,105.74087524414062,6684400.0
2018-02-27,105.85295470051302,106.55751182235232,105.36456226653809,105.42060089111328,7158600.0
2018-02-28,105.64478098475207,105.9490290601318,103.97944303119496,103.98745727539062,7985900.0
2018-03-01,103.37096196562544,104.17960655750888,101.2972945477075,101.9057846069336,9424000.0
2018-03-02,101.609540974656,103.37095200299144,101.609540974656,103.1387710571289,6910400.0
2018-03-05,102.98663882952538,104.3237102105599,102.6263399655346,103.91537475585938,5799800.0
2018-03-06,104.08352122199788,104.24364727281866,102.41818341642578,102.65837860107422,5546500.0
2018-03-07,102.06590147997218,103.5470887801408,101.89776119127384,103.3148956298828,6391700.0
2018-03-08,103.54709846459347,105.92500772374471,103.54709846459347,105.73284912109376,6423400.0
2018-03-09,106.09310304342836,107.14195468167696,105.3324953285469,107.12593841552734,7557800.0
2018-03-12,107.12595146108856,107.470221815825,105.94100417517828,106.18920135498048,4942000.0
2018-03-13,107.12596651826188,108.39898513240304,106.84573676287168,107.56632232666016,9152300.0
2018-03-14,108.27888389191854,108.6471725589742,105.60472895857804,105.94100952148438,6770600.0
2018-03-15,106.12513934931602,107.47822679153124,106.06108649927144,106.53346252441406,6147200.0
2018-03-16,106.61355903137871,107.60634792004775,105.76487992970932,107.0298843383789,14233500.0
2018-03-19,106.76567913268975,106.86175232048689,103.57111125325422,104.2756805419922,6017000.0
2018-03-20,104.70803210774382,105.5086746607725,103.587137420238,105.05231475830078,6214300.0
2018-03-21,105.2044058325454,106.30929624720306,104.61193827892713,105.0362777709961,5158700.0
2018-03-22,104.4598361691248,104.6279642659221,101.7616685328575,101.98584747314452,7560100.0
2018-03-23,102.18599430632898,102.322108166041,100.00024382545494,100.16036987304688,8452500.0
2018-03-26,101.20920931330186,102.11393303161084,100.24843476258202,101.99383544921876,8358200.0
2018-03-27,101.76967604058706,103.36295912913896,101.1932124214545,101.84973907470705,7789900.0
2018-03-28,102.18598599166069,103.29888453301383,101.8497176540288,102.0418701171875,6868500.0
2018-03-29,102.45823851806584,103.0907408214664,101.537498270268,102.60234832763672,6119400.0
2018-04-02,102.33813924912438,102.38617585153898,98.91138981939876,99.72804260253906,8916900.0
2018-04-03,100.22442514553796,102.87455588835724,99.82410390851447,102.76246643066406,8035000.0
2018-04-04,101.601509847971,104.98021524805154,101.19318056157506,104.4117660522461,7717100.0
2018-04-05,104.41178236637816,105.04428451150744,103.68319482207478,104.6519775390625,5621700.0
2018-04-06,104.25967521353196,104.59594362294705,101.2092290124903,102.56231689453124,6399300.0
2018-04-09,103.00265579104224,104.99626007318896,102.22603767409566,103.6671905517578,6395800.0
2018-04-10,104.28368377685548,104.81211074953094,103.5150616150698,104.28368377685548,6019300.0
2018-04-11,103.39497325250892,104.36375606501436,103.3069020877357,103.78729248046876,4575400.0
2018-04-12,104.15555706367849,105.13234167692924,103.97141274975384,104.42777252197266,4559800.0
2018-04-13,104.95622085454592,105.22043434169336,103.78728966310732,104.57991790771484,4742300.0
2018-04-16,105.21243534420658,106.38938081318938,105.10834790834812,105.4926528930664,6379600.0
2018-04-17,105.77285287595384,105.8449077496432,103.13073088919164,104.51583862304688,11008700.0
2018-04-18,103.83532327453814,104.00345135081588,101.6335564950673,102.258056640625,9383600.0
2018-04-19,102.1859949966066,102.69841179088,101.59352128641363,102.1219482421875,5959500.0
2018-04-20,102.4822437382466,102.7224389403752,101.01706644378108,101.40938568115234,7743900.0
2018-04-23,101.5855149088476,101.92178939034712,100.70480940907248,101.54548645019533,7501900.0
2018-04-24,101.63356294172289,102.04989436236367,100.3285117311787,101.0330810546875,6577500.0
2018-04-25,100.808888463859,101.56148817321166,100.30447983772976,101.48943328857422,5859600.0
2018-04-26,101.37735552673024,103.45902480458884,101.37735552673024,102.49024200439452,8211100.0
2018-04-27,102.2660623800558,103.11473531024276,102.08191192965565,102.69841003417967,4266800.0
2018-04-30,103.17078683383626,103.26686001867108,101.27326202392578,101.27326202392578,8219400.0
2018-05-01,101.13715136083012,101.3933566937073,100.0562853036426,100.88895416259766,5122600.0
2018-05-02,100.49664391725898,101.02507089932548,98.63915356150396,98.8793487548828,7390800.0
2018-05-03,98.71920572819212,99.03145576085764,97.10190473541606,98.5030288696289,7282900.0
2018-05-04,98.15877600368648,99.68800621550244,97.51826562485228,99.43180084228516,6127600.0
2018-05-07,99.391748899012,100.27245433373636,98.73522236311749,98.9513931274414,6707900.0
2018-05-08,98.3669315468488,98.87133408952994,97.43018134969076,98.1667709350586,5951800.0
2018-05-09,98.47102968419009,99.31971497685434,98.1027348286037,98.88736724853516,6808600.0
2018-05-10,99.45581085538907,100.92098807472448,99.2796685306492,100.36053466796876,4948000.0
2018-05-11,100.69681088218546,102.16198821552624,100.68880885474186,101.8737564086914,5716700.0
2018-05-14,101.9618150923179,102.16998384030047,100.56069080060608,100.92898559570312,6101600.0
2018-05-15,100.51266885117025,100.74485592920404,99.5999368111301,100.18440246582033,5875700.0
2018-05-16,100.43259566827936,100.80089047981843,100.0803110187996,100.36053466796876,3818100.0
2018-05-17,100.47260648921286,100.552669502289,98.91936448860363,99.15955352783205,6473400.0
2018-05-18,99.10351461872897,99.63194153116493,98.70319342145928,99.47180938720705,5433900.0
2018-05-21,99.77606035509449,100.0722941404416,98.73522276806791,99.05548095703124,5558700.0
2018-05-22,99.11955382927148,99.47183241068282,98.2868848132133,98.406982421875,7172700.0
2018-05-23,98.37494170587156,99.2556471941867,98.27085427621198,98.8393096923828,4940800.0
2018-05-24,98.6551565071568,98.79126424775964,97.31808517870525,97.87853240966795,6923600.0
2018-05-25,98.04791582353464,99.04807999477748,97.70108598993214,97.97532653808594,4594800.0
2018-05-29,97.19293942995644,97.43491601450664,95.67657047410634,96.30570220947266,9821900.0
2018-05-30,96.88643702460116,98.06404363565127,96.41861892941525,97.57202911376952,6423700.0
2018-05-31,97.53169746269027,97.79787046331828,96.41861876059129,96.48314666748048,10337500.0
2018-06-01,97.09616676913984,97.85435447387988,96.76547193548436,97.80596160888672,5741000.0
2018-06-04,98.28183097512375,98.70125627387092,97.61236769494091,98.36248779296876,4853000.0
2018-06-05,98.44314139515774,98.85449297313282,97.5155726939203,97.98339080810548,5125400.0
2018-06-06,98.37862801668513,99.04002380371094,97.96727022422972,99.04002380371094,6799300.0
2018-06-07,99.20941286511506,99.60463563234867,98.62060632502607,99.4755859375,7414100.0
2018-06-08,99.49975775873332,100.70156082109207,99.47556133154195,100.06436157226562,6208100.0
2018-06-11,100.23373113821266,100.29019151304408,98.8464181918234,98.93514251708984,5571400.0
2018-06-12,99.33845338230272,99.35458228402398,98.3624856008504,98.83837127685548,5227300.0
2018-06-13,99.33041325912012,100.0885949236078,98.77387061352152,98.9109878540039,5836900.0
2018-06-14,98.9754756658396,99.33037299496706,98.4753936251345,98.73350524902344,5239200.0
2018-06-15,98.4834710466336,98.99162066506992,97.78981137203829,98.89482879638672,13173500.0
2018-06-18,98.08826396298676,98.24957761607874,96.99131389154148,97.85435485839844,6787400.0
2018-06-19,97.32199864953,99.34651111920203,97.24940321014058,98.86256408691406,8572400.0
2018-06-20,98.74158749891949,98.93517125776562,98.12859072373676,98.43508911132812,6277200.0
2018-06-21,98.265717829001,98.5964126813054,97.68497880144798,97.95921325683594,4417200.0
2018-06-22,98.14473009328024,99.51591468586882,98.12053365927436,99.08036041259766,9501400.0
2018-06-25,99.06422412215916,99.55623875600276,98.00760555786616,98.8787078857422,8170500.0
2018-06-26,98.79806331718844,99.12069681192251,98.08020702210924,98.68514251708984,5496400.0
2018-06-27,98.50769131976932,99.18522225711152,97.95921623857684,98.08827209472656,5666000.0
2018-06-28,98.22534523857948,98.73349475193592,97.6526739798304,98.40279388427734,5296800.0
2018-06-29,98.59639945611274,99.35458710191014,97.74949361596543,97.87047576904295,7308700.0
2018-07-02,97.87049549328836,98.18506761584968,96.87840471578694,98.06407928466795,5481400.0
2018-07-03,98.12052857044448,99.58043744782046,97.80596263723884,98.97550201416016,4248100.0
2018-07-05,99.69335677706825,100.91936268408968,99.3949259058796,100.82257080078124,7319100.0
2018-07-06,100.95161072900945,101.56460743215284,100.50798902593952,101.427490234375,7297900.0
2018-07-09,101.80659658481052,102.23408328574924,101.30651443544988,101.6694793701172,6706100.0
2018-07-10,101.92758374274104,102.85514642882102,101.71787108199936,102.74222564697266,5075600.0
2018-07-11,102.76641187616448,102.79060830360656,101.67752341151024,101.8227081298828,4827400.0
2018-07-12,103.0083898289802,103.41168621278229,102.57283564204566,103.04872131347656,6199000.0
2018-07-13,101.08067822409726,102.83902413785812,101.08067822409726,101.57269287109376,8250200.0
2018-07-16,101.62916664423146,101.70982348225228,100.14506113273733,100.57254791259766,7314400.0
2018-07-17,103.66977802060644,105.29100019694933,102.88739404655315,104.1375961303711,12858700.0
2018-07-18,103.89562017329392,104.08920390149744,102.57282879917064,103.08097839355467,7152000.0
2018-07-19,102.86319409357915,103.00031128024231,101.5242738729084,101.58073425292967,5984600.0
2018-07-20,101.0645250429502,101.7420496148504,100.9193403270116,101.50814056396484,5835500.0
2018-07-23,101.42750229897044,102.17762244283732,101.1855256769278,102.13729095458984,4631100.0
2018-07-24,102.62931838207554,104.5489780800505,102.55672907863584,104.33927154541016,7158800.0
2018-07-25,104.16179587368556,104.234385158346,102.95999276022953,103.74237060546876,6523000.0
2018-07-26,104.7748019294237,105.83949409600392,104.73448275041464,105.08130645751952,7640600.0
2018-07-27,104.8393147464643,106.68639071588048,104.80705694641472,106.10565185546876,6620400.0
2018-07-30,106.29119271867472,106.86387037199296,105.86370597628024,106.6057586669922,11013100.0
2018-07-31,106.69447013867692,106.98483961800498,106.28311850439636,106.88805389404295,7598900.0
2018-08-01,106.78318764670873,107.24294442095648,106.533149670865,106.98483276367188,5770400.0
2018-08-02,107.18648479764838,107.27520914713544,105.73463740033408,105.86369323730467,6563300.0
2018-08-03,105.80719815373055,107.03320365937414,105.58135665366972,106.4282684326172,6498700.0
2018-08-06,106.17825195454652,106.8961080763304,105.67010232305148,106.48475646972656,5840000.0
2018-08-07,106.3718357439592,106.60573866371402,105.90401759700836,106.03307342529295,4664600.0
2018-08-08,106.057290784655,106.30732880914972,105.573337486802,105.79917907714844,3721500.0
2018-08-09,106.0975910381272,106.24278192455304,105.39586995815314,105.82335662841795,4057800.0
2018-08-10,105.8152931868268,106.17019056066528,105.06516695440612,105.46039581298828,4324000.0
2018-08-13,105.43621111482828,105.58138970712918,104.73448997048878,105.03292083740234,3778000.0
2018-08-14,104.5892885292954,105.23455536962958,104.3311891776265,104.4521713256836,4542800.0
2018-08-15,104.65379418064872,105.45231311027726,103.9923924254625,105.20226287841795,5377300.0
2018-08-16,105.67816582273184,107.17840583587024,105.31520710982284,106.85576629638672,7861500.0
2018-08-17,106.83158047417702,108.88836312808463,106.62187398327583,108.46087646484376,6700900.0
2018-08-20,108.83190512805,110.59831845993264,108.0817911418764,110.40474700927734,7935000.0
2018-08-21,110.50151466162691,110.84833832562134,109.130330444832,109.17066192626952,5832100.0
2018-08-22,109.34004812942302,109.4368338488452,108.42054687258803,108.57379913330078,4688400.0
2018-08-23,108.57379108786472,109.28358579754128,108.16243950336064,108.97708129882812,5057600.0
2018-08-24,108.97710780294705,109.81594623048944,108.75126621447627,109.65463256835938,4809400.0
2018-08-27,110.0200004422018,110.4665785676454,108.972583011126,109.54906463623048,4325900.0
2018-08-28,109.4353746565352,109.53280536380112,108.712734668908,109.06188201904295,6037500.0
2018-08-29,109.06189270762772,109.56530126378378,108.75334558510087,109.5003433227539,4648700.0
2018-08-30,109.3703982804461,110.10116563010035,109.28921016790038,109.5733871459961,4821900.0
2018-08-31,109.28923927930175,109.61401659490993,108.7777032372315,109.36231231689452,6139500.0
2018-09-04,109.3623126624161,109.4110280209652,108.34736806110844,108.57471466064452,4406800.0
2018-09-05,108.37982811821708,110.37724431054902,108.36359792691236,110.31228637695312,6174800.0
2018-09-06,110.0200097838195,111.48964778459568,109.76017798351369,111.13238525390624,6562000.0
2018-09-07,111.05930916315994,111.7981918868898,110.22299571171602,111.49777221679688,6375200.0
2018-09-10,111.6682742947994,112.43151468886924,111.28665409776448,111.40845489501952,4892200.0
2018-09-11,111.75758412097052,112.78877134810602,111.4165642073938,112.46398162841795,7856800.0
2018-09-12,112.78063161798734,113.66567266727697,112.5045696783181,113.15413665771484,6767700.0
2018-09-13,113.58448028564452,114.06353116635172,112.87808280428102,113.58448028564452,6456100.0
2018-09-14,113.67378222036648,113.957971631701,112.9430271475906,113.25968933105467,4534800.0
2018-09-17,113.12979843615518,113.99858466381292,113.00799763749993,113.6413345336914,5295500.0
2018-09-18,113.8930169285737,114.35582518393696,113.5357544777196,114.11223602294922,4581200.0
2018-09-19,114.2908790427583,114.47763777281534,113.71439743803796,114.04730224609376,5049900.0
2018-09-20,114.33957418488454,115.41134895294834,114.0878575843464,115.28143310546876,5019300.0
2018-09-21,115.4438662237534,116.21523412211543,115.04601582297916,116.01224517822266,13283400.0
2018-09-24,115.37889626197818,115.70367354773197,113.8605308579581,114.05540466308594,6708000.0
2018-09-25,114.10410683193342,114.45325414376003,112.3746376309646,112.56951141357422,7982800.0
2018-09-26,112.8212184703842,113.67377425518976,112.01739042454716,112.17977905273438,7133300.0
2018-09-27,112.4152696053464,113.33278355519656,111.70075697974131,112.22852325439452,6450500.0
2018-09-28,112.13108915918824,112.5045818498632,111.57083773371482,112.18791961669922,6638500.0
2018-10-01,112.26101578682623,113.55203505521824,112.04991171770988,113.422119140625,4871800.0
2018-10-02,113.50327097722948,114.26651124441943,113.3895976856986,114.0635223388672,6439100.0
2018-10-03,114.11224088539778,114.704977426599,112.76440393082362,112.88619232177734,5411800.0
2018-10-04,112.49646718853586,113.29218032299764,111.49776512460704,113.14603424072266,4738700.0
2018-10-05,113.511397765197,113.87677531505392,112.50456833963923,112.94303131103516,4309300.0
2018-10-08,112.78062698402891,113.41395135581712,112.55328040900028,113.1784896850586,5174100.0
2018-10-09,112.65073827314606,113.36525086428064,111.89561302966038,113.02423095703124,4475300.0
2018-10-10,113.14601921327407,114.04729043598424,111.83064270019533,111.83064270019533,7265600.0
2018-10-11,111.97678391156612,112.58575052532562,107.89264881310902,108.672119140625,11603200.0
2018-10-12,109.12685352307328,109.1349810102516,107.36491094061884,108.69651794433594,6998000.0
2018-10-15,108.70463652170108,109.85761216546354,108.40420447835751,108.76146697998048,6398700.0
2018-10-16,109.41107597203268,112.0418179917906,109.41107597203268,110.8807144165039,9592800.0
2018-10-17,110.61271818137295,113.67379454642196,110.5964879882778,113.23534393310548,8261100.0
2018-10-18,113.02425591214428,113.51954949405848,111.81444958133514,113.2678451538086,7583900.0
2018-10-19,112.3259489318808,113.6737983717594,111.97681392668017,112.9024429321289,5924800.0
2018-10-22,112.5451898022784,113.07295609712028,112.16356959912989,112.60202026367188,4864300.0
2018-10-23,111.87937129577033,113.25970590775356,111.603309329158,112.80500030517578,8282700.0
2018-10-24,112.47213164998058,113.76313852207448,111.37598625928142,111.61957550048828,8279200.0
2018-10-25,111.61141737695333,112.9348965226053,109.65460149252242,112.43148803710938,9720700.0
2018-10-26,112.00117531934866,113.10543560714378,109.8819703695897,111.2135772705078,11371400.0
2018-10-29,111.22982366491436,112.94305080858344,110.60461426267564,111.68451690673828,6783000.0
2018-10-30,111.9930396824215,114.56695006056944,111.23792685581566,114.2827606201172,9646200.0
2018-10-31,114.4857660758732,114.83490111767344,113.3571480264484,113.66569519042967,9968900.0
2018-11-01,113.73064046580495,114.95668910850112,113.55200922124516,114.33960723876952,6913500.0
2018-11-02,115.2733206218045,115.29767829507644,113.39770544312032,114.22589111328124,7673200.0
2018-11-05,114.48577659780288,115.89858425857828,112.86186487301136,115.46012115478516,5601400.0
2018-11-06,114.91607256204644,115.971617296839,114.53445244724098,115.76051330566406,5798900.0
2018-11-07,116.1908718510748,117.62802459666302,116.08531363979176,117.53059387207033,7173600.0
2018-11-08,117.17332462213533,118.37501558434256,116.92162033844266,117.97716522216795,5497100.0
2018-11-09,117.76604674264216,118.33442563198084,117.230165408163,118.00963592529295,5343100.0
2018-11-12,117.72543780113172,118.74038222265156,117.51432143220232,118.2369613647461,7013600.0
2018-11-13,118.6998006069976,119.15449379692436,116.45067994668824,117.47373962402344,7432300.0
2018-11-14,117.74981259508462,117.98527428374804,116.56435188704026,117.12460327148438,6433100.0
2018-11-15,116.44256983283798,117.33571366856606,115.68744458982182,117.32759857177734,6657900.0
2018-11-16,117.49810470581488,119.14637364407928,117.36818883150346,118.53740692138672,8494300.0
2018-11-19,118.89466569677852,120.52670456234333,118.84595033770982,119.95021057128906,8714600.0
2018-11-20,119.76349058794736,120.77843542343844,118.8297462950809,118.9109344482422,8937700.0
2018-11-21,118.73228086368172,118.73228086368172,114.30712469004288,115.2895965576172,10275400.0
2018-11-23,115.175931782685,115.89044444073896,114.97294283868273,115.48446655273438,3404900.0
2018-11-26,116.03192149143902,116.0727802954946,114.9860009430692,115.51712799072266,7590900.0
2018-11-27,114.86345174099982,117.13506189244065,114.11986380416668,117.0288314819336,5962100.0
2018-11-28,117.52731054513193,119.75806248542769,117.14326007778192,119.6600112915039,8411400.0
2018-11-29,118.98993130177276,120.28099238979556,118.35257376657088,119.1778793334961,6900000.0
2018-11-30,118.7611430185266,120.11757577822424,118.56504067047508,120.03585815429688,12517600.0
2018-12-03,118.94907795127294,119.81522980867103,118.43428440765209,119.47203826904295,8827200.0
2018-12-04,119.5619018446976,121.7436271250525,119.15333877792652,119.3249282836914,9803500.0
2018-12-06,118.0747547048542,119.66814855495043,116.67746319424158,119.2269058227539,11572500.0
2018-12-07,118.88372433668248,120.3954006945488,117.76425269102609,118.83468627929688,9444500.0
2018-12-10,118.80203886119048,119.20243539386436,116.34249222198363,118.69580841064452,6848100.0
2018-12-11,119.53740524792322,121.10629877260624,119.12884208320246,119.7090072631836,9857400.0
2018-12-12,120.11756979469408,121.33509250775268,120.11756979469408,120.19928741455078,8869200.0
2018-12-13,120.08487720965348,121.4167844967494,119.95413401939965,120.80393981933594,6008300.0
2018-12-14,117.94402100725966,118.79383944138829,106.38985426645354,108.67781066894533,58140200.0
2018-12-17,104.8536521914595,107.5746717824915,103.63612952292624,105.52368927001952,36933100.0
2018-12-18,107.901538179899,108.51438294903696,105.57272306983116,106.56961822509766,24640100.0
2018-12-19,106.12020744198416,107.329563558028,103.84859692193103,104.27350616455078,21232100.0
2018-12-20,104.36336797579426,106.02213330283242,103.57892750639498,104.8127899169922,16609600.0
2018-12-21,104.42874929544897,106.71670555316588,103.87310313195653,104.66571044921876,19732900.0
2018-12-24,104.02018230491676,104.59216823125983,98.87228403111284,100.37579345703124,7531900.0
2018-12-26,100.84973188803708,103.5789371189803,99.69758698468164,103.53807830810548,9253000.0
2018-12-27,102.85170150880256,104.11007690429688,100.56374511078022,104.11007690429688,9918700.0
2018-12-28,104.5186637677685,105.20504710208589,103.57079394321852,103.99569702148438,6537200.0
2018-12-31,104.73924876790744,105.85872033744464,104.11823723520222,105.45015716552734,7409900.0
2019-01-02,104.69839803487385,104.90267961226591,103.18670937482908,104.38788604736328,7631700.0
2019-01-03,104.7065702523083,104.8128006679489,102.43495999109196,102.7291259765625,8654500.0
2019-01-04,103.87311095843036,105.12330712776212,103.55443215887564,104.4532699584961,8831700.0
2019-01-07,104.28981739239102,104.87815550344256,103.61160736660835,103.783203125,8404700.0
2019-01-08,104.73926711520885,106.63500654979612,104.3715689239241,106.19376373291016,9351600.0
2019-01-09,106.08752545189978,106.42255027918124,104.8618358121128,105.35210418701172,7403500.0
2019-01-10,104.33887260697712,106.13654820357456,104.33887260697712,105.98947143554688,6224400.0
2019-01-11,105.40928058955022,106.09566361028594,104.84546151239002,106.02212524414062,5300400.0
2019-01-14,105.1968522401978,105.37662103714878,104.25714944370694,104.82096862792967,7374400.0
2019-01-15,105.01708516045863,105.80969874133255,104.30618297021326,105.7034683227539,5194400.0
2019-01-16,105.74432664809471,105.74432664809471,104.5104640824944,104.6248550415039,6264200.0
2019-01-17,104.35519423497313,105.83419700932824,104.15091266934968,105.48282623291016,7632000.0
2019-01-18,106.14471583835176,107.19063664732558,105.7770114469462,106.79025268554688,10593000.0
2019-01-22,104.7555689367112,105.81783541524578,103.78319306673087,105.245849609375,10568100.0
2019-01-23,105.00070927304311,105.65441268047633,104.53494762135468,105.245849609375,9267800.0
2019-01-24,104.9925782360206,105.1641678020072,102.1408025404809,103.79956817626952,9917000.0
2019-01-25,104.69840806244744,104.95988202300605,103.79956404849148,104.78011322021484,7585100.0
2019-01-28,104.43692267486452,105.53186905306728,104.01201969199562,105.40113830566406,6927700.0
2019-01-29,105.36844768906948,106.6104833188512,105.00074329959104,106.49608612060548,6669300.0
2019-01-30,106.5287590977187,108.0159350512309,106.47156673631524,107.56651306152344,7299300.0
2019-01-31,107.55834102668612,110.4673087183784,106.93731704642052,108.74317169189452,17298100.0
2019-02-01,109.51128657113306,110.05875977768764,109.06186454534652,109.65836334228516,9575200.0
2019-02-04,109.4622249140694,109.61746840968114,108.03225414668373,108.57972717285156,7759000.0
2019-02-05,109.1026874119041,109.39685332564338,108.47349678311484,108.57972717285156,6449800.0
2019-02-06,108.743182276829,109.14357869948184,108.1058246854122,108.67781066894533,5066100.0
2019-02-07,108.22838058084773,108.38363657944046,107.47662584882454,107.90153503417967,6085300.0
2019-02-08,107.8198489411494,108.23659147362378,107.48482405341642,108.18755340576172,4436700.0
2019-02-11,108.11398680337749,108.40815279200218,107.25600163085883,107.86067962646484,4962200.0
2019-02-12,107.92604712471244,109.74006857414425,107.92604712471244,109.62567138671876,6262300.0
2019-02-13,109.55214083188122,110.2957163690619,108.84941163941612,109.86264038085938,7902200.0
2019-02-14,109.7400479485265,110.16495705125608,108.96378057486996,109.74821472167967,3910400.0
2019-02-15,110.46731489967908,111.46421005902204,110.32022567093792,111.439697265625,6665000.0
2019-02-19,111.2435740926666,111.4396888934683,110.8268441678656,110.87586975097656,5935500.0
2019-02-20,111.104687231009,111.72569886020088,110.90857238940924,111.41519927978516,6089800.0
2019-02-21,110.29571295476278,110.95758331366432,109.71556021948116,110.6552505493164,6665500.0
2019-02-22,110.54903021211396,111.65215588977178,110.16499225748844,111.61947631835938,5223900.0
2019-02-25,112.15412823492169,113.0918299731768,111.75107626237966,112.0307388305664,6846600.0
2019-02-26,112.2281371433488,112.65586442098451,111.90734482288484,111.95669555664062,5106900.0
2019-02-27,111.47140910633176,112.07186401944392,111.364474137169,111.75929260253906,4378100.0
2019-02-28,111.82508823402304,113.47017967564472,111.61123086499082,112.39264678955078,10133200.0
2019-03-01,112.86973644746482,114.01307461519605,112.69699630582711,113.7992172241211,5641600.0
2019-03-04,114.21047838117236,114.6711019767637,113.10825757623404,113.9061279296875,8377700.0
2019-03-05,114.17757251573538,114.4490141169044,113.80742944179651,114.1446762084961,6568900.0
2019-03-06,114.72044643424722,114.86849863142076,114.00483571247324,114.40787506103516,6236900.0
2019-03-07,113.94728064838154,114.43257970914487,113.26456605648627,113.70874786376952,6100400.0
2019-03-08,113.58534431475144,114.58063023598116,112.21169436142308,113.5606689453125,7046700.0
2019-03-11,113.60179600321008,114.35853660019778,113.11649701455256,113.97193908691406,6150400.0
2019-03-12,114.04595486468362,115.15639656627891,113.92257803164024,114.48190307617188,5552900.0
2019-03-13,114.81919483582062,115.02483133887972,114.35035013539506,114.671142578125,6446900.0
2019-03-14,113.790971469574,114.16934802183025,113.46195820321762,113.52776336669922,8493600.0
2019-03-15,113.51131002242909,113.72516739249852,112.54893303053905,113.18229675292967,11922500.0
2019-03-18,113.22340880857898,113.33034376423804,112.45844734408266,112.8285903930664,7369600.0
2019-03-19,113.19052311941594,114.18580901661208,113.07536721446412,113.87323760986328,5882500.0
2019-03-20,113.78275410055952,113.93080630974934,112.4008707261946,112.92729949951172,5475700.0
2019-03-21,112.68876159850228,114.1528919494936,112.64763180303706,113.59356689453124,5765100.0
2019-03-22,113.30567386258998,113.83210262568082,112.5736086678066,112.61473846435548,6528800.0
2019-03-25,112.61473955827516,112.69698660112007,111.65236255473192,112.36797332763672,4500300.0
2019-03-26,112.63116903928602,114.55593538557191,112.63116903928602,113.98015594482422,4758600.0
2019-03-27,113.99660900678906,114.72867419994108,113.56889426657897,114.08708953857422,6764900.0
2019-03-28,114.38322068136875,114.71224654276308,114.09533717258364,114.23516845703124,4602100.0
2019-03-29,114.564171650012,115.05770412299212,114.23515836872666,114.9836654663086,7168400.0
2019-04-01,115.14817726241236,115.39493093200208,114.11999513561727,114.31739807128906,5885200.0
2019-04-02,114.3421116177194,114.3421116177194,112.61477259856632,113.27281188964844,5517800.0
2019-04-03,113.67581144669296,113.70872030276549,112.58182417672684,112.8285903930664,5947000.0
2019-04-04,112.58182684353572,112.69698274041512,111.15060534675602,111.51252746582033,5844600.0
2019-04-05,111.89913393691484,112.34331573254458,111.61947135510582,112.01428985595705,4759700.0
2019-04-08,111.90733529482922,112.28569925544303,111.61943930436416,111.98136138916016,4329600.0
2019-04-09,111.86621609514587,112.08007346047866,110.68174826949962,111.51252746582033,5210300.0
2019-04-10,111.77575441578853,111.97316993703984,111.31513075058903,111.52076721191406,4194100.0
2019-04-11,111.83334772750958,112.0142962811948,110.56661999433112,111.21643829345705,4485200.0
2019-04-12,111.22462415585782,112.1541047596922,110.83802669502676,111.8497543334961,5756800.0
2019-04-15,111.86622562374431,112.51603126483091,111.7017189786258,112.29395294189452,5380900.0
2019-04-16,113.77452959199228,115.73217986360036,113.14938681444296,113.52776336669922,10745700.0
2019-04-17,114.33386724038772,115.27978989857408,113.23987981030658,113.93904876708984,9543700.0
2019-04-18,114.6217688912228,115.35383419359412,111.6605988192414,113.11650848388672,10485300.0
2019-04-22,112.67232151971722,113.914373725273,112.2446067353505,113.37149047851562,4666500.0
2019-04-23,113.03421757431975,115.85555557696776,112.89438632507049,115.07412719726562,5790500.0
2019-04-24,114.86850273739132,115.27155465141126,114.21869715259528,114.49835968017578,5676300.0
2019-04-25,113.93906193825072,114.96724431646288,113.4784382409804,114.8685302734375,5218100.0
2019-04-26,115.05771713479824,115.58414597501957,114.58885997733913,115.47721099853516,4613600.0
2019-04-29,115.44428658611342,115.51007919295424,114.81092292357856,115.0247802734375,4275200.0
2019-04-30,115.31267368008504,116.34907665372933,114.30094607121444,116.14344024658205,6003700.0
2019-05-01,115.93783016122772,117.08940183332828,114.95077769303658,116.7603759765625,6656300.0
2019-05-02,116.7274745197471,116.92487747404972,115.25511054662654,116.20926666259766,8835600.0
2019-05-03,116.2174661564786,116.87550516851576,116.04473860333712,116.80970001220705,5281600.0
2019-05-06,115.36203768037193,116.9989081879408,115.09881702443953,116.87551879882812,5818900.0
2019-05-07,115.83092873373144,116.29155246563616,114.38323980368178,115.13175964355467,6606700.0
2019-05-08,115.32091223780996,115.91314618496529,114.90963936067722,114.9836654663086,4667300.0
2019-05-09,114.2927317025298,114.5970821707374,113.21519875698326,114.1117706298828,5604200.0
2019-05-10,113.86499786069778,114.53949137480645,112.2034645450161,114.37498474121094,4771600.0
2019-05-13,113.38791840766108,113.56064595877068,112.30215216791468,112.85325622558594,5560000.0
2019-05-14,112.7216742423893,113.37971341205618,112.46668704501852,112.5407257080078,7179400.0
2019-05-15,112.60650497441463,113.09181649200838,111.3151147099324,112.61473846435548,6429400.0
2019-05-16,113.00954281846508,114.490127452388,112.66407516239144,113.6840362548828,6857200.0
2019-05-17,112.68879258956323,114.35855982603952,112.57363666122194,114.01309204101562,6915300.0
2019-05-20,114.01306670624903,114.30096273865654,113.24809263356596,113.85678100585938,4771100.0
2019-05-21,114.43255394099198,114.80270954739372,113.57711193415884,113.6100082397461,4859000.0
2019-05-22,113.79920987209135,114.292729792931,113.09182002294096,114.13644409179688,5456800.0
2019-05-23,113.92258696576909,115.03302875444834,113.23987248360248,114.9836654663086,6951800.0
2019-05-24,115.530258968618,115.530258968618,114.75177348125744,114.99195098876952,5473300.0
2019-05-28,115.11619210465967,116.350175979394,113.50125524640538,113.517822265625,11919600.0
2019-05-29,112.54053917672684,112.54053917672684,106.43690220606317,108.76406860351562,23247400.0
2019-05-30,108.8551820579475,109.99806611127347,108.63157156122476,109.4100570678711,7360600.0
2019-05-31,108.92143078840992,109.31895070718645,107.3396156657684,108.61499786376952,7811000.0
2019-06-03,108.90487487769984,109.65022638102548,108.52390929886631,108.85518646240234,8434600.0
2019-06-04,109.81587336296404,111.22376658311856,109.79930634524024,110.75170135498048,6648900.0
2019-06-05,111.5550176117621,111.91113894658751,110.85935459475986,111.29000854492188,6860600.0
2019-06-06,111.72065281587408,114.00642084215303,111.46392093163102,113.1948013305664,9115800.0
2019-06-07,113.94844722816588,115.60479507700704,113.57577148956284,114.74349975585938,6533900.0
2019-06-10,114.78491229962384,115.24039785374882,113.95673836567832,115.13274383544922,4994700.0
2019-06-11,115.67933117578328,116.4909507447111,115.53026593063224,115.76215362548828,8230500.0
2019-06-12,116.19280665311838,118.35434114839008,116.19280665311838,117.33567810058594,9216500.0
2019-06-13,117.36881504491905,117.55929151806424,116.11827691011,116.53236389160156,7500800.0
2019-06-14,116.96301590858238,117.17834924621027,115.977486780946,116.0188980102539,6548100.0
2019-06-17,115.94432796328437,116.14309421765869,115.29007624431168,115.48055267333984,5562800.0
2019-06-18,116.40812557347527,116.714545883743,115.7704281090642,116.13482666015624,7122700.0
2019-06-19,115.9526180797125,116.74767054892438,115.8698082755204,116.3170166015625,6393400.0
2019-06-20,116.97954479003204,117.93193956894928,116.7725013479258,117.77459716796876,7335800.0
2019-06-21,117.15349094525264,117.95680803992786,116.78080256324,117.67523193359376,11272200.0
2019-06-24,117.94850020612871,119.0085615614494,117.67520136089207,118.47853088378906,5894700.0
2019-06-25,118.65246567884658,120.0686358218231,118.58621025740185,119.45579528808594,7517000.0
2019-06-26,119.13284193246264,119.13284193246264,116.57377451850776,117.47649383544922,7674100.0
2019-06-27,117.79115200662284,118.01476246331448,116.44123735190853,116.5157699584961,5233500.0
2019-06-28,116.55720007082736,116.8553431824418,114.71036316199825,115.34806060791016,12792400.0
2019-07-01,116.10998498287444,116.15967339784568,114.88429107816832,115.41432189941406,5872300.0
2019-07-02,115.2983736544942,115.9691925048828,114.85944248974783,115.9691925048828,4501200.0
2019-07-03,116.77254162968892,117.74978094781228,116.59861951807494,117.71665954589844,3436300.0
2019-07-05,117.3853358452996,117.48471263791257,116.25072936961897,116.41637420654295,4652400.0
2019-07-08,116.04375051449676,116.8388032084615,115.64623048598132,116.7477035522461,4078100.0
2019-07-09,117.15347939651444,117.98993044296836,116.697981247681,117.11206817626952,4217400.0
2019-07-10,117.41850186104962,117.5924239511565,116.49922826918552,116.94644927978516,4874400.0
2019-07-11,116.72280899980689,116.9464194480662,115.13271693458962,116.0354232788086,5817400.0
2019-07-12,116.04375214505151,116.04375214505151,109.5840042024064,111.22378540039062,17780100.0
2019-07-15,112.1264685552934,112.92979828320594,111.3479830344766,111.56331634521484,10038200.0
2019-07-16,110.08915621523728,110.83452034635329,109.11191702788732,109.73304748535156,10214500.0
2019-07-17,109.72476415798688,110.62747067281369,108.83033483283462,109.20301055908205,8862100.0
2019-07-18,109.42662628049506,109.74132378327164,108.63157374115488,109.37693786621094,6203100.0
2019-07-19,109.52601696183466,109.64196082213924,107.81998045866732,107.91935729980467,8340200.0
2019-07-22,107.66261007139391,107.78683110516532,105.87375136349804,106.53629302978516,12624800.0
2019-07-23,106.51145071757728,107.20711379293364,106.13877497270288,106.7019271850586,5803600.0
2019-07-24,106.73503353026904,107.48866201460116,106.47830169788828,107.48038482666016,6838600.0
2019-07-25,107.7123018202523,108.92971853663492,107.38931448551396,108.59016418457033,8897800.0
2019-07-26,108.73924663312016,108.73924663312016,108.068427727949,108.26718139648438,4894600.0
2019-07-29,108.49079649109808,110.40387645311584,107.83654457632578,110.16371154785156,7832000.0
2019-07-30,109.7081801353646,109.72474714907638,108.71437414044878,109.38519287109376,5509600.0
2019-07-31,109.02080824080151,109.31895134084468,107.81166882481249,107.84480285644533,8559200.0
2019-08-01,107.8779191626117,108.27545170187152,106.85099169518185,107.90276336669922,7870700.0
2019-08-02,108.3748602321952,108.88004692469148,107.4721535210418,108.5487823486328,6574900.0
2019-08-05,108.4162506779855,108.8717488604387,106.84271265105002,107.7951202392578,9480000.0
2019-08-06,107.94419447119192,108.67299162383,107.32306398072052,108.3003158569336,7880600.0
2019-08-07,107.13257970006497,108.41625181427564,106.163617721926,107.83653259277344,6771700.0
2019-08-08,108.47419781441742,109.27752738936758,107.85306748143095,109.05391693115234,5260500.0
2019-08-09,109.15332002566106,109.94835987461232,108.6812548478402,109.3520736694336,4677300.0
2019-08-12,108.90488518954764,109.89869150039269,108.73096308260664,109.26099395751952,6852100.0
2019-08-13,109.56742140402528,111.0581371134068,109.31896667963966,110.4949722290039,5013200.0
2019-08-14,109.75788801409132,109.76616520395142,107.77027567159438,107.8779296875,7736200.0
2019-08-15,107.80338959181076,108.5487536462545,107.04147115879486,108.10980987548828,7251200.0
2019-08-16,108.88001717056488,109.04564941333116,108.15950996422002,108.7889175415039,5858900.0
2019-08-19,109.73305974430308,109.7910379925373,109.16990746568275,109.52601623535156,4958000.0
2019-08-20,109.28582467093516,109.86554382722213,108.04356392020745,108.15950775146484,7302000.0
2019-08-21,109.07052898961732,109.65853817459936,108.3665885703393,108.92974090576172,6912800.0
2019-08-22,108.98769252474628,109.42662368977268,108.32515086380398,108.71439361572266,7213500.0
2019-08-23,108.54876571722755,108.70610815274124,105.2857520131012,105.78266143798828,15714000.0
2019-08-26,106.31666727446532,106.8673609705316,105.65750650151288,106.63373565673828,8889500.0
2019-08-27,108.36922388319115,110.47185125722145,107.71840882956911,108.1689682006836,20183800.0
2019-08-28,106.68378101557974,107.5264998665094,105.97455959649764,107.3679656982422,9878800.0
2019-08-29,107.50148232511296,107.80185953988132,105.824383636104,107.00086212158205,6749900.0
2019-08-30,107.02586104971417,107.71839755616644,106.4835131065189,107.1009521484375,7371100.0
2019-09-03,106.79225391546908,107.61828801975884,106.39175523221844,107.41804504394533,5710200.0
2019-09-04,108.04382885852388,108.12725918717288,106.86735045944867,107.5181655883789,4807200.0
2019-09-05,108.38590509268164,108.38590509268164,107.05924458249213,107.28453063964844,4754100.0
2019-09-06,107.53485529647088,107.82688054023916,106.85900980489848,106.97582244873048,6758300.0
2019-09-09,106.80060842845286,106.93411224457834,105.62412992064328,105.92450714111328,7684700.0
2019-09-10,106.2499026814912,108.09388732910156,105.41552302280516,108.09388732910156,8239500.0
2019-09-11,108.35254420073797,109.53736180155776,107.70172907819784,109.4455795288086,6203600.0
2019-09-12,109.6041123314052,109.94621104661016,108.51941623020252,108.82813262939452,5250000.0
2019-09-13,109.57906662826711,109.779322301456,108.43597073141478,109.12015533447266,5369800.0
2019-09-16,108.56114331181958,109.09514581072952,107.91032816413636,108.08554077148438,5101700.0
2019-09-17,108.13560029310244,108.88653683379005,107.72674970934636,108.19400024414062,4976400.0
2019-09-18,108.3859129971062,108.93660662959525,107.45141184982052,108.81145477294922,4373600.0
2019-09-19,108.1606356802068,109.4622658679832,107.93534961490003,108.5611343383789,4730100.0
2019-09-20,109.30372768814904,110.13810728882194,108.71131256975748,109.8460693359375,12053100.0
2019-09-23,109.32042635282534,110.1798363820104,108.87820615262808,109.92118072509766,5183700.0
2019-09-24,110.22156856810886,110.78894067921009,109.5874318184964,109.76265716552734,7102600.0
2019-09-25,109.72092393542314,109.77933662208116,108.66125821545091,109.29539489746094,4522900.0
2019-09-26,109.37882122960414,109.5623857643651,106.82562163181218,107.50981903076172,7545800.0
2019-09-27,107.30958585762458,107.96874029322755,105.71591739487047,107.3012466430664,6006500.0
2019-09-30,107.6933935864007,108.70298588990605,107.63498089644028,107.9520492553711,6552100.0
2019-10-01,108.48605942688138,109.13687461795286,108.27746448790656,108.46102905273438,7673000.0
2019-10-02,110.77223888631632,112.39093746097184,109.48729981405654,110.13811492919922,12051800.0
2019-10-03,109.8377409550484,110.4468345587516,108.47769799771076,109.46227264404295,6997600.0
2019-10-04,109.58741885414048,111.5732464713172,109.51232774213535,111.52318572998048,7233300.0
2019-10-07,111.04758249263256,111.65668879254552,110.25492438623483,111.10599517822266,5427200.0
2019-10-08,110.51360323560336,111.1894488443218,109.7126057480947,110.00463104248048,7870400.0
2019-10-09,109.42058089759009,109.51236319696308,107.23450960732184,107.81857299804688,7787700.0
2019-10-10,107.59326105759648,108.56948379049636,107.3262661708424,107.68504333496094,5119700.0
2019-10-11,109.42054450706684,110.6554227984285,109.15354964508565,109.5790786743164,7161400.0
2019-10-14,109.60411662827512,109.60411662827512,108.8197976823247,109.0701141357422,5700000.0
2019-10-15,110.97248541834514,112.01545990535966,110.22154888034356,110.83898162841795,10008800.0
2019-10-16,112.55781024202192,113.9679138944678,111.64000026151368,112.78309631347656,12434200.0
2019-10-17,113.44225719948122,114.71885698224796,113.18358882622428,113.61746978759766,8434000.0
2019-10-18,111.23114800965467,112.13227955058012,106.55027770996094,106.55027770996094,25868700.0
2019-10-21,107.35964063263592,108.19402038052144,106.01628872927525,106.81729888916016,13823600.0
2019-10-22,107.43472027832104,108.9199150523808,106.87568743474785,107.80184936523438,7613700.0
2019-10-23,108.1856822996185,108.86986707960637,107.69340129879954,108.38592529296876,6693400.0
2019-10-24,108.81981030201504,108.95331412353644,105.21528987650046,106.3834228515625,12111600.0
2019-10-25,106.6587551136398,107.7184208630678,106.22487411888116,107.09263610839844,6947300.0
2019-10-28,107.3179132829606,108.46936134676125,107.22613100640224,107.78516387939452,7876300.0
2019-10-29,108.21905686014206,108.44434296963666,107.26786440315132,107.73511505126952,4506300.0
2019-10-30,111.22280184155306,111.41470558230952,109.91281977468418,110.83898162841795,9627600.0
2019-10-31,110.45518466439336,110.83899218245224,109.21195437410827,110.1714859008789,7686700.0
2019-11-01,110.17983939357968,110.97249754399782,109.42055082847848,109.47061157226562,5541800.0
2019-11-04,109.97126788932933,110.09641977544553,108.54447272947344,108.66128540039062,6140300.0
2019-11-05,108.9115836088424,109.69590258108752,108.20235575565292,108.8198013305664,6257300.0
2019-11-06,108.81979072035398,109.704231098438,108.219036363236,109.2703628540039,5450000.0
2019-11-07,109.91283782662424,110.45519228792068,109.312083404907,109.66252136230467,5873700.0
2019-11-08,109.55407573665576,111.00588851264342,109.27872886116218,110.97251892089844,5003000.0
2019-11-11,110.3634219788313,110.57201693311794,109.5791029136534,110.12144470214844,4371400.0
2019-11-12,110.1380981334674,110.21318923569656,109.3204097576335,109.59575653076172,5228700.0
2019-11-13,109.33711334305644,109.71259440385364,109.07011845203589,109.5290298461914,5885400.0
2019-11-14,109.32876280814496,109.60410961612595,108.58616544054398,109.2703628540039,4217500.0
2019-11-15,109.51233114862248,112.616224524279,109.1201716871223,112.59119415283205,10495100.0
2019-11-18,111.9904404281914,113.21697956274126,110.6888101788626,112.4994125366211,9291800.0
2019-11-19,112.64124819875674,112.7997823629109,111.98209390380389,112.4910659790039,5192200.0
2019-11-20,112.73303101427088,113.75931438244264,111.86528181102454,113.42556762695312,7594400.0
2019-11-21,113.4255835686916,114.18487218551276,112.64126457827186,113.8427734375,6424900.0
2019-11-22,114.01799690954768,115.67007811411068,113.89284502963788,115.20282745361328,9235800.0
2019-11-25,115.15239681679776,115.64808843821484,114.46347186869524,115.25321197509766,6111900.0
2019-11-26,114.65670223709012,115.38763775556916,113.54768424507763,115.24481201171876,10636500.0
2019-11-27,115.2364098540323,116.15218166344395,115.01795993337304,115.73210144042967,5523000.0
2019-11-29,115.60607477188812,116.16898069471092,115.05156583782502,115.51365661621094,3278900.0
2019-12-02,115.70690776268184,115.81613273255516,114.97597221311648,115.40444946289062,4717100.0
2019-12-03,115.0263795483217,115.48006058712696,114.39625916008364,115.23641967773438,5741400.0
2019-12-04,116.36221723400138,117.4040207615603,115.97573780318469,117.1015625,7257300.0
2019-12-05,117.07636583998313,117.4124248978046,115.90013349794532,117.25279235839844,5472900.0
2019-12-06,117.1687957768402,118.94993203795688,117.1687957768402,117.94174194335938,6640400.0
2019-12-09,117.9501385898031,118.30300448089176,117.67288407112648,118.04255676269533,4241000.0
2019-12-10,118.29459499713752,118.46262452469566,117.5468527026472,117.61406707763672,5310300.0
2019-12-11,118.4038054537897,119.2859764857022,118.15176757595556,118.44581604003906,6631500.0
2019-12-12,118.73147414968132,119.35318464239408,118.23576976949067,118.7482681274414,5012400.0
2019-12-13,118.54663173551184,119.13474142261116,117.88289787306216,118.78187561035156,4257200.0
2019-12-16,119.07593519836848,120.0169236057037,118.87430489809232,119.1263427734375,5353100.0
2019-12-17,120.14294603048272,121.02511707928818,119.73967259839468,120.61343383789062,10722400.0
2019-12-18,120.74788879106237,120.88231757087344,119.9245349494291,120.30260467529295,7849200.0
2019-12-19,120.89070005403369,122.56262415022132,120.65545612751303,122.11734008789062,9414700.0
2019-12-20,123.4027820837232,124.2093290090706,121.65524665236086,122.7138442993164,14532800.0
2019-12-23,122.44500175802422,123.30195627884778,122.10892985000594,123.03311157226562,6558700.0
2019-12-24,122.663439278737,122.67183626902734,122.04171586177354,122.60462188720705,4238900.0
2019-12-26,122.63825186174388,122.81467842022386,121.95772378222416,122.5206298828125,3019300.0
2019-12-27,122.83142342247984,123.12548463177384,122.276914592294,122.45335388183594,3432700.0
2019-12-30,122.47859846859456,122.83146434541266,121.84847808431252,122.07532501220705,2923300.0
2019-12-31,121.90730008879804,122.67183644093129,121.63844256114004,122.55421447753906,4435000.0
2020-01-02,122.55421581624267,122.68024759114624,121.89049461981485,122.63823699951172,5777000.0
2020-01-03,120.56303670950788,122.13413280679066,120.14295644222736,121.2183609008789,5752400.0
2020-01-06,120.98307936963096,121.15110886034532,120.01690018315207,121.06710052490234,7731300.0
2020-01-07,120.99152359872804,122.20135691597991,118.78190993441854,121.80648040771484,7382900.0
2020-01-08,121.714041038131,122.64661965616293,120.73105484396184,121.78966522216795,6605800.0
2020-01-09,122.4617952376984,122.6886421722039,121.81488085459488,122.15093994140624,6112700.0
2020-01-10,122.45336991403494,122.81463270777604,121.7392284950093,121.8736572265625,5042600.0
2020-01-13,122.22654062559091,122.48698831807133,121.5880232885477,122.411376953125,4593200.0
2020-01-14,121.86526685384968,123.17591500806962,121.5964093761481,123.10030364990234,7037500.0
2020-01-15,122.99951017377506,123.8396707974206,122.8650942170654,123.5120086669922,4960300.0
2020-01-16,123.85645564048424,125.04948197616488,122.83145883577538,124.51177978515624,6476000.0
2020-01-17,124.68818115205625,125.52834137087774,124.28489501674608,125.32669830322266,9083600.0
2020-01-21,124.83104618733104,126.16689827944906,124.7638318102656,125.41075897216795,9543900.0
2020-01-22,123.2514906667933,125.33508423615316,122.663381129453,124.55374145507812,10305300.0
2020-01-23,124.37734874226464,124.99067510777402,123.301944380049,124.78903198242188,8671900.0
2020-01-24,124.83105461801736,125.1419099155866,124.28494257491474,124.61261749267578,9051900.0
2020-01-27,123.94045284112777,125.57036589791356,123.50356588924632,124.97384643554688,7587100.0
2020-01-28,124.7302198343183,126.50295880830296,124.46975933913497,125.6039810180664,7336600.0
2020-01-29,125.5619656932104,127.02384936333404,125.293121039065,126.4777374267578,6288600.0
2020-01-30,126.04926834673805,126.45254176377554,125.2259147145025,126.32652282714844,6470600.0
2020-01-31,125.81407550051534,126.02411569333758,124.8814965315912,125.0747299194336,8651700.0
2020-02-03,125.53680303419648,126.43578108500412,125.38558027041624,126.16692352294922,5765200.0
2020-02-04,127.27590612116934,128.33450363090722,127.03225242125924,127.36832427978516,6541400.0
2020-02-05,127.46915947946972,129.40153130552386,127.12469057772908,129.37632751464844,5979900.0
2020-02-06,129.59476954885147,129.80480969398738,128.32613168737055,128.98985290527344,6201200.0
2020-02-07,128.83019136857538,128.93101933304987,127.32630990836712,127.6119613647461,5700300.0
2020-02-10,127.43554879424757,127.62879495515742,126.77182758628771,127.58678436279295,4835600.0
2020-02-11,127.94800646209782,128.02363063217706,127.31788623701988,127.69596862792967,3715300.0
2020-02-12,127.59515869577828,127.83040258744656,126.79700886191588,126.93983459472656,5166800.0
2020-02-13,126.15850305713845,126.89783557555276,125.92325914402954,126.09968566894533,5480200.0
2020-02-14,126.49455599381568,126.56177036856364,125.30992667606634,126.13329315185548,5716300.0
2020-02-18,126.41895156435562,126.64579848909474,125.2343221816236,125.3015365600586,7230700.0
2020-02-19,125.36033841273932,125.82241637498788,124.83103326055534,125.13349151611328,6115200.0
2020-02-20,124.85624517422234,125.5031723112436,123.83964538747465,124.65460205078124,7464700.0
2020-02-21,124.41937858859248,126.2257315474281,123.957287700526,125.96527099609376,7776800.0
2020-02-24,123.86835924779224,125.98215377420506,122.8114619845858,123.3695068359375,10588900.0
2020-02-25,123.43718028162498,124.07976933172093,121.61085826356567,122.3041763305664,10529000.0
2020-02-26,122.89604278967025,123.63163929919178,121.40792289710936,121.48401641845705,10093800.0
2020-02-27,120.5370478211964,122.40564833688516,117.484727228769,117.6284637451172,12566700.0
2020-02-28,114.4492905091996,116.08113367878528,110.61064535426826,113.70523071289062,19820300.0
2020-03-02,113.95890847449556,118.4824346757896,113.30785603937842,118.3894271850586,11508200.0
2020-03-03,118.37252107972677,119.2095885519311,112.53845198714404,114.64378356933594,13662500.0
2020-03-04,116.4109042373602,121.45019685597508,115.9543302246868,121.31491088867188,10560500.0
2020-03-05,119.0489366731112,120.6385017359344,118.23723371851024,120.07200622558594,11339200.0
2020-03-06,117.08731423341172,120.91750925733476,116.18261679654351,120.08890533447266,12239100.0
2020-03-09,115.26947266575398,118.10195027831404,114.0603751940908,115.36248016357422,13848600.0
2020-03-10,118.34717208127825,120.0212943435034,113.4938934364075,119.75918579101562,12698100.0
2020-03-11,116.75757232608834,117.31561727762602,111.18561205050682,111.43927001953124,17763400.0
2020-03-12,107.64287864380093,113.09646635935306,105.26697547838084,106.0363998413086,21539200.0
2020-03-13,109.34236699763144,114.07725888943536,105.39379400843464,113.5445785522461,20084200.0
2020-03-16,104.480650371563,113.09647369333348,103.51676044724634,107.49069213867188,18877900.0
2020-03-17,108.69132282420163,115.64148062338155,108.06563496702756,115.4892807006836,18911800.0
2020-03-18,110.77977153097588,114.7114250546756,108.82662702301226,114.11111450195312,17521100.0
2020-03-19,114.13646400148468,114.13646400148468,106.66208253969477,107.4230499267578,18482300.0
2020-03-20,107.23704499265668,107.75281146709824,99.8810348305571,101.36914825439452,19785100.0
2020-03-23,98.92559898710417,100.24460490934612,92.29674143340728,93.97086334228516,20815200.0
2020-03-24,100.41371335557405,101.16622381356711,96.2706741183646,100.76882934570312,17604800.0
2020-03-25,100.54053963641807,104.81040129051904,98.671939344018,100.95484161376952,13986100.0
2020-03-26,101.9440966979081,107.46532775603872,101.78344622674128,107.01720428466795,15066800.0
2020-03-27,102.85726866610985,107.90501228955924,101.95256464060454,104.13400268554688,12133200.0
2020-03-30,108.61523747183236,113.29095052834924,107.80353459349224,112.46233367919922,21754000.0
2020-03-31,114.1364562914421,114.7452301599692,109.95959615521716,110.8727569580078,15746100.0
2020-04-01,107.97263790455364,110.11179725164982,106.11250102467608,108.91116333007812,12606100.0
2020-04-02,109.1732750134908,113.29940679234454,107.56679604796278,112.5807113647461,11594500.0
2020-04-03,111.9296516626416,113.96733977674492,111.25323483525464,113.44312286376952,10071200.0
2020-04-06,115.84441177714666,119.1926685963133,114.60149933607256,118.16958618164062,14994400.0
2020-04-07,118.2541584352119,120.08893110899083,116.05580628051516,116.2418212890625,11567100.0
2020-04-08,116.47008462152375,121.8644926693416,116.08960416677824,121.1288833618164,10758200.0
2020-04-09,121.76302182337577,122.95520509696316,118.6092438322803,119.41248321533205,11125400.0
2020-04-13,118.37250505378458,119.63233135928265,116.54618330800432,118.17803955078124,8153200.0
2020-04-14,122.95517336102417,124.64620863690384,121.79681832555065,123.47093963623048,13838000.0
2020-04-15,123.06510115740164,125.0605234023683,121.36560236009797,124.8491439819336,11962300.0
2020-04-16,125.3987856791272,127.40265942097228,123.81767098166004,126.54869079589844,12181700.0
2020-04-17,128.5102800244502,128.77238852910165,126.48949260605777,128.53564453125,10920000.0
2020-04-20,127.61398204850866,129.36420990468162,126.90375026697892,128.2396697998047,12226200.0
2020-04-21,126.92912828573984,128.2143189569989,125.61858601412918,126.55709838867188,9951100.0
2020-04-22,129.2036044933857,131.0552909916497,128.29044349828644,129.35580444335938,11515600.0
2020-04-23,130.4210874244947,132.7462607821437,129.95605017264998,131.48643493652344,10665000.0
2020-04-24,131.537212975164,132.1544373690933,129.9053568796362,130.9368896484375,8653400.0
2020-04-27,130.8945830611328,131.94302957350868,130.2097158407678,130.4549102783203,8924000.0
2020-04-28,127.88458820974056,129.4488015567396,127.41955076320735,128.00296020507812,8558700.0
2020-04-29,127.99449898430082,128.20587845129745,126.1174482852445,127.03060913085938,9285200.0
2020-04-30,125.52561173306437,127.19127037372044,124.4264357196801,126.86151885986328,14829600.0
2020-05-01,126.50638392076192,126.54866239602808,124.11356671838564,125.38184356689452,7309000.0
2020-05-04,125.7877034141202,126.04981190265715,124.36722661276129,125.3649444580078,7198400.0
2020-05-05,125.98217875502978,127.48719972413792,125.67779176680676,126.40493774414062,6562300.0
2020-05-06,126.82769284700991,127.09826478450866,125.17047198378044,125.2042999267578,6191600.0
2020-05-07,126.29500650943169,126.43029247186196,124.40105464172554,124.78998565673828,5570500.0
2020-05-08,125.91454588607095,126.1343759335034,125.0436633306519,125.72853088378906,4712100.0
2020-05-11,125.51711992787682,126.91223209548944,125.23809749435428,126.07516479492188,5887500.0
2020-05-12,126.91223871903742,127.11515475285978,124.3164926393754,124.40950012207033,7039200.0
2020-05-13,123.5132504204516,125.93988254785684,123.45405797754972,124.40104675292967,6970500.0
2020-05-14,122.9298674283358,124.93374105640328,121.97442791378414,124.83228302001952,6871400.0
2020-05-15,125.02674996684163,127.23355259414356,123.15816230060187,127.19973754882812,10340400.0
2020-05-18,128.93303588321808,129.88846238655316,127.21663548958242,127.26736450195312,7388400.0
2020-05-19,126.91226074687786,127.75777877210268,125.4748697827307,125.99909973144533,6107300.0
2020-05-20,126.61627859369918,127.1574094185374,124.51939826014814,124.86605072021484,5713400.0
2020-05-21,125.55939250136274,125.55939250136274,123.29341100453314,124.0459213256836,6487300.0
2020-05-22,123.08385276071444,124.5482125045163,122.64964121116438,122.91356658935548,6140900.0
2020-05-26,124.4631229933847,124.67596778597452,122.85401688104628,123.07537078857422,7072300.0
2020-05-27,122.87100589015344,123.66278201088916,121.7556886476923,123.35628509521484,7950000.0
2020-05-28,124.3183820747606,126.09776130819718,124.13958674447083,125.12718963623048,6189600.0
2020-05-29,125.97004021988604,127.15345648829864,123.73090933428747,126.6426239013672,8504000.0
2020-06-01,125.39961375242292,126.29356434737954,124.30984961470868,125.31448364257812,6141800.0
2020-06-02,125.20376843151529,126.30205439516574,124.40347025422209,126.21691131591795,6078300.0
2020-06-03,126.44680942516852,126.97466023430076,124.68444870536936,126.55747985839844,6339500.0
2020-06-04,124.98240853691068,126.31906647725188,123.94372537743084,124.9228057861328,8170500.0
2020-06-05,125.74014881569298,127.40033503282974,124.81214895470508,125.40811157226562,9725400.0
2020-06-08,124.19917474730352,125.67205680437031,124.07998220495728,124.95690155029295,7555600.0
2020-06-09,126.2169327101651,127.1364235596564,124.00334218461064,124.26728057861328,8247200.0
2020-06-10,124.8121794798542,127.73240351560156,124.8121794798542,125.83383178710938,10137100.0
2020-06-11,126.49791582633958,127.00022640763302,119.83161551446396,119.93377685546876,11913300.0
2020-06-12,121.61098268692024,122.35169130833498,119.43145435621192,121.02352905273438,8687400.0
2020-06-15,120.044441317668,121.23636674427516,118.67372058156332,120.25728607177734,8649600.0
2020-06-16,122.675253313456,123.8075894622431,121.55143927282953,122.99027252197266,7579100.0
2020-06-17,123.36482058355212,123.8075413321855,122.14735476357716,122.61561584472656,5100100.0
2020-06-18,121.33854089623011,122.70073952608212,120.78513674168568,122.09626770019533,4797400.0
2020-06-19,124.12254544831868,124.1991794356584,121.96004838668782,122.45384979248048,12206900.0
2020-06-22,122.14735840674146,122.30912251150998,120.92137044535257,122.0792465209961,5285600.0
2020-06-23,122.37723902072536,122.66670480281893,121.47476624376378,121.62802124023438,5921600.0
2020-06-24,120.46163461971982,121.05759739687969,118.10331085401488,119.03983306884766,8211200.0
2020-06-25,119.67838134396683,119.67838134396683,117.09869039544724,118.9121322631836,7421200.0
2020-06-26,118.79291761966832,118.85252038876062,116.65596088430696,117.32854461669922,12849700.0
2020-06-29,118.12031388455031,118.9376303578865,117.47325760289716,118.37571716308594,5309800.0
2020-06-30,118.68219539367954,120.06143783557096,117.35404659045814,119.72940063476562,7738300.0
2020-07-01,119.7805346497389,120.37649745632534,119.24416162830366,119.51660919189452,6174800.0
2020-07-02,120.25731366785696,120.7596242849798,119.47404635191565,120.01892852783205,5152200.0
2020-07-06,121.04056384763734,122.40277559008284,120.79366962721376,121.7301788330078,6156400.0
2020-07-07,120.37646500820894,122.57302418126038,120.24024126313334,121.6194839477539,5622600.0
2020-07-08,121.6365294890528,122.07925026446648,120.64041748763276,121.97708892822266,6257400.0
2020-07-09,121.54290474552766,122.9647066240897,119.68690409875164,121.31304168701172,5738600.0
2020-07-10,121.5343894822922,121.63655083646552,120.41056262231967,121.21086120605467,4282400.0
2020-07-13,122.2665344833958,124.84621172494607,121.9855778641858,123.62874603271484,6951900.0
2020-07-14,123.72239662116306,126.33612327131038,123.67130297114676,125.93597412109376,7447100.0
2020-07-15,127.4769768048978,127.88564808731466,126.19990827712398,126.22544860839844,8512800.0
2020-07-16,126.58302894141993,127.14494222348752,124.88027086801252,127.06832122802734,9304700.0
2020-07-17,127.70688710294712,128.2006886253338,126.59158236747732,127.15349578857422,7441100.0
2020-07-20,127.90268540625696,127.97931940253235,126.37020034597096,127.36632537841795,6191500.0
2020-07-21,127.36632684706166,129.12867494345085,127.2811837351138,127.48551940917967,5575900.0
2020-07-22,127.64729642002855,128.055967851029,125.87643884976366,127.71540832519533,5910200.0
2020-07-23,127.8856878076795,128.43057002912562,127.093898319209,127.3748550415039,6566300.0
2020-07-24,128.13257178285954,128.2177149007163,125.17828486924924,126.10628509521484,5405900.0
2020-07-27,125.46774098448816,126.7873812631519,125.0335422954245,125.30597686767578,5675200.0
2020-07-28,125.49325962219848,125.99558310624306,124.93986846763951,125.00798034667967,4842200.0
2020-07-29,124.6333533574552,125.55284410407552,124.36091887198104,124.76105499267578,4489100.0
2020-07-30,125.52731204875296,125.5783927062072,124.42051683686884,125.0164794921875,5922500.0
2020-07-31,124.86326438054388,125.53584816673084,122.56454336351908,124.09701538085938,8259600.0
2020-08-03,124.63336172979596,125.82528704195892,124.4290261087059,125.45069122314452,4078700.0
2020-08-04,125.14425901306316,125.34007263183594,124.1481467031952,125.34007263183594,4162200.0
2020-08-05,126.940656678864,127.1194390538698,125.833861009385,126.3446807861328,5467500.0
2020-08-06,126.34465904147112,127.06833650608588,124.72704387364544,125.6209945678711,4837900.0
2020-08-07,125.58690255011015,126.55747402042724,125.28040561258835,126.5149154663086,3635100.0
2020-08-10,126.73631705947544,126.86401875196428,125.76574522351076,126.02967071533205,4096600.0
2020-08-11,126.97468075782436,127.05130176037096,124.61635697055776,125.12718963623048,6388400.0
2020-08-12,125.61247910010248,127.91121328987562,125.5699205337118,127.41741180419922,5257300.0
2020-08-13,126.4638665759302,127.01727087646285,125.60397822041588,126.0041275024414,5155500.0
2020-08-14,125.67207729386848,127.14495959107312,125.6465369585597,126.2084503173828,4240200.0
2020-08-17,126.27653960362191,127.90266362158476,126.199905620399,126.84696197509766,4306900.0
2020-08-18,127.07685437833824,127.79202277761412,126.48941364434874,127.78350067138672,4322600.0
2020-08-19,127.34927970222556,129.05203780014378,127.127925826261,128.0388946533203,7816300.0
2020-08-20,127.49403086282096,129.05205630474083,127.32375762681654,128.91583251953125,4874700.0
2020-08-21,129.22230807227203,130.81438270048588,128.20916494849484,130.05665588378906,6722800.0
2020-08-24,130.90517254655632,131.04228992765417,128.85683372741116,130.39950561523438,5387900.0
2020-08-25,130.93944641222876,131.18799699889124,129.87670499240733,130.32237243652344,3863500.0
2020-08-26,130.1509435032197,130.82800376357892,129.10534683977042,130.52804565429688,8008300.0
2020-08-27,130.63088116932929,131.35079629277678,130.17664807400095,131.11082458496094,5575400.0
2020-08-28,130.90514735879975,131.72790379699964,130.18521912852756,131.67648315429688,5395700.0
2020-08-31,131.12796306062197,132.3278215439115,130.49374467518228,131.47935485839844,6362700.0
2020-09-01,131.8735765076841,132.05356180258974,128.61681432632008,129.85952758789062,6307700.0
2020-09-02,129.2338990288055,132.26784774705652,127.91405457157104,131.83932495117188,6881900.0
2020-09-03,132.69634125778916,133.24484979237042,127.09983582484324,128.171142578125,8672800.0
2020-09-04,128.7025684045593,129.37106309372476,126.09715488236068,127.3484344482422,7200100.0
2020-09-08,128.77109758734767,129.3196062320083,125.89998968136416,126.20852661132812,8756800.0
2020-09-09,126.97132015030698,129.49961552538474,126.94560982450784,128.29974365234375,6960700.0
2020-09-10,127.91406060608894,128.3682937449575,125.57432969187256,125.90857696533205,6191800.0
2020-09-11,126.02854288329333,127.29696655649514,125.66858534403916,126.65418243408205,3934700.0
2020-09-14,126.9455779397862,128.10259462006252,126.85130240970832,127.14270782470705,4375800.0
2020-09-15,128.08545029557806,129.06248166487526,127.28840423949626,127.60550689697266,3658800.0
2020-09-16,128.0340803893064,128.6082995457018,127.14275844978512,127.18560028076172,4323000.0
2020-09-17,126.87699586116328,127.38266258843257,125.17148387669197,126.1313705444336,5461400.0
2020-09-18,125.56573212605784,128.2568544864384,125.30005011212332,127.85404205322266,12174000.0
2020-09-21,126.48281541397182,126.7827735848682,122.52326816928738,124.35734558105467,7574500.0
2020-09-22,124.00592931058954,124.57158254223842,123.17459403672078,123.59455108642578,5295900.0
2020-09-23,126.397084690116,126.45708416085476,123.7402511079984,123.79167175292967,8784400.0
2020-09-24,123.894532122171,124.48589578490582,122.8489352559548,123.98880767822266,5614800.0
2020-09-25,123.4145661825603,125.34291877916282,123.32029064362727,124.83726501464844,5531200.0
2020-09-28,125.75429742955176,127.09128647531612,125.48861538551884,126.0799789428711,5843200.0
2020-09-29,126.49992126925856,126.77416902948734,125.1800638733857,126.037109375,6768600.0
2020-09-30,126.37137988168573,128.32544293920782,125.8485815062754,127.59696197509766,8487700.0
2020-10-01,127.9655227573039,128.2569152281709,125.52294975976672,126.260009765625,6457800.0
2020-10-02,125.30862500902366,127.19412244387284,124.98294354280816,125.33433532714844,5485600.0
2020-10-05,125.98568604487296,127.16841299661723,125.48859809526272,127.03984832763672,4992800.0
2020-10-06,127.08270653035534,127.3655331165143,125.01722372316442,125.35147094726562,5118200.0
2020-10-07,125.5486134614302,127.03986442170412,124.96581565866776,126.73990631103516,5603100.0
2020-10-08,127.27125966740984,128.42827634992247,126.87701297428296,127.60550689697266,4413500.0
2020-10-09,128.25686192647973,129.82525685961377,128.08545543117336,129.38816833496094,5054100.0
2020-10-12,129.92815221059843,131.24799702608834,129.4310640631465,130.1338348388672,7273200.0
2020-10-13,127.6998072389974,128.65969422271192,126.64564470670528,127.15129852294922,11057600.0
2020-10-14,127.54555604793788,127.7255283338208,126.31997381308166,126.92848205566406,7706400.0
2020-10-15,126.39708942655872,126.75704703204472,125.41149215516695,126.14855194091795,5978600.0
2020-10-16,126.49995917644505,127.49412231734802,125.99429224008146,126.92848205566406,6097000.0
2020-10-19,127.2969507666078,127.6140533762058,123.52595628052816,123.68879699707033,7250800.0
2020-10-20,123.9802389937614,124.91441570503574,123.51742697410688,123.8859634399414,5325400.0
2020-10-21,123.5174092398888,124.56300593123076,123.33743698501416,123.35456848144533,5221300.0
2020-10-22,123.55166872248408,124.8629471459264,123.27740791569806,124.34014892578124,5279700.0
2020-10-23,125.02580352668112,126.38850275272615,123.71452493898092,124.477294921875,4154400.0
2020-10-26,123.7830733220321,124.07447872628649,122.34324318208652,123.38883972167967,6929500.0
2020-10-27,123.19175547147177,123.6631201515498,122.48897170975292,122.68608856201172,4890100.0
2020-10-28,121.21195670877758,121.6833344189652,118.42655842196152,118.5808334350586,8426100.0
2020-10-29,118.27228401567632,118.87221327562276,116.60104783529805,117.5780792236328,7205400.0
2020-10-30,117.14100029095556,117.87806011789296,114.54415285967748,117.50953674316406,7364100.0
2020-11-02,119.11217726690006,119.13788758512749,117.83518787001768,118.86363983154295,7088000.0
2020-11-03,120.00354938121303,120.80917447729756,118.0837621964474,118.70083618164062,6363000.0
2020-11-04,119.54929675368427,122.1632754001659,118.87222339892382,119.47215270996094,10263500.0
2020-11-05,120.45777410070912,121.55479153548605,119.35217783946278,119.78070068359376,8016200.0
2020-11-06,120.32918680084278,122.72035114537526,119.68640265537358,121.91472625732422,5942500.0
2020-11-09,127.21126136226034,127.69121784271312,124.20303626880144,125.19721221923828,12351600.0
2020-11-10,126.19999229754268,127.48556097969085,125.3515122594318,127.08274841308594,7386500.0
2020-11-11,127.8454969171608,127.87120724023644,125.86572357546392,126.67134857177734,6382400.0
2020-11-12,126.50852038869428,127.39984219140966,125.77146053977424,127.09988403320312,4710300.0
2020-11-13,127.77694070295128,128.9082473079357,127.19415590218688,128.4711456298828,5893500.0
2020-11-16,129.3453257496692,129.6710072759758,128.3854388226333,129.28533935546875,6266400.0
2020-11-17,128.55684555122795,129.09678848733626,127.8026412058676,127.99977111816406,7297700.0
2020-11-18,127.58836370351598,128.35113370114368,126.30279541015624,126.30279541015624,6661000.0
2020-11-19,126.24282807575092,126.37995851966588,124.77727424605231,126.10569763183594,7987700.0
2020-11-20,126.0285583819594,126.79132844459406,125.24007799746454,125.43719482421876,6354900.0
2020-11-23,126.00675639278518,126.00675639278518,123.44364267192348,124.1599349975586,7318300.0
2020-11-24,124.2721293281848,124.92800527014468,123.93555950465488,124.1599349975586,11034800.0
2020-11-25,124.32392390811115,124.418854546338,123.28832532549598,123.99597930908205,7594600.0
2020-11-27,124.7036333349016,124.8417166429426,123.59899320727142,124.27213287353516,3059000.0
2020-11-30,124.47060003276766,125.01429474336987,123.4608906904685,124.85894775390624,15663200.0
2020-12-01,126.2484196959996,128.69935272255208,125.87733555976578,127.24950408935548,9738200.0
2020-12-02,127.59469858669098,129.19988091642796,127.46524054027766,127.84496307373048,7745500.0
2020-12-03,127.7586713897552,129.08770039915137,127.4566289191478,128.587158203125,7310500.0
2020-12-04,129.26891653455888,129.71768075050997,128.8201654869583,129.68316650390625,6747100.0
2020-12-07,128.88920864219884,129.37248711035426,128.16427777161505,128.56126403808594,6634700.0
2020-12-08,129.45017212578236,131.29699405470942,129.0618242430755,130.78782653808594,8339800.0
2020-12-09,131.8924285757195,132.47063759609998,130.9690112957732,132.1254425048828,8440100.0
2020-12-10,131.8838083299767,132.02187847071258,130.8999746290077,131.3918914794922,7392900.0
2020-12-11,130.7705423400049,132.39298845699676,130.51163940264553,131.99600219726562,5977400.0
2020-12-14,132.25493704764608,132.4534236412311,128.578556588756,128.64759826660156,8547300.0
2020-12-15,129.4501303031814,130.09738095469731,129.04451884143023,129.94204711914062,7612600.0
2020-12-16,129.6227642914078,130.24412614504945,129.06181883636975,129.16537475585938,8486100.0
2020-12-17,129.5278260587573,132.80723272356096,129.4156448753289,132.57421875,9920300.0
2020-12-18,132.60011891339167,133.85148109182265,130.89138035596244,133.34230041503906,17137200.0
2020-12-21,131.18478749625797,132.39299689145733,129.49331277867063,132.05642700195312,7893400.0
2020-12-22,131.5213492239413,132.81585074452474,131.0553344706054,131.79751586914062,4699500.0
2020-12-23,131.86652508801058,132.5569283628022,131.08981646573977,131.1243438720703,4607300.0
2020-12-24,131.0467154105971,132.0736756041738,131.02082643242673,131.58177185058594,2114900.0
2020-12-28,132.31530407188163,132.78994403135275,131.4350394683202,132.20310974121094,3855500.0
2020-12-29,132.99709075860446,133.70474476363574,132.72956254322614,133.02297973632812,5212000.0
2020-12-30,133.5407660764287,134.9560870476316,133.41994647529,134.67129516601562,5412800.0
2020-12-31,135.08553573244828,136.0607310059769,133.86007598104604,135.819091796875,5099900.0
2021-01-04,135.6982873712098,135.81910698927533,133.01435362785674,135.05966186523438,11765900.0
2021-01-05,134.8439290322705,137.01005716763802,133.82559400102798,136.64759826660156,9602300.0
2021-01-06,135.69827189858063,138.2786362691222,135.2495077247846,137.93344116210938,8230100.0
2021-01-07,137.21716786514338,138.9690589548592,136.65622244624268,138.39947509765625,7747200.0
2021-01-08,138.52032722101748,139.02950797133383,137.9766453828011,138.11471557617188,8228900.0
2021-01-11,138.5634264550824,139.21931558603418,137.01866059291527,137.5364532470703,7066200.0
2021-01-12,137.34660592197497,137.78674486625425,135.7759509261961,136.4663543701172,6903200.0
2021-01-13,136.55266404767875,136.75116378724408,135.27542607237956,136.25924682617188,6643100.0
2021-01-14,138.4685157050869,139.7630172788366,137.74359798419133,138.64111328125,10030800.0
2021-01-15,138.3390350341797,139.29696647772312,137.3120619443582,138.3390350341797,7630800.0
2021-01-19,139.80615413458068,140.70366933001287,139.02945854561725,140.4792938232422,9057600.0
2021-01-20,140.8417788200323,141.65300197210635,139.6335825307849,140.13412475585938,6839900.0
2021-01-21,139.21933022614127,140.2204013967852,138.13194051820406,139.57315063476562,6818000.0
2021-01-22,140.11684080523418,142.53324620300742,139.69396558091012,141.14381408691406,8137000.0
2021-01-25,142.40377854836305,143.3358211318501,141.23873519526606,143.2408905029297,9924400.0
2021-01-26,146.45131075624806,149.86016308951997,146.18378247337404,147.12445068359375,14205700.0
2021-01-27,145.950697326841,147.5041014669751,144.50948750937843,144.88058471679688,14207300.0
2021-01-28,145.15677321205334,147.45235915337088,144.81157806121124,145.98526000976562,8944400.0
2021-01-29,141.7565697123289,143.25819651276862,138.5548426946646,140.78138732910156,22505900.0
2021-02-01,142.6626632463868,142.6626632463868,140.32393840175445,140.4188690185547,9971400.0
2021-02-02,140.9971167513451,141.23875599357103,139.0985038933539,139.15892028808594,11443300.0
2021-02-03,138.89139555476467,139.39193776004288,137.70908829216435,138.5116729736328,8601900.0
2021-02-04,138.9431554315645,139.88382332346123,137.87302949384593,139.7975311279297,7758100.0
2021-02-05,142.27433525418897,142.7748773787432,141.4113343156505,141.92050170898438,9495300.0
2021-02-08,142.42102619927377,143.18909641273825,141.42858051017672,142.3260955810547,6035300.0
2021-02-09,142.56779334732212,143.7673644695806,142.36930676160608,143.4912109375,5544200.0
2021-02-10,144.8892264277467,144.93237910815978,142.99925227345653,143.95718383789062,5921300.0
2021-02-11,144.12112883799074,144.44907334502597,142.91293302525045,143.30990600585938,4871300.0
2021-02-12,141.87736368070372,143.99172673316227,141.5321685369782,143.7587127685547,4413100.0
2021-02-16,143.75870843694153,144.16431996119036,142.08448438678258,142.45558166503906,5656100.0
2021-02-17,142.36927938626437,143.3358363152226,141.84284823709592,142.96475219726562,6676700.0
2021-02-18,142.36065845482912,143.396257077178,141.7910746036144,143.03379821777344,5189100.0
2021-02-19,142.912957346895,143.2236382042367,140.59148276958476,140.65188598632812,8190900.0
2021-02-22,140.5650634765625,141.14687813022203,139.1930176102826,140.5650634765625,6447100.0
2021-02-23,140.22638456004242,141.71132427643664,139.28852998923506,139.32327270507812,7042800.0
2021-02-24,141.02532806292777,142.75341419635075,139.74012553304982,141.19032287597656,10286100.0
2021-02-25,141.65924694912235,142.1542181030419,140.6692913908174,141.3379364013672,9719700.0
2021-02-26,140.67798092121828,141.03402096662478,137.17840011019075,137.60391235351562,14417500.0
2021-03-01,140.20032282028464,140.26979499589376,138.15094001643465,138.35067749023438,10551400.0
2021-03-02,138.7501606599013,139.61854319663894,137.72547562677454,138.09019470214844,7610900.0
2021-03-03,137.42153742603315,137.98598077878148,135.51977753684002,135.65872192382812,8499600.0
2021-03-04,135.4590000656323,135.55452267708247,131.53390719122518,132.92332458496094,11033200.0
2021-03-05,133.7135095570008,136.06683153835354,132.97539251522082,135.5544891357422,8331600.0
2021-03-08,136.3360629181747,138.35939588784433,135.45030899035913,136.68341064453125,6546700.0
2021-03-09,136.24050585182258,139.59246224030184,136.24050585182258,136.9438934326172,7461300.0
2021-03-10,137.9165398661872,138.85438147479988,136.64869535748556,138.20309448242188,6635600.0
2021-03-11,138.5417293915471,139.48827632658433,138.00333651600386,138.1943817138672,6305600.0
2021-03-12,138.31595281406024,139.210385659663,138.23780157523228,138.59384155273438,5474800.0
2021-03-15,138.72407836846426,139.51430947543173,137.6386004469583,139.30589294433594,5524100.0
2021-03-16,139.3406718309329,140.400086366921,139.1496266071155,140.13088989257812,6369100.0
2021-03-17,139.6619641130587,140.44350309112082,138.53306417216217,139.60986328125,6001400.0
2021-03-18,139.12356004687723,140.23508853803747,138.90646443140898,139.34933471679688,4801800.0
2021-03-19,139.54037817430043,140.2437658395514,138.48095052402022,138.97592163085938,14891500.0
2021-03-22,137.4736218081027,139.50563353540034,137.20442537206728,139.37538146972656,7544100.0
2021-03-23,139.12354418671578,139.9832342456674,137.96859405403387,139.2451171875,7178300.0
2021-03-24,139.02802251337317,141.09476354033094,138.78487651020168,140.59979248046875,6370100.0
2021-03-25,141.06004204144492,141.06872109545424,139.49695103960087,140.6519012451172,6269800.0
2021-03-26,140.75611741622913,143.36995724327878,140.139573256359,143.22232055664062,7619200.0
2021-03-29,142.26707032821952,145.0458909703332,142.09339652254906,144.18618774414062,8535100.0
2021-03-30,143.30047086896295,143.8562350885605,142.6144413358956,143.29177856445312,7236300.0
2021-03-31,143.24841820873706,143.62181641521173,142.15424750973594,142.7187042236328,8281500.0
2021-04-01,141.19897267291557,142.2757582857447,140.90371260928748,141.39869689941406,7229700.0
2021-04-05,142.10208963754337,143.06599459243355,141.25107863021887,141.9197235107422,7387100.0
2021-04-06,142.48418046053166,142.8662708223355,141.54632591350315,141.88499450683594,5074200.0
2021-04-07,142.02393372580408,142.65784912105676,141.82420949862149,142.07603454589844,4608000.0
2021-04-08,142.41474244134255,142.51026505470605,141.41610777928807,141.5203094482422,5039400.0
2021-04-09,140.7821915492762,141.48557937855637,138.75017932014063,140.02670288085938,8418300.0
2021-04-12,139.88771297356,140.74741629107388,139.2364261952668,140.36532592773438,5022800.0
2021-04-13,136.21448134128715,138.88040876247305,135.92791352231558,138.48963928222656,18424100.0
2021-04-14,137.0567881665193,139.03669886846882,136.8049498642529,138.8717041015625,7718300.0
2021-04-15,139.56642925044792,141.01662636047917,139.1409170772611,139.2798614501953,7524600.0
2021-04-16,140.10481567397278,141.1208215095975,139.42747845022296,140.88636779785156,9049400.0
2021-04-19,141.11216583824577,141.64187972925723,139.67064761018625,141.27716064453125,8353500.0
2021-04-20,139.80956649474865,145.70587716454045,139.80956649474865,144.56829833984375,14050700.0
2021-04-21,144.4727731746084,144.94170708284045,143.53491860860797,144.663818359375,6333200.0
2021-04-22,144.01254294821308,144.39463334793325,142.9531152946125,143.4394073486328,7233000.0
2021-04-23,142.87497670031513,144.20360091210267,142.41473501913202,143.73468017578125,6015300.0
2021-04-26,143.46546782231871,143.63914165911174,142.20630269202428,142.5189208984375,6027800.0
2021-04-27,142.20630011163573,142.33656542471508,141.08609262175247,141.70263671875,6217700.0
2021-04-28,141.42474893944657,141.71999575601484,140.3740004740015,140.6605682373047,7448000.0
2021-04-29,140.59111190060509,142.6404949914258,140.51296066102495,142.58839416503906,6394300.0
2021-04-30,142.54499128808206,142.70130703842742,141.12953673191188,141.3118896484375,9079100.0
2021-05-03,142.06735798582346,143.56097669023274,141.65052491682798,143.4654541015625,6594100.0
2021-05-04,143.13549089494288,145.75800978860025,142.99654651305485,145.68853759765625,10179500.0
2021-05-05,145.4540560411358,146.2355949226637,144.83749868980195,145.08065795898438,7792300.0
2021-05-06,144.83751683806537,145.79274292448048,144.3599170453237,145.66249084472656,5529900.0
2021-05-07,146.1487748835523,146.91294246007763,145.7406340555429,146.32244873046875,5316200.0
2021-05-10,147.53817129831504,148.9536389160714,146.95635665340316,147.85948181152344,8357500.0
2021-05-11,148.18949356678826,148.38053880936732,146.13143093137546,146.6524658203125,8217900.0
2021-05-12,146.35719758750935,147.4513681439107,145.8448550335734,146.06195068359375,6758300.0
2021-05-13,144.9938179728905,148.23288078420106,144.9938179728905,147.5902862548828,8018600.0
2021-05-14,148.91019699556475,149.02309093767073,147.77261827283232,147.8160400390625,5797700.0
2021-05-17,147.97237839598688,149.26627314096268,147.89422714809015,147.9636993408203,5722600.0
2021-05-18,147.6076367994179,148.8146878066877,147.2168673690936,148.01577758789062,5846000.0
2021-05-19,147.54688034264458,147.76397597733728,145.92299598482649,147.6945037841797,5533800.0
2021-05-20,147.5729227629576,149.00574857410936,147.35582714002763,148.55419921875,4853200.0
2021-05-21,148.77994590297493,150.00436816603246,148.38048420173914,148.45864868164062,6501800.0
2021-05-24,149.3324333665429,149.72565408228692,148.3450483094283,149.026611328125,5195100.0
2021-05-25,149.13150580921183,149.44607447206974,148.31887787449125,148.615966796875,7444700.0
2021-05-26,148.54602618082103,148.61593179311728,147.04308884928216,147.7333984375,5726400.0
2021-05-27,147.89940245291928,148.6945637563808,147.13046741935128,147.50619506835938,8114700.0
2021-05-28,148.12660054278803,149.42855419248943,147.82076516657094,147.8906707763672,6400800.0
2021-06-01,148.6771048006733,148.72079747909368,144.5090872754114,144.64015197753906,10448400.0
2021-06-02,144.439171115857,145.68869896206593,144.27314694985554,145.2255859375,6806000.0
2021-06-03,144.95470496532533,146.05568834387932,144.79742733973137,145.0857696533203,5808800.0
2021-06-04,145.93335871909096,146.42269800448963,144.937227078225,145.0246124267578,6510300.0
2021-06-07,145.05082757919732,145.3304500322656,143.85372561818824,144.03721618652344,5362800.0
2021-06-08,144.4216843482762,144.75373266411404,141.61679339891813,142.77020263671875,7746800.0
2021-06-09,143.29449365582346,144.85859008238535,143.00613800180497,144.69256591796875,5552600.0
2021-06-10,145.05084670844232,146.43145275299275,145.00715402774668,145.9945526123047,6463100.0
2021-06-11,145.98579338329463,145.99452658462317,143.49545769209217,144.14207458496094,7389900.0
2021-06-14,143.74013378130095,144.57898784502262,143.21584832483327,144.50033569335938,4931300.0
2021-06-15,144.3779724953325,144.92847077043152,143.64398368395385,143.7313690185547,5062900.0
2021-06-16,144.00225491336073,144.83236231733162,142.84883241536508,143.67893981933594,6988500.0
2021-06-17,143.46924960219113,144.7886830364923,142.8663253618583,144.3692626953125,5874700.0
2021-06-18,142.66534127158496,143.46923573662576,141.37210756713893,141.5381317138672,12993000.0
2021-06-21,142.22844719054,143.53040081714,141.77406740149263,143.1634063720703,6592300.0
2021-06-22,143.0498282940705,143.3381706101541,142.67408729668057,142.97117614746094,5627800.0
2021-06-23,143.03239699280803,143.03239699280803,141.97509258764887,142.10617065429688,4493400.0
2021-06-24,142.6653745544595,143.4780024098605,142.2546873587835,142.75274658203125,4549200.0
2021-06-25,142.37705552103458,143.98484524015257,142.33336282943233,143.48678588867188,10963800.0
2021-06-28,143.68776489551314,144.23826350984416,142.88386998769823,143.32077026367188,5604000.0
2021-06-29,143.30322431806152,143.862455879636,142.78768543052752,143.32943725585938,3749500.0
2021-06-30,143.3032274366245,144.15081466555267,143.01487178144075,143.94984436035156,6151700.0
2021-07-01,143.94986225493042,145.05957900549183,143.8537436912539,145.01589965820312,6320200.0
2021-07-02,145.06831350313752,147.93437710366638,144.7362651592398,147.65475463867188,9059900.0
2021-07-06,146.71979091955637,147.54989842107722,145.91589635669484,146.772216796875,6098500.0
2021-07-07,146.34407600260764,148.10915640812382,146.34407600260764,148.030517578125,6293500.0
2021-07-08,147.41012382483416,148.07422065758772,146.43147165000056,147.74217224121094,5755500.0
2021-07-09,147.99555780875752,148.86935813983953,147.8819728322486,148.32760620117188,6120900.0
2021-07-12,148.31009432254186,149.5771018614238,147.27027002058213,148.09164428710938,7840500.0
2021-07-13,147.64604509655396,148.3363415012867,147.383902326897,147.90818786621094,4691200.0
2021-07-14,148.54604564833068,149.271301471178,147.7071915239729,148.9130401611328,6162900.0
2021-07-15,147.93437573401573,148.45864785132702,146.55376982543686,147.12173461914062,6656900.0
2021-07-16,147.09552199556666,147.7508721434616,146.75474045198658,146.8858184814453,5834900.0
2021-07-19,145.47028081460184,146.9644853030992,144.456682525899,145.81980895996094,8219700.0
2021-07-20,145.83724220942068,149.25380405462025,145.78481633282038,147.19163513183594,9902800.0
2021-07-21,147.934363416654,148.27514493112858,146.3440407936849,148.1003875732422,7585200.0
2021-07-22,147.98681255855846,149.48101686965288,147.36640850741463,148.528564453125,5281900.0
2021-07-23,149.4198264251611,150.45090420760667,148.87807459595288,150.11012268066406,5014900.0
2021-07-26,150.13635910797282,150.4159682431092,149.29750503629737,150.18003845214844,4484900.0
2021-07-27,150.11884699675673,150.92274141996924,149.13144870167395,150.8703155517578,7089300.0
2021-07-28,150.93153586867834,151.49951411542636,150.363570955066,150.45094299316406,5750700.0
2021-07-29,150.94028240568312,151.4645546336786,149.4985037791403,150.45094299316406,4214100.0
2021-07-30,150.76542677459688,151.14990085852978,150.15376951976185,150.4683380126953,5346400.0
2021-08-02,150.7043289151048,151.02763073827956,149.68198423118977,150.52957153320312,3721500.0
2021-08-03,150.93155282595785,152.4781834052378,150.67815655392778,152.38206481933594,6033000.0
2021-08-04,152.2160142208459,152.5567958148805,151.394639780574,151.48202514648438,4793100.0
2021-08-05,151.91015118035645,151.91015118035645,150.66061011677812,151.7703399658203,4291000.0
2021-08-06,151.98882088654793,151.98882088654793,150.68685368612333,151.26356506347656,4581100.0
2021-08-09,151.79660551846456,152.2597186606524,151.10629574062057,151.78787231445312,3950200.0
2021-08-10,151.3946243417855,152.1373598768769,150.97520396108374,151.84027099609375,3678300.0
2021-08-11,152.25966244363445,152.45189952599569,151.65673826105885,151.866455078125,4221300.0
2021-08-12,151.88397785865277,153.1684520611848,151.6829941854123,153.08981323242188,4300400.0
2021-08-13,153.16843959656114,154.04223984451107,153.01989515438572,154.00729370117188,5882100.0
2021-08-16,154.26944048011023,155.44032964305848,153.74515498436392,155.39663696289062,4782800.0
2021-08-17,154.93352629606608,156.85588425514905,154.93352629606608,156.82093811035156,6041900.0
2021-08-18,156.84715083733454,156.84715083733454,154.77624843271474,154.82867431640625,7134100.0
2021-08-19,154.33059424499675,156.6985987638597,153.85001477912118,156.03451538085938,5615000.0
2021-08-20,156.31411548074976,157.21412860994295,155.59760625806433,156.79470825195312,5428700.0
2021-08-23,156.80347196559728,157.2781220154512,156.0563229736178,156.11785888671875,6461700.0
2021-08-24,155.57291275920187,155.76629221370834,154.0698294377858,154.16651916503906,5734800.0
2021-08-25,154.43020084916904,154.61478177087028,152.84801160135012,153.14686584472656,5700300.0
2021-08-26,152.90077714465116,153.5776052776175,152.10968908134495,152.32943725585938,5031600.0
2021-08-27,153.1908723936757,153.1908723936757,151.8460144099517,152.0042266845703,7046100.0
2021-08-30,151.88117162612173,153.19087582673689,151.8723865259015,152.64590454101562,3252700.0
2021-08-31,152.49643054733136,153.37542314470804,151.60863944006883,152.17999267578125,7106800.0
2021-09-01,151.97780732538936,152.71617126464844,151.23945679849226,152.71617126464844,5327400.0
2021-09-02,153.24354365891742,153.99069262169465,152.86558333559384,153.76214599609375,4544300.0
2021-09-03,153.9116222866852,154.01709711540616,152.77771422847968,153.85887145996094,4096900.0
2021-09-07,153.252371557449,153.8500801124077,150.89666431691225,151.468017578125,6859900.0
2021-09-08,150.85269907380115,152.04812949362758,150.37804899215277,151.09881591796875,4661700.0
2021-09-09,150.4747680982985,150.7296700894112,147.40707863188007,147.73231506347656,7114600.0
2021-09-10,148.15417523518502,148.62882524106476,146.67746099354602,146.76536560058594,6699300.0
2021-09-13,147.60045983543148,147.77625570160657,145.1480759832315,145.73699951171875,6273500.0
2021-09-14,146.2643511877654,146.3874096051013,144.60305584754937,144.85797119140625,5259600.0
2021-09-15,145.03377881950547,145.87761761589488,144.42727178028224,145.4029541015625,7935300.0
2021-09-16,145.60508737361988,146.31708249220998,144.3217659657469,145.2271270751953,5665400.0
2021-09-17,144.41849712206812,144.95468318265367,143.76803772340844,144.8140411376953,13419800.0
2021-09-20,143.6977542224966,145.18325435589122,142.546275680005,143.98782348632812,7270800.0
2021-09-21,144.6910027949401,145.89521861776396,144.36577975662777,144.6206817626953,6663600.0
2021-09-22,145.34139693808564,145.86878432425863,143.82952895547604,144.0932159423828,5657100.0
2021-09-23,144.5063783270506,145.71060731155725,144.28663017666742,144.9107208251953,4697900.0
2021-09-24,144.8140437907563,145.6051318365038,144.0581095507106,144.4712371826172,4399300.0
2021-09-27,144.1547821206304,144.47121998373115,143.14394602558306,143.4252166748047,5775500.0
2021-09-28,143.36371055250277,144.0756924727534,142.19464868612485,143.10879516601562,7610400.0
2021-09-29,143.27584777120933,144.73497925582305,143.08246825337534,144.17242431640625,5124100.0
2021-09-30,144.71734215531083,145.38537170760472,141.87819979260834,141.95730590820312,6972300.0
2021-10-01,141.98370162947188,142.30892466370773,139.4258294396371,141.05197143554688,8568300.0
2021-10-04,140.63004467648798,141.517822460991,138.59077520681726,139.95321655273438,8620700.0
2021-10-05,140.51577019743638,141.61451104615512,139.89167949392404,140.2696533203125,5129000.0
2021-10-06,140.52455568221114,140.5948767062062,138.74020161197413,140.55972290039062,7312600.0
2021-10-07,140.65641750301276,142.93300540769332,140.65641750301276,141.81668090820312,5309200.0
2021-10-08,141.7991188813631,142.05402088104194,140.8585901875732,141.456298828125,4343200.0
2021-10-11,141.39478294854305,142.2649906527123,140.58611117857225,140.8585968017578,4101600.0
2021-10-12,140.63880804755237,140.79702026867216,138.30068464479496,138.60833740234375,6686400.0
2021-10-13,138.72265272031663,140.70917165690216,138.6611167852338,139.93565368652344,6901100.0
2021-10-14,140.3839124792632,141.64086544528817,140.28722275784878,140.73550415039062,4579200.0
2021-10-15,141.54419287463548,142.22980610506278,140.99922169464563,141.78152465820312,6918400.0
2021-10-18,140.85859708714548,141.4211519461939,139.93565195885952,140.74432373046875,7465500.0
2021-10-19,141.42993297229924,145.1656522882302,141.28050580914586,144.04054260253906,10081300.0
2021-10-20,144.1372063643447,144.8140344385785,143.50433060367268,143.96141052246094,6003200.0
2021-10-21,144.4184970732333,144.49760319385928,142.64292814023446,143.6273956298828,4524100.0
2021-10-22,143.32855298315374,144.2075457166821,143.24066175721975,143.90869140625,4304300.0
2021-10-25,143.9086598051722,144.42726218510586,142.1418896271987,144.22509765625,6715400.0
2021-10-26,144.6470657877152,145.9391863907394,144.1987842486042,145.6930694580078,6939100.0
2021-10-27,145.63150410292093,145.70182512840697,143.548295695808,143.92626953125,7018800.0
2021-10-28,143.95263834996987,145.20959147404363,142.67810161642,143.1439666748047,6278800.0
2021-10-29,142.70445359972953,143.49554157270444,141.1750016513004,143.17031860351562,8526800.0
2021-11-01,143.4164391676698,144.13720614199036,140.1114183309558,143.2933807373047,5846400.0
2021-11-02,143.89105775317063,146.77415184346165,143.25818213214478,145.55235290527344,8450600.0
2021-11-03,145.06894898335065,145.71062330982323,143.65377020300906,145.08653259277344,6717800.0
2021-11-04,144.98104421184377,145.0249965251111,142.9857272182985,144.68218994140625,8224400.0
2021-11-05,142.8187376497395,144.68221139212588,142.57262075378816,143.65377807617188,6215900.0
2021-11-08,143.87351144615005,144.30422267589125,142.40559532062375,143.16152954101562,5578800.0
2021-11-09,142.93301267282374,143.79442181874276,142.4144101654496,142.84510803222656,6112800.0
2021-11-10,142.86266838553345,144.8931391765466,142.70445615305272,144.39212036132812,6225100.0
2021-11-11,143.70648019691214,143.98775080593273,142.82748774863725,143.32850646972656,4118800.0
2021-11-12,147.16971713764053,147.33672786917276,144.6909651054205,145.0425567626953,18995200.0
2021-11-15,145.03383117557524,145.43817381847614,143.46922485770088,143.73292541503906,7496200.0
2021-11-16,143.43402976273796,144.46246307778225,142.94179597127072,142.98574829101562,7594700.0
2021-11-17,143.16150621322728,144.0317136290178,142.21219269028168,143.5218963623047,5414500.0
2021-11-18,143.6713427716389,144.56791901020364,142.51107947381675,142.74839782714844,6358700.0
2021-11-19,143.31095119437498,143.44280813509732,142.20342531906752,143.17910766601562,7620700.0
2021-11-22,142.4713054172747,143.89575359723014,141.25034597725147,141.29458618164062,7634500.0
2021-11-23,141.1353305207812,142.44475680326047,140.4806106294344,142.1704864501953,7734000.0
2021-11-24,141.6839042186403,142.10858055775108,141.01149889003008,141.7723846435547,5230900.0
2021-11-26,142.09087691561663,142.58633483060515,140.37445949568095,140.8522186279297,8523100.0
2021-11-29,141.11764913209728,141.9316176512659,140.16211734866909,141.33883666992188,9188500.0
2021-11-30,140.24171728316415,140.67524964213817,137.88829254931332,137.9590606689453,14981700.0
2021-12-01,138.7995547572277,141.63075145416994,138.24215805587897,139.8612518310547,9835800.0
2021-12-02,139.13581851911854,140.9318604345213,138.68460075473163,138.98541259765625,11334700.0
2021-12-03,139.71089088834086,141.26804619710003,139.42776437754006,141.011474609375,8750500.0
2021-12-06,141.72811589597845,144.67433524957494,141.40960533071896,144.1611785888672,9692000.0
2021-12-07,145.0989847618537,145.33787101682591,143.6922356496403,144.53274536132812,8311300.0
2021-12-08,144.63011297223534,145.603343570104,143.89576870297378,145.39984130859375,6216400.0
2021-12-09,145.2582883175038,146.85084145387137,144.64782199042875,146.78005981445312,8574200.0
2021-12-10,146.4880789905598,147.47899477202938,145.67409702696406,146.41729736328125,6572200.0
2021-12-13,145.76259040345798,149.69972595710448,144.92208044260116,149.03616333007812,11142300.0
2021-12-14,148.93000541389034,151.2657454430957,147.89484928165103,150.6641082763672,10482400.0
2021-12-15,150.2748159602668,151.55770095708715,149.89436638177443,151.4161376953125,8552200.0
2021-12-16,151.5222898180969,153.51297744524797,151.1506964143878,153.0706024169922,8998600.0
2021-12-17,150.089038624278,151.09765341465885,148.33723683050454,148.84153747558594,16726200.0
2021-12-20,148.46992244926767,149.08924486230777,147.3551421057955,148.41683959960938,7954500.0
2021-12-21,148.69113182045018,148.72652939223016,146.85084959421548,147.93910217285156,7954200.0
2021-12-22,147.8063520423342,148.78842520992947,146.97468477425335,148.57608032226562,4178200.0
2021-12-23,148.53185393016946,149.4785295350444,148.07178008936782,148.8592071533203,3501500.0
2021-12-27,149.64660789258818,150.27478630511388,149.2573157496385,150.1155242919922,3704800.0
2021-12-28,150.22170697021113,150.97374992241288,150.04475965799148,150.71717834472656,3187000.0
2021-12-29,150.40753463069063,152.16819239615145,150.32791035240874,151.77890014648438,3662000.0
2021-12-30,152.2831740172857,152.95559269423666,151.95582081943178,152.45127868652344,4231800.0
2021-12-31,152.64594521282942,152.77865233777587,151.31881996250038,151.35421752929688,4409500.0
2022-01-03,150.59331383025142,151.8231158750928,149.61124072248492,151.77001953125,6012200.0
2022-01-04,151.34536884268303,152.4336078214984,150.93839130598903,151.36306762695312,6748400.0
2022-01-05,152.17699699023888,153.477580544533,151.84078767682007,152.37164306640625,7016100.0
2022-01-06,152.3097460664923,152.6194140458025,151.1153413610467,151.8496856689453,7301600.0
2022-01-07,151.69927856733617,154.2119659505278,151.407309374891,153.9022979736328,6986000.0
2022-01-10,153.67224338695777,153.67224338695777,152.31857684605723,153.14138793945312,7698400.0
2022-01-11,153.0529129090549,153.4068075218,150.504828496605,151.51344299316406,8341100.0
2022-01-12,150.06247691332894,150.47831057335603,148.93884041707173,150.2217254638672,8116200.0
2022-01-13,149.52278497322072,150.77912864705254,149.04502580156736,149.31044006347656,6159400.0
2022-01-14,149.19542013026222,149.21310541287153,147.88598020552237,148.4964599609375,5847700.0
2022-01-18,147.84170532226562,148.39024590915042,146.8773177256886,147.84170532226562,7815600.0
2022-01-19,147.93022412902602,149.27504815298715,147.1516531679673,147.38168334960938,5926500.0
2022-01-20,148.00985579080626,148.51416988754377,145.92184476789407,146.20497131347656,6011300.0
2022-01-21,147.03663588337548,148.62918892159806,145.51486448020907,145.86875915527344,10550300.0
2022-01-24,145.0990050749026,145.24941096013748,140.02053503720393,144.18771362304688,14054600.0
2022-01-25,143.6480319696724,149.00077296824634,142.95792794673855,148.3106689453125,14081200.0
2022-01-26,148.23101236972724,149.7173994230276,147.0719920038819,148.97421264648438,9963200.0
2022-01-27,149.86782220990804,152.09739629122458,149.52277020329367,150.9295196533203,9066700.0
2022-01-28,151.1684301921387,152.03548166818854,149.78822194448696,151.99124145507812,9783100.0
2022-01-31,151.73464708834678,152.72556291252823,151.13302348086967,152.43359375,8054800.0
2022-02-01,151.94699712674367,152.1593285247095,149.90321291981013,151.1861114501953,8154700.0
2022-02-02,150.09783193135317,153.05290718819694,150.09783193135317,152.85826110839844,7382800.0
2022-02-03,152.4070512083782,153.61031191472316,151.32765497914744,152.84942626953125,6240400.0
2022-02-04,151.29228870627378,153.04409037439092,150.51370418701413,151.8496856689453,6392200.0
2022-02-07,151.65500482248396,151.94697395036917,150.4163466890121,151.3453369140625,6065700.0
2022-02-08,151.3099503738516,152.2212418034334,150.83217780869944,151.74346923828125,6296100.0
2022-02-09,152.23895623874677,152.38936213577196,151.51345467639737,151.72579956054688,5387500.0
2022-02-10,151.47810451500868,151.4869471579133,149.78822820517018,149.89439392089844,10355300.0
2022-02-11,149.62894192643358,150.5402335062667,148.2310350612003,148.38145446777344,13125300.0
2022-02-14,148.38144111945255,148.61147127903195,144.93090772447246,146.51461791992188,8967600.0
2022-02-15,146.9835282896192,148.72648694635345,146.8773491048004,148.02752685546875,6631400.0
2022-02-16,147.3020808829927,148.4964856763145,146.61197673568194,147.93910217285156,8482400.0
2022-02-17,147.93908532711413,148.15141673274366,145.9129998302889,147.03663635253906,6227600.0
2022-02-18,146.90303198667064,147.24139949122005,145.08656207076473,145.46054077148438,6423200.0
2022-02-22,145.64754570626835,145.79891707615752,142.8604972938619,143.48379516601562,6868900.0
2022-02-23,143.81330287571382,144.81949283293082,143.22562957146425,143.55508422851562,8016900.0
2022-02-24,142.2728036230313,142.58445933721816,138.65766255545833,140.8125,12883400.0
2022-02-25,142.46871764401357,148.69282463736164,142.2015860810559,147.81129455566406,11340400.0
2022-02-28,145.02426841428365,147.08115867042198,144.58796659442268,146.5380096435547,9373500.0
2022-03-01,145.175607797261,146.6982480956287,144.61464649733588,146.03042602539062,8737800.0
2022-03-02,146.39551771980328,149.26270180388144,146.06604956490855,147.84690856933594,6793300.0
2022-03-03,148.43458321090202,150.78531636179207,148.0962292666971,150.01954650878906,7333700.0
2022-03-04,149.2715862850962,151.24834066934648,148.56815302689432,150.90997314453125,6302500.0
2022-03-07,149.8592686634113,154.15113124683978,149.02226286509506,153.34085083007812,11663400.0
2022-03-08,153.18952655766756,154.1511923077093,150.04631066105767,150.23330688476562,11100300.0
2022-03-09,151.38190480707468,151.57780037160623,149.49419873454357,150.80313110351562,7248200.0
2022-03-10,150.09078887458898,151.50656846712698,149.66338653449506,151.0702667236328,6171400.0
2022-03-11,150.59832442140947,152.67302649392926,150.50037664676265,150.79421997070312,5188000.0
2022-03-14,151.9785260110068,155.04160617830146,151.68469618320958,152.87786865234375,7729500.0
2022-03-15,154.3381509499866,157.1786233040599,153.64361700855582,156.8402557373047,10554400.0
2022-03-16,156.2347567083553,157.56148788844138,153.65250316059945,155.3977508544922,9603300.0
2022-03-17,156.01215314527312,157.4635439397706,155.11281068653878,157.4279327392578,7472100.0
2022-03-18,157.60599360429467,157.60599360429467,154.63196286153783,155.6826629638672,13809500.0
2022-03-21,155.52243849170455,157.74851251023847,155.21969568603456,156.56423950195312,7574900.0
2022-03-22,156.56423825239096,157.04506425833063,154.85461505022698,155.82518005371094,8442100.0
2022-03-23,156.02996956587486,156.30600055835453,155.01488040072684,155.23748779296875,5254200.0
2022-03-24,155.8251714110348,156.30599739030595,154.99707845037983,156.03887939453125,5012300.0
2022-03-25,156.43958067960338,158.22933930814338,156.02107767508426,157.53480529785156,4809500.0
2022-03-28,157.29434849587497,158.65670439456812,157.02723054466017,158.34506225585938,5604200.0
2022-03-29,159.04850704637016,159.74304094367417,157.42793248161934,158.2649383544922,5933400.0
2022-03-30,158.88821262777205,160.15262065238255,158.21147763792885,159.91220092773438,6277600.0
2022-03-31,159.91217391605534,160.46424924928482,157.58815320201575,157.81076049804688,11490400.0
2022-04-01,157.6505602339067,158.87934381817286,156.35944005719026,158.6656494140625,6525600.0
2022-04-04,158.6656340582754,158.6656340582754,156.28818893449835,157.13409423828125,6860600.0
2022-04-05,157.13412640850729,159.9656862636546,156.9738420012446,158.1492156982422,7446100.0
2022-04-06,159.73413833721497,162.59242284716984,159.0485038570544,162.26295471191406,10330900.0
2022-04-07,161.76433176589882,162.90408048214843,160.4821110633989,161.84446716308594,7385200.0
2022-04-08,161.4616056365195,163.11780528357002,160.6602108213724,162.1650390625,7144500.0
2022-04-11,162.94860246831962,164.01711517696612,159.92114752934177,160.1348419189453,5932000.0
2022-04-12,159.56498020109237,160.99857238797557,158.67455060891342,160.1882781982422,5957500.0
2022-04-13,160.18825514610413,161.02526101620208,159.6005820258628,160.864990234375,5643100.0
2022-04-14,160.277326592211,161.5239225865106,160.03690679799703,160.1882781982422,6188200.0
2022-04-18,160.03689235139782,160.62457909003575,157.37451680671802,158.19371032714844,6318700.0
2022-04-19,160.91843729945342,165.56648086664524,160.23280270781245,163.0198516845703,14380800.0
2022-04-20,162.27190067114918,164.12399593207354,161.96914427090582,163.74110412597656,8044900.0
2022-04-21,163.77673343669406,164.6137395553612,162.5568490564848,163.26919555664062,6969200.0
2022-04-22,162.47668137731597,163.08216695074012,161.50611642686317,161.64857482910156,8003600.0
2022-04-25,162.36092454672453,166.23429861130396,162.14723014550768,165.62879943847656,11176500.0
2022-04-26,164.8185114019387,166.1274438977044,163.9993042780655,164.44451904296875,10190000.0
2022-04-27,164.0527508145984,164.56920160175144,161.82667686318553,162.14723205566406,11090100.0
2022-04-28,162.28077441304276,164.28424076382106,161.9869310511702,163.3582000732422,9403900.0
2022-04-29,162.5033904426004,162.54791463680928,160.45539979088002,160.68692016601562,8463100.0
2022-05-02,160.6958176188026,161.53282354701068,157.63273787594594,159.0663299560547,7145400.0
2022-05-03,159.20878162650794,160.83826908133847,158.21149144572055,158.75465393066406,5898700.0
2022-05-04,158.6299851356235,160.7224995675124,157.73955577513868,160.4553680419922,5923000.0
2022-05-05,159.76088002305565,160.01911222026757,156.0656025525456,157.392333984375,7089200.0
2022-05-06,155.94981948292266,157.4902586878796,155.54912893198744,157.0450439453125,6434000.0
2022-05-09,156.22582975053663,158.99506562587368,155.4600599513056,157.89984130859375,7855200.0
2022-05-10,158.70126167224336,159.54716706350698,157.16082228925785,157.68617248535156,8186700.0
2022-05-11,156.68003420347776,158.78144908323162,156.60879818877146,156.83140563964844,6138900.0
2022-05-12,157.13411079616247,158.4519427847174,155.56695960941815,158.38070678710938,6898600.0
2022-05-13,159.11971342342974,159.28889716457482,156.53747388443333,157.47242736816406,7732200.0
2022-05-16,157.4724786541112,159.50265703529865,156.86697946685885,158.5677032470703,5516700.0
2022-05-17,159.13755989241952,160.01017699022816,157.24094072671613,159.2266082763672,5751100.0
2022-05-18,159.2444171729548,159.71634374665058,155.97654236079407,156.2703857421875,8608800.0
2022-05-19,155.57586642362082,155.64710242462158,153.76829535722032,154.88133239746094,6874500.0
2022-05-20,155.6916205152769,157.74851071104203,154.9792741200952,157.58822631835938,7522100.0
2022-05-23,159.15645921285514,161.24447948375058,159.03099859133118,160.8053741455078,7040800.0
2022-05-24,160.63512400500326,162.86654571305095,160.50070677676473,162.5618438720703,6419800.0
2022-05-25,161.78220635390397,162.69628458358855,160.46486274100658,160.96670532226562,6558900.0
2022-05-26,162.20340085796462,162.20340085796462,160.05264300134516,160.82333374023438,6897600.0
2022-05-27,161.09215943911835,162.3467795156057,159.72104898724984,162.28404235839844,5853600.0
2022-05-31,159.51493692076224,161.45958366816382,156.83543951831953,160.88604736328125,16391400.0
2022-06-01,160.5454816390937,161.1548715642593,157.63299024582832,159.25503540039062,5175400.0
2022-06-02,159.2819440284646,159.34466751166286,156.4590591041209,158.75320434570312,8666500.0
2022-06-03,158.6815208449165,160.11535475284802,157.8570495969805,158.09901428222656,4234200.0
2022-06-06,158.80699457946935,159.9630238613215,157.7226453758688,158.0811004638672,5386500.0
2022-06-07,158.60087463395251,160.6799524939426,158.081105168955,159.81964111328125,5447800.0
2022-06-08,159.60458650625668,160.81438281830498,158.4395868295465,158.86973571777344,4333100.0
2022-06-09,158.80700120183556,160.09744777695337,155.60773402758855,155.67047119140625,5509600.0
2022-06-10,154.29036329131512,155.903438320268,152.9013260809895,154.6309051513672,6647300.0
2022-06-13,152.41742284208803,154.36206962549548,152.41742284208803,153.0716094970703,7997000.0
2022-06-14,153.29565929908884,153.34046960480367,149.89028117754273,150.7237091064453,7116800.0
2022-06-15,152.02310305597922,153.63617809973658,151.1269517732455,152.33676147460938,7796100.0
2022-06-16,150.91186298463796,152.53390821146394,150.0246820106412,152.4174041748047,7056700.0
2022-06-17,152.91032722706737,154.31727790161978,151.664677250895,151.86183166503906,12486600.0
2022-06-21,153.01783951468212,155.80487069644104,151.95141724468985,155.0431365966797,8219700.0
2022-06-22,154.138028393294,159.44324261337042,153.8602236695244,157.48963928222656,10593100.0
2022-06-23,158.61875237701966,161.1459051649385,158.18860365697137,161.0025177001953,10223500.0
2022-06-24,162.00620691896827,163.57447146163105,161.28928325034323,163.35939025878906,9374400.0
2022-06-27,162.77695865076808,164.30938373935547,162.65149798716692,163.2071075439453,5908600.0
2022-06-28,163.25191672276625,163.96884065588506,158.00046839838706,158.56504821777344,9245700.0
2022-06-29,158.81594374592584,159.78378884729602,158.1079765200772,158.60983276367188,7097900.0
2022-06-30,158.49332801609802,159.7748178806296,156.85336940771592,159.07582092285156,10777200.0
2022-07-01,159.02206572180768,161.05633326090128,158.34099556969306,160.87710571289062,5498400.0
2022-07-05,160.25874271884894,160.527590850562,156.47698304218795,159.64039611816406,5676400.0
2022-07-06,159.57765674521977,160.80537955962458,158.98619364918636,159.7837677001953,5335600.0
2022-07-07,159.38947639003896,160.51862214518195,159.07581795429607,159.9630126953125,5725800.0
2022-07-08,159.8106794450813,161.29829403824633,159.3088368532148,159.765869140625,3828300.0
2022-07-11,159.246121849428,160.42904841557703,159.0848211399642,159.82862854003906,3645200.0
2022-07-12,159.4970040238862,159.91819622744416,157.00570451196413,157.5882110595703,4708800.0
2022-07-13,157.41794906822503,158.01836883047048,156.3784102227623,157.22079467773438,5291700.0
2022-07-14,154.61301092757333,157.73161419226233,154.40689991970865,157.43588256835938,5359600.0
2022-07-15,159.2550956409481,159.97200593112643,158.21555657632737,159.72108459472656,5691100.0
2022-07-18,159.28194404571525,159.68520941375536,155.8496827736602,156.13644409179688,7605700.0
2022-07-19,158.01840260621708,158.39478461191715,152.2382279110864,153.86026000976562,13256400.0
2022-07-20,154.31725131608067,154.63090974114218,152.13063995350606,152.98199462890625,7455800.0
2022-07-21,152.39056836553462,153.59140811780875,152.13964703443813,153.51971435546875,5729200.0
2022-07-22,153.77955564211896,154.5771296852069,153.29562632319494,154.24554443359375,4257000.0
2022-07-25,154.2455910678229,155.01628190111072,153.88713593920895,154.55029296875,4437300.0
2022-07-26,154.63986958488073,156.8085541382882,154.577146103059,155.6435546875,4525500.0
2022-07-27,154.7026102703714,156.0199538347059,153.3583832597594,155.21340942382812,4648500.0
2022-07-28,155.39263431051577,157.80328356302596,153.63618537077406,156.10955810546875,5513000.0
2022-07-29,155.74214667476593,156.69207865048193,154.95354273672856,156.39634704589844,6451400.0
2022-08-01,156.08268009889633,156.9698748644138,155.51810036864117,155.8496856689453,5461400.0
2022-08-02,156.83543154246468,157.2655940048888,154.76532426096344,154.9624786376953,5794200.0
2022-08-03,154.63090285395987,157.05946511425466,153.93190596416275,156.45904541015625,5010000.0
2022-08-04,156.65620991419206,156.90713118962165,153.77957183723694,153.9498291015625,5651600.0
2022-08-05,153.51070976582005,153.71682072173732,152.15751264530178,153.34043884277344,5235500.0
2022-08-08,153.51073537457978,153.67203606068,151.8438932472859,152.52496337890625,4629800.0
2022-08-09,152.82963405237803,153.34940343832537,152.103753699753,152.50701904296875,5532500.0
2022-08-10,153.25981018063723,153.45696457475566,151.92453972486865,152.94615173339844,5603400.0
2022-08-11,151.01943867659983,152.30092862279622,149.63935785465034,149.78274536132812,9328700.0
2022-08-12,150.14117436928964,150.4996430737061,147.99937342931432,148.13380432128906,14606900.0
2022-08-15,148.76114652314763,149.43326013695705,147.9814991068684,148.841796875,10072000.0
2022-08-16,148.63565086620264,150.7774518642912,148.4026564576473,150.16807556152344,7453600.0
2022-08-17,149.12853711870105,151.0552568923985,149.12853711870105,150.17703247070312,7406600.0
2022-08-18,150.266659251535,150.82228241451682,148.69839431131254,149.451171875,8312100.0
2022-08-19,149.7468996017407,152.45326689743385,149.65727899494408,151.72738647460938,8128500.0
2022-08-22,152.37691199413982,152.39495929653438,150.81615760543914,151.195068359375,5462600.0
2022-08-23,150.6628153985085,151.35749211442376,149.5802110949649,149.8779296875,5566300.0
2022-08-24,150.2658543506231,150.29291842523045,148.9216260915918,149.38172912597656,5684300.0
2022-08-25,149.71553480296404,150.8793451238742,148.5878190937431,150.7801055908203,5678700.0
2022-08-26,151.07783835789894,151.11391920691082,148.13674670215926,148.1999053955078,5667100.0
2022-08-29,147.47811451115777,147.8119138740603,146.1699673625872,147.05409240722656,5259200.0
2022-08-30,147.32478598502072,147.54129859529044,146.1790229467857,146.53988647460938,6973300.0
2022-08-31,147.26163959202557,147.5503414512388,145.49338888556264,145.55653381347656,8741700.0
2022-09-01,145.69183592929653,149.3095425482492,145.6828053943933,149.16519165039062,7509600.0
2022-09-02,149.63436985514312,149.94110528011663,146.16099933109854,146.81959533691406,5803700.0
2022-09-06,147.90219755136036,149.9591502465572,146.89176851261473,147.21653747558594,7394600.0
2022-09-07,146.9729466587534,148.33522237613974,146.2963171853253,148.01947021484375,4590600.0
2022-09-08,147.84805146557397,149.23739122540383,147.12631062566194,149.2103271484375,5838400.0
2022-09-09,148.84945808231427,149.9410791889035,148.3081490309725,149.4990234375,5500600.0
2022-09-12,149.85992013247585,150.27492566584073,149.05698691376176,149.43589782714844,6365300.0
2022-09-13,147.5684030398041,148.35328892564573,145.07839744433917,145.5475311279297,6726400.0
2022-09-14,146.4948051892635,149.183275939623,146.4948051892635,148.5517578125,9555700.0
2022-09-15,148.36227568215745,149.823804599572,148.0465235437862,148.93064880371094,7174500.0
2022-09-16,149.14717966950187,151.23119615658086,148.63293468382716,151.20413208007812,20201500.0
2022-09-19,150.03130719432014,150.1485802722278,148.0284829068701,150.0132598876953,7380900.0
2022-09-20,149.05697933940505,149.67045018722013,148.24502938998785,148.83143615722656,7143400.0
2022-09-21,148.87651736321666,150.4823833934645,147.27065133296884,147.30673217773438,8071200.0
2022-09-22,147.1894528166402,150.80717371932204,146.90076474567314,149.92303466796875,7401100.0
2022-09-23,149.52607682072377,151.09584817844944,148.5517288576216,150.4102020263672,9598600.0
2022-09-26,149.58019772867763,150.51845103695825,148.29911447791983,149.48997497558594,8735500.0
2022-09-27,150.08541986482396,151.26726365468988,148.31715568167076,148.80433654785156,8686700.0
2022-09-28,149.9861944235345,151.00565386445516,148.9487014422173,150.08543395996094,8660900.0
2022-09-29,150.19371283709478,150.81621422585664,147.857088760897,148.43447875976562,7008100.0
2022-09-30,148.85846866059012,149.5260812940012,147.34282540557314,147.37890625,8985200.0
2022-10-03,148.2179382464816,148.29914424698887,145.88131439258987,147.2345733642578,8657000.0
2022-10-04,147.82099572557954,149.76066143655578,146.98196799411872,149.41783142089844,6236100.0
2022-10-05,148.87652566571202,149.7967318021871,148.14576806542712,148.9577178955078,4539400.0
2022-10-06,148.66904907417646,148.85851141850472,145.87232166474018,146.07080078125,5890700.0
2022-10-07,145.94447863163302,146.3504535853483,143.5988241518473,144.52806091308594,6363500.0
2022-10-10,144.91600839652963,145.50241515801446,143.60784693987955,144.717529296875,5315600.0
2022-10-11,144.6814189371418,148.0555494980879,144.6814189371418,146.810546875,6212200.0
2022-10-12,146.9999877025465,148.7502045354705,146.6030296044326,146.77444458007812,4341700.0
2022-10-13,145.15052473792568,149.75160973326533,145.02422114573503,148.9937744140625,6465100.0
2022-10-14,148.35324481016158,149.47192987505625,147.5954232308343,148.3712921142578,5684600.0
2022-10-17,149.2193354281841,150.85227931991963,148.86748868158048,150.2929229736328,6710800.0
2022-10-18,148.85847920761285,150.8161921004159,147.09924538837151,149.76966857910156,10883600.0
2022-10-19,149.76065558034912,149.98619873634362,147.85707079311305,148.5788116455078,10044600.0
2022-10-20,148.8584783592925,149.5260910362011,148.25402437182152,148.9577178955078,5659900.0
2022-10-21,148.59686061126524,152.80097462372615,148.34423960895458,152.20555114746094,8487600.0
2022-10-24,153.19793863370057,155.24587444567013,152.69272414191622,154.25347900390625,6855500.0
2022-10-25,153.52272200203706,154.37076651661695,152.03414259908294,154.00990295410156,5661900.0
2022-10-26,154.56022606632015,155.68794188655866,153.83848518815506,155.3631591796875,6123800.0
2022-10-27,155.48943323142524,156.46376740068703,154.92106016097284,155.45333862304688,5390900.0
2022-10-28,156.07586577291306,158.23205781878656,155.70597168890274,157.76292419433594,6073900.0
2022-10-31,157.44715590332507,158.0245457796323,156.45476060058118,156.95095825195312,7810000.0
2022-11-01,157.0321519322722,157.54639689374932,153.74824439920312,156.15704345703125,6985000.0
2022-11-02,155.9766292229333,156.92391326055926,153.63097482177017,153.7572784423828,6877300.0
2022-11-03,153.19794045648848,154.69555040785565,152.41305463070347,154.0189208984375,4819900.0
2022-11-04,154.7767195228659,155.62476391721637,152.68368637809888,154.7045440673828,5300900.0
2022-11-07,154.87597162516713,156.84271509006118,154.66847577759802,156.0578155517578,6621000.0
2022-11-08,156.1931899609377,157.6005774046853,155.33611474039185,156.83372497558594,5148400.0
2022-11-09,157.22164233966842,157.88022456478384,155.48044184754397,155.57968139648438,6150000.0
2022-11-10,157.29378227839646,157.6726930798345,155.20975222139728,157.40203857421875,7877500.0
2022-11-11,155.83225984929302,156.17508982154547,150.5004305703458,152.6927032470703,11074700.0
2022-11-14,153.59488892265725,156.31042355957516,153.59488892265725,155.09249877929688,6581500.0
2022-11-15,155.34509619428542,156.07585376948032,153.83846966242643,155.52552795410156,9351000.0
2022-11-16,156.653244440176,157.87118291560293,156.19314138544584,156.49085998535156,5500900.0
2022-11-17,156.07583441866552,157.87116255648812,156.05778711510322,157.75387573242188,4464100.0
2022-11-18,157.8802099304582,159.35977249002116,157.5373799266123,158.9628143310547,6555700.0
2022-11-21,159.70737271513136,160.30665323831985,158.74489943208565,159.78001403808594,5706600.0
2022-11-22,160.17041798649618,160.88774226785242,160.10686549917472,160.55178833007812,4707900.0
2022-11-23,160.2067843052211,161.07845253153292,159.81633889902065,160.72433471679688,5389200.0
2022-11-25,161.0602700797495,161.73217798212866,160.58810847043782,160.9331512451172,3058600.0
2022-11-28,160.48825336559423,161.41441293624598,160.31573195141326,161.014892578125,6183100.0
2022-11-29,160.72430084693076,160.95129975353873,158.5905194377642,159.88894653320312,6700500.0
2022-11-30,160.14320771725787,161.63232020908586,158.6994977844016,161.6232452392578,13288000.0
2022-12-01,162.5312399238341,163.40292194361086,161.41440902608025,162.295166015625,6282600.0
2022-12-02,161.16923325610676,162.49491304553067,160.67892168489848,162.42227172851562,5823900.0
2022-12-05,161.95012537447187,162.85812114045234,161.62324634452227,162.33148193359375,5120600.0
2022-12-06,163.36659256714458,163.43923388924077,159.74368456149682,159.89805603027344,7943500.0
2022-12-07,160.32480927524645,161.51428143937756,160.01608020389887,160.86959838867188,5702600.0
2022-12-08,160.55180638236587,161.14199804561318,160.1159584706697,160.89683532714844,4798500.0
2022-12-09,160.82420699728607,161.5233676223816,159.49854092649375,159.57118225097656,4561000.0
2022-12-12,159.76183974070435,161.5051898122575,159.44404956045014,161.4779510498047,4882400.0
2022-12-13,162.62202849238923,163.6208154069419,161.90470416115912,162.72190856933594,9177500.0
2022-12-14,162.14990028450305,164.38356231301512,162.14990028450305,163.22132873535156,9533600.0
2022-12-15,162.71283649075937,163.2939532196404,160.17044560631152,161.16017150878906,7602400.0
2022-12-16,160.7152194153435,160.7152194153435,158.77210940711723,159.50758361816406,18841800.0
2022-12-19,159.21703773959374,159.96158694451714,158.0548044527033,159.33506774902344,5736000.0
2022-12-20,159.80722382542632,160.206744101776,159.05358582320545,159.50758361816406,6174700.0
2022-12-21,160.05243896511234,161.78670058045773,159.48947209353196,161.33270263671875,5472000.0
2022-12-22,160.50641875950157,161.17832677311154,159.20797758267284,160.74249267578125,5709100.0
2022-12-23,160.41558776145635,161.1873895960038,159.63471095829462,161.15106201171875,3683400.0
2022-12-27,161.72312669948735,161.9410506714515,160.70617587348642,161.10568237304688,3067300.0
2022-12-28,161.40529626750097,162.0318154614819,160.3974205760781,160.40650939941406,2645400.0
2022-12-29,161.21461887957545,161.89561556829096,160.77878487817316,161.22369384765625,2828800.0
2022-12-30,161.16015731652914,161.41439499709338,159.26243582636195,160.39743041992188,4216600.0
2023-01-03,159.95253088759264,161.9682825136321,159.81632321534303,161.79576110839844,6344900.0
2023-01-04,162.4313617583828,163.6117590232245,162.0590801697553,163.55728149414062,9788800.0
2023-01-05,162.54940006230666,163.43015703204188,161.99552211077128,162.34963989257812,6255300.0
2023-01-06,163.55725894611064,164.28364437364365,162.88533718523732,163.6662139892578,5706000.0
2023-01-09,162.80363320342863,163.22130347032555,159.0626814654011,159.42588806152344,7925300.0
2023-01-10,159.53483671293623,159.93435702518596,158.2818121075973,159.04452514648438,5047500.0
2023-01-11,159.4168177354226,159.55301155361343,156.27514639830568,158.79029846191406,6494800.0
2023-01-12,158.2273000522621,158.6359091349757,156.9016343038489,157.99122619628906,4269400.0
2023-01-13,157.25579897583137,158.00034834695694,156.52032457517578,157.4737091064453,6088000.0
2023-01-17,157.9912485940552,158.51788775195848,156.25697351706742,156.50213623046875,6053300.0
2023-01-18,155.85743802114186,156.1752420207074,154.0959382085703,154.14132690429688,7047800.0
2023-01-19,153.47851252460993,155.52150285575976,153.18796110429105,153.93251037597656,6939500.0
2023-01-20,154.45006937043507,154.45914433938714,152.07111128812565,153.21519470214844,8620600.0
2023-01-23,153.54209249394737,154.0233291506904,152.49788903023023,152.82476806640625,8425400.0
2023-01-24,153.46945116869534,155.25820397014246,150.7363749938881,152.82476806640625,10541800.0
2023-01-25,151.78967581353348,153.9143829345703,151.707959506167,153.9143829345703,7099800.0
2023-01-26,153.95069046452457,154.27756950630408,153.1334859326176,153.35140991210938,6946100.0
2023-01-27,153.03359743707728,153.33323769683082,152.3344506859012,152.7521209716797,6058100.0
2023-01-30,152.47973017414662,153.03360817408227,146.2599671701915,147.09532165527344,23259100.0
2023-01-31,146.82290506759202,148.39373378290182,146.23271339190146,148.38465881347656,11612500.0
2023-02-01,147.99421808732683,150.70911625231665,147.45849011646834,149.74664306640625,9865300.0
2023-02-02,148.00331289211027,150.92706042696122,147.83988030123948,150.3096160888672,10099000.0
2023-02-03,150.75454712308974,151.03602361467958,148.8114365936547,149.46519470214844,6868500.0
2023-02-06,149.41068671612328,149.68308818162777,148.094095796918,148.33016967773438,7021000.0
2023-02-07,146.73211957910024,148.80234879251805,146.56867313861162,148.3665008544922,7310800.0
2023-02-08,148.27571346673122,149.41978316038606,147.9125068422182,148.55718994140625,6054700.0
2023-02-09,148.5753470633601,149.6377004143793,146.2508801905404,146.55050659179688,7949500.0
2023-02-10,146.88647738159187,147.81262307751365,146.5051208265213,147.23150634765625,7028000.0
2023-02-13,146.48696899443675,147.83988776962673,146.32352254039304,147.7763214111328,6414700.0
2023-02-14,147.7672304107739,147.97606554975383,146.87738461789095,147.13162231445312,6316000.0
2023-02-15,147.0498905362136,147.07712929691104,144.6346188183381,144.70726013183594,12621800.0
2023-02-16,144.43488198661606,144.96150729787456,143.3906786234585,143.68124389648438,11177000.0
2023-02-17,143.59894335341264,147.33935308758453,143.23312441018243,146.68089294433594,12401900.0
2023-02-21,146.0041104378945,146.6442899774536,144.3945492592528,144.49514770507812,9423900.0
2023-02-22,144.95245128995666,145.2725411490799,143.91903187208098,144.2939910888672,9820200.0
2023-02-23,144.2299800153908,145.0347538438323,143.27886464373233,144.24826049804688,9385100.0
2023-02-24,143.26054307714813,143.44345950560515,141.9436368923819,142.638671875,8689700.0
2023-02-27,143.07763255865015,143.48916659041117,141.82473603063713,142.32772827148438,7267100.0
2023-02-28,141.733310767573,141.99853126283566,139.95912715357238,140.1603240966797,9062300.0
2023-03-01,139.93170736704764,140.14205852831532,138.92573649902155,139.52932739257812,6767000.0
2023-03-02,138.77935955723188,139.7030260535417,138.3038019961172,139.41952514648438,8762500.0
2023-03-03,140.2608962033127,140.9467909382777,139.7761983736359,140.8553466796875,5747200.0
2023-03-06,141.44064951311282,142.419185457279,141.35834549020032,142.2637176513672,8148200.0
2023-03-07,142.74842539664542,142.8947529727853,140.2426319394367,140.91937255859375,7457700.0
2023-03-08,140.81876263475587,141.01995954693376,139.44697311785075,139.88595581054688,6230500.0
2023-03-09,140.34325364282606,140.47128680450777,137.82830557406064,138.31300354003906,7439400.0
2023-03-10,138.87998353508672,140.37066607411788,138.18494847534805,138.65135192871094,8504300.0
2023-03-13,139.0903100522407,142.58380742827455,138.6147663946901,139.97740173339844,10799600.0
2023-03-14,140.17860442341197,140.86449921826343,138.91655353542436,140.76390075683594,8421200.0
2023-03-15,139.77617630502343,141.65095774217335,139.4926754253955,141.15711975097656,7757700.0
2023-03-16,140.33407496026052,141.17543758373208,139.55673588374282,140.864501953125,7605500.0
2023-03-17,141.27602674888786,141.70585525008212,139.28236600255246,139.35552978515625,20540700.0
2023-03-20,139.43782453819492,140.90107218386856,139.35552052119877,140.7364501953125,7129000.0
2023-03-21,140.8370486453846,140.95594152853266,139.16346386031063,140.7364501953125,8376800.0
2023-03-22,140.69986692433795,140.89190961925252,138.12089624183912,138.13919067382812,7943500.0
2023-03-23,138.2581022438844,138.7245196650863,137.27956619712336,138.21238708496094,9051500.0
2023-03-24,138.5324381687972,139.7030307008172,137.93800166355211,139.60243225097656,5696200.0
2023-03-27,141.01995224094904,141.3308878329097,140.02312192607076,140.19688415527344,6772300.0
2023-03-28,139.36468713416028,140.33408295218027,138.76109631950266,138.84341430664062,6115300.0
2023-03-29,139.22748828983407,140.27004770881558,139.07202049410287,140.20602416992188,6012000.0
2023-03-30,140.45298324784136,140.65418019664668,139.7487939270228,140.3157958984375,4555700.0
2023-03-31,140.64500386975706,141.92534915655853,140.1420255314559,141.7515869140625,9890000.0
2023-04-03,141.70587279115333,143.5897950740668,140.78220608625327,143.4434814453125,6841900.0
2023-04-04,143.55321426447506,145.38226711722538,143.20568975699143,144.94329833984375,8314500.0
2023-04-05,150.32070934199683,151.50045628663622,148.84832118735494,151.45472717285156,16704200.0
2023-04-06,151.8022398694895,152.93624365745956,150.71395123717744,151.03402709960938,9615400.0
2023-04-10,150.55847957744086,150.75052229907791,149.65309345460017,150.2749786376953,5354000.0
2023-04-11,150.3664214181199,151.15291464057503,150.01889693821315,150.229248046875,5903800.0
2023-04-12,149.92748938512267,150.75055772324876,149.15929040892922,149.90919494628906,5764100.0
2023-04-13,150.14692893995954,152.1131689585871,149.80855865705794,151.91197204589844,5640600.0
2023-04-14,151.78394721835363,151.92112059607015,150.0371984510812,151.66505432128906,7225100.0
2023-04-17,151.57362132906064,152.03088456154953,150.84199736616512,151.5095977783203,8046400.0
2023-04-18,150.21096492013658,150.61335877883278,146.00413779412378,147.24789428710938,14571500.0
2023-04-19,148.1441318703437,148.7751433445349,147.39421354788993,148.63796997070312,6752000.0
2023-04-20,148.54653746130052,149.81774273345752,147.20219630138362,149.59825134277344,9498800.0
2023-04-21,150.3847229525319,150.86942082656736,148.12584163561988,148.7843017578125,7014200.0
2023-04-24,148.78429458957572,149.80855963938745,148.0343762819888,149.68966674804688,5278900.0
2023-04-25,150.2658137300811,151.2169288941672,150.12864036726288,151.0614471435547,6263100.0
2023-04-26,150.06464617446795,150.33900690832155,148.37278056574291,148.7202911376953,5518200.0
2023-04-27,148.97632133370504,149.44273865460045,148.27214616475385,149.06777954101562,5739700.0
2023-04-28,148.89406448723443,149.76286191365378,148.66543285109418,149.70799255371094,6024900.0
2023-05-01,149.61656188964844,150.25672773819355,148.37280511765982,149.61656188964844,4893400.0
2023-05-02,150.29326045995606,151.3358199647059,149.57993100694642,150.92428588867188,7541700.0
2023-05-03,151.39983612655715,151.9759782230859,148.61966827974285,148.9488983154297,5937200.0
2023-05-04,148.7751493813436,148.97634630750412,147.46738331586567,148.2721710205078,5128000.0
2023-05-05,148.92150460352073,149.18672512568304,147.86980462071085,148.77517700195312,5194500.0
2023-05-08,148.14415686396836,148.67458392321544,147.54970624975496,148.43679809570312,4994900.0
2023-05-09,147.924650575632,148.2721750857221,147.04669905971815,147.28448486328125,5520500.0
2023-05-10,147.42165681791434,148.1258460719595,146.37909725231248,147.83319091796875,6756600.0
2023-05-11,147.99778242929034,148.32701243239472,145.76633618097864,147.22958374023438,5867600.0
2023-05-12,147.5679635468401,147.75086601496136,146.33334746653483,147.03753662109375,3904200.0
2023-05-15,147.0558472034851,147.2661843671949,145.3548275494854,145.91268920898438,5104500.0
2023-05-16,145.46457579863466,146.5528645135564,144.97987789351987,145.72064208984375,5599200.0
2023-05-17,146.13216843362275,146.3790944707896,144.2848351387813,145.4005584716797,6840700.0
2023-05-18,145.0987803544239,145.34569246641598,144.0927956051581,144.9341583251953,5173000.0
2023-05-19,145.03470697781432,146.2601687389915,144.62317297796378,145.32736206054688,6527100.0
2023-05-22,145.58539066469842,146.6358163387458,144.46124918161314,144.54417419433594,5675900.0
2023-05-23,144.7561131681918,145.83418051873556,144.08346167967875,144.4888916015625,5793000.0
2023-05-24,144.73767492936807,144.7929582692654,143.66881682517834,144.35067749023438,5015100.0
2023-05-25,143.7886046816044,144.0097380379847,141.6416793010146,142.2774658203125,6886100.0
2023-05-26,142.53546485728998,143.07910310771402,142.08396081922376,142.22218322753906,6845400.0
2023-05-30,141.8720660580202,143.17128104215269,141.27314434412637,142.24063110351562,5593100.0
2023-05-31,142.54468967609162,143.45690705543595,141.7614855159157,142.87640380859375,11324600.0
2023-06-01,142.397216796875,142.85792995522627,141.11643477905247,142.397216796875,7901300.0
2023-06-02,142.56311235073477,144.94960366403294,141.98260914377195,144.63632202148438,7659700.0
2023-06-05,144.43360268166074,146.17509818987804,144.43360268166074,145.8802490234375,6430500.0
2023-06-06,147.04124148844954,147.06888315846044,145.03252442192604,145.75123596191406,5073600.0
2023-06-07,145.67754720322614,146.32254299407322,145.06940228906157,146.06454467773438,6504300.0
2023-06-08,146.04609537895564,147.8152325127677,145.41953212858252,147.6678009033203,5818400.0
2023-06-09,147.81524247586097,148.10088245101045,146.9398900830261,147.4374542236328,6264400.0
2023-06-12,147.4282383608071,147.65859498324585,146.2580227820595,147.33609008789062,6510600.0
2023-06-13,147.17945761615366,148.20224164016258,146.64502853461397,148.110107421875,6066800.0
2023-06-14,148.90252655424734,149.3448073331232,148.33123256918634,148.86566162109375,6699100.0
2023-06-15,149.31716829775,151.03102216346744,148.74587430260902,150.8651580810547,7138300.0
2023-06-16,151.5562080369364,152.02614449211464,150.994137379066,151.3258514404297,13426600.0
2023-06-20,151.3535252845974,152.32102600758395,150.93888613470426,151.23374938964844,7995800.0
2023-06-21,150.72695667431466,151.96166487644305,149.90688760754543,151.00338745117188,7177500.0
2023-06-22,151.02180416320587,152.69880721341565,150.9204466814915,152.60665893554688,5485900.0
2023-06-23,153.05816435684972,153.20559597880413,152.06302199843734,152.4776611328125,9450700.0
2023-06-26,152.01694287503747,152.01694287503747,148.65374171110702,150.7730255126953,6978800.0
2023-06-27,150.8190725451151,151.0033690805011,149.67651276089103,150.459716796875,4927500.0
2023-06-28,150.37680352997742,150.37680352997742,149.18816951912444,150.15567016601562,6780400.0
2023-06-29,149.86079640942916,151.40880014770815,149.48300819272308,151.20608520507812,4547500.0
2023-06-30,151.9063966682687,152.9015391281939,151.43647414268798,152.51454162597656,7580000.0
2023-07-03,151.42721782603846,151.47329196002426,150.15565889911102,150.5150146484375,4033700.0
2023-07-05,150.18332014668945,151.0402400991634,149.94374024267037,150.0174560546875,7224600.0
2023-07-06,149.50143313166427,149.61199980031347,148.34965013373156,148.9025115966797,6332500.0
2023-07-07,147.86132416767734,148.38653000626636,146.69110847629454,146.7371826171875,7022200.0
2023-07-10,146.90302979344548,147.70468046178996,146.50682312115572,146.97674560546875,5739200.0
2023-07-11,146.62660681527987,147.70467415788366,145.21682536265547,146.1658935546875,6606700.0
2023-07-12,146.45151540733755,146.45151540733755,145.47480566529913,145.65908813476562,6940400.0
2023-07-13,145.58540329284693,146.62661985352506,145.04176497137155,146.33175659179688,6401700.0
2023-07-14,146.6726850517821,147.6401858307749,146.48840253670127,147.3084716796875,5362200.0
2023-07-17,147.19786752509302,147.30843419403465,145.7235796598997,146.57130432128906,5486800.0
2023-07-18,146.57132653519474,148.2483155276567,145.76046668046186,146.56210327148438,6332500.0
2023-07-19,145.50245677685615,147.80602294433274,144.96802773881933,146.26724243164062,7522600.0
2023-07-20,149.21580673880297,155.85007459697226,148.62609435274018,155.14979553222656,21892900.0
2023-07-21,154.9655350364481,157.39811501216414,154.9655350364481,156.81761169433594,12080000.0
2023-07-24,158.02464698442253,160.16236324337848,157.5547245243249,157.6376495361328,15155400.0
2023-07-25,157.05712658484515,159.11190351376533,156.41213091879968,158.84469604492188,13790100.0
2023-07-26,158.48534504281065,160.18998955238612,157.93248356406957,159.14877319335938,14288200.0
2023-07-27,158.65117874733153,160.5953888659846,158.52217962352825,160.04254150390625,12446400.0
2023-07-28,160.32821176835012,161.58135237674972,159.61870942319118,160.77049255371094,14138800.0
2023-07-31,156.35686172061835,156.84521663047954,153.61101474557486,154.3665771484375,22632700.0
2023-08-01,153.29773678174843,155.8040182232047,153.01209678935186,155.61973571777344,15810300.0
2023-08-02,155.58287569604218,157.78508454716493,155.58287569604218,156.55958557128906,14595600.0
2023-08-03,156.5964217543582,157.85878554663066,156.33842347415327,157.23220825195312,17424800.0
2023-08-04,156.955776496111,159.11191099245758,154.6982845289181,155.75791931152344,23415100.0
2023-08-07,156.17258167591527,159.72006524522718,156.05279173243025,159.49893188476562,17736400.0
2023-08-08,159.39757261415963,159.91356919589987,157.9232846150283,159.5726318359375,27378700.0
2023-08-09,159.4067763585497,160.5585594247242,158.53142404022748,159.47128295898438,42974400.0
2023-08-10,160.32822588857388,162.14343738692824,158.15365858424275,158.6420135498047,48213800.0
2023-08-11,158.92763857734195,160.28213665537533,158.13521122597447,160.19000244140625,45905600.0
2023-08-14,159.88595641984924,161.80252554113065,158.25502731080385,159.81224060058594,64036900.0
2023-08-15,159.22250231699073,160.84420789855048,158.6143574514611,159.35150146484375,88958100.0
2023-08-16,158.97369517813095,161.0008304399243,158.60513024320528,158.84469604492188,85832700.0
2023-08-17,159.27779792661605,161.60900603086557,159.18564964540033,160.33743286132812,70904200.0
2023-08-18,159.56342239063585,160.3189988555041,157.8495685696823,158.93685913085938,49631700.0
2023-08-21,156.35687946351422,156.50431109148414,152.9199622381071,154.20074462890625,151319500.0
2023-08-22,153.74922988878964,154.65222394280073,152.41316424502924,152.97523498535156,56834800.0
2023-08-23,152.86464467777571,153.41750617984206,150.6255851200962,151.602294921875,119011400.0
2023-08-24,151.14156120462624,153.57412617627875,150.98492041423708,152.11827087402344,70755100.0
2023-08-25,152.48953790970398,155.71937923997473,152.26678485998644,154.2993621826172,18185500.0
2023-08-28,153.13923940473538,154.26226672495503,151.44078432281424,152.4802703857422,18458000.0
2023-08-29,153.0185527543439,153.7703248039668,151.06951672975356,152.49880981445312,12208600.0
2023-08-30,153.24131555297947,153.9095605645017,151.91410159661896,151.96051025390625,9939100.0
2023-08-31,151.62639581794016,151.81203045696913,149.68663563272543,150.05787658691406,15333000.0
2023-09-01,149.81656938206214,150.80037064326442,148.5079216688322,148.9441375732422,8610100.0
2023-09-05,149.0183912877931,150.32703902466636,148.75851978624962,149.1297607421875,9019800.0
2023-09-06,148.35017344027983,148.49867551465942,146.0391718662228,146.65171813964844,9753800.0
2023-09-07,147.70045092701136,149.4824328072419,147.55194889650886,148.52647399902344,9931800.0
2023-09-08,148.1181126795053,149.12975629189128,147.74687173464588,149.0183868408203,6957000.0
2023-09-11,149.48243052684683,150.9952648454044,148.91627893588435,150.96742248535156,6309300.0
2023-09-12,150.55905013672586,152.146121319571,149.9186475267616,151.8212890625,6045800.0
2023-09-13,151.988366251432,153.09282724905987,151.28300274795905,152.20184326171875,7397500.0
2023-09-14,152.8422204821787,153.38981998762867,151.69136507030595,151.9698028564453,7758400.0
2023-09-15,152.19255523843,152.97218394107378,149.62168246762224,149.84442138671875,13392100.0
2023-09-18,150.46623024672482,151.42218903125044,149.19471527665206,150.79107666015625,5789000.0
2023-09-19,150.58692074808707,151.14379638172946,149.7794638250477,150.54051208496094,5550800.0
2023-09-20,150.5312178755632,151.78416665735364,150.03931726196686,151.199462890625,3837400.0
2023-09-21,150.8839113420461,151.74705291871763,149.97434694447264,150.03932189941406,4526700.0
2023-09-22,149.70520359812147,149.79800675673602,148.7306783800927,148.96270751953125,4976700.0
2023-09-25,148.56362946060193,148.83277704063445,147.31994246608082,148.73995971679688,6722500.0
2023-09-26,148.3223172388465,148.57291269574907,147.44060926759488,147.589111328125,4904800.0
2023-09-27,147.18070804412986,147.34776220706564,144.0993546386053,145.81637573242188,10211600.0
2023-09-28,146.17833290926197,146.60527268424718,144.99034505095398,145.6029052734375,7861900.0
2023-09-29,146.0576823121759,146.27115929388646,144.18289726555204,144.55413818359375,7680700.0
2023-10-02,144.2478640959969,144.2478640959969,142.29882795173137,143.9972686767578,7259700.0
2023-10-03,143.56103901577097,144.32210126712584,142.8278332855999,144.17359924316406,5740800.0
2023-10-04,144.3870916410868,144.7211999878016,143.45897513505508,144.34068298339844,4955200.0
2023-10-05,145.03678139142278,146.6795375354206,144.85116090848877,145.84423828125,5993300.0
2023-10-06,145.788530381048,146.92083355749364,145.33374823249758,146.3082733154297,5802200.0
2023-10-09,145.88134618550748,147.45915558142133,145.7978190985052,147.14358520507812,4414100.0
2023-10-10,146.99508301735955,147.8211060640413,146.5495769395137,146.9765167236328,5273500.0
2023-10-11,147.06935051363072,147.61693586351447,144.82329606473857,144.95323181152344,6922900.0
2023-10-12,144.71190662328922,145.3059005496707,143.9230161846205,145.09243774414062,5792400.0
2023-10-13,145.4637201304688,146.04843815798398,144.832607599511,145.57510375976562,5359800.0
2023-10-16,146.47532316018965,146.8744063766299,145.565758977823,146.20616149902344,6408100.0
2023-10-17,144.76762706385446,147.52413457042593,143.49611182063867,144.86972045898438,12244400.0
2023-10-18,144.2385956668851,144.73977236996714,141.1201235090008,141.75123596191406,9097300.0
2023-10-19,140.7673976699011,142.10388740921834,139.3566569270739,141.3706817626953,7733800.0
2023-10-20,141.76049538612597,142.8092572240317,141.3799642864767,142.00180053710938,7207000.0
2023-10-23,141.87188545680888,142.46587943651636,140.34049893219958,140.50755310058594,5874000.0
2023-10-24,139.91357782038136,141.03660514060584,139.3381500586774,140.35906982421875,6155300.0
2023-10-25,140.3683566699609,141.23149829170868,139.43094986043917,140.6746368408203,5880800.0
2023-10-26,141.04589055957672,141.04589055957672,138.17801346671112,138.2893829345703,7612500.0
2023-10-27,137.81604559780433,137.97382372788857,134.5305047465985,135.1337890625,11385800.0
2023-10-30,135.58853624067433,136.6558787140512,135.50500915444326,136.46096801757812,8205300.0
2023-10-31,136.9343075274781,137.86242406373086,136.09900830962442,137.6768035888672,7576900.0
2023-11-01,138.46569090021018,138.99470989515495,137.7881698792718,138.0016326904297,5733000.0
2023-11-02,137.09208265438073,139.5887039286113,136.9342904004513,139.44021606445312,5349100.0
2023-11-03,140.34049035954845,141.32429150066253,139.35667505650164,140.4611358642578,4926800.0
2023-11-06,140.86952384795669,141.4727939193643,140.4889926770397,140.79527282714844,4851400.0
2023-11-07,141.0087390541356,141.305743144516,139.8485933797143,140.0527801513672,4840400.0
2023-11-08,140.4704597839775,140.91595180791333,139.53305290956604,139.54234313964844,5460000.0
2023-11-09,139.68155319818197,139.68155319818197,136.67445021043582,136.8229522705078,6973600.0
2023-11-10,137.59327767700816,137.82530681305707,135.1708929301801,136.6651611328125,6930700.0
2023-11-13,136.6651639573006,137.26843405872188,136.1082883545003,137.01785278320312,5889300.0
2023-11-14,137.02710326252176,137.86240234880617,136.40526698061095,137.04566955566406,6713600.0
2023-11-15,136.75799346123,138.6791875543606,136.68374243011314,138.103759765625,6729100.0
2023-11-16,138.75341193015643,139.3752482641238,137.9552312014053,139.31028747558594,6875600.0
2023-11-17,139.72793003393224,139.9506689113672,138.35432169599682,139.02255249023438,7023300.0
2023-11-20,138.3770556909202,140.70656355922554,138.03089285449911,140.24815368652344,8851700.0
2023-11-21,140.4259229439275,141.53921436041963,139.96749875453938,141.3801727294922,5916300.0
2023-11-22,141.85729494542176,142.240859174012,140.69720908303808,141.09950256347656,4633500.0
2023-11-24,141.1369191220992,142.8396108356228,141.1369191220992,142.6712188720703,3351400.0
2023-11-27,142.47474550631964,142.5028251085682,141.23982829649938,141.52984619140625,6449700.0
2023-11-28,141.64211325588315,142.02569177295712,141.11820809858446,141.8572998046875,5909000.0
2023-11-29,141.57660849181153,142.39053141922517,141.33337093112328,142.30633544921875,5190000.0
2023-11-30,142.44666031731148,145.14104552718203,142.1285771398524,144.69198608398438,12481900.0
2023-12-01,146.3572891099728,148.24710210341533,145.44980543009595,148.17225646972656,10342900.0
2023-12-04,147.81674221790257,149.70655519778498,147.81674221790257,148.64002990722656,8920300.0
2023-12-05,148.56517079846597,149.34167811221891,148.02255071384306,148.33128356933594,7268200.0
2023-12-06,148.30323221605622,148.43420850569504,146.10468634496343,146.5256805419922,6642900.0
2023-12-07,146.4882477220429,146.4882477220429,144.73877585614562,145.38429260253906,6532400.0
2023-12-08,145.40301721894423,145.80531069373018,143.92484815348666,144.46746826171875,6254700.0
2023-12-11,144.54231799765637,145.4591520046874,144.40199136022366,145.06622314453125,6090400.0
2023-12-12,145.01009675805605,145.3094792938512,143.74709988260597,145.07559204101562,5324400.0
2023-12-13,143.75645126328445,145.88950167057897,141.98826436578128,145.74916076660156,10764600.0
2023-12-14,146.38535337037308,147.0308844653029,145.05687550161443,146.7595672607422,9240700.0
2023-12-15,145.46850763888625,146.5911634949868,143.84999771870304,145.15977478027344,21727800.0
2023-12-18,145.20656539973086,146.35728666335112,144.78555693285136,145.42173767089844,7231400.0
2023-12-19,145.2907364911004,146.4133922346362,144.95393834050546,146.3759765625,6651500.0
2023-12-20,146.45082097974446,146.56309655685993,143.24189505111931,143.39158630371094,7008300.0
2023-12-21,143.78452174650104,145.13171453108265,143.4196582236222,144.8603973388672,4598600.0
2023-12-22,145.24397338712615,146.4414748920263,145.02880112735264,145.44044494628906,3798900.0
2023-12-26,145.01005883927465,146.2730553844629,144.8697322344054,146.0765838623047,4170000.0
2023-12-27,145.47784904076045,146.43211288365436,145.40300341824496,146.2730712890625,5288100.0
2023-12-28,145.94564585128654,147.1057317651261,145.93629550029206,146.48826599121094,4377500.0
2023-12-29,146.42276816467424,146.78763170195052,145.92692833902555,146.63795471191406,4313700.0
2024-01-02,146.81568285520638,151.22212448027972,146.68470657947933,149.65975952148438,9622100.0
2024-01-03,150.2865887763666,151.0350308214125,149.50073105297344,150.59532165527344,8232000.0
2024-01-04,151.1753559633682,151.5402194938575,150.0807653719002,150.27723693847656,6766600.0
2024-01-05,150.1555947565753,150.9414523871629,149.1919805553051,150.7449951171875,5602500.0
2024-01-08,150.71695295098283,151.24085811854073,149.3229797709594,151.11923217773438,6569800.0
2024-01-09,151.21278381347656,152.75643389591977,150.24916952134754,151.21278381347656,6357000.0
2024-01-10,151.39053560923782,152.1389633374342,150.81048556193858,151.4373016357422,4945100.0
2024-01-11,151.62443530515444,151.7460469695425,150.4175690848592,150.7637176513672,4946000.0
2024-01-12,151.4092580227775,151.9986585048327,151.26893137245287,151.92381286621094,4496900.0
2024-01-16,151.15666098441994,151.79282746152293,149.8562341511425,150.17433166503906,6923200.0
2024-01-17,149.92171119960736,150.90404039950965,149.56619804955773,150.09010314941406,5072100.0
2024-01-18,149.68783420897128,150.96953172127544,149.39781631424648,150.81985473632812,5368500.0
2024-01-19,150.76371218534211,151.48408889593233,149.94978914210228,151.25955200195312,7071300.0
2024-01-22,151.5589175961533,153.03708653019396,150.94145191319777,151.99862670898438,6824200.0
2024-01-23,149.3697441727501,150.16495219049938,146.79698463965894,149.51007080078125,9149800.0
2024-01-24,149.45395169119038,150.24917404569456,147.9664322178115,148.71487426757812,7247900.0
2024-01-25,148.75227896846147,149.33231473343605,148.2564391805941,149.27618408203125,5478900.0
2024-01-26,150.09010060702022,150.38013275234658,149.08907072432484,149.2200469970703,5591900.0
2024-01-29,148.7616481941349,149.75334217104398,148.71488216225947,149.08909606933594,6483200.0
2024-01-30,149.07971415934642,149.46327833653217,147.93834342643083,148.53709411621094,7200500.0
2024-01-31,150.06206074674012,150.26788267817244,148.44356489988175,148.6587371826172,8256800.0
2024-02-01,147.96641175902295,148.27514459718972,146.9279519489503,148.1535186767578,8012000.0
2024-02-02,147.7886587018118,148.10674189705205,145.88949560476627,146.5163116455078,8295900.0
2024-02-05,146.51632203060015,146.77827459528794,145.32817086375937,145.75852966308594,9121600.0
2024-02-06,145.78659362200213,148.4996798488214,145.57142136202944,147.87286376953125,9229900.0
2024-02-07,147.6296579328281,149.09846266726538,147.52674695586649,147.7980499267578,8690300.0
2024-02-08,147.1992884119279,147.1992884119279,145.30012492683497,146.3198699951172,9755000.0
2024-02-09,146.19823688403184,147.06829054626397,145.63690180976707,146.65664672851562,6529200.0
2024-02-12,146.48824056561887,148.20029667322007,146.27306832733294,147.6763916015625,6701500.0
2024-02-13,147.47993601826903,148.2377283842858,145.71174907244858,146.38534545898438,8621000.0
2024-02-14,146.27309330355936,146.3760042655887,144.86040516339827,145.70240783691406,9098800.0
2024-02-15,145.92693022401383,148.26580274326486,145.84273423940357,147.7418975830078,7462500.0
2024-02-16,147.61934007652707,148.24147959606134,146.74266605215664,147.57220458984375,8541000.0
2024-02-20,147.58163234156362,149.5140723096364,147.46851867559718,148.8070831298828,9501700.0
2024-02-21,148.9579232681752,149.58949859497682,148.11896328078404,149.58006286621094,7472500.0
2024-02-22,149.86285045886265,151.52192762202995,148.72224929291693,151.24855041503906,8065000.0
2024-02-23,151.65391494665863,152.9453440657131,150.97520410272537,152.55885314941406,6726000.0
2024-02-26,152.52116468947858,152.7191136431205,151.36170623837256,151.56907653808594,5465400.0
2024-02-27,151.14487202592605,151.80472578404667,150.48501826780543,151.7481689453125,5078600.0
2024-02-28,151.7669998538821,152.34201825476467,151.0977104822067,152.28546142578125,6071100.0
2024-02-29,152.7096686900777,152.88877492388917,151.71045957905832,152.12522888183594,9849100.0
2024-03-01,152.54943682047335,153.24700476182508,151.85186887912164,152.8227996826172,5670100.0
2024-03-04,152.06868935011204,152.34205221237573,149.19359670483033,150.67355346679688,8532900.0
2024-03-05,151.40879975181255,151.99325392759428,150.07023528321747,150.79608154296875,8298200.0
2024-03-06,150.3153527964436,151.7010385431363,150.08911105018066,150.2022247314453,5773700.0
2024-03-07,150.8243722641366,151.16372767708023,149.16530934737497,149.75917053222656,5188700.0
2024-03-08,149.75915462953353,151.19199004133748,149.3443853484536,150.37188720703125,5284000.0
2024-03-11,150.34361989385164,152.06867532188554,149.76860141784033,151.98382568359375,4620800.0
2024-03-12,152.3137616916336,153.75601857254375,151.88957102967169,153.40724182128906,8018700.0
2024-03-13,153.2092527598989,153.35064482888012,150.64523776168417,151.86126708984375,6260000.0
2024-03-14,151.710481298544,152.2760641147946,149.58951337420214,150.07969665527344,6988300.0
2024-03-15,148.99562045748613,150.0608221608597,148.0906823030348,149.10873413085938,13165500.0
2024-03-18,149.47636946124726,149.58948312487718,147.52507246124296,147.77015686035156,6602300.0
2024-03-19,147.6853515562715,147.8644578158208,146.7332777989774,147.25173950195312,7840600.0
2024-03-20,146.77095781276742,147.46852568140716,146.30906739897358,146.8275146484375,5982300.0
2024-03-21,146.66727215112346,147.94927989158865,146.20538171633996,146.81809997558594,5915800.0
2024-03-22,146.76153776046286,147.39311307056096,146.2147977046169,146.32791137695312,7248600.0
2024-03-25,146.48815194385955,147.03489196761947,146.0168258251422,146.3184814453125,7498100.0
2024-03-26,146.6861015253085,147.27054125507036,145.88484144492563,146.83692932128906,6864100.0
2024-03-27,147.0443258930305,149.1464363292962,146.5258642920507,148.90135192871094,8461600.0
2024-03-28,149.1276006667571,150.01369618769235,149.0427654063442,149.11817932128906,6181500.0
2024-04-01,148.67511735946294,149.08045093187417,147.7796005785989,148.73167419433594,4364700.0
2024-04-02,147.59107408397963,148.77881077622328,147.0066198906289,148.68453979492188,6102300.0
2024-04-03,148.74108967778864,148.9861884642231,145.40410709818596,145.4135284423828,8098200.0
2024-04-04,146.4033213960526,146.58242762831392,143.66963557319747,143.7544708251953,6947400.0
2024-04-05,143.3114319408778,144.2352271927179,142.9155196900892,143.65078735351562,6783000.0
2024-04-08,143.27372175481162,144.2634951179195,142.8683738046613,142.8966522216797,5935400.0
2024-04-09,142.85894984391032,143.78274501163418,142.2839314021805,143.55650329589844,6135300.0
2024-04-10,142.84009396174463,143.11347116850277,141.17159545565505,141.58636474609375,6809500.0
2024-04-11,142.1519730388852,142.21795122188618,139.88017749069675,140.25723266601562,8374400.0
2024-04-12,139.56908446031093,140.52117240174474,138.7112674937405,139.06005859375,7100200.0
2024-04-15,139.86132051745926,140.91710089983115,138.9186681947508,139.1260528564453,8502300.0
2024-04-16,136.69400542536803,137.86289946047583,135.1669132956772,136.16612243652344,12774900.0
2024-04-17,136.6846099986646,137.07110096868834,135.30833104500687,136.46780395507812,9378100.0
2024-04-18,136.6657465716664,137.43872847579888,134.92184818984796,137.38217163085938,9887700.0
2024-04-19,137.7686266191553,139.6350885122052,136.2509558548223,139.42770385742188,9750800.0
2024-04-22,139.99326469798586,141.65234167666586,138.8526636588736,140.5682830810547,10118700.0
2024-04-23,141.26587657432253,141.85975213587426,139.70107027851722,140.9830780029297,10110400.0
2024-04-24,139.64451217174434,140.44577238611922,138.43791836958567,140.01214599609375,9756300.0
2024-04-25,140.80395920263672,141.0019225000743,137.9383027479979,138.40020751953125,7642700.0
2024-04-26,138.28705338082477,138.7395223390905,137.58006434065314,137.75917053222656,6183000.0
2024-04-29,137.75919652263332,138.77726265860187,137.61780444141473,138.40020751953125,6149600.0
2024-04-30,138.45679307454165,138.45679307454165,136.24155411769405,136.29811096191406,8817700.0
2024-05-01,140.2101029119135,143.14175202801863,139.15432259539804,142.51016235351562,14470900.0
2024-05-02,143.32086725312607,143.59424450914054,140.58718099538785,141.32244873046875,8459800.0
2024-05-03,141.29414131431378,141.29414131431378,139.3428586897004,140.70970153808594,6532700.0
2024-05-06,141.27529553310512,141.4449804265679,139.42770508084675,140.0592803955078,5042800.0
2024-05-07,140.8133923165961,141.14331196122563,139.93671827811997,140.1912384033203,7333500.0
2024-05-08,140.56829969444763,141.14331814547634,140.17238747330634,140.40805053710938,7735100.0
2024-05-09,140.43633717678227,141.49211754537484,140.35150192094164,141.25645446777344,6546200.0
2024-05-10,141.39785405916757,141.48268931950705,140.63430794864544,141.31301879882812,5710600.0
2024-05-13,141.43554488557442,143.2831497240159,141.12448228398986,142.54788208007812,5628500.0
2024-05-14,143.14173234619992,143.48108768989533,142.05767376152252,142.6986846923828,8254200.0
2024-05-15,143.11347283817227,144.1786601097006,142.62328963614115,143.9147186279297,5548000.0
2024-05-16,144.22580970584798,145.52667455304834,143.5942343567135,145.43240356445312,7591000.0
2024-05-17,145.9791437011928,145.9791437011928,144.89509925066497,145.77175903320312,6521800.0
2024-05-20,145.48666509768884,145.76223762818017,143.73815340422095,143.74766540527344,7742300.0
2024-05-21,144.23231787015257,145.00203605624256,143.29154314270733,143.71917724609375,5492400.0
2024-05-22,143.3390331108742,146.41791978509374,142.84490208291368,145.86676025390625,6609800.0
2024-05-23,145.15408581861163,145.23960684089337,141.95167298425133,142.25575256347656,8000400.0
2024-05-24,142.09419340705284,142.36026844901062,139.461935491968,139.6614990234375,9520600.0
2024-05-28,139.49044706008516,139.49044706008516,136.9817290824054,137.20030212402344,10499800.0
2024-05-29,136.66816007186924,138.1885869509172,136.5636295458094,137.25732421875,8263800.0
2024-05-30,137.4283588695626,138.36913355349992,136.85820425808777,138.0555419921875,8490300.0
2024-05-31,138.3311435124853,140.14615255716046,137.97003540411856,139.37643432617188,14621200.0
2024-06-03,139.9275499832736,141.49549296067536,139.47142348984758,140.3931884765625,7329200.0
2024-06-04,140.14613178389556,140.93485940367907,138.9202870977274,140.45022583007812,8876400.0
2024-06-05,140.61175625628087,140.63076575726186,138.5971841523187,138.71121215820312,5891300.0
2024-06-06,138.26459112603757,139.6899992819761,137.46636603871238,139.1388397216797,5016300.0
2024-06-07,139.38591940710893,140.92537023189638,139.06283033894482,139.7660369873047,5111600.0
2024-06-10,139.24338373876677,140.2221629407793,138.35963755636834,139.8135528564453,5749900.0
2024-06-11,139.50946109066751,139.84206216479,138.207592800537,139.46194458007812,5661200.0
2024-06-12,139.74702039975986,139.88956992260884,137.58040105247696,138.1790771484375,6180500.0
2024-06-13,137.85599322069157,138.73973939519382,136.72516699740152,138.2170867919922,6840400.0
2024-06-14,137.92250921727728,138.71123689865664,137.29532607304745,138.3026123046875,4075300.0
2024-06-17,137.8084688417842,139.1483415298389,137.54239380443985,138.6922149658203,6666600.0
2024-06-18,138.70170097833577,139.11031095912318,138.03649900961312,138.4071044921875,6156600.0
2024-06-20,138.0460355667466,140.71629791621663,137.79895553441006,140.43121337890625,8749700.0
2024-06-21,140.5357317721205,141.66655782258937,140.04158625006676,141.35296630859375,15172300.0
2024-06-24,141.59054657000584,142.27474365974027,140.80181896656197,141.70457458496094,6914700.0
2024-06-25,141.76159198566108,141.78060148860925,139.63299165553863,139.8705596923828,5912500.0
2024-06-26,138.92977287625246,139.87054743974454,138.5306603493167,139.51895141601562,5267800.0
2024-06-27,139.4999547688829,140.03210485383192,137.6374149715589,138.5496826171875,5739200.0
2024-06-28,138.77775739315328,139.756551181571,138.40715178394825,138.8917999267578,10495700.0
2024-07-01,138.80627134717227,141.30547744758792,138.37863724443636,139.15786743164062,5144400.0
2024-07-02,139.1483372947093,139.83253436991393,138.4926617226397,138.7682342529297,5492000.0
2024-07-03,138.92977820461493,139.35739774987505,137.54238905777078,138.4451446533203,3246200.0
2024-07-05,138.52119188822056,139.26240309363158,137.31434205376763,139.1958770751953,4888500.0
2024-07-08,139.11983885989991,139.8990689935426,138.02703167247682,138.24559020996094,5260200.0
2024-07-09,138.42613814340208,139.81354182023662,137.9604995840531,139.73751831054688,5890400.0
2024-07-10,139.93707193598866,142.0371797726971,139.3859123476217,141.99916076660156,6093200.0
2024-07-11,142.14172453376756,143.09199678135258,141.24846630103704,142.25575256347656,6350400.0
2024-07-12,142.5408316141575,143.37707579962824,141.81862995398026,142.4268035888672,5336400.0
2024-07-15,142.61684388852845,142.7783884116229,141.46700822414775,141.81861877441406,6711400.0
2024-07-16,142.24624336906467,143.5671211046381,141.74260027924188,143.50059509277344,6469600.0
2024-07-17,144.01375680569222,149.65837607191384,143.89021677797928,148.7936248779297,13801400.0
2024-07-18,147.8623559696768,149.25925722446763,146.93107879981446,147.69129943847656,10166200.0
2024-07-19,148.72709218037255,148.72709218037255,146.45594227294762,146.9976043701172,7398000.0
2024-07-22,147.0736198695458,147.39670890989976,145.9522912294915,146.56997680664062,6840600.0
2024-07-23,145.6862093700246,145.86676338411584,144.0327452409806,144.77395629882812,6261900.0
2024-07-24,145.1635527375247,148.6320544104563,144.75494271715232,148.50851440429688,7168200.0
2024-07-25,148.6985979944299,152.59472002924207,148.2424713732824,151.7014617919922,10019600.0
2024-07-26,151.80597650313655,153.54497628383004,151.53990146018913,152.65171813964844,8356900.0
2024-07-29,152.01502750874198,152.04353451146278,150.1905068346046,150.67514038085938,5625000.0
2024-07-30,150.65612122255587,153.51644931221742,150.48507921719428,153.30738830566406,6545700.0
2024-07-31,151.90098652395008,152.37612252871688,149.89591200383413,150.0004425048828,8293200.0
2024-08-01,150.59912770765834,152.81326357826595,149.8674285851847,152.7657470703125,7213400.0
2024-08-02,153.84904641947276,156.65236070043406,152.99380733375668,155.9776611328125,11280400.0
2024-08-05,155.64506915975795,157.53611595936755,152.59470367647071,153.23138427734375,12032200.0
2024-08-06,153.04132602714884,153.44993607394514,151.03625129751646,151.06475830078125,7607100.0
2024-08-07,150.96973823354892,152.63271456658043,150.3235601041438,150.9982452392578,5993000.0
2024-08-08,150.68466596197248,152.70873583757134,150.17151086674826,152.2526092529297,5094800.0
2024-08-09,152.1575544096723,152.92727244209684,151.4163433784486,152.6326904296875,4579200.0
2024-08-12,152.96529747903207,153.65899203562424,150.81768780382836,151.92950439453125,7605400.0
2024-08-13,152.30012718809206,152.39514570661416,148.66058297863026,150.51361083984375,9711400.0
2024-08-14,149.9814652136954,151.61593458110082,149.5728406218424,150.59913635253906,5141200.0
2024-08-15,150.49459014893438,151.56840227843105,149.99094708819743,151.1787872314453,7237800.0
2024-08-16,151.22629916603145,151.98651973473113,150.31403158359157,151.4638671875,5012800.0
2024-08-19,151.53041103278957,152.3191241969172,151.2168194675326,151.69195556640625,4408400.0
2024-08-20,152.04352489451944,152.9272709229686,151.72993338442444,152.19557189941406,7275100.0
2024-08-21,152.42365609024736,153.44995181304992,152.33813507168128,153.40243530273438,5019400.0
2024-08-22,153.94407134740695,154.40970986963083,152.79423579252784,154.27667236328125,6552100.0
2024-08-23,154.41922194588088,156.05369117816977,153.6590013378392,155.96817016601562,7093400.0
2024-08-26,156.00617907623229,157.46960632553254,155.40750297424557,156.42430114746094,6870600.0
2024-08-27,156.5487753592511,157.06581075769947,155.26574914712472,156.02215576171875,4388700.0
2024-08-28,156.07004335331814,157.98501321041408,155.79237915246588,156.950927734375,5187000.0
2024-08-29,157.63071383496106,157.71688395318662,156.4147041520119,157.24771118164062,7390100.0
2024-08-30,157.14241222827346,158.92333467131888,156.84559425610914,158.80844116210938,7971000.0
2024-09-03,158.21480765392596,160.67553621109667,157.76478858917997,160.0531768798828,6956500.0
2024-09-04,160.67552466910686,161.67131705958903,158.98077245361435,160.24465942382812,6939100.0
2024-09-05,160.09146672248764,160.2542373965506,157.82223226458788,157.97543334960938,4600400.0
2024-09-06,158.15734891331408,158.88504678841576,157.1424172559987,157.39137268066406,6016900.0
2024-09-09,157.8317980298686,160.29254108945904,157.4775333131413,159.52655029296875,7538200.0
2024-09-10,160.37870270395436,161.297894532952,159.66058910975752,160.26380920410156,6559600.0
2024-09-11,159.6988842126655,159.6988842126655,157.1136781609321,157.81265258789062,5920200.0
2024-09-12,157.21900889530122,158.08075402330743,155.7923658242544,157.6403045654297,4540900.0
2024-09-13,157.7360578906423,158.7031123199692,156.85517359055,158.48289489746094,3693400.0
2024-09-16,159.2871912046746,160.1393521954828,158.73184820020649,159.89041137695312,5187800.0
2024-09-17,159.17229627166833,160.58936984385574,158.8754636779128,159.96701049804688,5066500.0
2024-09-18,159.54569330076674,161.19256828842722,158.69353243238905,159.08609008789062,4722800.0
2024-09-19,159.16269505942404,159.29674234773438,157.4296498998191,157.81265258789062,4956100.0
2024-09-20,157.31477239960117,157.8605311967839,156.5966587227406,157.18072509765625,11839000.0
2024-09-23,157.41049521676248,157.5062495407499,155.80192776619572,156.28067016601562,4671600.0
2024-09-24,155.8689598481309,156.53921096362285,154.68168792709733,155.85939025878906,6041600.0
2024-09-25,156.07003736407944,156.37643954228557,153.54227783411883,153.77207946777344,5420000.0
2024-09-26,153.42738636298367,154.6721050508365,153.21673851518025,154.5284881591797,6122000.0
2024-09-27,155.11252156698504,156.48171767663166,154.48057815789105,154.53802490234375,7553800.0
2024-09-30,154.7008247129483,155.2848764098711,153.84864922320168,155.16998291015625,6010000.0
2024-10-01,155.52424734351888,155.83064948898271,154.3273913566603,155.10296630859375,4408000.0
2024-10-02,154.6433666468811,155.22743296630276,153.8199291245827,154.3178253173828,4684400.0
2024-10-03,153.9444251767827,154.5763687341245,153.4082359560298,153.67633056640625,4791200.0
2024-10-04,152.84330610937752,153.67631322547436,152.02943817039042,153.47523498535156,5331100.0
2024-10-07,153.4369488619658,154.02101521114693,152.45074062466867,152.74755859375,4266000.0
2024-10-08,152.7092475497711,153.43693069782802,152.19219760478884,152.90074157714844,4766300.0
2024-10-09,153.1209863894832,154.36571970535155,152.7284140665448,153.8199462890625,6047200.0
2024-10-10,154.4997351664511,154.52845853927678,153.19755536147628,153.6858673095703,4793900.0
2024-10-11,155.28488038674476,155.7444836174916,154.3465493582396,154.5955047607422,5253500.0
2024-10-14,154.5380445700316,155.2465885985896,154.0593021585878,154.72955322265625,5964000.0
2024-10-15,153.19756699965723,159.6605893574553,152.2400822059094,157.12326049804688,10548000.0
2024-10-16,157.0275139338158,157.97542918608636,155.72533396557202,157.2956085205078,5982100.0
2024-10-17,157.27644557037658,157.98498957110436,156.67324009049022,157.47752380371094,4798000.0
2024-10-18,157.8796818595988,158.2626699689838,156.960489942991,158.0998992919922,5908000.0
2024-10-21,158.0807517413792,158.22436862227744,155.40936087619903,155.90725708007812,6082700.0
2024-10-22,155.4189522920748,156.76899486538684,155.01679578676678,156.5009002685547,5680300.0
2024-10-23,155.89769358501152,158.94248845954036,155.51469087088046,158.80844116210938,7441600.0
2024-10-24,157.98498910665833,158.4733010860943,156.39556086135312,156.71153259277344,5386300.0
2024-10-25,156.72110691667783,156.95090853103437,153.7816361429188,154.0401611328125,6400400.0
2024-10-28,154.27953418709438,155.0838179319058,154.15505648490011,154.72955322265625,4842500.0
2024-10-29,154.59550128538734,155.2753073075725,153.25501380759857,153.2837371826172,5216900.0
2024-10-30,152.67096076442635,154.42315984310346,152.268818869165,153.78164672851562,5820500.0
2024-10-31,153.18800003940865,154.0305767375221,152.68053425882096,153.0635223388672,8613900.0
2024-11-01,153.75291725765334,154.2125058897296,153.08268079211308,153.32205200195312,5256400.0
2024-11-04,152.9103404711224,153.46568348399165,151.34964996932734,151.51242065429688,4644000.0
2024-11-05,150.96662430654885,151.84750855559324,149.70275198750548,151.6177215576172,6547100.0
2024-11-06,153.10183363831356,154.01145600496247,150.66025876801325,151.167724609375,8926600.0
2024-11-07,151.73261817533063,152.00071275185203,149.85594152962213,150.06658935546875,7522800.0
2024-11-08,150.32513449463838,150.40173504249262,148.8027369574448,148.8601837158203,8926100.0
2024-11-11,149.0037835023882,150.88046018417558,148.32397745958923,148.4484405517578,7146800.0
2024-11-12,147.96012790111791,148.4484398991532,145.8919571858056,146.15048217773438,7181400.0
2024-11-13,146.01643157637207,146.98348596194532,144.98234624216516,146.7249755859375,7161900.0
2024-11-14,146.66752611503128,147.06009842012966,144.35041447112772,145.41322326660156,7716400.0
2024-11-15,144.48447330216516,147.86439401133276,144.48447330216516,147.4526824951172,11328500.0
2024-11-18,146.10258664855712,148.72609998226258,145.85364588654917,148.18991088867188,7510600.0
2024-11-19,147.4047858843799,147.44309345901232,145.58557056093258,146.49517822265625,8233700.0
2024-11-20,146.52390910042698,146.7345569415132,145.35577638533414,146.6005096435547,9061300.0
2024-11-21,147.08882448404214,149.42508995892942,146.3132640588669,148.88890075683594,10141100.0
2024-11-22,149.27188159946877,150.4400142800186,147.5579901541049,148.5729217529297,8266000.0
2024-11-25,148.57291610380778,150.36340802195508,148.54419272833388,149.156982421875,12256200.0
2024-11-26,149.75538663906448,149.842248175922,147.8250517189238,149.13768005371094,5683500.0
2024-11-27,149.24386162613231,151.17419670876055,149.21490777807594,149.98703002929688,4140400.0
2024-11-29,149.49478032605202,150.24760973159832,148.79985860904222,149.610595703125,5687800.0
2024-12-02,149.3596824013233,149.60097429534807,148.56823791982364,149.40794372558594,6946500.0
2024-12-03,149.40794398540086,149.40794398540086,147.00467141491126,147.0529327392578,8674400.0
2024-12-04,146.02018948393368,146.2807888412993,144.53383796417515,145.228759765625,10333100.0
2024-12-05,144.77513544062865,145.14190382981053,143.7617065470866,144.31185913085938,7898100.0
2024-12-06,144.18637654653605,144.8233906501293,143.21156264421623,144.10916137695312,8389600.0
2024-12-09,144.08985429782848,145.63412823914575,143.26947073242502,144.38906860351562,8410300.0
2024-12-10,144.7075509253966,145.5762104800708,143.16329181812034,144.0319366455078,9398700.0
2024-12-11,143.3273777161118,143.3273777161118,141.27156617149208,141.53216552734375,13446700.0
2024-12-12,142.0726708327253,142.6228234456662,140.9241190076359,141.1461181640625,6176300.0
2024-12-13,140.58629538850732,141.81204745583807,139.9878815503258,141.51284790039062,8324900.0
2024-12-16,141.61902794834907,142.12091918898983,138.5208484156869,138.83935546875,8732400.0
2024-12-17,138.82969305932582,141.5514725449612,138.70423129581408,141.3101806640625,10343000.0
2024-12-18,140.60559123988054,141.62868113831064,139.63077738813394,139.70799255371094,9336100.0
2024-12-19,139.1192573691405,140.16164014512125,138.37607419299624,138.57876586914062,9516700.0
2024-12-20,138.06720811453977,140.4029116007374,137.7776549310487,139.437744140625,17702800.0
2024-12-23,139.59217804236087,140.267792336278,138.45327275208308,140.2098846435547,8720800.0
2024-12-24,139.94928558321214,140.76968383789062,139.30262513434346,140.76968383789062,3164100.0
2024-12-26,140.44151018897102,141.27155478412448,140.03614162770347,140.5090789794922,4656300.0
2024-12-27,139.82380553357908,141.49355584680043,139.64042135939863,139.99754333496094,5588300.0
2024-12-30,139.7948427757816,139.83345771908768,137.9706769776421,138.3470916748047,6268700.0
2024-12-31,138.75249005786645,139.63079611590854,138.31816757961903,139.58253479003906,5811400.0
2025-01-02,140.17127770359986,140.6924764224552,138.77178771612694,139.00343322753906,6051300.0
2025-01-03,139.05168034730627,139.53426406799142,138.61734321686058,139.16749572753906,5878800.0
2025-01-06,138.51117612842432,139.7755578650591,137.95137723739865,138.6559600830078,7910500.0
2025-01-07,138.75247910938674,142.0533503018113,138.5884023962084,141.13644409179688,8422000.0
2025-01-08,140.42221718909192,140.518725097436,136.51328608263773,137.3143768310547,11175600.0
2025-01-10,136.08861913004924,138.66561461864163,135.77975845725183,137.1116943359375,8821500.0
2025-01-13,137.99963932323428,140.01685050760713,137.35297889223335,139.437744140625,10376400.0
2025-01-14,139.4667006840154,139.76590024607194,137.8838266079042,139.70799255371094,8681700.0
2025-01-15,140.24847198367087,140.96270115867264,139.23504327221664,139.92031860351562,7434600.0
2025-01-16,139.29297787170466,142.91235592401742,139.04202490128066,142.622802734375,8964000.0
2025-01-17,142.3043068272754,143.2115666863725,141.5032159884405,141.90858459472656,10773100.0
2025-01-21,142.4201176828794,143.67483841127958,141.9278875467793,142.98956298828125,11111700.0
2025-01-22,138.98411781419193,140.40291519506144,137.15995185697216,140.2098846435547,16834700.0
2025-01-23,140.3739674407519,142.75793240990325,139.7659071861939,141.53216552734375,10506400.0
2025-01-24,141.69624099896276,142.48768543303163,141.2812260352102,141.70590209960938,9887300.0
2025-01-27,143.27910722431753,148.1049445489984,142.8447848105536,147.564453125,15152300.0
2025-01-28,147.34248766289275,147.6416872590995,145.06469156389102,145.14190673828125,10320600.0
2025-01-29,145.25771777770643,146.58965372321762,144.77513399771405,145.88507080078125,7156400.0
2025-01-30,146.61861336868796,148.77093298890944,146.0877682442507,147.545166015625,8911000.0
2025-01-31,147.30388021222504,147.84437173318787,146.76338869126218,146.85025024414062,8457800.0
2025-02-03,146.705478334468,147.15910829434324,145.52797265912665,146.5800018310547,6687500.0
2025-02-04,146.0877433411669,148.8095078457744,145.69202115883576,148.1435546875,9645000.0
2025-02-05,148.46208200199283,149.3403732939042,147.96983711809787,149.30177307128906,8947000.0
2025-02-06,149.3982856587691,149.44654698401197,148.03741054156816,148.16287231445312,7418100.0
2025-02-07,148.18216018471236,149.1087274340039,147.4775920567086,147.78643798828125,6204900.0
2025-02-10,148.25938663555067,148.9929086652504,146.98535841170133,148.86744689941406,6936200.0
2025-02-11,148.74196216485632,150.9425428593146,148.57788545917066,150.6916046142578,7554500.0
2025-02-12,149.86155929365853,150.23797402314958,148.8963918101136,149.85189819335938,7746000.0
2025-02-13,149.85190952725455,152.6219504290928,149.39827959749562,151.77259826660156,10704700.0
2025-02-14,151.81119739989842,151.98493521702002,150.62404543750512,150.71090698242188,6411800.0
2025-02-18,149.96177679957768,151.23626468246152,149.08617874352478,150.7887420654297,9670700.0
2025-02-19,150.7984766144488,154.0090277952753,150.55525326507066,153.61013793945312,7974700.0
2025-02-20,152.69559849943272,155.61427836184367,152.69559849943272,155.35159301757812,7224000.0
2025-02-21,155.5461889335318,159.07778159453383,154.96244700278118,157.9005889892578,12546900.0
2025-02-24,158.27028004687892,160.40091881814757,157.6573673427363,159.3015594482422,10201900.0
2025-02-25,159.65179667997424,161.91862500823018,159.49613018892595,161.5878448486328,12303700.0
2025-02-26,160.60525655351194,160.6539041962727,158.1535608410977,158.6594696044922,11396400.0
2025-02-27,157.9103175626223,159.50586206584,157.3460376371317,159.2918243408203,8364600.0
2025-02-28,159.85609895248652,161.44191981373382,158.289740114278,160.54685974121094,12037200.0
2025-03-03,160.48848547104393,162.79423784404756,160.37172818020133,162.74559020996094,9191500.0
2025-03-04,163.52390432699676,165.382134055129,160.83872421775018,160.93600463867188,11999700.0
2025-03-05,160.05066902363262,161.9478228061442,159.09723776066815,160.64413452148438,8744800.0
2025-03-06,160.52738148858535,161.37379384052454,159.07776524482028,161.3348846435547,8037900.0
2025-03-07,160.65387392398554,163.89361036505545,160.23552208928538,162.1715850830078,9637600.0
2025-03-10,162.9401676061837,165.294567637911,162.5218306080433,163.15420532226562,17559000.0
2025-03-11,162.6677480965093,162.7650433593784,160.57603355137917,161.36407470703125,9890300.0
2025-03-12,159.2918048957064,159.7588043361096,157.83246504608488,158.4356689453125,8010700.0
2025-03-13,158.99994473690649,160.0798568926511,158.25082758516842,158.57188415527344,5286700.0
2025-03-14,157.72544507314228,158.72752390846398,156.73310467099247,158.39674377441406,6235800.0
2025-03-17,158.0076120830635,159.0680622686795,157.34603688747066,158.4259490966797,6669800.0
2025-03-18,159.00968826991965,160.39119501744185,158.55242721709214,159.7977294921875,7348800.0
2025-03-19,159.52531543168692,159.90474322450672,157.8130285696338,158.57188415527344,5936400.0
2025-03-20,158.58161219557422,158.77618789181005,157.54060921069274,158.60107421875,7485900.0
2025-03-21,158.5816067766441,159.68098094831194,158.0756981075792,159.1945343017578,17047100.0
2025-03-24,158.4259400015963,159.93392757223305,158.09515984537686,158.86373901367188,8046400.0
2025-03-25,159.0875220297203,159.739358781659,156.20775123106108,156.65528869628906,7456200.0
2025-03-26,156.8401334783579,158.08543569928875,156.28557717855708,157.3363037109375,7223500.0
2025-03-27,157.94924372823283,159.6226215034605,156.9471647500084,158.70809936523438,6752500.0
2025-03-28,159.15561209352714,160.0604105860502,158.49405177226188,159.27236938476562,5760300.0
2025-03-31,159.91446542617436,162.11321376385112,159.7782609592967,161.34461975097656,12481400.0
2025-04-01,156.3731393759347,157.42386594435982,148.97915904115746,149.0959014892578,23303100.0
2025-04-02,149.83528506528043,151.56703387395896,149.29046721695548,151.14869689941406,10356900.0
2025-04-03,154.4468204683537,156.29531190911774,153.211241747958,155.48782348632812,13249300.0
2025-04-04,154.84570846579808,155.4878216368075,148.78457223350892,149.086181640625,16601700.0
2025-04-07,147.1792988166815,148.57054397010987,143.40446802169475,146.5371856689453,18083000.0
2025-04-08,149.42668937844223,149.42668937844223,143.98821899414062,145.9340057373047,12018400.0
2025-04-09,138.34542251739794,149.03752509158932,137.6644001851633,146.87770080566406,18773700.0
2025-04-10,146.29396909214825,147.1014723585021,141.19601741107385,144.65951538085938,13830500.0
2025-04-11,145.28217298759347,148.2203152078777,144.1730751070481,147.6171112060547,9943900.0
2025-04-14,147.480878160093,150.47739102870042,147.07226479326096,150.17579650878906,10685300.0
2025-04-15,151.47950699556426,152.0632490028624,147.97709948730335,149.4558868408203,10847700.0
2025-04-16,151.15843785474706,151.41139963137073,148.1132917072422,149.73802185058594,7986900.0
2025-04-17,149.98124809164514,155.1181239870104,149.98124809164514,153.20152282714844,10981100.0
2025-04-21,153.67822968223672,153.9409001804085,151.27518208299085,152.66641235351562,6285400.0
2025-04-22,153.2793470326259,154.41763044672643,152.02430632426632,153.4739227294922,7136300.0
2025-04-23,152.24806391334158,152.8415293657793,150.14661101502057,151.16815185546875,9099400.0
2025-04-24,151.5767739164092,151.6740543359724,149.2807452132582,150.7303466796875,8310400.0
2025-04-25,150.13691512332085,150.70118022596543,148.31759438866158,150.38986206054688,8643600.0
2025-04-28,151.2849051047744,151.58649964647577,149.65045151935777,151.13897705078125,5815200.0
2025-04-29,151.23626989541486,152.76371959682837,150.10771003458157,151.68380737304688,5246700.0
2025-04-30,153.9117200490407,153.9117200490407,150.8179264212635,152.0729522705078,9598200.0
2025-05-01,150.79847295546213,150.88602979627174,149.20292841606295,150.2731170654297,7325800.0
2025-05-02,151.83947450772436,152.47184925651504,150.8373806848308,151.8881072998047,5974500.0
2025-05-05,152.42319194810284,152.53993439396783,150.5357765656926,150.7984619140625,5464100.0
2025-05-06,150.6233555245234,151.67406727843394,149.5239812889191,150.2828369140625,8644200.0
2025-05-07,150.54552811589537,153.65878398665114,150.3120283586481,153.0361328125,7853100.0
2025-05-08,151.5962487740799,152.77344141312827,150.58443137777405,151.44058227539062,7606100.0
2025-05-09,151.2070808533016,151.8297319959907,149.64072198487162,150.03961181640625,6520400.0
2025-05-12,147.8992476319424,151.148707779188,147.08200595545642,149.96177673339844,9023800.0
2025-05-13,147.5879172387248,147.5879172387248,144.06604808573897,144.41629028320312,10549600.0
2025-05-14,144.6400509154053,144.78599382334744,142.1591699321315,142.39266967773438,10216000.0
2025-05-15,143.98820664200468,145.59347462933604,143.336369920384,145.5545654296875,7945800.0
2025-05-16,145.6129445411787,147.39334113632552,145.17514550683833,147.2279510498047,8051200.0
2025-05-19,147.7727644229513,148.52189642911543,146.95553760450343,148.35650634765625,12639900.0
2025-05-20,148.20083168038465,149.86447083723303,147.99651756445562,149.49478149414062,7351500.0
2025-05-21,149.03753994842893,150.2439182443103,148.8526878301439,149.02780151367188,7032200.0
2025-05-22,148.51216054400712,149.16401213735736,147.26685827209232,148.47325134277344,7535300.0
2025-05-23,148.85268274928774,149.31966740126413,148.0841035336355,148.7943115234375,6727300.0
2025-05-27,149.65778796891962,151.1492526106123,149.07884863006834,150.37408447265625,6990700.0
2025-05-28,150.40351271039705,150.75675747035248,149.07884111745437,149.5694580078125,8459300.0
2025-05-29,148.90223155564834,151.14925040607753,148.71579473504596,150.69789123535156,6810600.0
2025-05-30,151.0118885418378,152.7879344461785,150.34465668844726,152.2973175048828,15529700.0
2025-06-02,151.58100078655963,152.62110627080844,149.4419181827181,152.48373413085938,6669300.0
2025-06-03,151.8949988882907,152.7388605754872,151.18850933750107,151.52212524414062,8209800.0
2025-06-04,152.02255175157072,152.02255175157072,150.2563428162781,150.3446502685547,6983900.0
2025-06-05,150.79601160201483,151.19832107582351,149.77553498101082,150.77639770507812,5295400.0
2025-06-06,151.1100272577506,153.1019309647165,151.1100272577506,152.12069702148438,5391500.0
2025-06-09,151.9440663702561,153.06267235085258,151.5515638501274,152.31692504882812,5319000.0
2025-06-10,152.5131753324394,154.48546502072455,152.1108808192415,153.5140380859375,6791600.0
2025-06-11,153.3668508220171,153.66122396588617,151.8263065201517,152.3463592529297,6016000.0
2025-06-12,153.30797636857517,153.7397066695454,152.2580490016518,153.7200927734375,7075500.0
2025-06-13,153.04304119427528,154.71113570567954,153.04304119427528,154.15184020996094,6587500.0
2025-06-16,153.48460660529443,153.56310711488956,151.55157460228295,152.30712890625,7024000.0
2025-06-17,152.06182381192482,152.3660039355984,149.24568721507907,149.5204315185547,6407100.0
2025-06-18,149.70686421222803,149.78534974895297,147.8817685483284,147.90138244628906,8325200.0
2025-06-20,148.42143419457733,148.55880634155997,146.2430937406804,146.97901916503906,22605500.0
2025-06-23,146.92996485325,148.58823751409696,146.92996485325,148.48031616210938,7397900.0
2025-06-24,148.65693061226457,149.85403712588132,148.14668480995888,149.333984375,9544200.0
2025-06-25,148.5391976946219,150.19748543838807,147.90138665416632,149.42230224609375,7153700.0
2025-06-26,149.83440236894492,150.34464815120182,148.6863605881969,149.1573486328125,7156900.0
2025-06-27,149.15734795144718,150.45258378377332,148.17611412905703,149.5498504638672,10010800.0
2025-06-30,149.30455945723625,150.09935655066843,148.67657033641214,149.88348388671875,9039300.0
2025-07-01,150.12877187004233,154.78963243463514,149.94233505186827,152.9939727783203,10896700.0
2025-07-02,153.07247709121725,153.3668502339576,152.1599368184062,152.64073181152344,5544000.0
2025-07-03,152.51318841025372,153.34724327176144,151.97352170598157,153.08230590820312,3482500.0
2025-07-07,153.09211130943166,153.41592028051664,151.98331225442314,152.35618591308594,6270900.0
2025-07-08,151.5810105314348,153.81822265296935,151.31608815535608,152.86642456054688,6438200.0
2025-07-09,152.86641901439813,153.74953848661053,152.15994439804524,153.34722900390625,6147400.0
2025-07-10,153.17060053502075,156.25167403525566,152.89585627174677,154.7307586669922,6732900.0
2025-07-11,154.14201848799888,154.2303259391567,152.26785828263644,153.95558166503906,7872000.0
2025-07-14,153.92615542940482,154.5149017519845,152.60149866226192,153.87710571289062,10185600.0
2025-07-15,153.4257273325383,154.24015323506973,151.8950049026972,152.258056640625,6873200.0
2025-07-16,157.29179013965734,163.0025633969383,156.80117321156885,161.68771362304688,22134800.0
2025-07-17,160.1177373117364,161.60921700124825,159.25426167881125,159.92149353027344,11295700.0
2025-07-18,160.85365505316872,162.0017118134992,160.2943595540406,160.6279754638672,9792600.0
2025-07-21,160.6966646369734,161.8250775251508,159.72523777873707,161.2755889892578,8254000.0
2025-07-22,161.903601939401,164.90617543432282,161.61905068144253,164.7786102294922,9288000.0
2025-07-23,165.43604928675916,165.9462801585278,163.4637594729104,165.92666625976562,10617600.0
2025-07-24,166.3191343471783,166.79994431442557,165.7107741631659,166.3780059814453,6636900.0
2025-07-25,166.5644487084836,166.6920139022101,164.29780087422668,165.14166259765625,6254900.0
2025-07-28,164.70991567403397,164.78841617921017,161.95265093414764,163.10069274902344,8014600.0
2025-07-29,163.54225150828125,165.6126556259495,163.24787834524747,164.95523071289062,7663400.0
2025-07-30,164.5529153379632,165.44584174400563,163.65018198339874,164.1211700439453,6189200.0
2025-07-31,162.81612370907078,163.93474465900857,161.1480291773554,161.64846801757812,11036200.0
2025-08-01,162.37457646550328,164.47441634646825,161.69752270023744,164.1898651123047,8927800.0
2025-08-04,163.89547347287277,167.9774095013295,163.51279290598237,167.83021545410156,12679100.0
2025-08-05,167.3396146645784,168.34047738669344,166.4663171345052,167.53587341308594,7934400.0
2025-08-06,166.72144007168663,168.94883003784128,166.49574551547207,167.388671875,8957200.0
2025-08-07,167.95779038381158,168.39934260624966,166.73124811457265,168.31103515625,9315900.0
2025-08-08,167.81062263672857,170.69545264445026,167.19244050009084,170.0772705078125,7686800.0
2025-08-11,170.14594355852734,171.3234361561855,169.8025206945773,170.55807495117188,7256800.0
2025-08-12,170.73468888514046,171.48042121662925,168.58578437082326,169.53758239746094,7916700.0
2025-08-13,169.75345455156247,171.26454807935008,169.45908140467287,171.1468048095703,5878700.0
2025-08-14,171.03886790121015,172.4224112061355,169.4787096922212,171.44117736816406,8241700.0
2025-08-15,172.2752370849106,173.94333166305356,171.67668382759828,173.3251495361328,9477600.0
2025-08-18,173.18776755907857,174.23769492312,172.79528002384126,172.9424591064453,9284000.0
2025-08-19,172.73639777380563,174.83623758239492,172.6775261392796,174.46337890625,9274200.0
2025-08-20,175.15025551902494,177.22065969856766,174.65963855678677,175.48387145996094,9030000.0
2025-08-21,175.19931537251938,176.70060203772263,174.81663475143702,175.57217407226562,8859600.0
2025-08-22,176.66134044605786,177.76033256843067,174.13957717042288,175.9254150390625,9524000.0
2025-08-25,176.1511056012645,176.8772090706108,174.94417718110606,175.0619354248047,6229100.0
2025-08-26,174.7060999231484,175.1113623885591,173.7374366614811,174.44911193847656,9145000.0
2025-08-27,174.92354707776784,175.63522231400546,174.12291620758523,174.74562072753906,5951100.0
2025-08-28,174.3305021472525,174.4491247570279,172.61063267008686,173.421142578125,6424700.0
2025-08-29,173.93511071425883,175.3584611850056,173.4211196926361,175.12123107910156,6942300.0
2025-09-02,175.41777231103694,177.12776270121626,174.84447750943602,176.00094604492188,9049000.0
2025-09-03,175.6154493916547,176.22827497981044,174.48863278118253,175.94163513183594,7111700.0
2025-09-04,175.9416497264455,176.83123630448588,175.4968564374253,176.69285583496094,7854800.0
2025-09-05,175.94163314117105,177.4341662848054,174.51828268460764,176.3666534423828,9733800.0
2025-09-08,175.30904455833596,177.37487259095406,174.65667304834938,176.0701446533203,8382500.0
2025-09-09,175.94164806814993,176.03060370864756,174.4095689027739,174.91368103027344,6005700.0
2025-09-10,174.26131428978755,174.5677271148135,172.31409366624945,173.7572021484375,6891600.0
2025-09-11,173.7176526494387,176.78181073479666,173.5990451382739,176.43585205078125,5792500.0
2025-09-12,175.65500242690814,176.73239425710358,174.67644516657117,176.00094604492188,7220200.0
2025-09-15,175.7044094043786,176.92019676144542,174.88400556753885,175.34857177734375,4768100.0
2025-09-16,175.51662893199313,175.5660386777145,173.61881809435098,174.41946411132812,7959300.0
2025-09-17,174.6665700727086,176.4457431926535,174.5479474709965,175.15089416503906,6714900.0
2025-09-18,174.55784393897036,174.97298534494763,171.8594021766082,172.14605712890625,8200900.0
2025-09-19,172.66993349357537,175.111372273971,171.32565957029007,174.152587890625,25621000.0
2025-09-22,174.05373018239203,174.59737311930513,172.10650962439226,172.1954803466797,7193900.0
2025-09-23,172.8675959300631,174.92354491124786,172.80829217483426,174.53805541992188,8350400.0
2025-09-24,174.10316185129446,174.9037928069642,173.70779338109767,174.6468048095703,6676800.0
2025-09-25,175.15088893974706,176.3370093451046,173.87581289751407,175.6747589111328,8475000.0
2025-09-26,176.534716894135,177.82956594360434,175.26951972500925,177.6318817138672,8634400.0
2025-09-29,177.75048125277442,179.76688443728418,177.72082937376246,179.519775390625,8597100.0
2025-09-30,179.59884936490977,183.8392489872228,178.97614483278656,183.2758331298828,11569000.0
2025-10-01,183.8491347434297,184.40265660690224,181.78330668784835,183.8985595703125,13063800.0
2025-10-02,182.06006679331983,184.432307649533,181.9612171400028,183.8293609619141,7728100.0
2025-10-03,184.89687190994135,187.5854195623688,184.74861251387856,186.45860290527344,8675100.0
2025-10-06,185.8260079631804,187.72380368143425,185.20328832291253,185.98416137695312,5806100.0
2025-10-07,181.64491547464476,187.04176840652755,180.82451166041724,186.7057037353516,8776800.0
2025-10-08,186.68595025285137,188.02034522715945,186.09289755053467,187.49647521972656,5751200.0
2025-10-09,187.80287893451043,189.87860099777504,187.53599693612736,188.87039184570312,7484800.0
2025-10-10,189.78963297098187,189.8489518132843,187.6546222006277,188.5145568847656,9598000.0
2025-10-13,187.63484024575644,189.0878426244488,187.09119733496357,188.6924591064453,7979500.0
2025-10-14,190.68910619899648,192.15198752359413,183.73052212206747,188.6430511474609,13613300.0
2025-10-15,189.2657634013173,191.33160656608345,187.1109796787497,188.9593505859375,9473000.0
2025-10-16,189.12738216329103,190.8176147307896,188.2279015859536,189.8983612060547,10611800.0
2025-10-17,190.2739662174424,191.36125205733492,189.46344130364264,190.9856414794922,7764400.0
2025-10-20,191.26240123179355,192.2310644671735,190.1059327086448,191.4798583984375,8034700.0
2025-10-21,190.7780707518561,191.31183476056947,189.5524194830208,189.66114807128903,6716000.0
2025-10-22,189.7797603324635,191.21298988100625,189.56230315049527,190.7088928222656,6343100.0
2025-10-23,190.33326410610792,191.75661458631456,189.3250550022384,190.2443084716797,8882500.0
2025-10-24,189.97743032369883,190.08615890653152,187.2295789564792,188.1982421875,6903400.0
2025-10-27,187.7929982033268,188.59362910846755,187.33831091719009,188.0994110107422,7126000.0
2025-10-28,187.071429737358,187.31853878729856,184.4619587732793,184.76837158203125,8329500.0
2025-10-29,184.54103427695995,184.9364178036928,182.5246310788101,184.44219970703125,10551100.0
2025-10-30,184.9166406211528,187.19004683019028,184.7486082820175,186.8638610839844,7072500.0
2025-10-31,185.2922599991901,187.3086632469916,184.6003425809548,186.6859436035156,8791700.0
2025-11-03,186.81444554993615,186.8440974299442,183.37469172794485,184.1061248779297,7542600.0
2025-11-04,184.66953635312188,185.6480936170402,183.47352191944395,184.69918823242188,7209400.0
2025-11-05,184.4817349280929,185.65797643943677,183.25606858943368,183.84913635253903,5049400.0
2025-11-06,184.60032887796228,185.35155000031943,183.22640324069272,184.8079071044922,6767400.0
2025-11-07,185.56902044160103,186.17196713607012,183.5526021168054,184.4125518798828,6959200.0
2025-11-10,183.84914248376896,186.24115639867696,182.97931375749687,186.2312774658203,5323800.0
2025-11-11,187.19993334062747,191.6775481684981,186.863868648752,191.58859252929688,7465600.0
2025-11-12,191.1240170613408,193.28869467126265,190.8373772103293,192.14210510253903,8803000.0
2025-11-13,191.96420520711595,193.73349940731035,191.2129840261044,192.9921722412109,8631600.0
2025-11-14,192.74506817041248,194.8998519494097,191.31183862869028,193.664306640625,8824800.0
2025-11-17,194.68239675983705,197.96399703648848,193.6346417392758,197.2720947265625,13257000.0
2025-11-18,196.7086833299708,197.9837744779547,196.2342381755845,197.68724060058597,12468600.0
2025-11-19,197.687243415404,201.12699722777688,197.07441778716492,200.168212890625,14690800.0
2025-11-20,199.66410677890855,202.14507614142028,199.23908646439705,200.72174072265625,10612600.0
2025-11-21,201.60144835610956,204.5469839267653,200.64266406230783,201.5421295166016,13189100.0
2025-11-24,201.3543450153676,203.73646479570212,200.65254867686932,203.6672821044922,14803900.0
2025-11-25,204.09500679162497,206.6215838446117,204.09500679162497,205.5771331787109,10275300.0
2025-11-26,205.39808366901323,206.71109559930028,204.85098904051847,206.46241760253903,6729000.0
2025-11-28,205.9053844456068,206.3629586449613,203.54792185749716,205.8258056640625,5638300.0
2025-12-01,205.40801990791223,206.601671225268,204.254150390625,204.254150390625,8473700.0
2025-12-02,204.15469935722084,204.5227379456605,202.02601625292775,204.333740234375,8393600.0
2025-12-03,204.8111948667149,205.9252826285737,203.90601848146164,204.2442169189453,8363300.0
2025-12-04,203.50812947813563,203.7767059746564,200.64336916828412,201.40928649902344,9049900.0
2025-12-05,201.90663323067025,202.37414907500917,199.74811005779276,200.8621826171875,7785300.0
2025-12-08,201.58834201037317,202.18516011668032,199.927174755095,200.5538330078125,7785700.0
2025-12-09,201.84695743157303,204.45309801733023,198.8528797725305,198.90261840820312,7509400.0
2025-12-10,199.52928142896,205.70644978186095,199.1214458560129,205.44781494140625,11599800.0
2025-12-11,206.800616929999,210.1229665164575,206.73099498321687,208.8994598388672,9009000.0
2025-12-12,209.16803774867068,211.14752008902903,207.8550258037756,210.46116638183597,6922700.0
2025-12-15,209.23766850267896,214.05207078419528,207.9047429304409,213.03746032714844,8467000.0
2025-12-16,212.86836535212407,213.5945008532235,207.7058077078452,208.19322204589844,9949800.0
2025-12-17,208.28274174394824,210.4014831270772,207.35766688422177,209.2177734375,8457600.0
2025-12-18,208.6905766330728,209.94390826491852,206.6613556922556,207.2084503173828,7499900.0
2025-12-19,206.46242678675088,208.13355089193627,204.94051859312012,205.2787170410156,24803900.0
2025-12-22,205.03998416945456,206.97966948419256,204.41331076850065,206.22369384765625,8187800.0
2025-12-23,203.9358578426093,205.43786749372595,202.2050535039864,204.69183349609372,7047300.0
2025-12-24,204.9106730008732,206.84041671879496,204.48295412427228,206.68125915527344,2376500.0
2025-12-26,206.4325814439545,206.93987910302852,205.6169254914373,206.5320587158203,2316700.0
2025-12-29,206.90009330533488,208.36232114053888,206.2833767303592,206.46241760253903,4348900.0
2025-12-30,206.4126750075104,206.59173105435548,205.4279198732129,205.81585693359372,3937400.0
2025-12-31,205.8158700525786,206.40274650834,205.27871705590465,205.85565185546875,4083800.0
