Date,Close,High,Low,Open,Volume,Index
2005-01-03,34.35003662109375,34.70500394448134,34.23535288338263,34.59578242835164,7859500,JNJ
2005-01-04,34.240806579589844,34.535703974747484,34.19711715072502,34.459247474234054,6989600,JNJ
2005-01-05,34.21897888183594,34.453804470693655,34.18075165418261,34.33366056479594,6888100,JNJ
2005-01-06,34.3172607421875,34.453787081536866,34.235344105287226,34.268111176692656,5277500,JNJ
2005-01-07,34.19166564941406,34.404646460855396,34.1698209294644,34.39372410088056,5037800,JNJ
2005-01-10,34.459251403808594,34.52478555457904,34.186198691945684,34.25719298033356,5419300,JNJ
2005-01-11,34.33910369873047,34.459245454614084,34.20257736636952,34.32271912225313,4880000,JNJ
2005-01-12,34.57940673828125,34.62855632605515,34.16982753457461,34.37734824775636,6093800,JNJ
2005-01-13,33.842159271240234,34.56301838097518,33.79300969179343,34.48656394255287,9014700,JNJ
2005-01-14,34.240806579589844,34.26811143101704,33.97867625608081,34.10428023922722,6820200,JNJ
2005-01-18,34.421016693115234,34.43740126885234,33.984132865943316,33.984132865943316,6122900,JNJ
2005-01-19,34.306358337402344,34.55756644793177,34.21352137260018,34.42104002917954,4697100,JNJ
2005-01-20,34.12613296508789,34.37187876885042,34.076983387689964,34.306346693395554,5274600,JNJ
2005-01-21,33.776634216308594,34.18075332107277,33.776634216308594,34.05514926933969,6426300,JNJ
2005-01-24,33.580013275146484,33.82029883902065,33.42164225014417,33.776609418374676,5938600,JNJ
2005-01-25,34.79783630371094,34.868828504867714,33.80392465524851,33.80392465524851,11172300,JNJ
2005-01-26,35.30570602416992,35.485921760591694,34.26264505700277,34.535697688022715,12781800,JNJ
2005-01-27,35.07090377807617,35.30572936264034,35.0545212760179,35.15282045482279,6360100,JNJ
2005-01-28,35.28933334350586,35.393090538950624,35.09273506120025,35.158265044333014,6968700,JNJ
2005-01-31,35.33304214477539,35.47503081356176,35.141905955903226,35.458648306866486,6168900,JNJ
2005-02-01,35.72621154785156,35.72621154785156,35.234715891983406,35.28386754079684,7340300,JNJ
2005-02-02,36.042964935302734,36.07027187835069,35.59515856791624,35.6060788452627,7068000,JNJ
2005-02-03,35.85182189941406,36.04295796441948,35.75352275648932,35.922814104572154,5022300,JNJ
2005-02-04,36.17404556274414,36.17404556274414,35.748083722600384,35.75354594698737,4851300,JNJ
2005-02-07,36.2886962890625,36.3214654409463,35.97195837484022,36.17947689332418,4892100,JNJ
2005-02-08,36.22319030761719,36.39248173306353,36.11942889643103,36.29418254521761,6379900,JNJ
2005-02-09,36.146728515625,36.3050996287267,36.02658462524062,36.23956546130209,4529800,JNJ
2005-02-10,36.113956451416016,36.16310811465494,35.971972016402376,36.07572923176551,4002900,JNJ
2005-02-11,36.52804946899414,36.687106046038245,36.144122686120845,36.19348290770966,6584400,JNJ
2005-02-14,36.19895553588867,36.533521974842934,36.089263405029094,36.533521974842934,5217600,JNJ
2005-02-15,36.14960861206055,36.20445469763828,35.94667349248602,36.10024420589892,4186400,JNJ
2005-02-16,36.05636215209961,36.127665822445664,35.880852184650976,36.02345534085539,4607500,JNJ
2005-02-17,35.842464447021484,36.03442784653349,35.83697858289592,36.03442784653349,5354200,JNJ
2005-02-18,35.886348724365234,35.97410164195257,35.765684801254814,35.891834589367235,6185200,JNJ
2005-02-22,35.68890380859375,36.12768100383995,35.67793626173285,35.67793626173285,8299800,JNJ
2005-02-23,35.87538146972656,35.95216684242141,35.76568509124179,35.869895604680075,4928200,JNJ
2005-02-24,36.138633728027344,36.1715405396024,35.6943750338132,35.84245987038867,4817000,JNJ
2005-02-25,36.319637298583984,36.3580299817637,36.11670215349767,36.12218801809152,6456100,JNJ
2005-02-28,35.97959518432617,36.33061529855454,35.97959518432617,36.23737649606978,6833700,JNJ
2005-03-01,36.55546188354492,36.741939346197036,36.42383048729127,36.45673729023302,8467400,JNJ
2005-03-02,36.72548294067383,36.82969338744741,36.264770999227814,36.500612831487935,6991900,JNJ
2005-03-03,36.610328674316406,36.80229210762101,36.47869720354882,36.80229210762101,5791900,JNJ
2005-03-04,37.15331268310547,37.158798548275065,36.75293239999513,36.85165705060258,8306000,JNJ
2005-03-07,37.5372428894043,37.66887435906954,37.21364380355306,37.24106894429077,9389500,JNJ
2005-03-08,37.40011215209961,37.51529016984296,37.295901676027654,37.323326806937374,8537100,JNJ
2005-03-09,37.164276123046875,37.356239516270065,37.13136512385995,37.35075365232422,6375500,JNJ
2005-03-10,37.295894622802734,37.443979422042666,37.18620248888328,37.22459515420376,5041700,JNJ
2005-03-11,37.07653045654297,37.433036402031625,37.0161984880223,37.301404918208995,5807000,JNJ
2005-03-14,37.19717788696289,37.20266375016384,37.0161820617196,37.07102814026641,5589000,JNJ
2005-03-15,36.89004898071289,37.21364388276393,36.89004898071289,37.208158017706914,5014000,JNJ
2005-03-16,36.77485275268555,36.99423703271057,36.77485275268555,36.802273695445216,5408700,JNJ
2005-03-17,36.74195098876953,36.950371965408216,36.64322636417436,36.654198091622696,4405800,JNJ
2005-03-18,36.88457489013672,36.88457489013672,36.560979884786036,36.747457511362974,10640700,JNJ
2005-03-21,36.66517639160156,36.884564975565965,36.5609700571976,36.884564975565965,5178600,JNJ
2005-03-22,36.632266998291016,36.87359484216812,36.55548162696447,36.55548162696447,5072300,JNJ
2005-03-23,37.40558624267578,37.40558624267578,36.64870048626503,36.65418634823161,9565500,JNJ
2005-03-24,37.34526443481445,37.581106349449776,37.27396494787364,37.405596379336586,8876600,JNJ
2005-03-28,37.48786926269531,37.57014048020649,37.38914463857949,37.422055636276724,5145100,JNJ
2005-03-29,37.25203323364258,37.36172960251572,37.13136932012643,37.323336919532274,9428000,JNJ
2005-03-30,37.32334518432617,37.43303739300069,37.241073935575514,37.25752734842774,6516300,JNJ
2005-03-31,36.835205078125,36.99974337923717,36.74744796994046,36.95586482514489,12551500,JNJ
2005-04-01,36.66517639160156,36.99425717530357,36.55548419186396,36.92295766392305,11052700,JNJ
2005-04-04,37.28492736816406,37.345255113140155,36.66515467177102,36.720000739149924,8684900,JNJ
2005-04-05,37.84986877441406,37.87180804925393,37.17524967267687,37.28494604687619,9114300,JNJ
2005-04-06,37.740169525146484,37.95407220792892,37.652416616960906,37.904711981666125,5689800,JNJ
2005-04-07,37.97600555419922,37.9814914177573,37.55368611895982,37.62498560726345,4975300,JNJ
2005-04-08,37.64691925048828,38.10763547729004,37.64691925048828,38.096663751813665,4822800,JNJ
2005-04-11,37.78404235839844,37.986977466156326,37.67983187272711,37.73468213959909,4449500,JNJ
2005-04-12,37.64691925048828,37.68531192068116,37.21362815289024,37.4494700367857,9775400,JNJ
2005-04-13,37.61949920654297,37.838887716367175,37.54271385577766,37.54271385577766,7138400,JNJ
2005-04-14,37.98148727416992,37.986973137129525,37.422050602425195,37.62498150256905,8069600,JNJ
2005-04-15,38.06376647949219,38.387361325824436,38.00892039183279,38.33251523816503,12990700,JNJ
2005-04-18,37.866310119628906,38.01439494700486,37.55368287562414,38.008913268408044,9164900,JNJ
2005-04-19,37.871795654296875,38.3654145309278,37.52077574072102,38.3215401800964,9343700,JNJ
2005-04-20,37.350746154785156,37.92664040334171,37.21362887508001,37.871794328357105,7882400,JNJ
2005-04-21,37.45497512817383,37.55918565126295,37.2026797110275,37.476914405902555,7696200,JNJ
2005-04-22,37.56464385986328,37.72370038564223,37.2904093363451,37.47689098827057,7021900,JNJ
2005-04-25,37.59208297729492,38.11861295627903,37.537236889075636,37.84437833069428,5981500,JNJ
2005-04-26,37.30686569213867,37.67434316295926,37.29589815150372,37.51528662458646,5866900,JNJ
2005-04-27,37.47690200805664,37.51529468525877,37.12039618575795,37.2081490831537,5966400,JNJ
2005-04-28,37.10942459106445,37.48237959488618,37.087485322988904,37.350748170920426,6406300,JNJ
2005-04-29,37.64143753051758,37.64143753051758,37.180725437497664,37.19717884303585,6540900,JNJ
2005-05-02,37.72371292114258,37.751138056402404,37.48787098516776,37.66886683511107,4361200,JNJ
2005-05-03,37.69630813598633,37.75115424553794,37.4714336469878,37.7456683792358,5716300,JNJ
2005-05-04,37.41655731201172,37.43301071313701,37.103930137171574,37.37816464789053,8439700,JNJ
2005-05-05,37.57563400268555,37.62499423256024,37.24106738523884,37.433030808899545,6279600,JNJ
2005-05-06,37.41108322143555,37.77307489803779,37.37817640883093,37.77307489803779,4731000,JNJ
2005-05-09,37.389137268066406,37.45495506599829,37.16974879278058,37.35074459872792,6766100,JNJ
2005-05-10,37.14781188964844,37.378167894383225,36.999722897685416,37.29589669712454,6870600,JNJ
2005-05-11,37.26848220825195,37.3562392929082,36.87906956018812,37.19718271533484,4969700,JNJ
2005-05-12,37.10393524169922,37.37268392752033,36.88454676604465,37.33977712074263,4845300,JNJ
2005-05-13,36.98267364501953,37.13699709824187,36.79528208182061,37.01023320666583,5954700,JNJ
2005-05-16,37.28030776977539,37.28030776977539,36.98268209697119,36.988194851560074,3943500,JNJ
2005-05-17,37.42913055419922,37.45117316717572,36.96615578668196,37.103945245288195,5294400,JNJ
2005-05-18,37.258277893066406,37.522835568597756,37.19214162793477,37.478741921842264,8495100,JNJ
2005-05-19,37.15355682373047,37.329927187168245,37.07639084753786,37.230718594921925,8134400,JNJ
2005-05-20,37.037811279296875,37.28583487123491,36.977183570489885,37.28583487123491,6191100,JNJ
2005-05-23,37.07088088989258,37.24725124664047,36.949625481190715,37.092927710111184,5877000,JNJ
2005-05-24,37.258277893066406,37.30788429691673,37.07088620185796,37.09293302523571,8353300,JNJ
2005-05-25,37.18661880493164,37.31338274878842,37.03780383866443,37.269293318968934,4725900,JNJ
2005-05-26,37.15906524658203,37.478737843269016,37.131509874109724,37.478737843269016,5032300,JNJ
2005-05-27,37.16456985473633,37.30235930189092,37.16456985473633,37.203150731739605,4409900,JNJ
2005-05-31,36.98267364501953,37.307858811451226,36.98267364501953,37.302346058122225,6398300,JNJ
2005-06-01,37.098426818847656,37.26377582590087,36.95512883140145,36.98268419591037,4966200,JNJ
2005-06-02,36.92756652832031,37.06535595566479,36.85591753990104,37.06535595566479,6761600,JNJ
2005-06-03,36.618919372558594,36.90000677532838,36.57482574683014,36.833870541735294,6526000,JNJ
2005-06-06,36.58585739135742,36.77325325116894,36.54176795816716,36.701600037858306,7041700,JNJ
2005-06-07,36.67404556274414,36.894509554078816,36.6575114992692,36.77876690475331,5520700,JNJ
2005-06-08,36.574832916259766,36.84489906803583,36.514205220248755,36.84489906803583,5296300,JNJ
2005-06-09,36.778778076171875,36.850427107993404,36.45910540188724,36.55280126003896,5228900,JNJ
2005-06-10,36.640968322753906,36.76773224786807,36.22760001868629,36.651989627329115,5248400,JNJ
2005-06-13,36.635459899902344,36.90001329098765,36.503183204359686,36.5142045102381,5413400,JNJ
2005-06-14,36.696083068847656,36.81733844355694,36.574827694138364,36.60238726293586,3981700,JNJ
2005-06-15,36.56932830810547,36.679562418594166,36.392957936324905,36.679562418594166,4655300,JNJ
2005-06-16,36.541770935058594,36.69609447629848,36.4370495870739,36.470117715910696,4434800,JNJ
2005-06-17,36.685054779052734,36.78977608654686,36.05122679474478,36.78977608654686,14288000,JNJ
2005-06-20,36.67955017089844,36.817339609248926,36.48664159320781,36.585850157020154,8199500,JNJ
2005-06-21,36.66853332519531,36.76222915621242,36.48665021439673,36.56932473794163,8668900,JNJ
2005-06-22,36.37640380859375,36.74567841381455,36.359869752389685,36.73465711134486,8873100,JNJ
2005-06-23,36.018157958984375,36.43152626961924,35.92997490598222,36.31027089236636,8927500,JNJ
2005-06-24,36.144935607910156,36.53625720707771,35.82526302098421,36.211071863825175,18319900,JNJ
2005-06-27,36.18351745605469,36.326819689356206,36.095330172484175,36.111864236903365,6900200,JNJ
2005-06-28,36.41499328613281,36.43152734624684,35.511094889899155,35.511094889899155,6071700,JNJ
2005-06-29,36.21105194091797,36.37088814644089,36.04570718710022,36.34884133826545,7808300,JNJ
2005-06-30,35.82526779174805,36.2000553768464,35.610316521397685,36.166987244485284,9344300,JNJ
2005-07-01,35.79769515991211,36.06225273735028,35.72604616425179,35.72604616425179,6718200,JNJ
2005-07-05,35.74257278442383,35.96303668556505,35.48352801595782,35.494553523764424,6384100,JNJ
2005-07-06,35.35679626464844,35.78669895007782,35.35679626464844,35.770164878330995,6661400,JNJ
2005-07-07,35.230010986328125,35.329219573789665,35.00954909391397,35.329219573789665,8278900,JNJ
2005-07-08,35.42841720581055,35.43944271489741,35.0150489200458,35.218978788156285,8144900,JNJ
2005-07-11,35.70951843261719,35.72605249569977,35.33473091774249,35.42842674521097,6528500,JNJ
2005-07-12,35.704010009765625,35.82526542708828,35.61031417092586,35.70952276646246,5141600,JNJ
2005-07-13,35.50558853149414,35.76463339994975,35.4670076492774,35.615822627113964,6809800,JNJ
2005-07-14,35.604793548583984,35.759117061992654,35.45047003517532,35.65990848837274,6521400,JNJ
2005-07-15,35.84178924560547,35.907929692055184,35.588257175048376,35.588257175048376,6444500,JNJ
2005-07-18,35.604793548583984,35.86383839109155,35.52211903640067,35.74258300055606,5938000,JNJ
2005-07-19,35.83628463745117,35.8583314579465,35.549684381014,35.577243957883425,11069400,JNJ
2005-07-20,35.80321502685547,35.80321502685547,35.46700838697344,35.75361283654543,7312600,JNJ
2005-07-21,35.2630729675293,35.75360513634338,35.2630729675293,35.75360513634338,9850100,JNJ
2005-07-22,35.45045471191406,35.494548326685994,35.27408445782488,35.494548326685994,5398400,JNJ
2005-07-25,34.91033172607422,35.433932005429206,34.88828491162771,35.41188519098269,6741900,JNJ
2005-07-26,34.541046142578125,34.926856887096584,34.541046142578125,34.63474402885376,12640400,JNJ
2005-07-27,35.571720123291016,35.69848404540934,34.73396012787962,34.77805165263818,10789500,JNJ
2005-07-28,35.676448822021484,35.73707231580159,35.34024220332867,35.53865936206543,6391600,JNJ
2005-07-29,35.25205612182617,35.70400539755468,35.24103271235713,35.648890452709885,6143200,JNJ
2005-08-01,35.5496826171875,36.01816596571616,35.41189314967902,35.41189314967902,7348200,JNJ
2005-08-02,35.621315002441406,35.66540862066635,35.36778300514632,35.626827755969245,5554800,JNJ
2005-08-03,35.75360870361328,35.8307704607322,35.44495747013725,35.483538348696705,5090400,JNJ
2005-08-04,35.35679626464844,35.79772026290804,35.34026219290161,35.68197755567728,4049200,JNJ
2005-08-05,35.02055740356445,35.3181830376173,35.02055740356445,35.285110719389785,5019400,JNJ
2005-08-08,34.9654426574707,35.097721426508926,34.84970004862458,35.02055968727817,4002000,JNJ
2005-08-09,35.28511047363281,35.28511047363281,34.97095288765341,35.064648677814,4601200,JNJ
2005-08-10,35.19143295288086,35.63787373511719,35.136318000938466,35.36229477040395,5351200,JNJ
2005-08-11,35.4449577331543,35.549679063592926,35.13631070238836,35.191425642882216,4688300,JNJ
2005-08-12,35.031585693359375,35.36779013889008,34.981981414100765,35.29062839393222,4850200,JNJ
2005-08-15,34.91585922241211,35.048138070404704,34.73397817173588,34.95444011505558,5402600,JNJ
2005-08-16,34.72843551635742,34.93236531905285,34.63473974417235,34.89929510989974,5432300,JNJ
2005-08-17,34.9985237121582,35.15284723840383,34.81664061122556,34.844200185912584,5578500,JNJ
2005-08-18,35.41188049316406,35.51660179664246,34.8993036890319,34.97095477522771,9326100,JNJ
2005-08-19,35.21799850463867,35.53932151418455,35.21245940011617,35.411898863257456,6121400,JNJ
2005-08-22,35.1792106628418,35.48945116810867,35.079489896618895,35.45621232160433,5380900,JNJ
2005-08-23,34.76923370361328,35.22351819091151,34.58641377914998,35.19027724402995,8909000,JNJ
2005-08-24,34.48670959472656,34.86897115713737,34.42576888622155,34.73047031539148,8021300,JNJ
2005-08-25,34.641822814941406,35.013006094265094,34.59750365354206,34.65290313362992,6143000,JNJ
2005-08-26,34.314964294433594,34.57534652666396,34.314964294433594,34.54210556722341,5206200,JNJ
2005-08-29,34.90774917602539,34.968689880955544,34.15430641634396,34.22632532821141,6364800,JNJ
2005-08-30,34.90219497680664,34.935435923306315,34.54209211979954,34.719372941089595,7581500,JNJ
2005-08-31,35.118263244628906,35.179203936040665,34.381440072156984,34.90220233024507,8006900,JNJ
2005-09-01,34.97421646118164,35.306617477421895,34.84125478667307,35.00191619364264,6161300,JNJ
2005-09-02,34.846797943115234,35.22352024297031,34.81909609575634,35.096097662511305,4130400,JNJ
2005-09-06,35.339847564697266,35.46726587219228,35.018524849498355,35.040685473999,7373700,JNJ
2005-09-07,35.899417877197266,35.949276148635505,35.42297255656346,35.45621351754396,7817400,JNJ
2005-09-08,35.511600494384766,36.01020416664931,35.42850129124352,36.01020416664931,6475900,JNJ
2005-09-09,35.86064147949219,35.99914232770685,35.511616636896555,35.65011748511121,5124300,JNJ
2005-09-12,35.83293151855469,35.98251054105917,35.74983018307019,35.86063337261935,5923500,JNJ
2005-09-13,35.483917236328125,35.84401604238644,35.456215377380445,35.73875827714782,6670100,JNJ
2005-09-14,35.62242126464844,35.84956046684174,35.528237471826216,35.716600830760036,7406200,JNJ
2005-09-15,35.66120147705078,35.72767918200183,35.544861266675795,35.6667384679896,4896200,JNJ
2005-09-16,36.109947204589844,36.132107851123514,35.650123299116224,35.77754596000705,12995300,JNJ
2005-09-19,35.81630325317383,36.12100243910247,35.733201938208396,36.115465451024306,7212500,JNJ
2005-09-20,35.67780685424805,35.89940897914826,35.622407379700235,35.8606289242939,5301000,JNJ
2005-09-21,35.844017028808594,36.181959429061195,35.40635596434957,35.428516606775524,7173600,JNJ
2005-09-22,35.83293151855469,36.193034487847825,35.6833524960502,35.71105012340536,7239000,JNJ
2005-09-23,35.45067596435547,35.960360154903825,35.39527436029852,35.954818937820576,7814400,JNJ
2005-09-26,35.38420867919922,35.70552966225105,35.32326794620078,35.58365242296612,5981900,JNJ
2005-09-27,35.15150833129883,35.428509969664695,34.974227451813064,35.40081022849906,6244000,JNJ
2005-09-28,35.01853561401367,35.240137700432484,34.9575949345808,35.05177656098273,5573200,JNJ
2005-09-29,35.317718505859375,35.373118003271514,34.84681643779006,34.87451618649613,6285300,JNJ
2005-09-30,35.05732345581055,35.42296550034045,34.902203228844705,35.40080697745575,5646500,JNJ
2005-10-03,34.66952133178711,35.04070246203407,34.63073916343232,35.001922407033774,6826600,JNJ
2005-10-04,34.929901123046875,35.057321604662654,34.59750005042783,34.84680191156935,6950300,JNJ
2005-10-05,34.48670959472656,35.00747199888326,34.4700901699907,34.84681262860793,6667700,JNJ
2005-10-06,34.10997772216797,34.675061254137596,33.893916806811404,34.663980936253346,12716200,JNJ
2005-10-07,33.98255920410156,34.23740019013089,33.86067781367247,34.23740019013089,11685000,JNJ
2005-10-10,34.0545768737793,34.44237741732795,33.53381252097776,33.94931491479799,7672600,JNJ
2005-10-11,33.95486068725586,34.17092162290307,33.83852050857732,34.10998092549391,7801000,JNJ
2005-10-12,34.23740768432617,34.40360827188329,33.87730676351161,34.03242703011757,8046500,JNJ
2005-10-13,35.467281341552734,35.78860419689938,34.220776313343,34.23739573229045,19778100,JNJ
2005-10-14,35.290008544921875,35.478369740312665,35.140427409168474,35.47282852416175,13318800,JNJ
2005-10-17,34.90219497680664,35.26229783381375,34.719372941089595,35.26229783381375,9214800,JNJ
2005-10-18,34.885597229003906,35.456220094882184,34.71385540211137,35.24015909181586,19695000,JNJ
2005-10-19,35.633487701416016,35.650107122097054,34.73046184181463,34.95760308232551,13733400,JNJ
2005-10-20,35.55038833618164,35.78306869199497,35.40080931507577,35.67781094629435,8621500,JNJ
2005-10-21,35.4949836730957,35.72766399493826,35.38972382940804,35.62240626460501,13887900,JNJ
2005-10-24,35.511600494384766,35.73320259613662,35.15149972073083,35.56699996314559,8744600,JNJ
2005-10-25,35.2235221862793,35.428502765247714,35.04623922948939,35.32878202664592,7066600,JNJ
2005-10-26,34.79695129394531,35.22353412851458,34.66953077660983,35.01301226305136,8961100,JNJ
2005-10-27,34.037967681884766,34.63629236032698,33.82190669689904,34.625212038871915,14097200,JNJ
2005-10-28,34.87449645996094,34.89665709173292,34.19861198439462,34.375892811862144,8903800,JNJ
2005-10-31,34.69168472290039,34.90220656056057,34.65290466245704,34.85234618093987,9769300,JNJ
2005-11-01,34.29278564453125,34.75814823684115,34.23738407797431,34.61410627714679,9859100,JNJ
2005-11-02,33.96039962768555,34.73600504187735,33.821898811819494,34.27064221603322,15350500,JNJ
2005-11-03,33.904998779296875,34.09889906834748,33.77203707155171,33.960398258067144,16977300,JNJ
2005-11-04,33.727725982666016,33.97702792350257,33.24020242206955,33.90500689318197,15227200,JNJ
2005-11-07,34.03241729736328,34.11551862405369,33.35099360390734,33.51719414393363,9768400,JNJ
2005-11-08,33.666778564453125,33.90500013674128,33.594757548484566,33.76649932091583,7394800,JNJ
2005-11-09,33.80528259277344,34.01580444457321,33.567060997847236,33.74988099316564,7059600,JNJ
2005-11-10,34.02133560180664,34.12659544644449,33.56705315789992,33.80527469718692,6115400,JNJ
2005-11-11,33.7498893737793,34.01027167320553,33.7498893737793,33.932711527850174,5902300,JNJ
2005-11-14,33.522735595703125,33.86067791500999,33.478416434821966,33.832978175289924,8901900,JNJ
2005-11-15,34.80802536010742,35.1792065247775,34.26510031304377,34.39806202348591,37611100,JNJ
2005-11-16,35.04069519042969,35.334316149744176,34.70829418416249,35.334316149744176,15168600,JNJ
2005-11-17,35.09056854248047,35.26784942656243,34.94098740028228,35.24568878771347,10596300,JNJ
2005-11-18,34.83439636230469,35.51382092829714,34.71744685897188,35.502682576871635,11696000,JNJ
2005-11-21,34.52252197265625,34.83438723314554,34.36101910594701,34.83438723314554,11069200,JNJ
2005-11-22,34.310909271240234,34.4167204314105,34.05473354171844,34.37216914665272,10625600,JNJ
2005-11-23,34.344303131103516,34.43897801082566,34.138249039127984,34.22178557274032,7681900,JNJ
2005-11-25,34.61162567138672,34.717436792613974,34.500244313850146,34.58377873868555,5094100,JNJ
2005-11-28,34.7508544921875,35.05715165549732,34.63947312614133,34.94577028945115,12698500,JNJ
2005-11-29,34.528079986572266,34.97917340925333,34.505803296074454,34.9736031744178,8675700,JNJ
2005-11-30,34.38885498046875,34.87893156531203,34.37214852426096,34.52808111399292,7696000,JNJ
2005-12-01,34.355464935302734,34.56152129239691,34.32205199858111,34.44456964059998,6963600,JNJ
2005-12-02,34.08811950683594,34.416693204128634,34.08255139730499,34.31088212766623,6818000,JNJ
2005-12-05,33.9990234375,34.52808320176637,33.82081414576725,34.30532052488927,21946800,JNJ
2005-12-06,33.676025390625,34.110410344585695,33.63704223447072,34.110410344585695,14823200,JNJ
2005-12-07,33.43655014038086,33.66488092396681,33.28061541968201,33.63146588572656,14538400,JNJ
2005-12-08,33.458839416503906,33.831964590619755,33.341887800888365,33.436562715965415,10415400,JNJ
2005-12-09,33.46997833251953,33.60920453544087,33.4031503499558,33.4142887011203,8127100,JNJ
2005-12-12,33.497825622558594,33.559083367968334,33.41985716359265,33.497825622558594,7960900,JNJ
2005-12-13,33.553524017333984,33.69275025806981,33.40872966171521,33.48669601661946,12785500,JNJ
2005-12-14,33.475547790527344,33.681601971212544,33.44770297547635,33.6370506920156,10199000,JNJ
2005-12-15,33.50338363647461,33.60919475511124,33.41427897751148,33.49781552472432,6942500,JNJ
2005-12-16,33.893218994140625,34.16610109629061,33.520091755718546,33.59806019504129,13197200,JNJ
2005-12-19,34.077003479003906,34.52809712559843,34.02688196271563,34.27748954415703,10639100,JNJ
2005-12-20,33.84866714477539,34.07699798786827,33.78740728758071,33.92663346323303,6946700,JNJ
2005-12-21,33.90435791015625,34.082567239888725,33.80411489662889,33.96004752903911,6282100,JNJ
2005-12-22,34.14939880371094,34.14939880371094,33.72615213212983,33.94891275554299,5179100,JNJ
2005-12-23,34.03244400024414,34.255204588855705,33.97675225977424,34.13825512050293,3591100,JNJ
2005-12-27,33.581356048583984,34.082571174076605,33.56464958587524,34.03801777428925,6324400,JNJ
2005-12-28,33.6481819152832,33.78183998184658,33.581353944212964,33.581353944212964,5603100,JNJ
2005-12-29,33.553524017333984,33.80413167554324,33.43657448497761,33.70945672714248,5325100,JNJ
2005-12-30,33.46997833251953,33.553514904041634,33.43099516565542,33.46997833251953,5261300,JNJ
2006-01-03,34.32204818725586,34.44456581566964,33.99904233865699,34.01018069113525,10703100,JNJ
2006-01-04,34.8510856628418,34.884498574202155,34.39442200483624,34.489096877342234,9068100,JNJ
2006-01-05,34.706298828125,35.05714936469619,34.58377912103795,34.845524995479295,9852600,JNJ
2006-01-06,34.86222839355469,34.94019682493967,34.60605277798592,34.728572474311214,5919200,JNJ
2006-01-09,35.07942581176758,35.0905620355847,34.767558434320506,34.81767993918838,7103700,JNJ
2006-01-10,35.14069366455078,35.14069366455078,34.80655161877982,34.817689970228635,6656700,JNJ
2006-01-11,34.80653762817383,35.0794218179246,34.49467028623331,35.0627132352558,8824100,JNJ
2006-01-12,34.64502716064453,34.83437476865584,34.41669640902107,34.80652996956459,7262400,JNJ
2006-01-13,34.427852630615234,34.689598551716095,34.205089873369005,34.47240603183372,7043600,JNJ
2006-01-17,34.12712478637695,34.56708007950046,34.02688175441405,34.143833374652885,9674000,JNJ
2006-01-18,34.63387680053711,34.66172371438938,34.16607711506378,34.38883967935441,7547400,JNJ
2006-01-19,34.62275695800781,34.87336444562317,34.361013248207236,34.69515514874612,7494700,JNJ
2006-01-20,33.859798431396484,34.69515531107447,33.82081528029864,34.1048378090657,11023500,JNJ
2006-01-23,34.077003479003906,34.10485041815988,33.75399980414192,33.83196613516298,7213100,JNJ
2006-01-24,33.0578727722168,33.85424689059052,33.0578727722168,33.52010270051554,19956800,JNJ
2006-01-25,32.57890701293945,33.97116799639841,32.32273150184421,33.97116799639841,25368800,JNJ
2006-01-26,32.656883239746094,33.135821503911885,32.61233197939842,32.71814308159367,15946100,JNJ
2006-01-27,32.69587707519531,32.974329447747316,32.49539102705018,32.829535148766396,11596300,JNJ
2006-01-30,32.52323913574219,32.71815495378272,32.32275308037301,32.69587825331435,11877300,JNJ
2006-01-31,32.04430389404297,32.48982732573365,31.99418237520131,32.38401617458939,20563700,JNJ
2006-02-01,32.222503662109375,32.53436890912306,32.10555419447924,32.11669041808173,13406000,JNJ
2006-02-02,32.10554885864258,32.51208893409313,32.072133820120584,32.49538035262098,10014200,JNJ
2006-02-03,31.95518684387207,32.02201480166334,31.7547008460758,31.888356761658333,11020100,JNJ
2006-02-06,31.660036087036133,32.05544009781817,31.63776151026137,32.02202504602129,10618900,JNJ
2006-02-07,31.63219451904297,31.92735552914878,31.57650488475611,31.743575912040065,10338700,JNJ
2006-02-08,32.634605407714844,32.71257382833955,31.704575839553595,31.771403789952537,14627400,JNJ
2006-02-09,32.60676956176758,33.25277892486097,32.46754338761449,32.94091365438867,12131200,JNJ
2006-02-10,32.517669677734375,32.7237238509474,32.43413523561062,32.69031092386715,8158200,JNJ
2006-02-13,32.57890701293945,32.65687328810569,32.32273150184421,32.512079080571496,5015500,JNJ
2006-02-14,32.88520812988281,33.00772779161229,32.69029241751495,32.69029241751495,9817100,JNJ
2006-02-15,32.91307067871094,33.08014380732798,32.69031004792668,32.901934452931336,8314500,JNJ
2006-02-16,32.84624481201172,33.107990747531844,32.623484166916974,33.107990747531844,11893700,JNJ
2006-02-17,32.89637756347656,33.007758986273764,32.71260002162153,32.95763745223622,6773400,JNJ
2006-02-21,32.93534469604492,33.03558771527964,32.718152195844006,32.929776583608735,6489200,JNJ
2006-02-22,32.874088287353516,32.96876320408842,32.69031081575055,32.86294993688923,8647200,JNJ
2006-02-23,32.62904739379883,32.890793290121174,32.55108107347036,32.857378242370594,9753300,JNJ
2006-02-24,32.3489990234375,32.869853937533165,32.15857892434387,32.869853937533165,10373100,JNJ
2006-02-27,32.433021545410156,32.791459018181875,32.38821792954162,32.46102407238497,7007800,JNJ
2006-02-28,32.28741455078125,32.43862865852227,32.15859905144336,32.37702393958825,8942200,JNJ
2006-03-01,32.29301452636719,32.382623916071815,32.17540260296543,32.270611644826936,7141200,JNJ
2006-03-02,32.3098258972168,32.62905958311796,32.17541283813054,32.20341538073542,7794500,JNJ
2006-03-03,32.186588287353516,32.55062532012095,32.186588287353516,32.231391892044826,6462400,JNJ
2006-03-06,32.39942169189453,32.52263539129473,32.209001491210664,32.242605810080576,7349500,JNJ
2006-03-07,32.60663604736328,32.65704144341465,32.22019396548429,32.22019396548429,9560000,JNJ
2006-03-08,32.89788818359375,32.959492919388566,32.38823424467966,32.5674530713446,7423700,JNJ
2006-03-09,32.65704345703125,33.02668233871449,32.6234391454398,33.015480901517336,8570900,JNJ
2006-03-10,33.06591033935547,33.06591033935547,32.76347772453311,32.847487496358404,9240900,JNJ
2006-03-13,33.08829116821289,33.2507066762158,33.04348541672532,33.2395052383439,6219700,JNJ
2006-03-14,33.20591354370117,33.26752040321687,33.06029694185381,33.127505590301745,7888100,JNJ
2006-03-15,33.49154281616211,33.575552558479124,33.099500912776875,33.12750558452021,8900800,JNJ
2006-03-16,33.61475372314453,33.73236564338438,33.43553494855343,33.57554974973125,10785400,JNJ
2006-03-17,33.79396057128906,33.8275648808365,33.6875501290722,33.8275648808365,11512300,JNJ
2006-03-20,33.87236785888672,33.91157181773331,33.77155706857962,33.82756425011441,5889200,JNJ
2006-03-21,33.922786712646484,34.07400295810102,33.833177323094496,34.04039863584789,7880000,JNJ
2006-03-22,34.16361999511719,34.219625074952674,33.77157802689825,33.77157802689825,7066500,JNJ
2006-03-23,34.05719757080078,34.10760297959648,33.95078496531202,34.034794692123555,6944600,JNJ
2006-03-24,33.82196807861328,34.05159221988767,33.76596302423646,33.973184289177766,5179200,JNJ
2006-03-27,33.5699462890625,33.82757513410332,33.46353581459222,33.64275458025597,7469400,JNJ
2006-03-28,33.37952423095703,33.530740456679005,33.32911882238304,33.491536487394356,7750000,JNJ
2006-03-29,33.32912063598633,33.4915383098356,33.23951125325159,33.390727487202,6631700,JNJ
2006-03-30,33.2395133972168,33.40753287008094,33.15550579724107,33.16670723786244,7838600,JNJ
2006-03-31,33.16670608520508,33.45233533352611,33.07709669980473,33.29551944318956,9704000,JNJ
2006-04-03,33.13869857788086,33.46913355882658,33.11069604792738,33.317919469786546,9271700,JNJ
2006-04-04,32.94269943237305,33.21712952585892,32.90349543851184,33.19472663323611,9506700,JNJ
2006-04-05,32.70745849609375,33.03229172472681,32.65705308207837,32.819468628166746,8809200,JNJ
2006-04-06,32.763465881347656,32.8978810403889,32.54504311730504,32.70746081134674,6432000,JNJ
2006-04-07,32.38822555541992,32.88667791688328,32.31541725897784,32.735461671868045,8974300,JNJ
2006-04-10,32.32101058959961,32.43302283842034,32.21460012827069,32.39941852283734,9309100,JNJ
2006-04-11,32.343421936035156,32.49463819107192,32.10259628576807,32.32101905311345,9114500,JNJ
2006-04-12,32.410621643066406,32.47783027771969,32.34901479619559,32.399420203957526,6708200,JNJ
2006-04-13,32.433021545410156,32.48342694854717,32.220198494780995,32.39381758035424,7339900,JNJ
2006-04-17,32.28741455078125,32.38262359168903,32.181001932759195,32.30421564353995,8810800,JNJ
2006-04-18,32.55624771118164,32.561847364141386,32.29861880944311,32.315422041235706,12658300,JNJ
2006-04-19,32.49464416503906,32.69626587548849,32.39943296334599,32.64025865788759,9145600,JNJ
2006-04-20,32.60663604736328,32.763451885542835,32.49462381875407,32.51702669176703,7619600,JNJ
2006-04-21,32.69065475463867,32.819468113668314,32.51703777077347,32.76346304850979,10014200,JNJ
2006-04-24,32.66825485229492,32.8250707479449,32.589844768013585,32.769063544886805,8139300,JNJ
2006-04-25,32.601036071777344,32.73545118086588,32.550630672926104,32.66264290775727,8543400,JNJ
2006-04-26,32.785865783691406,32.84187084860145,32.64585098496002,32.69625639796157,10586700,JNJ
2006-04-27,32.84748077392578,32.99869491393284,32.59545364648601,32.59545364648601,11577800,JNJ
2006-04-28,32.82508087158203,32.92589173172151,32.76347399744602,32.847483759714585,8572000,JNJ
2006-05-01,32.8138542175293,32.92026464972118,32.79145134660826,32.88106069383705,7541800,JNJ
2006-05-02,32.858665466308594,33.02108311358372,32.81946150130506,32.914672656639254,5591900,JNJ
2006-05-03,32.679439544677734,32.875461463050385,32.6178348535433,32.78025032865101,9377700,JNJ
2006-05-04,32.62905502319336,32.74666910402853,32.58985104173389,32.729865871648215,7798600,JNJ
2006-05-05,32.8754768371582,32.94268334575082,32.67945482711651,32.76346456519958,7049700,JNJ
2006-05-08,32.88108444213867,32.976295644091515,32.84748224794336,32.875484788591756,5945200,JNJ
2006-05-09,32.685054779052734,32.92588040247102,32.662651898628646,32.87547498974496,7158300,JNJ
2006-05-10,32.66264724731445,32.75785840733018,32.623443280383256,32.70745300178208,7834700,JNJ
2006-05-11,32.95387649536133,33.082689827944435,32.81946137553869,32.85306568960831,9805800,JNJ
2006-05-12,32.948272705078125,33.18349646464529,32.70744715897523,32.70744715897523,10235800,JNJ
2006-05-15,33.58674621582031,33.60914695698429,32.987483126449895,33.02668709405686,10776200,JNJ
2006-05-16,33.74357604980469,33.87238944474032,33.51955145381244,33.581158324533156,8264500,JNJ
2006-05-17,33.676353454589844,34.04599236605847,33.57554264814787,33.60354517516933,13707900,JNJ
2006-05-18,33.68195343017578,33.872373606796025,33.62594837559284,33.771562799382025,8518000,JNJ
2006-05-19,33.547542572021484,33.73796276071728,33.39632635131106,33.693157005044846,13160600,JNJ
2006-05-22,33.52513885498047,33.715559038909646,33.40752695396844,33.42432804369703,9614000,JNJ
2006-05-23,33.603538513183594,33.911570522263354,33.586737427592745,33.68754821404873,10327900,JNJ
2006-05-24,34.045997619628906,34.124405561970335,33.597950708780594,33.67075686297981,12877100,JNJ
2006-05-25,34.06572723388672,34.324953092310366,33.8966669849025,34.324953092310366,8717200,JNJ
2006-05-26,34.20096969604492,34.31367722920126,34.08262775360359,34.28550088334152,6199600,JNJ
2006-05-30,33.72761154174805,34.12208697054121,33.71070615827859,34.08263964263371,7840900,JNJ
2006-05-31,33.93611145019531,33.9699222073176,33.744509277538114,33.89102757440891,8260300,JNJ
2006-06-01,34.178436279296875,34.20661263040807,33.9304792301957,33.953021170971766,5661800,JNJ
2006-06-02,34.22914123535156,34.38129390201616,34.0657154529732,34.20659930335794,6666600,JNJ
2006-06-05,33.8853874206543,34.09389493652713,33.86284548658232,34.00936375861582,6921900,JNJ
2006-06-06,34.34184646606445,34.51654321377923,34.014997052260256,34.06007876636013,10568900,JNJ
2006-06-07,34.471473693847656,34.76451248144222,34.38130807841224,34.44329734209618,9507200,JNJ
2006-06-08,34.691246032714844,34.798317003442584,34.3982073157724,34.47710194154204,12528800,JNJ
2006-06-09,34.58980178833008,34.758861970245995,34.55598889206016,34.61797812702993,8621700,JNJ
2006-06-12,34.58980178833008,34.74759100482269,34.567259857483464,34.629249092453236,6507600,JNJ
2006-06-13,34.403839111328125,34.764501458715124,34.38129717718714,34.68560683893887,12088300,JNJ
2006-06-14,34.516544342041016,34.58980454827958,34.353118554938455,34.533449716666446,8972700,JNJ
2006-06-15,34.64052200317383,34.663061785569354,34.33057581091945,34.46019084570781,8863300,JNJ
2006-06-16,34.75886535644531,34.79831266441141,34.54472129197431,34.54472129197431,11648700,JNJ
2006-06-19,34.57291030883789,34.75887810004523,34.556004927716444,34.7137942174309,9989800,JNJ
2006-06-20,34.674339294433594,34.77014144913041,34.49400810294032,34.58417369868696,6927900,JNJ
2006-06-21,34.820858001708984,34.88284724877809,34.65743219574811,34.65743219574811,6998600,JNJ
2006-06-22,34.47709655761719,34.93919542186448,34.330576147167854,34.54472020490004,7812800,JNJ
2006-06-23,34.555999755859375,34.79268580472507,34.37566855182719,34.40948145872729,5004600,JNJ
2006-06-26,33.93047332763672,33.95864967384634,33.53036362219481,33.58671631461405,15467400,JNJ
2006-06-27,33.558528900146484,33.95863847362445,33.53598697072659,33.93609869392126,10361800,JNJ
2006-06-28,33.37821960449219,33.575458391399884,33.231701266825375,33.54164547514534,9490700,JNJ
2006-06-29,33.75012969970703,33.89665008557125,33.30493628455159,33.389467441759145,8491000,JNJ
2006-06-30,33.767051696777344,34.009372173716635,33.76141728672378,33.891030215132616,10294200,JNJ
2006-07-03,33.89665603637695,34.026268923724174,33.82339583058348,33.8853850701228,3302400,JNJ
2006-07-05,33.83466720581055,34.04880911807681,33.69941775884294,33.69941775884294,6556400,JNJ
2006-07-06,34.105167388916016,34.20096738831845,33.84030502632794,33.87975233781332,5631800,JNJ
2006-07-07,34.16153335571289,34.30241727998555,34.054462347164176,34.15026238380491,5353100,JNJ
2006-07-10,34.34748840332031,34.370030338759186,34.20660453140326,34.29113356472312,4732500,JNJ
2006-07-11,34.24604415893555,34.37002262631198,34.15024202967644,34.347480695931395,7102700,JNJ
2006-07-12,34.16153335571289,34.34750116761747,34.13335700080197,34.26860651397968,6169400,JNJ
2006-07-13,33.96428680419922,34.24041801130243,33.90793196111467,34.22351263323579,8022400,JNJ
2006-07-14,34.07136154174805,34.40948418841968,33.89666688319951,33.98683249236841,7532000,JNJ
2006-07-17,34.324947357177734,34.54472585910763,34.12207423240635,34.12207423240635,7284200,JNJ
2006-07-18,34.15025329589844,34.386939343544114,33.631801624407686,34.26296083526697,8302900,JNJ
2006-07-19,34.55034255981445,34.651779063898495,34.088243885527646,34.274209376537655,8465000,JNJ
2006-07-20,34.584171295166016,34.78704440892607,34.48837129684445,34.48837129684445,5563200,JNJ
2006-07-21,34.78703689575195,34.93355729058583,34.69687132574524,34.75322400085565,8654400,JNJ
2006-07-24,34.92792510986328,34.93919607624102,34.73068857254551,34.75322835558395,7828200,JNJ
2006-07-25,34.93919372558594,34.93919372558594,34.651791626299286,34.65742603425056,6303500,JNJ
2006-07-26,34.96736145019531,35.023716264408904,34.74194864248998,34.79830130698723,5660300,JNJ
2006-07-27,35.254783630371094,35.26041803981135,34.96737930541677,35.02373414840656,7658600,JNJ
2006-07-28,35.45764923095703,35.502733098501885,35.19278903314093,35.249141717854876,7786400,JNJ
2006-07-31,35.249149322509766,35.43511709167732,35.23787835319195,35.316772988699064,7059400,JNJ
2006-08-01,35.32240676879883,35.418206775885636,35.10262825868915,35.15334654176965,4551700,JNJ
2006-08-02,35.5872688293457,35.615445175308366,35.435113981486445,35.559090333665644,7410800,JNJ
2006-08-03,35.54782485961914,35.6943431622408,35.52528292084116,35.55909367929053,6561400,JNJ
2006-08-04,35.80141067504883,35.8972128307061,35.60417410416236,35.643621418339656,6653300,JNJ
2006-08-07,35.654884338378906,35.750684322694184,35.59289510160224,35.643613372627065,6313600,JNJ
2006-08-08,35.818321228027344,35.90285027281164,35.728155623760216,35.73942444329073,5236200,JNJ
2006-08-09,35.68307113647461,35.9084862181459,35.519645309748796,35.88594428003527,6124000,JNJ
2006-08-10,35.812679290771484,35.925386816610185,35.67179542090243,35.70560832356921,5437400,JNJ
2006-08-11,35.76759338378906,35.94792454413692,35.72814607682028,35.81831165699421,7514200,JNJ
2006-08-14,36.01556396484375,36.06628226026096,35.919763934454544,36.03810590718872,7374800,JNJ
2006-08-15,36.29730987548828,36.33675717357497,35.98172719136169,36.06625834424262,7192900,JNJ
2006-08-16,36.410030364990234,36.48892499399544,36.302957240153965,36.33677229503821,5706400,JNJ
2006-08-17,36.195884704589844,36.44947394333668,36.13952771870443,36.438205125820225,8482200,JNJ
2006-08-18,36.30295181274414,36.404388363362145,36.15079913653423,36.28604643754684,7185900,JNJ
2006-08-21,36.21842575073242,36.39312468444874,36.173346176986556,36.21842575073242,7325900,JNJ
2006-08-22,36.15644454956055,36.25787682558542,36.0831821731845,36.201524127982076,8278700,JNJ
2006-08-23,36.01556396484375,36.10009302406047,35.95357469825406,36.06628226026096,6592900,JNJ
2006-08-24,36.629817962646484,36.703076050774854,36.201529656471955,36.23534471974619,10664000,JNJ
2006-08-25,36.65530776977539,36.78000566188809,36.621300826247364,36.68931903768586,5534200,JNJ
2006-08-28,36.60430145263672,36.768675572062634,36.587297978969026,36.723330092693494,5976100,JNJ
2006-08-29,36.61563491821289,36.643976923339935,36.44559586059914,36.55895523234164,5313000,JNJ
2006-08-30,36.61563491821289,36.728998614338224,36.61563491821289,36.683653135888086,4434500,JNJ
2006-08-31,36.64965057373047,36.69499173322204,36.51361412210569,36.64965057373047,4613000,JNJ
2006-09-01,36.68364715576172,36.780003038473296,36.60429474360134,36.76866883289987,4693200,JNJ
2006-09-05,36.45126724243164,36.69499382668487,36.39458754654606,36.615641387568346,7092400,JNJ
2006-09-06,36.23020935058594,36.41725621804027,36.23020935058594,36.27555483197786,8509800,JNJ
2006-09-07,35.969482421875,36.10551671559349,35.850453766241166,35.99782226909376,7407100,JNJ
2006-09-08,36.04315185546875,36.13384062388027,35.9241232523394,35.99780639016759,5914300,JNJ
2006-09-11,36.29823684692383,36.30957105797616,36.04317385440422,36.07718297413754,5211600,JNJ
2006-09-12,36.179203033447266,36.3265693781216,36.12252117527429,36.252886205784435,6994400,JNJ
2006-09-13,36.16786575317383,36.29256151363806,36.15086011505326,36.24721819043064,6285700,JNJ
2006-09-14,36.12251281738281,36.190528869261286,35.946802340989514,36.13384918639444,5393700,JNJ
2006-09-15,36.156524658203125,36.35490572542792,36.04883022554555,36.04883022554555,9656600,JNJ
2006-09-18,36.36623764038086,36.46259352344553,36.21319775609496,36.24720685951305,6976100,JNJ
2006-09-19,36.377567291259766,36.3889014954556,36.24720232109964,36.36623308706393,5246800,JNJ
2006-09-20,36.38325881958008,36.55896720061729,36.35491680517473,36.50228749619086,6282100,JNJ
2006-09-21,36.40591812133789,36.50794328138076,36.30389296129502,36.37190685173516,7406900,JNJ
2006-09-22,36.252891540527344,36.33791325920216,36.19054256845809,36.298237033738474,5604800,JNJ
2006-09-25,36.38325881958008,36.4682762140276,36.28689856523246,36.417265777359084,5748400,JNJ
2006-09-26,36.65530776977539,36.68364977230371,36.473930196988505,36.502272199516824,5894200,JNJ
2006-09-27,36.74034118652344,36.768683198103176,36.57029776581265,36.58163630019807,5516500,JNJ
2006-09-28,36.78567123413086,36.86502364398454,36.73465649957806,36.7743327045049,5016400,JNJ
2006-09-29,36.80836486816406,36.84804109561839,36.64399069031485,36.80836486816406,7671300,JNJ
2006-10-02,36.89336013793945,37.029396542802964,36.8083427903771,36.84234972940204,6237000,JNJ
2006-10-03,37.12575149536133,37.22777663427805,36.825345343101475,36.87635575036895,6944900,JNJ
2006-10-04,37.312828063964844,37.341165760254356,37.052097906421196,37.14845385769892,6168300,JNJ
2006-10-05,36.90470886230469,37.205115105031986,36.90470886230469,37.01240329814393,7998400,JNJ
2006-10-06,36.876365661621094,36.933049672995594,36.76300628763795,36.84802798031677,7134500,JNJ
2006-10-09,36.768680572509766,36.84236374321814,36.64965191626539,36.785684048489884,5545700,JNJ
2006-10-10,36.8196907043457,36.83102923783028,36.67232003973061,36.7516724765887,6047100,JNJ
2006-10-11,36.89902877807617,36.95570845028576,36.72898976144741,36.78000016912149,4855700,JNJ
2006-10-12,36.751670837402344,37.00673593682716,36.71766388723235,36.97272898665717,7902000,JNJ
2006-10-13,36.60430145263672,37.26179360595744,36.55895597326759,37.26179360595744,6413600,JNJ
2006-10-16,36.80268859863281,36.88771030539847,36.67232140500764,36.87070682892207,6357100,JNJ
2006-10-17,37.45450973510742,37.692567015246546,37.125761496220285,37.199444656915844,15308200,JNJ
2006-10-18,38.627803802490234,38.627803802490234,37.69257366619659,37.79459885059923,17880100,JNJ
2006-10-19,38.565433502197266,38.66745863015471,38.45206984647715,38.54276077105324,8608800,JNJ
2006-10-20,38.894195556640625,39.18893251838213,38.69581016912572,38.76949765284823,12064700,JNJ
2006-10-23,39.16626739501953,39.341980077432105,38.72982897126326,38.741163180910675,8941400,JNJ
2006-10-24,38.967872619628906,39.03022156177089,38.6901391746942,38.8828509417642,10853500,JNJ
2006-10-25,39.01323699951172,39.08125091526187,38.80918660349273,38.967891506088776,7007400,JNJ
2006-10-26,39.00756072998047,39.047236948507695,38.58812580206638,38.979218720582374,8171600,JNJ
2006-10-27,38.639122009277344,38.9055212317953,38.542766131799496,38.88284849749782,7945500,JNJ
2006-10-30,38.37273025512695,38.746823957271154,38.28771289044213,38.72982048433419,9175200,JNJ
2006-10-31,38.20268630981445,38.42940934350358,38.10633042592079,38.42940934350358,11950600,JNJ
2006-11-01,38.077999114990234,38.299052945690136,37.890952235356956,38.19135850146794,11145700,JNJ
2006-11-02,38.486087799072266,38.54276747459968,38.026972481221506,38.06098374604359,10374400,JNJ
2006-11-03,38.435081481933594,38.72415351213151,38.4067438001545,38.54277591608994,7102500,JNJ
2006-11-06,38.780845642089844,38.82052186881625,38.31039586491646,38.67315549776639,8041300,JNJ
2006-11-07,38.9451904296875,39.12656794705655,38.62211159173698,38.63911505830578,10671300,JNJ
2006-11-08,38.53710174560547,38.712814377559184,38.2083578676306,38.55977448277313,14318400,JNJ
2006-11-09,37.49418258666992,38.39540120541304,37.3071357443103,38.270703310506626,16574400,JNJ
2006-11-10,37.57353210449219,37.58486631025265,37.114421094504955,37.40915801248118,10113100,JNJ
2006-11-13,37.37516403198242,37.851278677911104,37.267469580191246,37.550872390687,8794200,JNJ
2006-11-14,37.72657012939453,37.82293034436938,37.01806330259922,37.0804122493078,11365200,JNJ
2006-11-15,37.715232849121094,37.9759628212065,37.6472146425145,37.72656705469779,7773700,JNJ
2006-11-16,37.709571838378906,37.77192079365363,37.301471158174564,37.69256836410091,10445700,JNJ
2006-11-17,38.112003326416016,38.31605366691466,37.720910444112846,37.771920867045964,11117500,JNJ
2006-11-20,37.98164749145508,38.316060746381616,37.879622302355074,38.30472653620779,7973900,JNJ
2006-11-21,37.74925231933594,38.00998237795852,37.5848781754336,37.91929573009933,8304100,JNJ
2006-11-22,37.84560775756836,37.94763293786515,37.68690288252523,37.69824141610461,6992300,JNJ
2006-11-24,37.53495407104492,37.933961516450424,37.53495407104492,37.90545943149018,2874100,JNJ
2006-11-27,37.42094802856445,37.52354942854238,37.1758449257731,37.33544613711503,9429200,JNJ
2006-11-28,37.603370666503906,37.66607179804934,37.34686485141554,37.36396871813548,8083100,JNJ
2006-11-29,37.73444747924805,37.802849859112285,37.46654794292808,37.56344805279743,6778700,JNJ
2006-11-30,37.56914520263672,37.86554678513998,37.438041742864044,37.734443325367316,7799300,JNJ
2006-12-01,37.603370666503906,37.65466922023604,37.23856645504463,37.56917163068248,8947400,JNJ
2006-12-04,37.78006362915039,38.03086810319184,37.512159640753076,37.84276474766075,7785800,JNJ
2006-12-05,37.71734619140625,37.831350152466214,37.586247072195356,37.81994758195699,6564300,JNJ
2006-12-06,37.63755416870117,37.76295638003652,37.50645501961963,37.76295638003652,7099900,JNJ
2006-12-07,37.65463638305664,37.985241270386524,37.59193530619044,37.76293903379016,10418400,JNJ
2006-12-08,37.59196472167969,37.76296858308891,37.43806472545847,37.56346697731738,6126200,JNJ
2006-12-11,37.44945526123047,37.62045908751509,37.312654809487555,37.59765828742327,7725100,JNJ
2006-12-12,37.381046295166016,37.56344829383444,37.21574380437172,37.49504591353128,8935000,JNJ
2006-12-13,37.31834030151367,37.62044316444952,37.289838226260585,37.50644356104939,8856700,JNJ
2006-12-14,37.76295852661133,37.97386265300996,37.346851560691775,37.49505457785859,9256500,JNJ
2006-12-15,37.78574752807617,37.94534872036101,37.33544167909747,37.84844861773183,12798000,JNJ
2006-12-18,37.96246337890625,38.099263834208166,37.745862295610884,37.745862295610884,7896700,JNJ
2006-12-19,38.1220588684082,38.33296298123623,37.97955714728837,37.9909597203101,10245500,JNJ
2006-12-20,37.86555099487305,38.12775359476281,37.81424812271709,37.99095318369134,9780100,JNJ
2006-12-21,37.620460510253906,37.837061596105656,37.552058107391616,37.751564028537935,8729100,JNJ
2006-12-22,37.42094802856445,37.59194746265644,37.30694405702961,37.495047348456964,6067500,JNJ
2006-12-26,37.415245056152344,37.49504565822599,37.32404623184245,37.392444262873205,3804300,JNJ
2006-12-27,37.62615966796875,37.70596029238714,37.49505615710547,37.58625935575956,5168900,JNJ
2006-12-28,37.8598518371582,37.962453238429916,37.54064941044928,37.54064941044928,5450100,JNJ
2006-12-29,37.63185119628906,37.94535671058279,37.54065235955368,37.71735309553347,5877100,JNJ
2007-01-03,37.84845733642578,38.24746040905141,37.68315482096449,37.69455304497922,12845300,JNJ
2007-01-04,38.321556091308594,38.54385837808138,37.56344606266988,37.56344606266988,11262000,JNJ
2007-01-05,37.97385787963867,38.332960629256675,37.90545549212742,38.07645928650198,8141100,JNJ
2007-01-08,37.911155700683594,38.04795612301048,37.64895307922082,37.911155700683594,6180400,JNJ
2007-01-09,37.76865768432617,38.104959661422136,37.69455400551643,37.9624579391664,7147100,JNJ
2007-01-10,37.70594787597656,37.93964838515728,37.66034629166593,37.93964838515728,6528700,JNJ
2007-01-11,38.03657150268555,38.099268275868475,37.78006572668162,37.84846813671105,6371500,JNJ
2007-01-12,37.98525619506836,38.07645937863738,37.79145595319491,37.876953501781934,6189400,JNJ
2007-01-16,37.928245544433594,38.047946427066535,37.79144515696822,37.99094662802312,7963700,JNJ
2007-01-17,38.11635971069336,38.407060073705225,37.85985401833287,37.962455425515635,9189900,JNJ
2007-01-18,38.59517288208008,38.75477414392993,37.79146528524811,37.88266414253021,10695600,JNJ
2007-01-19,38.62366485595703,38.88586748158563,38.49256136873919,38.76046528045737,13473300,JNJ
2007-01-22,38.29306411743164,38.823170713941785,38.28736283070576,38.7604696063798,10245500,JNJ
2007-01-23,37.905452728271484,38.32725654848409,37.69454864376177,38.1847548464981,9698300,JNJ
2007-01-24,38.196170806884766,38.241768062410294,37.79146635324042,37.854167471997414,7665500,JNJ
2007-01-25,38.008060455322266,38.213263288249266,37.905459038858766,38.082159787120744,7727900,JNJ
2007-01-26,37.66035842895508,38.11636572141186,37.61475682994784,38.00806301097161,10773000,JNJ
2007-01-29,37.70594787597656,37.848449565342456,37.620445992595734,37.76294768196163,8152700,JNJ
2007-01-30,37.84274673461914,37.962447626941184,37.67744425984882,37.705946336080565,7171900,JNJ
2007-01-31,38.07645797729492,38.20185582687654,37.70595266809412,37.842753089605786,8171600,JNJ
2007-02-01,38.196170806884766,38.230369835731,37.90546601526676,38.07646985711461,9232500,JNJ
2007-02-02,37.9510612487793,38.27596501470214,37.89975836531379,38.19046310813137,11317500,JNJ
2007-02-05,37.791446685791016,37.9624460898389,37.677442734286345,37.8370439175868,7526200,JNJ
2007-02-06,37.620460510253906,37.86556368450031,37.50075956685098,37.842762883546214,8180100,JNJ
2007-02-07,37.5064582824707,37.67745775468882,37.42095637195774,37.62045793061611,7795300,JNJ
2007-02-08,37.48365020751953,37.60335111948066,37.39244702765944,37.48365020751953,7340100,JNJ
2007-02-09,37.392459869384766,37.67746338111606,37.352559551694725,37.540662913151415,7107600,JNJ
2007-02-12,37.31266403198242,37.546369029081916,37.25566419206834,37.460867094806275,6067300,JNJ
2007-02-13,37.26704406738281,37.34684467372441,37.21004425553979,37.28414792486191,8583600,JNJ
2007-02-14,37.53495407104492,37.56345615600517,37.278452701633064,37.36965154565219,7254900,JNJ
2007-02-15,37.50075149536133,37.580552107120695,37.38674751512853,37.47795069931477,7350800,JNJ
2007-02-16,37.34115219116211,37.47225133915929,37.18724789713902,37.42095280702319,12927000,JNJ
2007-02-20,37.31266403198242,37.52356822335448,37.19866435215425,37.27846499779578,9384300,JNJ
2007-02-21,37.05044174194336,37.27844533011666,37.027640948245356,37.198644726577015,12036200,JNJ
2007-02-22,36.925052642822266,37.09035519413593,36.85095329863681,37.03335536408494,12930900,JNJ
2007-02-23,36.778839111328125,37.04256836957847,36.68710710032524,37.04256836957847,11586300,JNJ
2007-02-26,36.8648567199707,36.97378566538166,36.69859168587777,36.83618867562972,10483200,JNJ
2007-02-27,36.148189544677734,36.83044642709967,35.958993176890246,36.69284946635682,18581000,JNJ
2007-02-28,36.07939910888672,36.53232709537129,36.01633290987434,36.27433000262282,16690600,JNJ
2007-03-01,35.80418014526367,36.079376139978095,35.402851832823046,35.74684627945024,14589700,JNJ
2007-03-02,35.51752471923828,35.80418754637166,35.391392375439175,35.71818782340612,13773000,JNJ
2007-03-05,35.4487419128418,35.74686946014435,35.23087745559936,35.23087745559936,16009400,JNJ
2007-03-06,35.37419128417969,35.672320869809155,35.184992779292955,35.632188251269,19244300,JNJ
2007-03-07,35.46593475341797,35.85006199412717,35.31113652315676,35.34553685890294,14139300,JNJ
2007-03-08,35.38566207885742,35.68952399291252,35.34552945575821,35.54619257125424,14670100,JNJ
2007-03-09,35.626468658447266,35.72393519210682,35.51180304881556,35.64940221778652,10011500,JNJ
2007-03-12,35.42579650878906,35.74685750995788,35.20793212437877,35.68952581319603,13310200,JNJ
2007-03-13,34.84101104736328,35.39140332078143,34.74927900179359,35.20220693363465,17202700,JNJ
2007-03-14,34.806610107421875,35.05887486866873,34.46261548925819,34.96714282468745,16217000,JNJ
2007-03-15,34.703407287597656,34.863939986373886,34.600208476621575,34.800873803325814,10109800,JNJ
2007-03-16,34.69194030761719,34.904072410643714,34.54287657433493,34.72634064009656,15553900,JNJ
2007-03-19,34.81806182861328,34.8581944438075,34.61166427214958,34.77219691998996,10425200,JNJ
2007-03-20,35.01300048828125,35.167798690455086,34.772204742942385,34.777937037661125,9871300,JNJ
2007-03-21,35.098995208740234,35.156326896000486,34.67473328699786,35.012995490786174,16305000,JNJ
2007-03-22,34.89260482788086,35.248066173707464,34.852472201113216,35.09900244386538,12725500,JNJ
2007-03-23,34.69194030761719,35.11620232660606,34.600208274736374,35.11620232660606,17676100,JNJ
2007-03-26,34.542869567871094,34.85819823024804,34.32500521382037,34.85819823024804,17385900,JNJ
2007-03-27,34.416748046875,34.519946868756904,34.38808219347768,34.45688067904414,12691000,JNJ
2007-03-28,34.39955139160156,34.628882609038065,34.32501841787501,34.39955139160156,16111500,JNJ
2007-03-29,34.59447479248047,34.67474004511401,34.41101073301405,34.617408346679795,16849900,JNJ
2007-03-30,34.54859161376953,34.657524852013886,34.370862119056056,34.646058080248,13275100,JNJ
2007-04-02,34.456878662109375,34.628878146554165,34.4167460322894,34.548610699849924,9734200,JNJ
2007-04-03,34.76646423339844,34.89832885970683,34.542867598046655,34.714864841620056,12055300,JNJ
2007-04-04,35.13914489746094,35.173543051701884,34.7148827696165,34.80661482603358,12983300,JNJ
2007-04-05,35.28818893432617,35.488854199124944,35.104724924092935,35.167791087685025,9694800,JNJ
2007-04-09,35.33406448364258,35.402862957173326,35.18499857275125,35.31686322496186,5829600,JNJ
2007-04-10,35.35700607299805,35.47167168674563,35.236608162742186,35.28247528306709,9137600,JNJ
2007-04-11,35.48312759399414,35.712458751217056,35.259530918587004,35.27099769515455,14688400,JNJ
2007-04-12,35.500328063964844,35.51752932302586,35.25953230775145,35.2881981567677,9342600,JNJ
2007-04-13,35.746856689453125,35.76405794773809,35.48312739109959,35.632193298561326,14546100,JNJ
2007-04-16,36.1309814453125,36.1309814453125,35.781252461273326,35.827119561438856,13395100,JNJ
2007-04-17,37.00817108154297,37.49549699110336,36.93937043141439,37.43816530305992,29072800,JNJ
2007-04-18,36.939369201660156,37.13429780934395,36.778838730831794,36.950833789236206,11757000,JNJ
2007-04-19,37.23177719116211,37.28337441127906,36.86484904545762,37.23177719116211,12530900,JNJ
2007-04-20,37.3349723815918,37.524166544451596,37.19164095189698,37.524166544451596,15794600,JNJ
2007-04-23,37.12282943725586,37.334961465868695,37.08269682364011,37.266160825044494,10862400,JNJ
2007-04-24,36.97377395629883,37.35217102594536,36.89924318839635,37.35217102594536,10367000,JNJ
2007-04-25,37.08271789550781,37.33498268108322,36.979519062693264,37.122850531928506,12907800,JNJ
2007-04-26,36.8304557800293,37.09418517764622,36.77885854694603,36.973787259655644,10533100,JNJ
2007-04-27,36.790306091308594,36.99670367625198,36.60684205737309,36.69857626140465,9817600,JNJ
2007-04-30,36.81897735595703,36.904977086254675,36.549513575617496,36.69284500140423,13917900,JNJ
2007-05-01,37.013919830322266,37.23178647839311,36.84192467956749,36.99672075265975,10049100,JNJ
2007-05-02,36.96803283691406,37.15149683521102,36.69283465240525,36.69856913257518,7976300,JNJ
2007-05-03,36.87629318237305,37.15149132607314,36.77309442525127,37.031089130992655,8992000,JNJ
2007-05-04,36.96803283691406,37.14576235504109,36.784568838617105,37.013895555893235,6489200,JNJ
2007-05-07,36.84191131591797,36.88204394061642,36.45778195329331,36.687113111910776,10864100,JNJ
2007-05-08,36.5208625793457,36.74445715750513,36.40619695467391,36.65845957929995,10957500,JNJ
2007-05-09,36.75590515136719,36.859103935975995,36.29724510147451,36.4864414152149,13768500,JNJ
2007-05-10,35.832855224609375,36.69857823159173,35.81565615396202,36.69857823159173,23573300,JNJ
2007-05-11,35.70100021362305,36.13672688842552,35.345538806252776,35.718199288911514,23867100,JNJ
2007-05-14,35.89592742919922,36.38325346728484,35.86726157761729,36.11952413342825,16788200,JNJ
2007-05-15,35.4429817199707,35.775511554928656,35.3512497287863,35.54044819082717,21866900,JNJ
2007-05-16,36.148189544677734,36.331653617044374,35.78126139994445,35.99339132354383,17213000,JNJ
2007-05-17,35.970455169677734,36.176850583335415,35.85005511121413,36.176850583335415,12360000,JNJ
2007-05-18,36.36031723022461,36.480717297294056,36.00485588527665,36.10805469301382,13378700,JNJ
2007-05-21,36.41764450073242,36.710039611496256,36.337379261976224,36.606840822505795,10813300,JNJ
2007-05-22,36.45204544067383,36.624042696203276,36.291512773391084,36.43484418417625,8892500,JNJ
2007-05-23,36.58390808105469,36.75017084632992,36.486441589762926,36.56097453168444,9822100,JNJ
2007-05-24,36.632965087890625,36.97921371828504,36.62142324673936,36.794546461246014,11036400,JNJ
2007-05-25,36.465599060058594,36.69066158246538,36.40789207567553,36.69066158246538,8493000,JNJ
2007-05-29,36.38482666015625,36.56372192372628,36.23478710463859,36.47138938155046,10059400,JNJ
2007-05-30,36.48292541503906,36.5637161014053,36.217467472345724,36.38482086632213,10866600,JNJ
2007-05-31,36.511783599853516,36.67336499330926,36.338660363810746,36.355972027000604,12154500,JNJ
2007-06-01,36.59257888793945,36.80032767781007,36.36751843270683,36.557953355833796,10836900,JNJ
2007-06-04,36.702205657958984,36.742600992189665,36.36172912559996,36.38481280269767,10090400,JNJ
2007-06-05,36.53485870361328,36.67335637936421,36.36750532748178,36.586795882365095,11391400,JNJ
2007-06-06,36.29827117919922,36.60412235485694,36.09629220170043,36.47139444463978,11532300,JNJ
2007-06-07,35.77887725830078,36.298248937763766,35.7731074402536,36.14820725197205,14245500,JNJ
2007-06-08,35.85392761230469,35.98088352626293,35.467283443487034,35.807760224405534,13943800,JNJ
2007-06-11,35.93470001220703,36.29248828041621,35.86545116705906,36.29248828041621,9082200,JNJ
2007-06-12,35.68077087402344,36.01547531711215,35.64037334677706,35.923142829220765,11908200,JNJ
2007-06-13,35.882755279541016,35.92892043280112,35.3864672240562,35.72694375969946,14814400,JNJ
2007-06-14,36.03858184814453,36.13091439460102,35.88277026324016,35.894312106719916,9093400,JNJ
2007-06-15,36.22324752807617,36.425224288791156,36.10783129278978,36.11937313645658,16817100,JNJ
2007-06-18,35.969337463378906,36.29827233863733,35.91162823880087,36.2694166256574,8489300,JNJ
2007-06-19,36.0212516784668,36.165521354592755,35.89429586041473,35.975086526824384,11399300,JNJ
2007-06-20,35.80195617675781,36.263618607512434,35.773102687594424,36.07895363521059,11311700,JNJ
2007-06-21,35.84235382080078,35.97508164064374,35.65768883655143,35.72693765529987,10370700,JNJ
2007-06-22,35.04601287841797,35.76736174105966,35.04601287841797,35.692340842957954,22060300,JNJ
2007-06-25,35.26528549194336,35.49611568896606,35.18449481291637,35.20180647231333,12967700,JNJ
2007-06-26,35.57691192626953,35.755804960600095,35.38647484941055,35.40955853170517,13908200,JNJ
2007-06-27,35.46150588989258,35.50767106634526,35.24221524794257,35.28838262577698,14158300,JNJ
2007-06-28,35.4903564453125,35.68656338200851,35.31723319561167,35.4903564453125,9515800,JNJ
2007-06-29,35.559600830078125,35.744265900038194,35.32299857160545,35.53651934736907,12025100,JNJ
2007-07-02,35.692317962646484,35.77888065122589,35.42109246110021,35.744255135518,8090400,JNJ
2007-07-03,35.75004196166992,35.940476873481956,35.70964661063763,35.778895469352776,4716100,JNJ
2007-07-05,35.940467834472656,36.02125851621843,35.70386560876818,35.836593471833524,8299700,JNJ
2007-07-06,35.85392761230469,36.00973924439101,35.77890670765967,35.836613741151396,7558900,JNJ
2007-07-09,36.19438934326172,36.54640782478247,35.77312201006876,35.986640586863814,18794500,JNJ
2007-07-10,35.89431381225586,36.26941383695399,35.848146436143175,36.194395152843356,14338300,JNJ
2007-07-11,36.27519226074219,36.35021315947258,35.865466631659785,35.894320146130845,11145900,JNJ
2007-07-12,36.56372833251953,36.592581844247825,36.13668887424264,36.38483303759321,11042400,JNJ
2007-07-13,36.60411071777344,36.70221306316134,36.361736462106236,36.62719439952861,8999400,JNJ
2007-07-16,36.81763458251953,36.8638019526908,36.517553280550416,36.56949047130241,13368200,JNJ
2007-07-17,36.205928802490234,36.65604961080613,35.94047085268591,36.28671949102066,27568400,JNJ
2007-07-18,35.89431381225586,36.29826954771524,35.79043941738397,36.07320689123838,16892500,JNJ
2007-07-19,36.00394821166992,36.18284344325679,35.81351334058291,35.980864529907535,12653800,JNJ
2007-07-20,35.65769577026367,36.0674211461526,35.617300434690435,36.003942132714464,13773900,JNJ
2007-07-23,35.77887725830078,35.96931427456401,35.69231457793015,35.71539825287971,9439400,JNJ
2007-07-24,35.47303771972656,35.853909673807124,35.44418201603562,35.53074472434621,10753800,JNJ
2007-07-25,35.50767517089844,35.77313322136882,35.31146819518485,35.47882165710744,10622200,JNJ
2007-07-26,35.17872619628906,35.501891145049186,35.05754016602194,35.21912153971144,23319000,JNJ
2007-07-27,34.492000579833984,35.28259792952504,34.46314707974237,35.05753754687715,23503600,JNJ
2007-07-30,34.66511917114258,34.87863768507868,34.49199599223815,34.58432850107922,13604100,JNJ
2007-07-31,34.913265228271484,35.65192534188232,34.913265228271484,35.40378129720728,21874200,JNJ
2007-08-01,35.17872619628906,35.43264229937956,34.88441695115731,34.91904027330157,17638800,JNJ
2007-08-02,35.219120025634766,35.47880593745831,35.05753865889167,35.08639215989851,17094800,JNJ
2007-08-03,34.942138671875,35.4903642509878,34.86134795100445,35.4903642509878,12984400,JNJ
2007-08-06,35.95201110839844,35.98663663111907,34.80362545542765,34.80362545542765,14768000,JNJ
2007-08-07,35.82506561279297,36.0097307178996,35.51921224383749,35.634628484874554,18086400,JNJ
2007-08-08,36.06166076660156,36.06166076660156,35.3172284709567,35.77312132190646,15477600,JNJ
2007-08-09,35.103702545166016,36.12513002821477,35.103702545166016,35.7788836476607,20821000,JNJ
2007-08-10,35.28837203979492,35.444181389791275,34.913269912251366,35.02868612083254,15651600,JNJ
2007-08-13,35.46150588989258,35.70387801937807,35.27684078131838,35.386485001602516,11132700,JNJ
2007-08-14,35.27683639526367,35.74426893012058,35.26529455224009,35.49612480856729,18623200,JNJ
2007-08-15,35.37493133544922,35.634617245530904,35.07485008395271,35.2479754915945,13757600,JNJ
2007-08-16,35.56538391113281,35.73850719288179,35.0460118645039,35.0864072235326,24001900,JNJ
2007-08-17,35.79043960571289,36.34443491369031,35.403795533570424,36.06166743834798,18327900,JNJ
2007-08-20,35.68077087402344,35.836580158718775,35.513417551789004,35.68654069141283,12981800,JNJ
2007-08-21,35.588462829589844,35.72696276581095,35.490360450860486,35.53075580697043,12477700,JNJ
2007-08-22,35.78466033935547,35.83659752655145,35.559599928633304,35.6057672956436,12141600,JNJ
2007-08-23,35.84235382080078,35.99239329498578,35.76156316536422,35.865437494177016,8809400,JNJ
2007-08-24,35.94984436035156,36.007939536803946,35.64193371982493,35.88012748918199,9166300,JNJ
2007-08-27,35.787166595458984,35.93240672322657,35.73488006081511,35.822025023951056,10458800,JNJ
2007-08-28,35.583839416503906,35.833652670518966,35.572219937690534,35.787174755265475,14789300,JNJ
2007-08-29,35.938236236572266,36.01376176277393,35.5896584191574,35.641944980960155,10176700,JNJ
2007-08-30,35.787166595458984,35.96726515171864,35.64192646769139,35.64192646769139,8354000,JNJ
2007-08-31,35.8975715637207,36.060239893039956,35.81623739906108,36.007953327731656,13355800,JNJ
2007-09-04,36.0079345703125,36.04860163145784,35.78716894110307,35.8045992645858,9167600,JNJ
2007-09-05,35.81623077392578,36.00213803481367,35.700038181823516,35.93242114983869,11283800,JNJ
2007-09-06,35.822025299072266,35.96145679792294,35.79297771653335,35.84526425157879,7724400,JNJ
2007-09-07,35.833656311035156,36.03699167045456,35.58965166354266,35.73489183918201,13553000,JNJ
2007-09-10,35.92661666870117,36.0079508277138,35.76975698366698,35.93242530169224,10176500,JNJ
2007-09-11,36.04861831665039,36.100904878922314,35.85690239911312,36.007951236682196,9942900,JNJ
2007-09-12,36.31584930419922,36.40880291967406,35.990512758131764,36.01956034743221,11635100,JNJ
2007-09-13,36.664424896240234,36.75737850631973,36.35070563115112,36.414611653616184,13499000,JNJ
2007-09-14,36.71671676635742,36.78643142998227,36.524998671152595,36.59471555096664,9369200,JNJ
2007-09-17,36.565670013427734,36.7922465750013,36.42624066989419,36.61214793873189,11085700,JNJ
2007-09-18,37.082725524902344,37.15244019397195,36.56566859875044,36.58309892815987,12653400,JNJ
2007-09-19,37.466148376464844,37.63462748470439,36.978143593187,37.04204739848135,17955900,JNJ
2007-09-20,37.64044189453125,37.762443101898164,37.286055535446266,37.4719627703451,12079500,JNJ
2007-09-21,37.832157135009766,38.08777679355608,37.6404390668167,37.70434508954772,17638200,JNJ
2007-09-24,37.87864303588867,38.081982865275094,37.617212444362174,37.75083538089788,12256700,JNJ
2007-09-25,37.74501419067383,37.9599667947423,37.61720213832067,37.64625194381112,10084900,JNJ
2007-09-26,37.98902130126953,38.128450633646054,37.6811128274312,37.7740642382227,12518700,JNJ
2007-09-27,38.076168060302734,38.19816928583211,37.965784099518594,37.983212212825826,9074100,JNJ
2007-09-28,38.16912078857422,38.19817060000487,37.95997455693445,38.08198021904008,8857800,JNJ
2007-10-01,38.42473220825195,38.459588424511225,38.14587361342287,38.14587361342287,12568700,JNJ
2007-10-02,38.372467041015625,38.540941791963434,38.2737003250101,38.43637309098052,9839400,JNJ
2007-10-03,38.40150833129883,38.808183554303376,38.23884001504868,38.26788982825586,9377800,JNJ
2007-10-04,38.40731430053711,38.546743634982015,38.34340826550431,38.40150345215814,8741800,JNJ
2007-10-05,38.48863983154297,38.57578480820312,38.45959002853037,38.517689634555566,9407400,JNJ
2007-10-08,38.35501480102539,38.56416096037865,38.31434773850545,38.488637682092296,5678900,JNJ
2007-10-09,38.48863983154297,38.50025709332142,38.30854346352225,38.40149485488281,7639500,JNJ
2007-10-10,38.24464416503906,38.51769640479223,38.15168832496206,38.50026386049399,8523900,JNJ
2007-10-11,38.31436538696289,38.477038144350786,38.24465292331894,38.331797935253306,10369200,JNJ
2007-10-12,38.308536529541016,38.48282201893739,38.2330088283301,38.44215496150722,7025800,JNJ
2007-10-15,38.14006805419922,38.436359230612204,38.00063873745466,38.314353592035395,9198100,JNJ
2007-10-16,37.80311584472656,38.34340951980072,37.53587443147401,38.20978659698506,14314900,JNJ
2007-10-17,37.67529296875,38.099396145122775,37.59976968852033,38.08196803679112,10198300,JNJ
2007-10-18,37.7043342590332,37.94833658534719,37.58233309587621,37.90185868537029,13529500,JNJ
2007-10-19,37.315101623535156,37.76243933930848,37.274434558464854,37.51843694888667,15297000,JNJ
2007-10-22,37.379005432128906,37.408055237066144,36.920048211052666,37.35577090703263,11153100,JNJ
2007-10-23,37.50101852416992,37.530063902505006,37.158249373736986,37.41387352440706,7727900,JNJ
2007-10-24,37.4371223449707,37.48359584902065,37.02463841582006,37.373216290474545,11114300,JNJ
2007-10-25,37.15245056152344,37.44292879973755,37.02463845240483,37.42550068165411,10605500,JNJ
2007-10-26,37.35575866699219,37.5300441423752,37.076895701052294,37.28604181741309,9531300,JNJ
2007-10-29,37.75082015991211,38.02967875412177,37.355766791133895,37.442907331588515,12797700,JNJ
2007-10-30,37.657875061035156,37.919305621580264,37.61720798645306,37.646257796459714,7698400,JNJ
2007-10-31,37.8612060546875,37.90768397237075,37.530058647856166,37.663681553100965,10547400,JNJ
2007-11-01,37.56491470336914,37.98320261417433,37.483576141192344,37.646248833168286,11156800,JNJ
2007-11-02,37.63461685180664,37.762428858662346,37.39061452910563,37.60557148903354,9896700,JNJ
2007-11-05,37.466148376464844,37.68110539712447,37.1872897666997,37.1872897666997,10137400,JNJ
2007-11-06,37.535865783691406,37.69853404711812,37.26862443200784,37.46614891406092,7820100,JNJ
2007-11-07,37.12919235229492,37.48938730856355,37.02461926560583,37.239574069938364,10751600,JNJ
2007-11-08,37.52424621582031,37.698536183585084,37.15243397099727,37.16405344992752,16433400,JNJ
2007-11-09,37.85541534423828,38.19818015650328,37.09435353166444,37.09435353166444,16168600,JNJ
2007-11-12,38.52349090576172,38.89530528631615,37.750816777895906,38.558351551197916,17582900,JNJ
2007-11-13,39.10447692871094,39.12771589669641,38.65132813394407,38.76752297387143,16501000,JNJ
2007-11-14,38.8604621887207,39.0986582113552,38.77912804254759,39.04055859347852,12128500,JNJ
2007-11-15,38.85464859008789,39.098655443713476,38.65712408690048,38.78493614537621,11491600,JNJ
2007-11-16,39.360084533691406,39.37751264423063,38.68036162839323,39.040554399212056,15135600,JNJ
2007-11-19,39.267127990722656,39.51113483099246,39.179987439602705,39.19160470229271,19230900,JNJ
2007-11-20,39.296173095703125,39.476269456313226,39.040549023319144,39.406557023755745,15463500,JNJ
2007-11-21,39.00568771362305,39.301978810434605,38.889497386281235,38.9243535980084,14971600,JNJ
2007-11-23,39.09630584716797,39.40028681177436,38.681258860061014,39.40028681177436,5964700,JNJ
2007-11-26,39.38274002075195,39.79778689946352,38.80985571242323,39.02030264528322,15977400,JNJ
2007-11-27,39.593170166015625,39.680852634242775,39.300883378745276,39.50548323784603,15183000,JNJ
2007-11-28,39.95563507080078,40.03163255099159,39.20153401780186,39.6575010591626,15187400,JNJ
2007-11-29,39.984859466552734,40.13684994383723,39.493815024535635,39.74518200391389,11035900,JNJ
2007-11-30,39.59903335571289,40.18945422289929,39.28336292553239,40.066694243375444,16655400,JNJ
2007-12-03,39.58149337768555,39.797787299729336,39.341820427261574,39.52888387391359,9768100,JNJ
2007-12-04,39.715965270996094,39.873798313592154,39.400294725857584,39.42367822475078,8107400,JNJ
2007-12-05,39.8737907409668,39.897174235419115,39.429513266263825,39.429513266263825,9752700,JNJ
2007-12-06,39.92641067504883,39.96733068145881,39.60489315329452,39.86210717069796,7604500,JNJ
2007-12-07,39.56396484375,40.043315301073065,39.50550834113894,40.043315301073065,12058400,JNJ
2007-12-10,39.628273010253906,39.751033018204865,39.429515525991064,39.59319999653814,8315100,JNJ
2007-12-11,39.487972259521484,39.733492249086176,39.44705226126071,39.62826875928055,10231500,JNJ
2007-12-12,39.57566833496094,39.98487291762414,39.178157732916404,39.75104236466615,19269400,JNJ
2007-12-13,39.675048828125,39.75104186139683,39.41198778689769,39.45875478888656,7775900,JNJ
2007-12-14,39.5113525390625,39.710110008273254,39.394439528900016,39.50551001051619,9492100,JNJ
2007-12-17,39.487972259521484,39.610732254303834,39.28921479657961,39.417821779669296,12357700,JNJ
2007-12-18,39.58149337768555,39.692563832241056,39.27166996228793,39.692563832241056,12275400,JNJ
2007-12-19,39.35352325439453,39.60489026398816,39.28921975473482,39.511356279048265,8853900,JNJ
2007-12-20,39.35936737060547,39.563967372795425,39.3009108642577,39.563967372795425,11029400,JNJ
2007-12-21,39.7685546875,39.862088635772444,39.371044327230386,39.371044327230386,19689500,JNJ
2007-12-24,39.675048828125,39.92641588888171,39.51136432116395,39.52305830163456,2772000,JNJ
2007-12-26,39.49381637573242,39.745183363710666,39.37690336455693,39.73934083511374,6399800,JNJ
2007-12-27,39.35936737060547,39.73934135178427,39.17230387432529,39.22491339205461,7623400,JNJ
2007-12-28,39.38859939575195,39.7101169195751,39.18399936238551,39.60489340813719,5279200,JNJ
2007-12-31,38.99108123779297,39.359365685916856,38.90339871199715,39.335982192389515,8515000,JNJ
2008-01-02,38.529266357421875,39.166449742306824,38.4181958936569,38.909235809354136,11970500,JNJ
2008-01-03,38.54095458984375,38.815705016363445,38.207747669583505,38.4357311171329,9277600,JNJ
2008-01-04,38.48835372924805,38.81571823356687,38.41820769685167,38.41820769685167,12714800,JNJ
2008-01-07,39.08460998535156,39.28920995142415,38.43573262156081,38.4415796091471,12352700,JNJ
2008-01-08,39.13139343261719,39.6048970476273,38.93263591054909,39.19569694329098,13478500,JNJ
2008-01-09,39.634098052978516,39.92053791292316,39.160590330277664,39.160590330277664,19489900,JNJ
2008-01-10,39.69841003417969,39.88547347713209,39.371045664054776,39.41781263977895,13043400,JNJ
2008-01-11,39.68087387084961,39.768560845947945,39.36520343646247,39.36520343646247,15541800,JNJ
2008-01-14,39.721797943115234,39.9205554044091,39.347670973562956,39.9205554044091,11661600,JNJ
2008-01-15,39.61073303222656,39.85040603819089,39.429512070702366,39.57565556163892,11545300,JNJ
2008-01-16,39.9322624206543,40.24793302579134,39.35938219869787,39.35938219869787,18310300,JNJ
2008-01-17,39.65167236328125,40.07840906730006,38.58190041767644,39.9673429928014,18336600,JNJ
2008-01-18,38.75141906738281,39.84457428067507,38.58773902687843,39.84457428067507,22716600,JNJ
2008-01-22,38.15513610839844,39.020307434107195,37.70501617228336,37.804392663901055,29488900,JNJ
2008-01-23,37.5296516418457,38.330519683460196,36.319585785552114,37.997312658544644,22843600,JNJ
2008-01-24,37.12628936767578,37.72840203284204,37.02691286981656,37.72840203284204,18084400,JNJ
2008-01-25,36.51248550415039,37.40688509354153,36.44233726007132,37.14382639077943,23938400,JNJ
2008-01-28,36.869075775146484,36.904151012013195,36.53586882981635,36.629400564821786,10182000,JNJ
2008-01-29,36.81062698364258,37.05614700319398,36.728786977125445,37.02691874800542,10074000,JNJ
2008-01-30,36.34881591796875,36.82816647785408,36.24359240677703,36.81062996931317,13653300,JNJ
2008-01-31,36.90998840332031,37.05613184947218,36.07989469956427,36.1617346726138,21274200,JNJ
2008-02-01,37.038604736328125,37.1730564732657,36.68201428055027,37.0327577482159,11780400,JNJ
2008-02-04,37.10291290283203,37.2432094155947,36.82816240621026,37.05030115305282,7976200,JNJ
2008-02-05,36.75217056274414,37.266596360425616,36.71125055690309,37.249059852200325,11320400,JNJ
2008-02-06,36.85737609863281,37.04443952839177,36.69954091165395,36.933371313838634,9556900,JNJ
2008-02-07,36.71709442138672,36.933386180991775,36.535875675247254,36.71709442138672,13693300,JNJ
2008-02-08,36.2611198425293,36.93922550611292,36.20850810009727,36.74047028247776,13338800,JNJ
2008-02-11,36.17343521118164,36.32542345094661,35.86945650167914,36.31957869286712,11133400,JNJ
2008-02-12,36.81062698364258,36.91585048629973,36.24943422614679,36.32542947361539,11421300,JNJ
2008-02-13,37.067840576171875,37.2665958432012,36.58849003156698,36.58849003156698,11190600,JNJ
2008-02-14,36.70540237426758,37.19644462853772,36.606023633655376,37.00353413615848,10864100,JNJ
2008-02-15,36.76970672607422,36.886619746019846,36.50664797125073,36.6352527391855,11916000,JNJ
2008-02-19,37.213966369628906,37.31334507081033,36.85737601063602,36.97429121144922,10392600,JNJ
2008-02-20,36.96261215209961,37.24320739235444,36.89246389952909,37.21397913961445,13772900,JNJ
2008-02-21,36.81645202636719,37.161350604823575,36.68200034052442,37.05028240259826,11085000,JNJ
2008-02-22,37.17835998535156,37.237204228005915,36.77821284996285,36.93120922772255,10142300,JNJ
2008-02-25,37.572635650634766,37.62559638708736,37.196026966867365,37.27252630724663,9979000,JNJ
2008-02-26,37.496124267578125,37.702081361546966,37.30781999744548,37.466699901499176,9219200,JNJ
2008-02-27,37.095985412597656,37.572629720679075,37.048908212174354,37.196021096350485,9569700,JNJ
2008-02-28,36.90180206298828,37.36079587182915,36.77822775647011,37.131297845026275,8545200,JNJ
2008-02-29,36.460445404052734,36.92532251308024,36.41337046294669,36.89590039429349,12028300,JNJ
2008-03-03,36.61933517456055,36.6605265984034,36.26037941413202,36.48399160411055,8841200,JNJ
2008-03-04,36.860599517822266,36.9547516627111,36.48987446523816,36.54283518703589,14347700,JNJ
2008-03-05,37.148929595947266,37.23719594028374,36.86058748368247,36.931201008104345,13654600,JNJ
2008-03-06,36.85472869873047,37.24899023990896,36.784112882141656,37.043033053437355,12137700,JNJ
2008-03-07,36.195655822753906,36.73114667260744,36.13092803433329,36.519305988680195,14935800,JNJ
2008-03-10,36.08972930908203,36.33099431916027,35.99557492001326,36.301569950194185,14229400,JNJ
2008-03-11,36.742916107177734,36.79587683954322,36.183888898032244,36.34276885036403,13635600,JNJ
2008-03-12,36.80763244628906,37.14893531561007,36.56636747633463,36.74878820767142,13132300,JNJ
2008-03-13,36.96065139770508,37.33137434557935,36.28393105738498,36.78999986913531,15810500,JNJ
2008-03-14,36.86648941040039,37.29017298737631,36.63110789948587,37.29017298737631,20835000,JNJ
2008-03-17,37.684444427490234,37.831557340859796,36.272159561236485,36.272159561236485,21927300,JNJ
2008-03-18,38.43179702758789,38.43179702758789,37.913960906129574,38.09637958162001,15062200,JNJ
2008-03-19,38.178733825683594,38.7259939306806,38.143428170370534,38.47884536443135,15845800,JNJ
2008-03-20,38.47295379638672,38.54356958590404,38.18461384586542,38.23169103887696,16276300,JNJ
2008-03-24,38.18461227416992,38.567106594970674,38.037499419210256,38.34349667166207,9887900,JNJ
2008-03-25,37.984554290771484,38.33173859547234,37.86686127174012,38.20816429263663,9511900,JNJ
2008-03-26,38.07282257080078,38.16109122226155,37.78448249959038,37.78448249959038,11354700,JNJ
2008-03-27,38.02574157714844,38.396464445216594,37.966892829287254,38.14343009381255,10772200,JNJ
2008-03-28,37.766822814941406,38.24935293391111,37.696207008679025,38.15519852556127,8755200,JNJ
2008-03-31,38.1728401184082,38.25522294701084,37.4961201781487,37.83153726303872,13668500,JNJ
2008-04-01,38.76130676269531,38.7907266476528,37.96101226357257,38.32584936584406,11204700,JNJ
2008-04-02,38.43179702758789,38.82017748583083,38.33764704620105,38.749561632641495,9791500,JNJ
2008-04-03,38.408226013183594,38.59064902433566,38.13165758958699,38.13165758958699,7651200,JNJ
2008-04-04,38.678932189941406,38.80838779264752,38.267013306505,38.39058762467687,8079600,JNJ
2008-04-07,38.920188903808594,38.9790331665664,38.54358023472328,38.63184887362472,8901900,JNJ
2008-04-08,39.02610778808594,39.196759281452835,38.69069057409699,38.826036410053206,8861100,JNJ
2008-04-09,39.008460998535156,39.13203530813304,38.80250381587201,38.96726956200252,8589900,JNJ
2008-04-10,39.03200149536133,39.17322864324224,38.92608001206811,38.9908100568323,8272100,JNJ
2008-04-11,38.83779525756836,39.27913384004072,38.8024896076196,38.95548375041636,9234800,JNJ
2008-04-14,38.684814453125,39.08496179855549,38.684814453125,38.831927381746056,10326800,JNJ
2008-04-15,38.6318473815918,38.849571594339714,38.243467181237186,38.62007583577719,17362000,JNJ
2008-04-16,38.6612663269043,38.78484510730597,38.325849111813504,38.71422930272347,12617900,JNJ
2008-04-17,38.696590423583984,38.83781759413038,38.57301608816454,38.625974593545386,8841500,JNJ
2008-04-18,39.137908935546875,39.30856040237267,38.80249177372472,38.878988849393465,10741100,JNJ
2008-04-21,39.02610778808594,39.17322068000266,38.86722784020872,38.98491635793042,8975600,JNJ
2008-04-22,39.42035675048828,39.520396897285075,38.7142168892003,38.87309678665539,13185600,JNJ
2008-04-23,39.579246520996094,39.714587842880185,39.27913501884038,39.49686367562446,10643000,JNJ
2008-04-24,39.64398956298828,39.86171380176133,39.43802789237725,39.549835143334114,9613100,JNJ
2008-04-25,39.60867691040039,39.83817268190731,39.390952685372035,39.76167558791485,9182200,JNJ
2008-04-28,39.61456298828125,39.820520157944436,39.52629434713143,39.60279593124175,9071600,JNJ
2008-04-29,39.5380744934082,39.714607324574935,39.50276433555041,39.573380161735436,7706800,JNJ
2008-04-30,39.47920608520508,39.82050900766585,39.37917041502709,39.69104896883395,13098400,JNJ
2008-05-01,39.902915954589844,39.94410740186875,39.396847036859796,39.50276854265285,13165100,JNJ
2008-05-02,40.16769790649414,40.203003557436126,39.726359311605925,39.726359311605925,12562300,JNJ
2008-05-05,39.95587158203125,40.20302022011591,39.84406432167049,40.0382544613928,10550400,JNJ
2008-05-06,39.76755142211914,40.002932908036854,39.608667011075106,39.83816272522456,9487600,JNJ
2008-05-07,39.37329864501953,39.82640440086759,39.30268283690723,39.7087158768765,12628400,JNJ
2008-05-08,39.367408752441406,39.52040740924313,39.249715751236636,39.443905836077796,9444500,JNJ
2008-05-09,39.16144943237305,39.408597986852435,39.04375643771951,39.14379211602849,8758400,JNJ
2008-05-12,39.255615234375,39.36153672768971,39.01435235431568,39.184999408988354,7707900,JNJ
2008-05-13,39.07908248901367,39.42626686313228,39.01435243798639,39.27915392707581,9532400,JNJ
2008-05-14,39.31444549560547,39.490982751373274,39.07906847395361,39.17910415710855,9022000,JNJ
2008-05-15,39.23796081542969,39.42037941173009,39.037884896348,39.41449812699999,8407900,JNJ
2008-05-16,39.23796081542969,39.373306686237626,39.01435077836693,39.373306686237626,9764900,JNJ
2008-05-19,39.208526611328125,39.3026810177866,38.990802403069004,39.19087378249946,8748300,JNJ
2008-05-20,38.926082611083984,39.39096001382477,38.861352561997904,39.09673415053544,12612400,JNJ
2008-05-21,38.678932189941406,39.2497265673457,38.590663537095736,39.06730797712011,11216800,JNJ
2008-05-22,38.76188659667969,38.96336800250075,38.64336413339993,38.927813524101666,9882700,JNJ
2008-05-23,38.47151184082031,38.80929296570001,38.435957360676106,38.71447951159215,9073500,JNJ
2008-05-27,38.60783004760742,38.714498060316274,38.40634401419201,38.412271270779186,8358200,JNJ
2008-05-28,38.44779968261719,38.70261728891713,38.30557726922181,38.63150834280394,14779300,JNJ
2008-05-29,39.360389709472656,39.49668934833091,38.246306201685584,38.31741964645958,13264000,JNJ
2008-05-30,39.550045013427734,39.721899218254855,39.32485908356995,39.40189530455991,10995000,JNJ
2008-06-02,39.41373062133789,39.704102643399864,39.200394782754536,39.43743510575472,9630900,JNJ
2008-06-03,39.561885833740234,39.72781272687492,39.37225445284792,39.4729951349413,11363000,JNJ
2008-06-04,39.43744659423828,39.66855973316758,39.27151515498315,39.5263327852346,8962800,JNJ
2008-06-05,39.680423736572266,39.76338722492452,39.407828771819005,39.502646770605025,8679800,JNJ
2008-06-06,38.96929931640625,39.56189813104248,38.92189032615452,39.455230163561154,14267200,JNJ
2008-06-09,38.89225387573242,39.230034978397924,38.70262245881792,39.04040356148342,8695900,JNJ
2008-06-10,38.8863410949707,39.064118050665144,38.64337337799963,38.64337337799963,10170100,JNJ
2008-06-11,38.63743591308594,39.022625997059265,38.584104196821876,38.82114459628004,10392400,JNJ
2008-06-12,38.92781448364258,39.01077794939856,38.613737860256414,38.66114232556712,9743400,JNJ
2008-06-13,39.27152633666992,39.330789842433994,38.957449649271474,38.98115414734296,8938300,JNJ
2008-06-16,39.01670455932617,39.206340524094266,38.81522312851544,39.08781804611421,7984700,JNJ
2008-06-17,38.868553161621094,39.25967054018303,38.815221439728134,39.135225334596065,7304000,JNJ
2008-06-18,38.187076568603516,39.093752209840574,38.04484956988986,38.68485750058816,12845600,JNJ
2008-06-19,38.29373550415039,38.50707143061574,38.009286095139935,38.110026804534684,9089600,JNJ
2008-06-20,37.96186447143555,38.2937227583527,37.85519880429078,38.098164137321454,16435000,JNJ
2008-06-23,38.09817123413086,38.19891192876045,37.89668758428702,38.04483499974682,8689900,JNJ
2008-06-24,38.35298156738281,38.42409050481893,37.9855688130119,37.9855688130119,10692800,JNJ
2008-06-25,38.68484115600586,38.921881532539885,38.3529873415597,38.418173558135784,10391100,JNJ
2008-06-26,38.08038330078125,38.726313536751796,38.08038330078125,38.329273601549644,12412700,JNJ
2008-06-27,37.671504974365234,38.34706723461504,37.5707642649457,38.04484058518645,19081600,JNJ
2008-06-30,38.12778091430664,38.287785022672665,37.39296012513961,37.65370488178514,12516900,JNJ
2008-07-01,38.335208892822266,38.50706304734823,37.772239711786746,37.77816470374976,16637300,JNJ
2008-07-02,38.305572509765625,38.58409457055335,38.22260906882909,38.48335389529733,10708000,JNJ
2008-07-03,38.590023040771484,38.73224544098611,38.07446062338665,38.133719580045366,7714900,JNJ
2008-07-07,38.66707229614258,39.07596692122105,38.44188637629203,38.57818157053811,14506700,JNJ
2008-07-08,39.235958099365234,39.277439826159814,38.607804944713294,38.607804944713294,15476900,JNJ
2008-07-09,39.21818161010742,39.70411235661021,39.12336364924384,39.2004043727378,13940700,JNJ
2008-07-10,39.66857147216797,39.82264392960207,39.14708155109633,39.14708155109633,17399900,JNJ
2008-07-11,39.265594482421875,39.544116618603354,39.11151754133155,39.295221707251386,16631500,JNJ
2008-07-14,39.354496002197266,39.66857270285718,39.164860009618245,39.37227324620883,11114700,JNJ
2008-07-15,40.11893081665039,40.28486225305942,39.579668342121415,39.76337249525544,24203400,JNJ
2008-07-16,40.40930938720703,40.77671771118407,40.00041481125109,40.16041448118148,18883600,JNJ
2008-07-17,40.19599151611328,40.563400004949415,39.70413325783798,40.557477270154486,14217400,JNJ
2008-07-18,40.19004440307617,40.427084791733066,40.03004474040515,40.14856267414891,12903500,JNJ
2008-07-21,39.76932144165039,40.28488422766239,39.70413518636709,40.28488422766239,11279400,JNJ
2008-07-22,40.290794372558594,40.44487133882469,39.71597276713968,39.71597276713968,15551300,JNJ
2008-07-23,40.45671463012695,40.50412361515722,40.07152905997264,40.42116015193909,10256800,JNJ
2008-07-24,40.68782424926758,41.03745527203802,40.13078008833161,40.45078389219895,16543100,JNJ
2008-07-25,40.90709686279297,41.01376483395577,40.628574686913986,40.81820613329559,10504500,JNJ
2008-07-28,40.58115768432617,40.88337974164962,40.545598690806,40.865602505473994,9814300,JNJ
2008-07-29,40.58115768432617,40.8893069940978,40.47448974610351,40.6226394091256,13012200,JNJ
2008-07-30,40.344120025634766,40.711528321028055,40.124856882032574,40.711528321028055,13523100,JNJ
2008-07-31,40.575233459472656,40.91894178841087,40.17226616513767,40.17819341802812,13798400,JNJ
2008-08-01,40.35597610473633,40.77079796437335,40.25523539699002,40.593016521504644,9052300,JNJ
2008-08-04,40.87746810913086,41.13820851244927,40.27894204208675,40.40338725027352,13694700,JNJ
2008-08-05,41.74858856201172,41.77822031396503,40.96635823485239,41.07302621224551,20179200,JNJ
2008-08-06,42.11598587036133,42.364876218255425,41.529314472848405,41.68931411901778,18729400,JNJ
2008-08-07,41.867103576660156,42.133771211965666,41.48784072943155,41.81969459046414,14181000,JNJ
2008-08-08,42.40044021606445,42.47747642202819,41.7070962777131,41.93820941677374,12071300,JNJ
2008-08-11,42.46562576293945,42.6078481875265,42.127840157645004,42.32932607021523,10231600,JNJ
2008-08-12,42.48930740356445,42.59005257697449,42.24634438808709,42.353012290805,8696800,JNJ
2008-08-13,42.19301223754883,42.57227492346004,42.07449434363952,42.47153426152034,10600600,JNJ
2008-08-14,42.18709945678711,42.548584995978985,41.86116838991939,42.19302218806186,9459500,JNJ
2008-08-15,42.270057678222656,42.31746664957043,41.938199399956595,41.967831137341044,10790800,JNJ
2008-08-18,42.12783432006836,42.43598813867091,41.955984696471965,42.43598813867091,9846300,JNJ
2008-08-19,42.16340255737305,42.2996977399273,41.867103178222386,41.867103178222386,9133700,JNJ
2008-08-20,42.12191390991211,42.40043600397544,41.83153731077388,42.18117287177965,10278400,JNJ
2008-08-21,42.240440368652344,42.39451731757557,41.78414129678766,41.88488200443481,7840100,JNJ
2008-08-22,42.59829330444336,42.75337097936471,42.240425597385055,42.37761056953371,7717700,JNJ
2008-08-25,42.22852325439453,42.55656694764267,42.07941124368062,42.4969230534646,8205000,JNJ
2008-08-26,42.17482376098633,42.35972112443288,41.90045831664976,42.18078951318849,6439600,JNJ
2008-08-27,42.47305679321289,42.580417603251064,41.93625274302202,42.18079857998431,8399300,JNJ
2008-08-28,42.592350006103516,42.759354702889745,42.449199222683866,42.63410118030007,8148200,JNJ
2008-08-29,42.0078239440918,42.586379109905934,42.0018581912022,42.45515984955186,10368300,JNJ
2008-09-02,42.783199310302734,43.00388206649477,42.210605463147445,42.401468562020796,15122400,JNJ
2008-09-03,42.652000427246094,42.88461479778159,42.53270808944751,42.74742974694757,9844000,JNJ
2008-09-04,42.019752502441406,42.64005886107584,41.9899328379281,42.64005886107584,13676200,JNJ
2008-09-05,42.15095901489258,42.38953901149749,41.93623747300165,41.98395438242962,10746400,JNJ
2008-09-08,43.075469970703125,43.17089927264371,42.22851500738304,42.46709053750277,15226500,JNJ
2008-09-09,42.55059051513672,43.39754998185857,42.55059051513672,42.890570182763625,19050100,JNJ
2008-09-10,42.484981536865234,42.9502101227906,42.359723486313754,42.735488536896455,12611100,JNJ
2008-09-11,42.443214416503906,42.67582862203082,41.94219605422996,42.30006371269182,15725800,JNJ
2008-09-12,42.10325241088867,42.86670949699935,41.93028653531235,42.38358363422474,15141200,JNJ
2008-09-15,41.51875305175781,42.28220589988601,41.51875305175781,41.70365050857507,20929700,JNJ
2008-09-16,41.63206100463867,42.049572671947196,41.453124832628795,41.52470021153992,23336300,JNJ
2008-09-17,41.45908737182617,42.347793309380116,41.459087371826165,41.62609202580565,24167100,JNJ
2008-09-18,42.306034088134766,42.31796103948928,41.274177600384554,41.87062527987297,29279900,JNJ
2008-09-19,41.74536895751953,43.35578031229373,41.280140527429545,42.8547619295192,27446100,JNJ
2008-09-22,40.8029899597168,42.174816960189,40.737380347679554,41.64994461442593,16067900,JNJ
2008-09-23,40.64792251586914,41.2145461619126,40.59423984226071,40.964039153169345,13635900,JNJ
2008-09-24,40.67176818847656,41.15488934637159,40.29004204263994,40.70755359260668,12469600,JNJ
2008-09-25,41.3696403503418,41.733474053364674,40.832836153214785,40.88651884819641,14577700,JNJ
2008-09-26,41.39348602294922,41.602241882143005,40.99982821658112,41.017720925863955,13087200,JNJ
2008-09-29,39.90235900878906,41.66784396305511,39.90235900878906,41.04157194846694,25740100,JNJ
2008-09-30,41.3218994140625,41.44119169444756,40.20654503330721,40.26022314657908,19623000,JNJ
2008-10-01,40.433197021484375,41.196649479540255,40.12900736848112,41.196649479540255,25547700,JNJ
2008-10-02,40.433197021484375,40.71352821635643,40.34969469329299,40.53459205564026,30897500,JNJ
2008-10-03,39.46099090576172,40.779140073641265,39.42520094133552,40.55845273673378,25416700,JNJ
2008-10-06,38.47089385986328,39.38942427482987,37.15274439925642,38.79297630801028,33471600,JNJ
2008-10-07,37.27202606201172,39.15680112210397,37.039409496061936,38.83471874642081,24172200,JNJ
2008-10-08,37.19448471069336,38.08915639959611,36.454888446749266,36.76504157193435,37910400,JNJ
2008-10-09,34.34347152709961,37.67164966016608,34.34347152709961,37.36149647594625,33493900,JNJ
2008-10-10,33.311607360839844,35.19041876429487,31.051072020269096,33.043207682004294,50089400,JNJ
2008-10-13,37.38535690307617,37.45693001849828,34.564158431842436,34.868345878837616,32537300,JNJ
2008-10-14,38.17265701293945,40.24829724025358,37.576209247112274,39.6637764275074,38915400,JNJ
2008-10-15,36.10895919799805,38.625970258280155,35.84652064557836,38.357565952250006,25064700,JNJ
2008-10-16,37.87445068359375,38.16074547084693,34.778886163354244,36.228255088070746,34602200,JNJ
2008-10-17,37.36747360229492,38.76912569819918,37.00363990477649,37.54640757354052,25254100,JNJ
2008-10-20,38.435115814208984,38.488793957266566,37.06924916200069,37.83866545765463,18035000,JNJ
2008-10-21,37.96986770629883,38.709463995959936,37.79689729436556,37.999689641912326,14042400,JNJ
2008-10-22,36.633846282958984,37.635879411742955,35.93600300145011,37.14082860332772,23324900,JNJ
2008-10-23,37.248165130615234,37.6597132887188,35.90615759626753,36.884331612815906,23490600,JNJ
2008-10-24,36.258060455322266,37.27202211856363,34.97569684074234,35.19041840181318,23132100,JNJ
2008-10-27,35.876346588134766,37.39132271466124,35.84652236918515,36.031422060437876,21067000,JNJ
2008-10-28,38.285987854003906,38.47088522605067,36.12684506048847,36.645754038090416,27526400,JNJ
2008-10-29,36.699432373046875,37.79689641507472,35.810726425992755,37.79689641507472,29020100,JNJ
2008-10-30,36.12685012817383,37.427106768445675,35.59601184641728,37.18852669168693,23629000,JNJ
2008-10-31,36.58610916137695,36.765043051303984,35.685473959425806,36.28788525307596,19784900,JNJ
2008-11-03,36.47874450683594,36.87239993306818,36.12087676490394,36.67557335758587,11846900,JNJ
2008-11-04,36.914161682128906,37.08116637289794,36.56822306906903,36.8783762628317,14645400,JNJ
2008-11-05,35.6973991394043,36.83065084473398,35.62582604204415,36.83065084473398,19758000,JNJ
2008-11-06,34.546268463134766,35.977744631057014,34.29576138514612,35.62584020583347,22899400,JNJ
2008-11-07,35.918094635009766,36.07913584717961,34.7609842087379,34.86834501685114,16245700,JNJ
2008-11-10,35.79283142089844,36.53242769285946,35.536360960545956,36.38331574309269,12841200,JNJ
2008-11-11,35.51847457885742,36.02545669597182,34.59994419984217,35.363399114672106,14393000,JNJ
2008-11-12,34.546268463134766,35.51251590035317,34.349441798324925,35.08903834931411,18385200,JNJ
2008-11-13,37.516571044921875,37.582178397843485,34.188390916986144,34.83255569346454,27304500,JNJ
2008-11-14,35.81669616699219,37.27799398630914,35.56022338634492,36.69347531363599,22065300,JNJ
2008-11-17,35.351470947265625,36.44296953355151,34.981673848251276,35.07113967730543,16564900,JNJ
2008-11-18,36.317710876464844,36.38332050699576,34.8683423529352,35.05920549160619,21199500,JNJ
2008-11-19,34.665550231933594,36.6994374166166,34.59994060093283,36.0493091348416,27534900,JNJ
2008-11-20,33.28777313232422,34.922039841299124,32.8046492963179,34.593993803389786,31046400,JNJ
2008-11-21,35.09197235107422,35.188197036050894,32.77055153923972,33.96734591525104,30802200,JNJ
2008-11-24,35.54903793334961,36.018132941078896,34.833364756331896,35.61519282811702,20508500,JNJ
2008-11-25,35.30246353149414,36.08428934172948,34.556720542327035,36.078276302943884,21416200,JNJ
2008-11-26,35.04384994506836,35.18217274208647,33.991391786117056,34.65293599693005,18507700,JNJ
2008-11-28,35.23029708862305,35.33854785059393,34.65896202432414,35.16414218829047,7688500,JNJ
2008-12-01,33.275718688964844,34.77321490636808,33.20956381376984,34.67699025904167,18847200,JNJ
2008-12-02,34.17783737182617,34.28007509106809,33.047195656277424,33.74482516285487,16081100,JNJ
2008-12-03,34.4725341796875,34.88750280093316,33.37797727073982,33.72679326954938,18783300,JNJ
2008-12-04,33.78692626953125,34.646935429622516,33.39601218069793,34.532667034393754,17053600,JNJ
2008-12-05,35.01980972290039,35.1040060482542,33.22762325949932,33.594480643550476,16614100,JNJ
2008-12-08,35.344547271728516,35.94595184883295,34.73111432778083,35.524968186024566,16361100,JNJ
2008-12-09,34.767208099365234,35.48287889870662,34.58077180806154,35.45280912118718,13779200,JNJ
2008-12-10,34.76118850708008,35.37462152883861,34.183840590428524,35.37462152883861,13131200,JNJ
2008-12-11,35.03182601928711,35.38665490678602,34.31013987421746,34.52063290920866,15953500,JNJ
2008-12-12,34.430416107177734,34.66496355289199,33.92523611095601,34.40635937064892,14749700,JNJ
2008-12-15,34.767208099365234,35.11602164810931,34.24999966699374,34.71909461999255,12984300,JNJ
2008-12-16,35.843727111816406,35.933938754393786,34.65896115141927,35.152112930706885,17915200,JNJ
2008-12-17,35.35057830810547,35.717435654006266,35.12204610424724,35.51295790190636,15634400,JNJ
2008-12-18,35.47686767578125,36.23463666125082,35.17616529684971,35.813652871911245,18919300,JNJ
2008-12-19,35.386653900146484,36.174494911110976,35.20623294255574,35.813650701752536,23131200,JNJ
2008-12-22,35.44077682495117,35.80763403490532,34.917555412712936,35.59112799006834,14157000,JNJ
2008-12-23,35.29043197631836,36.04820097470094,35.230292417178056,35.5971473986173,10555500,JNJ
2008-12-24,35.2182731628418,35.45883375584977,35.03784985036367,35.362609059811035,3633700,JNJ
2008-12-26,35.2182731628418,35.6873682692584,35.00176702321022,35.38666580736515,4249100,JNJ
2008-12-29,34.971702575683594,35.41072796178118,34.48456368713134,35.23030691593229,9860100,JNJ
2008-12-30,35.58512496948242,35.58512496948242,35.04386196431547,35.17015643610334,10880600,JNJ
2008-12-31,35.9820556640625,36.11436317980026,35.52498666299727,35.59114156795494,11920500,JNJ
2009-01-02,36.4752082824707,36.68569908083724,35.50694602162936,36.16247745762782,11638900,JNJ
2009-01-05,36.11437225341797,36.54738461707742,35.69940360102977,36.336891476219336,15540000,JNJ
2009-01-06,35.89784240722656,36.34889589063831,35.4227344816071,36.282743306846314,22097600,JNJ
2009-01-07,35.561065673828125,35.97603415067601,35.33253121255179,35.6272205674221,14293300,JNJ
2009-01-08,35.49491882324219,36.01814046377159,35.26037127039031,35.87981760681222,17345400,JNJ
2009-01-09,35.512962341308594,35.81366482056468,35.212259862052505,35.5670888793418,14698300,JNJ
2009-01-12,35.08597183227539,35.72947507284712,34.97170569502056,35.53101259296471,15253100,JNJ
2009-01-13,35.386653900146484,35.55504648800759,35.11000827889554,35.242315757567724,15513400,JNJ
2009-01-14,34.85139846801758,35.23629706084366,34.50859801539581,35.21224032524788,16707900,JNJ
2009-01-15,34.652957916259766,35.00177394221373,33.684695430493,34.935619020451554,20383600,JNJ
2009-01-16,34.54470443725586,34.923590252254414,34.05756782643587,34.923590252254414,20746500,JNJ
2009-01-20,34.12971878051758,34.89951610874328,33.97936759646244,33.985380634386765,23153700,JNJ
2009-01-21,33.89515686035156,34.63488409546099,33.13137289543955,34.63488409546099,22306100,JNJ
2009-01-22,34.20188903808594,34.26203089231415,33.4441200282277,33.90118664947634,19146100,JNJ
2009-01-23,33.66062927246094,33.91321820138079,33.137405415394305,33.7688823260487,21334000,JNJ
2009-01-26,34.00944900512695,34.25001189955465,33.55839529870835,33.79895819313605,16347800,JNJ
2009-01-27,34.6048469543457,34.725128422579125,33.98539819590594,34.1898760036493,14771500,JNJ
2009-01-28,35.2182731628418,35.332539272457254,34.82134600490981,35.019808436786946,18096400,JNJ
2009-01-29,35.04987716674805,35.344566579951376,34.670993728000745,34.983722260058876,16159300,JNJ
2009-01-30,34.69504165649414,35.11602547011687,34.4304243736745,34.989731014283215,13858500,JNJ
2009-02-02,34.69504165649414,34.96567427197856,34.23195969092686,34.4304243736745,10933900,JNJ
2009-02-03,35.23029708862305,35.368619928328684,34.41839916751068,34.92357933147701,13181700,JNJ
2009-02-04,34.857425689697266,35.561070580066925,34.683017726919246,35.308479341875056,11429500,JNJ
2009-02-05,34.947635650634766,35.20623991559958,34.274062871603746,34.83938259580403,14781300,JNJ
2009-02-06,35.18819808959961,35.314494856432056,34.76120118061724,35.03784687143589,11458700,JNJ
2009-02-09,35.18218231201172,35.302463736016456,34.857423155452125,35.1581255683753,9357000,JNJ
2009-02-10,34.11768341064453,35.18216985065793,34.03950016860698,34.86943917668423,16612000,JNJ
2009-02-11,34.478538513183594,34.50259296176794,33.99741283466051,34.20790589255867,14692600,JNJ
2009-02-12,34.74916076660156,34.79125890956538,33.726774672706966,34.23195238827273,14424600,JNJ
2009-02-13,34.3402099609375,34.76119374052642,34.1658043287713,34.70706722180532,12563900,JNJ
2009-02-17,33.6666259765625,34.15376448135144,33.516274841104014,33.7207524770946,15246500,JNJ
2009-02-18,33.57642364501953,33.83502554107298,33.329845529248516,33.4982403959745,15517100,JNJ
2009-02-19,33.636558532714844,33.979358961714844,33.45613761653217,33.83502085226285,12199800,JNJ
2009-02-20,33.13932800292969,33.63656932205781,33.07868740718101,33.35762720801831,24427000,JNJ
2009-02-23,32.53293228149414,33.406135943670556,32.490485025824576,32.8482540912675,20500400,JNJ
2009-02-24,33.0726318359375,33.212101767274646,32.64815682440554,33.10901388824988,18848100,JNJ
2009-02-25,32.720924377441406,33.206037701792845,32.4965598986544,32.93922595170025,21016500,JNJ
2009-02-26,31.79920196533203,33.042307662882365,31.714307438576906,33.042307662882365,21284600,JNJ
2009-02-27,30.319597244262695,31.532381134033205,30.283212894816973,31.283760529158318,29873300,JNJ
2009-03-02,29.058300018310547,29.973953123057743,29.009789867037416,29.731395427087215,27902900,JNJ
2009-03-03,28.888517379760742,29.42820594326274,28.70660022432892,29.09469077277071,25987400,JNJ
2009-03-04,29.773853302001953,29.937579458229145,28.736923292432174,28.973415858137304,24253500,JNJ
2009-03-05,28.90671157836914,29.476721658092508,28.749050643187555,29.29480448266687,22344000,JNJ
2009-03-06,29.088638305664062,29.46460087019513,28.506499960954358,28.864271497376766,19202100,JNJ
2009-03-09,28.25787353515625,28.95522543961113,28.04563720590607,28.779371159259554,23304900,JNJ
2009-03-10,28.973407745361328,29.027983115488873,28.45797549331371,28.63989262267159,21883400,JNJ
2009-03-11,29.046188354492188,29.549492695807242,28.84607781092648,29.24023368044531,16569300,JNJ
2009-03-12,29.713205337524414,29.90725057508068,28.700531898602744,28.93702438729934,16337000,JNJ
2009-03-13,30.70769500732422,30.798654745926907,29.864810373987982,30.125559157233297,16509600,JNJ
2009-03-16,30.76226806640625,31.235253119761573,30.713757905827226,31.004825808907583,16547600,JNJ
2009-03-17,30.756210327148438,30.798657592231923,29.99215492924079,30.74408220666709,17325700,JNJ
2009-03-18,30.719823837280273,31.277705774757067,30.4712031676445,30.738014860140698,16730400,JNJ
2009-03-19,30.35599136352539,31.02302179229655,30.01034802875457,31.02302179229655,18963600,JNJ
2009-03-20,31.33228302001953,31.532393550968695,30.859297856979833,30.98057675635485,27591800,JNJ
2009-03-23,32.27824783325195,32.27824783325195,31.332275423326486,31.762815527380962,18822300,JNJ
2009-03-24,31.95685577392578,32.502607133256326,31.72036328689571,32.13270999209747,17093700,JNJ
2009-03-25,32.05388259887695,32.30250323494882,31.53844799312659,32.12664899369745,15822000,JNJ
2009-03-26,32.07814025878906,32.563253434462574,31.683984502378166,32.18729101246586,14574000,JNJ
2009-03-27,32.03568649291992,32.31462622311947,31.865895181023205,31.950789680370754,11293600,JNJ
2009-03-30,32.14485549926758,32.41773250280019,31.750701883678776,31.859852685091823,15743200,JNJ
2009-03-31,31.89621925354004,32.44197299556871,31.781005602757087,32.3570784830758,18517700,JNJ
2009-04-01,32.16305160522461,32.26007429112802,31.45963655412407,31.714320237169282,13730300,JNJ
2009-04-02,32.120582580566406,32.823997155487774,31.932600241857468,32.31462782101356,17418900,JNJ
2009-04-03,31.623350143432617,32.32069969704282,31.380792368923274,32.138782522762,15213700,JNJ
2009-04-06,31.653663635253906,31.859837012814335,31.332274294432032,31.550575789872713,12768700,JNJ
2009-04-07,31.14429473876953,31.532385264216803,31.09578226648762,31.465681771430177,13130100,JNJ
2009-04-08,31.198881149291992,31.453564779253835,31.047283089590092,31.25345654331279,10935000,JNJ
2009-04-09,31.174602508544922,31.568758105887188,30.986620216809182,31.52631086472124,15056300,JNJ
2009-04-13,31.016963958740234,31.26558468427113,30.92600419758386,31.089730379743642,12067200,JNJ
2009-04-14,31.150354385375977,31.811321715319835,31.053331764154944,31.52631906665903,20768400,JNJ
2009-04-15,31.392921447753906,31.58090384440002,31.13823554542039,31.40504956817002,11502500,JNJ
2009-04-16,31.653663635253906,31.726430029333482,31.259507900352457,31.47780939579314,12216300,JNJ
2009-04-17,32.16911697387695,32.36316236053954,31.684003507220496,31.835601610125856,17691800,JNJ
2009-04-20,31.81739044189453,32.43591058789317,31.738558830576526,32.241863010833,15308900,JNJ
2009-04-21,31.81133460998535,32.06602053967814,31.53239475005734,31.865910001119328,12236500,JNJ
2009-04-22,31.03513526916504,31.62333610770103,30.992688024446085,31.59301466444348,13348300,JNJ
2009-04-23,31.16855812072754,31.235259315604324,30.507590570163703,31.156429999876526,14595000,JNJ
2009-04-24,30.877479553222656,31.43536139651331,30.707690533317717,31.386848926139383,14767300,JNJ
2009-04-27,30.841094970703125,31.356527203316702,30.701625099680648,31.12003471274808,13055900,JNJ
2009-04-28,30.713756561279297,31.09578186617228,30.568221459509136,30.79258585791958,12084100,JNJ
2009-04-29,30.94418716430664,30.98057152193249,30.39237046292676,30.956315283515256,18496500,JNJ
2009-04-30,31.750703811645508,31.90230189912418,31.138246242837862,31.211014990333958,20004600,JNJ
2009-05-01,31.890165328979492,31.890165328979496,31.332283311937758,31.85378096486722,12504500,JNJ
2009-05-04,32.59963607788086,32.68453290924067,31.896221381885873,31.902286597869782,15114500,JNJ
2009-05-05,32.96348190307617,32.987738147378735,32.411665067808165,32.59358227367183,13320600,JNJ
2009-05-06,32.87250900268555,33.199961230262055,32.490483717048136,33.199961230262055,16616500,JNJ
2009-05-07,33.28486251831055,33.35156602046385,32.46623409581645,32.672407505561964,15243000,JNJ
2009-05-08,33.339447021484375,33.65477128225381,33.169657924609666,33.39402241879453,13030600,JNJ
2009-05-11,32.811866760253906,33.27272359601216,32.74516327975696,33.08474358355886,13073000,JNJ
2009-05-12,33.351566314697266,33.4546518638783,32.68453591368426,33.03624213741039,11826000,JNJ
2009-05-13,33.44252014160156,33.618372065757264,33.054427313680655,33.16964327556418,10972400,JNJ
2009-05-14,33.36369705200195,33.594126721404926,33.20603379438847,33.54561423807692,11986300,JNJ
2009-05-15,33.600181579589844,33.61837259988071,33.17570670492125,33.35156094507283,16430700,JNJ
2009-05-18,33.988277435302734,34.03072469811195,33.48497318490671,33.836679407212,12879100,JNJ
2009-05-19,33.89125442504883,34.08529971386009,33.77604075769286,34.08529971386009,13350400,JNJ
2009-05-20,33.87912368774414,34.24902321383677,33.836676428671424,34.091362296309846,13729800,JNJ
2009-05-21,33.64053726196289,34.001474187074294,33.310187737216374,33.909709652310575,12492700,JNJ
2009-05-22,33.50594711303711,33.91582337790632,33.42030146567153,33.70782580558898,7425900,JNJ
2009-05-26,33.80571365356445,33.9035947464077,33.10831057534764,33.45701211445604,11389200,JNJ
2009-05-27,33.16949462890625,33.952543534827015,33.13278833631503,33.915837242235796,12480300,JNJ
2009-05-28,33.35912322998047,33.59770819220568,32.94924697870511,33.18783194093032,10890800,JNJ
2009-05-29,33.744537353515625,33.81794758648461,33.0348988783642,33.39583582982643,12505200,JNJ
2009-06-01,34.123836517333984,34.2890113413204,33.811841183361814,34.10548453700325,12454200,JNJ
2009-06-02,34.38689422607422,34.55206905854768,34.02595714778112,34.2890131031644,10277000,JNJ
2009-06-03,34.356292724609375,34.44193838032691,34.05041404923583,34.185001413174305,11191300,JNJ
2009-06-04,34.16053771972656,34.503122748077786,33.934188105930545,34.47865188883779,12219700,JNJ
2009-06-05,34.21559143066406,34.38076620803805,33.732302526533076,34.142181196387604,10215400,JNJ
2009-06-08,34.03205108642578,34.344046207748136,33.744524477643836,34.08710932356129,9891200,JNJ
2009-06-09,34.07487869262695,34.41134470747745,34.04429129739849,34.27675736806978,11173700,JNJ
2009-06-10,34.050418853759766,34.411355834975616,33.78124642157161,34.27065190449071,13263900,JNJ
2009-06-11,34.288997650146484,34.55205348697842,34.019825266869866,34.04429611998656,12778400,JNJ
2009-06-12,34.29512405395508,34.588767354768116,34.087126424170485,34.1850075244415,11882300,JNJ
2009-06-15,33.493717193603516,34.24617850530991,33.365248701434695,34.16053284386403,14810500,JNJ
2009-06-16,33.41419219970703,33.84242289341263,33.39584022246821,33.65277723848985,12606700,JNJ
2009-06-17,33.76900100708008,33.97087968810702,33.37135785710488,33.45088695383367,13061800,JNJ
2009-06-18,34.12995147705078,34.36241764675393,33.65277904026768,33.87301211360301,12103400,JNJ
2009-06-19,34.313480377197266,34.65606543837306,34.20336383373611,34.441948900012015,19334700,JNJ
2009-06-22,33.946407318115234,34.23393160898084,33.879113654188664,34.17887336882897,13237400,JNJ
2009-06-23,33.652774810791016,34.00759523627518,33.591600001961716,33.97700783186053,12447400,JNJ
2009-06-24,33.92805862426758,34.1544105010149,33.67112168353021,33.80570669996313,12467600,JNJ
2009-06-25,34.4235954284668,34.527593085188805,33.72007335725784,33.8363087779115,14239900,JNJ
2009-06-26,34.62547302246094,34.62547302246094,34.04430527352858,34.38688797459698,32295700,JNJ
2009-06-29,34.845703125,34.87017398261232,34.276768520695406,34.631588955065766,13811100,JNJ
2009-06-30,34.74781799316406,35.010873847775834,34.399116480524114,35.010873847775834,15974700,JNJ
2009-07-01,34.913002014160156,34.98029571577745,34.49700670749845,34.76006263181893,15318000,JNJ
2009-07-02,34.246177673339844,34.7049957059414,34.22782569880992,34.7049957059414,15118600,JNJ
2009-07-06,34.637691497802734,34.723337131147886,34.08099254739074,34.3256963572356,12879500,JNJ
2009-07-07,34.39912414550781,34.69276746717941,34.337949328619025,34.63159265029062,9678600,JNJ
2009-07-08,34.91911315917969,35.004758820926845,34.399117974234514,34.5337053476482,15414200,JNJ
2009-07-09,34.68053436279297,35.02311942788556,34.43583274515811,34.931354862728845,11324800,JNJ
2009-07-10,34.827354431152344,35.102645771063976,34.41135914721247,34.4664174151948,13661800,JNJ
2009-07-13,35.310646057128906,35.39629173958805,34.72947592572348,34.81512160818263,13564900,JNJ
2009-07-14,35.62261962890625,35.91626278964046,35.139330905884606,35.48191576024205,20433700,JNJ
2009-07-15,36.06922149658203,36.093692356565505,35.61652225523605,35.76334274779758,12986200,JNJ
2009-07-16,36.246639251708984,36.52193064946865,35.983583286479764,36.0569935479923,11596000,JNJ
2009-07-17,36.234397888183594,36.436278991386004,35.93463800809911,36.436278991386004,11311000,JNJ
2009-07-20,36.13039016723633,36.37509170863402,35.93462800065053,36.37509170863402,9226300,JNJ
2009-07-21,36.3934440612793,36.64426446959887,35.983565442609354,36.29556298324407,11222600,JNJ
2009-07-22,36.209922790527344,36.60756606830873,36.06310230871262,36.36898103510769,9358600,JNJ
2009-07-23,36.84003829956055,36.91956509626724,36.15486820252791,36.25274931157975,12494700,JNJ
2009-07-24,37.62919235229492,37.696486032001296,36.84002716995668,36.86449568957526,11413300,JNJ
2009-07-27,37.48239517211914,37.739332290159915,37.08475172714694,37.61698261509505,7937700,JNJ
2009-07-28,37.26826095581055,37.66590421280721,37.072498767843705,37.33555464548716,9025500,JNJ
2009-07-29,37.41508483886719,37.58637617484346,37.12755809604751,37.15814783490278,10522700,JNJ
2009-07-30,37.80049133300781,38.21648656300271,37.63531655048019,37.720962215419846,12636500,JNJ
2009-07-31,37.24992752075195,38.032976662374466,37.18263379758054,37.82498127609269,13230900,JNJ
2009-08-03,37.37838363647461,37.433441906765665,36.968507217162085,37.4150899278919,11178800,JNJ
2009-08-04,37.35390090942383,37.408959158784945,37.11531360641306,37.408959158784945,8906600,JNJ
2009-08-05,36.98074722290039,37.457917402012,36.88286610068083,37.433446538039604,8575200,JNJ
2009-08-06,36.66261672973633,37.1153158440706,36.52191282481248,37.1153158440706,10835400,JNJ
2009-08-07,36.64425277709961,36.96848330707244,36.613663053868166,36.680956711108166,9974900,JNJ
2009-08-10,37.145912170410156,37.145912170410156,36.43015475852173,36.75438778570888,9519100,JNJ
2009-08-11,36.84003829956055,37.2682666931188,36.797215460204725,37.12144619637589,8302200,JNJ
2009-08-12,37.06638717651367,37.347795067633754,36.72380213493074,36.864506080490784,8219600,JNJ
2009-08-13,36.90119552612305,37.12754504533745,36.736020795776774,37.12754504533745,8338200,JNJ
2009-08-14,36.75437927246094,37.13366814057869,36.485204570074444,36.96237451169578,8961000,JNJ
2009-08-17,36.595314025878906,36.82778240583193,36.45461015565346,36.46072670059004,12926100,JNJ
2009-08-18,36.58308410644531,36.67484862997933,36.39955739304607,36.67484862997933,8803000,JNJ
2009-08-19,36.93179702758789,37.00520960267376,36.50968522235691,36.564743486836555,10498900,JNJ
2009-08-20,37.286624908447266,37.433445420558634,36.81557129255586,37.04192094336836,9955000,JNJ
2009-08-21,37.63813018798828,37.87864875417583,37.37911091750383,37.675133949164035,12594000,JNJ
2009-08-24,37.79232406616211,37.79232406616211,37.42846183688903,37.7306534588614,10500700,JNJ
2009-08-25,37.70597839355469,37.921830190604496,37.52713036666321,37.63197320582054,10808100,JNJ
2009-08-26,37.39144515991211,37.83547852701863,37.317437638242765,37.779974062057576,10865500,JNJ
2009-08-27,37.305110931396484,37.45312129150212,36.972084092285414,37.35444693390428,11027900,JNJ
2009-08-28,37.18177032470703,37.46545883107149,37.039926071524796,37.46545883107149,10897800,JNJ
2009-08-31,37.27427291870117,37.36678115729933,36.97824984880219,37.027588203409806,10181300,JNJ
2009-09-01,36.96591567993164,37.46545593938641,36.768566964424586,37.21876886871146,11890800,JNJ
2009-09-02,36.85490798950195,37.01525529668042,36.67606232737844,36.799403514337456,8587000,JNJ
2009-09-03,36.81174087524414,36.90424912501104,36.55888765880813,36.90424912501104,8722700,JNJ
2009-09-04,37.200260162353516,37.218760865271996,36.77472752715619,36.83023198849338,7425300,JNJ
2009-09-08,37.35445022583008,37.47779377184281,36.99675653023386,37.47779377184281,8792600,JNJ
2009-09-09,37.5703010559082,37.69981307793005,37.40995608697134,37.483961276282,9303100,JNJ
2009-09-10,37.40996551513672,37.65048420544949,37.26195274663024,37.64431808502899,8825300,JNJ
2009-09-11,37.26194381713867,37.55180081168634,37.14476873656407,37.43462573111174,8480200,JNJ
2009-09-14,37.21261215209961,37.45313081285272,37.132438480987624,37.21261215209961,6654400,JNJ
2009-09-15,37.095436096191406,37.32978627862373,36.8857527443532,37.32978627862373,8321100,JNJ
2009-09-16,37.12009811401367,37.21877248134501,36.842578073294746,37.194105653949045,10831200,JNJ
2009-09-17,37.477787017822266,37.5579606611695,37.10775644646874,37.126259504214744,12261500,JNJ
2009-09-18,37.48397445678711,37.77383154966839,37.44080455179416,37.644321834689535,14463600,JNJ
2009-09-21,37.41613006591797,37.55180823530849,37.26195118345894,37.28045424911049,7237900,JNJ
2009-09-22,37.668975830078125,37.72447795475347,37.21877154088594,37.53946381475503,9997200,JNJ
2009-09-23,37.477787017822266,37.792310768519826,37.434617137385,37.71830559528193,11175400,JNJ
2009-09-24,37.446964263916016,37.61964384348584,37.3667905937231,37.55180476505974,9290700,JNJ
2009-09-25,37.385284423828125,37.594967740103435,37.305113120974625,37.354449126378135,7883600,JNJ
2009-09-28,37.786170959472656,37.95268447962885,37.28046427718362,37.43464320111524,8721100,JNJ
2009-09-29,37.57646942138672,37.8786586492262,37.545634121976114,37.7923188698435,7556800,JNJ
2009-09-30,37.55181884765625,37.67516245899766,37.20645955900076,37.63199254791572,11039300,JNJ
2009-10-01,36.885746002197266,37.576466536818124,36.8610768235295,37.576466536818124,12207800,JNJ
2009-10-02,36.8364143371582,37.126271357708625,36.64523169662326,36.891918822953336,9125400,JNJ
2009-10-05,36.891902923583984,36.95974197171718,36.657550489827976,36.87956833732506,7113800,JNJ
2009-10-06,37.18177032470703,37.335949167633245,36.595890251070905,37.05226066126879,11766000,JNJ
2009-10-07,37.4407844543457,37.4777882184411,36.97824798977275,37.10775763523347,7271500,JNJ
2009-10-08,37.5826301574707,37.792313457046525,37.545628744510516,37.66280380652145,9221000,JNJ
2009-10-09,38.07601547241211,38.07601547241211,37.50246987722999,37.50246987722999,9247900,JNJ
2009-10-12,38.5632209777832,38.692733025836304,38.156188825889366,38.16852341868409,12697200,JNJ
2009-10-13,37.62580490112305,37.86632587934351,37.39145474683005,37.57030042193102,23501200,JNJ
2009-10-14,37.34210205078125,37.76763701208493,37.089248932106116,37.74913395773589,18951100,JNJ
2009-10-15,37.5826301574707,37.5826301574707,37.18176661738136,37.268106384398074,14076600,JNJ
2009-10-16,37.28660583496094,37.440784657321096,37.157096188798114,37.354444893212545,13911200,JNJ
2009-10-19,37.71831512451172,37.909497752307566,37.261944676985316,37.37912211284645,11443300,JNJ
2009-10-20,37.36679458618164,37.983510124918695,37.317456213842796,37.810830526898904,15725600,JNJ
2009-10-21,37.1941032409668,37.66897433812345,37.175600180892104,37.37294890275171,12529900,JNJ
2009-10-22,37.5826301574707,37.76764663260047,37.02758778982803,37.09542685036465,9926600,JNJ
2009-10-23,37.335960388183594,37.65048428714046,37.076938630881045,37.533309178231654,10743900,JNJ
2009-10-26,37.05842590332031,37.576466897402675,36.97825224817191,37.42845417655812,11809200,JNJ
2009-10-27,37.0152587890625,37.24961130104396,36.965920427557954,37.18793834916328,10269600,JNJ
2009-10-28,36.737735748291016,37.06459415353652,36.69456585901642,37.01525814547235,13837000,JNJ
2009-10-29,36.91659164428711,37.015266034027086,36.70073979933008,36.891922458706354,13954500,JNJ
2009-10-30,36.41704177856445,36.928916659992616,36.25052834795225,36.824073824755715,20966900,JNJ
2009-11-02,36.68839645385742,36.92274658818969,36.33070042895716,36.478713145056446,12297500,JNJ
2009-11-03,36.343040466308594,37.02759496979959,36.262866801711475,37.02759496979959,17177000,JNJ
2009-11-04,36.706886291503906,37.03991303967465,36.36769342692183,36.46636775757446,13928700,JNJ
2009-11-05,36.9906005859375,37.126278767757384,36.80558638055428,36.88576006550087,9190300,JNJ
2009-11-06,37.18793487548828,37.21260405393624,36.73773295543359,36.965916974621344,8518500,JNJ
2009-11-09,37.4654655456543,37.4654655456543,37.181776988447005,37.261948307277635,11773800,JNJ
2009-11-10,37.76146697998047,37.86014130629149,37.37293579087641,37.45927788490738,11776500,JNJ
2009-11-11,37.53946304321289,37.662806584870935,37.40378726471319,37.55796610364014,11179500,JNJ
2009-11-12,37.71215057373047,37.884830146286745,37.38528978664257,37.39762437790841,13683100,JNJ
2009-11-13,37.884822845458984,37.97733108583404,37.644304243582575,37.6751395395135,9950500,JNJ
2009-11-16,38.353538513183594,38.452212905293784,37.87250114571932,37.89717033189264,13767500,JNJ
2009-11-17,38.3411865234375,38.50769992568015,38.1068364188726,38.211676883665,11421400,JNJ
2009-11-18,38.43369674682617,38.538539569638644,38.20551274787969,38.27951792407652,11522100,JNJ
2009-11-19,38.50154495239258,38.538548725573364,38.01433919213431,38.38436986619412,13298200,JNJ
2009-11-20,38.731529235839844,38.92422188933189,38.364788621885964,38.426947083426626,16300200,JNJ
2009-11-23,38.967742919921875,39.22259646915062,38.79991218684042,38.84342596610797,13868100,JNJ
2009-11-24,39.27233123779297,39.4090827536277,38.94288699094849,39.116932650233224,9681200,JNJ
2009-11-25,39.34691619873047,39.43393901577255,39.11692698637727,39.39664487772247,7186700,JNJ
2009-11-27,39.09204864501953,39.216367926777345,38.54504522800102,38.862059515043086,6081200,JNJ
2009-11-30,39.06098937988281,39.14801221022923,38.688033715199786,39.0236928649368,10815400,JNJ
2009-12-01,39.47743606567383,39.57067611927386,39.12934492411222,39.12934492411222,12302300,JNJ
2009-12-02,39.70743179321289,39.931203677530426,39.4339288715026,39.477440268830456,10896100,JNJ
2009-12-03,39.8814811706543,40.23578963073681,39.701215934873396,39.813105437797425,12520100,JNJ
2009-12-04,40.00578689575195,40.57765219006937,39.881470003034416,40.24199088886946,14992400,JNJ
2009-12-07,40.01200866699219,40.254429954748986,39.90012155399782,40.080384388399075,9106500,JNJ
2009-12-08,39.93741989135742,40.17984120469225,39.73850997420098,40.09281841233546,11073800,JNJ
2009-12-09,40.018226623535156,40.03066116132536,39.800669636073096,40.03066116132536,8911600,JNJ
2009-12-10,40.26064682006836,40.40361554634395,40.024442774902724,40.186058564956326,8841900,JNJ
2009-12-11,40.31037521362305,40.503072603600074,40.22956969033363,40.24199948530644,7194100,JNJ
2009-12-14,40.378746032714844,40.6584661806527,40.31037031271131,40.52792726618349,8172500,JNJ
2009-12-15,40.24201583862305,40.27931472347172,40.0617529127511,40.23580330980528,10717800,JNJ
2009-12-16,40.27930450439453,40.453350114903984,40.248222898637614,40.37253983689087,13333300,JNJ
2009-12-17,40.07417297363281,40.26686562989571,39.9125571773938,40.05552590914114,10088900,JNJ
2009-12-18,40.01200866699219,40.24821268669763,39.72607361645491,40.24821268669763,22171000,JNJ
2009-12-21,39.98715591430664,40.4036228889894,39.9249974429549,40.17984859821324,11125400,JNJ
2009-12-22,40.11148452758789,40.28553019496692,39.974733005393304,39.974733005393304,7124600,JNJ
2009-12-23,40.1363410949707,40.304169458170755,40.11769402599157,40.11769402599157,6360400,JNJ
2009-12-24,40.217140197753906,40.30416300063897,40.10525305941781,40.21092767068146,2433900,JNJ
2009-12-28,40.3663330078125,40.39740987556906,40.26065837875413,40.34146866817452,5693500,JNJ
2009-12-29,40.3663330078125,40.65226580006741,40.35389846679957,40.45956835347006,6661900,JNJ
2009-12-30,40.34768295288086,40.42227122388725,40.1114741149939,40.26687266944057,5602100,JNJ
2009-12-31,40.036888122558594,40.47821947321761,39.9871594441325,40.47821947321761,6962300,JNJ
2010-01-04,40.2047119140625,40.39740459307485,40.036883571436775,40.22335898075566,9506200,JNJ
2010-01-05,39.7385139465332,40.167415424870036,39.67013821107698,40.14255108994169,10673100,JNJ
2010-01-06,40.06173324584961,40.117679174463724,39.67634798324919,39.71985937555524,13171500,JNJ
2010-01-07,39.775814056396484,39.99958597746619,39.620415505790646,39.937427505701336,10901600,JNJ
2010-01-08,39.912567138671875,39.943648748839735,39.55204369842532,39.73230423295163,7898000,JNJ
2010-01-11,39.91877746582031,40.248221609790335,39.78824326211825,40.248221609790335,7975700,JNJ
2010-01-12,40.1301155090332,40.22957284616352,39.794454109798664,39.86282984347905,10820700,JNJ
2010-01-13,40.38497543334961,40.54659125121941,40.11768974095958,40.11768974095958,13023800,JNJ
2010-01-14,40.46576690673828,40.57143674453172,40.24820996352071,40.5279253558882,7899000,JNJ
2010-01-15,40.1301155090332,40.52793537278077,39.76959214670951,40.490641242550325,20995000,JNJ
2010-01-19,40.62116241455078,40.86980093525755,39.850387268506594,39.86903432764217,15181800,JNJ
2010-01-20,40.496856689453125,40.994129125568044,40.07417251044279,40.69576661237642,13033000,JNJ
2010-01-21,39.763389587402344,40.69578107158134,39.65771731950775,40.447142393989274,14473900,JNJ
2010-01-22,39.28475570678711,39.900135036191855,39.21637996227616,39.7260870398384,14017200,JNJ
2010-01-25,39.29719161987305,39.59555659337032,39.19151935796279,39.57690715233084,10001700,JNJ
2010-01-26,39.0298957824707,39.16664487792579,38.67558731996632,38.93665571499337,15630300,JNJ
2010-01-27,39.43394088745117,39.60798890099021,38.973962440912516,39.023688751070786,14982400,JNJ
2010-01-28,39.6577033996582,39.82553409244517,39.1852929234823,39.514737040141895,17096000,JNJ
2010-01-29,39.07341766357422,39.94986315125016,39.048553322750976,39.750955538246345,17844400,JNJ
2010-02-01,39.21637725830078,39.32204713166353,39.01746730863496,39.32204713166353,10153400,JNJ
2010-02-02,39.775814056396484,39.906345898625204,38.93044556170972,39.28475406739554,13609300,JNJ
2010-02-03,39.55203628540039,39.70121755299254,39.34069418031694,39.70121755299254,9255900,JNJ
2010-02-04,38.9366569519043,39.54581893084558,38.924224784432816,39.46501339907123,18397000,JNJ
2010-02-05,38.9366569519043,39.533386763374104,38.47046134209472,38.96773618498624,16775200,JNJ
2010-02-08,38.76883316040039,39.14800603671052,38.70045741271248,38.84964107777646,10081200,JNJ
2010-02-09,39.0112419128418,39.452575494726766,38.830981438701166,38.880707730162776,11356400,JNJ
2010-02-10,38.992610931396484,39.20395309245531,38.669381604412756,39.0299074437695,10115800,JNJ
2010-02-11,39.104496002197266,39.29097381168305,38.7004587723164,38.92423309217694,8353600,JNJ
2010-02-12,38.98640060424805,39.160446273347375,38.60722764982929,38.91802484247491,12335800,JNJ
2010-02-16,39.53960418701172,39.60176265341818,39.04854424034282,39.31582991403888,10212400,JNJ
2010-02-17,39.769588470458984,40.00579488192201,39.5395993275886,39.55203149358067,9485500,JNJ
2010-02-18,40.11148452758789,40.21715443386962,39.750961020703585,39.7696080932958,8260600,JNJ
2010-02-19,39.96741485595703,40.37454113113516,39.84840676575337,40.18037406073863,14222300,JNJ
2010-02-22,39.766971588134766,40.14904316791651,39.70433514029959,39.96740344253496,9839700,JNJ
2010-02-23,39.654258728027344,39.99248624791702,39.60414953139894,39.81084638348408,12481400,JNJ
2010-02-24,39.74192810058594,39.992466793841004,39.61665755928998,39.8045621765655,8519300,JNJ
2010-02-25,39.635440826416016,39.67928515030339,39.15941571449456,39.32853055920435,10528900,JNJ
2010-02-26,39.46006393432617,39.8296106603957,39.46006393432617,39.74818446262811,9357800,JNJ
2010-03-01,39.704341888427734,39.74818621469602,39.56654406910649,39.62918052758732,9219400,JNJ
2010-03-02,39.73566818237305,39.860938739189194,39.472602163462554,39.65424435137911,9014000,JNJ
2010-03-03,39.71060562133789,39.92982724656481,39.59786238855361,39.82961130512729,9360400,JNJ
2010-03-04,39.81707000732422,39.898496177766575,39.6917995272596,39.79201543344416,8067200,JNJ
2010-03-05,40.11148452758789,40.13027427703215,39.804571747086236,39.87347068083175,10633600,JNJ
2010-03-08,40.21168899536133,40.34322676898106,40.0989457455971,40.13653001463434,33380500,JNJ
2010-03-09,40.25552749633789,40.430909576203675,40.14278426290356,40.430909576203675,8827100,JNJ
2010-03-10,40.26806640625,40.437178905824354,40.180377735556014,40.393334570477364,8436600,JNJ
2010-03-11,40.22422790527344,40.22422790527344,39.835888893962874,40.18038356356699,9957800,JNJ
2010-03-12,40.199161529541016,40.24927069928134,39.992464788367236,40.24927069928134,8223000,JNJ
2010-03-15,40.44343185424805,40.44343185424805,40.13025675710235,40.17410107955584,7444700,JNJ
2010-03-16,40.418392181396484,40.53740029138338,40.230489921004796,40.52487060681923,8882000,JNJ
2010-03-17,40.49354934692383,40.5499185822433,40.38707093887123,40.53739367839689,8060700,JNJ
2010-03-18,40.75035095214844,40.80672496677475,40.3181724738244,40.44970546972074,11742100,JNJ
2010-03-19,40.78166198730469,41.019673343466955,40.59375501545309,40.78166198730469,23117600,JNJ
2010-03-22,40.77540969848633,40.98837131738213,40.700250709548975,40.75661995125199,8803800,JNJ
2010-03-23,40.93824768066406,40.957037421262356,40.63133743398918,40.825504458401696,9453900,JNJ
2010-03-24,40.556175231933594,40.90692981287233,40.556175231933594,40.90692981287233,9312500,JNJ
2010-03-25,40.44343185424805,40.8693501775131,40.41837727303566,40.737817210152635,10496600,JNJ
2010-03-26,40.324424743652344,40.53738629966741,40.29311010039942,40.51233171786136,9450400,JNJ
2010-03-29,40.600013732910156,40.668912626954096,40.33694783492715,40.37452731216127,7812900,JNJ
2010-03-30,40.650123596191406,40.700232752490855,40.43716207125483,40.68143823487444,8311600,JNJ
2010-03-31,40.8380241394043,40.90692303190658,40.5248490930019,40.61253772370081,11939100,JNJ
2010-04-01,41.19505310058594,41.19505310058594,40.86308823863118,40.94451682802067,10600600,JNJ
2010-04-05,40.96331787109375,41.270228234724335,40.95078818680509,41.19506446501557,8617600,JNJ
2010-04-06,40.90693283081055,40.99462148251452,40.71276578470504,40.794189595952126,8260100,JNJ
2010-04-07,40.850563049316406,41.01967550997651,40.76287439880034,40.86308795138739,9409400,JNJ
2010-04-08,40.66893005371094,40.83178248929501,40.568711699913315,40.83178248929501,8962600,JNJ
2010-04-09,40.80045700073242,40.819246744610915,40.574970516843685,40.6376045893298,6972700,JNJ
2010-04-12,40.78166198730469,40.844296051697626,40.66891875992829,40.78166198730469,8692200,JNJ
2010-04-13,41.13868713378906,41.2451655359368,40.65639951433117,40.75034823465361,12481600,JNJ
2010-04-14,41.01966857910156,41.08856747553313,40.8255015684338,40.982089100565155,10501900,JNJ
2010-04-15,41.0322151184082,41.05100486539737,40.794198913414306,40.8944172689221,8656900,JNJ
2010-04-16,40.725311279296875,41.11991519016546,40.64388742687862,40.92574326720572,15742500,JNJ
2010-04-19,41.35791778564453,41.40176212423428,40.7503571089905,40.7503571089905,14626300,JNJ
2010-04-20,41.33283996582031,41.464372907666984,41.1699923875369,41.357894542172794,11916400,JNJ
2010-04-21,40.9570426940918,41.32659182856705,40.75661080411862,41.32659182856705,13355700,JNJ
2010-04-22,40.5749626159668,40.86308311623797,40.29310695532635,40.825503635798576,19583000,JNJ
2010-04-23,40.737823486328125,40.737823486328125,40.29311535330907,40.53112674348627,11674900,JNJ
2010-04-26,40.56245422363281,40.838045156803524,40.53739963358558,40.70651214306137,9281500,JNJ
2010-04-27,40.26177978515625,40.637588853221665,40.21793547352648,40.44342187010004,11862200,JNJ
2010-04-28,40.47475051879883,40.62507322459027,40.24299923092117,40.355742454932916,12476600,JNJ
2010-04-29,40.719024658203125,40.92571657626069,40.61880634027134,40.61880634027134,7930100,JNJ
2010-04-30,40.27432632446289,40.925726433219474,40.27432632446289,40.79419344325861,14255900,JNJ
2010-05-03,40.919464111328125,41.101106262293634,40.424646826699316,40.812985712764196,15310500,JNJ
2010-05-04,40.52485656738281,40.88814083509481,40.343219212199664,40.756607864786574,14895700,JNJ
2010-05-05,40.80045700073242,40.8944104987983,40.36201371465622,40.44970237187146,13143700,JNJ
2010-05-06,39.71060562133789,40.7753991031104,37.5998036214717,40.737819618406654,24410000,JNJ
2010-05-07,39.654258728027344,39.83589859246028,38.89011020481027,39.62293928546559,20467100,JNJ
2010-05-10,40.556175231933594,40.93824923417304,40.08641258445946,40.65639355715767,18445400,JNJ
2010-05-11,40.506080627441406,40.769146657692914,40.19917025881465,40.23048969137175,10879000,JNJ
2010-05-12,40.650123596191406,40.74407706958483,40.393317754160854,40.61880417883621,11036800,JNJ
2010-05-13,40.506080627441406,40.812995774742646,40.40586704487275,40.61255905225637,12337000,JNJ
2010-05-14,40.06764221191406,40.58124943028413,39.71688507208235,40.53114024344923,12505100,JNJ
2010-05-17,40.011260986328125,40.23674510505579,39.585342557614275,40.12400185102347,10260800,JNJ
2010-05-18,39.441280364990234,39.81082714889526,39.366116606362986,39.735663390268,18480900,JNJ
2010-05-19,38.97151565551758,39.435013530270886,38.86503486418016,39.26589866591385,18863200,JNJ
2010-05-20,37.92550277709961,38.73349507967174,37.92550277709961,38.720967789398955,24098700,JNJ
2010-05-21,38.13220977783203,38.18231656311507,37.27410808249168,37.44322296282875,21813000,JNJ
2010-05-24,37.93802261352539,38.48921133055183,37.71253621159021,37.9693396383862,13993300,JNJ
2010-05-25,37.80024719238281,37.83782907804359,37.04862859386519,37.399383302683475,21179000,JNJ
2010-05-26,37.36805725097656,38.10088831400595,37.361794799544754,38.10088831400595,18914100,JNJ
2010-05-27,37.3111686706543,37.85475038322832,37.108906044277084,37.7599411333919,29926600,JNJ
2010-05-28,36.849754333496094,37.368052578834764,36.78022610843545,37.11522551907669,26815900,JNJ
2010-06-01,37.1405029296875,37.55135017723345,36.37569735062901,36.79286424931185,19508400,JNJ
2010-06-02,37.75361633300781,37.75361633300781,37.0962616393579,37.336449394953156,15581800,JNJ
2010-06-03,37.778907775878906,38.019095582422516,37.63985129664402,37.85475566857019,14254200,JNJ
2010-06-04,36.66645431518555,37.31116731756771,36.50843649336131,37.26692252034977,21785400,JNJ
2010-06-07,36.66012954711914,37.00776822438563,36.66012954711914,36.76758049360721,13843300,JNJ
2010-06-08,37.06466293334961,37.10890773418695,36.57796771297801,36.7549493274882,14941500,JNJ
2010-06-09,36.76759338378906,37.254288667054524,36.62221724637124,37.16579905394464,13173000,JNJ
2010-06-10,36.976173400878906,37.37437902032109,36.88136173538669,37.115229867291276,16995200,JNJ
2010-06-11,36.95088577270508,36.96352748741259,36.62220842379141,36.76758452618698,14713000,JNJ
2010-06-14,36.92560958862305,37.35541832837089,36.90032856540807,37.10259121809399,10524000,JNJ
2010-06-15,37.380699157714844,37.39334087402185,37.00777696572115,37.24796475323256,11103200,JNJ
2010-06-16,37.44390106201172,37.658805378585996,37.15314646112153,37.45022071345784,8636300,JNJ
2010-06-17,37.405982971191406,37.57032046253405,37.07098592470783,37.469189142209146,11723100,JNJ
2010-06-18,37.405982971191406,37.47551120600744,37.197398266743306,37.405982971191406,16838200,JNJ
2010-06-21,37.37437438964844,37.797860977746,37.24163759217321,37.608240081416334,12143600,JNJ
2010-06-22,37.39334487915039,37.981171489002456,37.36806144382832,37.4502314030445,13823800,JNJ
2010-06-23,37.44390106201172,37.55767166616477,37.10890166751745,37.39333420580111,12659500,JNJ
2010-06-24,37.67144012451172,37.88634441508986,37.311159756654256,37.311159756654256,18216100,JNJ
2010-06-25,37.10258483886719,37.84210708350776,37.058340041896926,37.83578743158084,45006900,JNJ
2010-06-28,37.57664489746094,37.791549268107175,37.172119590635326,37.298531940647564,15834300,JNJ
2010-06-29,37.44390106201172,37.55767166616477,37.089940302018675,37.27956119048764,20236500,JNJ
2010-06-30,37.33012771606445,37.67776641037192,37.25427743242034,37.317486002123765,15802100,JNJ
2010-07-01,37.33645248413086,37.45022551402836,37.07098368847717,37.33645248413086,17973500,JNJ
2010-07-02,37.342777252197266,37.665132586147145,37.19739871700714,37.55767920072325,10534400,JNJ
2010-07-06,37.342777252197266,37.671452238861065,37.083625678869325,37.608246067078234,15461100,JNJ
2010-07-07,38.309852600097656,38.36673912946422,37.31750057427303,37.50080188124989,17280000,JNJ
2010-07-08,38.796531677246094,39.01775563703649,38.32879791934028,38.512099149543936,15895900,JNJ
2010-07-09,38.265602111816406,38.6005991732902,38.16447078696615,38.53739299944416,12174000,JNJ
2010-07-12,38.057010650634766,38.265595327435,37.962201406675106,38.22767018315481,10797200,JNJ
2010-07-13,38.24032974243164,38.53108208410852,38.202404580454,38.29721627981726,10924500,JNJ
2010-07-14,38.31615447998047,38.354079619019366,37.9558740981717,38.0254023141629,9668500,JNJ
2010-07-15,38.08860778808594,38.398323723473816,37.86106419139545,38.31615379593659,12839300,JNJ
2010-07-16,37.5703239440918,38.04437750413692,37.45023124356502,37.92428480361015,17569900,JNJ
2010-07-19,37.652488708496094,37.79154517183026,37.5260739610251,37.74730037188953,10277500,JNJ
2010-07-20,37.0267333984375,37.146826062782445,36.6601309317629,36.944563464327615,22304800,JNJ
2010-07-21,36.103912353515625,37.1657923413685,35.94589452688467,37.1657923413685,25707600,JNJ
2010-07-22,36.040706634521484,36.41994845867714,35.93957532066926,36.29985577696535,17972900,JNJ
2010-07-23,36.4262580871582,36.4325777372338,36.02805261991854,36.205031755953996,15076600,JNJ
2010-07-26,36.495811462402344,36.666468654892654,36.3314715131843,36.43892492785172,11775200,JNJ
2010-07-27,36.72333908081055,36.93824340471641,36.41994516667766,36.6285298389218,16964000,JNJ
2010-07-28,36.55268478393555,36.81815357510276,36.43891175596083,36.74862534565592,13502100,JNJ
2010-07-29,36.55268478393555,36.83079529056225,36.476834491178614,36.72334191473694,13031000,JNJ
2010-07-30,36.71702575683594,36.88768531503917,36.19872742947542,36.42627350707973,12978000,JNJ
2010-08-02,37.115234375,37.21636570526589,36.91929136772684,36.97617789169898,11455600,JNJ
2010-08-03,37.51343536376953,37.671453208454594,37.108910067161524,37.13419350098977,10855100,JNJ
2010-08-04,37.75994110107422,37.880033781895186,37.43758338288845,37.526072980457656,10508800,JNJ
2010-08-05,37.7725830078125,37.854752958856785,37.61456516950626,37.62720688591006,9796700,JNJ
2010-08-06,37.89899826049805,37.92428169363909,37.4502281724686,37.620887729429285,8524100,JNJ
2010-08-09,37.955875396728516,38.08229012002289,37.79153794425803,37.924272318694996,6674700,JNJ
2010-08-10,37.56399154663086,37.80417927735763,37.22899458275741,37.551349833312585,13550800,JNJ
2010-08-11,36.976173400878906,37.260605986194754,36.84975865060955,37.241642206399824,11470100,JNJ
2010-08-12,36.98880386352539,37.10889651360577,36.72333272761077,36.75493821393304,8240500,JNJ
2010-08-13,36.75495910644531,36.969863515329834,36.69807257435348,36.969863515329834,8546700,JNJ
2010-08-16,36.66645431518555,36.72966289061161,36.32513765252725,36.653815011260946,8751200,JNJ
2010-08-17,37.4312629699707,37.59560044623637,36.97617086468015,37.24796171521083,13479100,JNJ
2010-08-18,37.51343536376953,37.810509683348954,37.31117271546553,37.58296360121671,10534900,JNJ
2010-08-19,37.115234375,37.40598664811931,36.91297171446821,37.39966458369957,11949700,JNJ
2010-08-20,37.12787628173828,37.235327265809964,36.96985842669561,37.10259284625278,11286200,JNJ
2010-08-23,37.210044860839844,37.51343886158481,37.17212211772246,37.27957310476995,8842900,JNJ
2010-08-24,36.66645431518555,37.09626298344032,36.57164506878737,36.97617030687172,14930400,JNJ
2010-08-25,36.64750671386719,36.78656322087705,36.55901708619237,36.66014843370095,11675000,JNJ
2010-08-26,36.533721923828125,36.799193132831455,36.52108020805075,36.786551417054085,12834100,JNJ
2010-08-27,36.75065994262695,36.92931064379937,36.36146227948369,36.65495655683111,11674800,JNJ
2010-08-30,36.55923843383789,36.87825448026562,36.533716565987845,36.75064757491467,9240100,JNJ
2010-08-31,36.380592346191406,36.6485646725309,36.367831411522936,36.527339444029614,14563100,JNJ
2010-09-01,37.190895080566406,37.23555713692238,36.64856628583029,36.795313390128435,11603700,JNJ
2010-09-02,37.39508056640625,37.50992659684354,37.197289639786355,37.337657551187604,8079700,JNJ
2010-09-03,37.5992431640625,37.64390522979262,37.324889083777435,37.548199412428055,7533400,JNJ
2010-09-07,37.452484130859375,37.62475308704826,37.407822079317725,37.51628636623336,5625100,JNJ
2010-09-08,37.548213958740234,37.663060010509476,37.273859772169374,37.273859772169374,8412500,JNJ
2010-09-09,38.16709518432617,38.30108139439937,37.80979619023071,37.89274107766185,14077700,JNJ
2010-09-10,38.2691650390625,38.28192597312146,38.13517888229241,38.24364317094459,8358800,JNJ
2010-09-13,38.4860954284668,38.52437823002516,38.23088161920962,38.32020815617912,10706600,JNJ
2010-09-14,38.6519775390625,38.90080961554507,38.441425822716454,38.55627177092361,9912900,JNJ
2010-09-15,38.95187759399414,39.01568229443396,38.600960260226714,38.709424600123725,9111500,JNJ
2010-09-16,39.105010986328125,39.16881326028323,38.766852119443975,38.80513494415748,10496300,JNJ
2010-09-17,39.283634185791016,39.37933996943799,39.00290095240529,39.29639511920389,12240600,JNJ
2010-09-20,39.61541748046875,39.70474159472715,39.24535765408445,39.33468420224242,10991500,JNJ
2010-09-21,39.51971435546875,39.70474428118016,39.43039023516661,39.46867304411027,9449200,JNJ
2010-09-22,39.53885269165039,39.877008948687426,39.494190636339816,39.54523194216641,9353300,JNJ
2010-09-23,39.436767578125,39.55799280891626,39.28363879311021,39.32192159783877,8393800,JNJ
2010-09-24,39.64730453491211,39.813194203018135,39.44951619034555,39.54521952142329,12636900,JNJ
2010-09-27,39.5771369934082,39.762166917443444,39.513334746313156,39.6983646703484,7687600,JNJ
2010-09-28,39.83234405517578,39.94080834351599,39.360199231949615,39.53246819040108,12132800,JNJ
2010-09-29,39.75578689575195,39.908913259372085,39.640940906087025,39.75578689575195,9590000,JNJ
2010-09-30,39.532474517822266,40.0046194166182,39.2708814132447,39.87063323878816,12845600,JNJ
2010-10-01,39.398475646972656,39.71749164411413,39.28362969328981,39.61540662238482,9773200,JNJ
2010-10-04,39.34744644165039,39.54523730908305,39.11137519812739,39.26450400418813,8703600,JNJ
2010-10-05,40.06842803955078,40.15775217231923,39.564381937328754,39.60904643761305,12439400,JNJ
2010-10-06,40.330013275146484,40.3619143971779,39.87701101416152,40.125843173465945,11339800,JNJ
2010-10-07,40.336402893066406,40.51505115869768,40.19603500784179,40.38106495947422,9826600,JNJ
2010-10-08,40.3427734375,40.44485848638363,40.21516651792057,40.43847923565946,7354800,JNJ
2010-10-11,40.38743209838867,40.39381378247581,40.221544820613325,40.36191022983882,6172100,JNJ
2010-10-12,40.381046295166016,40.47674963584821,40.17687624769861,40.27896127143231,8707400,JNJ
2010-10-13,40.56608963012695,40.7000758119078,40.38105970258211,40.47038382376934,10104700,JNJ
2010-10-14,40.66817855834961,40.70645893741619,40.44486580022798,40.70007968553842,8632700,JNJ
2010-10-15,40.55970764160156,40.834061688281686,40.28535359492144,40.82130075193613,13265100,JNJ
2010-10-18,40.74472427368164,40.82128743287441,40.35552436077836,40.636257567084506,10814100,JNJ
2010-10-19,40.381046295166016,40.623496705346724,39.87700042565005,40.12583251888228,17235400,JNJ
2010-10-20,40.57884216308594,40.8531961714576,40.23430666546287,40.40019394699254,10206800,JNJ
2010-10-21,40.82767868041992,40.974425784041706,40.527802788640884,40.7447338187556,11111700,JNJ
2010-10-22,40.71283721923828,40.910628085511796,40.604370475185135,40.88510621233461,6774800,JNJ
2010-10-25,40.8213005065918,40.9808109930027,40.738355637794065,40.85958331539838,7794700,JNJ
2010-10-26,40.73197555541992,40.802159486516594,40.58522844217217,40.738354806474305,7122900,JNJ
2010-10-27,40.55970764160156,40.63627082577516,40.3746777154406,40.56608932672421,11916100,JNJ
2010-10-28,40.5533332824707,40.904250555656816,40.5214297208083,40.79578380058473,10116000,JNJ
2010-10-29,40.66817855834961,40.73198081272723,40.40020373538365,40.60437387007201,9309900,JNJ
2010-11-01,40.636260986328125,40.891472349744525,40.39381055616742,40.75748863530763,9356000,JNJ
2010-11-02,40.75749206542969,40.96165971300592,40.65540702469189,40.795772434519264,8632100,JNJ
2010-11-03,40.95528793334961,40.961664750449614,40.54694528628131,40.827681008259496,9322100,JNJ
2010-11-04,41.31895446777344,41.42103705845746,40.987175095505,41.03821882474598,11337400,JNJ
2010-11-05,41.248779296875,41.37000209475978,40.89785966873726,41.31258153804578,9276500,JNJ
2010-11-08,41.044612884521484,41.22326112293691,40.89786333565201,41.19135756559155,8484400,JNJ
2010-11-09,41.03185272216797,41.15308040819813,40.897866532881906,41.13394021941438,9218500,JNJ
2010-11-10,40.80215072631836,41.050980406410815,40.54693692874282,40.98717817396651,10795400,JNJ
2010-11-11,40.78300857543945,40.802151192510784,40.566080009090584,40.64264317567837,9109500,JNJ
2010-11-12,40.62350082397461,40.89147312573195,40.52141578989098,40.63626175747246,12944800,JNJ
2010-11-15,40.923362731933594,41.274282198802005,40.82127773263507,40.90422255515836,12729400,JNJ
2010-11-16,40.28535461425781,40.80216159678075,39.9727201845302,40.61075241455367,15651000,JNJ
2010-11-17,40.23430633544922,40.381053430879334,40.1449797942358,40.27896838910624,7416900,JNJ
2010-11-18,40.7255973815918,40.83406168968314,40.38743865317228,40.49590539516337,9400100,JNJ
2010-11-19,40.7255973815918,40.974429555589346,40.61075138837758,40.76387775673004,12889800,JNJ
2010-11-22,40.59161376953125,40.71922071481809,40.25345743333616,40.51505057591916,11179200,JNJ
2010-11-23,40.11308288574219,40.355535798116044,39.972717459757014,40.1896485005337,14766500,JNJ
2010-11-24,40.381046295166016,40.508653183307885,40.15135438329044,40.2151566104119,9591400,JNJ
2010-11-26,40.09147644042969,40.26522791914397,39.98851287395216,40.220181512237865,4638800,JNJ
2010-11-29,39.84049606323242,39.904847360670146,39.505863915898004,39.77614476579469,12019300,JNJ
2010-11-30,39.608829498291016,39.78258095610716,39.41577314122134,39.563783096802915,12633500,JNJ
2010-12-01,40.16868591308594,40.20729815898119,39.78257327351057,40.01424183919351,15364700,JNJ
2010-12-02,40.28451919555664,40.46470721708233,40.07215798551697,40.14938002054556,10160400,JNJ
2010-12-03,40.2588005065918,40.39393974992245,40.046436734347495,40.22662239212171,9882800,JNJ
2010-12-06,40.02711868286133,40.207304281454604,40.02711868286133,40.097906583692875,8989000,JNJ
2010-12-07,40.097900390625,40.374615348494785,40.05928814481376,40.258781065905374,9528800,JNJ
2010-12-08,40.18799591064453,40.258783805359826,39.98850297597819,40.03998597389639,7871900,JNJ
2010-12-09,39.9370231628418,40.516192170940386,39.73753022452929,40.17512589545418,12965600,JNJ
2010-12-10,39.84049606323242,40.1107769131291,39.69892026305584,40.02068165993378,11457300,JNJ
2010-12-13,39.808311462402344,39.87909934657182,39.6152551586591,39.78900656848125,13672100,JNJ
2010-12-14,40.3939208984375,40.503318581075355,39.827620224919016,39.91771301176062,13491200,JNJ
2010-12-15,40.26520919799805,40.64488763313742,40.181550571992716,40.496877728570404,11534100,JNJ
2010-12-16,40.155826568603516,40.406800085745004,39.924157951289885,40.381058582744636,11141100,JNJ
2010-12-17,40.24591827392578,40.24591827392578,39.88554460630787,40.05929606454268,15961000,JNJ
2010-12-20,40.21373748779297,40.3167010289851,40.04642019907796,40.245913134132174,8907000,JNJ
2010-12-21,40.11720657348633,40.41322643633899,40.07859432643601,40.406792289252785,7908200,JNJ
2010-12-22,39.911293029785156,40.15583243431978,39.846939262883836,40.11078602491145,8850100,JNJ
2010-12-23,40.05930709838867,40.19444634040105,39.911297101682905,39.911297101682905,7229500,JNJ
2010-12-27,39.853370666503906,40.05286363559823,39.782582759572215,40.02068552892391,5163700,JNJ
2010-12-28,39.93058395385742,40.09146463252312,39.83405701956461,39.937020555716884,6354200,JNJ
2010-12-29,39.98207473754883,40.1815652468531,39.96920398616713,39.97563813443557,4968700,JNJ
2010-12-30,39.859798431396484,40.02067911962356,39.83405938696196,39.96276197366803,5770100,JNJ
2010-12-31,39.801883697509766,39.956330247699086,39.737532400256924,39.83406180098083,4981400,JNJ
2011-01-03,40.42609405517578,40.65776260985093,40.23947189114923,40.3038256312502,14894800,JNJ
2011-01-04,40.76716613769531,40.76716613769531,40.381053461041496,40.62559279883933,12346300,JNJ
2011-01-05,40.741432189941406,40.88944214967096,40.50976357302738,40.80578349248649,11837900,JNJ
2011-01-06,40.67707443237305,40.88300152608027,40.47758394119427,40.818650229863486,7606000,JNJ
2011-01-07,40.28451919555664,40.70280992374627,40.258780153776605,40.67063428038805,11084800,JNJ
2011-01-10,40.001380920410156,40.155827487100225,39.89841736089841,40.08503957965248,9775000,JNJ
2011-01-11,40.07216262817383,40.12364317254254,39.89841118809594,40.039986981087814,7372800,JNJ
2011-01-12,40.220184326171875,40.46472373423166,40.10434999892488,40.18800866967998,8312700,JNJ
2011-01-13,40.48401641845703,40.52906281491903,40.123642791916566,40.25878443614705,9489700,JNJ
2011-01-14,40.25234603881836,40.52262686038157,40.059289711898565,40.509756111274335,11274700,JNJ
2011-01-18,39.96276092529297,40.27808814607738,39.90484378085683,40.039985421104106,13944900,JNJ
2011-01-19,40.2588005065918,40.29097616621641,39.90486088618463,39.93060239582251,9596700,JNJ
2011-01-20,40.45184326171875,40.60628735771123,40.24591616383235,40.36818461106345,11518600,JNJ
2011-01-21,40.32313919067383,40.70281774690196,40.19443413765935,40.70281774690196,12932200,JNJ
2011-01-24,40.03999710083008,40.361758562701496,40.001384841661256,40.258794993096444,11373000,JNJ
2011-01-25,39.30637741088867,39.660314492413306,39.06827218554101,39.184106496562876,28056700,JNJ
2011-01-26,38.99747848510742,39.415769263308924,38.99747848510742,39.3707228662527,20262100,JNJ
2011-01-27,39.04895782470703,39.280626390623105,38.99747483012822,39.02321632741762,11219500,JNJ
2011-01-28,38.61781311035156,39.25490194333436,38.611378960656744,39.19698477669956,15298800,JNJ
2011-01-31,38.463356018066406,38.75294175373279,38.41187301846148,38.714329504029095,19056200,JNJ
2011-02-01,39.01679611206055,39.087584027460174,38.41831958803027,38.41831958803027,14780500,JNJ
2011-02-02,39.01034927368164,39.100442067883506,38.79155143568659,38.907385729616,9994200,JNJ
2011-02-03,39.126197814941406,39.23559800119795,38.99105857442929,39.03610498793333,10078900,JNJ
2011-02-04,39.15193176269531,39.24846117575879,39.029663300347195,39.216283068174334,9725500,JNJ
2011-02-07,39.17123794555664,39.248462460473185,39.02966457789971,39.1776745492222,8217000,JNJ
2011-02-08,39.216278076171875,39.24845617966025,39.09400962938782,39.216278076171875,7867600,JNJ
2011-02-09,39.17767333984375,39.216283141265144,39.02322676962333,39.20984899264323,8541500,JNJ
2011-02-10,39.2098503112793,39.29994312408566,38.88165225909037,39.02322808198324,8627500,JNJ
2011-02-11,39.06184387207031,39.36429799172311,38.93957293947991,39.08758537944148,9630800,JNJ
2011-02-14,39.06184387207031,39.24202951397796,39.02966821527899,39.055407267804895,8130800,JNJ
2011-02-15,39.01034927368164,39.06183227313672,38.920256479479775,38.99747852381787,8572800,JNJ
2011-02-16,38.94599533081055,39.087571114840095,38.93312458182201,39.003912473836785,9426400,JNJ
2011-02-17,39.119747161865234,39.20983995086639,38.823727296620206,38.8494663400174,7133700,JNJ
2011-02-18,39.32566833496094,39.39645621707718,38.96529477820737,39.18409257072846,12393000,JNJ
2011-02-22,39.02965545654297,39.24845328798268,38.90095041660588,39.04896035333797,11050500,JNJ
2011-02-23,38.862342834472656,39.30637515282948,38.84947208344908,39.100445591296975,12100300,JNJ
2011-02-24,38.772247314453125,38.93312800870397,38.63067151796212,38.91382311094413,11766700,JNJ
2011-02-25,38.726806640625,38.928103813070194,38.54499143780119,38.90862184344881,11863700,JNJ
2011-02-28,39.89561080932617,39.90210562285534,38.81120979224076,38.91510451529712,20031000,JNJ
2011-03-01,39.41509246826172,39.93456600214893,39.35015672837257,39.77223036799385,14035300,JNJ
2011-03-02,39.48652267456055,39.564443089587414,39.19431802190315,39.285225585608714,10264600,JNJ
2011-03-03,39.642372131347656,39.73977452911135,39.486531267380784,39.687825923091815,7802700,JNJ
2011-03-04,39.648868560791016,39.79821709361236,39.18134099575309,39.79821709361236,11432700,JNJ
2011-03-07,39.22029113769531,39.67482894252954,39.1553553962581,39.66833660690845,9584000,JNJ
2011-03-08,39.42158508300781,39.603402678940306,39.181329036328876,39.27223659577251,8881800,JNJ
2011-03-09,39.22029113769531,39.648857122999914,39.16834254454554,39.44106770449133,10082600,JNJ
2011-03-10,38.70731735229492,39.155362907456926,38.570955984686364,39.051468178272444,14852300,JNJ
2011-03-11,38.75926971435547,38.87615161312389,38.38265218935975,38.467067444480534,10426600,JNJ
2011-03-14,38.395626068115234,38.62938978483543,38.25926224866494,38.62938978483543,11775000,JNJ
2011-03-15,37.97356033325195,38.20732409871367,37.674863289404556,38.17485745952083,16016800,JNJ
2011-03-16,37.44108963012695,38.03199122465563,37.337194925936586,38.03199122465563,16995600,JNJ
2011-03-17,37.74629592895508,37.9086316215208,37.59694738904014,37.79824206251214,12456000,JNJ
2011-03-18,38.03200912475586,38.109929570311294,37.72681720384815,38.025516786395535,14371900,JNJ
2011-03-21,38.2008171081543,38.41509882626686,38.0969199393181,38.0969199393181,10692700,JNJ
2011-03-22,38.17485809326172,38.40862186260414,38.11641715092611,38.18135043038975,10151800,JNJ
2011-03-23,38.12941360473633,38.23980070216504,37.98655738260842,38.12941360473633,9899800,JNJ
2011-03-24,38.33069610595703,38.3631652203215,38.135893804998496,38.29822946863822,8655800,JNJ
2011-03-25,38.29822540283203,38.36965348357788,38.083943637639855,38.31770488774621,8077400,JNJ
2011-03-28,38.467063903808594,38.50602288178136,38.298233409106906,38.298233409106906,8382500,JNJ
2011-03-29,38.454071044921875,38.51251198025334,38.265761089182085,38.298227725022784,9280300,JNJ
2011-03-30,38.55796432495117,38.78523324438868,38.46705675717617,38.531990026431046,10736400,JNJ
2011-03-31,38.47354507446289,38.765749709677976,38.44757077865595,38.44757077865595,9680200,JNJ
2011-04-01,38.62939453125,38.72679444048748,38.350176999420526,38.72030210402321,9908000,JNJ
2011-04-04,39.05796813964844,39.07744762986094,38.609920048392276,38.635894353373,9415100,JNJ
2011-04-05,38.830692291259766,38.934587022376384,38.622902829026536,38.798225652231906,10557700,JNJ
2011-04-06,38.73978042602539,38.89562374398484,38.700818977274146,38.76575472519288,10011200,JNJ
2011-04-07,38.622901916503906,38.804717072400884,38.473553398867715,38.77874524801969,9232900,JNJ
2011-04-08,38.60991668701172,38.81770615467518,38.51251676738276,38.78523951479886,7853200,JNJ
2011-04-11,38.869659423828125,39.07095410144083,38.635895625397495,38.661869931233376,9845800,JNJ
2011-04-12,38.92159652709961,39.01250657643045,38.73978138252907,38.73978138252907,9208000,JNJ
2011-04-13,38.70082473754883,38.92809617352348,38.64238379424631,38.73978619209914,10509000,JNJ
2011-04-14,38.97353744506836,39.03847070474654,38.62938671009289,38.66834567508177,10436200,JNJ
2011-04-15,39.324195861816406,39.57743912530299,38.947575896700855,39.116406390389166,18608500,JNJ
2011-04-18,39.259254455566406,39.73327427387737,39.02549071458115,39.25276211922594,20034800,JNJ
2011-04-19,40.70729446411133,40.82417635256137,40.12937983624495,40.25924887641677,26083100,JNJ
2011-04-20,41.81117630004883,41.90857869643412,41.025472222966364,41.044951711425085,26732100,JNJ
2011-04-21,41.6033821105957,41.752733095312514,41.40857981698299,41.434554116676836,11688100,JNJ
2011-04-25,41.62936782836914,41.68780630314042,41.239760657236936,41.33067073110015,7226900,JNJ
2011-04-26,42.17478942871094,42.402063245618095,41.603369865899836,41.603369865899836,14500000,JNJ
2011-04-27,42.5774040222168,42.596883512109144,41.16833144029412,41.200798082463365,23777500,JNJ
2011-04-28,42.454010009765625,42.687773701375264,42.16180787229859,42.460504821779786,13091400,JNJ
2011-04-29,42.674808502197266,42.83714419798828,42.467019009748455,42.59039076976688,12100000,JNJ
2011-05-02,42.99297332763672,43.05790659738662,42.733235294546205,42.80466337749837,15456200,JNJ
2011-05-03,43.02544021606445,43.15530674885294,42.86310457303352,42.92803783942776,13105500,JNJ
2011-05-04,42.642330169677734,43.0644038783752,42.44753034926512,42.85661443081369,13408900,JNJ
2011-05-05,42.21376419067383,42.60336876333999,42.07740283794522,42.499471568447184,14925200,JNJ
2011-05-06,42.382598876953125,42.53194988842287,42.2852014282685,42.36961420182584,11904600,JNJ
2011-05-09,42.61635208129883,42.700769787989145,42.25272181891212,42.278696116809854,9003100,JNJ
2011-05-10,42.70077896118164,42.7267532646593,42.38909227354156,42.60337656166338,9693100,JNJ
2011-05-11,43.22673797607422,43.337125032392365,42.73323619817583,43.06440232122129,19986100,JNJ
2011-05-12,43.62931823730469,43.74620006960072,42.73971734960218,42.882573472862816,15622200,JNJ
2011-05-13,43.259212493896484,43.66829661176793,42.82414911942052,43.564399401716464,11700900,JNJ
2011-05-16,43.09688186645508,43.3696046436452,42.97999996850328,43.12285617201017,11513200,JNJ
2011-05-17,43.11634826660156,43.1682968619397,42.765702679205205,43.005961217076056,10784100,JNJ
2011-05-18,43.18128204345703,43.18777685647365,42.81765177997908,42.96699780072576,9028400,JNJ
2011-05-19,43.10985565185547,43.200763221287275,42.75921004657951,43.200763221287275,9685100,JNJ
2011-05-20,42.65532302856445,43.07090195517339,42.38909014684445,43.01895335082438,12367000,JNJ
2011-05-23,42.570899963378906,42.65531767337066,42.2592182845983,42.330646368087805,12020200,JNJ
2011-05-24,42.713768005371094,43.00597523381786,42.53195281652013,42.68779369923634,11017700,JNJ
2011-05-25,43.0449333190918,43.23973317990513,42.902077115373345,43.0449333190918,14767100,JNJ
2011-05-26,42.90736770629883,43.08420856823966,42.75672141889511,42.95976185243039,12044100,JNJ
2011-05-27,43.73263168334961,43.86362954119777,42.96631295390285,43.09075966959427,16385700,JNJ
2011-05-31,44.07323455810547,44.105980284761266,43.87674020993526,44.086331849356014,16473800,JNJ
2011-06-01,43.54270935058594,44.073237125669955,43.52960706151324,43.896391202602516,11003400,JNJ
2011-06-02,43.54270935058594,43.72610142113058,43.411711445154666,43.516509769499685,9582900,JNJ
2011-06-03,43.287254333496094,43.464100214276485,43.09731616089189,43.123510738655405,10364900,JNJ
2011-06-06,43.26105880737305,43.372403250129935,43.12350979331119,43.14316322178991,8397400,JNJ
2011-06-07,42.90082931518555,43.411708620478194,42.90082931518555,43.22831656186635,10426800,JNJ
2011-06-08,43.320003509521484,43.378953800036214,42.6912287273584,42.89426917867606,10020300,JNJ
2011-06-09,43.73920440673828,44.06669171735724,43.33966948801837,43.44446782600514,14054500,JNJ
2011-06-10,43.287254333496094,43.67369181579025,43.287254333496094,43.54924508465278,9312900,JNJ
2011-06-13,43.6147575378418,43.857099946131264,43.39861971105367,43.437916589186095,8146200,JNJ
2011-06-14,43.948787689208984,44.11908245737266,43.71954761498413,43.850540515381525,11389100,JNJ
2011-06-15,43.33311080932617,43.88328693348635,43.03836931676178,43.88328693348635,12623500,JNJ
2011-06-16,43.43790054321289,43.45754897502097,42.88117332139965,43.03181462996687,11683900,JNJ
2011-06-17,43.41826629638672,43.850546928566644,43.352769836609106,43.64095525904253,14336400,JNJ
2011-06-20,43.56235122680664,43.71299254904265,43.274160875317385,43.280712018867156,9309200,JNJ
2011-06-21,43.54925537109375,43.71955014912834,43.333117572615805,43.56890380758637,9811500,JNJ
2011-06-22,43.274166107177734,43.63440409009219,43.26106881555311,43.53615691320106,7988100,JNJ
2011-06-23,43.01217269897461,43.058020712475525,42.37030050996181,42.92702781591825,16234800,JNJ
2011-06-24,42.612632751464844,42.972870669328785,42.46199143821854,42.946671093751576,13186200,JNJ
2011-06-27,42.73708724975586,42.97287847572613,42.57334362044645,42.76328683009244,7199500,JNJ
2011-06-28,43.169368743896484,43.30691277985126,42.822228085086586,42.95977212104136,7724600,JNJ
2011-06-29,43.43134689331055,43.61473890901075,43.18245844301136,43.37895274386595,9227000,JNJ
2011-06-30,43.56889724731445,43.82434187443299,43.392056348449096,43.50340080318129,9747200,JNJ
2011-07-01,44.07978439331055,44.119081262954126,43.40515648305728,43.54270552092723,9216500,JNJ
2011-07-05,44.28938293457031,44.32212866536126,44.04704054083176,44.07324012370021,9773600,JNJ
2011-07-06,44.243526458740234,44.37451935098986,44.125630856892165,44.29592061740497,7100400,JNJ
2011-07-07,44.48586654663086,44.57101642918565,44.14528200758821,44.4203700964756,8415200,JNJ
2011-07-08,44.256622314453125,44.531710377494775,44.00773382842377,44.41381477946859,7866100,JNJ
2011-07-11,44.06013488769531,44.151835920133124,43.77194948953058,43.80469521813202,8918900,JNJ
2011-07-12,43.9029426574707,44.328677108278185,43.77194974817264,43.81779776613288,10528700,JNJ
2011-07-13,44.29591751098633,44.52516255193428,44.020829458318595,44.13872505189879,9031700,JNJ
2011-07-14,44.31557083129883,44.492411722703075,44.19112409475551,44.27626896883042,9636500,JNJ
2011-07-15,44.17802810668945,44.505515357286285,43.876740435787426,44.36142516455313,10245100,JNJ
2011-07-18,43.94224166870117,44.11253645672109,43.588559796977435,43.99464083379337,10361000,JNJ
2011-07-19,43.69989776611328,44.02738500357269,43.3265625152919,43.94878626764131,13677400,JNJ
2011-07-20,43.38550567626953,43.817791206949884,43.26761007672566,43.60164844160971,8912600,JNJ
2011-07-21,43.53616714477539,43.74575883943908,43.313473158348884,43.52306485301256,11394100,JNJ
2011-07-22,43.69989776611328,43.74574577947525,43.549251438176135,43.6802493313951,7721000,JNJ
2011-07-25,43.39206314086914,43.50995875758708,43.23487065093162,43.36586355970303,10247700,JNJ
2011-07-26,43.17591857910156,43.43790938299391,43.14317285177687,43.33966220690191,10008300,JNJ
2011-07-27,42.72399139404297,43.14317469939882,42.665041087039626,43.07112710031649,12810400,JNJ
2011-07-28,42.62574005126953,42.97942686757403,42.42924570985859,42.72398722197501,9920400,JNJ
2011-07-29,42.43580627441406,42.52750232154644,42.003520626167294,42.40305554455544,16829000,JNJ
2011-08-01,42.18691635131836,42.78949178354883,41.69568290317595,42.75674105475081,15842200,JNJ
2011-08-02,41.54503631591797,42.14761170856371,41.54503631591797,41.99041921419076,17118300,JNJ
2011-08-03,41.531925201416016,41.610521427173474,40.51671541540814,41.50572562665387,17660300,JNJ
2011-08-04,40.503623962402344,41.368190119221936,40.483975526552186,41.007954636968684,23485600,JNJ
2011-08-05,41.073448181152344,41.54503059640769,39.98619066705864,40.68701314610239,24037800,JNJ
2011-08-08,40.03203582763672,40.98830037916526,39.98618781814559,40.47741863286121,32423200,JNJ
2011-08-09,40.739402770996094,40.85074720491966,38.69588361388918,40.41846425825226,36288000,JNJ
2011-08-10,39.4294548034668,40.58220851432377,39.305008082851664,40.359517144228484,32688900,JNJ
2011-08-11,41.551578521728516,42.04281186146048,39.383614674945996,39.416362897986986,33514400,JNJ
2011-08-12,41.49917221069336,41.911806720901424,41.197884631157365,41.66291578633623,42324600,JNJ
2011-08-15,42.3047981262207,42.32445155762117,41.66292595144589,41.82011842323952,39362000,JNJ
2011-08-16,42.1541633605957,42.38340345870233,41.715329103253424,41.76772826769476,13142100,JNJ
2011-08-17,42.08864974975586,42.475082186631184,41.78735967407254,42.28513904073986,11847600,JNJ
2011-08-18,41.36819076538086,41.643281364227285,40.62152020905839,41.38783920153792,23376400,JNJ
2011-08-19,41.35509490966797,41.77427824443024,41.09310657470643,41.20445105489589,19394800,JNJ
2011-08-22,41.45333480834961,41.98386253002159,41.26994025773904,41.91181743708204,13689300,JNJ
2011-08-23,42.553707122802734,42.56680441811594,41.5384943374452,41.60399330666225,14879000,JNJ
2011-08-24,42.92048263549805,43.0318271127482,42.46854858458236,42.82223545089994,14523000,JNJ
2011-08-25,42.27859878540039,42.894271312720576,42.049353751730706,42.894271312720576,13134400,JNJ
2011-08-26,42.47684097290039,42.6684763650096,41.300600672402716,41.99445025954136,14150600,JNJ
2011-08-29,43.52092742919922,43.56057439806179,42.6618727989386,42.71473878514066,12867900,JNJ
2011-08-30,43.46144485473633,43.63986626871007,43.078179121147805,43.49448735112469,11183000,JNJ
2011-08-31,43.48126983642578,43.765418140862586,43.17729301082452,43.63325320764971,14555300,JNJ
2011-09-01,43.17068862915039,43.705942745365654,43.02530972312237,43.388756988192426,11141100,JNJ
2011-09-02,42.33808517456055,42.95263851185486,42.232355703670635,42.840302051879696,13713600,JNJ
2011-09-06,42.714744567871094,42.78743404834515,41.30061201577717,41.74335336660744,15848300,JNJ
2011-09-07,43.23677062988281,43.24998460306938,42.74777295674853,42.97905529934062,10759700,JNJ
2011-09-08,42.919593811035156,43.567189623034324,42.846904330864476,42.92620332057211,15551500,JNJ
2011-09-09,42.05392837524414,42.56275466112201,41.822645991471404,42.54953564400479,17008200,JNJ
2011-09-12,42.020896911621094,42.03411341062811,41.16845163158967,41.69709898792292,13448200,JNJ
2011-09-13,42.03411102294922,42.32486894300856,41.74996261241266,42.28521944823975,11595300,JNJ
2011-09-14,42.11338806152344,42.60238818823452,41.61778094912718,42.258766954478546,13429500,JNJ
2011-09-15,42.55614471435547,42.70812811859348,42.238953847320566,42.4768457372023,10625800,JNJ
2011-09-16,42.68169403076172,42.78081648926471,42.26538575494236,42.63543755567068,15688800,JNJ
2011-09-19,42.38432693481445,42.54952933323253,42.04731515118855,42.32485649134096,8571800,JNJ
2011-09-20,42.437198638916016,42.85350692413995,42.15305027362984,42.56935855885377,10874800,JNJ
2011-09-21,41.716922760009766,42.68831143744056,41.69709675216759,42.417382045086825,10041300,JNJ
2011-09-22,40.91733169555664,41.366682452383884,40.40190098305016,41.07592711829103,19456900,JNJ
2011-09-23,40.69927978515625,40.90413175128867,40.309401863026544,40.50764431885072,10983700,JNJ
2011-09-26,41.4261589050293,41.53188835548187,40.976808110408626,41.003241103219004,10561700,JNJ
2011-09-27,42.17287826538086,42.52310662807231,41.43937903569265,41.87551337215738,13118200,JNJ
2011-09-28,41.79620361328125,42.58917304860214,41.723514160192885,42.22573082473703,8964200,JNJ
2011-09-29,42.225746154785156,42.4504190611154,41.644232839748305,42.238960132154595,8923300,JNJ
2011-09-30,42.08696746826172,42.78081712573894,41.730132158077545,41.77638863385677,14556100,JNJ
2011-10-03,41.02305603027344,42.43057848668522,41.00323003062504,42.060526770425184,16891100,JNJ
2011-10-04,41.082542419433594,41.188274403179356,40.19705974266595,40.6728410655757,18192000,JNJ
2011-10-05,41.20147705078125,41.30720648466431,40.70586985680655,41.10896411123214,15405200,JNJ
2011-10-06,41.505462646484375,41.51867914440625,41.03628579302033,41.313827207801125,9595400,JNJ
2011-10-07,41.716922760009766,42.106800637048714,41.63101678146511,41.63762377021963,12361600,JNJ
2011-10-10,42.575965881347656,42.575965881347656,42.05392565371439,42.219128065943494,7104000,JNJ
2011-10-11,42.265384674072266,42.52970954279466,42.192695209134165,42.463629586008445,7628700,JNJ
2011-10-12,42.509883880615234,42.747775746111934,42.20590954093132,42.3777189322408,9375100,JNJ
2011-10-13,42.443809509277344,42.58918340924237,42.00767268464846,42.58918340924237,7781100,JNJ
2011-10-14,42.767608642578125,42.780822619535776,42.404161256512914,42.74778515635246,6678800,JNJ
2011-10-17,42.153053283691406,42.84690047527747,42.040714318775755,42.5561476223368,10797900,JNJ
2011-10-18,42.569374084472656,42.780833058441644,41.89535018044013,42.13323963556289,11705300,JNJ
2011-10-19,41.39311981201172,42.628835784110734,41.07593145385247,42.628835784110734,19964600,JNJ
2011-10-20,41.32042694091797,41.71691424658718,41.175050530882494,41.60457529437149,11562600,JNJ
2011-10-21,42.14645004272461,42.18609953990718,41.55832969885829,41.703708667738304,13175400,JNJ
2011-10-24,42.774208068847656,42.81385503195317,42.027489986512535,42.22573488519449,12552700,JNJ
2011-10-25,42.08696746826172,42.840292618356656,42.00106402512252,42.66187118208126,10324800,JNJ
2011-10-26,42.61561965942383,42.68830913575083,42.15305484786868,42.41737975800519,9932100,JNJ
2011-10-27,43.283042907714844,43.4085983859432,42.76100254857127,42.94602849022645,16450700,JNJ
2011-10-28,43.349124908447266,43.5143273700203,42.97246349772392,43.37555790728844,10390800,JNJ
2011-10-31,42.549522399902344,43.52091315096743,42.54291289340103,43.06495299232636,13720400,JNJ
2011-11-01,41.88211441040039,42.35789562253891,41.74995198227744,42.08035679219049,14749900,JNJ
2011-11-02,42.05392837524414,42.54953564400479,41.901942448652214,42.54953564400479,10136200,JNJ
2011-11-03,42.51649475097656,42.635440701641365,42.07375345078237,42.33807834576838,10466000,JNJ
2011-11-04,42.37112045288086,42.64865932131642,41.901943642618996,42.29182147265156,9725200,JNJ
2011-11-07,42.29181671142578,42.51648956774807,41.79620948433876,42.26538372099185,8783900,JNJ
2011-11-08,42.86012649536133,42.94602995933161,42.25878964362195,42.351300096824765,7989500,JNJ
2011-11-09,41.98124313354492,42.377727980165794,41.69709473584393,42.338081007977216,11072500,JNJ
2011-11-10,42.37112045288086,42.56936034108712,42.067146070246544,42.37772492004981,7597500,JNJ
2011-11-11,43.11783218383789,43.27642509746998,42.70152389496195,42.70152389496195,9086800,JNJ
2011-11-14,42.89316177368164,43.17070064887566,42.72134983312329,42.93280874397275,8276100,JNJ
2011-11-15,42.946006774902344,43.14425163590833,42.62882104718425,42.932792803570855,10726300,JNJ
2011-11-16,42.55614471435547,43.058361486503316,42.490064754183386,42.642048158421396,8398100,JNJ
2011-11-17,42.252174377441406,42.62883825290785,41.829256542069636,42.40416031697882,13924700,JNJ
2011-11-18,42.19269561767578,42.42397798945576,42.00106273282472,42.41737352281746,12659600,JNJ
2011-11-21,41.59136199951172,41.85568689029948,41.55171503044584,41.80943041252997,32806700,JNJ
2011-11-22,41.56492614746094,41.76316852949945,41.432763719172385,41.59796612433592,8680000,JNJ
2011-11-23,40.96359634399414,41.399730665730715,40.96359634399414,41.360081174376816,10362800,JNJ
2011-11-25,40.86354064941406,41.110308501223294,40.71681258089838,40.89021894263184,5838800,JNJ
2011-11-28,41.597190856933594,41.8239513424361,41.20369479515521,41.27039055217535,11678000,JNJ
2011-11-29,41.870628356933594,42.104059641485044,41.657207067401245,41.897306654170755,8923600,JNJ
2011-11-30,43.16449737548828,43.17783397979728,42.550909265794594,42.630941612560754,15032600,JNJ
2011-12-01,42.98442459106445,43.31789570531124,42.917731385888175,43.137823542498744,9852700,JNJ
2011-12-02,42.33082580566406,43.27788258804803,42.21744429916042,43.264545981807885,15792800,JNJ
2011-12-05,42.257469177246094,42.851047482384125,41.917327142137474,42.75100510872082,15294500,JNJ
2011-12-06,42.34415054321289,42.63760412008516,42.190751637653506,42.424182874326796,10417800,JNJ
2011-12-07,42.98442459106445,43.224524200391365,42.2641283072664,42.39751726180165,11504700,JNJ
2011-12-08,42.5375862121582,42.98443640687396,42.39086061160108,42.777685887485106,9566800,JNJ
2011-12-09,43.03778076171875,43.13782311266903,42.67096304853884,42.8977235057345,8835700,JNJ
2011-12-12,42.35750198364258,42.81769122898896,42.2507913233804,42.5976016052782,10808700,JNJ
2011-12-13,42.257469177246094,42.73766850013674,42.110741040988785,42.73766850013674,14215500,JNJ
2011-12-14,42.13740921020508,42.5375735202307,41.9706736569973,42.270798161607836,9802400,JNJ
2011-12-15,42.684303283691406,42.75099648989908,42.397517917469486,42.45087451778181,9656700,JNJ
2011-12-16,42.884395599365234,42.93108136083029,42.38418628732802,42.92441051251632,19214300,JNJ
2011-12-19,42.37083053588867,42.87103710778416,42.25745160079982,42.80434391587097,9024700,JNJ
2011-12-20,43.03110122680664,43.17116354287774,42.69096442596056,42.69763018321018,12247700,JNJ
2011-12-21,43.32455825805664,43.3512365526928,43.07112209155978,43.22451592526216,8517800,JNJ
2011-12-22,43.47129821777344,43.524654821631415,43.09781216749919,43.391263311986464,7428000,JNJ
2011-12-23,44.00484085083008,44.0181774536024,43.471285149380094,43.50463428885732,6503300,JNJ
2011-12-27,44.03152084350586,44.23160553448224,43.95149103780736,44.011513392081234,4995100,JNJ
2011-12-28,43.651371002197266,44.038198752996756,43.551333729030056,43.99818384372987,5943900,JNJ
2011-12-29,43.93815231323242,44.03819466547983,43.5179805398318,43.5579954453846,5702400,JNJ
2011-12-30,43.73807144165039,43.97150019795043,43.7047222957367,43.74473720014092,4959700,JNJ
2012-01-03,43.93815231323242,44.01818721270343,43.5179805398318,43.744738455784876,16116200,JNJ
2012-01-04,43.67139434814453,43.93816726040295,43.424623807101646,43.851466572755676,9243100,JNJ
2012-01-05,43.618019104003906,43.7514055031727,43.2378622691714,43.56466250899041,11886900,JNJ
2012-01-06,43.23786544799805,43.65803721579902,43.09113734510603,43.644700610247625,15359900,JNJ
2012-01-09,43.30455780029297,43.41126590770022,42.95775009076285,43.324565252408995,7934600,JNJ
2012-01-10,43.48463821411133,43.61802973415393,43.351251782434936,43.42461584636681,8476600,JNJ
2012-01-11,43.437957763671875,43.711406596908596,43.2445438522435,43.42462115422057,6784600,JNJ
2012-01-12,43.504634857177734,43.624684637154026,43.304550194429126,43.537978908726274,7402900,JNJ
2012-01-13,43.524654388427734,43.53799099507658,42.9244053219143,43.33124051764197,8978800,JNJ
2012-01-17,43.4312744140625,43.811431234051916,43.017768451400514,43.71138889439896,8359900,JNJ
2012-01-18,43.53799819946289,43.59802566023007,43.3512551452834,43.52466159060718,8095600,JNJ
2012-01-19,43.47795867919922,43.51797357835092,43.211180812003846,43.45795122962337,11699800,JNJ
2012-01-20,43.53133010864258,43.71807826301951,43.044464984883184,43.53800095767634,14715500,JNJ
2012-01-23,43.35124588012695,43.57133804195686,43.27121097899821,43.504644835198995,10125000,JNJ
2012-01-24,43.35124588012695,43.65136785472009,42.91106155646714,42.91106155646714,12367900,JNJ
2012-01-25,43.497982025146484,43.551338635757695,43.191189146681715,43.23787490887491,10531400,JNJ
2012-01-26,43.818111419677734,43.93816124911657,43.49798193341847,43.70473243864285,12546100,JNJ
2012-01-27,43.724735260009766,43.93149083168139,43.65804204814011,43.764755257824284,10466300,JNJ
2012-01-30,43.82478332519531,43.82478332519531,43.43795552229865,43.57134705176296,7482100,JNJ
2012-01-31,43.958160400390625,43.98483360914627,43.72472657267715,43.92481125689873,13562900,JNJ
2012-02-01,43.81143569946289,44.231607462792915,43.78475740027864,43.998178705387346,12275900,JNJ
2012-02-02,43.74473190307617,43.99817316925429,43.58466721647633,43.97816571947489,8282400,JNJ
2012-02-03,43.77809524536133,44.031531505382546,43.70473118012981,43.951501680305476,9036200,JNJ
2012-02-06,43.47795867919922,43.73806570041445,43.38458718893553,43.65803081374646,9535700,JNJ
2012-02-07,43.524654388427734,43.61135505255966,43.36458457844698,43.45796117845197,9248100,JNJ
2012-02-08,43.51130676269531,43.58467081017865,43.41126441718484,43.484628464668184,6889400,JNJ
2012-02-09,43.27787780761719,43.584670600908524,43.23119205838514,43.45795504634441,10936200,JNJ
2012-02-10,43.08446502685547,43.197843979449225,42.85103627493741,43.15782907579617,13954200,JNJ
2012-02-13,43.1378288269043,43.31790101177572,43.084472220880905,43.28455694928561,9662500,JNJ
2012-02-14,43.091148376464844,43.257883974551035,42.904405320746974,43.18451990432378,8978500,JNJ
2012-02-15,43.11781311035156,43.31789271205494,42.99776331398352,43.024441611883645,9023400,JNJ
2012-02-16,43.29789733886719,43.45796717092015,42.97776785149418,43.084475984496365,8194500,JNJ
2012-02-17,43.344566345214844,43.537980167901786,43.22451656176655,43.49796526954052,9057500,JNJ
2012-02-21,43.37791442871094,43.51130081224006,43.18450061073865,43.50463505491866,8081700,JNJ
2012-02-22,43.35124588012695,43.578003800776784,43.264545220178285,43.40460248087945,8150600,JNJ
2012-02-23,43.417938232421875,44.051536405066166,43.28455182153119,43.477965679178475,8991500,JNJ
2012-02-24,43.370849609375,43.59288591078319,43.189186811239935,43.59288591078319,10478200,JNJ
2012-02-27,43.364105224609375,43.49194519749083,43.074786692985064,43.23627038503874,8523000,JNJ
2012-02-28,43.85528564453125,44.016764239505335,43.39775868101137,43.46504100114124,11581400,JNJ
2012-02-29,43.78800582885742,43.90911606534288,43.53905558349501,43.88220210908919,11489100,JNJ
2012-03-01,43.619789123535156,43.90910768137975,43.49194913906785,43.80818164802721,8813800,JNJ
2012-03-02,43.57942199707031,43.646709451343426,43.44485735514817,43.559237814113196,6063900,JNJ
2012-03-05,43.67361831665039,43.70725690655465,43.42466811146393,43.525594147799595,7601000,JNJ
2012-03-06,43.29682540893555,43.55250536939883,43.18917474135452,43.370837488721115,9511100,JNJ
2012-03-07,43.263187408447266,43.37083807748967,43.142077197455066,43.24299809552257,8591800,JNJ
2012-03-08,43.63325119018555,43.78800515292733,43.55923909495845,43.70053351312503,11311100,JNJ
2012-03-09,43.559242248535156,43.734180407492644,43.45831619016304,43.619799936883446,8410600,JNJ
2012-03-12,43.801448822021484,43.83509254189631,43.424663799315965,43.431393569953116,7284700,JNJ
2012-03-13,43.956199645996094,44.0302117178509,43.75434760760833,44.01675217752608,9884100,JNJ
2012-03-14,43.78800582885742,43.989852800791674,43.74763232782075,43.875472336697705,9612200,JNJ
2012-03-15,43.78128433227539,43.98986111602761,43.63326011155579,43.68708803423805,11372900,JNJ
2012-03-16,43.81490707397461,44.04366793579677,43.60632525684824,43.8687298375552,17707000,JNJ
2012-03-19,43.87546920776367,43.91583757260924,43.66689247831237,43.70053107124637,7321800,JNJ
2012-03-20,43.70724868774414,43.82162911187087,43.572684086808046,43.73416263459345,7760400,JNJ
2012-03-21,43.572696685791016,43.781273417544774,43.49195482189668,43.70726132563629,7839600,JNJ
2012-03-22,43.370849609375,43.52560358307807,43.330481239414446,43.51887381031379,10621300,JNJ
2012-03-23,43.431392669677734,43.53904333108603,43.31028246727414,43.39101918000265,8062500,JNJ
2012-03-26,43.84856033325195,43.90911802084778,43.61979939487608,43.660167764398295,8503800,JNJ
2012-03-27,44.0033073425293,44.070589658857585,43.88219711981371,43.95620920776833,10723800,JNJ
2012-03-28,44.15132522583008,44.15132522583008,43.85527691620549,44.00330107101779,10305500,JNJ
2012-03-29,44.09749221801758,44.09749221801758,43.86872624163658,43.922554134115686,9553300,JNJ
2012-03-30,44.38009262084961,44.5281167974267,44.12441776432391,44.15805635598397,11307700,JNJ
2012-04-02,44.548301696777344,44.60885937603982,44.2858970643675,44.433921243329316,8785900,JNJ
2012-04-03,44.32625961303711,44.50792749367916,44.07058478593513,44.487743314343625,9128400,JNJ
2012-04-04,43.99657440185547,44.205151107443,43.97639022174201,44.14459856710261,9432300,JNJ
2012-04-05,43.962921142578125,43.989835087994734,43.79471283370696,43.90909838505511,7922700,JNJ
2012-04-09,43.68035125732422,43.88893314094784,43.65343730029819,43.70053544176564,6363400,JNJ
2012-04-10,43.19590377807617,43.63997630201474,43.168994958423816,43.60633257748182,12793200,JNJ
2012-04-11,43.1487922668457,43.52558235821865,43.034411852192335,43.52558235821865,10434100,JNJ
2012-04-12,43.162269592285156,43.162269592285156,42.846037029320875,43.09498726966369,13122300,JNJ
2012-04-13,42.751834869384766,43.06133761751327,42.73837789338061,43.02096668950078,11226600,JNJ
2012-04-16,43.04788589477539,43.168998693592606,42.83930659124092,42.872950318684836,10502400,JNJ
2012-04-17,43.209346771240234,43.249715118568595,42.57015474977449,43.21607654023152,18322900,JNJ
2012-04-18,42.563446044921875,43.007516051882654,42.46924976566597,42.99406164055134,20567700,JNJ
2012-04-19,42.408695220947266,42.751841747622024,42.227029865647005,42.53653523022679,15189000,JNJ
2012-04-20,42.86621856689453,43.04115670156217,42.52307463605558,42.53653161308047,14320700,JNJ
2012-04-23,42.637454986572266,42.85276148513241,42.59035685042823,42.7249240536923,10120900,JNJ
2012-04-24,42.906585693359375,42.92004266919101,42.630724105450135,42.7585615258671,9022400,JNJ
2012-04-25,43.35066604614258,43.45159210580404,42.953694147013834,43.03443345474922,11162800,JNJ
2012-04-26,43.56596374511719,43.71398791816791,43.236276808157065,43.33720284735633,9139200,JNJ
2012-04-27,43.62651443481445,43.821636733425215,43.51886376200483,43.70052651819479,10746700,JNJ
2012-04-30,43.801448822021484,43.9965711040114,43.62651071863209,43.63324048926925,11362300,JNJ
2012-05-01,43.882198333740234,43.97639460586795,43.59960951735709,43.673621607359124,10107900,JNJ
2012-05-02,43.956199645996094,43.956199645996094,43.62650764107538,43.8485438566398,8349700,JNJ
2012-05-03,43.962921142578125,44.063847154562865,43.801442603388665,44.003294627358144,10431800,JNJ
2012-05-04,43.559242248535156,43.92930275146204,43.559242248535156,43.86202042365149,10301300,JNJ
2012-05-07,43.59960174560547,43.747620765912906,43.40447946431863,43.45157759198711,8387800,JNJ
2012-05-08,43.7207145690918,43.7207145690918,43.4313960151369,43.51886250510048,12491900,JNJ
2012-05-09,43.2497444152832,43.65344356195548,43.229560227946564,43.458321195512696,10649400,JNJ
2012-05-10,43.44485855102539,43.63998088050192,43.32374831663692,43.60633715243928,7702000,JNJ
2012-05-11,43.290096282958984,43.7274389973041,43.21608933538203,43.350653955190744,37824600,JNJ
2012-05-14,43.01423263549805,43.128613063336566,42.76528503570133,43.08151493814949,39687800,JNJ
2012-05-15,42.7989387512207,43.15553967993783,42.66437153975851,42.85949386804588,8500000,JNJ
2012-05-16,42.86621856689453,43.01424274751239,42.69128299888282,42.92004647499409,10018400,JNJ
2012-05-17,42.75856399536133,43.061339552420456,42.71146586055834,42.866217241576145,7993500,JNJ
2012-05-18,42.62399673461914,43.00078437915696,42.44906117226763,42.973870425978006,13781300,JNJ
2012-05-21,42.704734802246094,42.94695522603735,42.5567106395613,42.563437843930785,8784900,JNJ
2012-05-22,42.73836898803711,42.92676147952877,42.61053159261851,42.657629715491424,8409300,JNJ
2012-05-23,42.57016372680664,42.89312340681223,42.307759147218064,42.657632775554625,11269100,JNJ
2012-05-24,42.869110107421875,43.03216333450521,42.665295517300045,42.7264401535009,9309400,JNJ
2012-05-25,42.46824645996094,42.78755742161916,42.3187839050149,42.71962013224746,11208500,JNJ
2012-05-29,42.522621154785156,42.75361169074645,42.32559928171523,42.69246706088485,10089700,JNJ
2012-05-30,42.26444625854492,42.39353078019718,42.12177634774832,42.35276683783715,9414700,JNJ
2012-05-31,42.41392135620117,42.71964451616025,42.216899476267216,42.366364708167865,13297100,JNJ
2012-06-01,41.97230529785156,42.33238025938151,41.924748667550965,42.14894643180406,12061100,JNJ
2012-06-04,42.35276794433594,42.427500544793936,42.0470448477543,42.14895341049565,9200000,JNJ
2012-06-05,42.26444625854492,42.37994279941051,42.12177634774832,42.2304776023994,9523400,JNJ
2012-06-06,42.66529083251953,42.66529083251953,42.04705184177009,42.18292908414595,11562500,JNJ
2012-06-07,42.66529083251953,42.93704531727124,42.46826896065669,42.92345733386937,12959300,JNJ
2012-06-08,42.787567138671875,42.82833107653726,42.345969474186084,42.488639369251864,11249500,JNJ
2012-06-11,42.20330810546875,42.82154707193065,42.19651540985609,42.7807857149692,12226400,JNJ
2012-06-12,42.855499267578125,42.98458115995942,42.00627015328695,42.2304652918062,26655400,JNJ
2012-06-13,43.786258697509766,43.9561045499955,42.923444047527205,43.64358880341583,98440200,JNJ
2012-06-14,44.46564483642578,44.669461945231085,43.677562727833006,43.71832407628031,34314900,JNJ
2012-06-15,44.846092224121094,44.907234231972375,44.506400580636765,44.77135964789189,25992800,JNJ
2012-06-18,45.04312515258789,45.104267175578705,44.71701881345026,44.71701881345026,25750000,JNJ
2012-06-19,45.328468322753906,45.49151891277743,45.08388984607622,45.11106580829427,23615400,JNJ
2012-06-20,45.5186882019043,45.5186882019043,45.15182054067098,45.36922302325917,21254600,JNJ
2012-06-21,45.10426712036133,45.49831076787894,44.94801182849758,45.212970961035595,24545300,JNJ
2012-06-22,45.267311096191406,45.49830413229343,45.19257851244814,45.28769695080802,18965700,JNJ
2012-06-25,45.179012298583984,45.26733030626748,44.93443377222953,45.015961675442966,13734500,JNJ
2012-06-26,45.1246452331543,45.30808165805821,45.117855130960905,45.21975849670295,11100000,JNJ
2012-06-27,45.409996032714844,45.654574536358055,45.083894816714135,45.12465617289288,17594200,JNJ
2012-06-28,45.477943420410156,45.51870478096549,45.13825159368653,45.32168289947148,12110900,JNJ
2012-06-29,45.8991584777832,45.99427177565882,45.661375233094155,45.722522457891905,18286000,JNJ
2012-07-02,46.19807815551758,46.19807815551758,45.749682556031445,45.80403448020275,12552700,JNJ
2012-07-03,46.225242614746094,46.27959452539228,46.00784015544485,46.17089070409991,8902400,JNJ
2012-07-05,46.04861831665039,46.29999210774394,46.04861831665039,46.14373160338084,11857800,JNJ
2012-07-06,45.95350646972656,46.11655708304667,45.76327989030552,45.865188467362664,9758000,JNJ
2012-07-09,46.04861831665039,46.170907568630305,45.946709742786226,46.02144235140092,12485900,JNJ
2012-07-10,46.11655044555664,46.266015645956735,46.02143716953564,46.17769765630432,12851800,JNJ
2012-07-11,46.13014221191406,46.27281212963716,46.007852970539275,46.21846020385171,12026100,JNJ
2012-07-12,46.00104904174805,46.27959872160345,45.81761780578967,45.93990702418991,16484200,JNJ
2012-07-13,46.61250305175781,46.70082104210558,46.0146474287352,46.055408780698045,13238800,JNJ
2012-07-16,46.50379180908203,46.687228230322205,46.442649790857985,46.51738237976561,12921500,JNJ
2012-07-17,46.877464294433594,46.99975353905482,45.93312158780274,46.08937689947788,24201900,JNJ
2012-07-18,47.128849029541016,47.1899910744268,46.646487225614564,46.7008339821954,15616200,JNJ
2012-07-19,47.237518310546875,47.35301222338015,46.86386061903634,47.047291822754886,13499500,JNJ
2012-07-20,46.62608337402344,47.12203556323917,46.43585684115744,47.11524027755559,13964600,JNJ
2012-07-23,46.27281188964844,46.40868652012243,45.96029609293035,46.29319256589105,11771400,JNJ
2012-07-24,45.7564811706543,46.367927403845556,45.51869796421468,46.26601883443282,12145700,JNJ
2012-07-25,45.8787727355957,46.21166924143277,45.78365944821368,45.97388602297772,9882200,JNJ
2012-07-26,46.70082092285156,46.863876696856224,46.34074849267305,46.40189570374601,16477200,JNJ
2012-07-27,47.23073959350586,47.33944344367857,46.80272984584176,46.84349119801409,14015900,JNJ
2012-07-30,47.18318176269531,47.31906157197791,46.98616510998382,47.128835022267005,8379500,JNJ
2012-07-31,47.02692794799805,47.257915856154625,46.94540005985078,47.04730862421364,10313900,JNJ
2012-08-01,47.135616302490234,47.38699001514773,47.047298330451326,47.203558786056526,11681700,JNJ
2012-08-02,46.50379180908203,46.863869366220584,46.21165673879333,46.74837024854625,13536000,JNJ
2012-08-03,46.958988189697266,47.09486281292194,46.80272770803272,46.86387491678306,10898800,JNJ
2012-08-06,46.76875305175781,47.10844476834507,46.7279917044183,46.999746114344966,8723200,JNJ
2012-08-07,46.395103454589844,46.83670380067999,46.34075152636348,46.74838062149087,11268400,JNJ
2012-08-08,46.43585968017578,46.57852958854791,46.34754169402673,46.39509833015077,6573100,JNJ
2012-08-09,46.41548156738281,46.639679371465675,46.31357300341016,46.42227685385696,7764200,JNJ
2012-08-10,46.632877349853516,46.68043398173421,46.27960025349462,46.27960025349462,7645000,JNJ
2012-08-13,46.51059341430664,46.57174062412342,46.313571578895484,46.463036777020136,7199200,JNJ
2012-08-14,46.632877349853516,46.707609940420916,46.53776408609212,46.70081465492821,8217800,JNJ
2012-08-15,46.43585968017578,46.76875613304407,46.40189361624981,46.54456352462193,9349100,JNJ
2012-08-16,46.33394241333008,46.50378825089109,46.21165320295481,46.496998149352855,13518500,JNJ
2012-08-17,46.06219482421875,46.3203586403213,45.86517302379161,46.27959729653769,11999500,JNJ
2012-08-20,45.99425506591797,46.08936832923888,45.97387439281836,46.062197553962136,12645200,JNJ
2012-08-21,46.04861831665039,46.36792942922492,45.939919638937894,45.98747628230312,9544900,JNJ
2012-08-22,46.028228759765625,46.15051798815615,45.87876357136782,45.94670087974381,8230900,JNJ
2012-08-23,46.021453857421875,46.16412382318708,45.89916457486788,46.06222040713099,9062700,JNJ
2012-08-24,46.3436393737793,46.508171543898655,46.03514090100757,46.08312966855836,11297500,JNJ
2012-08-27,46.26824188232422,46.59045451905263,46.26139007799148,46.302521825527876,8761000,JNJ
2012-08-28,46.28196334838867,46.41221564653208,46.08315115288094,46.14484878404585,6750800,JNJ
2012-08-29,46.18596649169922,46.50132201248765,45.97344031326729,46.12426365590168,9609500,JNJ
2012-08-30,46.07627868652344,46.213393204947806,45.82947778374364,46.08999275355791,9672700,JNJ
2012-08-31,46.22710037231445,46.54931294099637,46.04200231710562,46.24080920846982,10151800,JNJ
2012-09-04,46.110557556152344,46.30251264711816,45.911745431828045,46.26823271070971,8402700,JNJ
2012-09-05,46.117408752441406,46.5287470623957,46.028288241489385,46.23395739646653,9266000,JNJ
2012-09-06,46.5081787109375,46.7686936866879,46.33678948178979,46.419058194719,13075500,JNJ
2012-09-07,46.53561019897461,46.62473596201699,46.288809245047496,46.597313052648964,8403300,JNJ
2012-09-10,46.74127960205078,46.94009177302235,46.5013356820455,46.61102208959713,11441300,JNJ
2012-09-11,46.75499725341797,46.994946449031154,46.74128841128478,46.86468891202813,8821700,JNJ
2012-09-12,46.7206916809082,46.933212591144624,46.63842299127667,46.871514996708,8230700,JNJ
2012-09-13,47.296573638916016,47.41997410206118,46.617873706809846,46.62473074098029,13006300,JNJ
2012-09-14,46.940086364746094,47.24173310393242,46.6727195660617,47.24173310393242,13024000,JNJ
2012-09-17,46.78925704956055,47.097755553338146,46.61786782959879,46.95378923621634,11584100,JNJ
2012-09-18,46.99492263793945,47.07718610983017,46.66585305922604,46.672710092011435,8063100,JNJ
2012-09-19,47.029212951660156,47.24859100016013,47.029212951660156,47.13204755604129,9911300,JNJ
2012-09-20,47.23488235473633,47.29657997938767,46.844115040788665,46.89896086073559,8704000,JNJ
2012-09-21,47.34455108642578,47.550220219240046,47.193727753079756,47.337699284279736,19064400,JNJ
2012-09-24,47.30342483520508,47.44053411938543,47.17316735396499,47.22115612646651,9082100,JNJ
2012-09-25,47.52279281616211,47.74217076286313,47.310271901340656,47.310271901340656,11625400,JNJ
2012-09-26,47.30342483520508,47.6462032760399,47.27600193229222,47.6462032760399,9971900,JNJ
2012-09-27,47.31028747558594,47.543374332394,47.22801875709715,47.365128057527244,8253200,JNJ
2012-09-28,47.241729736328125,47.33085025274182,46.960648889325846,47.14574695584173,10293200,JNJ
2012-10-01,47.39256286621094,47.611940940226056,47.24859649548719,47.24859649548719,9647200,JNJ
2012-10-02,47.276004791259766,47.49538279744535,47.05662678507418,47.38569640954468,10062700,JNJ
2012-10-03,47.30342483520508,47.52280282812401,47.1183267785232,47.433682316445164,8557900,JNJ
2012-10-04,47.48853302001953,47.64621343780182,47.310291958647426,47.37198958057199,9395900,JNJ
2012-10-05,47.74905014038086,47.81074776502188,47.52281505592658,47.61879262562501,9429900,JNJ
2012-10-08,47.605072021484375,47.74903834045451,47.419968732534215,47.714758403868494,6444600,JNJ
2012-10-09,46.89896011352539,47.28287038626678,46.68643387221339,47.04292646580341,15365900,JNJ
2012-10-10,46.7686882019043,46.95378624630746,46.60415602572553,46.87837457589561,10710100,JNJ
2012-10-11,46.59731674194336,46.82355183935267,46.52190504280692,46.761848980793054,9505500,JNJ
2012-10-12,46.59731674194336,46.96751820214435,46.48077329069089,46.74128310473504,8685500,JNJ
2012-10-15,47.029212951660156,47.29657978481997,46.66586854918067,46.74128024370116,14868000,JNJ
2012-10-16,47.680484771728516,47.85187399775143,47.3171352190373,47.5090955457056,13688800,JNJ
2012-10-17,48.67455291748047,48.79795340169795,47.6804972387847,47.80389772300219,26522700,JNJ
2012-10-18,49.716590881347656,49.86741425682198,48.55114608422111,48.585426026059736,33591100,JNJ
2012-10-19,49.264122009277344,49.52463176291735,49.175001490228375,49.435511243868376,18391000,JNJ
2012-10-22,49.20928192138672,49.55891746511862,48.900783355401785,49.216138956075376,14033400,JNJ
2012-10-23,48.59912872314453,49.03788472523303,48.35232781817173,48.79108382026023,11086000,JNJ
2012-10-24,48.49629211425781,48.81164765068061,48.44830334198442,48.66768133386046,8572000,JNJ
2012-10-25,48.7705192565918,49.05845190997977,48.66768467170059,48.681398739224356,9672700,JNJ
2012-10-26,48.60599136352539,48.89392404241258,48.372899268437145,48.674546016062614,8965200,JNJ
2012-10-31,48.55112838745117,48.845917996505044,48.31804160513934,48.74994047080219,9950600,JNJ
2012-11-01,49.017333984375,49.29155787791718,48.55801197016364,48.743110090832815,11226000,JNJ
2012-11-02,48.60599136352539,49.154433814207934,48.55800258371086,49.154433814207934,7946700,JNJ
2012-11-05,48.53055953979492,48.67452581950247,48.31118160447162,48.57854829969744,6874500,JNJ
2012-11-06,48.681400299072266,49.09959045541436,48.5991315824464,48.67454326509067,7927500,JNJ
2012-11-07,48.2220573425293,48.66767025816119,47.783301458628486,48.46200637967296,12719700,JNJ
2012-11-08,47.74905014038086,48.27692677372224,47.74905014038086,48.09182866941391,12652100,JNJ
2012-11-09,47.899871826171875,48.16723865087633,47.59822505762937,47.68734558906917,10511700,JNJ
2012-11-12,47.76960754394531,48.023265493385544,47.51594959450508,47.845019225390125,9761000,JNJ
2012-11-13,47.65305709838867,48.06439015359708,47.57764542805572,47.65990890086725,8244500,JNJ
2012-11-14,47.48853302001953,47.82445972955896,47.32400079783565,47.73533396848787,10470700,JNJ
2012-11-15,47.351409912109375,47.4405304168327,47.11146606832849,47.29656411056417,11803600,JNJ
2012-11-16,47.433692932128906,47.48853351984404,46.9675139390471,47.21431489011306,14272300,JNJ
2012-11-19,47.474815368652344,47.85872555928245,47.33084904716606,47.67362749748124,12337400,JNJ
2012-11-20,47.76275634765625,47.790179256113674,47.39941196376914,47.4816806891414,9859500,JNJ
2012-11-21,47.707916259765625,47.90672844716764,47.61193868383164,47.73533917151614,7639900,JNJ
2012-11-23,48.109031677246094,48.109031677246094,47.687143527209535,47.777057403646275,5450100,JNJ
2012-11-26,47.78398895263672,48.067555481790386,47.597254008456986,47.804741970112744,9884800,JNJ
2012-11-27,47.590335845947266,47.82548921851172,47.535010296495045,47.728662911172826,8763200,JNJ
2012-11-28,47.92231750488281,47.984560729326255,47.44509834426357,47.52117691411992,9983200,JNJ
2012-11-29,47.873897552490234,48.10904562474322,47.75632351636374,48.04680240913654,9853400,JNJ
2012-11-30,48.22663879394531,48.35804293463795,47.84624588937428,47.99148537749077,13480700,JNJ
2012-12-03,48.171295166015625,48.358030093539675,47.970724894741586,48.275039137590134,9928900,JNJ
2012-12-04,48.316524505615234,48.75224276309159,48.032958061088685,48.12287194673685,14278100,JNJ
2012-12-05,48.392608642578125,48.6139266321052,48.12287750773691,48.3649432343076,11037100,JNJ
2012-12-06,48.447959899902344,48.64852496036955,48.27505498273872,48.64852496036955,9459200,JNJ
2012-12-07,48.724586486816406,48.772999635606446,48.31653355796281,48.44102526579971,10021300,JNJ
2012-12-10,48.828330993652344,48.966658046459166,48.59318291883704,48.59318291883704,9700300,JNJ
2012-12-11,49.174137115478516,49.53378214984424,48.93207138656147,49.05656308666697,14933700,JNJ
2012-12-12,49.07731628417969,49.36088279577251,49.00123772139322,49.25022114930574,11783300,JNJ
2012-12-13,48.93206024169922,49.10496504820699,48.84215164190412,49.03580418093107,8838900,JNJ
2012-12-14,48.89057922363281,49.00815326040813,48.752252171569936,48.84216607457018,10263600,JNJ
2012-12-17,49.063480377197266,49.229467550504054,48.95281874390134,48.99431421806876,14317200,JNJ
2012-12-18,49.070411682128906,49.174155684164525,48.759184952661194,49.14649026517908,16352400,JNJ
2012-12-19,48.84907531738281,49.31937671077226,48.84907531738281,49.042733177773776,11865600,JNJ
2012-12-20,48.93206024169922,49.03580418093107,48.752237765473076,48.92514257198085,11775800,JNJ
2012-12-21,48.60007858276367,48.93205811857407,48.45483918479529,48.80064878280641,22142300,JNJ
2012-12-24,48.427188873291016,48.69000762671859,48.37186333061337,48.634676807403594,5006500,JNJ
2012-12-26,48.53094482421875,48.662354233381805,48.330374512152545,48.37878767184862,7737300,JNJ
2012-12-27,48.475616455078125,48.69002212460561,48.275051409456594,48.50328187297325,10700400,JNJ
2012-12-28,48.053733825683594,48.4617868712984,48.01223306010452,48.3027120359631,9691100,JNJ
2012-12-31,48.48251724243164,48.48943491365576,47.846228682377486,47.887724156447995,12770000,JNJ
2013-01-02,48.99431228637695,49.11880398060801,48.6208424803207,49.11880398060801,12874200,JNJ
2013-01-03,48.92515182495117,49.104974335186256,48.72458157827299,49.091144269769835,9598300,JNJ
2013-01-04,49.48537063598633,49.60986234019731,49.11189552335339,49.27096503190017,11631800,JNJ
2013-01-07,49.38161849975586,49.47152710811878,49.23637908164509,49.450779373622446,7548800,JNJ
2013-01-08,49.38853454589844,49.554521693046745,49.27787293004206,49.31936839767007,9825300,JNJ
2013-01-09,49.60986328125,49.692854234540036,49.4507884930484,49.54761478964505,7672800,JNJ
2013-01-10,49.928016662597656,50.05942078808758,49.616784701236696,49.66519785834107,11888500,JNJ
2013-01-11,50.03868103027344,50.197755872792044,49.90727688381639,49.92802462922333,7766700,JNJ
2013-01-14,50.18391036987305,50.34298518020232,50.052506250006076,50.21157578369719,7386000,JNJ
2013-01-15,50.052494049072266,50.100907192303644,49.79659299105673,49.969497827831226,7795100,JNJ
2013-01-16,50.197750091552734,50.36373731233088,49.969514365083654,49.97643203830234,8779900,JNJ
2013-01-17,50.41904830932617,50.495126854885626,50.052490922523276,50.405212968331796,10570100,JNJ
2013-01-18,50.647281646728516,50.647281646728516,50.3429674783059,50.41904602041155,13558600,JNJ
2013-01-22,50.2738151550293,50.6334549161619,50.08707496478496,50.4328846598359,11469800,JNJ
2013-01-23,50.38447952270508,50.42598028082144,50.12166601227895,50.15624382129822,10155100,JNJ
2013-01-24,50.55739212036133,50.64730604614944,50.37756954542394,50.46056579769631,9369700,JNJ
2013-01-25,51.1245002746582,51.131417945506804,50.529707220962,50.578120363628585,10421500,JNJ
2013-01-28,50.91704177856445,51.179855352405575,50.78563235332424,51.15218993253188,9420900,JNJ
2013-01-29,51.463401794433594,51.60864123441205,50.930851904542024,50.95159964216219,12386500,JNJ
2013-01-30,51.242095947265625,51.73315052890256,51.18677038701049,51.49107943665034,9245500,JNJ
2013-01-31,51.1245002746582,51.42881447235491,51.02767398932504,51.23516190168857,10448700,JNJ
2013-02-01,51.304325103759766,51.47031227518582,51.235164222052,51.27665969574925,10016300,JNJ
2013-02-04,51.25591278076172,51.35273907203256,50.87552001031404,50.87552001031404,9200700,JNJ
2013-02-05,51.636314392089844,51.74697076821514,51.50490499859289,51.51873506686929,10230800,JNJ
2013-02-06,52.14118194580078,52.141181945800774,51.53947121665719,51.57405429452769,12084000,JNJ
2013-02-07,51.91293716430664,52.00976343334811,51.65012375928492,51.74695002832639,9798200,JNJ
2013-02-08,52.203433990478516,52.29334261178126,51.684719446870034,51.98902839100705,8153300,JNJ
2013-02-11,52.155025482177734,52.217268700160055,51.90604205697311,52.06511157624193,5697100,JNJ
2013-02-12,52.42475128173828,52.46624675614666,52.1619325394529,52.1619325394529,7598900,JNJ
2013-02-13,52.32793045043945,52.473169902660686,52.12736017547556,52.41783907991802,8014800,JNJ
2013-02-14,52.431678771972656,52.625331410482396,52.13428214093595,52.21727839028526,9681800,JNJ
2013-02-15,52.67374038696289,52.67374038696288,52.22418668450805,52.3694261373065,10528400,JNJ
2013-02-19,53.22703552246094,53.25470093536418,52.53541602979387,52.583829183215045,9747400,JNJ
2013-02-20,53.01262664794922,53.233944638966435,52.93654809385232,53.10945293922943,7857500,JNJ
2013-02-21,53.164798736572266,53.268537451719645,52.82590134496211,52.88814985068915,9465700,JNJ
2013-02-22,53.1578254699707,53.325140414959904,52.96262381434227,53.25542629778492,8571500,JNJ
2013-02-25,52.68375778198242,53.44365595884829,52.68375778198242,53.311195423696034,10603300,JNJ
2013-02-26,52.80924987792969,53.220566894889814,52.63496192453718,52.899877698909144,10742100,JNJ
2013-02-27,53.20660400390625,53.29723178708055,52.70465405650762,52.760427454850586,8180300,JNJ
2013-02-28,53.060218811035156,53.32513455472532,53.060218811035156,53.14387893375892,11806300,JNJ
2013-03-01,53.471527099609375,53.52032750023108,52.79529449637857,52.83712189152724,9528300,JNJ
2013-03-04,53.82011413574219,53.87588755347067,53.49245727399057,53.49245727399057,12628000,JNJ
2013-03-05,54.14078903198242,54.17564341631277,53.98741484816587,54.071069625633854,9399400,JNJ
2013-03-06,53.95257568359375,54.196577742168344,53.834061157835514,54.161723344569666,8535200,JNJ
2013-03-07,54.20354461669922,54.34994583528031,54.09199779177342,54.112916810581034,7996500,JNJ
2013-03-08,54.510292053222656,54.53120575279618,54.168683897370855,54.26628470794415,8554100,JNJ
2013-03-11,54.6845588684082,54.7403269394646,54.266263763004375,54.32203715290398,8807600,JNJ
2013-03-12,54.76823425292969,54.85886737534786,54.52423222881385,54.726406854179885,8790500,JNJ
2013-03-13,54.76127624511719,54.844931057403315,54.517268859026224,54.7403572231995,7983400,JNJ
2013-03-14,55.14470291137695,55.14470291137695,54.719439914126696,54.844927443132434,10130400,JNJ
2013-03-15,55.207435607910156,55.24228999578385,54.81005941800765,54.81005941800765,18296500,JNJ
2013-03-18,54.9425048828125,55.20742584177961,54.865817796673966,54.879763804431995,8005400,JNJ
2013-03-19,54.97736740112305,55.13770926665359,54.72639243705072,55.06102749542843,7095800,JNJ
2013-03-20,55.38872146606445,55.50026833345955,55.19351976697042,55.20049277589446,8000800,JNJ
2013-03-21,55.08195114135742,55.42355394684762,54.914630922515684,55.15863824528203,8436300,JNJ
2013-03-22,55.590877532958984,55.590877532958984,55.08892743569325,55.15167385727427,6873100,JNJ
2013-03-25,55.54903030395508,55.730291178569075,55.402629130981985,55.653604090034065,9616600,JNJ
2013-03-26,56.36469650268555,56.38561019622212,55.66754501763355,55.723318412960204,12682900,JNJ
2013-03-27,56.65751647949219,56.71328989217335,55.960364777513796,56.16253940934897,10703400,JNJ
2013-03-28,56.83876037597656,56.88058776352853,56.43441123349483,56.72721890289003,11332100,JNJ
2013-04-01,57.11763381958008,57.13854751767029,56.664484191860936,56.74117129742163,7376800,JNJ
2013-04-02,57.647464752197266,57.64746475219727,57.096714376245394,57.16642846914621,10342200,JNJ
2013-04-03,57.21524429321289,57.82873592254015,56.86666841587667,57.68233469232043,12254000,JNJ
2013-04-04,57.45226287841797,57.66837816098754,57.11762778777847,57.30585636955771,10303000,JNJ
2013-04-05,57.194358825683594,57.24315925984725,56.90155622070164,57.0200708009779,8581400,JNJ
2013-04-08,56.545982360839844,56.74118401188208,55.98825879885109,56.65752388192995,15828500,JNJ
2013-04-09,56.83179473876953,56.99214194324394,56.63659314643164,56.65053915665263,9111000,JNJ
2013-04-10,57.18037033081055,57.3058578281388,56.98516873915426,57.047915147240616,7583200,JNJ
2013-04-11,57.3895378112793,57.835714552139194,57.222222863168405,57.26405027048455,9882700,JNJ
2013-04-12,57.68230438232422,57.68230438232422,57.284928303721735,57.34070169131159,6987000,JNJ
2013-04-15,56.964271545410156,57.92633909107679,56.964271545410156,57.66839633545204,12385800,JNJ
2013-04-16,58.17033767700195,58.24005178098815,57.21523796397091,57.396498889411184,12620000,JNJ
2013-04-17,58.49102020263672,58.860509698982725,58.06575730186444,58.11455770102627,13693300,JNJ
2013-04-18,57.98906707763672,58.769878741022126,57.884493279680164,58.53284444439764,9921500,JNJ
2013-04-19,58.902339935302734,58.95811334242044,58.19124761050901,58.21913431406786,10787600,JNJ
2013-04-22,59.13937759399414,59.20909169740356,58.70016863670907,58.97205736319738,6989900,JNJ
2013-04-23,59.571624755859375,59.73197202515343,58.560756678823104,59.25093553611789,8982100,JNJ
2013-04-24,58.832611083984375,59.773764488017704,58.75592399813746,59.73193710258976,9480600,JNJ
2013-04-25,59.4112663269043,59.564640545728665,58.797769451606804,58.93720297728585,8689400,JNJ
2013-04-26,59.341548919677734,59.59949161984412,59.1254282966189,59.46703642637984,6784700,JNJ
2013-04-29,59.66225051879883,59.87836586824165,59.19516010342743,59.2718419057733,8038000,JNJ
2013-04-30,59.41825866699219,59.74591559155256,59.18122425563182,59.529800204984745,12099600,JNJ
2013-05-01,58.721073150634766,59.348505245189386,58.477065870703704,58.90930171523239,12312100,JNJ
2013-05-02,59.369449615478516,59.40430401403841,58.67926550653158,58.86749947037024,8668900,JNJ
2013-05-03,59.78076171875,59.9480766471117,59.57161406916363,59.6622471994457,9213800,JNJ
2013-05-06,59.034820556640625,59.8016865497711,58.94419272833727,59.8016865497711,8815600,JNJ
2013-05-07,59.62736892700195,59.65525562619064,58.999931492366606,59.16725168749871,9061800,JNJ
2013-05-08,59.57859802246094,59.67619885850833,59.209108383303416,59.592544038380076,8044600,JNJ
2013-05-09,59.36245346069336,59.73891592272845,59.22999296881694,59.57159572703905,8342000,JNJ
2013-05-10,59.78773880004883,59.78773880004883,59.383389486675874,59.46007660882751,7594800,JNJ
2013-05-13,59.8504524230957,60.00382659696578,59.564623087209874,59.64827785925275,6631500,JNJ
2013-05-14,60.63129425048828,60.70798137570786,59.787741191919174,59.787741191919174,10360700,JNJ
2013-05-15,61.098350524902344,61.26566537779987,60.61034665443319,60.61034665443319,13444400,JNJ
2013-05-16,60.965919494628906,61.189007845844124,60.6940307327993,60.882264687201854,9441900,JNJ
2013-05-17,61.41209411621094,61.48878123298454,60.9380360399314,60.97986344222767,11437700,JNJ
2013-05-20,61.356319427490234,61.48877462681306,61.21688590340687,61.419060524193924,7235800,JNJ
2013-05-21,61.76065444946289,61.795514155171126,61.20293639004134,61.30751018832173,10099600,JNJ
2013-05-22,61.670047760009766,62.73668916593939,61.48878680223238,61.837362703194806,13825900,JNJ
2013-05-23,61.255615234375,61.78943473813562,61.10811353442007,61.1853770951812,14446900,JNJ
2013-05-24,60.981685638427734,61.12918734539253,60.74989494512874,60.96764015345209,10390100,JNJ
2013-05-28,61.536590576171875,62.014217560303294,61.29777440469215,61.48742332893018,8380200,JNJ
2013-05-29,60.15989685058594,61.22051064091193,59.801675305196554,61.16431797519839,11872100,JNJ
2013-05-30,60.39870834350586,60.62347365014441,60.18096845987002,60.20203937005057,7801200,JNJ
2013-05-31,59.127384185791016,60.39871253735122,59.12738418579102,60.1809726385964,13302700,JNJ
2013-06-03,59.499656677246094,59.499656677246094,58.55845347909999,59.197627745531,11768500,JNJ
2013-06-04,59.071189880371094,59.7244149173816,58.691897404801004,59.506675024654044,9972000,JNJ
2013-06-05,58.77617263793945,59.70333001917834,58.63569635789555,58.93772518293387,9839100,JNJ
2013-06-06,59.32406997680664,59.32406997680664,58.05274126513483,58.712986571908345,10671000,JNJ
2013-06-07,59.64011764526367,59.829761160300905,59.28189616260821,59.67523403606417,8907700,JNJ
2013-06-10,59.80168533325195,60.20204876564907,59.513707251127656,59.710376255276636,8477100,JNJ
2013-06-11,59.485595703125,59.7173810508455,59.09225243657626,59.53476294159021,8967000,JNJ
2013-06-12,58.818321228027344,60.05453299840771,58.79022489701561,59.829767709141024,8413200,JNJ
2013-06-13,59.64011764526367,59.67523403606417,58.35473877601444,58.71998032153403,8570000,JNJ
2013-06-14,59.64011764526367,60.04048094041037,59.46451961478132,59.49963600558181,6357100,JNJ
2013-06-17,60.14583206176758,60.6866769659338,59.68928149545814,59.96321397877433,8429100,JNJ
2013-06-18,60.65858840942383,60.71478106930861,60.14583976592249,60.230128755749654,7233600,JNJ
2013-06-19,59.60499954223633,60.75692226396842,59.56285772716687,60.7077550267784,8288400,JNJ
2013-06-20,58.03164291381836,59.31701650997808,57.680446829428135,59.14844388994232,15172600,JNJ
2013-06-21,58.439022064208984,59.22570316541382,57.94734972522258,58.29854578416332,20715800,JNJ
2013-06-24,59.429412841796875,59.92108530752185,58.16510456017843,58.24236814176778,14777500,JNJ
2013-06-25,59.94917297363281,60.11774560052963,59.38023700858906,59.8157221001353,11239400,JNJ
2013-06-26,61.101097106933594,61.3328878233366,60.363588498597665,60.370608562371835,11966500,JNJ
2013-06-27,60.9044303894043,61.68408620325679,60.749903239440386,61.480391810925035,8890300,JNJ
2013-06-28,60.30740737915039,61.37504138936137,60.300381955204145,60.9114652266475,11896300,JNJ
2013-07-01,60.84822082519531,61.55763828990435,60.05451974487895,60.20904685192706,9905200,JNJ
2013-07-02,60.80607223510742,61.24857724416707,60.5532106988375,60.86226487846194,8572100,JNJ
2013-07-03,60.9536018371582,61.136225332336025,60.47597486742011,60.785029188670606,3599900,JNJ
2013-07-05,61.719234466552734,61.72625453360069,61.05195833774051,61.51553998673615,5403600,JNJ
2013-07-08,62.224910736083984,62.50586863506819,61.789431083543356,61.873714702060276,12051400,JNJ
2013-07-09,62.42859649658203,62.56907810617469,62.063355029292026,62.267049344082295,9348600,JNJ
2013-07-10,62.68145751953125,62.85003544965606,62.379428759922725,62.428595983169444,7067100,JNJ
2013-07-11,62.983482360839844,63.166105761034395,62.51288105920876,63.08181680121573,8941300,JNJ
2013-07-12,63.208290100097656,63.208290100097656,62.77983031061408,62.997575596979814,7590600,JNJ
2013-07-15,63.496246337890625,63.78422430969815,63.04671582665957,63.15207571247262,13343200,JNJ
2013-07-16,63.496246337890625,64.38126187636333,63.30659747166185,63.945776849121685,11409200,JNJ
2013-07-17,63.306583404541016,63.8965954186939,63.130985420147034,63.62266299174531,12832200,JNJ
2013-07-18,63.3347053527832,63.88257042836786,63.25744177967999,63.44709068050691,8329300,JNJ
2013-07-19,64.78166198730469,64.8097529712548,63.250446138210805,63.383897067876845,12506300,JNJ
2013-07-22,64.8167724609375,65.01344148355454,64.3461708198426,64.6762961187336,9916200,JNJ
2013-07-23,64.91509246826172,65.22414678265301,64.69735257884663,64.89402155752191,8467700,JNJ
2013-07-24,64.8729476928711,65.08366750832988,64.44448799791175,65.07664208546058,6846300,JNJ
2013-07-25,65.02043151855469,65.14686230125517,64.44447025488046,64.62006826647414,7368000,JNJ
2013-07-26,65.20307159423828,65.2733097450389,64.37424855360509,64.84485005867944,8663700,JNJ
2013-07-29,65.469970703125,65.59640150263324,65.0485364910398,65.06258197595105,7925000,JNJ
2013-07-30,65.44186401367188,66.0037797800404,65.33650413762453,65.65258376576655,8863000,JNJ
2013-07-31,65.67366027832031,66.31985971365711,65.45592044569791,65.4840167722986,11365700,JNJ
2013-08-01,65.86334991455078,66.30586066991,65.81418264826976,66.13728795106512,11098600,JNJ
2013-08-02,66.2988052368164,66.2988052368164,65.6385547951604,65.71581837275112,8503100,JNJ
2013-08-05,65.88439178466797,66.23558789149705,65.6245047364366,66.05998983808252,7192400,JNJ
2013-08-06,65.89140319824219,65.98271760367949,65.67366335541772,65.9405704323905,6415000,JNJ
2013-08-07,65.78606414794922,66.04594586439177,65.65260789864442,65.74391696674209,9056900,JNJ
2013-08-08,65.56127166748047,66.28473998362449,65.11876660318217,66.21449649125002,11090000,JNJ
2013-08-09,64.8729476928711,65.59641084241073,64.46555890769213,65.59641084241073,12135800,JNJ
2013-08-12,64.6200942993164,65.16093403502411,64.4444962169813,64.6762869717824,11012300,JNJ
2013-08-13,65.32949829101562,65.56830906044927,64.45150806428539,64.54281711868758,10099800,JNJ
2013-08-14,63.70698547363281,65.28736829765288,63.57353456805226,65.1749883056467,12716800,JNJ
2013-08-15,62.89921951293945,63.503277193881125,62.576114406441185,63.440059113452556,12010700,JNJ
2013-08-16,62.77281188964844,63.07484084164288,62.3513721547138,62.60423385214305,14100700,JNJ
2013-08-19,63.53138732910156,64.09330336514934,62.75875679865724,62.84304581171295,8687000,JNJ
2013-08-20,63.02565383911133,64.37424556362423,63.02565383911133,63.60161522304874,8559200,JNJ
2013-08-21,62.37242126464844,62.95540264093273,62.28813228260452,62.84302269036734,7940700,JNJ
2013-08-22,61.99312973022461,62.533969302285506,61.89479526257717,62.34432578863019,7191900,JNJ
2013-08-23,62.56636428833008,62.58759395099209,61.71713998743504,62.226673488131645,7714900,JNJ
2013-08-26,61.943599700927734,62.615902958003716,61.84452434080322,62.53097890681034,6724500,JNJ
2013-08-27,60.98112869262695,61.62512372116408,60.83251570124156,61.547278049600244,9941200,JNJ
2013-08-28,61.235904693603516,61.50482810878075,60.775908945875145,61.115599691656456,8829200,JNJ
2013-08-29,61.26420211791992,61.6675817717719,60.853744112470466,61.15097548836163,5768800,JNJ
2013-08-30,61.150978088378906,61.41281771741553,60.75467137007395,61.41281771741553,7471300,JNJ
2013-09-03,61.1580696105957,61.7808351859374,60.88207319396098,61.49068206120735,7590500,JNJ
2013-09-04,61.497764587402344,61.74545300385236,61.03776872873657,61.18638177860658,8458800,JNJ
2013-09-05,61.59685516357422,61.6888521983424,61.29962899044264,61.56854713767542,5647900,JNJ
2013-09-06,61.6817512512207,62.2195873016261,60.86083507028392,61.724210571199706,10034900,JNJ
2013-09-09,61.9648323059082,61.99314032431668,61.57560920099718,61.84452727707402,6819700,JNJ
2013-09-10,62.65129089355469,62.686677268618965,62.17006534837557,62.37529444550225,8658700,JNJ
2013-09-11,63.14667892456055,63.174981548157504,62.375300151063,62.722063981760215,8098100,JNJ
2013-09-12,62.9909782409668,63.38727970351912,62.8989758305868,63.19620732670353,7938500,JNJ
2013-09-13,62.67958450317383,63.16080993771496,62.41773942582593,63.075885896607154,7738600,JNJ
2013-09-16,63.005123138427734,63.3872732523686,62.86358845883568,63.28819789681378,7563700,JNJ
2013-09-17,63.0263671875,63.139599276382725,62.686681719258154,63.0192942313472,6291100,JNJ
2013-09-18,63.62790298461914,63.62790298461914,62.48853074050702,62.920218629230405,10115500,JNJ
2013-09-19,63.7411003112793,63.83309729138789,63.542949646921926,63.72694900633977,6721000,JNJ
2013-09-20,63.46511459350586,64.20110675515491,63.46511459350585,63.8331079747296,14708600,JNJ
2013-09-23,63.04757308959961,63.51464718138006,62.849422407947706,63.28818848817773,7376200,JNJ
2013-09-24,62.431888580322266,63.12541593493935,62.38235091213533,62.9980325882871,7797500,JNJ
2013-09-25,61.625125885009766,62.60880624291053,61.61804753301894,62.573419882157026,7493200,JNJ
2013-09-26,61.618064880371094,62.06390399569926,61.37037648296656,61.76667791881382,6400600,JNJ
2013-09-27,61.3774299621582,61.52604294037167,61.17220097342534,61.43404057347767,5461100,JNJ
2013-09-30,61.34914779663086,61.5331418095157,60.96699766346649,61.09438104118795,7962300,JNJ
2013-10-01,61.901119232177734,61.9152705362754,61.0448222554602,61.278353867873825,6318700,JNJ
2013-10-02,61.773765563964844,61.773765563964844,61.17223496573634,61.660533480005014,6383400,JNJ
2013-10-03,61.27128601074219,61.851586712610214,61.05897863721941,61.70297371082459,7724600,JNJ
2013-10-04,61.787899017333984,61.86574470275719,61.25713592537649,61.44113530903147,6050000,JNJ
2013-10-07,61.278350830078125,61.55435253870333,61.06604888393576,61.356196496757015,5705200,JNJ
2013-10-08,60.5848388671875,61.3845199912455,60.55653085405251,61.29960135104197,8669800,JNJ
2013-10-09,60.83251953125,61.02359724591889,60.506985520214926,60.811289873886956,8014200,JNJ
2013-10-10,62.120521545410156,62.120521545410156,61.35622127259062,61.37037798090335,8647900,JNJ
2013-10-11,63.302345275878906,63.32358033578138,62.29035672192481,62.71497153274876,8449800,JNJ
2013-10-14,63.550025939941406,63.61371490890673,62.72203154898884,62.863571589801474,9198600,JNJ
2013-10-15,63.64204406738281,64.72480009323205,63.642044067382805,63.92511884388251,11024000,JNJ
2013-10-16,64.47709655761719,64.51955587440739,63.8047988455009,63.988792817725795,8116000,JNJ
2013-10-17,65.08570861816406,65.10693827764327,64.23648444458708,64.30725717511946,8569600,JNJ
2013-10-18,64.84510803222656,65.14233953046819,64.4983442500143,64.93003208875311,9082600,JNJ
2013-10-21,64.54078674316406,64.84509111733631,64.23648236899182,64.84509111733631,6940500,JNJ
2013-10-22,65.36172485351562,65.50325955919084,64.75311590054693,64.77434556647792,9635500,JNJ
2013-10-23,65.17769622802734,65.41123324708842,64.76723820650193,65.1564665716037,6449600,JNJ
2013-10-24,65.35464477539062,65.80756230065363,65.20603171858897,65.56695222750888,5251000,JNJ
2013-10-25,65.17063903808594,65.29802241719167,64.95125865153804,65.13525806562461,6076000,JNJ
2013-10-28,65.38294219970703,65.67309531063312,65.05032976491934,65.07863778056105,6551000,JNJ
2013-10-29,65.9137191772461,65.94202719882844,65.51741767349931,65.67310909260071,6096700,JNJ
2013-10-30,65.66600799560547,66.13307669194889,65.56693265398107,66.00569333854592,6295400,JNJ
2013-10-31,65.53861999511719,66.06230467788534,65.33339097367544,65.70846265454455,7773900,JNJ
2013-11-01,66.07647705078125,66.22509008792021,65.3758657910092,65.3758657910092,6835900,JNJ
2013-11-04,65.83586120605469,66.16847364869585,65.4112517598072,66.14016563238576,6862500,JNJ
2013-11-05,65.68016052246094,65.77923586592651,65.30508880802682,65.48908818840628,5350600,JNJ
2013-11-06,65.84293365478516,65.95616031066875,65.61647494381639,65.83585530154194,5301300,JNJ
2013-11-07,65.59526824951172,66.06233714226433,65.59526824951172,65.94911044673778,6116900,JNJ
2013-11-08,66.55769348144531,66.5930744478372,65.50324025782227,65.55277793013198,7229500,JNJ
2013-11-11,66.72752380371094,66.97521211940096,66.47983548802092,66.50106514376573,4723100,JNJ
2013-11-12,66.2109375,66.58600929314669,65.8146360429699,66.50816899197498,7639600,JNJ
2013-11-13,66.05522918701172,66.13307486745487,65.33339380377652,66.06938589211103,8954300,JNJ
2013-11-14,66.46569061279297,66.62138198156181,66.09769724959494,66.09769724959494,7045700,JNJ
2013-11-15,66.79830932617188,66.80538767974923,66.20385720651838,66.26046783753169,7063000,JNJ
2013-11-18,66.73462677001953,66.94692880497429,66.52939769012164,66.77708609717001,8492000,JNJ
2013-11-19,67.13090515136719,67.17336446392628,66.52229647508463,66.71336878080102,6624200,JNJ
2013-11-20,67.33616638183594,67.56262515584825,66.98940256520525,67.18755331756564,7076500,JNJ
2013-11-21,67.37153625488281,67.76076473943773,67.26538794018799,67.55553566569078,6896200,JNJ
2013-11-22,67.87747955322266,68.11264692897007,67.26462208503476,67.26462208503476,6462100,JNJ
2013-11-25,68.1482925415039,68.40483784751646,67.75635225063078,68.04852552659841,6374600,JNJ
2013-11-26,67.7420883178711,68.31931790331069,67.67795471776328,68.11265613036242,7267600,JNJ
2013-11-27,67.68509674072266,67.96301994017736,67.42142364310627,67.94163663207736,4603800,JNJ
2013-11-29,67.4570541381836,68.05565625363697,67.2931480712029,67.86324998421118,4106800,JNJ
2013-12-02,67.18624114990234,67.45704195628068,66.96532928103059,67.27888582025021,5827400,JNJ
2013-12-03,66.9653549194336,67.38580095172871,66.63754815606049,67.12925558267222,9061100,JNJ
2013-12-04,66.72303771972656,67.16486691827454,66.36672542838294,66.81568239508813,6218500,JNJ
2013-12-05,66.25271606445312,66.72304551680324,66.03180415781101,66.57339498937844,8666200,JNJ
2013-12-06,67.30027770996094,67.32878335009275,66.57339747883685,66.70167014098259,7280400,JNJ
2013-12-09,67.30027770996094,67.32878335009275,66.77293152286467,67.20051068794703,6974500,JNJ
2013-12-10,67.08649444580078,67.54970162700278,66.958221771574,67.40005107988745,7576600,JNJ
2013-12-11,66.35249328613281,67.30740787565593,66.29548199923411,67.27177989901591,9424300,JNJ
2013-12-12,64.96284484863281,66.17430418995916,64.89870582353822,66.16004865687465,12285700,JNJ
2013-12-13,65.09825134277344,65.46169138441819,64.90584510713435,65.17664047796924,7909000,JNJ
2013-12-16,65.1125259399414,65.78951728366333,64.96287539354694,65.14815391561889,6623000,JNJ
2013-12-17,64.60659790039062,65.08405544006133,64.49257526810597,65.06267755573255,8794000,JNJ
2013-12-18,66.0175552368164,66.03181077622556,63.9723202832261,64.81321769082157,9691100,JNJ
2013-12-19,65.54722595214844,65.8465270379781,65.14815240081359,65.8465270379781,7341000,JNJ
2013-12-20,65.62562561035156,66.09596066251216,65.52585855751082,65.52585855751082,11265000,JNJ
2013-12-23,65.58283996582031,66.04604703541385,65.39043371928761,65.96053012756924,5312200,JNJ
2013-12-24,65.60419464111328,65.8393619768788,65.45454418296036,65.6897115187259,3147300,JNJ
2013-12-26,65.9462890625,65.9462890625,65.39756500988818,65.55434331063441,3459100,JNJ
2013-12-27,65.8108901977539,66.24559170129166,65.68974530316666,66.1101912679912,3511300,JNJ
2013-12-30,65.77528381347656,65.77528381347656,65.36908781714887,65.67551675731866,4370100,JNJ
2013-12-31,65.26927947998047,65.71823642303289,64.95572837720513,65.6826030210182,6348200,JNJ
2014-01-02,64.8702163696289,65.36905685100824,64.855966269884,64.94860551046145,5919600,JNJ
2014-01-03,65.45455932617188,65.71823234881023,65.03411348031193,65.0554913454379,5637600,JNJ
2014-01-06,65.796630859375,66.09593188759628,65.46882419462393,65.51157993097148,7443500,JNJ
2014-01-07,67.19337463378906,67.42854205820937,66.26696047286346,66.3025938778584,11063300,JNJ
2014-01-08,67.10074615478516,67.41429733407533,66.90120666646125,67.1078684874111,9096700,JNJ
2014-01-09,67.50691986083984,67.97012142660643,67.05083518846718,67.65657035027274,7944700,JNJ
2014-01-10,67.51404571533203,67.68507951523468,67.08647208936267,67.44278435048608,6697400,JNJ
2014-01-13,67.34302520751953,67.69220974182072,67.0294686413503,67.2503859661033,9589200,JNJ
2014-01-14,67.49981689453125,67.62808956644575,67.21476590839953,67.41429996762314,7567300,JNJ
2014-01-15,67.55680847167969,67.89173743801756,67.35014670294329,67.44991370345137,7390700,JNJ
2014-01-16,67.44277954101562,67.76345837840103,67.15060633491454,67.4142739097313,8401100,JNJ
2014-01-17,67.7420883178711,67.82047745370987,67.25750340400126,67.49979857938311,13714400,JNJ
2014-01-21,67.00810241699219,67.77061065976288,66.0033043760024,67.64946576065333,16368400,JNJ
2014-01-22,67.21476745605469,67.37867354384544,66.65892101059161,66.97959997931402,8875500,JNJ
2014-01-23,66.08878326416016,66.84416880159299,65.85362135156248,66.80140764184497,9322300,JNJ
2014-01-24,64.57093048095703,65.99618001292934,64.57093048095703,65.64699539992687,10604200,JNJ
2014-01-27,64.09346008300781,64.67781205411805,64.02932104000232,64.35000538124103,8685200,JNJ
2014-01-28,64.2074966430664,64.5638090611044,63.98658468368958,64.54955895661713,8254400,JNJ
2014-01-29,63.35235595703125,63.92958039770147,63.08868278150582,63.75855194063189,11160100,JNJ
2014-01-30,63.77989196777344,63.97942595542331,63.43070748938617,63.86540886400627,6874900,JNJ
2014-01-31,63.04590606689453,63.66588605649607,62.81786638764785,63.43072404504108,12193800,JNJ
2014-02-03,61.84158706665039,63.266836846243706,61.7204421402401,63.24545896945323,13944600,JNJ
2014-02-04,61.72752380371094,62.19785305247522,61.349828327247685,61.94843561472958,11436400,JNJ
2014-02-05,62.1978645324707,62.4757876482402,61.62776820338424,61.63489053371129,10667300,JNJ
2014-02-06,63.24542236328125,63.2525501303847,62.39027516523927,62.44728099138699,10037900,JNJ
2014-02-07,64.16473388671875,64.16473388671875,63.14568026492222,63.36659220017821,9435100,JNJ
2014-02-10,64.89871978759766,64.90584755567357,63.99368897014131,64.30724008585925,8080200,JNJ
2014-02-11,66.25271606445312,66.25271606445312,64.81321119454748,64.91297821283067,11556300,JNJ
2014-02-12,65.86077880859375,66.26697470304896,65.52584430253683,66.23846906031056,7696100,JNJ
2014-02-13,65.96053314208984,66.00329431641349,65.35480330196644,65.56146509436513,5926000,JNJ
2014-02-14,66.10305786132812,66.23845283505094,65.58283952334797,65.9890353183046,5485100,JNJ
2014-02-18,65.68260955810547,66.16719451450729,65.62559828396542,66.11018324036722,6926500,JNJ
2014-02-19,65.304931640625,66.09594554790192,65.25504812561184,65.66837178537544,7693400,JNJ
2014-02-20,65.83226013183594,66.08168309719025,65.06975200946157,65.34055284341326,8160100,JNJ
2014-02-21,65.68873596191406,66.2126979322356,65.63849348333689,65.93277476930282,7381500,JNJ
2014-02-24,65.39443969726562,66.07630247553622,65.38726063799457,65.63847295230386,8406700,JNJ
2014-02-25,65.39443969726562,65.93993320549275,65.07145321829908,65.73895787802758,6383400,JNJ
2014-02-26,65.39443969726562,65.70307353370782,65.15040096620965,65.39443969726562,6334100,JNJ
2014-02-27,65.57386016845703,65.61692356043811,65.1360307632618,65.43031187784258,7040300,JNJ
2014-02-28,66.119384765625,66.49261378315254,65.35856313309681,65.61695455908466,9643700,JNJ
2014-03-03,65.71741485595703,66.01887505721734,65.19345861579811,65.40878107267912,7506700,JNJ
2014-03-04,66.9950180053711,67.08115027967347,66.21267038218903,66.37057681373479,8796300,JNJ
2014-03-05,66.45670318603516,66.9663122940361,66.30597581398506,66.94477511858568,6842500,JNJ
2014-03-06,66.67202758789062,67.21752100727437,66.62178513321165,66.88735552281014,7718300,JNJ
2014-03-07,66.98067474365234,67.095517792137,66.52849256128438,67.01656456530829,6792000,JNJ
2014-03-10,67.07398986816406,67.10270063424664,66.60027591784835,66.87301998160476,4878200,JNJ
2014-03-11,67.1026840209961,67.28930121632088,66.81558190726965,67.2605904573465,5837200,JNJ
2014-03-12,67.181640625,67.19599874321949,66.49977786205028,66.62179448682778,6154900,JNJ
2014-03-13,66.75098419189453,67.61228502331858,66.73663155097823,67.36107273715466,7659400,JNJ
2014-03-14,66.61460876464844,67.06679635103295,66.36339648111098,66.66485122135593,7337800,JNJ
2014-03-17,67.41851043701172,67.59794860963488,66.88019591914227,66.9376174486261,5872600,JNJ
2014-03-18,67.42568969726562,67.64101221944124,67.09552411578159,67.39697893243851,5891900,JNJ
2014-03-19,67.17447662353516,67.72714930250083,66.69358359972159,67.38980463695378,5937600,JNJ
2014-03-20,67.55488586425781,67.60512833404519,66.72229010661728,67.12422986491629,5727400,JNJ
2014-03-21,68.85401153564453,68.85401153564453,67.38261642124023,68.02141583796725,23988800,JNJ
2014-03-24,68.33006286621094,68.49514841602725,67.8563488761635,68.40184252544708,13944100,JNJ
2014-03-25,69.8947525024414,70.12443313605644,68.6889278069579,68.6889278069579,14167300,JNJ
2014-03-26,69.65789794921875,70.67710541372257,69.65789794921875,69.9880635161981,11215100,JNJ
2014-03-27,69.82295989990234,70.12441462519314,69.09085478476518,69.67941159529249,8694600,JNJ
2014-03-28,69.93779754638672,70.49764355773813,69.5932739753924,69.98803999673835,8816000,JNJ
2014-03-31,70.50483703613281,70.77040198115964,70.05982847341413,70.3397515363447,7545700,JNJ
2014-04-01,70.29668426513672,70.82781960197116,69.88756554368014,70.56224919554533,7068500,JNJ
2014-04-02,70.50483703613281,70.61967459927529,69.88756939069165,70.34693059529658,7995600,JNJ
2014-04-03,70.52637481689453,70.58379086540673,70.00241298858813,70.31822589748612,5471200,JNJ
2014-04-04,70.64119720458984,71.33023892277855,70.56942305236501,70.78475098505632,10309700,JNJ
2014-04-07,70.26079559326172,71.31589270158379,70.21773219325422,70.61967186270365,11409200,JNJ
2014-04-08,70.38279724121094,70.86369550175608,69.98085765724831,70.36126554578667,9601800,JNJ
2014-04-09,71.02161407470703,71.05750389334298,70.18184488839354,70.64120609164284,8921300,JNJ
2014-04-10,69.29182434082031,71.00725231173047,69.27746622480329,70.95700985770445,9667800,JNJ
2014-04-11,69.52870178222656,69.76555599701499,68.94014482314294,69.04780334076578,8710700,JNJ
2014-04-14,69.72248840332031,69.8803948543762,69.08368901569814,69.82297333107991,8617200,JNJ
2014-04-15,71.20105743408203,71.20823649353886,70.37564630513664,70.66274297119527,13999100,JNJ
2014-04-16,70.87808227539062,71.56712424089496,70.39001019865604,71.46663929651008,11308000,JNJ
2014-04-17,71.02879333496094,71.52404435824994,70.83500255142297,70.83500255142297,9153500,JNJ
2014-04-21,71.77526092529297,71.86856679312943,70.82064864074229,71.06468737541756,7031400,JNJ
2014-04-22,71.90445709228516,72.31357586323995,71.58864418978747,71.77526140271955,7937900,JNJ
2014-04-23,71.93316650390625,72.17719975960684,71.71783853333228,71.94751914646956,5876000,JNJ
2014-04-24,71.74652862548828,72.04080973542733,71.45225299156542,71.9474984195851,6149900,JNJ
2014-04-25,71.62451171875,71.9618562185118,71.34458872448302,71.75370736810524,5895900,JNJ
2014-04-28,72.73703002929688,72.85187304879771,71.86137664767756,72.17718399927172,8792900,JNJ
2014-04-29,72.51454162597656,73.19640985642559,72.46429916487128,72.94519207488158,7811200,JNJ
2014-04-30,72.70117950439453,72.97392358853129,72.27770251805632,72.37818746884454,8513600,JNJ
2014-05-01,72.15565490722656,72.51453114209868,71.72500452058337,72.32791396668048,6590500,JNJ
2014-05-02,71.28001403808594,72.0480091558264,70.97138017903035,71.89728175619715,8744200,JNJ
2014-05-05,71.77526092529297,71.8972775546217,71.0862190775323,71.26565722984553,5438200,JNJ
2014-05-06,71.42357635498047,71.7896263079264,71.42357635498047,71.7896263079264,5795900,JNJ
2014-05-07,72.4284439086914,72.52892887125623,71.30874572065237,71.66762215153237,8720800,JNJ
2014-05-08,72.1341323852539,72.55760376778343,72.03364746478869,72.25614900638776,5667900,JNJ
2014-05-09,72.4284439086914,72.67247725320033,72.0695674778114,72.3925540751955,5691700,JNJ
2014-05-12,72.14849853515625,72.66528135202867,72.07672436081697,72.66528135202867,7437300,JNJ
2014-05-13,72.50735473632812,72.84469928561016,72.22743170097004,72.42122794145915,6183200,JNJ
2014-05-14,72.3996810913086,72.56476106427168,72.32790147591683,72.45709711719985,4187200,JNJ
2014-05-15,72.27051544189453,72.37817395762822,72.06954557783418,72.23462561930457,7007600,JNJ
2014-05-16,72.19155883789062,72.41406039469526,71.87574593712183,72.18437977850465,6516900,JNJ
2014-05-19,72.2346420288086,72.44279099987564,71.86858656410313,71.93318716423671,6997200,JNJ
2014-05-20,71.95469665527344,72.4786584518369,71.74654774847522,72.3566363505982,5438400,JNJ
2014-05-21,72.5934829711914,72.63654636623167,72.15565353489319,72.20589598777904,5302500,JNJ
2014-05-22,72.96932220458984,73.00546214939983,72.33329998087643,72.69467737225071,5124900,JNJ
2014-05-23,72.9837875366211,73.11388363082541,72.75972978238026,73.02715106329522,5275700,JNJ
2014-05-27,72.86090087890625,73.25841817686998,72.47061267204573,73.0705004074525,4524400,JNJ
2014-05-28,72.49230194091797,72.94763543769919,72.36220586838319,72.75971766310873,4352700,JNJ
2014-05-29,72.82477569580078,72.85368654970259,72.38389482361607,72.6802214262918,3685200,JNJ
2014-05-30,73.33071899414062,73.38854071545963,72.6730148352313,72.78142366997585,5973900,JNJ
2014-06-02,73.84385681152344,73.90890761109068,73.00546410841221,73.38852327127884,5845400,JNJ
2014-06-03,74.05347442626953,74.15465968211241,73.60536435454898,73.65596249665332,6681300,JNJ
2014-06-04,74.21247100830078,74.23415277234672,73.67763394316657,73.88723351924749,5608600,JNJ
2014-06-05,74.60273742675781,74.70392263875483,74.0245314889059,74.28472360952121,4730900,JNJ
2014-06-06,74.5738525390625,74.68226687942344,74.32811299996553,74.62444516267328,4624000,JNJ
2014-06-09,74.60273742675781,74.6099665173806,74.21244924583485,74.49432312413802,3748800,JNJ
2014-06-10,75.23880767822266,75.25326586871729,74.27754203513733,74.78347393295361,5792100,JNJ
2014-06-11,74.67500305175781,75.274890677097,74.53767791689756,75.0291512523039,5960500,JNJ
2014-06-12,74.10404968261719,74.59552317329195,74.08959701267746,74.57384141129157,5930700,JNJ
2014-06-13,74.10404968261719,74.19078224480036,73.84385751024928,74.08959701267746,4301600,JNJ
2014-06-16,74.04621887207031,74.36423271346723,73.60533805165402,74.09681148191247,5645500,JNJ
2014-06-17,73.67041778564453,73.86555921050348,73.2729003277316,73.81496658078574,4834600,JNJ
2014-06-18,74.30641174316406,74.32086992565023,73.61979695795699,73.65593689999146,5445000,JNJ
2014-06-19,75.02919006347656,75.0725591103916,74.30643510896337,74.39316768861073,5481500,JNJ
2014-06-20,76.08439636230469,76.23617972476448,75.21709279666305,75.43392144516426,12459700,JNJ
2014-06-23,75.70856475830078,75.97598601749272,75.48451253644198,75.82420817228048,6063200,JNJ
2014-06-24,75.5929183959961,76.05548651969201,75.56401305781004,75.62182924836343,5915000,JNJ
2014-06-25,76.43853759765625,76.51804105473157,75.33272380365682,75.33272380365682,6411100,JNJ
2014-06-26,76.35905456542969,76.59033590764547,75.91094455243194,76.49637424368827,5106900,JNJ
2014-06-27,75.88202667236328,76.31567845960983,75.4917384095869,76.22895141066951,6463000,JNJ
2014-06-30,75.61461639404297,76.61201612834417,75.5423364957838,76.33737126317828,6877800,JNJ
2014-07-01,76.51805877685547,76.61201492325962,75.8820309729444,75.9976743969944,5129200,JNJ
2014-07-02,76.51082611083984,76.5903295826155,76.10608517393236,76.39518269219103,3764900,JNJ
2014-07-03,76.19281005859375,76.79269786887892,75.96875783405558,76.51805302866498,4199100,JNJ
2014-07-07,76.95169830322266,77.14683965742496,76.08438930386077,76.19280361805365,7014900,JNJ
2014-07-08,76.40961456298828,76.79267360552826,76.26506033945823,76.76376276082226,6268400,JNJ
2014-07-09,76.64090728759766,76.76377426036936,76.40962600948244,76.61199643856068,5720900,JNJ
2014-07-10,76.46745300292969,76.61200174394396,75.54232231222284,75.94706871258865,4955100,JNJ
2014-07-11,75.96155548095703,76.61926523044114,75.78809581103582,76.49639267982111,5461000,JNJ
2014-07-14,76.16390228271484,76.24340575544419,75.96876090413122,76.16390228271484,7784800,JNJ
2014-07-15,74.6461181640625,76.22895301062493,74.2775116557846,76.05549339492194,14219700,JNJ
2014-07-16,73.87998962402344,74.92798178027184,73.6848427583451,74.82679655887604,11946800,JNJ
2014-07-17,72.54290008544922,73.79326278124374,72.46339661760317,73.64871402925895,11218900,JNJ
2014-07-18,73.57644653320312,73.69208444276767,72.54290686874225,72.75973001699398,8408400,JNJ
2014-07-21,73.19338989257812,73.4174476722295,73.0127011587013,73.3162624223931,6379900,JNJ
2014-07-22,74.0606918334961,74.1112844534342,73.56198921254772,73.65595087399133,6554100,JNJ
2014-07-23,73.85832214355469,74.39315920493131,73.63426438356255,74.29920305666498,4815300,JNJ
2014-07-24,73.86554718017578,74.24861190185887,73.73545108006395,73.96673242313142,5177200,JNJ
2014-07-25,73.80049896240234,74.0100985328415,73.57644672104895,73.9161368722621,3951500,JNJ
2014-07-28,73.80049896240234,74.0100985328415,73.47526148210342,73.64149201143594,4634800,JNJ
2014-07-29,73.69210815429688,74.08962565860512,73.49696670666246,74.04625660365457,6053900,JNJ
2014-07-30,73.93782806396484,74.33533994824201,73.58367419472565,73.91614078517249,5994800,JNJ
2014-07-31,72.34053039550781,73.60535138485791,72.3116250539456,73.55475876585119,9141500,JNJ
2014-08-01,72.20320129394531,72.5718077638166,71.40817216444701,72.10201606914632,8610700,JNJ
2014-08-04,72.39112091064453,72.55012232923185,71.7840040322716,72.26824840811699,6790800,JNJ
2014-08-05,72.14537048339844,72.44892611947884,71.95022914996974,72.15259957402334,6230900,JNJ
2014-08-06,72.78864288330078,72.87537545350612,71.98638452999312,72.03697715073405,7412100,JNJ
2014-08-07,72.22489166259766,73.13556430850952,71.97192857045043,73.06328441288301,7417800,JNJ
2014-08-08,73.0560302734375,73.10662287070276,72.10921807578845,72.42723183812977,5618400,JNJ
2014-08-11,73.11387634277344,73.56198077822384,73.00546202271302,73.44634288055907,5703000,JNJ
2014-08-12,72.73079681396484,73.15722491527926,72.49951555171677,72.99821801357491,4577700,JNJ
2014-08-13,73.53308868408203,73.68486656521371,73.10666590102392,73.10666590102392,4563700,JNJ
2014-08-14,73.73543548583984,73.75712275975701,73.3596054506574,73.64147935558948,5239400,JNJ
2014-08-15,73.12110900878906,74.03901078331681,72.85369323547444,73.8727747366714,6986000,JNJ
2014-08-18,74.22689056396484,74.24134874299982,73.5402759426537,73.6631428935528,5979500,JNJ
2014-08-19,74.41484069824219,74.41484069824219,73.73544935640841,74.24861016620757,5670000,JNJ
2014-08-20,74.59552764892578,74.66057845301152,74.2269211302584,74.34979364593548,5183000,JNJ
2014-08-21,75.30381774902344,75.47004825045178,74.68224823459346,74.68224823459346,8357600,JNJ
2014-08-22,75.02005767822266,75.69676648101245,74.92546600418035,75.4057079166387,5076300,JNJ
2014-08-25,75.11463928222656,75.53666828374514,75.01276408712432,75.42024821309563,3678200,JNJ
2014-08-26,75.26741790771484,75.47115712501548,75.07095112569115,75.2892463165003,3512400,JNJ
2014-08-27,75.10736083984375,75.4711825795822,74.88179313767925,75.38386336351248,4786100,JNJ
2014-08-28,74.910888671875,75.08552709161279,74.736255803616,74.87450983137205,3482200,JNJ
2014-08-29,75.47846984863281,75.50029826746419,74.95456559076038,75.0200508472545,5287800,JNJ
2014-09-02,75.20923614501953,75.4639102717139,74.96183445660243,75.16557930943753,4644800,JNJ
2014-09-03,75.50028228759766,75.74767838396424,75.34019984807637,75.5439391160203,4725800,JNJ
2014-09-04,75.55850982666016,75.74769871974713,75.50030255696277,75.66765747849804,6147700,JNJ
2014-09-05,75.98053741455078,75.98053741455078,75.1946810558917,75.61671564311376,5744400,JNJ
2014-09-08,75.71131134033203,76.09696152209494,75.55122887586904,75.98053589285657,4900300,JNJ
2014-09-09,75.52940368652344,75.9659887118687,75.34749279667292,75.9659887118687,5999400,JNJ
2014-09-10,76.39527130126953,76.64994535527042,75.64579956314775,75.81315997090721,7402200,JNJ
2014-09-11,76.07512664794922,76.32252276186482,75.74768375711619,76.24248153642645,4834100,JNJ
2014-09-12,76.09696197509766,76.26431687877464,75.64582098633264,76.0678555676148,5929200,JNJ
2014-09-15,76.19883728027344,76.33709133820699,75.92960715468703,76.10424006106416,4525500,JNJ
2014-09-16,77.04289245605469,77.08655484144295,75.89321993511246,76.031468426317,6081400,JNJ
2014-09-17,77.26848602294922,77.58864547487933,76.9847054250098,77.04291270169111,6627800,JNJ
2014-09-18,78.112548828125,78.1562112244296,77.15205938163541,77.26120704517575,6628700,JNJ
2014-09-19,78.57820129394531,78.85470931103029,78.308976816019,78.50543807157274,13033400,JNJ
2014-09-22,78.49818420410156,78.76741431623246,78.42542095937095,78.58550342866612,5788300,JNJ
2014-09-23,78.19257354736328,78.65826496530211,77.99611223570892,78.41814126657376,8108100,JNJ
2014-09-24,79.05119323730469,79.14578489836872,78.1052544207459,78.36720653759356,5890900,JNJ
2014-09-25,77.93060302734375,78.98568923404376,77.90877461470139,78.97113325796333,5688200,JNJ
2014-09-26,77.93060302734375,78.21438349465106,77.27572289068137,78.15617624476418,4467500,JNJ
2014-09-29,77.52315521240234,77.60319645809845,77.1593333870493,77.40672956357874,6581600,JNJ
2014-09-30,77.55952453613281,78.01066554268246,77.45765488166674,77.49403928032454,6822500,JNJ
2014-10-01,75.89324951171875,77.33398110697757,75.63856974405323,77.1156913008834,12263700,JNJ
2014-10-02,75.5657958984375,76.06787181969734,75.12921079587626,75.71860040675989,7566100,JNJ
2014-10-03,76.49715423583984,76.54081661803724,75.76951078264501,75.84227956914768,6856100,JNJ
2014-10-06,76.30070495605469,77.13021817914598,75.94416116228243,76.89737245953228,5015100,JNJ
2014-10-07,74.50342559814453,76.0096475843819,74.4670411986082,76.0096475843819,8407800,JNJ
2014-10-08,76.33708190917969,76.42439557584342,74.24874307496295,74.53252359457869,8337000,JNJ
2014-10-09,74.27786254882812,76.30071093745055,74.06684523146733,76.13335046110224,10675900,JNJ
2014-10-10,73.65938568115234,74.60531930778629,73.65938568115234,74.47434319930076,9984100,JNJ
2014-10-13,72.1240005493164,73.82668308041875,72.05123178352716,73.82668308041875,10334600,JNJ
2014-10-14,70.58870697021484,73.41924012126665,69.37353794288065,73.15000999157368,20807400,JNJ
2014-10-15,71.46188354492188,71.83298336781888,69.19891130672421,69.89017611811907,21905900,JNJ
2014-10-16,70.42134094238281,71.30906694979042,70.21760163933443,70.55959499151406,14575300,JNJ
2014-10-17,71.81842803955078,72.14587102208115,70.80700378193065,70.9743642687547,12272900,JNJ
2014-10-20,72.18225860595703,72.18225860595703,71.541934097158,71.91303396832217,7988900,JNJ
2014-10-21,73.02630615234375,73.04085658049945,72.28410663237138,72.64065596420187,7287300,JNJ
2014-10-22,73.65205383300781,74.06681028135495,73.14270020513109,73.5647346407061,9360100,JNJ
2014-10-23,74.67805480957031,74.93273449076999,74.17598453997363,74.40883025164331,7570400,JNJ
2014-10-24,75.04188537597656,75.1583110211964,74.3724545704035,74.91090930084442,5973100,JNJ
2014-10-27,75.72586059570312,75.84955866124389,74.97638866139448,74.9982170786688,7043900,JNJ
2014-10-28,76.2497787475586,76.25705673847293,75.35477461543206,76.07514582597798,10347800,JNJ
2014-10-29,76.8100357055664,76.8100357055664,76.30068754497721,76.40255717709505,8188300,JNJ
2014-10-30,77.88695526123047,77.8942332501172,76.33707671709227,76.52626001631586,9068300,JNJ
2014-10-31,78.42539978027344,78.71645823207403,78.04702767896741,78.54182538158496,10800100,JNJ
2014-11-03,78.19257354736328,78.67282094481997,77.67594730407113,78.46180365364775,7082600,JNJ
2014-11-04,79.0366439819336,79.11668521612907,78.10525557961172,78.50546175058908,9349000,JNJ
2014-11-05,79.18215942382812,79.50232431594364,78.54910762845762,79.34951985874639,6966800,JNJ
2014-11-06,79.32041931152344,79.54598701954417,78.98570396845162,79.26220649929896,6200300,JNJ
2014-11-07,78.73102569580078,79.33497114248676,78.52728640088971,79.31314272538621,6652600,JNJ
2014-11-10,79.18215942382812,79.25492265799649,78.0033750449765,78.636426840347,7573300,JNJ
2014-11-11,79.24766540527344,79.6042092070511,78.9857132708915,79.2258314345083,6221100,JNJ
2014-11-12,79.1312026977539,79.31311350855334,78.86925068608453,79.07298990594352,4895900,JNJ
2014-11-13,79.36407470703125,79.66968363845379,78.94931814253516,79.34952427997843,4860000,JNJ
2014-11-14,78.70193481445312,79.35680961637894,78.59278716363877,79.25493995601357,5650700,JNJ
2014-11-17,78.80380249023438,79.0875830443169,78.30172664002068,78.5855071941032,5233000,JNJ
2014-11-18,79.189453125,79.35680804164494,78.3817682970735,78.68009928180058,5407200,JNJ
2014-11-19,79.13854217529297,79.17492103483282,78.65829459692067,78.91296881962641,5217800,JNJ
2014-11-20,78.71648406982422,79.00026462682088,78.35994026386328,78.98571419762006,8090700,JNJ
2014-11-21,78.99478149414062,79.63195631776986,78.81901124844943,79.63195631776986,8417400,JNJ
2014-11-24,78.27706146240234,79.26578258380125,78.10129117782245,79.03874014576408,9098000,JNJ
2014-11-25,78.1452407836914,78.5041123707938,78.1452407836914,78.3503126567373,7367900,JNJ
2014-11-26,78.51872253417969,78.54801850297203,78.07196878845737,78.19647246509875,5503700,JNJ
2014-11-28,79.2803955078125,79.69785325603418,78.60660503482914,78.81167121463848,5881200,JNJ
2014-12-01,79.11927795410156,79.69053539111337,78.62125764713117,79.01674485451662,5638800,JNJ
2014-12-02,79.47081756591797,79.48546275568643,78.73110976083666,79.0753303905567,6184400,JNJ
2014-12-03,78.89222717285156,79.82235029333198,78.8409606321579,79.49278047282041,8957400,JNJ
2014-12-04,78.77507019042969,79.31703733424212,78.6432410997234,79.16323207205495,6697600,JNJ
2014-12-05,79.47081756591797,79.63926239261008,78.5260435782718,78.75308033930655,6449700,JNJ
2014-12-08,79.47816467285156,79.74182288034264,79.19986127056046,79.40492752357879,6499300,JNJ
2014-12-09,79.1339340209961,79.44153334030696,78.28436761036393,79.25843770915023,7214300,JNJ
2014-12-10,77.80831909179688,79.06801794825165,77.74240734559497,78.8116851780743,9416400,JNJ
2014-12-11,78.15986633300781,78.59196935380078,77.16382562178201,77.52269150538038,7114600,JNJ
2014-12-12,76.48271179199219,78.26972704577442,76.45341581875888,78.10860198680905,8325500,JNJ
2014-12-15,76.13849639892578,76.94411616227957,75.89680879362886,76.73172453225827,12110600,JNJ
2014-12-16,75.25963592529297,77.05397102172809,75.06921488884181,75.78695227999728,10209200,JNJ
2014-12-17,76.21905517578125,76.52665451955411,75.21568902570043,75.63314687443093,10207600,JNJ
2014-12-18,78.22579956054688,78.23312495256846,76.70976749501965,77.35426788963326,11756800,JNJ
2014-12-19,77.302978515625,78.65055969292766,77.26635715395763,78.09394740386838,19154400,JNJ
2014-12-22,78.17449951171875,78.24041683640866,77.39085053013143,77.4055013079001,8124500,JNJ
2014-12-23,76.37284851074219,78.29901811995616,76.10919035577477,78.11592248943074,10171700,JNJ
2014-12-24,76.59986114501953,77.14182806353622,76.44606153440267,76.44606153440267,3415100,JNJ
2014-12-26,76.94409942626953,77.40550395195615,76.673121492273,76.95142481540408,2951000,JNJ
2014-12-29,77.141845703125,77.40550383522411,76.6145294389268,76.6365000186626,4273400,JNJ
2014-12-30,77.16383361816406,77.48608376037716,76.94411659617586,77.2077747875073,4371700,JNJ
2014-12-31,76.5852279663086,77.71309754198215,76.5632573881517,77.34690633900897,6202100,JNJ
2015-01-02,76.54861450195312,77.30297315145361,76.26298578120081,76.93678191073168,5753600,JNJ
2015-01-05,76.01399230957031,76.70243375596925,75.93342977487956,76.51933810215131,8079300,JNJ
2015-01-06,75.64044189453125,76.89281493788458,75.39143459839906,76.41676533262978,7428000,JNJ
2015-01-07,77.31029510498047,77.50804150954981,76.02862572678048,76.10186844707137,7931700,JNJ
2015-01-08,77.91816711425781,77.9914042405144,77.44944280105416,77.67647956873996,9916000,JNJ
2015-01-09,76.8562240600586,77.99873901247982,76.71706959208696,77.99873901247982,7364800,JNJ
2015-01-12,76.59256744384766,77.50072022973518,76.38750122648293,77.02467046077544,6839000,JNJ
2015-01-13,76.72438049316406,77.8742206182454,76.3435385225188,77.22240074026112,10151100,JNJ
2015-01-14,76.16779327392578,76.4827180273138,75.80892735092326,76.06526015306791,8887700,JNJ
2015-01-15,75.0618896484375,76.11652235995331,74.66640238161906,75.41343574815467,10834800,JNJ
2015-01-16,76.19707489013672,76.62185807514624,74.70301394080442,74.74695510213819,14092300,JNJ
2015-01-20,74.18302154541016,74.73963379081394,73.42866849036331,74.37344255340209,20460000,JNJ
2015-01-21,74.62976837158203,74.77624261789053,73.53119476136531,73.64837304088525,11702900,JNJ
2015-01-22,75.99199676513672,76.04326330786152,74.38807757646437,74.98863090022665,9036600,JNJ
2015-01-23,74.84950256347656,75.41344031774715,74.65908710274263,75.39146973286525,10126000,JNJ
2015-01-26,74.89344787597656,75.0325967734228,74.1244438941296,74.55655254313612,8962800,JNJ
2015-01-27,74.7689437866211,75.26696422365096,73.9193827985327,74.57852831631286,10160500,JNJ
2015-01-28,74.32217407226562,75.3841263981092,74.29287810351781,75.05455652805698,9053200,JNJ
2015-01-29,74.9813003540039,75.03989228098291,73.72892724990486,74.34413130791688,7569300,JNJ
2015-01-30,73.34078216552734,74.70301404512573,73.30416080594142,74.39541474008995,10676300,JNJ
2015-02-02,73.84613037109375,73.86077556284273,72.78417237114988,73.59711741027978,8990700,JNJ
2015-02-03,75.0399169921875,75.11315413121193,74.05852703646198,74.2635932607846,10005200,JNJ
2015-02-04,74.23429870605469,75.03259303565451,73.98528572345106,74.7909110310196,9514100,JNJ
2015-02-05,75.0399169921875,75.11315413121193,74.30753442667215,74.38809695588968,6642200,JNJ
2015-02-06,74.04387664794922,75.03259199910057,73.84613581277317,74.78358460757255,9215700,JNJ
2015-02-09,73.07711791992188,74.01456653564026,72.57909764436717,74.01456653564026,9851700,JNJ
2015-02-10,73.49458312988281,73.75091588865469,72.820792567501,73.37740483485926,12275500,JNJ
2015-02-11,73.51657104492188,73.81685062430905,73.20164627056683,73.57516300006617,8177000,JNJ
2015-02-12,72.09576416015625,73.6337669128181,71.15098968366634,73.6044709304885,25835200,JNJ
2015-02-13,72.95995330810547,72.9965690838601,72.01517912652156,72.0957416558715,11153600,JNJ
2015-02-17,73.56050872802734,73.58980470198449,72.5937639379846,72.79150477765066,8627100,JNJ
2015-02-18,73.20893859863281,73.92667575590886,72.78415549713544,73.75089996986134,7878200,JNJ
2015-02-19,73.75093078613281,73.85346391035296,72.95263637789934,73.20164379739508,10028200,JNJ
2015-02-20,73.94268035888672,74.02380682803896,73.09454358022643,73.88367826736707,10085700,JNJ
2015-02-23,73.8836898803711,74.31881771353615,73.60343834172666,74.29669333242606,6878200,JNJ
2015-02-24,74.26718139648438,74.52531414293354,73.75092715708446,73.93530447497717,6587200,JNJ
2015-02-25,74.64330291748047,74.70230500189294,73.86892165987354,74.44417791602396,9684000,JNJ
2015-02-26,75.81595611572266,76.09620761605312,74.65069010473147,74.76868866343668,11437900,JNJ
2015-02-27,75.60209655761719,76.20685409164719,75.57997217402779,75.99297567236515,8500000,JNJ
2015-03-02,76.12570190429688,76.26583045539671,75.60207103801426,75.60207103801426,7277600,JNJ
2015-03-03,75.47669982910156,76.03720847829432,75.08582079640445,76.03720847829432,6419700,JNJ
2015-03-04,74.96781158447266,75.31444181004302,74.6138046913852,75.31444181004302,8665500,JNJ
2015-03-05,75.60945129394531,76.11833451375117,75.2259489320224,75.27757435818029,8042300,JNJ
2015-03-06,73.83204650878906,75.54306762880019,73.66241691691248,75.29231157473245,9287600,JNJ
2015-03-09,74.23764038085938,74.42938862243778,73.57388131877251,73.89838137276828,5701100,JNJ
2015-03-10,73.40430450439453,74.0754407118983,73.38955679320479,73.7435581292564,8735700,JNJ
2015-03-11,72.51189422607422,73.6255345385574,72.4381444416891,73.6255345385574,9138100,JNJ
2015-03-12,73.62555694580078,73.92793284182935,72.88804762399991,72.98392181020417,8318000,JNJ
2015-03-13,73.16828155517578,73.78779216250331,72.74790156785463,73.64028695754521,7821800,JNJ
2015-03-16,74.53266906738281,74.54004573399315,73.55915726449227,73.55915726449227,7726500,JNJ
2015-03-17,73.6697769165039,74.13440558204499,73.31577573135282,73.83202980417623,7301500,JNJ
2015-03-18,74.82769775390625,75.03419947101395,73.1092996230818,73.66980830290969,7972500,JNJ
2015-03-19,74.997314453125,75.19643946694342,74.42205816126202,74.51793233432291,6863100,JNJ
2015-03-20,75.52094268798828,75.88969728546209,75.04893725336167,75.1300637149458,12433800,JNJ
2015-03-23,75.94871520996094,76.22159006787827,75.39558319839905,75.57258386660891,9016000,JNJ
2015-03-24,75.19642639160156,76.13306608999945,75.17430201910754,75.83806132766749,8390700,JNJ
2015-03-25,74.00166320800781,75.59468562544157,74.00166320800781,75.11530356685745,8444100,JNJ
2015-03-26,73.8541488647461,74.34827853131277,73.42639230559271,73.71402035787762,9972400,JNJ
2015-03-27,74.00166320800781,74.45154422626004,73.86154029986643,73.95741446088402,5847400,JNJ
2015-03-30,74.89405822753906,75.12268426895713,74.31142530987033,74.66542655937259,6061200,JNJ
2015-03-31,74.19342803955078,74.84981080965701,74.18605137169877,74.4663084825861,8028000,JNJ
2015-04-01,73.1240463256836,74.09018168309092,72.72579063879259,74.09018168309092,11368100,JNJ
2015-04-02,73.48542022705078,73.7435473357136,72.93228829702375,73.33792062974315,6097100,JNJ
2015-04-06,73.13141632080078,73.4264155048393,72.30540397594618,72.89540797077196,9697600,JNJ
2015-04-07,73.82466888427734,74.39255411225369,73.33053907679042,73.41904220532855,7900300,JNJ
2015-04-08,73.86894226074219,74.08281502957327,73.45593318142171,73.63293385727333,7354100,JNJ
2015-04-09,74.73184204101562,74.96784486559515,73.99433251086074,74.17133322260759,8073900,JNJ
2015-04-10,75.27017211914062,75.32917419377694,74.43678891520615,74.73179366164011,6786500,JNJ
2015-04-13,74.15653991699219,75.21117812180152,74.15653991699219,74.88667232747628,10753500,JNJ
2015-04-14,74.13442993164062,74.82769045148973,73.89105614694293,74.52531457430504,9322200,JNJ
2015-04-15,74.19342803955078,74.66543350059911,73.99430302153777,74.14917928593654,8237100,JNJ
2015-04-16,73.59603118896484,73.98691009800768,73.58127785650227,73.95003239359895,7324800,JNJ
2015-04-17,73.44116973876953,73.64029475310704,73.09453950385902,73.2862934772295,11084200,JNJ
2015-04-20,73.90576934814453,74.39989898181523,73.78777084501637,73.94264704541705,6668500,JNJ
2015-04-21,73.97217559814453,74.48105312399666,73.86892475946446,74.2376793623929,6532700,JNJ
2015-04-22,74.06804656982422,74.34092698983342,73.72141635776477,74.2155461539247,4763900,JNJ
2015-04-23,74.09015655517578,74.35566025639001,73.68452996430491,74.11965759161596,7351500,JNJ
2015-04-24,74.54743194580078,74.8793088380368,73.75092065233586,73.83204711519333,6566900,JNJ
2015-04-27,74.17868041992188,74.93093736601446,74.09755395369878,74.60643712787106,9113900,JNJ
2015-04-28,74.29669952392578,74.45157583135298,73.24206079804014,74.08282111078807,7484600,JNJ
2015-04-29,74.03854370117188,74.2007966157288,73.67716579031672,74.12704682549793,8926200,JNJ
2015-04-30,73.1609115600586,73.86154868731974,72.84378237391378,73.80254659995587,10170600,JNJ
2015-05-01,73.8467788696289,74.03853279738793,73.47065330681957,73.47065330681957,6255000,JNJ
2015-05-04,74.00904846191406,74.1565536806883,73.86892553751449,73.99430075341101,5532400,JNJ
2015-05-05,73.38216400146484,73.96479693357072,73.22728774762635,73.84679276298033,8828000,JNJ
2015-05-06,73.1387939453125,73.65505381734887,72.76266826378158,73.47067649735358,8030800,JNJ
2015-05-07,73.50016021728516,73.75091061252874,72.94702838769119,72.96915276059528,6401600,JNJ
2015-05-08,74.83505249023438,74.98255206586794,74.07541898490007,74.10492002537642,7508600,JNJ
2015-05-11,74.51055908203125,74.97519351348676,74.4958113727108,74.72443744104665,5698900,JNJ
2015-05-12,74.09754180908203,74.52529844692174,73.95741327643675,74.39991762083216,6903100,JNJ
2015-05-13,74.15653991699219,74.58429090517362,74.09753784043347,74.25241407133932,5826800,JNJ
2015-05-14,75.10055541992188,75.13005646008087,74.45154378992004,74.46629712337358,5454000,JNJ
2015-05-15,75.44719696044922,75.46194466937368,74.98256254146928,75.21119423041537,6023500,JNJ
2015-05-18,76.27320098876953,76.95170811013531,75.46194198481055,75.49881969593316,10479600,JNJ
2015-05-19,76.67144775390625,76.78945191442845,76.15519361849177,76.45019839304922,7724100,JNJ
2015-05-20,76.40595245361328,77.05496415463098,76.19207410911869,77.01070977617606,7146500,JNJ
2015-05-21,76.08649444580078,76.74023871279387,76.02706211829619,76.45051320093236,6875600,JNJ
2015-05-22,75.29163360595703,76.07909807005178,75.27677835242204,75.9750886241835,6216600,JNJ
2015-05-26,74.89791107177734,75.44022139388814,74.71961967411382,75.20249764107632,7918900,JNJ
2015-05-27,75.12818145751953,75.33619463711769,74.88303298589317,75.03903861975708,9297900,JNJ
2015-05-28,75.14306640625,75.55165110147814,74.89048172699461,75.03906261708055,5700100,JNJ
2015-05-29,74.39270782470703,75.49218313909701,74.16241465570965,75.44018127294346,9957800,JNJ
2015-06-01,74.31843566894531,74.73445068446154,74.08071199325326,74.49672700876948,7298100,JNJ
2015-06-02,74.27388000488281,74.4670266357518,73.6201355072318,74.22930290963707,8312400,JNJ
2015-06-03,74.35556030273438,74.60814484082641,74.16983854475838,74.52642681389472,5375200,JNJ
2015-06-04,73.71669006347656,74.63786848845426,73.59039494787395,74.24413922889842,8057900,JNJ
2015-06-05,73.24124908447266,73.58298219698244,72.95152351898892,73.53840510921435,7557300,JNJ
2015-06-08,72.77320098876953,73.53094881056356,72.77320098876953,73.24864815752066,7054600,JNJ
2015-06-09,72.95894622802734,73.2041003474807,72.65436544416217,73.12981276613158,7844300,JNJ
2015-06-10,73.45671081542969,73.95444972663915,72.95154711034095,73.1595603623741,10025100,JNJ
2015-06-11,73.72412872314453,74.14014943509126,73.4195478994595,73.69441255316406,6175200,JNJ
2015-06-12,73.0629653930664,73.7167098495605,72.8921044866866,73.45669475830198,8717200,JNJ
2015-06-15,72.4240493774414,72.70635005442921,72.06746680452119,72.61720157731025,6833500,JNJ
2015-06-16,73.07038879394531,73.16696209397024,72.1343492920721,72.43150531924549,6049500,JNJ
2015-06-17,73.34528350830078,73.63500917252887,72.91440740896303,73.08526835567103,6155800,JNJ
2015-06-18,74.55615234375,74.69730271123723,73.3303874535278,73.44182165587145,8815800,JNJ
2015-06-19,74.1847152709961,74.43729419514426,74.12528293550966,74.19957052097797,11653600,JNJ
2015-06-22,74.35556030273438,74.91272557666234,74.28127273309963,74.7344342759833,5055900,JNJ
2015-06-23,74.12529754638672,74.5561735619244,73.90243474605316,74.36302126741084,6046600,JNJ
2015-06-24,73.7909927368164,74.14757544689004,73.59784046265486,73.92471267003901,7254700,JNJ
2015-06-25,73.63495635986328,74.27383958885791,73.62752590340214,73.91725135983255,6581100,JNJ
2015-06-26,74.02128601074219,74.38529918056267,73.73156043324302,73.86528036653341,9041100,JNJ
2015-06-29,72.56519317626953,73.80581294853535,72.52062177561578,73.53094842080085,11150900,JNJ
2015-06-30,72.40179443359375,73.13725126199175,72.28293541471801,73.12239601004987,8967900,JNJ
2015-07-01,73.1521224975586,73.30812816995915,72.53552460108426,73.02583300101259,6726700,JNJ
2015-07-02,73.12979888916016,73.56066904633568,73.04065040779037,73.43437961522868,6091900,JNJ
2015-07-06,72.95150756835938,73.17437595513108,71.79260555981496,72.58749449322555,6817800,JNJ
2015-07-07,73.48637390136719,73.53095097134447,72.44633106374489,73.27093601110576,7122600,JNJ
2015-07-08,72.63206481933594,73.24123197727029,72.57263816249188,73.11494253828134,6845500,JNJ
2015-07-09,73.10010528564453,73.94699628276463,73.10010528564453,73.58298312345718,7316400,JNJ
2015-07-10,73.93959045410156,74.20703040204776,73.61271814710472,74.12531232529855,6969300,JNJ
2015-07-13,74.48928833007812,74.64529961146064,74.19213801908771,74.32585792614495,6986300,JNJ
2015-07-14,74.12529754638672,74.1995851464979,73.21154929623606,73.73899862514021,9890600,JNJ
2015-07-15,74.60074615478516,74.98705074985195,74.01386446950417,74.1104434521612,7990300,JNJ
2015-07-16,75.11334991455078,75.29907177554655,74.86819569776883,74.99448520297841,5775000,JNJ
2015-07-17,74.34814453125,74.9647422027871,74.25899603620812,74.94988128639064,8054200,JNJ
2015-07-20,74.56358337402344,74.77159086384526,74.36300067471022,74.6601566606467,5016200,JNJ
2015-07-21,74.5412826538086,74.8904404684261,74.34070564742105,74.73443487061839,5891600,JNJ
2015-07-22,74.42244720458984,74.81617655226964,74.08815019899231,74.5933137711313,6721900,JNJ
2015-07-23,74.43730926513672,74.73446533494932,74.28873406412072,74.66017773444132,5016100,JNJ
2015-07-24,73.65727996826172,74.25158643211951,73.58299236875206,74.1030112331002,6524200,JNJ
2015-07-27,73.01094818115234,73.53839737741768,72.74350835378131,73.52354212824336,8734000,JNJ
2015-07-28,73.56069946289062,73.71671078674129,73.11496820729272,73.46412615230821,7757500,JNJ
2015-07-29,74.08814239501953,74.32586607052818,73.58297887609123,73.73898450678945,7853500,JNJ
2015-07-30,74.16986083984375,74.28872552121207,73.82813338257978,74.14015033728164,5517400,JNJ
2015-07-31,74.44471740722656,75.01674366198574,74.25899562774508,74.54129069215654,6216800,JNJ
2015-08-03,74.30358123779297,74.44473163085677,73.71670529014665,74.28872598641888,6172500,JNJ
2015-08-04,74.14015197753906,74.66017080058032,74.02871775323591,74.59331366666649,6005300,JNJ
2015-08-05,74.6750259399414,75.03161432361946,74.54873646421836,74.71217257057998,4571300,JNJ
2015-08-06,73.59783172607422,74.73444818965208,73.55326030955095,74.65273014750655,6988000,JNJ
2015-08-07,73.43441009521484,73.59784621167356,72.92182170097117,73.56069957874006,6027900,JNJ
2015-08-10,74.1327133178711,74.33329036520645,73.88012872620418,73.96927722934181,6133500,JNJ
2015-08-11,73.55326843261719,73.79841691834815,73.37497141127474,73.58298460284092,6682600,JNJ
2015-08-12,73.33042907714844,73.34529000204502,72.36467866681109,73.10013575129099,7462400,JNJ
2015-08-13,73.15953063964844,73.5309742228421,72.91437651447359,73.35267722210806,5048000,JNJ
2015-08-14,73.40469360351562,73.41955452373664,72.70638338319912,73.04811086713708,5177300,JNJ
2015-08-17,74.19215393066406,74.19957872258597,72.84752411360799,73.12982490448279,6901800,JNJ
2015-08-18,73.82069396972656,74.05098715954031,73.56067894767754,73.72411501829848,7618800,JNJ
2015-08-19,73.776123046875,74.28128654924002,73.38239375357772,73.67954975516525,7642400,JNJ
2015-08-20,73.38985443115234,74.37789613445926,73.38985443115234,73.50871348006099,10620400,JNJ
2015-08-21,71.53339385986328,73.74916181448872,71.49596876222334,72.77602360875665,16141500,JNJ
2015-08-24,69.4822998046875,71.27138248805916,61.22556974060437,68.17978899206689,25636300,JNJ
2015-08-25,67.91777801513672,71.63816718059523,67.67074847389459,71.63068559047576,15671100,JNJ
2015-08-26,71.1965103149414,71.27885349167663,68.46422801424603,69.54965820251152,14738300,JNJ
2015-08-27,72.02745819091797,72.1622011164108,70.6276292266947,71.93762767020942,11131200,JNJ
2015-08-28,71.24142456054688,72.07982524052362,70.65005341723347,71.81033951164315,9200300,JNJ
2015-08-31,70.35062408447266,71.24141866514908,70.05119488703535,71.02433263978546,9083500,JNJ
2015-09-01,68.9358139038086,69.53467223469728,68.46421682325075,69.08553134209892,14593500,JNJ
2015-09-02,69.8790283203125,69.96885880198353,69.24274478077075,69.74428545337469,11517400,JNJ
2015-09-03,69.34757232666016,70.43299729324211,69.06311758584677,70.11111745321476,9027200,JNJ
2015-09-04,68.3519515991211,68.77863643751611,67.79801118163975,68.55406877638816,10996800,JNJ
2015-09-08,70.32069396972656,70.35063746627971,69.25023824028794,69.68440466246362,11394100,JNJ
2015-09-09,69.03314208984375,71.233940220353,68.89091192977658,71.1066789508069,7384500,JNJ
2015-09-10,69.40743255615234,69.97634752938866,68.58400644636728,68.9508042595089,8359500,JNJ
2015-09-11,69.56463623046875,69.61703592153407,68.71875387151786,69.19783839301157,7381300,JNJ
2015-09-14,69.8565902709961,70.29824978166567,69.2502500678646,69.54219207019747,7948700,JNJ
2015-09-15,70.66505432128906,70.92705284656827,69.75928472752979,70.20842587245693,7030700,JNJ
2015-09-16,70.82221221923828,70.97941124291889,70.23084119998106,70.73238175807671,5630400,JNJ
2015-09-17,70.99443054199219,72.0050053864475,70.60517635616618,70.7623754914694,8258000,JNJ
2015-09-18,69.9089584350586,70.90455799960961,69.80415908206759,70.42547361132601,14211100,JNJ
2015-09-21,69.71434783935547,70.81474706030158,69.14543854086824,70.26829395634174,7053700,JNJ
2015-09-22,69.79668426513672,69.94640173271203,68.77862833017421,69.06308866299862,10618700,JNJ
2015-09-23,69.60955047607422,70.14103470280762,69.28766501919195,69.77423685556815,5609300,JNJ
2015-09-24,69.22776794433594,69.57210951784965,68.70376542809929,69.25770572365292,7407600,JNJ
2015-09-25,68.11988830566406,69.71434077812783,67.94023305650386,69.56462902235057,10794400,JNJ
2015-09-28,68.39686584472656,68.92086273562552,67.29646666270095,67.89531943642295,14332800,JNJ
2015-09-29,69.64698028564453,70.24583308940286,68.74121092243882,69.04812177074814,11520000,JNJ
2015-09-30,69.8790283203125,70.71742901582971,69.3101133586709,70.46291217333051,10970100,JNJ
2015-10-01,69.74427032470703,70.2532981881515,68.6887895219264,69.93890013720716,9675900,JNJ
2015-10-02,70.31319427490234,70.34313776617786,68.7486796947939,68.97325302379184,8368100,JNJ
2015-10-05,70.93450927734375,70.9794216589472,70.42548134500218,70.50782451869986,9419200,JNJ
2015-10-06,69.93142700195312,70.85965816580311,69.30263077270386,70.75485308312415,8365200,JNJ
2015-10-07,71.0992202758789,71.428587373729,69.94642115555607,70.56024866522002,9397300,JNJ
2015-10-08,71.17405700683594,71.26388177699549,70.22336964097246,70.89708397285652,7090700,JNJ
2015-10-09,71.3911361694336,71.83278980983182,70.94947681789844,71.21896252466706,8259700,JNJ
2015-10-12,71.85525512695312,72.21457135199573,71.09920330300669,71.16657188268725,8957900,JNJ
2015-10-13,71.45103454589844,72.03492419110871,70.59766484054116,70.95698110596763,12761900,JNJ
2015-10-14,70.76235961914062,71.83281552897918,70.4554487222398,71.27138772405279,8881900,JNJ
2015-10-15,72.72360229492188,72.8733140632772,71.00937570490524,71.11417508498155,9561900,JNJ
2015-10-16,73.53954315185547,73.59194284332615,72.91074685420725,73.26257580171243,9495300,JNJ
2015-10-19,73.31498718261719,73.50961137560341,72.84338417305001,73.39733038393403,8725400,JNJ
2015-10-20,73.0529556274414,73.54701465040814,72.84335690659618,73.32244132885293,6041800,JNJ
2015-10-21,73.08292388916016,73.52458338161593,72.6637263053828,73.09041119205295,7059800,JNJ
2015-10-22,74.50520324707031,74.71480202348248,72.70863333174864,73.24760487745898,9887900,JNJ
2015-10-23,75.08910369873047,75.51578864773468,74.50521963284467,74.76721816098066,9178900,JNJ
2015-10-26,74.81212615966797,75.06663734940915,74.47526605948612,74.89446935896983,7561600,JNJ
2015-10-27,74.99925231933594,75.53073649126222,74.63244879878343,74.79713516129475,8883200,JNJ
2015-10-28,75.21633911132812,75.21633911132812,74.48273777411966,75.19387720710596,7256300,JNJ
2015-10-29,75.88258361816406,76.002351912552,74.94687061675641,75.20886911492278,6340700,JNJ
2015-10-30,75.6280746459961,76.44401943861511,75.61310574930434,76.00235988582475,10520300,JNJ
2015-11-02,76.4814224243164,76.60867799839372,75.48582260353726,75.74033946282975,6297900,JNJ
2015-11-03,76.32421112060547,76.57872793910227,75.68792764106892,76.23438064740597,6229200,JNJ
2015-11-04,76.30924987792969,76.64610419169583,76.12210732336239,76.27930638386242,5592300,JNJ
2015-11-05,76.60118103027344,76.72094927855657,75.91997948613061,76.54129405056351,6545600,JNJ
2015-11-06,76.2942886352539,76.2942886352539,75.50080589250541,76.03229015520851,6221100,JNJ
2015-11-09,75.48583984375,76.04726766940274,75.26875944363341,75.89755586701769,6625900,JNJ
2015-11-10,75.94243621826172,76.17449683851133,75.36603974006194,75.60558194947619,5114200,JNJ
2015-11-11,76.2493896484375,76.62367488892221,75.97990381839733,76.18950263928646,6284700,JNJ
2015-11-12,75.05912017822266,76.06220706549749,75.02169510052086,75.71037821050864,6918700,JNJ
2015-11-13,74.76718139648438,75.56066960584475,74.66238203676188,74.8869553568168,8517500,JNJ
2015-11-16,75.7702865600586,75.82268625253027,74.88697337900878,75.14148453926032,5755800,JNJ
2015-11-17,75.9798812866211,76.13708035567068,75.14148054055221,75.14148054055221,5124000,JNJ
2015-11-18,76.85572814941406,76.95304596483949,75.83767186173185,76.00235827755388,7148400,JNJ
2015-11-19,76.72096252441406,76.86319269799698,76.39907709182064,76.84822380605348,5164500,JNJ
2015-11-20,77.27900695800781,77.52031509454983,77.06785730444874,77.28654370213364,7671500,JNJ
2015-11-23,77.4976806640625,77.67112356850483,77.06031366109005,77.21112907546133,6730600,JNJ
2015-11-24,76.94718933105469,77.51275569209447,76.77374644891087,76.77374644891087,7492400,JNJ
2015-11-25,76.88684844970703,77.16586321390744,76.88684844970703,77.0452063148248,5400800,JNJ
2015-11-27,77.19603729248047,77.38455940643308,76.75866460733322,77.1281663397736,2353800,JNJ
2015-11-30,76.34391021728516,77.27898400271178,76.34391021728516,77.27898400271178,8983700,JNJ
2015-12-01,77.18851470947266,77.28654416285104,76.25344639395323,76.71344093092226,7545700,JNJ
2015-12-02,76.95474243164062,77.61833831554262,76.9094932043196,77.29407999373201,6623500,JNJ
2015-12-03,76.00458526611328,77.1960465499529,75.64262023249198,77.12063309273748,12008700,JNJ
2015-12-04,77.63340759277344,77.67111431849533,76.37408119770713,76.46457388749651,7845400,JNJ
2015-12-07,77.91241455078125,78.04060820013144,77.36946997325333,77.37701246828512,7262900,JNJ
2015-12-08,77.23375701904297,77.85210947284085,76.84917595551823,77.65605056905012,8005400,JNJ
2015-12-09,77.03013610839844,77.92749744925293,76.6681711219592,77.02259361301225,7947000,JNJ
2015-12-10,77.39962005615234,77.92747954715576,76.76618866694824,77.14323280430409,6479300,JNJ
2015-12-11,76.67574310302734,77.19606617323718,76.48722091854441,77.19606617323718,7796500,JNJ
2015-12-14,77.03013610839844,77.1357080308519,75.99703286354574,76.65309188442511,10641500,JNJ
2015-12-15,78.52323913574219,78.94553263860902,77.40719129651484,77.40719129651484,9283200,JNJ
2015-12-16,79.36782836914062,79.54880802957408,78.06325250680197,78.9078338442242,8178800,JNJ
2015-12-17,78.15373992919922,79.37536549931289,78.14619743249625,79.29995779200104,8740800,JNJ
2015-12-18,76.87932586669922,77.73144961576423,76.87932586669922,77.73144961576423,14966000,JNJ
2015-12-21,76.60032653808594,77.61080256872212,76.04983929151142,77.17342977042892,8321900,JNJ
2015-12-22,77.45243835449219,77.58063203395844,76.27606199564548,76.84917093470078,5581600,JNJ
2015-12-23,78.04061889648438,78.17635505947054,77.47505250958184,77.75406733161972,5531700,JNJ
2015-12-24,78.21405029296875,78.35732893096561,77.67864821576725,77.7615984005825,2546300,JNJ
2015-12-28,77.83702850341797,78.02555065896655,77.61834211259286,77.80686426814144,4063000,JNJ
2015-12-29,78.44784545898438,78.56850241087626,77.92752242212077,77.92752242212077,4230000,JNJ
2015-12-30,78.25930786132812,78.68159560323474,78.07078572608567,78.50815846062552,3847800,JNJ
2015-12-31,77.4599838256836,78.13866473309405,77.43736208764317,77.95014257843779,4592600,JNJ
2016-01-04,75.77079772949219,76.7737308332801,74.99408191892637,76.69832315112694,12722800,JNJ
2016-01-05,76.0875244140625,76.49473286027114,75.83867384917308,75.84621634444682,6467200,JNJ
2016-01-06,75.70293426513672,76.1403069193547,75.10720373678559,75.27310410585021,7733800,JNJ
2016-01-07,74.8206787109375,75.47673217135198,74.56428557161371,74.88854392963971,9433100,JNJ
2016-01-08,74.02133178710938,75.3636084304205,73.78756043401535,75.31835920707778,9766700,JNJ
2016-01-11,73.57640838623047,74.37574028643994,72.45281822878238,74.08164625699538,8151400,JNJ
2016-01-12,74.0816650390625,74.37575914306929,73.32757641273952,73.89314288248175,6745000,JNJ
2016-01-13,73.16167449951172,74.63969323975518,73.0259383194175,74.27018567807454,8290700,JNJ
2016-01-14,74.57181549072266,75.00918822605122,73.14658860597868,73.22199630956385,10164300,JNJ
2016-01-15,73.1466064453125,73.90069517155284,72.58103990063225,72.67153261894764,12662200,JNJ
2016-01-19,73.52362060546875,74.20984382600739,73.07116870623655,73.8478788546788,12457800,JNJ
2016-01-20,72.20398712158203,73.35774181773229,71.28399806228215,72.4754594916456,12685200,JNJ
2016-01-21,72.3472671508789,72.87512690625265,71.09547722636424,72.21906770751113,11266400,JNJ
2016-01-22,72.95806884765625,73.21445619884773,72.3547956928399,73.16167022929423,8380000,JNJ
2016-01-25,72.69413757324219,73.66691249584194,72.42266523422649,72.93544567978515,9350200,JNJ
2016-01-26,76.29866027832031,76.41931142389423,73.25214262218076,73.34263529628939,17266600,JNJ
2016-01-27,77.03770446777344,77.95768785041565,75.77837196444376,75.77837196444376,19330500,JNJ
2016-01-28,77.12064361572266,77.70129509737174,76.80392776386304,77.29408653644947,12789500,JNJ
2016-01-29,78.7569808959961,78.99074641906442,77.39207721273524,77.58814177418056,15614600,JNJ
2016-02-01,78.7042465209961,79.02096242170657,77.8370432900825,78.13113744834806,9803700,JNJ
2016-02-02,77.98030090332031,78.62127502992324,77.67112183156222,77.89735070129932,10616300,JNJ
2016-02-03,78.53076171875,78.71174131509295,76.9245555755763,78.16126003152216,10168600,JNJ
2016-02-04,78.34980773925781,78.49308066297252,77.46752544622709,78.13112135194226,10389000,JNJ
2016-02-05,75.81607818603516,77.49769275629636,75.24296916616937,77.41474829271753,15522200,JNJ
2016-02-08,76.91703796386719,78.05571337208247,75.57476116305527,75.6426263761743,14323800,JNJ
2016-02-09,76.8944091796875,77.09801055362644,76.140320641302,76.39670798279836,10044500,JNJ
2016-02-10,76.71343994140625,77.60326476746405,76.4419675705249,76.95474807627414,9833100,JNJ
2016-02-11,76.6908187866211,76.93212694142888,75.39379105030436,75.75575040589592,12465800,JNJ
2016-02-12,76.78128814697266,76.9019450642955,75.95179197671274,76.78128814697266,9035000,JNJ
2016-02-16,77.1583480834961,77.7088353126243,76.65311008419026,77.19605481614146,10452800,JNJ
2016-02-17,77.29407501220703,77.85209891846142,77.09047363872197,77.48259714638314,8904000,JNJ
2016-02-18,78.606201171875,78.93800202696038,77.29408849995372,77.54293914126774,10744600,JNJ
2016-02-19,79.1150894165039,79.51005465715362,78.52263286313,78.67454702871288,9343300,JNJ
2016-02-22,79.56322479248047,79.56322479248047,79.03153968940607,79.11509103345105,6947000,JNJ
2016-02-23,79.05433654785156,79.59361888437263,78.9631880337464,79.48728184871686,6629200,JNJ
2016-02-24,79.72273254394531,79.81388104769671,78.21122274173352,78.49225382050064,9076100,JNJ
2016-02-25,80.8012924194336,80.80888957637328,79.57841092412218,79.7151307743723,8092500,JNJ
2016-02-26,80.3455581665039,81.21144858366945,80.07211847740608,81.13549440223842,9049400,JNJ
2016-02-29,79.9126205444336,80.66457686337334,79.78349784424928,79.96578905597615,10111100,JNJ
2016-03-01,81.43933868408203,81.45452720645369,80.08733419057322,80.4367281544627,8298500,JNJ
2016-03-02,81.30261993408203,81.58365685880763,80.83929176368983,81.20388004995725,9767000,JNJ
2016-03-03,81.0063705444336,81.27221307306928,80.231622838201,81.13549323049484,6927200,JNJ
2016-03-04,80.89244842529297,81.25703665810722,80.56584018576909,80.90004558293772,6715700,JNJ
2016-03-07,81.07474517822266,81.21146505049354,80.12530323048979,80.51267716774626,6973500,JNJ
2016-03-08,80.6797866821289,81.0975376974035,80.48989827656747,80.90764929184206,7632900,JNJ
2016-03-09,81.15068817138672,81.28740802478205,80.58102308139499,81.15068817138672,7564200,JNJ
2016-03-10,81.37854766845703,81.63679882784479,80.56582579365273,81.26461350387221,10474700,JNJ
2016-03-11,81.8115234375,82.0241975335879,81.43174661021891,81.65201786543408,7763800,JNJ
2016-03-14,81.77351379394531,82.25962745860565,81.50766549411033,81.97099348619783,7242800,JNJ
2016-03-15,81.8494873046875,82.29762109097808,81.08993379984241,81.74315027760385,8476600,JNJ
2016-03-16,81.58363342285156,81.86466447191313,81.18106525336833,81.8266902788972,7065100,JNJ
2016-03-17,81.07474517822266,81.72796170185757,80.85447395095657,81.6292218254695,8571100,JNJ
2016-03-18,81.65198516845703,81.91023052602702,80.78609481259076,81.26461133716985,14758300,JNJ
2016-03-21,81.48490905761719,81.84190017582881,80.930438176299,81.58365473410453,7674700,JNJ
2016-03-22,81.56085968017578,81.75074807132486,81.3102114080087,81.48490548270291,7821700,JNJ
2016-03-23,82.41154479980469,82.66219881532525,81.42412305105057,81.49248587116192,8191300,JNJ
2016-03-24,82.26721954345703,82.49508786105454,81.84187153186919,82.198862525137,6284500,JNJ
2016-03-28,82.20648956298828,82.71538908968404,82.07736104544789,82.34320944425787,4738100,JNJ
2016-03-29,82.8976821899414,82.98123355230734,81.83430595568471,82.25965992634795,6612800,JNJ
2016-03-30,82.7761459350586,83.21668257663738,82.73816594072929,83.13313122505976,5248200,JNJ
2016-03-31,82.1837158203125,82.77617263027508,82.06219023014725,82.6850240914496,8167700,JNJ
2016-04-01,82.93566131591797,83.01161551865064,81.79633089012523,82.03179065707678,9043200,JNJ
2016-04-04,82.47990417480469,82.86727804665145,82.22925594707587,82.65460401345959,10668900,JNJ
2016-04-05,82.75334167480469,83.42934374589179,82.03936541018943,82.2064680875247,7939000,JNJ
2016-04-06,83.11035919189453,83.1711248748248,81.94064587269207,82.57867395359091,6828700,JNJ
2016-04-07,82.99637603759766,83.26222429489857,82.51026245071245,82.7912992223212,7822900,JNJ
2016-04-08,82.8672866821289,83.27744627242653,82.60904127060822,83.07236937474441,6301600,JNJ
2016-04-11,82.76853942871094,83.26225032456077,82.52548255928326,82.9052592799473,6823900,JNJ
2016-04-12,83.24705505371094,83.73316878697878,82.60143579498953,82.79132415313893,8412300,JNJ
2016-04-13,83.45215606689453,83.8167385495074,83.02680211060073,83.55089594865758,5758300,JNJ
2016-04-14,83.42938232421875,83.7711849936199,83.13315682103229,83.55091370754413,4457100,JNJ
2016-04-15,83.68756866455078,83.85467128946348,83.17107227615277,83.60401735209442,10057900,JNJ
2016-04-18,84.25727081298828,84.38639351847041,83.30023177102264,83.55088581926444,7772500,JNJ
2016-04-19,85.58651733398438,86.55114805293648,84.6750551460779,84.80417789362652,10526400,JNJ
2016-04-20,86.27009582519531,86.73342396624196,85.86753336050026,85.97387039664862,8213400,JNJ
2016-04-21,86.26248931884766,86.38402065838076,85.65484421104857,86.06500378957297,7884500,JNJ
2016-04-22,86.07258605957031,86.39919423440756,85.70040653775696,86.15613739231465,7508700,JNJ
2016-04-25,86.21692657470703,86.24730941262473,85.4345873318613,86.06501238511856,6139900,JNJ
2016-04-26,85.76119995117188,86.25490515633913,85.5637143921445,86.17135379655579,5853600,JNJ
2016-04-27,85.65484619140625,85.98145443028619,85.4193864592835,85.79916321170515,5759300,JNJ
2016-04-28,85.43460083007812,85.60929493203835,84.7965727228691,85.14596672172428,6640000,JNJ
2016-04-29,85.13072204589844,85.23705902780465,84.69777696387148,85.11552773709418,7774500,JNJ
2016-05-02,85.6396484375,85.67003126980988,85.01681486247912,85.23708605052626,5178800,JNJ
2016-05-03,85.59406280517578,85.90547664326061,85.16111765812884,85.49531716791113,7554500,JNJ
2016-05-04,85.23711395263672,85.48017089574705,84.8421427982483,85.10039405995376,5214600,JNJ
2016-05-05,85.7384033203125,85.90550602983205,85.10038111480195,85.13076395243584,5404300,JNJ
2016-05-06,85.63206481933594,85.86753035823209,85.28267088493126,85.51053926581562,6099900,JNJ
2016-05-09,86.37641906738281,86.58149594865219,85.62446277615123,85.81435113822518,6512700,JNJ
2016-05-10,87.09799194335938,87.34864597040617,86.52832686094368,86.58909252718524,8356400,JNJ
2016-05-11,86.87013244628906,87.1663578359815,86.82455529753655,87.0220408223092,6680700,JNJ
2016-05-12,86.76380920410156,87.16637167993055,86.23971537220812,86.96888612379281,7156300,JNJ
2016-05-13,86.25489044189453,86.65745285493968,86.10298206543968,86.5131416357875,6779900,JNJ
2016-05-16,86.92330932617188,87.06762055880505,86.06501011371698,86.12577578794865,6222900,JNJ
2016-05-17,86.45997619628906,87.01444700548834,86.01183661843943,86.99925848527647,9233900,JNJ
2016-05-18,86.27766418457031,86.611869520462,85.73838198933838,86.29285849707392,8267900,JNJ
2016-05-19,85.71561431884766,85.8599313432821,85.22190336756505,85.82195134897825,8232200,JNJ
2016-05-20,86.16696166992188,86.38115417892428,85.49378437929884,85.83037010645629,7435200,JNJ
2016-05-23,85.79975891113281,86.30464031841086,85.7079596387609,86.2663891625125,6462300,JNJ
2016-05-24,86.20516967773438,86.82479853090999,86.07511928839567,86.07511928839567,6125300,JNJ
2016-05-25,86.71007537841797,87.00077015103733,86.32758717133514,86.58003078872346,5453800,JNJ
2016-05-26,86.36582946777344,86.68711812805385,86.32757831646593,86.52647379791365,3973600,JNJ
2016-05-27,86.48822021484375,86.70241264900832,86.2051827138289,86.47292325653461,4647000,JNJ
2016-05-31,86.20516967773438,86.92424333564644,85.92212638321571,86.641205877433,10104700,JNJ
2016-06-01,86.2740249633789,86.48821739054897,85.73089249839599,86.20517989877678,4748900,JNJ
2016-06-02,87.58214569091797,87.70454471535169,86.33523627010973,86.34288766821352,7310800,JNJ
2016-06-03,87.7886962890625,88.27062933641118,87.29911184328726,87.56685242514763,6881700,JNJ
2016-06-06,88.56131744384766,88.73726458816128,87.91874005342966,87.94933981054103,6349400,JNJ
2016-06-07,88.53073120117188,88.9132194437762,88.31653288281524,88.74492368322112,6417400,JNJ
2016-06-08,88.58428192138672,88.69902372848944,88.28594155030449,88.37008359674395,5863800,JNJ
2016-06-09,89.50225067138672,89.64759807428345,88.43893380125519,88.5689784057904,7375500,JNJ
2016-06-10,89.5098876953125,89.67818343241574,89.01265188195474,89.30334080475613,6067400,JNJ
2016-06-13,89.34160614013672,89.99183499790999,89.34160614013672,89.60169534872301,7940900,JNJ
2016-06-14,89.59405517578125,89.6399519009264,88.96677464146322,89.08151645432612,6378400,JNJ
2016-06-15,89.05091857910156,90.06833290464776,88.99736462039678,89.99183642069576,6371400,JNJ
2016-06-16,89.22685241699219,89.41809652896899,88.14058726167765,88.50012712600318,6664300,JNJ
2016-06-17,88.33948516845703,89.24980319746962,87.97994529437919,89.21155787582116,10702200,JNJ
2016-06-20,89.15034484863281,89.60932949301531,89.06619698292694,89.19624156217914,5588200,JNJ
2016-06-21,88.87495422363281,89.61698223069435,88.87495422363281,89.49458321099877,5493500,JNJ
2016-06-22,89.08915710449219,89.66288944481194,88.97440946916682,89.15035662150669,5833800,JNJ
2016-06-23,89.79293823242188,89.79293823242188,89.25745702431881,89.65524223086574,6775900,JNJ
2016-06-24,88.4542236328125,89.59404273025312,87.97229057681008,88.02583869414369,13939500,JNJ
2016-06-27,89.15801239013672,89.22685747292196,87.97229649417056,87.97229649417056,10877400,JNJ
2016-06-28,90.44317626953125,90.55027251512108,89.15801548614564,89.63229719195556,10089600,JNJ
2016-06-29,91.28462982177734,91.34582933087674,90.34370633736987,90.9097872057733,8341500,JNJ
2016-06-30,92.79164123535156,92.87578910768967,91.1545921783668,91.16988913865242,11559900,JNJ
2016-07-01,92.78398132324219,92.97522540895181,92.40149315182292,92.79163272083635,7051400,JNJ
2016-07-05,93.53369140625,94.26807411818307,92.8222628960656,92.83756569723135,9334100,JNJ
2016-07-06,93.81671142578125,93.8320142231238,92.9752384974625,93.27357884626363,9332400,JNJ
2016-07-07,93.71728515625,93.94677463509211,93.33479685520486,93.77847884882291,6058700,JNJ
2016-07-08,93.97736358642578,94.16860771494366,93.29653495580673,94.09211123079804,6129900,JNJ
2016-07-11,94.03855895996094,94.43634416175536,93.64077375816652,93.87026320047998,6711600,JNJ
2016-07-12,94.03092193603516,94.24511444946216,93.79378105849929,93.82438082274719,6415900,JNJ
2016-07-13,94.09211730957031,94.3981091022289,93.55663604964882,93.84732504270505,5230800,JNJ
2016-07-14,94.22981262207031,94.65819762681437,94.02327151944242,94.07681964503543,5322700,JNJ
2016-07-15,94.09211730957031,95.0865891766337,93.87027340580055,94.68114669548397,7192800,JNJ
2016-07-18,94.19922637939453,94.26042591351536,93.66374504660922,94.09213011283747,6599200,JNJ
2016-07-19,95.81330871582031,96.1957969741669,94.35220076750866,95.45376881916529,11325700,JNJ
2016-07-20,95.7291488647461,96.44057716978567,95.6526523899013,96.26463002496645,7334600,JNJ
2016-07-21,95.7367935180664,96.18812677326713,95.53789802843747,95.78269023247827,5492600,JNJ
2016-07-22,95.6449966430664,95.88978885322447,95.35430771734953,95.71384755271127,5839200,JNJ
2016-07-25,95.53791046142578,95.7215031792719,94.96417811138777,95.6756064588872,4880600,JNJ
2016-07-26,95.7367935180664,96.04278523219405,95.43080180393876,95.64499425293616,5589900,JNJ
2016-07-27,95.44609832763672,95.79799259087649,95.11715825780462,95.69854192836272,4812600,JNJ
2016-07-28,95.2089614868164,95.62204944075728,95.17071616882413,95.60675248082171,4320400,JNJ
2016-07-29,95.79801177978516,95.86685686487878,95.1171773103381,95.1171773103381,7020900,JNJ
2016-08-01,95.92804718017578,96.16518801003761,95.6985519126077,95.85919626538252,4615100,JNJ
2016-08-02,95.50729370117188,96.3105211827657,95.22425619410654,96.11927710012966,7158700,JNJ
2016-08-03,94.78057861328125,95.62205149921294,94.61993426711939,95.62205149921294,5310600,JNJ
2016-08-04,94.74996185302734,95.15539834481703,94.58166613878124,95.04065073634871,4728200,JNJ
2016-08-05,95.0406723022461,95.1477685381031,94.67348687539555,95.1477685381031,5146900,JNJ
2016-08-08,94.5893325805664,94.97182077876012,94.2680438947973,94.85707315204066,5232500,JNJ
2016-08-09,94.42102813720703,94.85706440950817,94.34453167187995,94.78821934160565,3941500,JNJ
2016-08-10,94.36747741699219,94.68876606426055,94.27567815935578,94.54341869874608,4333500,JNJ
2016-08-11,94.68113708496094,94.96418048579396,94.45164764099214,94.74233660454226,4052000,JNJ
2016-08-12,94.26038360595703,94.68111708250218,94.05383673008231,94.4516276870156,4234800,JNJ
2016-08-15,93.56426239013672,94.29863903985304,93.54131403175603,94.18389724794956,6469500,JNJ
2016-08-16,92.04962158203125,93.5719231487363,91.84307466332966,93.41127878769473,11289100,JNJ
2016-08-17,92.79928588867188,92.81458868511451,91.68242103693748,92.1796568678011,10442800,JNJ
2016-08-18,92.34793090820312,92.86046357875261,91.72065063652775,92.69216787527536,8728000,JNJ
2016-08-19,92.34794616699219,92.4018515051179,91.88589957230869,92.34024960100366,7798300,JNJ
2016-08-22,91.73959350585938,92.3325581711995,91.60097892339927,92.3325581711995,6544900,JNJ
2016-08-23,91.97833251953125,92.37877142749649,91.65489454071185,92.15544758210032,5603200,JNJ
2016-08-24,91.4161605834961,92.10923348931418,91.34685623053522,92.00912524329007,6303900,JNJ
2016-08-25,91.30833435058594,91.80118480520849,91.12351689891268,91.53165813084316,5566000,JNJ
2016-08-26,91.67029571533203,92.20934919946907,91.30065484389354,91.51627623754835,6482700,JNJ
2016-08-29,92.34794616699219,92.50966218136935,91.68567722702406,91.87050056509042,5074900,JNJ
2016-08-30,92.00142669677734,92.92552002683523,91.8397106577793,92.92552002683523,3820500,JNJ
2016-08-31,91.90130615234375,92.11693339785587,91.64718432323455,92.05532561342385,5693100,JNJ
2016-09-01,91.70110321044922,91.93982606633163,91.33146232450115,91.78581245774477,4551800,JNJ
2016-09-02,91.88592529296875,92.2632627654729,91.56249317367947,91.91672919126908,5806400,JNJ
2016-09-06,92.2170639038086,92.3864824142762,91.91673322624989,92.24016535973725,5280700,JNJ
2016-09-07,92.10922241210938,92.37104665879666,91.97831028876574,92.2863374318705,4753800,JNJ
2016-09-08,92.00142669677734,92.27095342844072,91.74729897467668,91.92441989847953,4833000,JNJ
2016-09-09,91.0465316772461,91.76270608171944,91.00802533954362,91.66259195378991,7957300,JNJ
2016-09-12,91.7626953125,91.98601324419067,90.39194857940817,90.6845826110222,7239800,JNJ
2016-09-13,90.569091796875,91.50859015566027,90.47668009961573,91.19285459645673,7957900,JNJ
2016-09-14,90.76158142089844,91.12351977012514,90.45354840824331,90.75387897989077,6124900,JNJ
2016-09-15,91.35456085205078,91.59328957552894,90.34575823506223,90.72309567668322,5812100,JNJ
2016-09-16,91.06193542480469,91.74730596982187,90.96182716690913,91.26215781583835,12408800,JNJ
2016-09-19,90.60759735107422,91.37767719580444,90.59219246404356,91.14665089228819,5457600,JNJ
2016-09-20,90.83090209960938,91.0542259270667,90.63068559933075,91.00032058080059,5187700,JNJ
2016-09-21,91.5701675415039,91.63947188499871,90.59216316486516,90.83088595944642,6337300,JNJ
2016-09-22,91.99370574951172,92.28633387427703,91.7472805193828,91.83198974304345,5340500,JNJ
2016-09-23,91.4931640625,92.10152770915543,91.41615727025385,91.95521656646022,4773000,JNJ
2016-09-26,90.69998168945312,91.36225066907818,90.53056322370138,91.35454822738723,5998900,JNJ
2016-09-27,91.80889892578125,91.80889892578125,90.65377942419919,91.16973139151453,5349500,JNJ
2016-09-28,91.93982696533203,92.03993522436811,91.49317927072313,91.67800265312569,5076100,JNJ
2016-09-29,90.30724334716797,91.84740273886702,90.13012830725799,91.54707212750505,6190200,JNJ
2016-09-30,90.96949768066406,91.34684090093245,90.39964044273094,90.6999710056444,7941100,JNJ
2016-10-03,91.4931640625,91.64718352223396,90.4304562289231,90.869401407492,6098600,JNJ
2016-10-04,91.50086212158203,92.00911750149716,91.08501841308092,91.51626112919702,5733900,JNJ
2016-10-05,91.7780990600586,91.97832142751692,91.33145142312918,91.80890295314771,5778700,JNJ
2016-10-06,91.44698333740234,91.52399014832207,90.8078156438068,91.25446337248151,4448500,JNJ
2016-10-07,91.82431030273438,92.07843803737134,91.40076995358183,91.77040495374251,4799300,JNJ
2016-10-10,92.25554656982422,92.56357373680865,91.90900719410432,92.03222276109138,3657000,JNJ
2016-10-11,90.5921859741211,92.12464311028269,90.14553828611659,91.95523049178266,6394200,JNJ
2016-10-12,90.8462905883789,91.20052649637225,90.48435223938282,90.83858814737616,4685200,JNJ
2016-10-13,91.06963348388672,91.79350445852148,90.31495273877638,90.51517512017175,7387400,JNJ
2016-10-14,90.53056335449219,91.48546636733766,90.53056335449219,91.2544401182076,5640500,JNJ
2016-10-17,91.24675750732422,91.29296629233782,90.4843801198927,90.4843801198927,6956400,JNJ
2016-10-18,88.8749008178711,91.23904525709335,88.68238089325936,90.3919528886083,12598300,JNJ
2016-10-19,88.24342346191406,89.24452934780467,88.14331522342157,88.99810409708041,7400900,JNJ
2016-10-20,88.45906066894531,89.0982223794356,88.24343340941812,88.42825677472715,6973000,JNJ
2016-10-21,87.35786437988281,87.9739247651727,87.01132490511667,87.87381649481445,8422000,JNJ
2016-10-24,87.4887466430664,87.93539423550585,87.35783451690902,87.7351718879914,6141900,JNJ
2016-10-25,87.75828552246094,87.91230499395138,87.0883140407722,87.51186024331831,5595000,JNJ
2016-10-26,88.22032928466797,88.72858471100555,87.48105347155666,87.51185736484155,6429200,JNJ
2016-10-27,89.09821319580078,89.75278559879442,88.39744376910468,88.54376078274912,7548700,JNJ
2016-10-28,88.81328582763672,89.25993342656307,88.22802365922429,89.19062320419935,8813300,JNJ
2016-10-31,89.321533203125,89.5063565415284,88.17411621793298,88.774777379641,8552500,JNJ
2016-11-01,88.82100677490234,89.28305938351541,88.27425078830272,88.3743649286156,7591900,JNJ
2016-11-02,88.45136260986328,89.14443557601274,88.42826115686536,88.95961220154464,6591300,JNJ
2016-11-03,88.58226013183594,88.89799560464648,88.36663877247331,88.46674701067984,6227100,JNJ
2016-11-04,88.64386749267578,89.28303500149842,88.58996215309082,88.58996215309082,7160600,JNJ
2016-11-07,89.8375015258789,89.88370442826631,89.20603052529415,89.24453686077825,6398200,JNJ
2016-11-08,90.13782501220703,90.53826384345533,89.69117740698442,89.69887984852038,6675300,JNJ
2016-11-09,92.64828491210938,94.33476130033144,90.946409515312,92.40956209012059,16220000,JNJ
2016-11-10,92.0553207397461,93.25664309636083,91.65487603738026,93.00251540546421,11904500,JNJ
2016-11-11,91.23136138916016,92.01684025638802,90.96953118325551,92.01684025638802,8134800,JNJ
2016-11-14,89.79130554199219,91.63179583572686,89.71429873529371,91.31606616569026,10054900,JNJ
2016-11-15,89.57565307617188,89.86058462493405,89.19061330093467,89.6372608502676,7446700,JNJ
2016-11-16,89.6064682006836,89.92990024238637,89.3908468395484,89.82979200335687,6594800,JNJ
2016-11-17,89.7681884765625,89.85289771177247,89.42165496906111,89.85289771177247,5730300,JNJ
2016-11-18,89.45027160644531,89.88449433052756,89.02379863397815,89.78369431696302,7717800,JNJ
2016-11-21,89.1711196899414,89.69839263430684,89.01604184812116,89.51229804095448,5843300,JNJ
2016-11-22,87.4187240600586,89.17113231680706,87.05428457275094,88.85321500546506,11649700,JNJ
2016-11-23,87.67460632324219,87.9537512058272,86.50374894994619,87.03877762754101,7892600,JNJ
2016-11-25,88.49652862548828,88.57407347097569,87.91497777937951,88.085566974106,3433300,JNJ
2016-11-28,87.72113037109375,88.48878177251125,87.65910277484937,88.23289797203876,9065700,JNJ
2016-11-29,87.21710968017578,87.93823286828345,86.97673134024635,87.58154319172239,7799600,JNJ
2016-11-30,86.30216217041016,87.24814673354636,86.30216217041016,86.99226881507293,11178500,JNJ
2016-12-01,86.36417388916016,86.48824090691987,86.06952359574235,86.3486684698607,8143300,JNJ
2016-12-02,86.81389617919922,87.25587451729577,86.4106902578537,86.62780159364284,6167700,JNJ
2016-12-05,86.79840087890625,87.17059009340002,86.63556735808511,87.15508467439649,5451600,JNJ
2016-12-06,86.89144134521484,87.77539808497315,86.72860783166364,87.03101377337882,6530400,JNJ
2016-12-07,86.14706420898438,86.75963181051269,84.76685114653577,86.75963181051269,11761100,JNJ
2016-12-08,86.06175994873047,86.2245934575618,85.23983673772268,85.71283184635483,7774900,JNJ
2016-12-09,87.04653930664062,87.17835608923072,86.2246100218942,86.38744947784855,7672100,JNJ
2016-12-12,89.45027160644531,89.48128836042845,87.29465748926422,87.37995208375766,9544600,JNJ
2016-12-13,89.86125946044922,89.9232929865134,89.17890842127113,89.58211450900303,7051600,JNJ
2016-12-14,89.16336822509766,90.95454873648873,88.84545685963184,90.0395752286123,9378700,JNJ
2016-12-15,89.86125946044922,89.88452055376263,89.08585813217485,89.42703660968522,6738100,JNJ
2016-12-16,89.8534927368164,90.3032268716908,89.52782563880747,90.26446035955179,11291100,JNJ
2016-12-19,89.96202850341797,90.45829062508191,89.90000091457053,90.00080092280817,6310800,JNJ
2016-12-20,89.68289947509766,90.14038331208853,89.10134861501967,89.93102760543061,5715200,JNJ
2016-12-21,89.41151428222656,90.10162090631428,88.96953581605979,90.10162090631428,5907600,JNJ
2016-12-22,89.51232147216797,89.58210474450176,88.30269150913732,89.17114303184624,4602300,JNJ
2016-12-23,89.91551971435547,90.19466461115445,89.40375801411831,89.4812969485977,2992500,JNJ
2016-12-27,89.87674713134766,89.94653039291084,89.46577956628042,89.8612357959951,3232600,JNJ
2016-12-28,89.2486801147461,90.07060943878521,89.20991360287073,89.85349212574722,3278300,JNJ
2016-12-29,89.55107879638672,89.84573502491912,89.17888955044454,89.34947875310195,2993600,JNJ
2016-12-30,89.33396911621094,89.93878108925244,89.15563015792512,89.79145888802536,5506700,JNJ
2017-01-03,89.82246398925781,89.94653100956441,89.34947474290205,89.77594181456341,5953000,JNJ
2017-01-04,89.6751480102539,90.12488211626176,89.41150853175769,89.55883664961857,5828900,JNJ
2017-01-05,90.61337280273438,90.69866739679782,89.51230466316734,89.94652738506062,6217200,JNJ
2017-01-06,90.1791763305664,90.72195489092722,89.76045890578409,90.46607103425315,5221400,JNJ
2017-01-09,90.16363525390625,90.41951902618604,89.86122931060855,90.21791309204069,5457500,JNJ
2017-01-10,90.07060241699219,90.7219365578033,89.84573536861461,89.96979647912278,5312800,JNJ
2017-01-11,88.96177673339844,90.14038388095777,88.41123670977655,90.00856710497678,8887200,JNJ
2017-01-12,88.87648010253906,88.96177470054036,87.90722868510716,88.6050849729852,6627300,JNJ
2017-01-13,88.86096954345703,89.18663660275796,88.73690843717911,89.1246090075396,4935200,JNJ
2017-01-17,89.0703125,89.20988491271659,88.13982777660938,88.34918935360426,6255400,JNJ
2017-01-18,88.93852233886719,89.24868402667452,88.71366117894507,89.07034504937876,5014600,JNJ
2017-01-19,88.55079650878906,89.09358078694997,88.33368516386088,88.92299161140912,5540800,JNJ
2017-01-20,88.51207733154297,89.19442848270276,88.45779946628984,88.7757109868171,7502400,JNJ
2017-01-23,88.32594299316406,88.99278250302704,88.24064839807349,88.79118247448656,7989800,JNJ
2017-01-24,86.65882110595703,87.85293940669774,86.18582600255192,87.55053347708994,12450300,JNJ
2017-01-25,87.46524810791016,87.46524810791016,85.8834291239595,86.79064700839206,9385500,JNJ
2017-01-26,86.72087097167969,87.49627220389789,86.53477633238306,86.84493800843873,10164300,JNJ
2017-01-27,87.91497802734375,88.03904504780063,86.76738766732338,86.84492659718835,8886100,JNJ
2017-01-30,87.72113037109375,88.08556985979556,87.50401899463515,87.93049199542264,6969400,JNJ
2017-01-31,87.8141860961914,87.9304974596196,87.17835734740453,87.45750225329552,8713400,JNJ
2017-02-01,87.7986831665039,87.86846643703599,87.20937658002946,87.21713224870253,7082300,JNJ
2017-02-02,88.06230926513672,88.10108168936785,87.44198597248675,87.48075839671787,7826300,JNJ
2017-02-03,88.1165771484375,88.13208848271303,87.35668741247626,88.00802147187161,7267600,JNJ
2017-02-06,87.9305191040039,88.07784134582455,87.32570696431084,87.97704129449009,6178400,JNJ
2017-02-07,87.99251556396484,88.10107123992688,87.65909286898413,88.08555990573765,5507900,JNJ
2017-02-08,87.9305191040039,88.15538621775907,87.73666875585391,87.85298014791253,5272000,JNJ
2017-02-09,88.45775604248047,88.89973441853029,87.93048307492624,87.93048307492624,5854600,JNJ
2017-02-10,89.35723876953125,89.9387897094781,88.57408776314246,88.64387103633187,6438500,JNJ
2017-02-13,89.8534927368164,90.03959329211459,89.34173099935121,89.38825318025481,5710800,JNJ
2017-02-14,90.22567749023438,90.25669424586134,89.41925959145713,89.51230985833801,5539100,JNJ
2017-02-15,90.87702178955078,91.07862776578627,89.62862533598498,89.86900374005717,5979700,JNJ
2017-02-16,91.55937957763672,91.71445745885724,90.72194482102518,90.72194482102518,7119300,JNJ
2017-02-17,92.16419219970703,92.1952089593225,91.53611908605919,91.64467478679234,8691400,JNJ
2017-02-21,92.78450775146484,92.96284670944208,91.74546709724052,91.80750061125065,8595100,JNJ
2017-02-22,92.6759262084961,92.86977646119745,92.46657053854832,92.48983162233804,5103900,JNJ
2017-02-23,94.36632537841797,94.52140917072461,92.64493965262766,92.67595049524719,9980900,JNJ
2017-02-24,95.79471588134766,95.8025169154594,94.36634058049808,94.83465869168165,10835000,JNJ
2017-02-27,95.5371322631836,95.91178434435997,95.30297024620776,95.32638525690786,5946200,JNJ
2017-02-28,95.38882446289062,95.73226048253689,95.17808342219044,95.23272042940805,8885500,JNJ
2017-03-01,96.67669677734375,97.13720781219698,95.55272875941665,95.60736576278885,9393900,JNJ
2017-03-02,96.4971694946289,97.06696047764797,96.02104449586939,96.59083547888845,6950200,JNJ
2017-03-03,96.62205505371094,96.73132905511697,96.18495904808677,96.49716707782606,5585200,JNJ
2017-03-06,96.55963134765625,97.12161544720736,95.69324018667956,96.01326122586362,6670700,JNJ
2017-03-07,96.65328979492188,97.1450228661019,95.52932168366786,95.67762468584365,6644000,JNJ
2017-03-08,96.8640365600586,97.31674662660946,96.39571847103488,96.59085150437706,7909900,JNJ
2017-03-09,98.30802154541016,98.51096157105303,96.91867527636792,97.23869631507354,8571100,JNJ
2017-03-10,98.5109634399414,98.7295114924779,97.98800832065943,98.37827440161395,7395400,JNJ
2017-03-13,98.87779998779297,99.08854102036467,98.18312694211158,98.21434893860126,7162500,JNJ
2017-03-14,99.1666030883789,99.71297316206659,98.94804910391665,99.01830008766918,7679700,JNJ
2017-03-15,100.65740203857422,100.68861807510908,98.815340268761,99.16658320713088,8360600,JNJ
2017-03-16,100.26715087890625,100.45447094571226,99.72857591190464,100.25153690334784,7610700,JNJ
2017-03-17,99.95492553710938,100.64179750502089,99.86906654112043,100.25933253925687,13300800,JNJ
2017-03-20,99.9627456665039,100.23592473885638,99.88468769727523,99.93931874775615,5827500,JNJ
2017-03-21,99.32270812988281,100.25934425284555,99.23684912386271,100.20471319990975,7578600,JNJ
2017-03-22,98.54995727539062,99.63489611702688,98.51092829922243,99.16657817793693,10272700,JNJ
2017-03-23,98.26897430419922,99.1275582635159,98.08164830243597,98.4250783131709,8508100,JNJ
2017-03-24,97.94115447998047,98.62802047163814,97.66796352575449,98.23775448558544,6490300,JNJ
2017-03-27,98.19092559814453,98.45630361330821,97.68357861946443,97.69138560667113,5004300,JNJ
2017-03-28,98.08165740966797,98.17531744175315,97.39478541444714,98.05043541397733,5287600,JNJ
2017-03-29,97.50406646728516,97.82408747999824,97.06697040600602,97.60553944935867,3971800,JNJ
2017-03-30,97.3011245727539,97.90213160858458,97.00451859365403,97.36356260862891,4711700,JNJ
2017-03-31,97.21527099609375,97.43381902131226,96.8093909878419,96.87183498218634,5657600,JNJ
2017-04-03,97.32454681396484,97.80847289164296,97.00452580325381,97.3557688117162,4956400,JNJ
2017-04-04,97.31673431396484,97.38697933868649,96.95769029264048,97.18404529727717,5358500,JNJ
2017-04-05,97.41041564941406,98.0348378024946,97.1060085843524,97.34797164760967,5646300,JNJ
2017-04-06,97.60552978515625,97.92554481119652,97.1762347996291,97.44941981087973,4324200,JNJ
2017-04-07,97.50406646728516,97.93336149531802,97.43382143814553,97.66017645701857,3615100,JNJ
2017-04-10,97.05134582519531,97.52747082063067,96.9654927839567,97.46503278654683,4594200,JNJ
2017-04-11,96.95767974853516,97.40258272168309,96.74693278731519,96.98890174112279,4161500,JNJ
2017-04-12,97.87871551513672,97.92554553027023,97.06696150789791,97.20745750828515,5556600,JNJ
2017-04-13,97.5586929321289,98.07384691009753,97.53527792494607,97.66796693563985,5396500,JNJ
2017-04-17,98.12850189208984,98.19874692650946,97.51188078501566,97.58212581943526,5367500,JNJ
2017-04-18,95.08440399169922,96.29423092267047,94.40533903654303,96.14592794332931,13485700,JNJ
2017-04-19,94.7331771850586,95.4434582549608,94.53023718437784,95.30296224756442,6993100,JNJ
2017-04-20,95.12342071533203,95.34196868515706,94.71754080995507,95.11561372927098,6330100,JNJ
2017-04-21,95.03756713867188,95.25611512092634,94.86584916547596,95.0531751566961,6021700,JNJ
2017-04-24,95.91954803466797,96.16931796103479,95.34195619650436,95.63074913809378,5679000,JNJ
2017-04-25,96.34107971191406,96.59084975186079,96.01325765104414,96.27082872459195,5090000,JNJ
2017-04-26,96.40349578857422,96.98889470842592,96.38008078457787,96.62204376585446,5021800,JNJ
2017-04-27,96.58304595947266,97.0279490439442,96.3176678885542,96.45816391286034,4225200,JNJ
2017-04-28,96.37228393554688,96.70791292309907,96.10689996737273,96.66888394234257,4381800,JNJ
2017-05-01,96.27080535888672,96.61424131357909,96.00542736115973,96.31764132406316,4556400,JNJ
2017-05-02,96.55181884765625,96.58304084640336,95.91958974924236,96.41132283078791,4881600,JNJ
2017-05-03,96.26301574707031,96.55180878415264,96.03666074598699,96.46594978529392,3736500,JNJ
2017-05-04,96.74691772460938,96.74691772460938,96.18493981048594,96.54398373686422,3753700,JNJ
2017-05-05,96.40349578857422,96.62985075218184,95.89614886703892,96.62985075218184,4139800,JNJ
2017-05-08,96.20056915283203,96.62986413550867,96.02104417235273,96.41911716038138,3608600,JNJ
2017-05-09,96.16934967041016,96.3722896634302,95.91177267407551,96.18496364563534,3762500,JNJ
2017-05-10,95.8571548461914,96.05228789063361,95.5215257715513,95.93521282795864,4237400,JNJ
2017-05-11,96.16153717041016,96.16934415757521,95.49027919388894,95.61516716858422,4095900,JNJ
2017-05-12,96.50498962402344,96.86403368009944,96.01325653841688,96.0913085584356,4097100,JNJ
2017-05-15,99.11975860595703,99.40855759439465,97.04354654917488,97.10599053937544,9854600,JNJ
2017-05-16,99.72854614257812,100.19686403475919,99.17436927541561,99.3929172281011,7233800,JNJ
2017-05-17,98.8699722290039,99.8222220794333,98.69825426187917,99.72855610964189,6480800,JNJ
2017-05-18,99.10415649414062,99.80663653830972,98.31581744707381,98.70608347661364,6571300,JNJ
2017-05-19,99.12759399414062,99.43200108984955,98.69049784747928,99.15100900842772,6957200,JNJ
2017-05-22,99.33049774169922,99.63490472615982,98.83875880142735,98.83875880142735,4858200,JNJ
2017-05-23,99.533447265625,100.0251803275077,99.36953624499743,99.36953624499743,3972500,JNJ
2017-05-24,99.52561950683594,99.90807845226507,99.35390154419842,99.74416747565259,3965200,JNJ
2017-05-25,100.20136260986328,100.27207946274959,99.25851519754869,99.5806524322064,5294300,JNJ
2017-05-26,99.7220687866211,100.31134985082667,99.65135793626537,99.96564236940374,4005200,JNJ
2017-05-30,99.87135314941406,100.09135044966021,99.14850316446906,99.54920996371304,3665400,JNJ
2017-05-31,100.7670669555664,101.19920882178273,100.05992844470207,100.05992844470207,8813500,JNJ
2017-06-01,101.18347930908203,101.18347930908203,100.66490913108869,100.82206032850712,5790900,JNJ
2017-06-02,102.20491790771484,102.25205847862829,101.22278271716826,101.39563946982085,6562600,JNJ
2017-06-05,102.4249267578125,102.5506429536993,101.984932061165,102.11850102343611,4634700,JNJ
2017-06-06,102.79419708251953,103.18705115132579,102.16562817463857,102.28347959969855,5619100,JNJ
2017-06-07,102.7313232421875,103.30488673779921,102.59775431794658,102.92775024647466,5765200,JNJ
2017-06-08,102.57418823242188,103.24203288094519,102.1106233606904,102.73132744448893,8101700,JNJ
2017-06-09,103.34420013427734,103.47776909160261,102.38563515680809,102.43277573128104,5992500,JNJ
2017-06-12,103.57203674316406,103.57988950732523,103.25774634242327,103.34417470400787,8020700,JNJ
2017-06-13,103.72917938232422,104.28702538005442,103.24203224229045,103.51703485342166,5733800,JNJ
2017-06-14,104.3184814453125,104.93918565039974,104.11418963964765,104.11418963964765,7329400,JNJ
2017-06-15,104.53059387207031,104.77417343869945,103.5641763258574,103.71346277384016,5265000,JNJ
2017-06-16,105.55988311767578,105.75631013353379,104.53059548385879,105.06488320124845,12639600,JNJ
2017-06-19,105.33988952636719,105.81915995253273,104.88417739486383,105.40273562337438,7488700,JNJ
2017-06-20,105.4577407836914,105.88201787709039,105.20630844022978,105.20630844022978,5201200,JNJ
2017-06-21,105.9998779296875,106.1570171449015,105.30059823137461,105.51273077688438,5841100,JNJ
2017-06-22,106.89558410644531,107.64200436667167,106.28273277792654,106.42415447422152,7311000,JNJ
2017-06-23,107.19412994384766,107.25698801856882,106.32200562809022,106.42413950917921,9007100,JNJ
2017-06-26,107.12340545654297,107.56339993457745,107.01340683703435,107.2334040760516,5561800,JNJ
2017-06-27,106.07844543457031,107.42986431510744,106.06273990474025,107.24915481042923,6120500,JNJ
2017-06-28,105.14347839355469,107.01345578044955,104.9470513410983,106.81702872799316,6557900,JNJ
2017-06-29,104.21632385253906,105.07274282019895,103.9570387360178,104.81345770367768,5750000,JNJ
2017-06-30,103.94131469726562,104.65631191413289,103.93346193263488,104.26345788143047,5264400,JNJ
2017-07-03,104.42057800292969,104.75058588033544,104.22415102249607,104.33414965198084,2931000,JNJ
2017-07-05,105.00202178955078,105.33201772705887,104.04345702342829,104.4834516067724,4302700,JNJ
2017-07-06,104.12202453613281,105.2612987057275,104.03559617904895,104.97844335426689,4282200,JNJ
2017-07-07,104.13774108886719,104.49917207192469,103.46989643065183,104.42846122381134,4994100,JNJ
2017-07-10,103.35990142822266,104.39702987066875,103.10846908523331,104.29489597166406,4019600,JNJ
2017-07-11,103.10846710205078,103.54846170486532,102.51918604707693,103.26560631891972,3733100,JNJ
2017-07-12,103.89415740966797,104.41272752671946,103.53273847156665,103.74487098303632,5053200,JNJ
2017-07-13,103.60345458984375,103.88630994184007,102.91989248458282,103.7920288208254,4424400,JNJ
2017-07-14,104.18488311767578,104.49916151462001,103.50917377418857,103.71345353330707,4383100,JNJ
2017-07-17,103.831298828125,104.44415005838829,103.51702044966494,104.2713053425014,4939400,JNJ
2017-07-18,105.64630889892578,106.03129816765605,102.99061187304827,103.41488894177944,10256000,JNJ
2017-07-19,106.23561096191406,106.39275020407082,105.69347038586092,105.94489077552059,5503300,JNJ
2017-07-20,107.30416870117188,107.70487554501261,106.55773636124054,106.64416473802444,6088600,JNJ
2017-07-21,106.31414794921875,107.06843290710682,106.14915598243093,106.32986546618277,6773500,JNJ
2017-07-24,104.50699615478516,106.19627521502424,104.38129201117852,106.06270632003887,8306700,JNJ
2017-07-25,103.61919403076172,105.16704003600158,103.28133329405185,105.08061166046694,6262900,JNJ
2017-07-26,102.88850402832031,103.90207449387154,102.73136475917622,103.44636222108325,5382200,JNJ
2017-07-27,102.79419708251953,103.04561745229907,101.80420914515148,102.8099146021791,5838100,JNJ
2017-07-28,103.59561920166016,103.7056178576109,102.55062597565092,103.03776116786788,4970900,JNJ
2017-07-31,104.27916717529297,104.95487653780701,103.7920320496268,103.8234550946251,5440800,JNJ
2017-08-01,104.11416625976562,104.77417011353025,103.93345677060478,104.63273643452604,3837600,JNJ
2017-08-02,103.83917999267578,104.1063178554844,103.32060979619773,103.77632190925843,4032100,JNJ
2017-08-03,104.774169921875,104.81344573195979,103.32845804437359,103.64274844772304,4327300,JNJ
2017-08-04,104.64059448242188,105.29273361592143,104.3420335698097,105.08060107013338,3192800,JNJ
2017-08-07,104.38917541503906,104.87631058549842,104.11417279296788,104.5698849155395,3010800,JNJ
2017-08-08,103.92558288574219,104.34200709597884,103.24200888922397,104.10629233817775,5535800,JNJ
2017-08-09,104.67989349365234,104.8213271949441,104.00418400492593,104.34989750924478,6332300,JNJ
2017-08-10,104.56987762451172,105.16702339332721,104.00416689034597,104.53058982567603,5607900,JNJ
2017-08-11,104.57774353027344,105.6698772118064,104.30274092434553,105.00202059109752,4270600,JNJ
2017-08-14,104.87632751464844,105.57560733532759,104.39704503155673,105.44203837957491,3041100,JNJ
2017-08-15,104.7977294921875,105.2377240229521,104.65629582789785,105.16701318528317,3931800,JNJ
2017-08-16,105.41842651367188,106.04699522555522,105.17485898519296,105.34771568068464,4469900,JNJ
2017-08-17,104.53059387207031,105.8663071504719,104.52274110758037,105.42630057101353,5741400,JNJ
2017-08-18,104.20846557617188,105.112025064694,104.01203855788849,104.23988862395757,4792800,JNJ
2017-08-21,104.85272979736328,105.00986899896603,103.86274203720866,103.93345287958701,4660000,JNJ
2017-08-22,105.83487701416016,105.90558786470338,104.42060005852592,104.71132020346022,4150300,JNJ
2017-08-23,104.34201049804688,105.66985875430188,104.2241471208281,105.62270621004377,5129900,JNJ
2017-08-24,104.41275787353516,104.56204434355584,103.92562264627203,104.35776453608054,5398400,JNJ
2017-08-25,104.12018585205078,104.8160111637574,104.07274541083788,104.30205696365894,4133300,JNJ
2017-08-28,104.16764831542969,104.46810849357078,103.96997174800151,104.12019580446197,5349200,JNJ
2017-08-29,104.53926849365234,104.7290302535279,103.81972298020763,104.03321702528633,3277900,JNJ
2017-08-30,103.63787841796875,104.37322947066079,103.50344773231713,104.37322947066079,5430800,JNJ
2017-08-31,104.66574096679688,104.76853659942364,103.78015417867435,103.89085252718968,7407100,JNJ
2017-09-01,103.60621643066406,104.88715641609942,103.53505577929927,104.84763076437493,3820800,JNJ
2017-09-05,102.71272277832031,103.72482567248424,102.57040146439955,103.36110760454126,5146600,JNJ
2017-09-06,103.32157135009766,103.58250582787193,102.95785327699535,103.21877568955125,5601900,JNJ
2017-09-07,104.52344512939453,104.78437959980678,102.98947330860499,103.47180452993346,3800200,JNJ
2017-09-08,103.5666732788086,104.64203397101883,103.47969513218803,104.37319681427043,4854400,JNJ
2017-09-11,105.3299560546875,105.43273963471812,103.59830791050221,103.87504778315889,5724200,JNJ
2017-09-12,104.8713607788086,105.85974346860293,104.31785682034905,105.82020574796748,5465200,JNJ
2017-09-13,104.72904968261719,105.75697031177583,104.25463312969693,104.90300603825423,4679500,JNJ
2017-09-14,106.09693908691406,106.3262506132577,104.36530285649118,104.48390394582918,6274500,JNJ
2017-09-15,106.31045532226562,107.10116159028578,106.09696125163855,106.57929255773965,15522000,JNJ
2017-09-18,107.04580688476562,107.3541818134386,106.04160665438182,106.3025411425234,5260800,JNJ
2017-09-19,106.91930389404297,107.37000019866288,106.23139329293981,106.7611650514609,4903800,JNJ
2017-09-20,105.33786010742188,106.1839093002721,104.64203492809328,105.36158032351564,8705500,JNJ
2017-09-21,104.175537109375,105.81230466019721,103.88297968955827,105.40903679480815,6051800,JNJ
2017-09-22,103.8908920288086,104.68159826605205,103.79601114120968,104.36532059724254,4334900,JNJ
2017-09-25,103.7169189453125,104.18343265431032,103.44808176370877,103.95413319122898,6017400,JNJ
2017-09-26,103.53506469726562,104.32577084333887,103.44018382060669,103.97785820863172,4516200,JNJ
2017-09-27,102.5941162109375,103.65365948655817,102.34108446828434,103.58249883339354,5796100,JNJ
2017-09-28,102.37271118164062,103.00527842184961,102.23037782161573,102.72062376701639,3992700,JNJ
2017-09-29,102.79969787597656,103.16342799830943,102.04062676056041,102.45970003714217,5736900,JNJ
2017-10-02,103.75648498535156,103.84346316375537,102.80763980790529,102.91833821085368,4492900,JNJ
2017-10-03,104.4522705078125,104.68947266263798,103.86714370707132,104.09644314514144,3900800,JNJ
2017-10-04,105.07693481445312,105.30623427839744,104.4522822942327,104.68948447582414,3589000,JNJ
2017-10-05,105.31414794921875,105.40902882085345,104.65786043490422,105.07693370491435,3741100,JNJ
2017-10-06,105.33786010742188,105.36158032351564,104.75273329160312,105.16390381258972,2469500,JNJ
2017-10-09,105.51973724365234,105.81230673442283,105.29834047860476,105.68579085004743,3750500,JNJ
2017-10-10,105.87556457519531,106.05743570399324,105.10067580996736,105.60672733943339,4184600,JNJ
2017-10-11,108.0500259399414,108.39003596965205,106.24721629303662,106.65048428328,8269400,JNJ
2017-10-12,108.19229888916016,108.73788793670728,107.55182898646244,107.80484862193592,5172800,JNJ
2017-10-13,107.87601470947266,108.65881799963206,107.80485406451713,108.01044534801024,4106600,JNJ
2017-10-16,107.63089752197266,108.53230188491528,107.17228659132238,107.89183195140554,5120100,JNJ
2017-10-17,111.32350158691406,111.58443603620009,108.37417134261199,108.85650252488912,11717300,JNJ
2017-10-18,111.23651885986328,111.94816152823725,110.75419976265023,111.32349700604621,6827700,JNJ
2017-10-19,112.31190490722656,113.05517067603793,111.12584559066866,111.2602762639382,9181300,JNJ
2017-10-20,112.59654235839844,113.56120475314584,112.14584616113765,112.58073692355943,5634500,JNJ
2017-10-23,113.56121063232422,114.13843479470269,112.34352849972008,112.38306621929941,6686000,JNJ
2017-10-24,111.99561309814453,113.3714460749928,111.4342064505449,113.3714460749928,6585800,JNJ
2017-10-25,112.56491088867188,113.25282127375142,111.45792727300176,111.6160660659237,6563600,JNJ
2017-10-26,112.13002014160156,113.66399176965803,111.79002234013365,112.68351194934964,5841100,JNJ
2017-10-27,112.10633850097656,112.83378685078655,110.85702109633962,111.48958855080677,5140100,JNJ
2017-10-30,110.6988525390625,111.65561221613149,110.16117818946285,111.55281656361849,6034300,JNJ
2017-10-31,110.23235321044922,110.90444623505483,109.89234327370367,110.71468447056337,4832100,JNJ
2017-11-01,110.68305969238281,111.16539099705972,110.17700816495295,110.56445857861804,5006800,JNJ
2017-11-02,110.64351654052734,110.92817126482454,109.99514370837343,110.7858499352857,3494100,JNJ
2017-11-03,110.76210021972656,111.01511987104972,110.145350492182,110.48534828791357,2737000,JNJ
2017-11-06,110.50909423828125,111.08631845160339,110.4774712989577,110.70677078840603,4220700,JNJ
2017-11-07,110.51698303222656,110.81744311340934,109.836975377103,110.76209996630315,4201900,JNJ
2017-11-08,111.74259948730469,112.17747821987946,110.27188555808854,110.46164731333036,4440700,JNJ
2017-11-09,110.97560119628906,111.81374769586797,110.54071044691783,111.37885694649673,3517100,JNJ
2017-11-10,110.35096740722656,110.80167578181172,109.59979884813838,110.80167578181172,4240800,JNJ
2017-11-13,110.50909423828125,110.71468557215125,109.44955082526498,109.91606458790689,4322300,JNJ
2017-11-14,110.29561614990234,110.92026876168087,109.84490780838074,110.35887409600466,4078200,JNJ
2017-11-15,109.98724365234375,110.56445583370238,109.71049164013655,110.09002725998143,4811500,JNJ
2017-11-16,109.80535888671875,110.44582893601701,109.62349985098157,110.24024968106272,4193800,JNJ
2017-11-17,109.11743927001953,109.79744698286169,109.0304611184275,109.35465350756304,4247400,JNJ
2017-11-20,109.0621109008789,109.56025971582811,108.91188684316401,109.23606724688592,4266300,JNJ
2017-11-21,109.38626098632812,110.11370903085025,109.26765991692284,109.47323912563053,5660600,JNJ
2017-11-22,108.55604553222656,109.41792443313963,108.0104684058825,109.35466649126958,3917000,JNJ
2017-11-24,109.12533569335938,109.4179051310494,108.5718438811597,108.72207995844603,2606800,JNJ
2017-11-27,109.865234375,110.0322927342271,109.37198613270421,109.39585161259379,3933100,JNJ
2017-11-28,111.39269256591797,111.7984178878494,109.98456847117117,110.0243483197775,5052800,JNJ
2017-11-29,111.2255859375,111.87794125329955,110.54141403661092,111.55176359539978,5851400,JNJ
2017-11-30,110.84375,111.5995184838001,110.16752906553964,111.42449688050692,8941900,JNJ
2017-12-01,111.3608169555664,111.7983708278427,110.26296885860992,111.03465146814257,5990500,JNJ
2017-12-04,110.58916473388672,112.57008436954833,110.52551941323976,111.86999798153548,5916700,JNJ
2017-12-05,111.11421966552734,112.02114416084196,110.74031102684387,111.20968156847543,6745300,JNJ
2017-12-06,112.22003173828125,112.93603243101894,111.52790866049389,112.04501015599666,5591700,JNJ
2017-12-07,111.38470458984375,112.57007583621731,110.78804341049984,111.38470458984375,4713100,JNJ
2017-12-08,111.84612274169922,111.98136448410615,111.21764498120784,111.37675219938643,5101300,JNJ
2017-12-11,112.28365325927734,112.30751873006761,111.24148723776871,112.09271735385511,4358600,JNJ
2017-12-12,113.44518280029297,114.21686555687918,112.9996655932854,113.44518280029297,8016700,JNJ
2017-12-13,113.67588806152344,114.10547877193432,113.13492108255399,113.36562473203146,6118400,JNJ
2017-12-14,112.68939208984375,114.25662293730512,112.65757550462544,114.17707540470855,5337900,JNJ
2017-12-15,113.33380126953125,113.87476821568981,112.79282218427059,113.34970349328738,12517000,JNJ
2017-12-18,112.8087387084961,114.39983512994428,112.49051214074505,113.41335097856957,5833200,JNJ
2017-12-19,112.79283142089844,113.27016523291726,112.45870260812649,112.88034221513178,6580100,JNJ
2017-12-20,112.29959106445312,113.42926809440374,112.2359457493584,113.17468683402481,6289800,JNJ
2017-12-21,112.22003173828125,113.10309076195253,112.18821515018527,112.64167133039341,6284700,JNJ
2017-12-22,111.47220611572266,112.45073910866132,111.40856080519075,112.17229239247193,4665600,JNJ
2017-12-26,111.44837951660156,111.80637389150357,111.12220173851276,111.74274069787717,3271100,JNJ
2017-12-27,111.83023071289062,112.29163804594458,111.53586958636535,111.71089118404943,3753600,JNJ
2017-12-28,111.82225036621094,112.17229350806687,111.63927768355056,111.93362662597401,2485000,JNJ
2017-12-29,111.15402221679688,112.33939369005282,111.04264592756581,112.15640881987636,4452900,JNJ
2018-01-02,110.76419830322266,111.3369941118542,110.35847299673571,111.10629042128829,6842100,JNJ
2018-01-03,111.82225036621094,111.91771226340732,110.50163747251875,110.86759497694138,5350500,JNJ
2018-01-04,111.8143081665039,112.28367871726596,111.55177578918712,111.73474848643112,4837600,JNJ
2018-01-05,112.73714447021484,112.82465526065646,111.59950419447397,111.92568188058382,6158800,JNJ
2018-01-08,112.88034057617188,112.96785136913462,112.10865780343758,112.72918446659051,5129800,JNJ
2018-01-09,114.67033386230469,115.8954729285897,113.17469914267282,113.26220994305775,8897000,JNJ
2018-01-10,114.53507995605469,114.68623606242264,114.01797846078792,114.20095115523732,6558600,JNJ
2018-01-11,115.18741607666016,115.27492686235522,114.31232035881146,114.6623635015917,4962200,JNJ
2018-01-12,115.9591064453125,116.4841711941675,115.27493447716583,115.34654304408438,5450600,JNJ
2018-01-16,116.83419799804688,117.78885331920515,116.1738915983113,116.48415488116527,8804000,JNJ
2018-01-17,116.92967987060547,117.99572376485833,115.7363574804549,117.61385185985593,10619700,JNJ
2018-01-18,116.88195037841797,117.29563887779062,116.12618194969522,116.88990149104126,5554800,JNJ
2018-01-19,117.23204040527344,117.46274415457019,116.48422279034699,117.31160011971127,8738800,JNJ
2018-01-22,117.85252380371094,117.85252380371094,116.7228466827689,116.95355034685485,7010400,JNJ
2018-01-23,112.83258819580078,117.29561351113566,112.66551775401685,116.91375382304462,17473600,JNJ
2018-01-24,113.02355194091797,114.20891112980031,112.80875050261639,114.16118017442298,13034400,JNJ
2018-01-25,114.87718200683594,115.08403235608642,113.13494123949559,113.21448879458,7938800,JNJ
2018-01-26,115.61703491210938,115.83183635023104,114.6623793880516,114.95672837203432,8065600,JNJ
2018-01-29,114.30435180664062,115.30675023976694,114.18502444036433,115.23515382000116,8013400,JNJ
2018-01-30,113.30994415283203,114.41576799812704,113.30994415283203,114.08162701317062,8376100,JNJ
2018-01-31,109.93680572509766,113.42131066300665,109.8652093017685,113.42131066300665,13137400,JNJ
2018-02-01,111.39269256591797,111.90979418048383,108.99013295154033,109.41177264073536,9393600,JNJ
2018-02-02,109.53108215332031,111.66315787142578,109.2924273788824,110.59712608192478,9262500,JNJ
2018-02-05,103.7315444946289,108.99011935184025,97.17622806666431,108.65599051562927,19954100,JNJ
2018-02-06,104.87712860107422,105.79996749631046,101.83017730775147,103.42922494071014,19193500,JNJ
2018-02-07,104.55095672607422,106.1500044481241,104.4952746570903,104.92486540033674,10550400,JNJ
2018-02-08,100.5254898071289,104.41572074592727,100.3266027199938,104.1452372208086,11680200,JNJ
2018-02-09,103.04736328125,104.15317485706784,99.79357387013667,101.44830960812254,15030900,JNJ
2018-02-12,103.63609313964844,104.47142138483137,101.57561963398842,103.42129167337735,9963900,JNJ
2018-02-13,103.38945770263672,103.89860810589467,102.38705912124226,102.79279650479836,6339000,JNJ
2018-02-14,103.1587142944336,103.42919771833182,102.1404137604992,102.97574164169068,6259700,JNJ
2018-02-15,104.39981842041016,104.43959827024585,102.94396331798531,103.50085693747353,5606400,JNJ
2018-02-16,105.92723846435547,106.96145355695995,104.08952405611095,104.18499809514208,7970100,JNJ
2018-02-20,104.11338806152344,106.16590385473874,103.94632973900592,105.70448444642503,6563500,JNJ
2018-02-21,103.34968566894531,105.354458704974,103.30990582493038,104.05772319163647,6578000,JNJ
2018-02-22,103.34968566894531,104.23274479401893,103.00759357734178,103.50084179273962,5732200,JNJ
2018-02-23,105.02828979492188,105.07602075058801,103.43719319749765,103.4928752660736,5126800,JNJ
2018-02-26,105.74087524414062,106.81373340825549,104.88418178835262,105.45264341620145,6684400,JNJ
2018-02-27,105.42060089111328,106.55751182235231,105.36456226653807,105.85295470051302,7158600,JNJ
2018-02-28,103.98745727539062,105.9490290601318,103.97944303119495,105.64478098475209,7985900,JNJ
2018-03-01,101.9057846069336,104.17960655750889,101.2972945477075,103.37096196562545,9424000,JNJ
2018-03-02,103.1387710571289,103.37095200299144,101.60954097465599,101.60954097465599,6910400,JNJ
2018-03-05,103.91537475585938,104.3237102105599,102.6263399655346,102.98663882952538,5799800,JNJ
2018-03-06,102.65837860107422,104.24364727281866,102.41818341642578,104.08352122199788,5546500,JNJ
2018-03-07,103.31489562988281,103.5470887801408,101.89776119127384,102.06590147997218,6391700,JNJ
2018-03-08,105.73284912109375,105.92500772374471,103.54709846459349,103.54709846459349,6423400,JNJ
2018-03-09,107.12593841552734,107.14195468167696,105.3324953285469,106.09310304342837,7557800,JNJ
2018-03-12,106.18920135498047,107.47022181582501,105.94100417517828,107.12595146108856,4942000,JNJ
2018-03-13,107.56632232666016,108.39898513240303,106.84573676287168,107.12596651826188,9152300,JNJ
2018-03-14,105.94100952148438,108.6471725589742,105.60472895857804,108.27888389191854,6770600,JNJ
2018-03-15,106.53346252441406,107.47822679153123,106.06108649927145,106.12513934931602,6147200,JNJ
2018-03-16,107.0298843383789,107.60634792004775,105.76487992970932,106.61355903137871,14233500,JNJ
2018-03-19,104.27568054199219,106.86175232048687,103.57111125325422,106.76567913268975,6017000,JNJ
2018-03-20,105.05231475830078,105.5086746607725,103.58713742023801,104.70803210774382,6214300,JNJ
2018-03-21,105.0362777709961,106.30929624720306,104.61193827892711,105.2044058325454,5158700,JNJ
2018-03-22,101.98584747314453,104.6279642659221,101.7616685328575,104.45983616912481,7560100,JNJ
2018-03-23,100.16036987304688,102.322108166041,100.00024382545494,102.18599430632898,8452500,JNJ
2018-03-26,101.99383544921875,102.11393303161083,100.24843476258202,101.20920931330186,8358200,JNJ
2018-03-27,101.84973907470703,103.36295912913896,101.1932124214545,101.76967604058706,7789900,JNJ
2018-03-28,102.0418701171875,103.29888453301383,101.84971765402881,102.18598599166069,6868500,JNJ
2018-03-29,102.60234832763672,103.0907408214664,101.537498270268,102.45823851806584,6119400,JNJ
2018-04-02,99.72804260253906,102.38617585153898,98.91138981939876,102.33813924912438,8916900,JNJ
2018-04-03,102.76246643066406,102.87455588835725,99.82410390851447,100.22442514553796,8035000,JNJ
2018-04-04,104.4117660522461,104.98021524805154,101.19318056157506,101.601509847971,7717100,JNJ
2018-04-05,104.6519775390625,105.04428451150743,103.68319482207478,104.41178236637816,5621700,JNJ
2018-04-06,102.56231689453125,104.59594362294705,101.2092290124903,104.25967521353196,6399300,JNJ
2018-04-09,103.66719055175781,104.99626007318896,102.22603767409566,103.00265579104223,6395800,JNJ
2018-04-10,104.28368377685547,104.81211074953094,103.5150616150698,104.28368377685547,6019300,JNJ
2018-04-11,103.78729248046875,104.36375606501436,103.3069020877357,103.39497325250892,4575400,JNJ
2018-04-12,104.42777252197266,105.13234167692924,103.97141274975385,104.15555706367847,4559800,JNJ
2018-04-13,104.57991790771484,105.22043434169336,103.78728966310733,104.95622085454592,4742300,JNJ
2018-04-16,105.4926528930664,106.38938081318938,105.10834790834811,105.21243534420658,6379600,JNJ
2018-04-17,104.51583862304688,105.8449077496432,103.13073088919164,105.77285287595384,11008700,JNJ
2018-04-18,102.258056640625,104.00345135081587,101.6335564950673,103.83532327453814,9383600,JNJ
2018-04-19,102.1219482421875,102.69841179088,101.59352128641363,102.18599499660661,5959500,JNJ
2018-04-20,101.40938568115234,102.7224389403752,101.01706644378109,102.4822437382466,7743900,JNJ
2018-04-23,101.54548645019531,101.92178939034712,100.70480940907247,101.58551490884759,7501900,JNJ
2018-04-24,101.0330810546875,102.04989436236367,100.3285117311787,101.63356294172289,6577500,JNJ
2018-04-25,101.48943328857422,101.56148817321166,100.30447983772976,100.80888846385899,5859600,JNJ
2018-04-26,102.49024200439453,103.45902480458884,101.37735552673024,101.37735552673024,8211100,JNJ
2018-04-27,102.69841003417969,103.11473531024275,102.08191192965563,102.2660623800558,4266800,JNJ
2018-04-30,101.27326202392578,103.26686001867108,101.27326202392578,103.17078683383626,8219400,JNJ
2018-05-01,100.88895416259766,101.3933566937073,100.05628530364261,101.13715136083013,5122600,JNJ
2018-05-02,98.87934875488281,101.02507089932547,98.63915356150395,100.49664391725898,7390800,JNJ
2018-05-03,98.5030288696289,99.03145576085765,97.10190473541606,98.71920572819211,7282900,JNJ
2018-05-04,99.43180084228516,99.68800621550243,97.51826562485228,98.15877600368647,6127600,JNJ
2018-05-07,98.9513931274414,100.27245433373635,98.73522236311747,99.39174889901201,6707900,JNJ
2018-05-08,98.1667709350586,98.87133408952994,97.43018134969077,98.36693154684879,5951800,JNJ
2018-05-09,98.88736724853516,99.31971497685434,98.1027348286037,98.47102968419009,6808600,JNJ
2018-05-10,100.36053466796875,100.92098807472448,99.27966853064919,99.45581085538907,4948000,JNJ
2018-05-11,101.8737564086914,102.16198821552625,100.68880885474186,100.69681088218546,5716700,JNJ
2018-05-14,100.92898559570312,102.16998384030047,100.56069080060608,101.9618150923179,6101600,JNJ
2018-05-15,100.18440246582031,100.74485592920404,99.5999368111301,100.51266885117025,5875700,JNJ
2018-05-16,100.36053466796875,100.80089047981843,100.08031101879959,100.43259566827935,3818100,JNJ
2018-05-17,99.15955352783203,100.55266950228899,98.91936448860365,100.47260648921286,6473400,JNJ
2018-05-18,99.47180938720703,99.63194153116491,98.70319342145929,99.10351461872895,5433900,JNJ
2018-05-21,99.05548095703125,100.07229414044161,98.73522276806793,99.77606035509447,5558700,JNJ
2018-05-22,98.406982421875,99.47183241068282,98.2868848132133,99.11955382927147,7172700,JNJ
2018-05-23,98.83930969238281,99.2556471941867,98.27085427621198,98.37494170587156,4940800,JNJ
2018-05-24,97.87853240966797,98.79126424775963,97.31808517870525,98.65515650715679,6923600,JNJ
2018-05-25,97.97532653808594,99.04807999477748,97.70108598993214,98.04791582353465,4594800,JNJ
2018-05-29,96.30570220947266,97.43491601450664,95.67657047410634,97.19293942995644,9821900,JNJ
2018-05-30,97.57202911376953,98.06404363565129,96.41861892941523,96.88643702460115,6423700,JNJ
2018-05-31,96.48314666748047,97.79787046331828,96.41861876059127,97.53169746269029,10337500,JNJ
2018-06-01,97.80596160888672,97.85435447387987,96.76547193548436,97.09616676913983,5741000,JNJ
2018-06-04,98.36248779296875,98.70125627387091,97.61236769494091,98.28183097512377,4853000,JNJ
2018-06-05,97.98339080810547,98.85449297313282,97.5155726939203,98.44314139515774,5125400,JNJ
2018-06-06,99.04002380371094,99.04002380371094,97.96727022422971,98.37862801668511,6799300,JNJ
2018-06-07,99.4755859375,99.60463563234867,98.62060632502607,99.20941286511506,7414100,JNJ
2018-06-08,100.06436157226562,100.70156082109209,99.47556133154195,99.49975775873332,6208100,JNJ
2018-06-11,98.93514251708984,100.29019151304408,98.8464181918234,100.23373113821266,5571400,JNJ
2018-06-12,98.83837127685547,99.35458228402398,98.36248560085039,99.33845338230272,5227300,JNJ
2018-06-13,98.9109878540039,100.08859492360781,98.77387061352151,99.33041325912012,5836900,JNJ
2018-06-14,98.73350524902344,99.33037299496706,98.4753936251345,98.9754756658396,5239200,JNJ
2018-06-15,98.89482879638672,98.99162066506993,97.78981137203829,98.4834710466336,13173500,JNJ
2018-06-18,97.85435485839844,98.24957761607874,96.99131389154148,98.08826396298677,6787400,JNJ
2018-06-19,98.86256408691406,99.34651111920203,97.24940321014058,97.32199864952999,8572400,JNJ
2018-06-20,98.43508911132812,98.93517125776562,98.12859072373675,98.74158749891949,6277200,JNJ
2018-06-21,97.95921325683594,98.59641268130541,97.68497880144798,98.26571782900099,4417200,JNJ
2018-06-22,99.08036041259766,99.51591468586882,98.12053365927437,98.14473009328024,9501400,JNJ
2018-06-25,98.87870788574219,99.55623875600277,98.00760555786616,99.06422412215916,8170500,JNJ
2018-06-26,98.68514251708984,99.12069681192253,98.08020702210925,98.79806331718845,5496400,JNJ
2018-06-27,98.08827209472656,99.18522225711152,97.95921623857684,98.50769131976932,5666000,JNJ
2018-06-28,98.40279388427734,98.73349475193592,97.6526739798304,98.22534523857948,5296800,JNJ
2018-06-29,97.87047576904297,99.35458710191014,97.74949361596543,98.59639945611274,7308700,JNJ
2018-07-02,98.06407928466797,98.18506761584969,96.87840471578694,97.87049549328835,5481400,JNJ
2018-07-03,98.97550201416016,99.58043744782046,97.80596263723884,98.12052857044448,4248100,JNJ
2018-07-05,100.82257080078125,100.91936268408969,99.39492590587959,99.69335677706823,7319100,JNJ
2018-07-06,101.427490234375,101.56460743215283,100.50798902593952,100.95161072900945,7297900,JNJ
2018-07-09,101.66947937011719,102.23408328574924,101.30651443544988,101.80659658481052,6706100,JNJ
2018-07-10,102.74222564697266,102.85514642882102,101.71787108199935,101.92758374274105,5075600,JNJ
2018-07-11,101.82270812988281,102.79060830360655,101.67752341151025,102.76641187616447,4827400,JNJ
2018-07-12,103.04872131347656,103.41168621278229,102.57283564204566,103.00838982898019,6199000,JNJ
2018-07-13,101.57269287109375,102.83902413785813,101.08067822409726,101.08067822409726,8250200,JNJ
2018-07-16,100.57254791259766,101.70982348225228,100.14506113273733,101.62916664423146,7314400,JNJ
2018-07-17,104.1375961303711,105.29100019694933,102.88739404655315,103.66977802060644,12858700,JNJ
2018-07-18,103.08097839355469,104.08920390149744,102.57282879917065,103.89562017329393,7152000,JNJ
2018-07-19,101.58073425292969,103.00031128024233,101.5242738729084,102.86319409357915,5984600,JNJ
2018-07-20,101.50814056396484,101.74204961485039,100.9193403270116,101.0645250429502,5835500,JNJ
2018-07-23,102.13729095458984,102.17762244283733,101.1855256769278,101.42750229897045,4631100,JNJ
2018-07-24,104.33927154541016,104.5489780800505,102.55672907863585,102.62931838207554,7158800,JNJ
2018-07-25,103.74237060546875,104.23438515834599,102.95999276022953,104.16179587368555,6523000,JNJ
2018-07-26,105.08130645751953,105.83949409600393,104.73448275041463,104.7748019294237,7640600,JNJ
2018-07-27,106.10565185546875,106.68639071588049,104.80705694641472,104.8393147464643,6620400,JNJ
2018-07-30,106.60575866699219,106.86387037199296,105.86370597628024,106.29119271867471,11013100,JNJ
2018-07-31,106.88805389404297,106.98483961800498,106.28311850439636,106.69447013867692,7598900,JNJ
2018-08-01,106.98483276367188,107.24294442095649,106.53314967086501,106.78318764670873,5770400,JNJ
2018-08-02,105.86369323730469,107.27520914713543,105.73463740033408,107.18648479764838,6563300,JNJ
2018-08-03,106.42826843261719,107.03320365937414,105.58135665366973,105.80719815373057,6498700,JNJ
2018-08-06,106.48475646972656,106.8961080763304,105.67010232305147,106.17825195454652,5840000,JNJ
2018-08-07,106.03307342529297,106.60573866371402,105.90401759700836,106.3718357439592,4664600,JNJ
2018-08-08,105.79917907714844,106.30732880914971,105.573337486802,106.057290784655,3721500,JNJ
2018-08-09,105.82335662841797,106.24278192455303,105.39586995815314,106.0975910381272,4057800,JNJ
2018-08-10,105.46039581298828,106.17019056066529,105.06516695440611,105.81529318682679,4324000,JNJ
2018-08-13,105.03292083740234,105.58138970712918,104.73448997048878,105.43621111482827,3778000,JNJ
2018-08-14,104.4521713256836,105.23455536962958,104.3311891776265,104.58928852929539,4542800,JNJ
2018-08-15,105.20226287841797,105.45231311027726,103.9923924254625,104.65379418064872,5377300,JNJ
2018-08-16,106.85576629638672,107.17840583587025,105.31520710982284,105.67816582273183,7861500,JNJ
2018-08-17,108.46087646484375,108.88836312808463,106.62187398327585,106.83158047417702,6700900,JNJ
2018-08-20,110.40474700927734,110.59831845993263,108.08179114187641,108.83190512805001,7935000,JNJ
2018-08-21,109.17066192626953,110.84833832562134,109.130330444832,110.50151466162693,5832100,JNJ
2018-08-22,108.57379913330078,109.43683384884521,108.42054687258805,109.34004812942302,4688400,JNJ
2018-08-23,108.97708129882812,109.28358579754128,108.16243950336064,108.57379108786472,5057600,JNJ
2018-08-24,109.65463256835938,109.81594623048943,108.75126621447627,108.97710780294705,4809400,JNJ
2018-08-27,109.54906463623047,110.46657856764539,108.972583011126,110.02000044220179,4325900,JNJ
2018-08-28,109.06188201904297,109.53280536380113,108.712734668908,109.43537465653519,6037500,JNJ
2018-08-29,109.5003433227539,109.56530126378378,108.75334558510089,109.06189270762773,4648700,JNJ
2018-08-30,109.5733871459961,110.10116563010035,109.28921016790038,109.3703982804461,4821900,JNJ
2018-08-31,109.36231231689453,109.61401659490991,108.7777032372315,109.28923927930175,6139500,JNJ
2018-09-04,108.57471466064453,109.4110280209652,108.34736806110845,109.3623126624161,4406800,JNJ
2018-09-05,110.31228637695312,110.37724431054902,108.36359792691236,108.37982811821708,6174800,JNJ
2018-09-06,111.13238525390625,111.48964778459569,109.76017798351367,110.0200097838195,6562000,JNJ
2018-09-07,111.49777221679688,111.7981918868898,110.22299571171602,111.05930916315994,6375200,JNJ
2018-09-10,111.40845489501953,112.43151468886923,111.28665409776448,111.66827429479939,4892200,JNJ
2018-09-11,112.46398162841797,112.78877134810602,111.41656420739379,111.75758412097052,7856800,JNJ
2018-09-12,113.15413665771484,113.66567266727695,112.5045696783181,112.78063161798734,6767700,JNJ
2018-09-13,113.58448028564453,114.06353116635172,112.87808280428102,113.58448028564453,6456100,JNJ
2018-09-14,113.25968933105469,113.95797163170101,112.9430271475906,113.67378222036649,4534800,JNJ
2018-09-17,113.6413345336914,113.99858466381292,113.00799763749993,113.12979843615518,5295500,JNJ
2018-09-18,114.11223602294922,114.35582518393697,113.53575447771959,113.8930169285737,4581200,JNJ
2018-09-19,114.04730224609375,114.47763777281534,113.71439743803796,114.2908790427583,5049900,JNJ
2018-09-20,115.28143310546875,115.41134895294834,114.08785758434641,114.33957418488454,5019300,JNJ
2018-09-21,116.01224517822266,116.21523412211543,115.04601582297917,115.44386622375339,13283400,JNJ
2018-09-24,114.05540466308594,115.70367354773197,113.8605308579581,115.37889626197818,6708000,JNJ
2018-09-25,112.56951141357422,114.45325414376005,112.37463763096461,114.10410683193342,7982800,JNJ
2018-09-26,112.17977905273438,113.67377425518977,112.01739042454717,112.82121847038421,7133300,JNJ
2018-09-27,112.22852325439453,113.33278355519657,111.70075697974133,112.4152696053464,6450500,JNJ
2018-09-28,112.18791961669922,112.5045818498632,111.57083773371482,112.13108915918825,6638500,JNJ
2018-10-01,113.422119140625,113.55203505521823,112.04991171770989,112.26101578682625,4871800,JNJ
2018-10-02,114.06352233886719,114.26651124441943,113.3895976856986,113.50327097722948,6439100,JNJ
2018-10-03,112.88619232177734,114.70497742659899,112.76440393082362,114.11224088539778,5411800,JNJ
2018-10-04,113.14603424072266,113.29218032299765,111.49776512460703,112.49646718853586,4738700,JNJ
2018-10-05,112.94303131103516,113.87677531505393,112.50456833963923,113.511397765197,4309300,JNJ
2018-10-08,113.1784896850586,113.41395135581713,112.55328040900027,112.78062698402891,5174100,JNJ
2018-10-09,113.02423095703125,113.36525086428065,111.89561302966038,112.65073827314606,4475300,JNJ
2018-10-10,111.83064270019531,114.04729043598424,111.83064270019531,113.14601921327407,7265600,JNJ
2018-10-11,108.672119140625,112.58575052532562,107.89264881310902,111.97678391156612,11603200,JNJ
2018-10-12,108.69651794433594,109.1349810102516,107.36491094061883,109.12685352307327,6998000,JNJ
2018-10-15,108.76146697998047,109.85761216546354,108.40420447835751,108.70463652170108,6398700,JNJ
2018-10-16,110.8807144165039,112.0418179917906,109.41107597203269,109.41107597203269,9592800,JNJ
2018-10-17,113.23534393310547,113.67379454642196,110.59648798827781,110.61271818137297,8261100,JNJ
2018-10-18,113.2678451538086,113.51954949405847,111.81444958133514,113.02425591214427,7583900,JNJ
2018-10-19,112.9024429321289,113.6737983717594,111.97681392668015,112.3259489318808,5924800,JNJ
2018-10-22,112.60202026367188,113.07295609712027,112.16356959912989,112.54518980227839,4864300,JNJ
2018-10-23,112.80500030517578,113.25970590775357,111.603309329158,111.87937129577031,8282700,JNJ
2018-10-24,111.61957550048828,113.76313852207447,111.37598625928142,112.47213164998058,8279200,JNJ
2018-10-25,112.43148803710938,112.9348965226053,109.65460149252242,111.61141737695333,9720700,JNJ
2018-10-26,111.21357727050781,113.10543560714378,109.8819703695897,112.00117531934866,11371400,JNJ
2018-10-29,111.68451690673828,112.94305080858344,110.60461426267563,111.22982366491435,6783000,JNJ
2018-10-30,114.28276062011719,114.56695006056945,111.23792685581566,111.9930396824215,9646200,JNJ
2018-10-31,113.66569519042969,114.83490111767343,113.3571480264484,114.4857660758732,9968900,JNJ
2018-11-01,114.33960723876953,114.95668910850111,113.55200922124516,113.73064046580497,6913500,JNJ
2018-11-02,114.22589111328125,115.29767829507645,113.39770544312032,115.2733206218045,7673200,JNJ
2018-11-05,115.46012115478516,115.89858425857828,112.86186487301136,114.48577659780288,5601400,JNJ
2018-11-06,115.76051330566406,115.97161729683899,114.53445244724098,114.91607256204644,5798900,JNJ
2018-11-07,117.53059387207031,117.62802459666302,116.08531363979175,116.1908718510748,7173600,JNJ
2018-11-08,117.97716522216797,118.37501558434255,116.92162033844266,117.17332462213533,5497100,JNJ
2018-11-09,118.00963592529297,118.33442563198085,117.230165408163,117.76604674264217,5343100,JNJ
2018-11-12,118.2369613647461,118.74038222265155,117.51432143220231,117.72543780113173,7013600,JNJ
2018-11-13,117.47373962402344,119.15449379692437,116.45067994668823,118.6998006069976,7432300,JNJ
2018-11-14,117.12460327148438,117.98527428374804,116.56435188704026,117.74981259508462,6433100,JNJ
2018-11-15,117.32759857177734,117.33571366856606,115.68744458982182,116.44256983283798,6657900,JNJ
2018-11-16,118.53740692138672,119.14637364407928,117.36818883150346,117.49810470581487,8494300,JNJ
2018-11-19,119.95021057128906,120.52670456234333,118.84595033770982,118.89466569677852,8714600,JNJ
2018-11-20,118.91093444824219,120.77843542343844,118.8297462950809,119.76349058794736,8937700,JNJ
2018-11-21,115.28959655761719,118.73228086368171,114.30712469004288,118.73228086368171,10275400,JNJ
2018-11-23,115.48446655273438,115.89044444073896,114.97294283868271,115.175931782685,3404900,JNJ
2018-11-26,115.51712799072266,116.07278029549461,114.98600094306921,116.03192149143902,7590900,JNJ
2018-11-27,117.0288314819336,117.13506189244063,114.11986380416668,114.86345174099982,5962100,JNJ
2018-11-28,119.6600112915039,119.75806248542769,117.14326007778193,117.52731054513193,8411400,JNJ
2018-11-29,119.1778793334961,120.28099238979557,118.35257376657087,118.98993130177276,6900000,JNJ
2018-11-30,120.03585815429688,120.11757577822424,118.56504067047508,118.76114301852661,12517600,JNJ
2018-12-03,119.47203826904297,119.81522980867103,118.43428440765209,118.94907795127294,8827200,JNJ
2018-12-04,119.3249282836914,121.7436271250525,119.15333877792652,119.5619018446976,9803500,JNJ
2018-12-06,119.2269058227539,119.66814855495045,116.67746319424158,118.07475470485419,11572500,JNJ
2018-12-07,118.83468627929688,120.39540069454881,117.76425269102607,118.88372433668248,9444500,JNJ
2018-12-10,118.69580841064453,119.20243539386435,116.34249222198363,118.80203886119047,6848100,JNJ
2018-12-11,119.7090072631836,121.10629877260625,119.12884208320246,119.53740524792322,9857400,JNJ
2018-12-12,120.19928741455078,121.33509250775268,120.11756979469409,120.11756979469409,8869200,JNJ
2018-12-13,120.80393981933594,121.4167844967494,119.95413401939963,120.08487720965348,6008300,JNJ
2018-12-14,108.67781066894531,118.79383944138827,106.38985426645354,117.94402100725966,58140200,JNJ
2018-12-17,105.52368927001953,107.5746717824915,103.63612952292625,104.8536521914595,36933100,JNJ
2018-12-18,106.56961822509766,108.51438294903697,105.57272306983117,107.90153817989899,24640100,JNJ
2018-12-19,104.27350616455078,107.329563558028,103.84859692193105,106.12020744198415,21232100,JNJ
2018-12-20,104.81278991699219,106.02213330283242,103.57892750639498,104.36336797579426,16609600,JNJ
2018-12-21,104.66571044921875,106.71670555316587,103.87310313195653,104.42874929544897,19732900,JNJ
2018-12-24,100.37579345703125,104.59216823125985,98.87228403111283,104.02018230491676,7531900,JNJ
2018-12-26,103.53807830810547,103.5789371189803,99.69758698468165,100.84973188803708,9253000,JNJ
2018-12-27,104.11007690429688,104.11007690429688,100.56374511078022,102.85170150880255,9918700,JNJ
2018-12-28,103.99569702148438,105.20504710208589,103.57079394321852,104.5186637677685,6537200,JNJ
2018-12-31,105.45015716552734,105.85872033744464,104.11823723520222,104.73924876790744,7409900,JNJ
2019-01-02,104.38788604736328,104.90267961226593,103.18670937482909,104.69839803487383,7631700,JNJ
2019-01-03,102.7291259765625,104.8128006679489,102.43495999109196,104.7065702523083,8654500,JNJ
2019-01-04,104.4532699584961,105.12330712776212,103.55443215887563,103.87311095843035,8831700,JNJ
2019-01-07,103.783203125,104.87815550344257,103.61160736660837,104.28981739239102,8404700,JNJ
2019-01-08,106.19376373291016,106.63500654979613,104.3715689239241,104.73926711520883,9351600,JNJ
2019-01-09,105.35210418701172,106.42255027918124,104.86183581211279,106.08752545189978,7403500,JNJ
2019-01-10,105.98947143554688,106.13654820357455,104.33887260697713,104.33887260697713,6224400,JNJ
2019-01-11,106.02212524414062,106.09566361028594,104.84546151239002,105.40928058955022,5300400,JNJ
2019-01-14,104.82096862792969,105.37662103714878,104.25714944370694,105.19685224019779,7374400,JNJ
2019-01-15,105.7034683227539,105.80969874133257,104.30618297021326,105.01708516045863,5194400,JNJ
2019-01-16,104.6248550415039,105.74432664809473,104.51046408249441,105.74432664809473,6264200,JNJ
2019-01-17,105.48282623291016,105.83419700932825,104.15091266934968,104.35519423497311,7632000,JNJ
2019-01-18,106.79025268554688,107.19063664732558,105.7770114469462,106.14471583835176,10593000,JNJ
2019-01-22,105.245849609375,105.81783541524578,103.78319306673089,104.75556893671121,10568100,JNJ
2019-01-23,105.245849609375,105.65441268047633,104.53494762135469,105.00070927304311,9267800,JNJ
2019-01-24,103.79956817626953,105.1641678020072,102.1408025404809,104.9925782360206,9917000,JNJ
2019-01-25,104.78011322021484,104.95988202300603,103.79956404849148,104.69840806244743,7585100,JNJ
2019-01-28,105.40113830566406,105.53186905306728,104.01201969199562,104.43692267486453,6927700,JNJ
2019-01-29,106.49608612060547,106.6104833188512,105.00074329959104,105.36844768906947,6669300,JNJ
2019-01-30,107.56651306152344,108.0159350512309,106.47156673631524,106.5287590977187,7299300,JNJ
2019-01-31,108.74317169189453,110.46730871837839,106.93731704642052,107.55834102668612,17298100,JNJ
2019-02-01,109.65836334228516,110.05875977768764,109.06186454534652,109.51128657113306,9575200,JNJ
2019-02-04,108.57972717285156,109.61746840968114,108.03225414668371,109.4622249140694,7759000,JNJ
2019-02-05,108.57972717285156,109.39685332564338,108.47349678311483,109.1026874119041,6449800,JNJ
2019-02-06,108.67781066894531,109.14357869948184,108.10582468541219,108.74318227682899,5066100,JNJ
2019-02-07,107.90153503417969,108.38363657944046,107.47662584882454,108.22838058084771,6085300,JNJ
2019-02-08,108.18755340576172,108.23659147362378,107.48482405341642,107.81984894114939,4436700,JNJ
2019-02-11,107.86067962646484,108.40815279200218,107.25600163085883,108.11398680337747,4962200,JNJ
2019-02-12,109.62567138671875,109.74006857414425,107.92604712471245,107.92604712471245,6262300,JNJ
2019-02-13,109.86264038085938,110.2957163690619,108.84941163941612,109.55214083188122,7902200,JNJ
2019-02-14,109.74821472167969,110.16495705125607,108.96378057486996,109.7400479485265,3910400,JNJ
2019-02-15,111.439697265625,111.46421005902205,110.32022567093792,110.46731489967907,6665000,JNJ
2019-02-19,110.87586975097656,111.4396888934683,110.8268441678656,111.2435740926666,5935500,JNJ
2019-02-20,111.41519927978516,111.72569886020088,110.90857238940923,111.104687231009,6089800,JNJ
2019-02-21,110.6552505493164,110.95758331366432,109.71556021948116,110.29571295476278,6665500,JNJ
2019-02-22,111.61947631835938,111.65215588977178,110.16499225748844,110.54903021211396,5223900,JNJ
2019-02-25,112.0307388305664,113.0918299731768,111.75107626237966,112.15412823492167,6846600,JNJ
2019-02-26,111.95669555664062,112.65586442098451,111.90734482288484,112.22813714334879,5106900,JNJ
2019-02-27,111.75929260253906,112.07186401944392,111.364474137169,111.47140910633175,4378100,JNJ
2019-02-28,112.39264678955078,113.47017967564472,111.61123086499082,111.82508823402303,10133200,JNJ
2019-03-01,113.7992172241211,114.01307461519605,112.69699630582713,112.86973644746482,5641600,JNJ
2019-03-04,113.9061279296875,114.6711019767637,113.10825757623405,114.21047838117235,8377700,JNJ
2019-03-05,114.1446762084961,114.4490141169044,113.80742944179653,114.17757251573538,6568900,JNJ
2019-03-06,114.40787506103516,114.86849863142075,114.00483571247324,114.72044643424722,6236900,JNJ
2019-03-07,113.70874786376953,114.43257970914487,113.26456605648627,113.94728064838154,6100400,JNJ
2019-03-08,113.5606689453125,114.58063023598115,112.21169436142307,113.58534431475144,7046700,JNJ
2019-03-11,113.97193908691406,114.35853660019778,113.11649701455255,113.60179600321007,6150400,JNJ
2019-03-12,114.48190307617188,115.15639656627893,113.92257803164023,114.04595486468362,5552900,JNJ
2019-03-13,114.671142578125,115.02483133887972,114.35035013539506,114.81919483582062,6446900,JNJ
2019-03-14,113.52776336669922,114.16934802183025,113.46195820321762,113.79097146957399,8493600,JNJ
2019-03-15,113.18229675292969,113.72516739249853,112.54893303053905,113.51131002242909,11922500,JNJ
2019-03-18,112.8285903930664,113.33034376423805,112.45844734408266,113.22340880857898,7369600,JNJ
2019-03-19,113.87323760986328,114.18580901661207,113.07536721446412,113.19052311941594,5882500,JNJ
2019-03-20,112.92729949951172,113.93080630974934,112.40087072619461,113.78275410055953,5475700,JNJ
2019-03-21,113.59356689453125,114.1528919494936,112.64763180303706,112.68876159850227,5765100,JNJ
2019-03-22,112.61473846435547,113.83210262568082,112.57360866780661,113.30567386258998,6528800,JNJ
2019-03-25,112.36797332763672,112.69698660112007,111.65236255473192,112.61473955827516,4500300,JNJ
2019-03-26,113.98015594482422,114.55593538557193,112.63116903928602,112.63116903928602,4758600,JNJ
2019-03-27,114.08708953857422,114.72867419994107,113.56889426657897,113.99660900678906,6764900,JNJ
2019-03-28,114.23516845703125,114.71224654276308,114.09533717258364,114.38322068136875,4602100,JNJ
2019-03-29,114.9836654663086,115.05770412299213,114.23515836872666,114.56417165001199,7168400,JNJ
2019-04-01,114.31739807128906,115.39493093200208,114.11999513561727,115.14817726241235,5885200,JNJ
2019-04-02,113.27281188964844,114.3421116177194,112.61477259856632,114.3421116177194,5517800,JNJ
2019-04-03,112.8285903930664,113.70872030276549,112.58182417672685,113.67581144669295,5947000,JNJ
2019-04-04,111.51252746582031,112.69698274041512,111.15060534675602,112.58182684353571,5844600,JNJ
2019-04-05,112.01428985595703,112.34331573254458,111.61947135510582,111.89913393691485,4759700,JNJ
2019-04-08,111.98136138916016,112.28569925544303,111.61943930436416,111.90733529482922,4329600,JNJ
2019-04-09,111.51252746582031,112.08007346047866,110.68174826949962,111.86621609514587,5210300,JNJ
2019-04-10,111.52076721191406,111.97316993703983,111.31513075058903,111.77575441578853,4194100,JNJ
2019-04-11,111.21643829345703,112.01429628119479,110.56661999433112,111.83334772750958,4485200,JNJ
2019-04-12,111.8497543334961,112.1541047596922,110.83802669502676,111.22462415585782,5756800,JNJ
2019-04-15,112.29395294189453,112.51603126483093,111.70171897862579,111.86622562374433,5380900,JNJ
2019-04-16,113.52776336669922,115.73217986360036,113.14938681444296,113.77452959199229,10745700,JNJ
2019-04-17,113.93904876708984,115.27978989857407,113.23987981030658,114.33386724038772,9543700,JNJ
2019-04-18,113.11650848388672,115.35383419359411,111.66059881924139,114.62176889122281,10485300,JNJ
2019-04-22,113.37149047851562,113.91437372527301,112.2446067353505,112.67232151971722,4666500,JNJ
2019-04-23,115.07412719726562,115.85555557696776,112.89438632507047,113.03421757431977,5790500,JNJ
2019-04-24,114.49835968017578,115.27155465141126,114.21869715259528,114.86850273739131,5676300,JNJ
2019-04-25,114.8685302734375,114.96724431646287,113.47843824098041,113.93906193825073,5218100,JNJ
2019-04-26,115.47721099853516,115.58414597501957,114.58885997733911,115.05771713479824,4613600,JNJ
2019-04-29,115.0247802734375,115.51007919295424,114.81092292357856,115.44428658611342,4275200,JNJ
2019-04-30,116.14344024658203,116.34907665372933,114.30094607121443,115.31267368008504,6003700,JNJ
2019-05-01,116.7603759765625,117.08940183332828,114.95077769303658,115.93783016122772,6656300,JNJ
2019-05-02,116.20926666259766,116.92487747404972,115.25511054662654,116.7274745197471,8835600,JNJ
2019-05-03,116.80970001220703,116.87550516851577,116.04473860333712,116.21746615647861,5281600,JNJ
2019-05-06,116.87551879882812,116.99890818794081,115.09881702443951,115.36203768037191,5818900,JNJ
2019-05-07,115.13175964355469,116.29155246563617,114.38323980368178,115.83092873373143,6606700,JNJ
2019-05-08,114.9836654663086,115.91314618496529,114.90963936067722,115.32091223780996,4667300,JNJ
2019-05-09,114.11177062988281,114.59708217073741,113.21519875698326,114.2927317025298,5604200,JNJ
2019-05-10,114.37498474121094,114.53949137480645,112.2034645450161,113.86499786069778,4771600,JNJ
2019-05-13,112.85325622558594,113.56064595877068,112.30215216791468,113.38791840766108,5560000,JNJ
2019-05-14,112.54072570800781,113.37971341205618,112.46668704501853,112.7216742423893,7179400,JNJ
2019-05-15,112.61473846435547,113.09181649200838,111.3151147099324,112.60650497441465,6429400,JNJ
2019-05-16,113.68403625488281,114.490127452388,112.66407516239143,113.00954281846508,6857200,JNJ
2019-05-17,114.01309204101562,114.35855982603952,112.57363666122194,112.68879258956323,6915300,JNJ
2019-05-20,113.85678100585938,114.30096273865654,113.24809263356595,114.01306670624903,4771100,JNJ
2019-05-21,113.6100082397461,114.80270954739372,113.57711193415885,114.43255394099198,4859000,JNJ
2019-05-22,114.13644409179688,114.292729792931,113.09182002294095,113.79920987209135,5456800,JNJ
2019-05-23,114.9836654663086,115.03302875444834,113.23987248360247,113.92258696576909,6951800,JNJ
2019-05-24,114.99195098876953,115.530258968618,114.75177348125744,115.530258968618,5473300,JNJ
2019-05-28,113.517822265625,116.35017597939401,113.50125524640538,115.11619210465969,11919600,JNJ
2019-05-29,108.76406860351562,112.54053917672684,106.43690220606315,112.54053917672684,23247400,JNJ
2019-05-30,109.4100570678711,109.99806611127347,108.63157156122477,108.8551820579475,7360600,JNJ
2019-05-31,108.61499786376953,109.31895070718645,107.33961566576839,108.92143078840991,7811000,JNJ
2019-06-03,108.85518646240234,109.65022638102549,108.52390929886631,108.90487487769983,8434600,JNJ
2019-06-04,110.75170135498047,111.22376658311856,109.79930634524025,109.81587336296403,6648900,JNJ
2019-06-05,111.29000854492188,111.91113894658751,110.85935459475986,111.5550176117621,6860600,JNJ
2019-06-06,113.1948013305664,114.00642084215305,111.46392093163102,111.72065281587408,9115800,JNJ
2019-06-07,114.74349975585938,115.60479507700705,113.57577148956284,113.94844722816588,6533900,JNJ
2019-06-10,115.13274383544922,115.24039785374882,113.95673836567832,114.78491229962385,4994700,JNJ
2019-06-11,115.76215362548828,116.4909507447111,115.53026593063223,115.67933117578329,8230500,JNJ
2019-06-12,117.33567810058594,118.35434114839009,116.19280665311838,116.19280665311838,9216500,JNJ
2019-06-13,116.53236389160156,117.55929151806424,116.11827691011001,117.36881504491903,7500800,JNJ
2019-06-14,116.0188980102539,117.17834924621027,115.97748678094601,116.96301590858238,6548100,JNJ
2019-06-17,115.48055267333984,116.14309421765867,115.29007624431168,115.94432796328437,5562800,JNJ
2019-06-18,116.13482666015625,116.71454588374301,115.7704281090642,116.40812557347529,7122700,JNJ
2019-06-19,116.3170166015625,116.74767054892438,115.8698082755204,115.9526180797125,6393400,JNJ
2019-06-20,117.77459716796875,117.93193956894928,116.7725013479258,116.97954479003205,7335800,JNJ
2019-06-21,117.67523193359375,117.95680803992786,116.78080256324,117.15349094525264,11272200,JNJ
2019-06-24,118.47853088378906,119.0085615614494,117.67520136089207,117.94850020612871,5894700,JNJ
2019-06-25,119.45579528808594,120.0686358218231,118.58621025740185,118.65246567884658,7517000,JNJ
2019-06-26,117.47649383544922,119.13284193246263,116.57377451850775,119.13284193246263,7674100,JNJ
2019-06-27,116.5157699584961,118.01476246331448,116.44123735190851,117.79115200662285,5233500,JNJ
2019-06-28,115.34806060791016,116.85534318244181,114.71036316199823,116.55720007082736,12792400,JNJ
2019-07-01,115.41432189941406,116.15967339784568,114.88429107816832,116.10998498287445,5872300,JNJ
2019-07-02,115.96919250488281,115.96919250488281,114.85944248974783,115.29837365449421,4501200,JNJ
2019-07-03,117.71665954589844,117.74978094781227,116.59861951807494,116.77254162968892,3436300,JNJ
2019-07-05,116.41637420654297,117.48471263791255,116.25072936961897,117.38533584529961,4652400,JNJ
2019-07-08,116.7477035522461,116.8388032084615,115.64623048598132,116.04375051449676,4078100,JNJ
2019-07-09,117.11206817626953,117.98993044296837,116.69798124768101,117.15347939651443,4217400,JNJ
2019-07-10,116.94644927978516,117.5924239511565,116.49922826918552,117.41850186104962,4874400,JNJ
2019-07-11,116.0354232788086,116.9464194480662,115.13271693458962,116.72280899980689,5817400,JNJ
2019-07-12,111.22378540039062,116.04375214505151,109.5840042024064,116.04375214505151,17780100,JNJ
2019-07-15,111.56331634521484,112.92979828320594,111.34798303447661,112.12646855529341,10038200,JNJ
2019-07-16,109.73304748535156,110.83452034635329,109.11191702788732,110.08915621523728,10214500,JNJ
2019-07-17,109.20301055908203,110.62747067281367,108.83033483283462,109.72476415798687,8862100,JNJ
2019-07-18,109.37693786621094,109.74132378327164,108.63157374115487,109.42662628049506,6203100,JNJ
2019-07-19,107.91935729980469,109.64196082213924,107.81998045866733,109.52601696183466,8340200,JNJ
2019-07-22,106.53629302978516,107.78683110516533,105.87375136349803,107.66261007139391,12624800,JNJ
2019-07-23,106.7019271850586,107.20711379293365,106.13877497270289,106.51145071757728,5803600,JNJ
2019-07-24,107.48038482666016,107.48866201460116,106.47830169788828,106.73503353026905,6838600,JNJ
2019-07-25,108.59016418457031,108.92971853663492,107.38931448551395,107.7123018202523,8897800,JNJ
2019-07-26,108.26718139648438,108.73924663312016,108.06842772794899,108.73924663312016,4894600,JNJ
2019-07-29,110.16371154785156,110.40387645311583,107.83654457632578,108.49079649109807,7832000,JNJ
2019-07-30,109.38519287109375,109.72474714907638,108.71437414044878,109.70818013536461,5509600,JNJ
2019-07-31,107.84480285644531,109.31895134084469,107.81166882481249,109.02080824080153,8559200,JNJ
2019-08-01,107.90276336669922,108.27545170187152,106.85099169518183,107.8779191626117,7870700,JNJ
2019-08-02,108.54878234863281,108.88004692469148,107.4721535210418,108.3748602321952,6574900,JNJ
2019-08-05,107.79512023925781,108.8717488604387,106.84271265105002,108.4162506779855,9480000,JNJ
2019-08-06,108.3003158569336,108.67299162383,107.32306398072053,107.94419447119193,7880600,JNJ
2019-08-07,107.83653259277344,108.41625181427565,106.16361772192599,107.13257970006495,6771700,JNJ
2019-08-08,109.05391693115234,109.27752738936758,107.85306748143095,108.47419781441742,5260500,JNJ
2019-08-09,109.3520736694336,109.94835987461231,108.6812548478402,109.15332002566106,4677300,JNJ
2019-08-12,109.26099395751953,109.89869150039269,108.73096308260665,108.90488518954764,6852100,JNJ
2019-08-13,110.4949722290039,111.05813711340681,109.31896667963966,109.56742140402528,5013200,JNJ
2019-08-14,107.8779296875,109.76616520395142,107.77027567159438,109.75788801409132,7736200,JNJ
2019-08-15,108.10980987548828,108.5487536462545,107.04147115879486,107.80338959181076,7251200,JNJ
2019-08-16,108.7889175415039,109.04564941333115,108.15950996422002,108.88001717056487,5858900,JNJ
2019-08-19,109.52601623535156,109.7910379925373,109.16990746568275,109.73305974430308,4958000,JNJ
2019-08-20,108.15950775146484,109.86554382722213,108.04356392020745,109.28582467093516,7302000,JNJ
2019-08-21,108.92974090576172,109.65853817459936,108.3665885703393,109.07052898961732,6912800,JNJ
2019-08-22,108.71439361572266,109.42662368977268,108.32515086380398,108.98769252474628,7213500,JNJ
2019-08-23,105.78266143798828,108.70610815274125,105.28575201310119,108.54876571722757,15714000,JNJ
2019-08-26,106.63373565673828,106.86736097053159,105.65750650151287,106.31666727446533,8889500,JNJ
2019-08-27,108.1689682006836,110.47185125722145,107.71840882956911,108.36922388319115,20183800,JNJ
2019-08-28,107.36796569824219,107.52649986650941,105.97455959649764,106.68378101557974,9878800,JNJ
2019-08-29,107.00086212158203,107.80185953988132,105.824383636104,107.50148232511297,6749900,JNJ
2019-08-30,107.1009521484375,107.71839755616644,106.4835131065189,107.02586104971417,7371100,JNJ
2019-09-03,107.41804504394531,107.61828801975884,106.39175523221843,106.79225391546908,5710200,JNJ
2019-09-04,107.5181655883789,108.12725918717288,106.86735045944867,108.04382885852388,4807200,JNJ
2019-09-05,107.28453063964844,108.38590509268163,107.05924458249211,108.38590509268163,4754100,JNJ
2019-09-06,106.97582244873047,107.82688054023915,106.85900980489849,107.53485529647087,6758300,JNJ
2019-09-09,105.92450714111328,106.93411224457834,105.62412992064327,106.80060842845286,7684700,JNJ
2019-09-10,108.09388732910156,108.09388732910156,105.41552302280515,106.24990268149119,8239500,JNJ
2019-09-11,109.4455795288086,109.53736180155776,107.70172907819784,108.35254420073797,6203600,JNJ
2019-09-12,108.82813262939453,109.94621104661016,108.51941623020251,109.6041123314052,5250000,JNJ
2019-09-13,109.12015533447266,109.779322301456,108.43597073141478,109.57906662826713,5369800,JNJ
2019-09-16,108.08554077148438,109.09514581072952,107.91032816413635,108.56114331181958,5101700,JNJ
2019-09-17,108.19400024414062,108.88653683379005,107.72674970934636,108.13560029310244,4976400,JNJ
2019-09-18,108.81145477294922,108.93660662959525,107.45141184982052,108.3859129971062,4373600,JNJ
2019-09-19,108.5611343383789,109.4622658679832,107.93534961490003,108.16063568020681,4730100,JNJ
2019-09-20,109.8460693359375,110.13810728882194,108.71131256975747,109.30372768814905,12053100,JNJ
2019-09-23,109.92118072509766,110.17983638201041,108.87820615262808,109.32042635282534,5183700,JNJ
2019-09-24,109.76265716552734,110.78894067921009,109.58743181849641,110.22156856810886,7102600,JNJ
2019-09-25,109.29539489746094,109.77933662208115,108.66125821545091,109.72092393542314,4522900,JNJ
2019-09-26,107.50981903076172,109.5623857643651,106.82562163181218,109.37882122960414,7545800,JNJ
2019-09-27,107.3012466430664,107.96874029322757,105.71591739487047,107.30958585762458,6006500,JNJ
2019-09-30,107.9520492553711,108.70298588990605,107.63498089644027,107.6933935864007,6552100,JNJ
2019-10-01,108.46102905273438,109.13687461795286,108.27746448790656,108.48605942688138,7673000,JNJ
2019-10-02,110.13811492919922,112.39093746097184,109.48729981405654,110.77223888631632,12051800,JNJ
2019-10-03,109.46227264404297,110.4468345587516,108.47769799771076,109.8377409550484,6997600,JNJ
2019-10-04,111.52318572998047,111.5732464713172,109.51232774213537,109.58741885414048,7233300,JNJ
2019-10-07,111.10599517822266,111.65668879254552,110.25492438623485,111.04758249263257,5427200,JNJ
2019-10-08,110.00463104248047,111.18944884432179,109.7126057480947,110.51360323560337,7870400,JNJ
2019-10-09,107.81857299804688,109.51236319696308,107.23450960732183,109.42058089759007,7787700,JNJ
2019-10-10,107.68504333496094,108.56948379049635,107.32626617084239,107.59326105759648,5119700,JNJ
2019-10-11,109.5790786743164,110.6554227984285,109.15354964508563,109.42054450706685,7161400,JNJ
2019-10-14,109.07011413574219,109.60411662827511,108.8197976823247,109.60411662827511,5700000,JNJ
2019-10-15,110.83898162841797,112.01545990535966,110.22154888034355,110.97248541834514,10008800,JNJ
2019-10-16,112.78309631347656,113.9679138944678,111.64000026151369,112.55781024202193,12434200,JNJ
2019-10-17,113.61746978759766,114.71885698224796,113.18358882622428,113.44225719948122,8434000,JNJ
2019-10-18,106.55027770996094,112.13227955058012,106.55027770996094,111.23114800965469,25868700,JNJ
2019-10-21,106.81729888916016,108.19402038052145,106.01628872927523,107.35964063263592,13823600,JNJ
2019-10-22,107.80184936523438,108.91991505238079,106.87568743474785,107.43472027832105,7613700,JNJ
2019-10-23,108.38592529296875,108.86986707960635,107.69340129879954,108.1856822996185,6693400,JNJ
2019-10-24,106.3834228515625,108.95331412353644,105.21528987650046,108.81981030201503,12111600,JNJ
2019-10-25,107.09263610839844,107.7184208630678,106.22487411888115,106.6587551136398,6947300,JNJ
2019-10-28,107.78516387939453,108.46936134676125,107.22613100640224,107.3179132829606,7876300,JNJ
2019-10-29,107.73511505126953,108.44434296963666,107.26786440315131,108.21905686014206,4506300,JNJ
2019-10-30,110.83898162841797,111.41470558230952,109.91281977468418,111.22280184155306,9627600,JNJ
2019-10-31,110.1714859008789,110.83899218245224,109.21195437410829,110.45518466439336,7686700,JNJ
2019-11-01,109.47061157226562,110.97249754399782,109.42055082847847,110.17983939357968,5541800,JNJ
2019-11-04,108.66128540039062,110.09641977544551,108.54447272947343,109.97126788932931,6140300,JNJ
2019-11-05,108.8198013305664,109.69590258108751,108.20235575565292,108.9115836088424,6257300,JNJ
2019-11-06,109.2703628540039,109.704231098438,108.219036363236,108.81979072035398,5450000,JNJ
2019-11-07,109.66252136230469,110.45519228792068,109.312083404907,109.91283782662425,5873700,JNJ
2019-11-08,110.97251892089844,111.00588851264342,109.27872886116218,109.55407573665576,5003000,JNJ
2019-11-11,110.12144470214844,110.57201693311794,109.57910291365341,110.3634219788313,4371400,JNJ
2019-11-12,109.59575653076172,110.21318923569657,109.3204097576335,110.13809813346741,5228700,JNJ
2019-11-13,109.5290298461914,109.71259440385363,109.07011845203587,109.33711334305643,5885400,JNJ
2019-11-14,109.2703628540039,109.60410961612595,108.58616544054398,109.32876280814497,4217500,JNJ
2019-11-15,112.59119415283203,112.616224524279,109.1201716871223,109.51233114862247,10495100,JNJ
2019-11-18,112.4994125366211,113.21697956274126,110.6888101788626,111.9904404281914,9291800,JNJ
2019-11-19,112.4910659790039,112.7997823629109,111.98209390380387,112.64124819875674,5192200,JNJ
2019-11-20,113.42556762695312,113.75931438244265,111.86528181102454,112.73303101427088,7594400,JNJ
2019-11-21,113.8427734375,114.18487218551276,112.64126457827186,113.4255835686916,6424900,JNJ
2019-11-22,115.20282745361328,115.67007811411068,113.89284502963788,114.01799690954768,9235800,JNJ
2019-11-25,115.25321197509766,115.64808843821483,114.46347186869524,115.15239681679775,6111900,JNJ
2019-11-26,115.24481201171875,115.38763775556916,113.54768424507763,114.65670223709013,10636500,JNJ
2019-11-27,115.73210144042969,116.15218166344395,115.01795993337304,115.2364098540323,5523000,JNJ
2019-11-29,115.51365661621094,116.16898069471091,115.05156583782502,115.60607477188813,3278900,JNJ
2019-12-02,115.40444946289062,115.81613273255515,114.97597221311648,115.70690776268184,4717100,JNJ
2019-12-03,115.23641967773438,115.48006058712696,114.39625916008364,115.0263795483217,5741400,JNJ
2019-12-04,117.1015625,117.4040207615603,115.97573780318467,116.36221723400138,7257300,JNJ
2019-12-05,117.25279235839844,117.4124248978046,115.90013349794532,117.07636583998311,5472900,JNJ
2019-12-06,117.94174194335938,118.94993203795687,117.16879577684021,117.16879577684021,6640400,JNJ
2019-12-09,118.04255676269531,118.30300448089176,117.67288407112648,117.9501385898031,4241000,JNJ
2019-12-10,117.61406707763672,118.46262452469566,117.54685270264721,118.29459499713751,5310300,JNJ
2019-12-11,118.44581604003906,119.28597648570221,118.15176757595556,118.4038054537897,6631500,JNJ
2019-12-12,118.7482681274414,119.35318464239408,118.23576976949069,118.73147414968132,5012400,JNJ
2019-12-13,118.78187561035156,119.13474142261116,117.88289787306216,118.54663173551185,4257200,JNJ
2019-12-16,119.1263427734375,120.0169236057037,118.87430489809233,119.07593519836847,5353100,JNJ
2019-12-17,120.61343383789062,121.02511707928818,119.73967259839469,120.14294603048272,10722400,JNJ
2019-12-18,120.30260467529297,120.88231757087344,119.9245349494291,120.74788879106237,7849200,JNJ
2019-12-19,122.11734008789062,122.56262415022131,120.65545612751305,120.89070005403369,9414700,JNJ
2019-12-20,122.7138442993164,124.20932900907059,121.65524665236086,123.4027820837232,14532800,JNJ
2019-12-23,123.03311157226562,123.30195627884778,122.10892985000594,122.44500175802422,6558700,JNJ
2019-12-24,122.60462188720703,122.67183626902734,122.04171586177354,122.66343927873699,4238900,JNJ
2019-12-26,122.5206298828125,122.81467842022386,121.95772378222415,122.63825186174388,3019300,JNJ
2019-12-27,122.45335388183594,123.12548463177383,122.27691459229399,122.83142342247983,3432700,JNJ
2019-12-30,122.07532501220703,122.83146434541266,121.84847808431252,122.47859846859457,2923300,JNJ
2019-12-31,122.55421447753906,122.67183644093129,121.63844256114005,121.90730008879804,4435000,JNJ
2020-01-02,122.63823699951172,122.68024759114624,121.89049461981485,122.55421581624269,5777000,JNJ
2020-01-03,121.2183609008789,122.13413280679066,120.14295644222737,120.56303670950788,5752400,JNJ
2020-01-06,121.06710052490234,121.15110886034533,120.01690018315207,120.98307936963097,7731300,JNJ
2020-01-07,121.80648040771484,122.20135691597991,118.78190993441854,120.99152359872804,7382900,JNJ
2020-01-08,121.78966522216797,122.64661965616293,120.73105484396183,121.71404103813099,6605800,JNJ
2020-01-09,122.15093994140625,122.6886421722039,121.81488085459488,122.4617952376984,6112700,JNJ
2020-01-10,121.8736572265625,122.81463270777604,121.7392284950093,122.45336991403494,5042600,JNJ
2020-01-13,122.411376953125,122.48698831807131,121.5880232885477,122.22654062559093,4593200,JNJ
2020-01-14,123.10030364990234,123.17591500806962,121.5964093761481,121.86526685384969,7037500,JNJ
2020-01-15,123.51200866699219,123.83967079742061,122.8650942170654,122.99951017377506,4960300,JNJ
2020-01-16,124.51177978515625,125.04948197616487,122.83145883577538,123.85645564048423,6476000,JNJ
2020-01-17,125.32669830322266,125.52834137087774,124.28489501674609,124.68818115205625,9083600,JNJ
2020-01-21,125.41075897216797,126.16689827944906,124.7638318102656,124.83104618733105,9543900,JNJ
2020-01-22,124.55374145507812,125.33508423615315,122.66338112945299,123.2514906667933,10305300,JNJ
2020-01-23,124.78903198242188,124.99067510777402,123.30194438004901,124.37734874226463,8671900,JNJ
2020-01-24,124.61261749267578,125.14190991558661,124.28494257491474,124.83105461801736,9051900,JNJ
2020-01-27,124.97384643554688,125.57036589791356,123.50356588924632,123.94045284112775,7587100,JNJ
2020-01-28,125.6039810180664,126.50295880830296,124.46975933913497,124.7302198343183,7336600,JNJ
2020-01-29,126.47773742675781,127.02384936333404,125.29312103906499,125.5619656932104,6288600,JNJ
2020-01-30,126.32652282714844,126.45254176377554,125.2259147145025,126.04926834673803,6470600,JNJ
2020-01-31,125.0747299194336,126.02411569333758,124.88149653159121,125.81407550051534,8651700,JNJ
2020-02-03,126.16692352294922,126.43578108500411,125.38558027041623,125.53680303419648,5765200,JNJ
2020-02-04,127.36832427978516,128.33450363090722,127.03225242125923,127.27590612116934,6541400,JNJ
2020-02-05,129.37632751464844,129.40153130552386,127.12469057772907,127.46915947946972,5979900,JNJ
2020-02-06,128.98985290527344,129.80480969398738,128.32613168737055,129.59476954885147,6201200,JNJ
2020-02-07,127.6119613647461,128.93101933304987,127.32630990836712,128.83019136857538,5700300,JNJ
2020-02-10,127.58678436279297,127.62879495515742,126.77182758628773,127.43554879424755,4835600,JNJ
2020-02-11,127.69596862792969,128.02363063217706,127.31788623701989,127.94800646209782,3715300,JNJ
2020-02-12,126.93983459472656,127.83040258744656,126.79700886191587,127.59515869577828,5166800,JNJ
2020-02-13,126.09968566894531,126.89783557555275,125.92325914402954,126.15850305713843,5480200,JNJ
2020-02-14,126.13329315185547,126.56177036856364,125.30992667606634,126.49455599381568,5716300,JNJ
2020-02-18,125.3015365600586,126.64579848909474,125.2343221816236,126.41895156435562,7230700,JNJ
2020-02-19,125.13349151611328,125.82241637498787,124.83103326055534,125.36033841273931,6115200,JNJ
2020-02-20,124.65460205078125,125.50317231124359,123.83964538747465,124.85624517422234,7464700,JNJ
2020-02-21,125.96527099609375,126.2257315474281,123.95728770052601,124.41937858859248,7776800,JNJ
2020-02-24,123.3695068359375,125.98215377420506,122.8114619845858,123.86835924779223,10588900,JNJ
2020-02-25,122.3041763305664,124.07976933172091,121.61085826356567,123.43718028162498,10529000,JNJ
2020-02-26,121.48401641845703,123.63163929919178,121.40792289710937,122.89604278967025,10093800,JNJ
2020-02-27,117.62846374511719,122.40564833688515,117.484727228769,120.5370478211964,12566700,JNJ
2020-02-28,113.70523071289062,116.08113367878528,110.61064535426826,114.4492905091996,19820300,JNJ
2020-03-02,118.3894271850586,118.4824346757896,113.30785603937842,113.95890847449556,11508200,JNJ
2020-03-03,114.64378356933594,119.2095885519311,112.53845198714403,118.37252107972675,13662500,JNJ
2020-03-04,121.31491088867188,121.45019685597508,115.9543302246868,116.41090423736019,10560500,JNJ
2020-03-05,120.07200622558594,120.6385017359344,118.23723371851025,119.04893667311121,11339200,JNJ
2020-03-06,120.08890533447266,120.91750925733476,116.18261679654351,117.08731423341172,12239100,JNJ
2020-03-09,115.36248016357422,118.10195027831404,114.06037519409081,115.26947266575398,13848600,JNJ
2020-03-10,119.75918579101562,120.0212943435034,113.4938934364075,118.34717208127825,12698100,JNJ
2020-03-11,111.43927001953125,117.31561727762602,111.18561205050682,116.75757232608834,17763400,JNJ
2020-03-12,106.0363998413086,113.09646635935306,105.26697547838084,107.64287864380091,21539200,JNJ
2020-03-13,113.5445785522461,114.07725888943537,105.39379400843465,109.34236699763144,20084200,JNJ
2020-03-16,107.49069213867188,113.09647369333348,103.51676044724634,104.480650371563,18877900,JNJ
2020-03-17,115.4892807006836,115.64148062338155,108.06563496702756,108.69132282420165,18911800,JNJ
2020-03-18,114.11111450195312,114.71142505467559,108.82662702301226,110.77977153097588,17521100,JNJ
2020-03-19,107.42304992675781,114.13646400148468,106.66208253969477,114.13646400148468,18482300,JNJ
2020-03-20,101.36914825439453,107.75281146709824,99.8810348305571,107.23704499265669,19785100,JNJ
2020-03-23,93.97086334228516,100.24460490934611,92.29674143340729,98.92559898710417,20815200,JNJ
2020-03-24,100.76882934570312,101.16622381356711,96.2706741183646,100.41371335557403,17604800,JNJ
2020-03-25,100.95484161376953,104.81040129051904,98.67193934401799,100.54053963641807,13986100,JNJ
2020-03-26,107.01720428466797,107.46532775603872,101.78344622674128,101.9440966979081,15066800,JNJ
2020-03-27,104.13400268554688,107.90501228955924,101.95256464060454,102.85726866610985,12133200,JNJ
2020-03-30,112.46233367919922,113.29095052834923,107.80353459349224,108.61523747183237,21754000,JNJ
2020-03-31,110.87275695800781,114.7452301599692,109.95959615521717,114.1364562914421,15746100,JNJ
2020-04-01,108.91116333007812,110.11179725164982,106.11250102467609,107.97263790455365,12606100,JNJ
2020-04-02,112.5807113647461,113.29940679234454,107.56679604796278,109.17327501349081,11594500,JNJ
2020-04-03,113.44312286376953,113.96733977674492,111.25323483525463,111.92965166264159,10071200,JNJ
2020-04-06,118.16958618164062,119.1926685963133,114.60149933607256,115.84441177714666,14994400,JNJ
2020-04-07,116.2418212890625,120.08893110899083,116.05580628051516,118.2541584352119,11567100,JNJ
2020-04-08,121.1288833618164,121.86449266934159,116.08960416677824,116.47008462152375,10758200,JNJ
2020-04-09,119.41248321533203,122.95520509696316,118.6092438322803,121.76302182337577,11125400,JNJ
2020-04-13,118.17803955078125,119.63233135928265,116.54618330800433,118.37250505378458,8153200,JNJ
2020-04-14,123.47093963623047,124.64620863690385,121.79681832555065,122.95517336102415,13838000,JNJ
2020-04-15,124.8491439819336,125.0605234023683,121.36560236009797,123.06510115740163,11962300,JNJ
2020-04-16,126.54869079589844,127.40265942097227,123.81767098166004,125.3987856791272,12181700,JNJ
2020-04-17,128.53564453125,128.77238852910165,126.48949260605775,128.5102800244502,10920000,JNJ
2020-04-20,128.2396697998047,129.36420990468162,126.90375026697893,127.61398204850866,12226200,JNJ
2020-04-21,126.55709838867188,128.2143189569989,125.61858601412918,126.92912828573985,9951100,JNJ
2020-04-22,129.35580444335938,131.0552909916497,128.29044349828644,129.2036044933857,11515600,JNJ
2020-04-23,131.48643493652344,132.7462607821437,129.95605017264998,130.4210874244947,10665000,JNJ
2020-04-24,130.9368896484375,132.1544373690933,129.9053568796362,131.537212975164,8653400,JNJ
2020-04-27,130.4549102783203,131.94302957350868,130.2097158407678,130.8945830611328,8924000,JNJ
2020-04-28,128.00296020507812,129.4488015567396,127.41955076320735,127.88458820974057,8558700,JNJ
2020-04-29,127.03060913085938,128.20587845129745,126.1174482852445,127.99449898430082,9285200,JNJ
2020-04-30,126.86151885986328,127.19127037372044,124.4264357196801,125.52561173306437,14829600,JNJ
2020-05-01,125.38184356689453,126.54866239602808,124.11356671838564,126.50638392076193,7309000,JNJ
2020-05-04,125.36494445800781,126.04981190265715,124.36722661276127,125.7877034141202,7198400,JNJ
2020-05-05,126.40493774414062,127.48719972413792,125.67779176680676,125.98217875502978,6562300,JNJ
2020-05-06,125.20429992675781,127.09826478450866,125.17047198378043,126.82769284700993,6191600,JNJ
2020-05-07,124.78998565673828,126.43029247186197,124.40105464172554,126.29500650943169,5570500,JNJ
2020-05-08,125.72853088378906,126.1343759335034,125.0436633306519,125.91454588607095,4712100,JNJ
2020-05-11,126.07516479492188,126.91223209548944,125.23809749435429,125.51711992787682,5887500,JNJ
2020-05-12,124.40950012207031,127.11515475285978,124.31649263937541,126.91223871903742,7039200,JNJ
2020-05-13,124.40104675292969,125.93988254785685,123.45405797754971,123.51325042045161,6970500,JNJ
2020-05-14,124.83228302001953,124.93374105640328,121.97442791378414,122.9298674283358,6871400,JNJ
2020-05-15,127.19973754882812,127.23355259414355,123.15816230060189,125.02674996684165,10340400,JNJ
2020-05-18,127.26736450195312,129.88846238655316,127.21663548958242,128.93303588321808,7388400,JNJ
2020-05-19,125.99909973144531,127.75777877210268,125.4748697827307,126.91226074687786,6107300,JNJ
2020-05-20,124.86605072021484,127.15740941853741,124.51939826014814,126.61627859369918,5713400,JNJ
2020-05-21,124.0459213256836,125.55939250136274,123.29341100453314,125.55939250136274,6487300,JNJ
2020-05-22,122.91356658935547,124.5482125045163,122.64964121116438,123.08385276071445,6140900,JNJ
2020-05-26,123.07537078857422,124.67596778597452,122.85401688104628,124.4631229933847,7072300,JNJ
2020-05-27,123.35628509521484,123.66278201088915,121.7556886476923,122.87100589015344,7950000,JNJ
2020-05-28,125.12718963623047,126.09776130819718,124.13958674447085,124.31838207476059,6189600,JNJ
2020-05-29,126.64262390136719,127.15345648829864,123.73090933428749,125.97004021988603,8504000,JNJ
2020-06-01,125.31448364257812,126.29356434737954,124.30984961470867,125.39961375242292,6141800,JNJ
2020-06-02,126.21691131591797,126.30205439516574,124.40347025422207,125.20376843151529,6078300,JNJ
2020-06-03,126.55747985839844,126.97466023430077,124.68444870536935,126.44680942516852,6339500,JNJ
2020-06-04,124.92280578613281,126.31906647725187,123.94372537743085,124.98240853691068,8170500,JNJ
2020-06-05,125.40811157226562,127.40033503282974,124.81214895470508,125.74014881569298,9725400,JNJ
2020-06-08,124.95690155029297,125.67205680437033,124.07998220495729,124.19917474730352,7555600,JNJ
2020-06-09,124.26728057861328,127.1364235596564,124.00334218461063,126.2169327101651,8247200,JNJ
2020-06-10,125.83383178710938,127.73240351560155,124.8121794798542,124.8121794798542,10137100,JNJ
2020-06-11,119.93377685546875,127.00022640763302,119.83161551446396,126.49791582633958,11913300,JNJ
2020-06-12,121.02352905273438,122.35169130833498,119.43145435621193,121.61098268692024,8687400,JNJ
2020-06-15,120.25728607177734,121.23636674427517,118.67372058156333,120.044441317668,8649600,JNJ
2020-06-16,122.99027252197266,123.8075894622431,121.55143927282953,122.675253313456,7579100,JNJ
2020-06-17,122.61561584472656,123.8075413321855,122.14735476357717,123.36482058355212,5100100,JNJ
2020-06-18,122.09626770019531,122.70073952608212,120.78513674168569,121.33854089623011,4797400,JNJ
2020-06-19,122.45384979248047,124.19917943565841,121.96004838668782,124.12254544831868,12206900,JNJ
2020-06-22,122.0792465209961,122.30912251150998,120.92137044535257,122.14735840674146,5285600,JNJ
2020-06-23,121.62802124023438,122.66670480281893,121.47476624376378,122.37723902072537,5921600,JNJ
2020-06-24,119.03983306884766,121.05759739687967,118.10331085401488,120.46163461971982,8211200,JNJ
2020-06-25,118.9121322631836,119.67838134396683,117.09869039544724,119.67838134396683,7421200,JNJ
2020-06-26,117.32854461669922,118.85252038876062,116.65596088430696,118.79291761966833,12849700,JNJ
2020-06-29,118.37571716308594,118.9376303578865,117.47325760289715,118.12031388455033,5309800,JNJ
2020-06-30,119.72940063476562,120.06143783557097,117.35404659045814,118.68219539367954,7738300,JNJ
2020-07-01,119.51660919189453,120.37649745632534,119.24416162830366,119.7805346497389,6174800,JNJ
2020-07-02,120.01892852783203,120.7596242849798,119.47404635191565,120.25731366785696,5152200,JNJ
2020-07-06,121.73017883300781,122.40277559008284,120.79366962721375,121.04056384763734,6156400,JNJ
2020-07-07,121.6194839477539,122.57302418126038,120.24024126313334,120.37646500820894,5622600,JNJ
2020-07-08,121.97708892822266,122.07925026446647,120.64041748763276,121.6365294890528,6257400,JNJ
2020-07-09,121.31304168701172,122.9647066240897,119.68690409875164,121.54290474552766,5738600,JNJ
2020-07-10,121.21086120605469,121.63655083646552,120.41056262231967,121.53438948229221,4282400,JNJ
2020-07-13,123.62874603271484,124.84621172494609,121.98557786418579,122.26653448339579,6951900,JNJ
2020-07-14,125.93597412109375,126.33612327131038,123.67130297114676,123.72239662116306,7447100,JNJ
2020-07-15,126.22544860839844,127.88564808731466,126.19990827712398,127.47697680489779,8512800,JNJ
2020-07-16,127.06832122802734,127.14494222348752,124.88027086801252,126.58302894141993,9304700,JNJ
2020-07-17,127.15349578857422,128.2006886253338,126.59158236747733,127.70688710294712,7441100,JNJ
2020-07-20,127.36632537841797,127.97931940253237,126.37020034597097,127.90268540625696,6191500,JNJ
2020-07-21,127.48551940917969,129.12867494345085,127.2811837351138,127.36632684706166,5575900,JNJ
2020-07-22,127.71540832519531,128.055967851029,125.87643884976366,127.64729642002857,5910200,JNJ
2020-07-23,127.3748550415039,128.43057002912562,127.093898319209,127.8856878076795,6566300,JNJ
2020-07-24,126.10628509521484,128.2177149007163,125.17828486924923,128.13257178285954,5405900,JNJ
2020-07-27,125.30597686767578,126.7873812631519,125.0335422954245,125.46774098448817,5675200,JNJ
2020-07-28,125.00798034667969,125.99558310624306,124.93986846763953,125.49325962219848,4842200,JNJ
2020-07-29,124.76105499267578,125.55284410407553,124.36091887198104,124.63335335745519,4489100,JNJ
2020-07-30,125.0164794921875,125.5783927062072,124.42051683686883,125.52731204875296,5922500,JNJ
2020-07-31,124.09701538085938,125.53584816673084,122.56454336351908,124.86326438054388,8259600,JNJ
2020-08-03,125.45069122314453,125.82528704195892,124.4290261087059,124.63336172979595,4078700,JNJ
2020-08-04,125.34007263183594,125.34007263183594,124.1481467031952,125.14425901306316,4162200,JNJ
2020-08-05,126.34468078613281,127.1194390538698,125.83386100938499,126.94065667886399,5467500,JNJ
2020-08-06,125.6209945678711,127.06833650608587,124.72704387364543,126.34465904147113,4837900,JNJ
2020-08-07,126.5149154663086,126.55747402042724,125.28040561258837,125.58690255011017,3635100,JNJ
2020-08-10,126.02967071533203,126.86401875196428,125.76574522351076,126.73631705947545,4096600,JNJ
2020-08-11,125.12718963623047,127.05130176037096,124.61635697055775,126.97468075782436,6388400,JNJ
2020-08-12,127.41741180419922,127.91121328987562,125.5699205337118,125.61247910010248,5257300,JNJ
2020-08-13,126.0041275024414,127.01727087646283,125.60397822041587,126.4638665759302,5155500,JNJ
2020-08-14,126.20845031738281,127.14495959107312,125.6465369585597,125.67207729386848,4240200,JNJ
2020-08-17,126.84696197509766,127.90266362158476,126.19990562039901,126.27653960362193,4306900,JNJ
2020-08-18,127.78350067138672,127.79202277761412,126.48941364434874,127.07685437833824,4322600,JNJ
2020-08-19,128.0388946533203,129.05203780014378,127.12792582626099,127.34927970222557,7816300,JNJ
2020-08-20,128.91583251953125,129.05205630474083,127.32375762681654,127.49403086282095,4874700,JNJ
2020-08-21,130.05665588378906,130.81438270048588,128.20916494849484,129.22230807227203,6722800,JNJ
2020-08-24,130.39950561523438,131.04228992765417,128.85683372741116,130.90517254655632,5387900,JNJ
2020-08-25,130.32237243652344,131.18799699889124,129.87670499240733,130.93944641222876,3863500,JNJ
2020-08-26,130.52804565429688,130.82800376357892,129.10534683977042,130.1509435032197,8008300,JNJ
2020-08-27,131.11082458496094,131.35079629277678,130.17664807400095,130.63088116932929,5575400,JNJ
2020-08-28,131.67648315429688,131.72790379699964,130.18521912852756,130.90514735879975,5395700,JNJ
2020-08-31,131.47935485839844,132.3278215439115,130.49374467518228,131.12796306062197,6362700,JNJ
2020-09-01,129.85952758789062,132.05356180258974,128.61681432632008,131.87357650768413,6307700,JNJ
2020-09-02,131.83932495117188,132.26784774705652,127.91405457157103,129.2338990288055,6881900,JNJ
2020-09-03,128.171142578125,133.24484979237042,127.09983582484324,132.69634125778916,8672800,JNJ
2020-09-04,127.34843444824219,129.37106309372476,126.09715488236068,128.7025684045593,7200100,JNJ
2020-09-08,126.20852661132812,129.3196062320083,125.89998968136416,128.77109758734767,8756800,JNJ
2020-09-09,128.29974365234375,129.49961552538474,126.94560982450783,126.97132015030698,6960700,JNJ
2020-09-10,125.90857696533203,128.3682937449575,125.57432969187255,127.91406060608894,6191800,JNJ
2020-09-11,126.65418243408203,127.29696655649514,125.66858534403916,126.02854288329333,3934700,JNJ
2020-09-14,127.14270782470703,128.10259462006252,126.85130240970831,126.9455779397862,4375800,JNJ
2020-09-15,127.60550689697266,129.06248166487526,127.28840423949626,128.08545029557806,3658800,JNJ
2020-09-16,127.18560028076172,128.6082995457018,127.14275844978512,128.0340803893064,4323000,JNJ
2020-09-17,126.1313705444336,127.38266258843255,125.17148387669195,126.87699586116327,5461400,JNJ
2020-09-18,127.85404205322266,128.2568544864384,125.30005011212332,125.56573212605785,12174000,JNJ
2020-09-21,124.35734558105469,126.78277358486821,122.52326816928738,126.48281541397182,7574500,JNJ
2020-09-22,123.59455108642578,124.57158254223842,123.17459403672078,124.00592931058954,5295900,JNJ
2020-09-23,123.79167175292969,126.45708416085476,123.74025110799839,126.397084690116,8784400,JNJ
2020-09-24,123.98880767822266,124.48589578490582,122.84893525595479,123.89453212217101,5614800,JNJ
2020-09-25,124.83726501464844,125.34291877916282,123.32029064362729,123.4145661825603,5531200,JNJ
2020-09-28,126.0799789428711,127.09128647531612,125.48861538551884,125.75429742955176,5843200,JNJ
2020-09-29,126.037109375,126.77416902948734,125.1800638733857,126.49992126925856,6768600,JNJ
2020-09-30,127.59696197509766,128.32544293920782,125.84858150627541,126.37137988168573,8487700,JNJ
2020-10-01,126.260009765625,128.2569152281709,125.52294975976672,127.9655227573039,6457800,JNJ
2020-10-02,125.33433532714844,127.19412244387283,124.98294354280816,125.30862500902366,5485600,JNJ
2020-10-05,127.03984832763672,127.16841299661723,125.48859809526272,125.98568604487296,4992800,JNJ
2020-10-06,125.35147094726562,127.3655331165143,125.01722372316442,127.08270653035534,5118200,JNJ
2020-10-07,126.73990631103516,127.03986442170411,124.96581565866776,125.54861346143021,5603100,JNJ
2020-10-08,127.60550689697266,128.42827634992247,126.87701297428295,127.27125966740984,4413500,JNJ
2020-10-09,129.38816833496094,129.82525685961377,128.08545543117336,128.25686192647973,5054100,JNJ
2020-10-12,130.1338348388672,131.24799702608834,129.4310640631465,129.92815221059843,7273200,JNJ
2020-10-13,127.15129852294922,128.65969422271192,126.64564470670527,127.69980723899741,11057600,JNJ
2020-10-14,126.92848205566406,127.7255283338208,126.31997381308166,127.54555604793788,7706400,JNJ
2020-10-15,126.14855194091797,126.75704703204472,125.41149215516695,126.39708942655872,5978600,JNJ
2020-10-16,126.92848205566406,127.49412231734802,125.99429224008146,126.49995917644505,6097000,JNJ
2020-10-19,123.68879699707031,127.6140533762058,123.52595628052815,127.29695076660781,7250800,JNJ
2020-10-20,123.8859634399414,124.91441570503574,123.51742697410688,123.98023899376139,5325400,JNJ
2020-10-21,123.35456848144531,124.56300593123076,123.33743698501415,123.51740923988879,5221300,JNJ
2020-10-22,124.34014892578125,124.86294714592641,123.27740791569806,123.55166872248407,5279700,JNJ
2020-10-23,124.477294921875,126.38850275272615,123.71452493898092,125.02580352668112,4154400,JNJ
2020-10-26,123.38883972167969,124.07447872628647,122.34324318208652,123.7830733220321,6929500,JNJ
2020-10-27,122.68608856201172,123.6631201515498,122.48897170975292,123.19175547147177,4890100,JNJ
2020-10-28,118.5808334350586,121.6833344189652,118.42655842196153,121.21195670877758,8426100,JNJ
2020-10-29,117.57807922363281,118.87221327562276,116.60104783529805,118.27228401567633,7205400,JNJ
2020-10-30,117.50953674316406,117.87806011789296,114.54415285967748,117.14100029095557,7364100,JNJ
2020-11-02,118.86363983154297,119.13788758512749,117.83518787001769,119.11217726690006,7088000,JNJ
2020-11-03,118.70083618164062,120.80917447729756,118.0837621964474,120.00354938121305,6363000,JNJ
2020-11-04,119.47215270996094,122.1632754001659,118.87222339892382,119.54929675368427,10263500,JNJ
2020-11-05,119.78070068359375,121.55479153548603,119.35217783946278,120.45777410070912,8016200,JNJ
2020-11-06,121.91472625732422,122.72035114537526,119.68640265537358,120.32918680084278,5942500,JNJ
2020-11-09,125.19721221923828,127.69121784271313,124.20303626880145,127.21126136226034,12351600,JNJ
2020-11-10,127.08274841308594,127.48556097969083,125.35151225943179,126.19999229754268,7386500,JNJ
2020-11-11,126.67134857177734,127.87120724023643,125.86572357546393,127.84549691716079,6382400,JNJ
2020-11-12,127.09988403320312,127.39984219140966,125.77146053977425,126.50852038869428,4710300,JNJ
2020-11-13,128.4711456298828,128.9082473079357,127.19415590218688,127.77694070295128,5893500,JNJ
2020-11-16,129.28533935546875,129.6710072759758,128.3854388226333,129.3453257496692,6266400,JNJ
2020-11-17,127.99977111816406,129.09678848733626,127.8026412058676,128.55684555122795,7297700,JNJ
2020-11-18,126.30279541015625,128.35113370114368,126.30279541015625,127.58836370351598,6661000,JNJ
2020-11-19,126.10569763183594,126.37995851966588,124.77727424605233,126.24282807575091,7987700,JNJ
2020-11-20,125.43719482421875,126.79132844459406,125.24007799746454,126.0285583819594,6354900,JNJ
2020-11-23,124.1599349975586,126.00675639278518,123.44364267192347,126.00675639278518,7318300,JNJ
2020-11-24,124.1599349975586,124.92800527014468,123.93555950465489,124.27212932818479,11034800,JNJ
2020-11-25,123.99597930908203,124.418854546338,123.28832532549598,124.32392390811117,7594600,JNJ
2020-11-27,124.27213287353516,124.84171664294261,123.59899320727142,124.7036333349016,3059000,JNJ
2020-11-30,124.85894775390625,125.01429474336989,123.4608906904685,124.47060003276766,15663200,JNJ
2020-12-01,127.24950408935547,128.69935272255208,125.87733555976578,126.2484196959996,9738200,JNJ
2020-12-02,127.84496307373047,129.19988091642796,127.46524054027766,127.59469858669098,7745500,JNJ
2020-12-03,128.587158203125,129.08770039915137,127.4566289191478,127.7586713897552,7310500,JNJ
2020-12-04,129.68316650390625,129.71768075050997,128.8201654869583,129.26891653455888,6747100,JNJ
2020-12-07,128.56126403808594,129.37248711035426,128.16427777161505,128.88920864219884,6634700,JNJ
2020-12-08,130.78782653808594,131.29699405470942,129.0618242430755,129.45017212578236,8339800,JNJ
2020-12-09,132.1254425048828,132.47063759609998,130.96901129577319,131.8924285757195,8440100,JNJ
2020-12-10,131.3918914794922,132.02187847071258,130.8999746290077,131.8838083299767,7392900,JNJ
2020-12-11,131.99600219726562,132.39298845699676,130.51163940264553,130.7705423400049,5977400,JNJ
2020-12-14,128.64759826660156,132.4534236412311,128.578556588756,132.25493704764608,8547300,JNJ
2020-12-15,129.94204711914062,130.09738095469731,129.04451884143023,129.4501303031814,7612600,JNJ
2020-12-16,129.16537475585938,130.24412614504945,129.06181883636975,129.6227642914078,8486100,JNJ
2020-12-17,132.57421875,132.80723272356096,129.4156448753289,129.5278260587573,9920300,JNJ
2020-12-18,133.34230041503906,133.85148109182265,130.89138035596244,132.60011891339167,17137200,JNJ
2020-12-21,132.05642700195312,132.39299689145733,129.49331277867063,131.18478749625797,7893400,JNJ
2020-12-22,131.79751586914062,132.81585074452474,131.0553344706054,131.5213492239413,4699500,JNJ
2020-12-23,131.1243438720703,132.5569283628022,131.08981646573977,131.86652508801058,4607300,JNJ
2020-12-24,131.58177185058594,132.07367560417381,131.02082643242673,131.0467154105971,2114900,JNJ
2020-12-28,132.20310974121094,132.78994403135277,131.4350394683202,132.31530407188163,3855500,JNJ
2020-12-29,133.02297973632812,133.70474476363574,132.72956254322614,132.99709075860446,5212000,JNJ
2020-12-30,134.67129516601562,134.9560870476316,133.41994647529,133.5407660764287,5412800,JNJ
2020-12-31,135.819091796875,136.0607310059769,133.86007598104604,135.08553573244828,5099900,JNJ
2021-01-04,135.05966186523438,135.81910698927533,133.01435362785674,135.6982873712098,11765900,JNJ
2021-01-05,136.64759826660156,137.01005716763802,133.82559400102798,134.8439290322705,9602300,JNJ
2021-01-06,137.93344116210938,138.2786362691222,135.2495077247846,135.69827189858063,8230100,JNJ
2021-01-07,138.39947509765625,138.9690589548592,136.65622244624268,137.21716786514338,7747200,JNJ
2021-01-08,138.11471557617188,139.02950797133383,137.9766453828011,138.52032722101748,8228900,JNJ
2021-01-11,137.5364532470703,139.21931558603418,137.01866059291527,138.5634264550824,7066200,JNJ
2021-01-12,136.4663543701172,137.78674486625425,135.7759509261961,137.34660592197497,6903200,JNJ
2021-01-13,136.25924682617188,136.75116378724408,135.27542607237956,136.55266404767875,6643100,JNJ
2021-01-14,138.64111328125,139.7630172788366,137.74359798419133,138.4685157050869,10030800,JNJ
2021-01-15,138.3390350341797,139.29696647772312,137.3120619443582,138.3390350341797,7630800,JNJ
2021-01-19,140.4792938232422,140.70366933001287,139.02945854561725,139.80615413458068,9057600,JNJ
2021-01-20,140.13412475585938,141.65300197210635,139.63358253078493,140.8417788200323,6839900,JNJ
2021-01-21,139.57315063476562,140.2204013967852,138.13194051820406,139.21933022614127,6818000,JNJ
2021-01-22,141.14381408691406,142.53324620300742,139.69396558091012,140.11684080523418,8137000,JNJ
2021-01-25,143.2408905029297,143.3358211318501,141.23873519526606,142.40377854836305,9924400,JNJ
2021-01-26,147.12445068359375,149.86016308951997,146.18378247337404,146.45131075624806,14205700,JNJ
2021-01-27,144.88058471679688,147.5041014669751,144.50948750937843,145.950697326841,14207300,JNJ
2021-01-28,145.98526000976562,147.45235915337088,144.81157806121124,145.15677321205334,8944400,JNJ
2021-01-29,140.78138732910156,143.25819651276862,138.5548426946646,141.7565697123289,22505900,JNJ
2021-02-01,140.4188690185547,142.6626632463868,140.32393840175445,142.6626632463868,9971400,JNJ
2021-02-02,139.15892028808594,141.23875599357103,139.0985038933539,140.9971167513451,11443300,JNJ
2021-02-03,138.5116729736328,139.39193776004288,137.70908829216435,138.89139555476467,8601900,JNJ
2021-02-04,139.7975311279297,139.88382332346123,137.87302949384593,138.9431554315645,7758100,JNJ
2021-02-05,141.92050170898438,142.7748773787432,141.4113343156505,142.27433525418897,9495300,JNJ
2021-02-08,142.3260955810547,143.18909641273825,141.42858051017672,142.42102619927377,6035300,JNJ
2021-02-09,143.4912109375,143.7673644695806,142.36930676160608,142.56779334732212,5544200,JNJ
2021-02-10,143.95718383789062,144.93237910815978,142.99925227345653,144.8892264277467,5921300,JNJ
2021-02-11,143.30990600585938,144.44907334502597,142.91293302525045,144.12112883799074,4871300,JNJ
2021-02-12,143.7587127685547,143.99172673316227,141.5321685369782,141.87736368070372,4413100,JNJ
2021-02-16,142.45558166503906,144.16431996119036,142.08448438678258,143.75870843694153,5656100,JNJ
2021-02-17,142.96475219726562,143.3358363152226,141.84284823709592,142.36927938626437,6676700,JNJ
2021-02-18,143.03379821777344,143.396257077178,141.7910746036144,142.36065845482912,5189100,JNJ
2021-02-19,140.65188598632812,143.2236382042367,140.59148276958476,142.912957346895,8190900,JNJ
2021-02-22,140.5650634765625,141.14687813022203,139.1930176102826,140.5650634765625,6447100,JNJ
2021-02-23,139.32327270507812,141.71132427643664,139.28852998923506,140.22638456004242,7042800,JNJ
2021-02-24,141.19032287597656,142.75341419635075,139.74012553304982,141.02532806292777,10286100,JNJ
2021-02-25,141.3379364013672,142.1542181030419,140.6692913908174,141.65924694912235,9719700,JNJ
2021-02-26,137.60391235351562,141.03402096662478,137.17840011019075,140.67798092121828,14417500,JNJ
2021-03-01,138.35067749023438,140.26979499589376,138.15094001643465,140.20032282028464,10551400,JNJ
2021-03-02,138.09019470214844,139.61854319663894,137.72547562677454,138.7501606599013,7610900,JNJ
2021-03-03,135.65872192382812,137.98598077878148,135.51977753684002,137.42153742603315,8499600,JNJ
2021-03-04,132.92332458496094,135.55452267708247,131.53390719122518,135.4590000656323,11033200,JNJ
2021-03-05,135.5544891357422,136.06683153835354,132.97539251522082,133.7135095570008,8331600,JNJ
2021-03-08,136.68341064453125,138.35939588784433,135.45030899035913,136.3360629181747,6546700,JNJ
2021-03-09,136.9438934326172,139.59246224030184,136.24050585182258,136.24050585182258,7461300,JNJ
2021-03-10,138.20309448242188,138.85438147479988,136.64869535748556,137.9165398661872,6635600,JNJ
2021-03-11,138.1943817138672,139.48827632658433,138.00333651600386,138.5417293915471,6305600,JNJ
2021-03-12,138.59384155273438,139.210385659663,138.23780157523228,138.31595281406024,5474800,JNJ
2021-03-15,139.30589294433594,139.51430947543173,137.6386004469583,138.72407836846426,5524100,JNJ
2021-03-16,140.13088989257812,140.400086366921,139.14962660711547,139.3406718309329,6369100,JNJ
2021-03-17,139.60986328125,140.44350309112082,138.53306417216217,139.6619641130587,6001400,JNJ
2021-03-18,139.34933471679688,140.23508853803747,138.90646443140898,139.12356004687723,4801800,JNJ
2021-03-19,138.97592163085938,140.2437658395514,138.48095052402022,139.54037817430043,14891500,JNJ
2021-03-22,139.37538146972656,139.50563353540034,137.20442537206728,137.4736218081027,7544100,JNJ
2021-03-23,139.2451171875,139.9832342456674,137.96859405403387,139.12354418671578,7178300,JNJ
2021-03-24,140.59979248046875,141.09476354033094,138.78487651020168,139.02802251337317,6370100,JNJ
2021-03-25,140.6519012451172,141.06872109545424,139.49695103960087,141.06004204144492,6269800,JNJ
2021-03-26,143.22232055664062,143.36995724327878,140.139573256359,140.75611741622913,7619200,JNJ
2021-03-29,144.18618774414062,145.0458909703332,142.09339652254906,142.26707032821952,8535100,JNJ
2021-03-30,143.29177856445312,143.8562350885605,142.6144413358956,143.30047086896295,7236300,JNJ
2021-03-31,142.7187042236328,143.62181641521173,142.15424750973594,143.24841820873706,8281500,JNJ
2021-04-01,141.39869689941406,142.2757582857447,140.90371260928748,141.19897267291557,7229700,JNJ
2021-04-05,141.9197235107422,143.06599459243355,141.25107863021887,142.10208963754337,7387100,JNJ
2021-04-06,141.88499450683594,142.8662708223355,141.54632591350315,142.48418046053166,5074200,JNJ
2021-04-07,142.07603454589844,142.65784912105676,141.82420949862149,142.02393372580408,4608000,JNJ
2021-04-08,141.5203094482422,142.51026505470603,141.41610777928807,142.41474244134255,5039400,JNJ
2021-04-09,140.02670288085938,141.48557937855637,138.75017932014063,140.7821915492762,8418300,JNJ
2021-04-12,140.36532592773438,140.74741629107388,139.2364261952668,139.88771297356,5022800,JNJ
2021-04-13,138.48963928222656,138.88040876247305,135.92791352231558,136.21448134128715,18424100,JNJ
2021-04-14,138.8717041015625,139.03669886846882,136.8049498642529,137.0567881665193,7718300,JNJ
2021-04-15,139.2798614501953,141.01662636047917,139.1409170772611,139.56642925044792,7524600,JNJ
2021-04-16,140.88636779785156,141.1208215095975,139.42747845022296,140.10481567397278,9049400,JNJ
2021-04-19,141.27716064453125,141.64187972925723,139.67064761018625,141.11216583824577,8353500,JNJ
2021-04-20,144.56829833984375,145.70587716454045,139.80956649474865,139.80956649474865,14050700,JNJ
2021-04-21,144.663818359375,144.94170708284045,143.53491860860797,144.4727731746084,6333200,JNJ
2021-04-22,143.4394073486328,144.39463334793325,142.9531152946125,144.01254294821308,7233000,JNJ
2021-04-23,143.73468017578125,144.20360091210267,142.41473501913202,142.87497670031513,6015300,JNJ
2021-04-26,142.5189208984375,143.63914165911174,142.20630269202428,143.46546782231871,6027800,JNJ
2021-04-27,141.70263671875,142.33656542471508,141.08609262175247,142.20630011163573,6217700,JNJ
2021-04-28,140.6605682373047,141.71999575601484,140.3740004740015,141.42474893944657,7448000,JNJ
2021-04-29,142.58839416503906,142.6404949914258,140.51296066102495,140.59111190060509,6394300,JNJ
2021-04-30,141.3118896484375,142.70130703842742,141.12953673191188,142.54499128808206,9079100,JNJ
2021-05-03,143.4654541015625,143.56097669023274,141.65052491682798,142.06735798582346,6594100,JNJ
2021-05-04,145.68853759765625,145.75800978860025,142.99654651305485,143.13549089494288,10179500,JNJ
2021-05-05,145.08065795898438,146.2355949226637,144.83749868980195,145.4540560411358,7792300,JNJ
2021-05-06,145.66249084472656,145.79274292448048,144.3599170453237,144.83751683806537,5529900,JNJ
2021-05-07,146.32244873046875,146.91294246007763,145.7406340555429,146.14877488355233,5316200,JNJ
2021-05-10,147.85948181152344,148.9536389160714,146.95635665340316,147.53817129831504,8357500,JNJ
2021-05-11,146.6524658203125,148.38053880936732,146.13143093137546,148.18949356678826,8217900,JNJ
2021-05-12,146.06195068359375,147.4513681439107,145.8448550335734,146.35719758750935,6758300,JNJ
2021-05-13,147.5902862548828,148.23288078420106,144.9938179728905,144.9938179728905,8018600,JNJ
2021-05-14,147.8160400390625,149.02309093767073,147.77261827283232,148.91019699556477,5797700,JNJ
2021-05-17,147.9636993408203,149.26627314096268,147.89422714809015,147.97237839598688,5722600,JNJ
2021-05-18,148.01577758789062,148.8146878066877,147.2168673690936,147.6076367994179,5846000,JNJ
2021-05-19,147.6945037841797,147.76397597733728,145.92299598482649,147.54688034264458,5533800,JNJ
2021-05-20,148.55419921875,149.00574857410936,147.35582714002763,147.5729227629576,4853200,JNJ
2021-05-21,148.45864868164062,150.00436816603246,148.38048420173914,148.77994590297493,6501800,JNJ
2021-05-24,149.026611328125,149.72565408228692,148.3450483094283,149.3324333665429,5195100,JNJ
2021-05-25,148.615966796875,149.44607447206974,148.31887787449125,149.13150580921183,7444700,JNJ
2021-05-26,147.7333984375,148.61593179311728,147.04308884928216,148.54602618082103,5726400,JNJ
2021-05-27,147.50619506835938,148.6945637563808,147.13046741935128,147.89940245291928,8114700,JNJ
2021-05-28,147.8906707763672,149.42855419248943,147.82076516657094,148.12660054278805,6400800,JNJ
2021-06-01,144.64015197753906,148.72079747909368,144.5090872754114,148.6771048006733,10448400,JNJ
2021-06-02,145.2255859375,145.68869896206593,144.27314694985554,144.439171115857,6806000,JNJ
2021-06-03,145.0857696533203,146.05568834387932,144.79742733973137,144.95470496532533,5808800,JNJ
2021-06-04,145.0246124267578,146.42269800448963,144.937227078225,145.93335871909096,6510300,JNJ
2021-06-07,144.03721618652344,145.3304500322656,143.85372561818824,145.05082757919732,5362800,JNJ
2021-06-08,142.77020263671875,144.75373266411404,141.61679339891813,144.4216843482762,7746800,JNJ
2021-06-09,144.69256591796875,144.85859008238535,143.00613800180497,143.29449365582346,5552600,JNJ
2021-06-10,145.9945526123047,146.43145275299275,145.00715402774668,145.05084670844232,6463100,JNJ
2021-06-11,144.14207458496094,145.99452658462315,143.49545769209215,145.98579338329463,7389900,JNJ
2021-06-14,144.50033569335938,144.57898784502262,143.21584832483327,143.74013378130095,4931300,JNJ
2021-06-15,143.7313690185547,144.92847077043152,143.64398368395385,144.3779724953325,5062900,JNJ
2021-06-16,143.67893981933594,144.83236231733162,142.84883241536508,144.00225491336073,6988500,JNJ
2021-06-17,144.3692626953125,144.7886830364923,142.8663253618583,143.46924960219113,5874700,JNJ
2021-06-18,141.5381317138672,143.46923573662576,141.37210756713893,142.66534127158496,12993000,JNJ
2021-06-21,143.1634063720703,143.53040081714,141.77406740149263,142.22844719054,6592300,JNJ
2021-06-22,142.97117614746094,143.3381706101541,142.67408729668057,143.04982829407047,5627800,JNJ
2021-06-23,142.10617065429688,143.03239699280803,141.97509258764887,143.03239699280803,4493400,JNJ
2021-06-24,142.75274658203125,143.47800240986047,142.2546873587835,142.6653745544595,4549200,JNJ
2021-06-25,143.48678588867188,143.98484524015257,142.33336282943233,142.37705552103458,10963800,JNJ
2021-06-28,143.32077026367188,144.23826350984416,142.88386998769823,143.68776489551314,5604000,JNJ
2021-06-29,143.32943725585938,143.862455879636,142.78768543052752,143.30322431806152,3749500,JNJ
2021-06-30,143.94984436035156,144.15081466555267,143.01487178144075,143.3032274366245,6151700,JNJ
2021-07-01,145.01589965820312,145.05957900549183,143.8537436912539,143.94986225493042,6320200,JNJ
2021-07-02,147.65475463867188,147.93437710366638,144.7362651592398,145.06831350313752,9059900,JNJ
2021-07-06,146.772216796875,147.54989842107722,145.91589635669484,146.71979091955637,6098500,JNJ
2021-07-07,148.030517578125,148.10915640812382,146.34407600260764,146.34407600260764,6293500,JNJ
2021-07-08,147.74217224121094,148.07422065758772,146.43147165000056,147.41012382483416,5755500,JNJ
2021-07-09,148.32760620117188,148.86935813983953,147.8819728322486,147.99555780875752,6120900,JNJ
2021-07-12,148.09164428710938,149.5771018614238,147.27027002058213,148.31009432254186,7840500,JNJ
2021-07-13,147.90818786621094,148.3363415012867,147.383902326897,147.64604509655396,4691200,JNJ
2021-07-14,148.9130401611328,149.271301471178,147.7071915239729,148.54604564833068,6162900,JNJ
2021-07-15,147.12173461914062,148.45864785132702,146.55376982543686,147.93437573401573,6656900,JNJ
2021-07-16,146.8858184814453,147.7508721434616,146.75474045198658,147.09552199556666,5834900,JNJ
2021-07-19,145.81980895996094,146.9644853030992,144.456682525899,145.47028081460184,8219700,JNJ
2021-07-20,147.19163513183594,149.25380405462025,145.78481633282038,145.83724220942068,9902800,JNJ
2021-07-21,148.1003875732422,148.27514493112858,146.3440407936849,147.934363416654,7585200,JNJ
2021-07-22,148.528564453125,149.48101686965288,147.36640850741463,147.98681255855846,5281900,JNJ
2021-07-23,150.11012268066406,150.45090420760667,148.87807459595288,149.4198264251611,5014900,JNJ
2021-07-26,150.18003845214844,150.4159682431092,149.29750503629737,150.13635910797282,4484900,JNJ
2021-07-27,150.8703155517578,150.92274141996924,149.13144870167397,150.11884699675673,7089300,JNJ
2021-07-28,150.45094299316406,151.49951411542636,150.363570955066,150.93153586867834,5750700,JNJ
2021-07-29,150.45094299316406,151.4645546336786,149.4985037791403,150.94028240568312,4214100,JNJ
2021-07-30,150.4683380126953,151.14990085852978,150.15376951976185,150.76542677459688,5346400,JNJ
2021-08-02,150.52957153320312,151.02763073827956,149.68198423118977,150.7043289151048,3721500,JNJ
2021-08-03,152.38206481933594,152.4781834052378,150.67815655392778,150.93155282595785,6033000,JNJ
2021-08-04,151.48202514648438,152.5567958148805,151.394639780574,152.2160142208459,4793100,JNJ
2021-08-05,151.7703399658203,151.91015118035645,150.66061011677812,151.91015118035645,4291000,JNJ
2021-08-06,151.26356506347656,151.98882088654793,150.68685368612333,151.98882088654793,4581100,JNJ
2021-08-09,151.78787231445312,152.2597186606524,151.10629574062057,151.79660551846456,3950200,JNJ
2021-08-10,151.84027099609375,152.1373598768769,150.97520396108374,151.3946243417855,3678300,JNJ
2021-08-11,151.866455078125,152.45189952599569,151.65673826105885,152.25966244363443,4221300,JNJ
2021-08-12,153.08981323242188,153.1684520611848,151.6829941854123,151.88397785865277,4300400,JNJ
2021-08-13,154.00729370117188,154.04223984451107,153.01989515438572,153.16843959656114,5882100,JNJ
2021-08-16,155.39663696289062,155.44032964305848,153.74515498436392,154.26944048011023,4782800,JNJ
2021-08-17,156.82093811035156,156.85588425514905,154.93352629606608,154.93352629606608,6041900,JNJ
2021-08-18,154.82867431640625,156.84715083733454,154.77624843271474,156.84715083733454,7134100,JNJ
2021-08-19,156.03451538085938,156.6985987638597,153.85001477912118,154.33059424499675,5615000,JNJ
2021-08-20,156.79470825195312,157.21412860994295,155.59760625806433,156.31411548074976,5428700,JNJ
2021-08-23,156.11785888671875,157.2781220154512,156.0563229736178,156.80347196559728,6461700,JNJ
2021-08-24,154.16651916503906,155.76629221370834,154.0698294377858,155.57291275920187,5734800,JNJ
2021-08-25,153.14686584472656,154.61478177087028,152.84801160135012,154.43020084916904,5700300,JNJ
2021-08-26,152.32943725585938,153.5776052776175,152.10968908134495,152.90077714465116,5031600,JNJ
2021-08-27,152.0042266845703,153.1908723936757,151.8460144099517,153.1908723936757,7046100,JNJ
2021-08-30,152.64590454101562,153.19087582673689,151.8723865259015,151.88117162612173,3252700,JNJ
2021-08-31,152.17999267578125,153.37542314470804,151.60863944006883,152.49643054733136,7106800,JNJ
2021-09-01,152.71617126464844,152.71617126464844,151.23945679849226,151.97780732538936,5327400,JNJ
2021-09-02,153.76214599609375,153.99069262169465,152.86558333559384,153.24354365891742,4544300,JNJ
2021-09-03,153.85887145996094,154.01709711540616,152.77771422847968,153.9116222866852,4096900,JNJ
2021-09-07,151.468017578125,153.8500801124077,150.89666431691225,153.252371557449,6859900,JNJ
2021-09-08,151.09881591796875,152.04812949362758,150.37804899215277,150.85269907380115,4661700,JNJ
2021-09-09,147.73231506347656,150.7296700894112,147.40707863188007,150.4747680982985,7114600,JNJ
2021-09-10,146.76536560058594,148.62882524106476,146.67746099354602,148.15417523518502,6699300,JNJ
2021-09-13,145.73699951171875,147.77625570160657,145.1480759832315,147.60045983543148,6273500,JNJ
2021-09-14,144.85797119140625,146.3874096051013,144.60305584754937,146.26435118776539,5259600,JNJ
2021-09-15,145.4029541015625,145.87761761589488,144.42727178028224,145.03377881950547,7935300,JNJ
2021-09-16,145.2271270751953,146.31708249220998,144.3217659657469,145.60508737361988,5665400,JNJ
2021-09-17,144.8140411376953,144.95468318265367,143.76803772340844,144.41849712206812,13419800,JNJ
2021-09-20,143.98782348632812,145.18325435589122,142.546275680005,143.6977542224966,7270800,JNJ
2021-09-21,144.6206817626953,145.89521861776396,144.36577975662777,144.6910027949401,6663600,JNJ
2021-09-22,144.0932159423828,145.86878432425863,143.82952895547604,145.34139693808564,5657100,JNJ
2021-09-23,144.9107208251953,145.71060731155723,144.28663017666742,144.5063783270506,4697900,JNJ
2021-09-24,144.4712371826172,145.6051318365038,144.0581095507106,144.8140437907563,4399300,JNJ
2021-09-27,143.4252166748047,144.47121998373115,143.14394602558306,144.1547821206304,5775500,JNJ
2021-09-28,143.10879516601562,144.0756924727534,142.19464868612485,143.36371055250277,7610400,JNJ
2021-09-29,144.17242431640625,144.73497925582305,143.08246825337534,143.27584777120933,5124100,JNJ
2021-09-30,141.95730590820312,145.38537170760472,141.87819979260834,144.71734215531083,6972300,JNJ
2021-10-01,141.05197143554688,142.30892466370773,139.4258294396371,141.98370162947188,8568300,JNJ
2021-10-04,139.95321655273438,141.517822460991,138.59077520681726,140.63004467648798,8620700,JNJ
2021-10-05,140.2696533203125,141.61451104615512,139.89167949392404,140.51577019743638,5129000,JNJ
2021-10-06,140.55972290039062,140.5948767062062,138.74020161197413,140.52455568221114,7312600,JNJ
2021-10-07,141.81668090820312,142.93300540769332,140.65641750301276,140.65641750301276,5309200,JNJ
2021-10-08,141.456298828125,142.05402088104194,140.8585901875732,141.7991188813631,4343200,JNJ
2021-10-11,140.8585968017578,142.2649906527123,140.58611117857225,141.39478294854305,4101600,JNJ
2021-10-12,138.60833740234375,140.79702026867216,138.30068464479496,140.63880804755237,6686400,JNJ
2021-10-13,139.93565368652344,140.70917165690216,138.6611167852338,138.72265272031663,6901100,JNJ
2021-10-14,140.73550415039062,141.64086544528817,140.28722275784878,140.3839124792632,4579200,JNJ
2021-10-15,141.78152465820312,142.22980610506278,140.99922169464563,141.54419287463548,6918400,JNJ
2021-10-18,140.74432373046875,141.4211519461939,139.93565195885952,140.85859708714548,7465500,JNJ
2021-10-19,144.04054260253906,145.1656522882302,141.28050580914586,141.42993297229924,10081300,JNJ
2021-10-20,143.96141052246094,144.8140344385785,143.50433060367268,144.13720636434473,6003200,JNJ
2021-10-21,143.6273956298828,144.49760319385928,142.64292814023446,144.4184970732333,4524100,JNJ
2021-10-22,143.90869140625,144.2075457166821,143.24066175721975,143.32855298315374,4304300,JNJ
2021-10-25,144.22509765625,144.42726218510586,142.1418896271987,143.9086598051722,6715400,JNJ
2021-10-26,145.6930694580078,145.9391863907394,144.1987842486042,144.6470657877152,6939100,JNJ
2021-10-27,143.92626953125,145.70182512840697,143.548295695808,145.63150410292093,7018800,JNJ
2021-10-28,143.1439666748047,145.20959147404363,142.67810161642,143.95263834996987,6278800,JNJ
2021-10-29,143.17031860351562,143.49554157270444,141.1750016513004,142.70445359972953,8526800,JNJ
2021-11-01,143.2933807373047,144.13720614199036,140.11141833095581,143.4164391676698,5846400,JNJ
2021-11-02,145.55235290527344,146.77415184346165,143.25818213214478,143.89105775317063,8450600,JNJ
2021-11-03,145.08653259277344,145.71062330982323,143.65377020300906,145.06894898335065,6717800,JNJ
2021-11-04,144.68218994140625,145.02499652511113,142.9857272182985,144.98104421184377,8224400,JNJ
2021-11-05,143.65377807617188,144.68221139212588,142.57262075378816,142.8187376497395,6215900,JNJ
2021-11-08,143.16152954101562,144.30422267589125,142.40559532062377,143.87351144615005,5578800,JNJ
2021-11-09,142.84510803222656,143.79442181874276,142.4144101654496,142.93301267282374,6112800,JNJ
2021-11-10,144.39212036132812,144.8931391765466,142.70445615305272,142.86266838553345,6225100,JNJ
2021-11-11,143.32850646972656,143.98775080593273,142.82748774863725,143.70648019691214,4118800,JNJ
2021-11-12,145.0425567626953,147.33672786917276,144.6909651054205,147.16971713764053,18995200,JNJ
2021-11-15,143.73292541503906,145.43817381847614,143.46922485770088,145.03383117557524,7496200,JNJ
2021-11-16,142.98574829101562,144.46246307778225,142.94179597127072,143.43402976273796,7594700,JNJ
2021-11-17,143.5218963623047,144.0317136290178,142.21219269028168,143.16150621322728,5414500,JNJ
2021-11-18,142.74839782714844,144.56791901020364,142.51107947381675,143.6713427716389,6358700,JNJ
2021-11-19,143.17910766601562,143.44280813509732,142.20342531906752,143.31095119437498,7620700,JNJ
2021-11-22,141.29458618164062,143.89575359723014,141.25034597725147,142.4713054172747,7634500,JNJ
2021-11-23,142.1704864501953,142.44475680326047,140.4806106294344,141.1353305207812,7734000,JNJ
2021-11-24,141.7723846435547,142.10858055775108,141.01149889003008,141.6839042186403,5230900,JNJ
2021-11-26,140.8522186279297,142.58633483060515,140.37445949568095,142.09087691561663,8523100,JNJ
2021-11-29,141.33883666992188,141.9316176512659,140.16211734866909,141.11764913209728,9188500,JNJ
2021-11-30,137.9590606689453,140.67524964213817,137.88829254931332,140.24171728316415,14981700,JNJ
2021-12-01,139.8612518310547,141.63075145416994,138.24215805587895,138.7995547572277,9835800,JNJ
2021-12-02,138.98541259765625,140.9318604345213,138.68460075473163,139.13581851911854,11334700,JNJ
2021-12-03,141.011474609375,141.26804619710003,139.42776437754006,139.71089088834086,8750500,JNJ
2021-12-06,144.1611785888672,144.67433524957494,141.40960533071896,141.72811589597845,9692000,JNJ
2021-12-07,144.53274536132812,145.33787101682591,143.6922356496403,145.0989847618537,8311300,JNJ
2021-12-08,145.39984130859375,145.603343570104,143.89576870297378,144.63011297223534,6216400,JNJ
2021-12-09,146.78005981445312,146.85084145387137,144.64782199042875,145.2582883175038,8574200,JNJ
2021-12-10,146.41729736328125,147.47899477202938,145.67409702696406,146.48807899055979,6572200,JNJ
2021-12-13,149.03616333007812,149.69972595710448,144.92208044260116,145.76259040345798,11142300,JNJ
2021-12-14,150.6641082763672,151.2657454430957,147.89484928165103,148.93000541389034,10482400,JNJ
2021-12-15,151.4161376953125,151.55770095708715,149.89436638177443,150.2748159602668,8552200,JNJ
2021-12-16,153.0706024169922,153.51297744524797,151.1506964143878,151.5222898180969,8998600,JNJ
2021-12-17,148.84153747558594,151.09765341465885,148.33723683050454,150.089038624278,16726200,JNJ
2021-12-20,148.41683959960938,149.08924486230777,147.3551421057955,148.46992244926767,7954500,JNJ
2021-12-21,147.93910217285156,148.72652939223016,146.85084959421548,148.69113182045018,7954200,JNJ
2021-12-22,148.57608032226562,148.78842520992947,146.97468477425335,147.8063520423342,4178200,JNJ
2021-12-23,148.8592071533203,149.4785295350444,148.07178008936782,148.53185393016946,3501500,JNJ
2021-12-27,150.1155242919922,150.27478630511388,149.2573157496385,149.64660789258818,3704800,JNJ
2021-12-28,150.71717834472656,150.97374992241288,150.04475965799148,150.22170697021113,3187000,JNJ
2021-12-29,151.77890014648438,152.16819239615143,150.32791035240874,150.40753463069063,3662000,JNJ
2021-12-30,152.45127868652344,152.95559269423666,151.95582081943178,152.2831740172857,4231800,JNJ
2021-12-31,151.35421752929688,152.77865233777587,151.31881996250038,152.64594521282942,4409500,JNJ
2022-01-03,151.77001953125,151.8231158750928,149.61124072248492,150.59331383025142,6012200,JNJ
2022-01-04,151.36306762695312,152.4336078214984,150.93839130598903,151.34536884268303,6748400,JNJ
2022-01-05,152.37164306640625,153.477580544533,151.84078767682007,152.17699699023888,7016100,JNJ
2022-01-06,151.8496856689453,152.6194140458025,151.1153413610467,152.3097460664923,7301600,JNJ
2022-01-07,153.9022979736328,154.2119659505278,151.40730937489099,151.69927856733617,6986000,JNJ
2022-01-10,153.14138793945312,153.67224338695777,152.31857684605725,153.67224338695777,7698400,JNJ
2022-01-11,151.51344299316406,153.4068075218,150.504828496605,153.0529129090549,8341100,JNJ
2022-01-12,150.2217254638672,150.47831057335603,148.93884041707173,150.06247691332894,8116200,JNJ
2022-01-13,149.31044006347656,150.77912864705254,149.04502580156736,149.52278497322072,6159400,JNJ
2022-01-14,148.4964599609375,149.21310541287153,147.88598020552237,149.19542013026222,5847700,JNJ
2022-01-18,147.84170532226562,148.39024590915042,146.8773177256886,147.84170532226562,7815600,JNJ
2022-01-19,147.38168334960938,149.27504815298715,147.1516531679673,147.93022412902602,5926500,JNJ
2022-01-20,146.20497131347656,148.51416988754377,145.92184476789407,148.00985579080626,6011300,JNJ
2022-01-21,145.86875915527344,148.62918892159806,145.51486448020907,147.03663588337548,10550300,JNJ
2022-01-24,144.18771362304688,145.24941096013748,140.02053503720393,145.0990050749026,14054600,JNJ
2022-01-25,148.3106689453125,149.00077296824634,142.95792794673855,143.6480319696724,14081200,JNJ
2022-01-26,148.97421264648438,149.7173994230276,147.0719920038819,148.23101236972724,9963200,JNJ
2022-01-27,150.9295196533203,152.09739629122458,149.52277020329367,149.86782220990804,9066700,JNJ
2022-01-28,151.99124145507812,152.03548166818854,149.78822194448696,151.1684301921387,9783100,JNJ
2022-01-31,152.43359375,152.72556291252823,151.13302348086967,151.73464708834678,8054800,JNJ
2022-02-01,151.1861114501953,152.1593285247095,149.90321291981013,151.94699712674367,8154700,JNJ
2022-02-02,152.85826110839844,153.05290718819694,150.09783193135317,150.09783193135317,7382800,JNJ
2022-02-03,152.84942626953125,153.61031191472316,151.32765497914744,152.4070512083782,6240400,JNJ
2022-02-04,151.8496856689453,153.04409037439092,150.51370418701413,151.29228870627378,6392200,JNJ
2022-02-07,151.3453369140625,151.94697395036917,150.4163466890121,151.65500482248396,6065700,JNJ
2022-02-08,151.74346923828125,152.2212418034334,150.83217780869944,151.3099503738516,6296100,JNJ
2022-02-09,151.72579956054688,152.38936213577196,151.51345467639737,152.23895623874677,5387500,JNJ
2022-02-10,149.89439392089844,151.4869471579133,149.78822820517018,151.47810451500868,10355300,JNJ
2022-02-11,148.38145446777344,150.5402335062667,148.2310350612003,149.62894192643358,13125300,JNJ
2022-02-14,146.51461791992188,148.61147127903197,144.93090772447246,148.38144111945255,8967600,JNJ
2022-02-15,148.02752685546875,148.72648694635345,146.8773491048004,146.9835282896192,6631400,JNJ
2022-02-16,147.93910217285156,148.49648567631453,146.61197673568194,147.3020808829927,8482400,JNJ
2022-02-17,147.03663635253906,148.15141673274366,145.9129998302889,147.93908532711413,6227600,JNJ
2022-02-18,145.46054077148438,147.24139949122005,145.08656207076473,146.90303198667064,6423200,JNJ
2022-02-22,143.48379516601562,145.79891707615752,142.8604972938619,145.64754570626837,6868900,JNJ
2022-02-23,143.55508422851562,144.81949283293082,143.22562957146425,143.81330287571382,8016900,JNJ
2022-02-24,140.8125,142.58445933721816,138.65766255545833,142.2728036230313,12883400,JNJ
2022-02-25,147.81129455566406,148.69282463736164,142.2015860810559,142.46871764401357,11340400,JNJ
2022-02-28,146.5380096435547,147.08115867042198,144.58796659442268,145.02426841428365,9373500,JNJ
2022-03-01,146.03042602539062,146.6982480956287,144.61464649733588,145.175607797261,8737800,JNJ
2022-03-02,147.84690856933594,149.26270180388144,146.06604956490855,146.39551771980328,6793300,JNJ
2022-03-03,150.01954650878906,150.78531636179207,148.0962292666971,148.43458321090202,7333700,JNJ
2022-03-04,150.90997314453125,151.24834066934648,148.56815302689432,149.2715862850962,6302500,JNJ
2022-03-07,153.34085083007812,154.15113124683978,149.02226286509506,149.8592686634113,11663400,JNJ
2022-03-08,150.23330688476562,154.1511923077093,150.04631066105767,153.18952655766756,11100300,JNJ
2022-03-09,150.80313110351562,151.57780037160623,149.49419873454355,151.38190480707468,7248200,JNJ
2022-03-10,151.0702667236328,151.50656846712698,149.66338653449506,150.09078887458898,6171400,JNJ
2022-03-11,150.79421997070312,152.67302649392926,150.50037664676265,150.59832442140947,5188000,JNJ
2022-03-14,152.87786865234375,155.04160617830146,151.68469618320958,151.9785260110068,7729500,JNJ
2022-03-15,156.8402557373047,157.1786233040599,153.64361700855582,154.3381509499866,10554400,JNJ
2022-03-16,155.3977508544922,157.56148788844138,153.65250316059945,156.2347567083553,9603300,JNJ
2022-03-17,157.4279327392578,157.4635439397706,155.11281068653878,156.01215314527312,7472100,JNJ
2022-03-18,155.6826629638672,157.60599360429467,154.63196286153783,157.60599360429467,13809500,JNJ
2022-03-21,156.56423950195312,157.74851251023847,155.21969568603456,155.52243849170455,7574900,JNJ
2022-03-22,155.82518005371094,157.04506425833063,154.85461505022698,156.56423825239096,8442100,JNJ
2022-03-23,155.23748779296875,156.30600055835453,155.01488040072684,156.02996956587486,5254200,JNJ
2022-03-24,156.03887939453125,156.30599739030595,154.99707845037983,155.8251714110348,5012300,JNJ
2022-03-25,157.53480529785156,158.22933930814338,156.02107767508426,156.43958067960338,4809500,JNJ
2022-03-28,158.34506225585938,158.65670439456812,157.02723054466017,157.29434849587497,5604200,JNJ
2022-03-29,158.2649383544922,159.74304094367415,157.42793248161934,159.04850704637016,5933400,JNJ
2022-03-30,159.91220092773438,160.15262065238255,158.21147763792885,158.88821262777205,6277600,JNJ
2022-03-31,157.81076049804688,160.46424924928482,157.58815320201577,159.91217391605534,11490400,JNJ
2022-04-01,158.6656494140625,158.87934381817286,156.35944005719026,157.6505602339067,6525600,JNJ
2022-04-04,157.13409423828125,158.6656340582754,156.28818893449835,158.6656340582754,6860600,JNJ
2022-04-05,158.1492156982422,159.9656862636546,156.9738420012446,157.13412640850729,7446100,JNJ
2022-04-06,162.26295471191406,162.59242284716984,159.0485038570544,159.73413833721497,10330900,JNJ
2022-04-07,161.84446716308594,162.90408048214843,160.4821110633989,161.76433176589882,7385200,JNJ
2022-04-08,162.1650390625,163.11780528357002,160.6602108213724,161.46160563651947,7144500,JNJ
2022-04-11,160.1348419189453,164.01711517696612,159.92114752934177,162.94860246831962,5932000,JNJ
2022-04-12,160.1882781982422,160.99857238797557,158.67455060891342,159.56498020109237,5957500,JNJ
2022-04-13,160.864990234375,161.02526101620208,159.6005820258628,160.18825514610413,5643100,JNJ
2022-04-14,160.1882781982422,161.5239225865106,160.03690679799703,160.277326592211,6188200,JNJ
2022-04-18,158.19371032714844,160.62457909003575,157.37451680671802,160.03689235139782,6318700,JNJ
2022-04-19,163.0198516845703,165.56648086664524,160.23280270781243,160.91843729945342,14380800,JNJ
2022-04-20,163.74110412597656,164.12399593207354,161.96914427090582,162.27190067114918,8044900,JNJ
2022-04-21,163.26919555664062,164.6137395553612,162.5568490564848,163.77673343669406,6969200,JNJ
2022-04-22,161.64857482910156,163.08216695074012,161.50611642686317,162.47668137731597,8003600,JNJ
2022-04-25,165.62879943847656,166.23429861130396,162.14723014550768,162.36092454672453,11176500,JNJ
2022-04-26,164.44451904296875,166.1274438977044,163.9993042780655,164.8185114019387,10190000,JNJ
2022-04-27,162.14723205566406,164.56920160175144,161.82667686318553,164.0527508145984,11090100,JNJ
2022-04-28,163.3582000732422,164.28424076382106,161.9869310511702,162.28077441304276,9403900,JNJ
2022-04-29,160.68692016601562,162.54791463680928,160.45539979088002,162.5033904426004,8463100,JNJ
2022-05-02,159.0663299560547,161.53282354701068,157.63273787594594,160.6958176188026,7145400,JNJ
2022-05-03,158.75465393066406,160.83826908133847,158.21149144572055,159.20878162650794,5898700,JNJ
2022-05-04,160.4553680419922,160.7224995675124,157.73955577513868,158.6299851356235,5923000,JNJ
2022-05-05,157.392333984375,160.01911222026757,156.0656025525456,159.76088002305565,7089200,JNJ
2022-05-06,157.0450439453125,157.4902586878796,155.54912893198744,155.94981948292266,6434000,JNJ
2022-05-09,157.89984130859375,158.99506562587368,155.4600599513056,156.22582975053663,7855200,JNJ
2022-05-10,157.68617248535156,159.54716706350698,157.16082228925785,158.70126167224336,8186700,JNJ
2022-05-11,156.83140563964844,158.78144908323162,156.60879818877146,156.68003420347776,6138900,JNJ
2022-05-12,158.38070678710938,158.4519427847174,155.56695960941815,157.13411079616247,6898600,JNJ
2022-05-13,157.47242736816406,159.28889716457482,156.53747388443333,159.11971342342974,7732200,JNJ
2022-05-16,158.5677032470703,159.50265703529865,156.86697946685885,157.4724786541112,5516700,JNJ
2022-05-17,159.2266082763672,160.01017699022816,157.24094072671613,159.13755989241952,5751100,JNJ
2022-05-18,156.2703857421875,159.71634374665058,155.97654236079407,159.2444171729548,8608800,JNJ
2022-05-19,154.88133239746094,155.64710242462158,153.76829535722032,155.57586642362082,6874500,JNJ
2022-05-20,157.58822631835938,157.74851071104203,154.9792741200952,155.6916205152769,7522100,JNJ
2022-05-23,160.8053741455078,161.24447948375058,159.03099859133118,159.15645921285514,7040800,JNJ
2022-05-24,162.5618438720703,162.86654571305095,160.50070677676473,160.63512400500326,6419800,JNJ
2022-05-25,160.96670532226562,162.69628458358855,160.46486274100658,161.78220635390397,6558900,JNJ
2022-05-26,160.82333374023438,162.20340085796462,160.05264300134516,162.20340085796462,6897600,JNJ
2022-05-27,162.28404235839844,162.3467795156057,159.72104898724984,161.09215943911835,5853600,JNJ
2022-05-31,160.88604736328125,161.45958366816382,156.83543951831953,159.51493692076224,16391400,JNJ
2022-06-01,159.25503540039062,161.1548715642593,157.63299024582832,160.5454816390937,5175400,JNJ
2022-06-02,158.75320434570312,159.34466751166286,156.4590591041209,159.2819440284646,8666500,JNJ
2022-06-03,158.09901428222656,160.11535475284802,157.8570495969805,158.6815208449165,4234200,JNJ
2022-06-06,158.0811004638672,159.9630238613215,157.7226453758688,158.80699457946935,5386500,JNJ
2022-06-07,159.81964111328125,160.6799524939426,158.081105168955,158.60087463395251,5447800,JNJ
2022-06-08,158.86973571777344,160.81438281830498,158.4395868295465,159.60458650625668,4333100,JNJ
2022-06-09,155.67047119140625,160.09744777695337,155.60773402758855,158.80700120183556,5509600,JNJ
2022-06-10,154.6309051513672,155.903438320268,152.9013260809895,154.29036329131512,6647300,JNJ
2022-06-13,153.0716094970703,154.36206962549548,152.41742284208803,152.41742284208803,7997000,JNJ
2022-06-14,150.7237091064453,153.34046960480367,149.89028117754273,153.29565929908884,7116800,JNJ
2022-06-15,152.33676147460938,153.63617809973658,151.1269517732455,152.02310305597922,7796100,JNJ
2022-06-16,152.4174041748047,152.53390821146394,150.02468201064121,150.91186298463796,7056700,JNJ
2022-06-17,151.86183166503906,154.31727790161978,151.664677250895,152.91032722706737,12486600,JNJ
2022-06-21,155.0431365966797,155.80487069644104,151.95141724468985,153.01783951468212,8219700,JNJ
2022-06-22,157.48963928222656,159.44324261337042,153.8602236695244,154.138028393294,10593100,JNJ
2022-06-23,161.0025177001953,161.1459051649385,158.18860365697137,158.61875237701966,10223500,JNJ
2022-06-24,163.35939025878906,163.57447146163105,161.28928325034323,162.00620691896827,9374400,JNJ
2022-06-27,163.2071075439453,164.30938373935547,162.65149798716692,162.77695865076808,5908600,JNJ
2022-06-28,158.56504821777344,163.96884065588506,158.00046839838706,163.25191672276625,9245700,JNJ
2022-06-29,158.60983276367188,159.78378884729602,158.1079765200772,158.81594374592584,7097900,JNJ
2022-06-30,159.07582092285156,159.7748178806296,156.85336940771592,158.49332801609802,10777200,JNJ
2022-07-01,160.87710571289062,161.05633326090128,158.34099556969306,159.02206572180768,5498400,JNJ
2022-07-05,159.64039611816406,160.527590850562,156.47698304218795,160.25874271884894,5676400,JNJ
2022-07-06,159.7837677001953,160.80537955962458,158.98619364918636,159.57765674521977,5335600,JNJ
2022-07-07,159.9630126953125,160.51862214518195,159.07581795429607,159.38947639003896,5725800,JNJ
2022-07-08,159.765869140625,161.29829403824633,159.3088368532148,159.8106794450813,3828300,JNJ
2022-07-11,159.82862854003906,160.42904841557703,159.0848211399642,159.246121849428,3645200,JNJ
2022-07-12,157.5882110595703,159.91819622744416,157.00570451196413,159.4970040238862,4708800,JNJ
2022-07-13,157.22079467773438,158.01836883047048,156.3784102227623,157.41794906822503,5291700,JNJ
2022-07-14,157.43588256835938,157.73161419226233,154.40689991970865,154.61301092757333,5359600,JNJ
2022-07-15,159.72108459472656,159.97200593112643,158.21555657632737,159.2550956409481,5691100,JNJ
2022-07-18,156.13644409179688,159.68520941375536,155.8496827736602,159.28194404571525,7605700,JNJ
2022-07-19,153.86026000976562,158.39478461191717,152.2382279110864,158.01840260621708,13256400,JNJ
2022-07-20,152.98199462890625,154.63090974114218,152.13063995350606,154.31725131608067,7455800,JNJ
2022-07-21,153.51971435546875,153.59140811780875,152.13964703443813,152.39056836553462,5729200,JNJ
2022-07-22,154.24554443359375,154.5771296852069,153.29562632319494,153.77955564211896,4257000,JNJ
2022-07-25,154.55029296875,155.01628190111072,153.88713593920897,154.2455910678229,4437300,JNJ
2022-07-26,155.6435546875,156.8085541382882,154.577146103059,154.63986958488073,4525500,JNJ
2022-07-27,155.21340942382812,156.0199538347059,153.3583832597594,154.7026102703714,4648500,JNJ
2022-07-28,156.10955810546875,157.80328356302596,153.63618537077406,155.39263431051575,5513000,JNJ
2022-07-29,156.39634704589844,156.69207865048193,154.95354273672856,155.74214667476593,6451400,JNJ
2022-08-01,155.8496856689453,156.9698748644138,155.51810036864117,156.08268009889633,5461400,JNJ
2022-08-02,154.9624786376953,157.2655940048888,154.76532426096344,156.83543154246468,5794200,JNJ
2022-08-03,156.45904541015625,157.05946511425466,153.93190596416275,154.63090285395987,5010000,JNJ
2022-08-04,153.9498291015625,156.90713118962165,153.77957183723694,156.65620991419206,5651600,JNJ
2022-08-05,153.34043884277344,153.71682072173732,152.15751264530178,153.51070976582005,5235500,JNJ
2022-08-08,152.52496337890625,153.67203606068,151.8438932472859,153.51073537457978,4629800,JNJ
2022-08-09,152.50701904296875,153.34940343832537,152.103753699753,152.82963405237803,5532500,JNJ
2022-08-10,152.94615173339844,153.45696457475566,151.92453972486865,153.25981018063723,5603400,JNJ
2022-08-11,149.78274536132812,152.30092862279622,149.63935785465034,151.01943867659983,9328700,JNJ
2022-08-12,148.13380432128906,150.4996430737061,147.99937342931432,150.14117436928964,14606900,JNJ
2022-08-15,148.841796875,149.43326013695705,147.9814991068684,148.76114652314763,10072000,JNJ
2022-08-16,150.16807556152344,150.7774518642912,148.4026564576473,148.63565086620264,7453600,JNJ
2022-08-17,150.17703247070312,151.0552568923985,149.12853711870105,149.12853711870105,7406600,JNJ
2022-08-18,149.451171875,150.82228241451682,148.69839431131254,150.266659251535,8312100,JNJ
2022-08-19,151.72738647460938,152.45326689743385,149.65727899494408,149.7468996017407,8128500,JNJ
2022-08-22,151.195068359375,152.39495929653438,150.81615760543914,152.37691199413982,5462600,JNJ
2022-08-23,149.8779296875,151.35749211442376,149.5802110949649,150.6628153985085,5566300,JNJ
2022-08-24,149.38172912597656,150.29291842523043,148.9216260915918,150.2658543506231,5684300,JNJ
2022-08-25,150.7801055908203,150.8793451238742,148.5878190937431,149.71553480296404,5678700,JNJ
2022-08-26,148.1999053955078,151.11391920691082,148.13674670215926,151.07783835789894,5667100,JNJ
2022-08-29,147.05409240722656,147.8119138740603,146.1699673625872,147.47811451115777,5259200,JNJ
2022-08-30,146.53988647460938,147.54129859529044,146.1790229467857,147.32478598502072,6973300,JNJ
2022-08-31,145.55653381347656,147.5503414512388,145.49338888556264,147.26163959202557,8741700,JNJ
2022-09-01,149.16519165039062,149.3095425482492,145.6828053943933,145.69183592929653,7509600,JNJ
2022-09-02,146.81959533691406,149.94110528011663,146.16099933109854,149.63436985514312,5803700,JNJ
2022-09-06,147.21653747558594,149.9591502465572,146.89176851261473,147.90219755136036,7394600,JNJ
2022-09-07,148.01947021484375,148.33522237613974,146.2963171853253,146.97294665875341,4590600,JNJ
2022-09-08,149.2103271484375,149.23739122540383,147.12631062566194,147.84805146557395,5838400,JNJ
2022-09-09,149.4990234375,149.9410791889035,148.3081490309725,148.84945808231427,5500600,JNJ
2022-09-12,149.43589782714844,150.27492566584073,149.05698691376176,149.85992013247585,6365300,JNJ
2022-09-13,145.5475311279297,148.35328892564573,145.07839744433917,147.5684030398041,6726400,JNJ
2022-09-14,148.5517578125,149.183275939623,146.4948051892635,146.4948051892635,9555700,JNJ
2022-09-15,148.93064880371094,149.823804599572,148.0465235437862,148.36227568215745,7174500,JNJ
2022-09-16,151.20413208007812,151.23119615658086,148.63293468382716,149.14717966950187,20201500,JNJ
2022-09-19,150.0132598876953,150.1485802722278,148.0284829068701,150.03130719432014,7380900,JNJ
2022-09-20,148.83143615722656,149.67045018722013,148.24502938998785,149.05697933940505,7143400,JNJ
2022-09-21,147.30673217773438,150.4823833934645,147.27065133296884,148.87651736321666,8071200,JNJ
2022-09-22,149.92303466796875,150.80717371932204,146.90076474567314,147.1894528166402,7401100,JNJ
2022-09-23,150.4102020263672,151.09584817844944,148.5517288576216,149.52607682072377,9598600,JNJ
2022-09-26,149.48997497558594,150.51845103695823,148.29911447791983,149.58019772867763,8735500,JNJ
2022-09-27,148.80433654785156,151.26726365468988,148.31715568167076,150.08541986482396,8686700,JNJ
2022-09-28,150.08543395996094,151.00565386445516,148.9487014422173,149.9861944235345,8660900,JNJ
2022-09-29,148.43447875976562,150.81621422585664,147.857088760897,150.19371283709478,7008100,JNJ
2022-09-30,147.37890625,149.5260812940012,147.34282540557314,148.85846866059012,8985200,JNJ
2022-10-03,147.2345733642578,148.29914424698887,145.88131439258987,148.2179382464816,8657000,JNJ
2022-10-04,149.41783142089844,149.76066143655578,146.98196799411872,147.82099572557954,6236100,JNJ
2022-10-05,148.9577178955078,149.7967318021871,148.14576806542712,148.87652566571202,4539400,JNJ
2022-10-06,146.07080078125,148.85851141850472,145.87232166474018,148.66904907417646,5890700,JNJ
2022-10-07,144.52806091308594,146.3504535853483,143.5988241518473,145.94447863163302,6363500,JNJ
2022-10-10,144.717529296875,145.50241515801446,143.60784693987955,144.91600839652963,5315600,JNJ
2022-10-11,146.810546875,148.0555494980879,144.6814189371418,144.6814189371418,6212200,JNJ
2022-10-12,146.77444458007812,148.7502045354705,146.6030296044326,146.9999877025465,4341700,JNJ
2022-10-13,148.9937744140625,149.75160973326533,145.02422114573505,145.15052473792568,6465100,JNJ
2022-10-14,148.3712921142578,149.47192987505625,147.5954232308343,148.35324481016158,5684600,JNJ
2022-10-17,150.2929229736328,150.85227931991963,148.86748868158048,149.2193354281841,6710800,JNJ
2022-10-18,149.76966857910156,150.8161921004159,147.09924538837151,148.85847920761285,10883600,JNJ
2022-10-19,148.5788116455078,149.98619873634362,147.85707079311305,149.76065558034912,10044600,JNJ
2022-10-20,148.9577178955078,149.5260910362011,148.25402437182152,148.8584783592925,5659900,JNJ
2022-10-21,152.20555114746094,152.80097462372615,148.34423960895458,148.59686061126524,8487600,JNJ
2022-10-24,154.25347900390625,155.24587444567013,152.69272414191622,153.19793863370057,6855500,JNJ
2022-10-25,154.00990295410156,154.37076651661695,152.03414259908294,153.52272200203706,5661900,JNJ
2022-10-26,155.3631591796875,155.68794188655866,153.83848518815506,154.56022606632015,6123800,JNJ
2022-10-27,155.45333862304688,156.46376740068703,154.92106016097284,155.48943323142524,5390900,JNJ
2022-10-28,157.76292419433594,158.23205781878656,155.70597168890274,156.07586577291306,6073900,JNJ
2022-10-31,156.95095825195312,158.0245457796323,156.45476060058118,157.44715590332507,7810000,JNJ
2022-11-01,156.15704345703125,157.54639689374932,153.74824439920312,157.0321519322722,6985000,JNJ
2022-11-02,153.7572784423828,156.92391326055926,153.63097482177017,155.9766292229333,6877300,JNJ
2022-11-03,154.0189208984375,154.69555040785565,152.41305463070347,153.19794045648848,4819900,JNJ
2022-11-04,154.7045440673828,155.62476391721637,152.68368637809888,154.7767195228659,5300900,JNJ
2022-11-07,156.0578155517578,156.84271509006118,154.66847577759802,154.87597162516713,6621000,JNJ
2022-11-08,156.83372497558594,157.6005774046853,155.33611474039185,156.1931899609377,5148400,JNJ
2022-11-09,155.57968139648438,157.88022456478384,155.48044184754397,157.22164233966842,6150000,JNJ
2022-11-10,157.40203857421875,157.6726930798345,155.20975222139728,157.29378227839646,7877500,JNJ
2022-11-11,152.6927032470703,156.17508982154547,150.5004305703458,155.83225984929302,11074700,JNJ
2022-11-14,155.09249877929688,156.31042355957516,153.59488892265725,153.59488892265725,6581500,JNJ
2022-11-15,155.52552795410156,156.07585376948032,153.83846966242643,155.34509619428542,9351000,JNJ
2022-11-16,156.49085998535156,157.87118291560293,156.19314138544584,156.653244440176,5500900,JNJ
2022-11-17,157.75387573242188,157.87116255648812,156.05778711510322,156.07583441866552,4464100,JNJ
2022-11-18,158.9628143310547,159.35977249002116,157.5373799266123,157.8802099304582,6555700,JNJ
2022-11-21,159.78001403808594,160.30665323831985,158.74489943208565,159.70737271513136,5706600,JNJ
2022-11-22,160.55178833007812,160.88774226785242,160.10686549917472,160.17041798649618,4707900,JNJ
2022-11-23,160.72433471679688,161.07845253153292,159.81633889902065,160.2067843052211,5389200,JNJ
2022-11-25,160.9331512451172,161.73217798212866,160.58810847043782,161.0602700797495,3058600,JNJ
2022-11-28,161.014892578125,161.41441293624598,160.31573195141326,160.48825336559423,6183100,JNJ
2022-11-29,159.88894653320312,160.95129975353873,158.5905194377642,160.72430084693076,6700500,JNJ
2022-11-30,161.6232452392578,161.63232020908586,158.6994977844016,160.14320771725787,13288000,JNJ
2022-12-01,162.295166015625,163.40292194361086,161.41440902608025,162.5312399238341,6282600,JNJ
2022-12-02,162.42227172851562,162.49491304553067,160.67892168489848,161.16923325610676,5823900,JNJ
2022-12-05,162.33148193359375,162.85812114045234,161.62324634452227,161.95012537447187,5120600,JNJ
2022-12-06,159.89805603027344,163.43923388924077,159.74368456149682,163.36659256714458,7943500,JNJ
2022-12-07,160.86959838867188,161.51428143937756,160.01608020389887,160.32480927524645,5702600,JNJ
2022-12-08,160.89683532714844,161.14199804561318,160.1159584706697,160.55180638236587,4798500,JNJ
2022-12-09,159.57118225097656,161.5233676223816,159.49854092649377,160.82420699728607,4561000,JNJ
2022-12-12,161.4779510498047,161.5051898122575,159.44404956045014,159.76183974070437,4882400,JNJ
2022-12-13,162.72190856933594,163.6208154069419,161.90470416115912,162.62202849238923,9177500,JNJ
2022-12-14,163.22132873535156,164.38356231301512,162.14990028450305,162.14990028450305,9533600,JNJ
2022-12-15,161.16017150878906,163.2939532196404,160.17044560631152,162.71283649075937,7602400,JNJ
2022-12-16,159.50758361816406,160.7152194153435,158.77210940711723,160.7152194153435,18841800,JNJ
2022-12-19,159.33506774902344,159.96158694451714,158.0548044527033,159.21703773959374,5736000,JNJ
2022-12-20,159.50758361816406,160.206744101776,159.05358582320545,159.80722382542632,6174700,JNJ
2022-12-21,161.33270263671875,161.78670058045773,159.48947209353196,160.05243896511234,5472000,JNJ
2022-12-22,160.74249267578125,161.17832677311154,159.20797758267284,160.50641875950157,5709100,JNJ
2022-12-23,161.15106201171875,161.1873895960038,159.63471095829462,160.41558776145635,3683400,JNJ
2022-12-27,161.10568237304688,161.9410506714515,160.70617587348642,161.72312669948735,3067300,JNJ
2022-12-28,160.40650939941406,162.0318154614819,160.3974205760781,161.40529626750097,2645400,JNJ
2022-12-29,161.22369384765625,161.89561556829096,160.77878487817316,161.21461887957543,2828800,JNJ
2022-12-30,160.39743041992188,161.41439499709338,159.26243582636195,161.16015731652914,4216600,JNJ
2023-01-03,161.79576110839844,161.9682825136321,159.81632321534303,159.95253088759264,6344900,JNJ
2023-01-04,163.55728149414062,163.6117590232245,162.0590801697553,162.4313617583828,9788800,JNJ
2023-01-05,162.34963989257812,163.43015703204188,161.99552211077128,162.54940006230666,6255300,JNJ
2023-01-06,163.6662139892578,164.28364437364363,162.88533718523732,163.55725894611064,5706000,JNJ
2023-01-09,159.42588806152344,163.22130347032555,159.0626814654011,162.80363320342863,7925300,JNJ
2023-01-10,159.04452514648438,159.93435702518596,158.2818121075973,159.53483671293623,5047500,JNJ
2023-01-11,158.79029846191406,159.55301155361343,156.27514639830568,159.4168177354226,6494800,JNJ
2023-01-12,157.99122619628906,158.6359091349757,156.9016343038489,158.2273000522621,4269400,JNJ
2023-01-13,157.4737091064453,158.00034834695694,156.52032457517578,157.25579897583137,6088000,JNJ
2023-01-17,156.50213623046875,158.51788775195848,156.25697351706742,157.9912485940552,6053300,JNJ
2023-01-18,154.14132690429688,156.1752420207074,154.0959382085703,155.85743802114186,7047800,JNJ
2023-01-19,153.93251037597656,155.52150285575976,153.18796110429105,153.47851252460993,6939500,JNJ
2023-01-20,153.21519470214844,154.45914433938714,152.07111128812565,154.45006937043507,8620600,JNJ
2023-01-23,152.82476806640625,154.0233291506904,152.49788903023023,153.54209249394737,8425400,JNJ
2023-01-24,152.82476806640625,155.25820397014246,150.7363749938881,153.46945116869534,10541800,JNJ
2023-01-25,153.9143829345703,153.9143829345703,151.70795950616701,151.78967581353348,7099800,JNJ
2023-01-26,153.35140991210938,154.27756950630408,153.1334859326176,153.95069046452457,6946100,JNJ
2023-01-27,152.7521209716797,153.33323769683082,152.3344506859012,153.03359743707728,6058100,JNJ
2023-01-30,147.09532165527344,153.03360817408227,146.2599671701915,152.47973017414662,23259100,JNJ
2023-01-31,148.38465881347656,148.39373378290182,146.23271339190146,146.82290506759202,11612500,JNJ
2023-02-01,149.74664306640625,150.70911625231665,147.45849011646834,147.99421808732683,9865300,JNJ
2023-02-02,150.3096160888672,150.92706042696122,147.83988030123948,148.00331289211027,10099000,JNJ
2023-02-03,149.46519470214844,151.03602361467958,148.8114365936547,150.75454712308974,6868500,JNJ
2023-02-06,148.33016967773438,149.68308818162777,148.094095796918,149.41068671612328,7021000,JNJ
2023-02-07,148.3665008544922,148.80234879251805,146.56867313861162,146.73211957910024,7310800,JNJ
2023-02-08,148.55718994140625,149.41978316038606,147.9125068422182,148.27571346673122,6054700,JNJ
2023-02-09,146.55050659179688,149.6377004143793,146.2508801905404,148.5753470633601,7949500,JNJ
2023-02-10,147.23150634765625,147.81262307751365,146.5051208265213,146.88647738159187,7028000,JNJ
2023-02-13,147.7763214111328,147.83988776962673,146.32352254039304,146.48696899443675,6414700,JNJ
2023-02-14,147.13162231445312,147.97606554975383,146.87738461789095,147.7672304107739,6316000,JNJ
2023-02-15,144.70726013183594,147.07712929691104,144.6346188183381,147.0498905362136,12621800,JNJ
2023-02-16,143.68124389648438,144.96150729787456,143.3906786234585,144.43488198661606,11177000,JNJ
2023-02-17,146.68089294433594,147.33935308758453,143.23312441018243,143.59894335341264,12401900,JNJ
2023-02-21,144.49514770507812,146.6442899774536,144.3945492592528,146.0041104378945,9423900,JNJ
2023-02-22,144.2939910888672,145.2725411490799,143.91903187208098,144.95245128995666,9820200,JNJ
2023-02-23,144.24826049804688,145.0347538438323,143.27886464373233,144.2299800153908,9385100,JNJ
2023-02-24,142.638671875,143.44345950560515,141.9436368923819,143.26054307714813,8689700,JNJ
2023-02-27,142.32772827148438,143.48916659041117,141.82473603063713,143.07763255865015,7267100,JNJ
2023-02-28,140.1603240966797,141.99853126283566,139.95912715357238,141.733310767573,9062300,JNJ
2023-03-01,139.52932739257812,140.14205852831532,138.92573649902155,139.93170736704764,6767000,JNJ
2023-03-02,139.41952514648438,139.7030260535417,138.3038019961172,138.77935955723188,8762500,JNJ
2023-03-03,140.8553466796875,140.9467909382777,139.7761983736359,140.2608962033127,5747200,JNJ
2023-03-06,142.2637176513672,142.419185457279,141.35834549020032,141.44064951311282,8148200,JNJ
2023-03-07,140.91937255859375,142.8947529727853,140.2426319394367,142.74842539664542,7457700,JNJ
2023-03-08,139.88595581054688,141.01995954693376,139.44697311785075,140.81876263475587,6230500,JNJ
2023-03-09,138.31300354003906,140.47128680450777,137.82830557406064,140.34325364282606,7439400,JNJ
2023-03-10,138.65135192871094,140.37066607411788,138.18494847534805,138.87998353508672,8504300,JNJ
2023-03-13,139.97740173339844,142.58380742827455,138.6147663946901,139.0903100522407,10799600,JNJ
2023-03-14,140.76390075683594,140.86449921826343,138.91655353542436,140.17860442341197,8421200,JNJ
2023-03-15,141.15711975097656,141.65095774217335,139.4926754253955,139.77617630502345,7757700,JNJ
2023-03-16,140.864501953125,141.17543758373208,139.55673588374282,140.33407496026052,7605500,JNJ
2023-03-17,139.35552978515625,141.70585525008212,139.28236600255246,141.27602674888786,20540700,JNJ
2023-03-20,140.7364501953125,140.90107218386856,139.35552052119877,139.43782453819492,7129000,JNJ
2023-03-21,140.7364501953125,140.95594152853266,139.16346386031063,140.8370486453846,8376800,JNJ
2023-03-22,138.13919067382812,140.89190961925252,138.12089624183912,140.69986692433795,7943500,JNJ
2023-03-23,138.21238708496094,138.7245196650863,137.27956619712336,138.2581022438844,9051500,JNJ
2023-03-24,139.60243225097656,139.7030307008172,137.93800166355211,138.5324381687972,5696200,JNJ
2023-03-27,140.19688415527344,141.3308878329097,140.02312192607076,141.01995224094904,6772300,JNJ
2023-03-28,138.84341430664062,140.33408295218027,138.76109631950266,139.36468713416028,6115300,JNJ
2023-03-29,140.20602416992188,140.27004770881558,139.07202049410287,139.22748828983407,6012000,JNJ
2023-03-30,140.3157958984375,140.65418019664668,139.7487939270228,140.45298324784136,4555700,JNJ
2023-03-31,141.7515869140625,141.92534915655853,140.1420255314559,140.64500386975706,9890000,JNJ
2023-04-03,143.4434814453125,143.5897950740668,140.78220608625327,141.70587279115333,6841900,JNJ
2023-04-04,144.94329833984375,145.38226711722538,143.20568975699143,143.55321426447506,8314500,JNJ
2023-04-05,151.45472717285156,151.50045628663622,148.84832118735494,150.32070934199683,16704200,JNJ
2023-04-06,151.03402709960938,152.93624365745956,150.71395123717744,151.8022398694895,9615400,JNJ
2023-04-10,150.2749786376953,150.75052229907791,149.65309345460017,150.55847957744086,5354000,JNJ
2023-04-11,150.229248046875,151.15291464057503,150.01889693821317,150.3664214181199,5903800,JNJ
2023-04-12,149.90919494628906,150.75055772324876,149.15929040892922,149.92748938512267,5764100,JNJ
2023-04-13,151.91197204589844,152.1131689585871,149.80855865705794,150.14692893995954,5640600,JNJ
2023-04-14,151.66505432128906,151.92112059607015,150.0371984510812,151.78394721835363,7225100,JNJ
2023-04-17,151.5095977783203,152.03088456154953,150.84199736616512,151.57362132906064,8046400,JNJ
2023-04-18,147.24789428710938,150.61335877883278,146.00413779412378,150.21096492013658,14571500,JNJ
2023-04-19,148.63796997070312,148.7751433445349,147.39421354788993,148.1441318703437,6752000,JNJ
2023-04-20,149.59825134277344,149.81774273345752,147.20219630138362,148.54653746130052,9498800,JNJ
2023-04-21,148.7843017578125,150.86942082656736,148.12584163561988,150.3847229525319,7014200,JNJ
2023-04-24,149.68966674804688,149.80855963938743,148.0343762819888,148.78429458957572,5278900,JNJ
2023-04-25,151.0614471435547,151.2169288941672,150.12864036726288,150.26581373008113,6263100,JNJ
2023-04-26,148.7202911376953,150.33900690832155,148.37278056574291,150.06464617446795,5518200,JNJ
2023-04-27,149.06777954101562,149.44273865460045,148.27214616475385,148.97632133370504,5739700,JNJ
2023-04-28,149.70799255371094,149.76286191365378,148.66543285109418,148.89406448723443,6024900,JNJ
2023-05-01,149.61656188964844,150.25672773819355,148.37280511765982,149.61656188964844,4893400,JNJ
2023-05-02,150.92428588867188,151.3358199647059,149.57993100694642,150.29326045995606,7541700,JNJ
2023-05-03,148.9488983154297,151.9759782230859,148.61966827974285,151.39983612655715,5937200,JNJ
2023-05-04,148.2721710205078,148.97634630750412,147.46738331586567,148.7751493813436,5128000,JNJ
2023-05-05,148.77517700195312,149.18672512568304,147.86980462071085,148.92150460352073,5194500,JNJ
2023-05-08,148.43679809570312,148.67458392321544,147.54970624975496,148.14415686396836,4994900,JNJ
2023-05-09,147.28448486328125,148.2721750857221,147.04669905971815,147.924650575632,5520500,JNJ
2023-05-10,147.83319091796875,148.1258460719595,146.37909725231248,147.42165681791434,6756600,JNJ
2023-05-11,147.22958374023438,148.32701243239472,145.76633618097864,147.99778242929034,5867600,JNJ
2023-05-12,147.03753662109375,147.75086601496136,146.33334746653483,147.5679635468401,3904200,JNJ
2023-05-15,145.91268920898438,147.2661843671949,145.3548275494854,147.0558472034851,5104500,JNJ
2023-05-16,145.72064208984375,146.55286451355641,144.97987789351987,145.46457579863466,5599200,JNJ
2023-05-17,145.4005584716797,146.3790944707896,144.2848351387813,146.13216843362275,6840700,JNJ
2023-05-18,144.9341583251953,145.34569246641598,144.0927956051581,145.0987803544239,5173000,JNJ
2023-05-19,145.32736206054688,146.2601687389915,144.62317297796378,145.03470697781432,6527100,JNJ
2023-05-22,144.54417419433594,146.6358163387458,144.46124918161314,145.58539066469842,5675900,JNJ
2023-05-23,144.4888916015625,145.83418051873556,144.08346167967875,144.7561131681918,5793000,JNJ
2023-05-24,144.35067749023438,144.7929582692654,143.66881682517834,144.73767492936807,5015100,JNJ
2023-05-25,142.2774658203125,144.0097380379847,141.6416793010146,143.7886046816044,6886100,JNJ
2023-05-26,142.22218322753906,143.07910310771402,142.08396081922376,142.53546485728998,6845400,JNJ
2023-05-30,142.24063110351562,143.17128104215269,141.27314434412637,141.8720660580202,5593100,JNJ
2023-05-31,142.87640380859375,143.45690705543595,141.7614855159157,142.54468967609162,11324600,JNJ
2023-06-01,142.397216796875,142.85792995522627,141.11643477905247,142.397216796875,7901300,JNJ
2023-06-02,144.63632202148438,144.94960366403294,141.98260914377195,142.56311235073477,7659700,JNJ
2023-06-05,145.8802490234375,146.17509818987804,144.43360268166074,144.43360268166074,6430500,JNJ
2023-06-06,145.75123596191406,147.06888315846044,145.03252442192604,147.04124148844954,5073600,JNJ
2023-06-07,146.06454467773438,146.32254299407322,145.06940228906157,145.67754720322614,6504300,JNJ
2023-06-08,147.6678009033203,147.8152325127677,145.41953212858252,146.04609537895564,5818400,JNJ
2023-06-09,147.4374542236328,148.10088245101045,146.9398900830261,147.81524247586097,6264400,JNJ
2023-06-12,147.33609008789062,147.65859498324585,146.2580227820595,147.4282383608071,6510600,JNJ
2023-06-13,148.110107421875,148.20224164016258,146.64502853461397,147.17945761615366,6066800,JNJ
2023-06-14,148.86566162109375,149.3448073331232,148.33123256918634,148.90252655424734,6699100,JNJ
2023-06-15,150.8651580810547,151.03102216346744,148.74587430260902,149.31716829775,7138300,JNJ
2023-06-16,151.3258514404297,152.02614449211464,150.994137379066,151.5562080369364,13426600,JNJ
2023-06-20,151.23374938964844,152.32102600758395,150.93888613470426,151.3535252845974,7995800,JNJ
2023-06-21,151.00338745117188,151.96166487644305,149.90688760754543,150.72695667431466,7177500,JNJ
2023-06-22,152.60665893554688,152.69880721341565,150.9204466814915,151.02180416320587,5485900,JNJ
2023-06-23,152.4776611328125,153.20559597880413,152.06302199843734,153.05816435684972,9450700,JNJ
2023-06-26,150.7730255126953,152.01694287503747,148.65374171110702,152.01694287503747,6978800,JNJ
2023-06-27,150.459716796875,151.0033690805011,149.67651276089103,150.8190725451151,4927500,JNJ
2023-06-28,150.15567016601562,150.37680352997742,149.18816951912444,150.37680352997742,6780400,JNJ
2023-06-29,151.20608520507812,151.40880014770815,149.48300819272308,149.86079640942916,4547500,JNJ
2023-06-30,152.51454162597656,152.9015391281939,151.43647414268798,151.9063966682687,7580000,JNJ
2023-07-03,150.5150146484375,151.47329196002426,150.15565889911102,151.42721782603846,4033700,JNJ
2023-07-05,150.0174560546875,151.0402400991634,149.94374024267037,150.18332014668945,7224600,JNJ
2023-07-06,148.9025115966797,149.61199980031347,148.34965013373156,149.50143313166427,6332500,JNJ
2023-07-07,146.7371826171875,148.38653000626636,146.69110847629454,147.86132416767734,7022200,JNJ
2023-07-10,146.97674560546875,147.70468046178996,146.50682312115572,146.90302979344548,5739200,JNJ
2023-07-11,146.1658935546875,147.70467415788366,145.21682536265547,146.62660681527987,6606700,JNJ
2023-07-12,145.65908813476562,146.45151540733755,145.47480566529913,146.45151540733755,6940400,JNJ
2023-07-13,146.33175659179688,146.62661985352506,145.04176497137155,145.58540329284693,6401700,JNJ
2023-07-14,147.3084716796875,147.6401858307749,146.48840253670127,146.6726850517821,5362200,JNJ
2023-07-17,146.57130432128906,147.30843419403465,145.7235796598997,147.19786752509302,5486800,JNJ
2023-07-18,146.56210327148438,148.2483155276567,145.76046668046186,146.57132653519474,6332500,JNJ
2023-07-19,146.26724243164062,147.80602294433274,144.96802773881933,145.50245677685615,7522600,JNJ
2023-07-20,155.14979553222656,155.85007459697226,148.62609435274018,149.21580673880297,21892900,JNJ
2023-07-21,156.81761169433594,157.39811501216414,154.9655350364481,154.9655350364481,12080000,JNJ
2023-07-24,157.6376495361328,160.16236324337848,157.5547245243249,158.02464698442253,15155400,JNJ
2023-07-25,158.84469604492188,159.11190351376533,156.41213091879968,157.05712658484515,13790100,JNJ
2023-07-26,159.14877319335938,160.18998955238612,157.93248356406957,158.48534504281065,14288200,JNJ
2023-07-27,160.04254150390625,160.5953888659846,158.52217962352825,158.65117874733153,12446400,JNJ
2023-07-28,160.77049255371094,161.58135237674972,159.61870942319118,160.32821176835012,14138800,JNJ
2023-07-31,154.3665771484375,156.84521663047954,153.61101474557486,156.35686172061835,22632700,JNJ
2023-08-01,155.61973571777344,155.8040182232047,153.01209678935186,153.29773678174843,15810300,JNJ
2023-08-02,156.55958557128906,157.78508454716493,155.58287569604218,155.58287569604218,14595600,JNJ
2023-08-03,157.23220825195312,157.85878554663066,156.33842347415327,156.5964217543582,17424800,JNJ
2023-08-04,155.75791931152344,159.11191099245758,154.6982845289181,156.95577649611099,23415100,JNJ
2023-08-07,159.49893188476562,159.72006524522718,156.05279173243025,156.17258167591527,17736400,JNJ
2023-08-08,159.5726318359375,159.91356919589987,157.9232846150283,159.39757261415963,27378700,JNJ
2023-08-09,159.47128295898438,160.5585594247242,158.53142404022748,159.4067763585497,42974400,JNJ
2023-08-10,158.6420135498047,162.14343738692824,158.15365858424275,160.32822588857388,48213800,JNJ
2023-08-11,160.19000244140625,160.28213665537533,158.13521122597447,158.92763857734195,45905600,JNJ
2023-08-14,159.81224060058594,161.80252554113065,158.25502731080385,159.88595641984924,64036900,JNJ
2023-08-15,159.35150146484375,160.84420789855048,158.6143574514611,159.22250231699073,88958100,JNJ
2023-08-16,158.84469604492188,161.0008304399243,158.60513024320528,158.97369517813095,85832700,JNJ
2023-08-17,160.33743286132812,161.60900603086557,159.18564964540033,159.27779792661605,70904200,JNJ
2023-08-18,158.93685913085938,160.3189988555041,157.8495685696823,159.56342239063585,49631700,JNJ
2023-08-21,154.20074462890625,156.50431109148414,152.9199622381071,156.35687946351422,151319500,JNJ
2023-08-22,152.97523498535156,154.65222394280073,152.41316424502924,153.74922988878964,56834800,JNJ
2023-08-23,151.602294921875,153.41750617984206,150.6255851200962,152.86464467777571,119011400,JNJ
2023-08-24,152.11827087402344,153.57412617627875,150.98492041423708,151.14156120462624,70755100,JNJ
2023-08-25,154.2993621826172,155.71937923997473,152.26678485998644,152.48953790970398,18185500,JNJ
2023-08-28,152.4802703857422,154.26226672495505,151.44078432281424,153.13923940473538,18458000,JNJ
2023-08-29,152.49880981445312,153.7703248039668,151.06951672975356,153.0185527543439,12208600,JNJ
2023-08-30,151.96051025390625,153.9095605645017,151.91410159661896,153.24131555297947,9939100,JNJ
2023-08-31,150.05787658691406,151.81203045696913,149.68663563272543,151.62639581794016,15333000,JNJ
2023-09-01,148.9441375732422,150.80037064326442,148.5079216688322,149.81656938206214,8610100,JNJ
2023-09-05,149.1297607421875,150.32703902466636,148.75851978624962,149.01839128779307,9019800,JNJ
2023-09-06,146.65171813964844,148.49867551465942,146.0391718662228,148.35017344027983,9753800,JNJ
2023-09-07,148.52647399902344,149.48243280724193,147.55194889650886,147.70045092701136,9931800,JNJ
2023-09-08,149.0183868408203,149.12975629189128,147.74687173464588,148.1181126795053,6957000,JNJ
2023-09-11,150.96742248535156,150.9952648454044,148.91627893588435,149.48243052684683,6309300,JNJ
2023-09-12,151.8212890625,152.146121319571,149.9186475267616,150.55905013672586,6045800,JNJ
2023-09-13,152.20184326171875,153.09282724905987,151.28300274795905,151.988366251432,7397500,JNJ
2023-09-14,151.9698028564453,153.38981998762867,151.69136507030595,152.8422204821787,7758400,JNJ
2023-09-15,149.84442138671875,152.97218394107378,149.62168246762224,152.19255523843,13392100,JNJ
2023-09-18,150.79107666015625,151.42218903125044,149.19471527665206,150.46623024672482,5789000,JNJ
2023-09-19,150.54051208496094,151.14379638172946,149.7794638250477,150.58692074808707,5550800,JNJ
2023-09-20,151.199462890625,151.78416665735364,150.03931726196686,150.5312178755632,3837400,JNJ
2023-09-21,150.03932189941406,151.74705291871763,149.97434694447264,150.8839113420461,4526700,JNJ
2023-09-22,148.96270751953125,149.79800675673602,148.7306783800927,149.70520359812147,4976700,JNJ
2023-09-25,148.73995971679688,148.83277704063443,147.31994246608082,148.56362946060193,6722500,JNJ
2023-09-26,147.589111328125,148.57291269574907,147.44060926759488,148.3223172388465,4904800,JNJ
2023-09-27,145.81637573242188,147.34776220706564,144.0993546386053,147.18070804412986,10211600,JNJ
2023-09-28,145.6029052734375,146.60527268424718,144.99034505095398,146.17833290926197,7861900,JNJ
2023-09-29,144.55413818359375,146.27115929388646,144.18289726555204,146.0576823121759,7680700,JNJ
2023-10-02,143.9972686767578,144.2478640959969,142.29882795173137,144.2478640959969,7259700,JNJ
2023-10-03,144.17359924316406,144.32210126712584,142.82783328559987,143.56103901577097,5740800,JNJ
2023-10-04,144.34068298339844,144.7211999878016,143.45897513505508,144.3870916410868,4955200,JNJ
2023-10-05,145.84423828125,146.6795375354206,144.85116090848877,145.03678139142278,5993300,JNJ
2023-10-06,146.3082733154297,146.92083355749364,145.33374823249758,145.788530381048,5802200,JNJ
2023-10-09,147.14358520507812,147.45915558142133,145.7978190985052,145.88134618550748,4414100,JNJ
2023-10-10,146.9765167236328,147.8211060640413,146.5495769395137,146.99508301735955,5273500,JNJ
2023-10-11,144.95323181152344,147.61693586351447,144.82329606473857,147.06935051363072,6922900,JNJ
2023-10-12,145.09243774414062,145.3059005496707,143.9230161846205,144.71190662328922,5792400,JNJ
2023-10-13,145.57510375976562,146.04843815798398,144.832607599511,145.4637201304688,5359800,JNJ
2023-10-16,146.20616149902344,146.8744063766299,145.565758977823,146.47532316018965,6408100,JNJ
2023-10-17,144.86972045898438,147.52413457042593,143.49611182063867,144.76762706385446,12244400,JNJ
2023-10-18,141.75123596191406,144.73977236996714,141.1201235090008,144.2385956668851,9097300,JNJ
2023-10-19,141.3706817626953,142.10388740921834,139.3566569270739,140.7673976699011,7733800,JNJ
2023-10-20,142.00180053710938,142.8092572240317,141.3799642864767,141.76049538612597,7207000,JNJ
2023-10-23,140.50755310058594,142.46587943651636,140.34049893219958,141.87188545680888,5874000,JNJ
2023-10-24,140.35906982421875,141.03660514060584,139.3381500586774,139.91357782038136,6155300,JNJ
2023-10-25,140.6746368408203,141.23149829170868,139.43094986043917,140.3683566699609,5880800,JNJ
2023-10-26,138.2893829345703,141.04589055957672,138.17801346671112,141.04589055957672,7612500,JNJ
2023-10-27,135.1337890625,137.97382372788857,134.5305047465985,137.81604559780433,11385800,JNJ
2023-10-30,136.46096801757812,136.6558787140512,135.50500915444326,135.58853624067433,8205300,JNJ
2023-10-31,137.6768035888672,137.86242406373086,136.09900830962442,136.9343075274781,7576900,JNJ
2023-11-01,138.0016326904297,138.99470989515495,137.7881698792718,138.46569090021018,5733000,JNJ
2023-11-02,139.44021606445312,139.5887039286113,136.9342904004513,137.09208265438073,5349100,JNJ
2023-11-03,140.4611358642578,141.32429150066253,139.35667505650164,140.34049035954845,4926800,JNJ
2023-11-06,140.79527282714844,141.4727939193643,140.4889926770397,140.86952384795669,4851400,JNJ
2023-11-07,140.0527801513672,141.30574314451601,139.8485933797143,141.0087390541356,4840400,JNJ
2023-11-08,139.54234313964844,140.91595180791333,139.53305290956604,140.4704597839775,5460000,JNJ
2023-11-09,136.8229522705078,139.68155319818197,136.67445021043582,139.68155319818197,6973600,JNJ
2023-11-10,136.6651611328125,137.82530681305707,135.1708929301801,137.59327767700816,6930700,JNJ
2023-11-13,137.01785278320312,137.26843405872188,136.1082883545003,136.6651639573006,5889300,JNJ
2023-11-14,137.04566955566406,137.86240234880617,136.40526698061097,137.02710326252176,6713600,JNJ
2023-11-15,138.103759765625,138.6791875543606,136.68374243011314,136.75799346123,6729100,JNJ
2023-11-16,139.31028747558594,139.3752482641238,137.9552312014053,138.75341193015643,6875600,JNJ
2023-11-17,139.02255249023438,139.9506689113672,138.35432169599682,139.72793003393224,7023300,JNJ
2023-11-20,140.24815368652344,140.70656355922554,138.03089285449911,138.3770556909202,8851700,JNJ
2023-11-21,141.3801727294922,141.53921436041963,139.96749875453938,140.4259229439275,5916300,JNJ
2023-11-22,141.09950256347656,142.240859174012,140.69720908303808,141.85729494542176,4633500,JNJ
2023-11-24,142.6712188720703,142.8396108356228,141.1369191220992,141.1369191220992,3351400,JNJ
2023-11-27,141.52984619140625,142.5028251085682,141.23982829649938,142.47474550631964,6449700,JNJ
2023-11-28,141.8572998046875,142.02569177295712,141.11820809858446,141.64211325588315,5909000,JNJ
2023-11-29,142.30633544921875,142.39053141922517,141.33337093112328,141.57660849181153,5190000,JNJ
2023-11-30,144.69198608398438,145.14104552718203,142.1285771398524,142.44666031731148,12481900,JNJ
2023-12-01,148.17225646972656,148.24710210341533,145.44980543009595,146.3572891099728,10342900,JNJ
2023-12-04,148.64002990722656,149.70655519778498,147.81674221790257,147.81674221790257,8920300,JNJ
2023-12-05,148.33128356933594,149.34167811221891,148.02255071384306,148.56517079846597,7268200,JNJ
2023-12-06,146.5256805419922,148.43420850569504,146.10468634496345,148.30323221605622,6642900,JNJ
2023-12-07,145.38429260253906,146.4882477220429,144.73877585614562,146.4882477220429,6532400,JNJ
2023-12-08,144.46746826171875,145.80531069373018,143.92484815348666,145.40301721894423,6254700,JNJ
2023-12-11,145.06622314453125,145.4591520046874,144.40199136022366,144.54231799765637,6090400,JNJ
2023-12-12,145.07559204101562,145.3094792938512,143.74709988260597,145.01009675805605,5324400,JNJ
2023-12-13,145.74916076660156,145.88950167057897,141.98826436578128,143.75645126328445,10764600,JNJ
2023-12-14,146.7595672607422,147.0308844653029,145.05687550161443,146.38535337037308,9240700,JNJ
2023-12-15,145.15977478027344,146.5911634949868,143.84999771870304,145.46850763888625,21727800,JNJ
2023-12-18,145.42173767089844,146.35728666335112,144.78555693285136,145.20656539973086,7231400,JNJ
2023-12-19,146.3759765625,146.4133922346362,144.95393834050546,145.2907364911004,6651500,JNJ
2023-12-20,143.39158630371094,146.56309655685993,143.24189505111931,146.45082097974446,7008300,JNJ
2023-12-21,144.8603973388672,145.13171453108265,143.4196582236222,143.78452174650104,4598600,JNJ
2023-12-22,145.44044494628906,146.4414748920263,145.02880112735264,145.24397338712615,3798900,JNJ
2023-12-26,146.0765838623047,146.2730553844629,144.8697322344054,145.01005883927465,4170000,JNJ
2023-12-27,146.2730712890625,146.43211288365436,145.40300341824496,145.47784904076045,5288100,JNJ
2023-12-28,146.48826599121094,147.1057317651261,145.93629550029206,145.94564585128654,4377500,JNJ
2023-12-29,146.63795471191406,146.78763170195052,145.92692833902555,146.42276816467424,4313700,JNJ
2024-01-02,149.65975952148438,151.22212448027972,146.68470657947933,146.81568285520638,9622100,JNJ
2024-01-03,150.59532165527344,151.0350308214125,149.50073105297344,150.28658877636659,8232000,JNJ
2024-01-04,150.27723693847656,151.5402194938575,150.0807653719002,151.1753559633682,6766600,JNJ
2024-01-05,150.7449951171875,150.9414523871629,149.1919805553051,150.1555947565753,5602500,JNJ
2024-01-08,151.11923217773438,151.24085811854073,149.3229797709594,150.71695295098283,6569800,JNJ
2024-01-09,151.21278381347656,152.75643389591977,150.24916952134754,151.21278381347656,6357000,JNJ
2024-01-10,151.4373016357422,152.1389633374342,150.81048556193858,151.39053560923782,4945100,JNJ
2024-01-11,150.7637176513672,151.7460469695425,150.4175690848592,151.62443530515444,4946000,JNJ
2024-01-12,151.92381286621094,151.9986585048327,151.26893137245287,151.4092580227775,4496900,JNJ
2024-01-16,150.17433166503906,151.79282746152293,149.8562341511425,151.15666098441994,6923200,JNJ
2024-01-17,150.09010314941406,150.90404039950965,149.56619804955773,149.92171119960736,5072100,JNJ
2024-01-18,150.81985473632812,150.96953172127544,149.39781631424648,149.68783420897128,5368500,JNJ
2024-01-19,151.25955200195312,151.48408889593233,149.94978914210228,150.76371218534211,7071300,JNJ
2024-01-22,151.99862670898438,153.03708653019396,150.94145191319777,151.5589175961533,6824200,JNJ
2024-01-23,149.51007080078125,150.16495219049938,146.79698463965894,149.3697441727501,9149800,JNJ
2024-01-24,148.71487426757812,150.24917404569456,147.9664322178115,149.45395169119038,7247900,JNJ
2024-01-25,149.27618408203125,149.33231473343605,148.2564391805941,148.75227896846147,5478900,JNJ
2024-01-26,149.2200469970703,150.38013275234658,149.08907072432484,150.09010060702022,5591900,JNJ
2024-01-29,149.08909606933594,149.75334217104398,148.71488216225947,148.7616481941349,6483200,JNJ
2024-01-30,148.53709411621094,149.46327833653217,147.93834342643083,149.07971415934642,7200500,JNJ
2024-01-31,148.6587371826172,150.26788267817244,148.44356489988175,150.06206074674012,8256800,JNJ
2024-02-01,148.1535186767578,148.27514459718972,146.9279519489503,147.96641175902295,8012000,JNJ
2024-02-02,146.5163116455078,148.10674189705205,145.88949560476627,147.7886587018118,8295900,JNJ
2024-02-05,145.75852966308594,146.77827459528794,145.32817086375937,146.51632203060015,9121600,JNJ
2024-02-06,147.87286376953125,148.4996798488214,145.57142136202944,145.78659362200213,9229900,JNJ
2024-02-07,147.7980499267578,149.09846266726538,147.52674695586649,147.6296579328281,8690300,JNJ
2024-02-08,146.3198699951172,147.1992884119279,145.30012492683497,147.1992884119279,9755000,JNJ
2024-02-09,146.65664672851562,147.06829054626397,145.63690180976707,146.19823688403184,6529200,JNJ
2024-02-12,147.6763916015625,148.20029667322007,146.27306832733294,146.48824056561887,6701500,JNJ
2024-02-13,146.38534545898438,148.2377283842858,145.71174907244858,147.47993601826903,8621000,JNJ
2024-02-14,145.70240783691406,146.3760042655887,144.86040516339827,146.27309330355936,9098800,JNJ
2024-02-15,147.7418975830078,148.26580274326486,145.84273423940357,145.92693022401383,7462500,JNJ
2024-02-16,147.57220458984375,148.24147959606134,146.74266605215664,147.61934007652707,8541000,JNJ
2024-02-20,148.8070831298828,149.5140723096364,147.46851867559718,147.58163234156362,9501700,JNJ
2024-02-21,149.58006286621094,149.58949859497682,148.11896328078404,148.9579232681752,7472500,JNJ
2024-02-22,151.24855041503906,151.52192762202995,148.72224929291693,149.86285045886265,8065000,JNJ
2024-02-23,152.55885314941406,152.9453440657131,150.97520410272537,151.65391494665863,6726000,JNJ
2024-02-26,151.56907653808594,152.7191136431205,151.36170623837256,152.52116468947858,5465400,JNJ
2024-02-27,151.7481689453125,151.80472578404667,150.48501826780543,151.14487202592605,5078600,JNJ
2024-02-28,152.28546142578125,152.34201825476467,151.0977104822067,151.7669998538821,6071100,JNJ
2024-02-29,152.12522888183594,152.88877492388917,151.71045957905832,152.7096686900777,9849100,JNJ
2024-03-01,152.8227996826172,153.24700476182508,151.85186887912164,152.54943682047337,5670100,JNJ
2024-03-04,150.67355346679688,152.34205221237573,149.19359670483033,152.06868935011204,8532900,JNJ
2024-03-05,150.79608154296875,151.99325392759428,150.07023528321747,151.40879975181255,8298200,JNJ
2024-03-06,150.2022247314453,151.7010385431363,150.08911105018066,150.3153527964436,5773700,JNJ
2024-03-07,149.75917053222656,151.16372767708023,149.16530934737497,150.8243722641366,5188700,JNJ
2024-03-08,150.37188720703125,151.19199004133748,149.34438534845359,149.75915462953353,5284000,JNJ
2024-03-11,151.98382568359375,152.06867532188554,149.76860141784033,150.34361989385164,4620800,JNJ
2024-03-12,153.40724182128906,153.75601857254375,151.88957102967169,152.3137616916336,8018700,JNJ
2024-03-13,151.86126708984375,153.35064482888012,150.64523776168417,153.2092527598989,6260000,JNJ
2024-03-14,150.07969665527344,152.2760641147946,149.58951337420214,151.710481298544,6988300,JNJ
2024-03-15,149.10873413085938,150.0608221608597,148.0906823030348,148.99562045748613,13165500,JNJ
2024-03-18,147.77015686035156,149.58948312487718,147.52507246124296,149.47636946124726,6602300,JNJ
2024-03-19,147.25173950195312,147.8644578158208,146.7332777989774,147.6853515562715,7840600,JNJ
2024-03-20,146.8275146484375,147.46852568140716,146.30906739897358,146.77095781276742,5982300,JNJ
2024-03-21,146.81809997558594,147.94927989158865,146.20538171633996,146.66727215112346,5915800,JNJ
2024-03-22,146.32791137695312,147.39311307056096,146.2147977046169,146.76153776046286,7248600,JNJ
2024-03-25,146.3184814453125,147.03489196761947,146.0168258251422,146.48815194385955,7498100,JNJ
2024-03-26,146.83692932128906,147.27054125507036,145.88484144492563,146.6861015253085,6864100,JNJ
2024-03-27,148.90135192871094,149.1464363292962,146.5258642920507,147.0443258930305,8461600,JNJ
2024-03-28,149.11817932128906,150.01369618769235,149.0427654063442,149.1276006667571,6181500,JNJ
2024-04-01,148.73167419433594,149.08045093187417,147.7796005785989,148.67511735946294,4364700,JNJ
2024-04-02,148.68453979492188,148.77881077622328,147.0066198906289,147.59107408397963,6102300,JNJ
2024-04-03,145.4135284423828,148.9861884642231,145.40410709818596,148.74108967778864,8098200,JNJ
2024-04-04,143.7544708251953,146.58242762831392,143.66963557319747,146.4033213960526,6947400,JNJ
2024-04-05,143.65078735351562,144.2352271927179,142.9155196900892,143.3114319408778,6783000,JNJ
2024-04-08,142.8966522216797,144.2634951179195,142.8683738046613,143.27372175481162,5935400,JNJ
2024-04-09,143.55650329589844,143.78274501163418,142.2839314021805,142.85894984391032,6135300,JNJ
2024-04-10,141.58636474609375,143.11347116850277,141.17159545565505,142.84009396174463,6809500,JNJ
2024-04-11,140.25723266601562,142.21795122188618,139.88017749069675,142.1519730388852,8374400,JNJ
2024-04-12,139.06005859375,140.52117240174474,138.7112674937405,139.56908446031093,7100200,JNJ
2024-04-15,139.1260528564453,140.91710089983115,138.9186681947508,139.86132051745926,8502300,JNJ
2024-04-16,136.16612243652344,137.86289946047583,135.1669132956772,136.69400542536803,12774900,JNJ
2024-04-17,136.46780395507812,137.07110096868834,135.30833104500687,136.6846099986646,9378100,JNJ
2024-04-18,137.38217163085938,137.43872847579888,134.92184818984796,136.6657465716664,9887700,JNJ
2024-04-19,139.42770385742188,139.6350885122052,136.2509558548223,137.7686266191553,9750800,JNJ
2024-04-22,140.5682830810547,141.65234167666586,138.8526636588736,139.99326469798586,10118700,JNJ
2024-04-23,140.9830780029297,141.85975213587426,139.70107027851722,141.26587657432253,10110400,JNJ
2024-04-24,140.01214599609375,140.44577238611922,138.43791836958567,139.64451217174434,9756300,JNJ
2024-04-25,138.40020751953125,141.0019225000743,137.9383027479979,140.80395920263672,7642700,JNJ
2024-04-26,137.75917053222656,138.7395223390905,137.58006434065314,138.28705338082477,6183000,JNJ
2024-04-29,138.40020751953125,138.77726265860187,137.61780444141473,137.75919652263332,6149600,JNJ
2024-04-30,136.29811096191406,138.45679307454165,136.24155411769405,138.45679307454165,8817700,JNJ
2024-05-01,142.51016235351562,143.14175202801863,139.15432259539804,140.2101029119135,14470900,JNJ
2024-05-02,141.32244873046875,143.59424450914054,140.58718099538785,143.32086725312607,8459800,JNJ
2024-05-03,140.70970153808594,141.29414131431378,139.3428586897004,141.29414131431378,6532700,JNJ
2024-05-06,140.0592803955078,141.4449804265679,139.42770508084675,141.27529553310512,5042800,JNJ
2024-05-07,140.1912384033203,141.14331196122563,139.93671827811997,140.8133923165961,7333500,JNJ
2024-05-08,140.40805053710938,141.14331814547634,140.17238747330634,140.56829969444763,7735100,JNJ
2024-05-09,141.25645446777344,141.49211754537484,140.35150192094164,140.43633717678227,6546200,JNJ
2024-05-10,141.31301879882812,141.48268931950705,140.63430794864544,141.39785405916757,5710600,JNJ
2024-05-13,142.54788208007812,143.2831497240159,141.12448228398986,141.43554488557442,5628500,JNJ
2024-05-14,142.6986846923828,143.48108768989533,142.05767376152252,143.14173234619992,8254200,JNJ
2024-05-15,143.9147186279297,144.1786601097006,142.62328963614115,143.11347283817227,5548000,JNJ
2024-05-16,145.43240356445312,145.52667455304834,143.5942343567135,144.22580970584798,7591000,JNJ
2024-05-17,145.77175903320312,145.9791437011928,144.89509925066497,145.9791437011928,6521800,JNJ
2024-05-20,143.74766540527344,145.76223762818017,143.73815340422095,145.48666509768884,7742300,JNJ
2024-05-21,143.71917724609375,145.00203605624256,143.29154314270733,144.23231787015257,5492400,JNJ
2024-05-22,145.86676025390625,146.41791978509374,142.84490208291368,143.3390331108742,6609800,JNJ
2024-05-23,142.25575256347656,145.23960684089337,141.95167298425133,145.15408581861163,8000400,JNJ
2024-05-24,139.6614990234375,142.36026844901062,139.461935491968,142.09419340705284,9520600,JNJ
2024-05-28,137.20030212402344,139.49044706008516,136.9817290824054,139.49044706008516,10499800,JNJ
2024-05-29,137.25732421875,138.1885869509172,136.5636295458094,136.66816007186924,8263800,JNJ
2024-05-30,138.0555419921875,138.36913355349992,136.85820425808777,137.4283588695626,8490300,JNJ
2024-05-31,139.37643432617188,140.14615255716046,137.97003540411856,138.3311435124853,14621200,JNJ
2024-06-03,140.3931884765625,141.49549296067536,139.47142348984758,139.9275499832736,7329200,JNJ
2024-06-04,140.45022583007812,140.93485940367907,138.9202870977274,140.14613178389556,8876400,JNJ
2024-06-05,138.71121215820312,140.63076575726186,138.5971841523187,140.61175625628087,5891300,JNJ
2024-06-06,139.1388397216797,139.6899992819761,137.46636603871238,138.26459112603757,5016300,JNJ
2024-06-07,139.7660369873047,140.92537023189638,139.06283033894482,139.38591940710893,5111600,JNJ
2024-06-10,139.8135528564453,140.2221629407793,138.35963755636834,139.24338373876677,5749900,JNJ
2024-06-11,139.46194458007812,139.84206216479,138.207592800537,139.50946109066751,5661200,JNJ
2024-06-12,138.1790771484375,139.88956992260884,137.58040105247696,139.74702039975986,6180500,JNJ
2024-06-13,138.2170867919922,138.73973939519382,136.72516699740152,137.85599322069157,6840400,JNJ
2024-06-14,138.3026123046875,138.71123689865664,137.29532607304745,137.92250921727728,4075300,JNJ
2024-06-17,138.6922149658203,139.1483415298389,137.54239380443985,137.8084688417842,6666600,JNJ
2024-06-18,138.4071044921875,139.11031095912318,138.03649900961312,138.70170097833577,6156600,JNJ
2024-06-20,140.43121337890625,140.71629791621663,137.79895553441006,138.0460355667466,8749700,JNJ
2024-06-21,141.35296630859375,141.66655782258937,140.04158625006676,140.5357317721205,15172300,JNJ
2024-06-24,141.70457458496094,142.27474365974027,140.80181896656197,141.59054657000584,6914700,JNJ
2024-06-25,139.8705596923828,141.78060148860925,139.63299165553863,141.76159198566108,5912500,JNJ
2024-06-26,139.51895141601562,139.87054743974454,138.5306603493167,138.92977287625246,5267800,JNJ
2024-06-27,138.5496826171875,140.03210485383192,137.6374149715589,139.4999547688829,5739200,JNJ
2024-06-28,138.8917999267578,139.756551181571,138.40715178394825,138.77775739315328,10495700,JNJ
2024-07-01,139.15786743164062,141.30547744758792,138.37863724443636,138.80627134717227,5144400,JNJ
2024-07-02,138.7682342529297,139.83253436991393,138.4926617226397,139.1483372947093,5492000,JNJ
2024-07-03,138.4451446533203,139.35739774987505,137.54238905777078,138.92977820461493,3246200,JNJ
2024-07-05,139.1958770751953,139.26240309363158,137.31434205376763,138.52119188822056,4888500,JNJ
2024-07-08,138.24559020996094,139.8990689935426,138.02703167247682,139.11983885989991,5260200,JNJ
2024-07-09,139.73751831054688,139.81354182023662,137.9604995840531,138.42613814340208,5890400,JNJ
2024-07-10,141.99916076660156,142.0371797726971,139.3859123476217,139.93707193598866,6093200,JNJ
2024-07-11,142.25575256347656,143.09199678135258,141.24846630103704,142.14172453376756,6350400,JNJ
2024-07-12,142.4268035888672,143.37707579962824,141.81862995398026,142.5408316141575,5336400,JNJ
2024-07-15,141.81861877441406,142.7783884116229,141.46700822414775,142.61684388852845,6711400,JNJ
2024-07-16,143.50059509277344,143.5671211046381,141.74260027924188,142.24624336906467,6469600,JNJ
2024-07-17,148.7936248779297,149.65837607191384,143.89021677797928,144.01375680569222,13801400,JNJ
2024-07-18,147.69129943847656,149.25925722446763,146.93107879981446,147.8623559696768,10166200,JNJ
2024-07-19,146.9976043701172,148.72709218037255,146.45594227294762,148.72709218037255,7398000,JNJ
2024-07-22,146.56997680664062,147.39670890989976,145.9522912294915,147.0736198695458,6840600,JNJ
2024-07-23,144.77395629882812,145.86676338411584,144.0327452409806,145.68620937002459,6261900,JNJ
2024-07-24,148.50851440429688,148.6320544104563,144.75494271715232,145.1635527375247,7168200,JNJ
2024-07-25,151.7014617919922,152.59472002924207,148.2424713732824,148.6985979944299,10019600,JNJ
2024-07-26,152.65171813964844,153.54497628383004,151.53990146018913,151.80597650313655,8356900,JNJ
2024-07-29,150.67514038085938,152.04353451146278,150.1905068346046,152.01502750874198,5625000,JNJ
2024-07-30,153.30738830566406,153.51644931221742,150.48507921719428,150.65612122255587,6545700,JNJ
2024-07-31,150.0004425048828,152.37612252871688,149.89591200383413,151.90098652395008,8293200,JNJ
2024-08-01,152.7657470703125,152.81326357826595,149.8674285851847,150.59912770765834,7213400,JNJ
2024-08-02,155.9776611328125,156.65236070043406,152.99380733375668,153.84904641947276,11280400,JNJ
2024-08-05,153.23138427734375,157.53611595936755,152.59470367647071,155.64506915975795,12032200,JNJ
2024-08-06,151.06475830078125,153.44993607394514,151.03625129751646,153.04132602714884,7607100,JNJ
2024-08-07,150.9982452392578,152.63271456658043,150.3235601041438,150.96973823354892,5993000,JNJ
2024-08-08,152.2526092529297,152.70873583757134,150.17151086674826,150.68466596197248,5094800,JNJ
2024-08-09,152.6326904296875,152.92727244209684,151.4163433784486,152.1575544096723,4579200,JNJ
2024-08-12,151.92950439453125,153.65899203562424,150.81768780382836,152.96529747903207,7605400,JNJ
2024-08-13,150.51361083984375,152.39514570661416,148.66058297863026,152.30012718809206,9711400,JNJ
2024-08-14,150.59913635253906,151.61593458110082,149.5728406218424,149.9814652136954,5141200,JNJ
2024-08-15,151.1787872314453,151.56840227843105,149.99094708819743,150.49459014893438,7237800,JNJ
2024-08-16,151.4638671875,151.98651973473113,150.31403158359157,151.22629916603145,5012800,JNJ
2024-08-19,151.69195556640625,152.3191241969172,151.2168194675326,151.53041103278957,4408400,JNJ
2024-08-20,152.19557189941406,152.9272709229686,151.72993338442444,152.04352489451944,7275100,JNJ
2024-08-21,153.40243530273438,153.44995181304992,152.33813507168128,152.42365609024736,5019400,JNJ
2024-08-22,154.27667236328125,154.40970986963083,152.79423579252784,153.94407134740695,6552100,JNJ
2024-08-23,155.96817016601562,156.05369117816977,153.65900133783921,154.41922194588088,7093400,JNJ
2024-08-26,156.42430114746094,157.46960632553254,155.40750297424557,156.00617907623229,6870600,JNJ
2024-08-27,156.02215576171875,157.06581075769947,155.26574914712472,156.5487753592511,4388700,JNJ
2024-08-28,156.950927734375,157.98501321041408,155.79237915246588,156.07004335331814,5187000,JNJ
2024-08-29,157.24771118164062,157.71688395318662,156.4147041520119,157.63071383496106,7390100,JNJ
2024-08-30,158.80844116210938,158.92333467131888,156.84559425610914,157.14241222827346,7971000,JNJ
2024-09-03,160.0531768798828,160.67553621109667,157.76478858917997,158.21480765392596,6956500,JNJ
2024-09-04,160.24465942382812,161.67131705958903,158.98077245361435,160.67552466910686,6939100,JNJ
2024-09-05,157.97543334960938,160.2542373965506,157.82223226458788,160.09146672248764,4600400,JNJ
2024-09-06,157.39137268066406,158.88504678841576,157.1424172559987,158.15734891331408,6016900,JNJ
2024-09-09,159.52655029296875,160.29254108945904,157.4775333131413,157.8317980298686,7538200,JNJ
2024-09-10,160.26380920410156,161.297894532952,159.66058910975752,160.37870270395436,6559600,JNJ
2024-09-11,157.81265258789062,159.6988842126655,157.1136781609321,159.6988842126655,5920200,JNJ
2024-09-12,157.6403045654297,158.08075402330743,155.7923658242544,157.21900889530122,4540900,JNJ
2024-09-13,158.48289489746094,158.7031123199692,156.85517359055,157.7360578906423,3693400,JNJ
2024-09-16,159.89041137695312,160.13935219548281,158.73184820020649,159.2871912046746,5187800,JNJ
2024-09-17,159.96701049804688,160.58936984385574,158.8754636779128,159.17229627166833,5066500,JNJ
2024-09-18,159.08609008789062,161.19256828842722,158.69353243238905,159.54569330076674,4722800,JNJ
2024-09-19,157.81265258789062,159.29674234773438,157.4296498998191,159.16269505942404,4956100,JNJ
2024-09-20,157.18072509765625,157.8605311967839,156.59665872274059,157.31477239960117,11839000,JNJ
2024-09-23,156.28067016601562,157.5062495407499,155.80192776619572,157.41049521676248,4671600,JNJ
2024-09-24,155.85939025878906,156.53921096362285,154.68168792709733,155.8689598481309,6041600,JNJ
2024-09-25,153.77207946777344,156.37643954228557,153.54227783411883,156.07003736407944,5420000,JNJ
2024-09-26,154.5284881591797,154.6721050508365,153.21673851518023,153.42738636298367,6122000,JNJ
2024-09-27,154.53802490234375,156.48171767663166,154.48057815789105,155.11252156698504,7553800,JNJ
2024-09-30,155.16998291015625,155.2848764098711,153.84864922320168,154.7008247129483,6010000,JNJ
2024-10-01,155.10296630859375,155.83064948898271,154.3273913566603,155.52424734351888,4408000,JNJ
2024-10-02,154.3178253173828,155.22743296630276,153.8199291245827,154.6433666468811,4684400,JNJ
2024-10-03,153.67633056640625,154.5763687341245,153.4082359560298,153.9444251767827,4791200,JNJ
2024-10-04,153.47523498535156,153.67631322547436,152.02943817039042,152.84330610937752,5331100,JNJ
2024-10-07,152.74755859375,154.02101521114693,152.45074062466867,153.4369488619658,4266000,JNJ
2024-10-08,152.90074157714844,153.43693069782802,152.19219760478884,152.70924754977113,4766300,JNJ
2024-10-09,153.8199462890625,154.36571970535155,152.7284140665448,153.1209863894832,6047200,JNJ
2024-10-10,153.6858673095703,154.52845853927678,153.19755536147628,154.4997351664511,4793900,JNJ
2024-10-11,154.5955047607422,155.7444836174916,154.3465493582396,155.28488038674476,5253500,JNJ
2024-10-14,154.72955322265625,155.2465885985896,154.0593021585878,154.5380445700316,5964000,JNJ
2024-10-15,157.12326049804688,159.6605893574553,152.2400822059094,153.19756699965725,10548000,JNJ
2024-10-16,157.2956085205078,157.97542918608636,155.72533396557202,157.0275139338158,5982100,JNJ
2024-10-17,157.47752380371094,157.98498957110436,156.67324009049022,157.27644557037658,4798000,JNJ
2024-10-18,158.0998992919922,158.2626699689838,156.960489942991,157.8796818595988,5908000,JNJ
2024-10-21,155.90725708007812,158.22436862227744,155.40936087619903,158.0807517413792,6082700,JNJ
2024-10-22,156.5009002685547,156.76899486538684,155.01679578676678,155.4189522920748,5680300,JNJ
2024-10-23,158.80844116210938,158.94248845954036,155.51469087088046,155.89769358501152,7441600,JNJ
2024-10-24,156.71153259277344,158.4733010860943,156.39556086135312,157.98498910665833,5386300,JNJ
2024-10-25,154.0401611328125,156.95090853103437,153.78163614291879,156.72110691667785,6400400,JNJ
2024-10-28,154.72955322265625,155.0838179319058,154.15505648490011,154.27953418709438,4842500,JNJ
2024-10-29,153.2837371826172,155.2753073075725,153.25501380759857,154.59550128538734,5216900,JNJ
2024-10-30,153.78164672851562,154.42315984310346,152.268818869165,152.67096076442635,5820500,JNJ
2024-10-31,153.0635223388672,154.0305767375221,152.68053425882096,153.18800003940865,8613900,JNJ
2024-11-01,153.32205200195312,154.2125058897296,153.08268079211308,153.75291725765334,5256400,JNJ
2024-11-04,151.51242065429688,153.46568348399165,151.34964996932734,152.9103404711224,4644000,JNJ
2024-11-05,151.6177215576172,151.84750855559324,149.70275198750548,150.96662430654885,6547100,JNJ
2024-11-06,151.167724609375,154.01145600496247,150.66025876801325,153.10183363831356,8926600,JNJ
2024-11-07,150.06658935546875,152.00071275185203,149.85594152962213,151.73261817533063,7522800,JNJ
2024-11-08,148.8601837158203,150.40173504249262,148.8027369574448,150.32513449463838,8926100,JNJ
2024-11-11,148.4484405517578,150.88046018417558,148.32397745958923,149.0037835023882,7146800,JNJ
2024-11-12,146.15048217773438,148.44843989915321,145.8919571858056,147.96012790111791,7181400,JNJ
2024-11-13,146.7249755859375,146.98348596194532,144.98234624216516,146.01643157637207,7161900,JNJ
2024-11-14,145.41322326660156,147.06009842012966,144.35041447112772,146.66752611503128,7716400,JNJ
2024-11-15,147.4526824951172,147.86439401133276,144.48447330216516,144.48447330216516,11328500,JNJ
2024-11-18,148.18991088867188,148.72609998226258,145.85364588654915,146.10258664855712,7510600,JNJ
2024-11-19,146.49517822265625,147.44309345901232,145.58557056093258,147.4047858843799,8233700,JNJ
2024-11-20,146.6005096435547,146.7345569415132,145.35577638533414,146.52390910042698,9061300,JNJ
2024-11-21,148.88890075683594,149.42508995892942,146.31326405886693,147.08882448404214,10141100,JNJ
2024-11-22,148.5729217529297,150.4400142800186,147.5579901541049,149.27188159946877,8266000,JNJ
2024-11-25,149.156982421875,150.36340802195508,148.54419272833388,148.57291610380778,12256200,JNJ
2024-11-26,149.13768005371094,149.842248175922,147.8250517189238,149.75538663906448,5683500,JNJ
2024-11-27,149.98703002929688,151.17419670876055,149.21490777807594,149.24386162613231,4140400,JNJ
2024-11-29,149.610595703125,150.24760973159832,148.79985860904222,149.49478032605202,5687800,JNJ
2024-12-02,149.40794372558594,149.60097429534807,148.56823791982364,149.3596824013233,6946500,JNJ
2024-12-03,147.0529327392578,149.40794398540086,147.00467141491126,149.40794398540086,8674400,JNJ
2024-12-04,145.228759765625,146.2807888412993,144.53383796417515,146.02018948393368,10333100,JNJ
2024-12-05,144.31185913085938,145.14190382981053,143.7617065470866,144.77513544062865,7898100,JNJ
2024-12-06,144.10916137695312,144.8233906501293,143.21156264421623,144.18637654653605,8389600,JNJ
2024-12-09,144.38906860351562,145.63412823914575,143.26947073242502,144.08985429782848,8410300,JNJ
2024-12-10,144.0319366455078,145.5762104800708,143.16329181812034,144.7075509253966,9398700,JNJ
2024-12-11,141.53216552734375,143.3273777161118,141.27156617149208,143.3273777161118,13446700,JNJ
2024-12-12,141.1461181640625,142.6228234456662,140.9241190076359,142.07267083272527,6176300,JNJ
2024-12-13,141.51284790039062,141.81204745583807,139.9878815503258,140.58629538850732,8324900,JNJ
2024-12-16,138.83935546875,142.12091918898983,138.5208484156869,141.61902794834907,8732400,JNJ
2024-12-17,141.3101806640625,141.5514725449612,138.70423129581408,138.82969305932582,10343000,JNJ
2024-12-18,139.70799255371094,141.62868113831064,139.63077738813394,140.60559123988054,9336100,JNJ
2024-12-19,138.57876586914062,140.16164014512123,138.37607419299624,139.1192573691405,9516700,JNJ
2024-12-20,139.437744140625,140.4029116007374,137.7776549310487,138.06720811453977,17702800,JNJ
2024-12-23,140.2098846435547,140.267792336278,138.45327275208308,139.59217804236087,8720800,JNJ
2024-12-24,140.76968383789062,140.76968383789062,139.30262513434346,139.94928558321214,3164100,JNJ
2024-12-26,140.5090789794922,141.27155478412448,140.03614162770347,140.44151018897102,4656300,JNJ
2024-12-27,139.99754333496094,141.49355584680043,139.64042135939863,139.82380553357908,5588300,JNJ
2024-12-30,138.3470916748047,139.83345771908768,137.9706769776421,139.7948427757816,6268700,JNJ
2024-12-31,139.58253479003906,139.63079611590854,138.31816757961903,138.75249005786645,5811400,JNJ
2025-01-02,139.00343322753906,140.6924764224552,138.77178771612694,140.17127770359986,6051300,JNJ
2025-01-03,139.16749572753906,139.53426406799142,138.61734321686058,139.05168034730627,5878800,JNJ
2025-01-06,138.6559600830078,139.7755578650591,137.95137723739865,138.51117612842432,7910500,JNJ
2025-01-07,141.13644409179688,142.0533503018113,138.5884023962084,138.75247910938674,8422000,JNJ
2025-01-08,137.3143768310547,140.518725097436,136.51328608263773,140.42221718909192,11175600,JNJ
2025-01-10,137.1116943359375,138.66561461864163,135.77975845725183,136.08861913004924,8821500,JNJ
2025-01-13,139.437744140625,140.01685050760713,137.35297889223335,137.99963932323428,10376400,JNJ
2025-01-14,139.70799255371094,139.76590024607194,137.8838266079042,139.4667006840154,8681700,JNJ
2025-01-15,139.92031860351562,140.96270115867264,139.23504327221664,140.24847198367087,7434600,JNJ
2025-01-16,142.622802734375,142.91235592401742,139.04202490128066,139.29297787170466,8964000,JNJ
2025-01-17,141.90858459472656,143.2115666863725,141.5032159884405,142.3043068272754,10773100,JNJ
2025-01-21,142.98956298828125,143.67483841127958,141.9278875467793,142.4201176828794,11111700,JNJ
2025-01-22,140.2098846435547,140.40291519506144,137.15995185697216,138.98411781419193,16834700,JNJ
2025-01-23,141.53216552734375,142.75793240990325,139.7659071861939,140.3739674407519,10506400,JNJ
2025-01-24,141.70590209960938,142.48768543303163,141.2812260352102,141.69624099896276,9887300,JNJ
2025-01-27,147.564453125,148.1049445489984,142.8447848105536,143.27910722431753,15152300,JNJ
2025-01-28,145.14190673828125,147.6416872590995,145.06469156389102,147.34248766289275,10320600,JNJ
2025-01-29,145.88507080078125,146.58965372321762,144.77513399771405,145.25771777770643,7156400,JNJ
2025-01-30,147.545166015625,148.77093298890944,146.0877682442507,146.61861336868796,8911000,JNJ
2025-01-31,146.85025024414062,147.84437173318787,146.76338869126218,147.30388021222504,8457800,JNJ
2025-02-03,146.5800018310547,147.15910829434324,145.52797265912665,146.705478334468,6687500,JNJ
2025-02-04,148.1435546875,148.8095078457744,145.69202115883576,146.0877433411669,9645000,JNJ
2025-02-05,149.30177307128906,149.3403732939042,147.96983711809787,148.46208200199285,8947000,JNJ
2025-02-06,148.16287231445312,149.44654698401197,148.03741054156816,149.3982856587691,7418100,JNJ
2025-02-07,147.78643798828125,149.1087274340039,147.4775920567086,148.18216018471236,6204900,JNJ
2025-02-10,148.86744689941406,148.9929086652504,146.98535841170133,148.25938663555067,6936200,JNJ
2025-02-11,150.6916046142578,150.94254285931459,148.57788545917066,148.74196216485632,7554500,JNJ
2025-02-12,149.85189819335938,150.23797402314958,148.8963918101136,149.86155929365853,7746000,JNJ
2025-02-13,151.77259826660156,152.6219504290928,149.39827959749562,149.85190952725455,10704700,JNJ
2025-02-14,150.71090698242188,151.98493521702002,150.62404543750512,151.81119739989842,6411800,JNJ
2025-02-18,150.7887420654297,151.23626468246152,149.08617874352478,149.96177679957768,9670700,JNJ
2025-02-19,153.61013793945312,154.0090277952753,150.55525326507066,150.7984766144488,7974700,JNJ
2025-02-20,155.35159301757812,155.61427836184367,152.69559849943272,152.69559849943272,7224000,JNJ
2025-02-21,157.9005889892578,159.07778159453383,154.96244700278118,155.5461889335318,12546900,JNJ
2025-02-24,159.3015594482422,160.40091881814757,157.6573673427363,158.27028004687892,10201900,JNJ
2025-02-25,161.5878448486328,161.91862500823018,159.49613018892595,159.65179667997424,12303700,JNJ
2025-02-26,158.6594696044922,160.6539041962727,158.1535608410977,160.60525655351194,11396400,JNJ
2025-02-27,159.2918243408203,159.50586206584,157.3460376371317,157.9103175626223,8364600,JNJ
2025-02-28,160.54685974121094,161.44191981373382,158.289740114278,159.85609895248652,12037200,JNJ
2025-03-03,162.74559020996094,162.79423784404756,160.37172818020133,160.48848547104393,9191500,JNJ
2025-03-04,160.93600463867188,165.382134055129,160.83872421775018,163.52390432699676,11999700,JNJ
2025-03-05,160.64413452148438,161.9478228061442,159.09723776066815,160.05066902363262,8744800,JNJ
2025-03-06,161.3348846435547,161.37379384052454,159.07776524482028,160.52738148858535,8037900,JNJ
2025-03-07,162.1715850830078,163.89361036505545,160.23552208928538,160.65387392398554,9637600,JNJ
2025-03-10,163.15420532226562,165.294567637911,162.5218306080433,162.9401676061837,17559000,JNJ
2025-03-11,161.36407470703125,162.7650433593784,160.57603355137917,162.6677480965093,9890300,JNJ
2025-03-12,158.4356689453125,159.7588043361096,157.83246504608488,159.2918048957064,8010700,JNJ
2025-03-13,158.57188415527344,160.0798568926511,158.25082758516842,158.99994473690649,5286700,JNJ
2025-03-14,158.39674377441406,158.72752390846398,156.73310467099247,157.72544507314228,6235800,JNJ
2025-03-17,158.4259490966797,159.0680622686795,157.34603688747066,158.0076120830635,6669800,JNJ
2025-03-18,159.7977294921875,160.39119501744185,158.55242721709214,159.00968826991965,7348800,JNJ
2025-03-19,158.57188415527344,159.90474322450672,157.81302856963381,159.52531543168692,5936400,JNJ
2025-03-20,158.60107421875,158.77618789181005,157.54060921069274,158.58161219557422,7485900,JNJ
2025-03-21,159.1945343017578,159.68098094831194,158.0756981075792,158.5816067766441,17047100,JNJ
2025-03-24,158.86373901367188,159.93392757223305,158.09515984537686,158.4259400015963,8046400,JNJ
2025-03-25,156.65528869628906,159.739358781659,156.20775123106108,159.0875220297203,7456200,JNJ
2025-03-26,157.3363037109375,158.08543569928875,156.28557717855708,156.8401334783579,7223500,JNJ
2025-03-27,158.70809936523438,159.6226215034605,156.9471647500084,157.94924372823283,6752500,JNJ
2025-03-28,159.27236938476562,160.0604105860502,158.49405177226188,159.15561209352714,5760300,JNJ
2025-03-31,161.34461975097656,162.11321376385112,159.7782609592967,159.91446542617436,12481400,JNJ
2025-04-01,149.0959014892578,157.42386594435982,148.97915904115746,156.3731393759347,23303100,JNJ
2025-04-02,151.14869689941406,151.56703387395896,149.29046721695548,149.83528506528043,10356900,JNJ
2025-04-03,155.48782348632812,156.29531190911774,153.211241747958,154.4468204683537,13249300,JNJ
2025-04-04,149.086181640625,155.4878216368075,148.78457223350892,154.84570846579808,16601700,JNJ
2025-04-07,146.5371856689453,148.57054397010987,143.40446802169475,147.1792988166815,18083000,JNJ
2025-04-08,145.9340057373047,149.42668937844223,143.98821899414062,149.42668937844223,12018400,JNJ
2025-04-09,146.87770080566406,149.03752509158932,137.6644001851633,138.34542251739794,18773700,JNJ
2025-04-10,144.65951538085938,147.1014723585021,141.19601741107385,146.29396909214825,13830500,JNJ
2025-04-11,147.6171112060547,148.2203152078777,144.17307510704813,145.28217298759347,9943900,JNJ
2025-04-14,150.17579650878906,150.47739102870042,147.07226479326096,147.480878160093,10685300,JNJ
2025-04-15,149.4558868408203,152.0632490028624,147.97709948730335,151.47950699556426,10847700,JNJ
2025-04-16,149.73802185058594,151.41139963137073,148.1132917072422,151.15843785474706,7986900,JNJ
2025-04-17,153.20152282714844,155.1181239870104,149.98124809164514,149.98124809164514,10981100,JNJ
2025-04-21,152.66641235351562,153.9409001804085,151.27518208299085,153.67822968223672,6285400,JNJ
2025-04-22,153.4739227294922,154.41763044672643,152.02430632426632,153.2793470326259,7136300,JNJ
2025-04-23,151.16815185546875,152.8415293657793,150.14661101502057,152.24806391334158,9099400,JNJ
2025-04-24,150.7303466796875,151.67405433597241,149.2807452132582,151.5767739164092,8310400,JNJ
2025-04-25,150.38986206054688,150.70118022596543,148.31759438866158,150.13691512332085,8643600,JNJ
2025-04-28,151.13897705078125,151.58649964647577,149.65045151935777,151.2849051047744,5815200,JNJ
2025-04-29,151.68380737304688,152.76371959682837,150.10771003458157,151.23626989541486,5246700,JNJ
2025-04-30,152.0729522705078,153.9117200490407,150.8179264212635,153.9117200490407,9598200,JNJ
2025-05-01,150.2731170654297,150.88602979627174,149.20292841606295,150.79847295546213,7325800,JNJ
2025-05-02,151.8881072998047,152.47184925651504,150.8373806848308,151.83947450772436,5974500,JNJ
2025-05-05,150.7984619140625,152.53993439396783,150.5357765656926,152.42319194810284,5464100,JNJ
2025-05-06,150.2828369140625,151.67406727843394,149.5239812889191,150.6233555245234,8644200,JNJ
2025-05-07,153.0361328125,153.65878398665114,150.3120283586481,150.54552811589537,7853100,JNJ
2025-05-08,151.44058227539062,152.77344141312827,150.58443137777405,151.5962487740799,7606100,JNJ
2025-05-09,150.03961181640625,151.8297319959907,149.64072198487162,151.2070808533016,6520400,JNJ
2025-05-12,149.96177673339844,151.148707779188,147.08200595545642,147.8992476319424,9023800,JNJ
2025-05-13,144.41629028320312,147.5879172387248,144.06604808573897,147.5879172387248,10549600,JNJ
2025-05-14,142.39266967773438,144.78599382334744,142.1591699321315,144.6400509154053,10216000,JNJ
2025-05-15,145.5545654296875,145.59347462933604,143.336369920384,143.98820664200468,7945800,JNJ
2025-05-16,147.2279510498047,147.39334113632552,145.17514550683833,145.6129445411787,8051200,JNJ
2025-05-19,148.35650634765625,148.52189642911543,146.95553760450343,147.7727644229513,12639900,JNJ
2025-05-20,149.49478149414062,149.86447083723303,147.99651756445562,148.20083168038465,7351500,JNJ
2025-05-21,149.02780151367188,150.2439182443103,148.8526878301439,149.03753994842893,7032200,JNJ
2025-05-22,148.47325134277344,149.16401213735736,147.26685827209232,148.51216054400712,7535300,JNJ
2025-05-23,148.7943115234375,149.31966740126413,148.0841035336355,148.85268274928774,6727300,JNJ
2025-05-27,150.37408447265625,151.1492526106123,149.07884863006834,149.65778796891962,6990700,JNJ
2025-05-28,149.5694580078125,150.75675747035248,149.07884111745435,150.40351271039705,8459300,JNJ
2025-05-29,150.69789123535156,151.14925040607753,148.71579473504596,148.90223155564834,6810600,JNJ
2025-05-30,152.2973175048828,152.7879344461785,150.34465668844726,151.0118885418378,15529700,JNJ
2025-06-02,152.48373413085938,152.62110627080844,149.4419181827181,151.58100078655963,6669300,JNJ
2025-06-03,151.52212524414062,152.7388605754872,151.18850933750107,151.8949988882907,8209800,JNJ
2025-06-04,150.3446502685547,152.02255175157072,150.2563428162781,152.02255175157072,6983900,JNJ
2025-06-05,150.77639770507812,151.19832107582351,149.77553498101082,150.79601160201483,5295400,JNJ
2025-06-06,152.12069702148438,153.1019309647165,151.1100272577506,151.1100272577506,5391500,JNJ
2025-06-09,152.31692504882812,153.06267235085258,151.5515638501274,151.9440663702561,5319000,JNJ
2025-06-10,153.5140380859375,154.48546502072455,152.1108808192415,152.5131753324394,6791600,JNJ
2025-06-11,152.3463592529297,153.66122396588617,151.8263065201517,153.3668508220171,6016000,JNJ
2025-06-12,153.7200927734375,153.7397066695454,152.2580490016518,153.30797636857517,7075500,JNJ
2025-06-13,154.15184020996094,154.71113570567954,153.04304119427528,153.04304119427528,6587500,JNJ
2025-06-16,152.30712890625,153.56310711488956,151.55157460228295,153.48460660529443,7024000,JNJ
2025-06-17,149.5204315185547,152.3660039355984,149.24568721507907,152.06182381192482,6407100,JNJ
2025-06-18,147.90138244628906,149.78534974895297,147.8817685483284,149.70686421222803,8325200,JNJ
2025-06-20,146.97901916503906,148.55880634155997,146.2430937406804,148.42143419457733,22605500,JNJ
2025-06-23,148.48031616210938,148.58823751409696,146.92996485325,146.92996485325,7397900,JNJ
2025-06-24,149.333984375,149.85403712588132,148.14668480995888,148.65693061226455,9544200,JNJ
2025-06-25,149.42230224609375,150.19748543838807,147.90138665416632,148.5391976946219,7153700,JNJ
2025-06-26,149.1573486328125,150.34464815120182,148.6863605881969,149.83440236894492,7156900,JNJ
2025-06-27,149.5498504638672,150.45258378377332,148.17611412905705,149.15734795144718,10010800,JNJ
2025-06-30,149.88348388671875,150.09935655066843,148.67657033641214,149.30455945723625,9039300,JNJ
2025-07-01,152.9939727783203,154.78963243463514,149.94233505186827,150.12877187004233,10896700,JNJ
2025-07-02,152.64073181152344,153.3668502339576,152.1599368184062,153.07247709121725,5544000,JNJ
2025-07-03,153.08230590820312,153.34724327176144,151.97352170598157,152.51318841025372,3482500,JNJ
2025-07-07,152.35618591308594,153.41592028051664,151.98331225442314,153.09211130943166,6270900,JNJ
2025-07-08,152.86642456054688,153.81822265296935,151.31608815535608,151.5810105314348,6438200,JNJ
2025-07-09,153.34722900390625,153.74953848661053,152.15994439804524,152.86641901439813,6147400,JNJ
2025-07-10,154.7307586669922,156.25167403525566,152.89585627174677,153.17060053502075,6732900,JNJ
2025-07-11,153.95558166503906,154.2303259391567,152.26785828263644,154.14201848799888,7872000,JNJ
2025-07-14,153.87710571289062,154.5149017519845,152.60149866226192,153.92615542940482,10185600,JNJ
2025-07-15,152.258056640625,154.24015323506973,151.8950049026972,153.4257273325383,6873200,JNJ
2025-07-16,161.68771362304688,163.0025633969383,156.80117321156885,157.29179013965734,22134800,JNJ
2025-07-17,159.92149353027344,161.60921700124823,159.25426167881125,160.1177373117364,11295700,JNJ
2025-07-18,160.6279754638672,162.0017118134992,160.2943595540406,160.85365505316872,9792600,JNJ
2025-07-21,161.2755889892578,161.8250775251508,159.72523777873707,160.6966646369734,8254000,JNJ
2025-07-22,164.7786102294922,164.90617543432282,161.61905068144253,161.903601939401,9288000,JNJ
2025-07-23,165.92666625976562,165.9462801585278,163.4637594729104,165.43604928675916,10617600,JNJ
2025-07-24,166.3780059814453,166.79994431442555,165.7107741631659,166.3191343471783,6636900,JNJ
2025-07-25,165.14166259765625,166.6920139022101,164.29780087422668,166.5644487084836,6254900,JNJ
2025-07-28,163.10069274902344,164.78841617921015,161.95265093414764,164.70991567403397,8014600,JNJ
2025-07-29,164.95523071289062,165.6126556259495,163.24787834524747,163.54225150828125,7663400,JNJ
2025-07-30,164.1211700439453,165.44584174400563,163.65018198339874,164.5529153379632,6189200,JNJ
2025-07-31,161.64846801757812,163.93474465900857,161.1480291773554,162.81612370907078,11036200,JNJ
2025-08-01,164.1898651123047,164.47441634646825,161.69752270023744,162.37457646550328,8927800,JNJ
2025-08-04,167.83021545410156,167.9774095013295,163.51279290598237,163.89547347287277,12679100,JNJ
2025-08-05,167.53587341308594,168.34047738669344,166.4663171345052,167.3396146645784,7934400,JNJ
2025-08-06,167.388671875,168.94883003784128,166.49574551547207,166.72144007168663,8957200,JNJ
2025-08-07,168.31103515625,168.39934260624966,166.73124811457265,167.95779038381158,9315900,JNJ
2025-08-08,170.0772705078125,170.69545264445026,167.19244050009084,167.81062263672857,7686800,JNJ
2025-08-11,170.55807495117188,171.3234361561855,169.8025206945773,170.14594355852734,7256800,JNJ
2025-08-12,169.53758239746094,171.48042121662925,168.58578437082326,170.73468888514046,7916700,JNJ
2025-08-13,171.1468048095703,171.26454807935008,169.45908140467287,169.75345455156247,5878700,JNJ
2025-08-14,171.44117736816406,172.4224112061355,169.4787096922212,171.03886790121015,8241700,JNJ
2025-08-15,173.3251495361328,173.94333166305356,171.67668382759828,172.2752370849106,9477600,JNJ
2025-08-18,172.9424591064453,174.23769492312,172.79528002384126,173.18776755907857,9284000,JNJ
2025-08-19,174.46337890625,174.83623758239492,172.6775261392796,172.73639777380563,9274200,JNJ
2025-08-20,175.48387145996094,177.22065969856766,174.65963855678677,175.15025551902494,9030000,JNJ
2025-08-21,175.57217407226562,176.70060203772263,174.81663475143702,175.19931537251938,8859600,JNJ
2025-08-22,175.9254150390625,177.76033256843067,174.13957717042288,176.66134044605786,9524000,JNJ
2025-08-25,175.0619354248047,176.8772090706108,174.94417718110606,176.1511056012645,6229100,JNJ
2025-08-26,174.44911193847656,175.1113623885591,173.7374366614811,174.7060999231484,9145000,JNJ
2025-08-27,174.74562072753906,175.63522231400546,174.12291620758523,174.92354707776784,5951100,JNJ
2025-08-28,173.421142578125,174.4491247570279,172.61063267008686,174.3305021472525,6424700,JNJ
2025-08-29,175.12123107910156,175.3584611850056,173.4211196926361,173.93511071425883,6942300,JNJ
2025-09-02,176.00094604492188,177.12776270121626,174.84447750943602,175.41777231103694,9049000,JNJ
2025-09-03,175.94163513183594,176.22827497981044,174.48863278118253,175.6154493916547,7111700,JNJ
2025-09-04,176.69285583496094,176.83123630448588,175.49685643742527,175.9416497264455,7854800,JNJ
2025-09-05,176.3666534423828,177.4341662848054,174.51828268460764,175.94163314117105,9733800,JNJ
2025-09-08,176.0701446533203,177.37487259095406,174.65667304834938,175.30904455833596,8382500,JNJ
2025-09-09,174.91368103027344,176.03060370864756,174.4095689027739,175.94164806814993,6005700,JNJ
2025-09-10,173.7572021484375,174.5677271148135,172.31409366624945,174.26131428978755,6891600,JNJ
2025-09-11,176.43585205078125,176.78181073479666,173.5990451382739,173.7176526494387,5792500,JNJ
2025-09-12,176.00094604492188,176.73239425710358,174.67644516657117,175.65500242690814,7220200,JNJ
2025-09-15,175.34857177734375,176.92019676144542,174.88400556753885,175.7044094043786,4768100,JNJ
2025-09-16,174.41946411132812,175.5660386777145,173.61881809435098,175.51662893199313,7959300,JNJ
2025-09-17,175.15089416503906,176.4457431926535,174.5479474709965,174.6665700727086,6714900,JNJ
2025-09-18,172.14605712890625,174.97298534494763,171.8594021766082,174.55784393897036,8200900,JNJ
2025-09-19,174.152587890625,175.111372273971,171.32565957029007,172.66993349357537,25621000,JNJ
2025-09-22,172.1954803466797,174.59737311930513,172.10650962439226,174.05373018239203,7193900,JNJ
2025-09-23,174.53805541992188,174.92354491124786,172.80829217483426,172.8675959300631,8350400,JNJ
2025-09-24,174.6468048095703,174.9037928069642,173.70779338109767,174.10316185129446,6676800,JNJ
2025-09-25,175.6747589111328,176.3370093451046,173.87581289751407,175.15088893974706,8475000,JNJ
2025-09-26,177.6318817138672,177.82956594360434,175.26951972500925,176.534716894135,8634400,JNJ
2025-09-29,179.519775390625,179.76688443728418,177.72082937376246,177.75048125277442,8597100,JNJ
2025-09-30,183.2758331298828,183.83924898722276,178.97614483278656,179.59884936490977,11569000,JNJ
2025-10-01,183.8985595703125,184.40265660690224,181.78330668784835,183.8491347434297,13063800,JNJ
2025-10-02,183.82936096191406,184.432307649533,181.96121714000282,182.06006679331983,7728100,JNJ
2025-10-03,186.45860290527344,187.58541956236877,184.74861251387858,184.89687190994138,8675100,JNJ
2025-10-06,185.98416137695312,187.72380368143425,185.20328832291253,185.8260079631804,5806100,JNJ
2025-10-07,186.70570373535156,187.04176840652755,180.82451166041724,181.64491547464473,8776800,JNJ
2025-10-08,187.49647521972656,188.02034522715945,186.09289755053467,186.68595025285137,5751200,JNJ
2025-10-09,188.87039184570312,189.87860099777504,187.53599693612736,187.80287893451043,7484800,JNJ
2025-10-10,188.51455688476562,189.8489518132843,187.6546222006277,189.78963297098187,9598000,JNJ
2025-10-13,188.6924591064453,189.0878426244488,187.09119733496354,187.63484024575644,7979500,JNJ
2025-10-14,188.64305114746094,192.15198752359413,183.73052212206747,190.68910619899648,13613300,JNJ
2025-10-15,188.9593505859375,191.33160656608345,187.1109796787497,189.26576340131732,9473000,JNJ
2025-10-16,189.8983612060547,190.81761473078961,188.2279015859536,189.12738216329106,10611800,JNJ
2025-10-17,190.9856414794922,191.36125205733495,189.46344130364264,190.27396621744242,7764400,JNJ
2025-10-20,191.4798583984375,192.2310644671735,190.10593270864481,191.26240123179355,8034700,JNJ
2025-10-21,189.66114807128906,191.31183476056947,189.55241948302077,190.77807075185612,6716000,JNJ
2025-10-22,190.70889282226562,191.21298988100622,189.56230315049532,189.7797603324635,6343100,JNJ
2025-10-23,190.2443084716797,191.75661458631456,189.3250550022384,190.33326410610792,8882500,JNJ
2025-10-24,188.1982421875,190.08615890653152,187.2295789564792,189.97743032369885,6903400,JNJ
2025-10-27,188.0994110107422,188.59362910846755,187.33831091719009,187.79299820332676,7126000,JNJ
2025-10-28,184.76837158203125,187.31853878729856,184.4619587732793,187.071429737358,8329500,JNJ
2025-10-29,184.44219970703125,184.93641780369282,182.5246310788101,184.54103427695995,10551100,JNJ
2025-10-30,186.86386108398438,187.19004683019028,184.7486082820175,184.91664062115282,7072500,JNJ
2025-10-31,186.68594360351562,187.30866324699156,184.60034258095476,185.2922599991901,8791700,JNJ
2025-11-03,184.1061248779297,186.8440974299442,183.37469172794485,186.81444554993618,7542600,JNJ
2025-11-04,184.69918823242188,185.6480936170402,183.47352191944393,184.66953635312188,7209400,JNJ
2025-11-05,183.84913635253906,185.65797643943674,183.25606858943368,184.48173492809292,5049400,JNJ
2025-11-06,184.8079071044922,185.35155000031943,183.22640324069272,184.60032887796228,6767400,JNJ
2025-11-07,184.4125518798828,186.17196713607015,183.5526021168054,185.56902044160103,6959200,JNJ
2025-11-10,186.2312774658203,186.24115639867696,182.97931375749687,183.84914248376896,5323800,JNJ
2025-11-11,191.58859252929688,191.6775481684981,186.86386864875197,187.19993334062747,7465600,JNJ
2025-11-12,192.14210510253906,193.28869467126262,190.83737721032932,191.12401706134077,8803000,JNJ
2025-11-13,192.99217224121094,193.73349940731035,191.2129840261044,191.96420520711595,8631600,JNJ
2025-11-14,193.664306640625,194.8998519494097,191.31183862869028,192.74506817041248,8824800,JNJ
2025-11-17,197.2720947265625,197.96399703648848,193.6346417392758,194.68239675983705,13257000,JNJ
2025-11-18,197.68724060058594,197.9837744779547,196.23423817558447,196.7086833299708,12468600,JNJ
2025-11-19,200.168212890625,201.12699722777688,197.07441778716495,197.68724341540397,14690800,JNJ
2025-11-20,200.72174072265625,202.14507614142028,199.23908646439702,199.66410677890858,10612600,JNJ
2025-11-21,201.54212951660156,204.54698392676534,200.64266406230783,201.60144835610953,13189100,JNJ
2025-11-24,203.6672821044922,203.73646479570215,200.65254867686934,201.35434501536758,14803900,JNJ
2025-11-25,205.57713317871094,206.6215838446117,204.09500679162497,204.09500679162497,10275300,JNJ
2025-11-26,206.46241760253906,206.71109559930028,204.85098904051847,205.39808366901323,6729000,JNJ
2025-11-28,205.8258056640625,206.3629586449613,203.54792185749713,205.90538444560678,5638300,JNJ
2025-12-01,204.254150390625,206.601671225268,204.254150390625,205.40801990791223,8473700,JNJ
2025-12-02,204.333740234375,204.5227379456605,202.02601625292777,204.15469935722084,8393600,JNJ
2025-12-03,204.2442169189453,205.9252826285737,203.90601848146164,204.8111948667149,8363300,JNJ
2025-12-04,201.40928649902344,203.7767059746564,200.64336916828415,203.50812947813563,9049900,JNJ
2025-12-05,200.8621826171875,202.37414907500914,199.74811005779273,201.90663323067022,7785300,JNJ
2025-12-08,200.5538330078125,202.18516011668032,199.927174755095,201.58834201037314,7785700,JNJ
2025-12-09,198.90261840820312,204.45309801733026,198.85287977253054,201.84695743157303,7509400,JNJ
2025-12-10,205.44781494140625,205.70644978186098,199.1214458560129,199.52928142896002,11599800,JNJ
2025-12-11,208.8994598388672,210.1229665164575,206.73099498321687,206.800616929999,9009000,JNJ
2025-12-12,210.46116638183594,211.14752008902906,207.8550258037756,209.16803774867068,6922700,JNJ
2025-12-15,213.03746032714844,214.05207078419528,207.9047429304409,209.23766850267896,8467000,JNJ
2025-12-16,208.19322204589844,213.5945008532235,207.7058077078452,212.86836535212407,9949800,JNJ
2025-12-17,209.2177734375,210.40148312707717,207.35766688422177,208.28274174394826,8457600,JNJ
2025-12-18,207.2084503173828,209.94390826491855,206.6613556922556,208.69057663307282,7499900,JNJ
2025-12-19,205.27871704101562,208.13355089193627,204.94051859312015,206.46242678675088,24803900,JNJ
2025-12-22,206.22369384765625,206.97966948419256,204.41331076850065,205.03998416945456,8187800,JNJ
2025-12-23,204.69183349609375,205.43786749372595,202.20505350398636,203.9358578426093,7047300,JNJ
2025-12-24,206.68125915527344,206.84041671879498,204.48295412427228,204.91067300087317,2376500,JNJ
2025-12-26,206.5320587158203,206.93987910302855,205.61692549143734,206.4325814439545,2316700,JNJ
2025-12-29,206.46241760253906,208.36232114053888,206.28337673035918,206.90009330533488,4348900,JNJ
2025-12-30,205.81585693359375,206.59173105435548,205.4279198732129,206.41267500751042,3937400,JNJ
2025-12-31,205.85565185546875,206.40274650834,205.27871705590465,205.8158700525786,4083800,JNJ
